,accident_index,accident_year_x,accident_reference_x,vehicle_reference,casualty_reference,casualty_class,sex_of_casualty,age_of_casualty,age_band_of_casualty,casualty_severity,pedestrian_location,pedestrian_movement,car_passenger,bus_or_coach_passenger,pedestrian_road_maintenance_worker,casualty_type,casualty_home_area_type,casualty_imd_decile,accident_year_y,accident_reference_y,location_easting_osgr,location_northing_osgr,longitude,latitude,police_force,accident_severity,number_of_vehicles,number_of_casualties,date,day_of_week,time,local_authority_district,local_authority_ons_district,local_authority_highway,first_road_class,first_road_number,road_type,speed_limit,junction_detail,junction_control,second_road_class,second_road_number,pedestrian_crossing_human_control,pedestrian_crossing_physical_facilities,light_conditions,weather_conditions,road_surface_conditions,special_conditions_at_site,carriageway_hazards,urban_or_rural_area,did_police_officer_attend_scene_of_accident,trunk_road_flag,lsoa_of_accident_location
263,2005131168105,2005,131168105,1,1,2,2,33,6,3,0,0,0,3,0,11,1,-1,2005,131168105,425790.0,427780.0,-1.610421,53.745758,13,3,1,1,16/12/2005,6,14:40,204,E08000035,E08000035,6,0,6,30.0,3,4,6,0,0,0,1,1,1,0,0,1,2,2,E01011533
264,2005131168205,2005,131168205,1,1,3,2,63,9,3,5,9,0,0,0,0,1,-1,2005,131168205,420340.0,441130.0,-1.692182,53.865988,13,3,1,2,06/12/2005,3,15:23,204,E08000035,E08000035,6,0,6,30.0,3,4,6,0,0,0,1,1,1,0,0,1,1,2,E01011273
265,2005131168205,2005,131168205,1,2,3,2,5,1,3,5,9,0,0,0,0,1,-1,2005,131168205,420340.0,441130.0,-1.692182,53.865988,13,3,1,2,06/12/2005,3,15:23,204,E08000035,E08000035,6,0,6,30.0,3,4,6,0,0,0,1,1,1,0,0,1,1,2,E01011273
266,2005131168305,2005,131168305,1,1,2,2,53,8,3,0,0,0,4,0,11,1,-1,2005,131168305,433220.0,434040.0,-1.49709,53.801603,13,3,1,1,16/12/2005,6,14:30,204,E08000035,E08000035,3,64,3,30.0,0,-1,-1,-1,0,0,1,1,1,0,0,1,1,2,E01011340
267,2005131168905,2005,131168905,2,1,1,1,21,5,3,0,0,0,0,0,1,1,-1,2005,131168905,428430.0,435000.0,-1.569728,53.810514,13,3,2,1,08/12/2005,5,20:55,204,E08000035,E08000035,6,0,6,30.0,6,4,6,0,0,0,4,1,2,0,0,1,1,2,E01011449
268,2005131169705,2005,131169705,1,1,2,2,60,9,3,0,0,0,4,0,11,1,-1,2005,131169705,430090.0,433760.0,-1.54464,53.799276,13,3,1,1,20/12/2005,3,13:55,204,E08000035,E08000035,6,0,3,30.0,0,-1,-1,-1,0,0,1,1,2,0,0,1,2,2,E01011365
269,2005131170105,2005,131170105,1,1,3,2,16,4,3,5,3,0,0,0,0,-1,-1,2005,131170105,430400.0,433710.0,-1.539938,53.798809,13,3,1,1,19/12/2005,2,14:40,204,E08000035,E08000035,6,0,3,30.0,6,2,6,0,0,5,1,1,2,0,0,1,2,2,E01011365
270,2005131170405,2005,131170405,1,1,2,2,58,9,3,0,0,0,4,0,11,1,-1,2005,131170405,430910.0,432280.0,-1.532339,53.785926,13,3,1,1,17/12/2005,7,16:30,204,E08000035,E08000035,3,61,3,30.0,7,4,3,61,0,0,1,1,1,0,0,1,2,2,E01011365
271,2005131170805,2005,131170805,1,1,2,2,19,4,3,0,0,2,0,0,9,-1,-1,2005,131170805,429840.0,444760.0,-1.54737,53.898156,13,3,1,2,18/12/2005,1,18:10,204,E08000035,E08000035,6,0,6,60.0,0,-1,-1,-1,0,0,6,1,2,0,0,2,1,2,E01011561
272,2005131170805,2005,131170805,1,2,2,2,18,4,3,0,0,2,0,0,9,-1,-1,2005,131170805,429840.0,444760.0,-1.54737,53.898156,13,3,1,2,18/12/2005,1,18:10,204,E08000035,E08000035,6,0,6,60.0,0,-1,-1,-1,0,0,6,1,2,0,0,2,1,2,E01011561
273,2005131171905,2005,131171905,1,1,3,1,31,6,3,10,2,0,0,0,0,-1,-1,2005,131171905,432290.0,436280.0,-1.510976,53.821794,13,3,1,1,16/12/2005,6,14:30,204,E08000035,E08000035,6,0,6,30.0,9,2,6,0,0,0,1,1,1,0,0,1,1,2,E01011647
274,2005131172005,2005,131172005,2,1,1,1,24,5,3,0,0,0,0,0,9,1,-1,2005,131172005,430090.0,431350.0,-1.544874,53.777615,13,3,2,1,19/12/2005,2,08:55,204,E08000035,E08000035,3,653,6,30.0,3,4,6,0,0,0,1,1,2,0,0,1,1,2,E01011371
275,2005131172505,2005,131172505,2,1,1,1,17,4,3,0,0,0,0,0,19,1,-1,2005,131172505,428950.0,429860.0,-1.562312,53.764288,13,3,3,3,16/12/2005,6,12:30,204,E08000035,E08000035,3,653,3,40.0,6,2,6,0,0,5,1,1,1,0,0,1,1,2,E01011320
276,2005131172505,2005,131172505,2,2,2,1,19,4,3,0,0,1,0,0,19,1,-1,2005,131172505,428950.0,429860.0,-1.562312,53.764288,13,3,3,3,16/12/2005,6,12:30,204,E08000035,E08000035,3,653,3,40.0,6,2,6,0,0,5,1,1,1,0,0,1,1,2,E01011320
277,2005131172505,2005,131172505,3,3,1,1,37,7,3,0,0,0,0,0,9,1,-1,2005,131172505,428950.0,429860.0,-1.562312,53.764288,13,3,3,3,16/12/2005,6,12:30,204,E08000035,E08000035,3,653,3,40.0,6,2,6,0,0,5,1,1,1,0,0,1,1,2,E01011320
278,2005131172605,2005,131172605,1,1,2,2,44,7,3,0,0,1,0,0,8,-1,-1,2005,131172605,435030.0,435820.0,-1.469407,53.817482,13,3,2,1,19/12/2005,2,15:50,204,E08000035,E08000035,6,0,1,30.0,2,4,6,0,0,0,4,8,2,0,0,1,1,2,E01011664
279,2005131173005,2005,131173005,1,1,3,1,47,8,3,5,1,0,0,0,0,1,-1,2005,131173005,429960.0,433320.0,-1.546656,53.795329,13,3,1,1,17/12/2005,7,20:24,204,E08000035,E08000035,6,0,3,30.0,0,-1,-1,-1,0,0,4,1,1,0,0,1,1,2,E01011365
280,2005131175005,2005,131175005,2,1,2,2,29,6,3,0,0,1,0,0,9,1,-1,2005,131175005,430460.0,437360.0,-1.538667,53.831611,13,3,2,1,12/12/2005,2,18:20,204,E08000035,E08000035,6,0,6,30.0,3,4,6,0,0,4,4,1,2,0,0,1,2,2,E01011352
281,2005131176205,2005,131176205,2,1,1,1,40,7,3,0,0,0,0,0,9,1,-1,2005,131176205,429600.0,432560.0,-1.552194,53.788518,13,3,2,1,20/12/2005,3,10:20,204,E08000035,E08000035,6,0,6,30.0,6,4,6,0,0,0,1,1,2,0,0,1,1,2,E01011367
282,2005131176605,2005,131176605,1,1,3,2,21,5,3,5,2,0,0,0,0,1,-1,2005,131176605,430230.0,433310.0,-1.542558,53.795223,13,3,1,1,17/12/2005,7,00:30,204,E08000035,E08000035,6,0,2,30.0,0,-1,-1,-1,0,0,1,1,1,0,0,1,1,2,E01011365
283,2005131177205,2005,131177205,2,1,1,1,18,4,3,0,0,0,0,0,1,-1,-1,2005,131177205,424550.0,429180.0,-1.629112,53.758401,13,3,2,1,20/12/2005,3,20:50,204,E08000035,E08000035,6,0,6,30.0,0,-1,-1,-1,0,0,4,1,2,0,0,1,2,2,E01011522
284,2005131178305,2005,131178305,1,1,3,2,42,7,3,5,1,0,0,0,0,1,-1,2005,131178305,440520.0,448560.0,-1.384344,53.931585,13,3,1,1,16/12/2005,6,17:15,204,E08000035,E08000035,6,0,6,30.0,0,-1,-1,-1,0,0,7,1,1,0,0,1,1,2,E01011704
285,2005131178405,2005,131178405,1,1,1,1,42,7,3,0,0,0,0,0,21,2,-1,2005,131178405,440380.0,448300.0,-1.386511,53.92926,13,2,1,2,19/12/2005,2,11:55,204,E08000035,E08000035,6,0,2,30.0,6,2,6,0,0,0,1,1,1,0,0,1,1,2,E01011704
286,2005131178405,2005,131178405,1,2,3,2,84,11,2,5,1,0,0,0,0,1,-1,2005,131178405,440380.0,448300.0,-1.386511,53.92926,13,2,1,2,19/12/2005,2,11:55,204,E08000035,E08000035,6,0,2,30.0,6,2,6,0,0,0,1,1,1,0,0,1,1,2,E01011704
287,2005131178805,2005,131178805,1,1,3,1,27,6,3,5,3,0,0,0,0,1,-1,2005,131178805,428540.0,429460.0,-1.568569,53.760715,13,3,1,1,20/12/2005,3,17:10,204,E08000035,E08000035,3,653,6,40.0,0,-1,-1,-1,0,0,4,1,2,0,0,1,1,2,E01011321
288,2005131179005,2005,131179005,1,1,1,1,30,6,3,0,0,0,0,0,19,1,-1,2005,131179005,428360.0,426390.0,-1.57158,53.733132,13,3,4,2,19/12/2005,2,11:14,204,E08000035,E08000035,1,62,7,70.0,0,-1,-1,-1,0,0,1,1,2,0,0,2,1,1,E01011553
289,2005131179005,2005,131179005,3,2,2,2,9,2,3,0,0,2,0,0,9,1,-1,2005,131179005,428360.0,426390.0,-1.57158,53.733132,13,3,4,2,19/12/2005,2,11:14,204,E08000035,E08000035,1,62,7,70.0,0,-1,-1,-1,0,0,1,1,2,0,0,2,1,1,E01011553
290,2005131179205,2005,131179205,1,1,3,2,69,10,2,5,3,0,0,0,0,1,-1,2005,131179205,429790.0,433950.0,-1.549176,53.801001,13,2,1,1,20/12/2005,3,18:15,204,E08000035,E08000035,6,0,6,30.0,6,2,6,0,0,0,4,1,2,0,0,1,1,2,E01011365
291,2005131179605,2005,131179605,2,1,1,2,54,8,3,0,0,0,0,0,9,-1,-1,2005,131179605,432900.0,430240.0,-1.502353,53.767469,13,3,3,1,21/12/2005,4,12:20,204,E08000035,E08000035,4,6481,6,40.0,0,-1,-1,-1,0,0,1,1,2,0,0,1,1,2,E01011470
292,2005131180005,2005,131180005,1,1,1,2,31,6,3,0,0,0,0,0,9,1,-1,2005,131180005,431310.0,434120.0,-1.526081,53.80244,13,3,2,1,06/12/2005,3,20:50,204,E08000035,E08000035,6,0,6,30.0,3,4,6,0,0,0,1,9,1,0,0,1,2,2,E01011675
293,2005131181205,2005,131181205,1,1,1,1,33,6,3,0,0,0,0,0,9,1,-1,2005,131181205,432330.0,426690.0,-1.511371,53.735598,13,3,3,2,20/12/2005,3,07:57,204,E08000035,E08000035,1,1,3,70.0,0,-1,-1,-1,0,0,1,1,2,0,0,2,1,1,E01011499
294,2005131181205,2005,131181205,2,2,1,1,34,6,3,0,0,0,0,0,9,1,-1,2005,131181205,432330.0,426690.0,-1.511371,53.735598,13,3,3,2,20/12/2005,3,07:57,204,E08000035,E08000035,1,1,3,70.0,0,-1,-1,-1,0,0,1,1,2,0,0,2,1,1,E01011499
295,2005131181305,2005,131181305,1,1,3,2,16,4,3,5,3,0,0,0,0,-1,-1,2005,131181305,422380.0,433460.0,-1.661717,53.796967,13,3,1,1,17/12/2005,7,23:45,204,E08000035,E08000035,6,0,6,30.0,0,-1,-1,-1,0,0,4,1,4,0,0,1,1,2,E01011612
296,2005131181605,2005,131181605,1,1,3,2,29,6,2,5,9,0,0,0,0,1,-1,2005,131181605,425860.0,434430.0,-1.608804,53.805524,13,2,1,1,16/12/2005,6,16:33,204,E08000035,E08000035,6,0,6,30.0,3,4,6,0,0,0,4,1,1,0,0,1,1,2,E01011283
297,2005131181705,2005,131181705,1,1,1,1,20,4,3,0,0,0,0,0,9,-1,-1,2005,131181705,423520.0,434600.0,-1.644323,53.807163,13,3,2,3,30/11/2005,4,07:49,204,E08000035,E08000035,6,0,6,40.0,3,4,6,0,0,0,1,2,2,0,0,1,1,2,E01011337
298,2005131181705,2005,131181705,1,2,2,2,17,4,3,0,0,1,0,0,9,1,-1,2005,131181705,423520.0,434600.0,-1.644323,53.807163,13,3,2,3,30/11/2005,4,07:49,204,E08000035,E08000035,6,0,6,40.0,3,4,6,0,0,0,1,2,2,0,0,1,1,2,E01011337
299,2005131181705,2005,131181705,2,3,1,2,21,5,3,0,0,0,0,0,9,-1,-1,2005,131181705,423520.0,434600.0,-1.644323,53.807163,13,3,2,3,30/11/2005,4,07:49,204,E08000035,E08000035,6,0,6,40.0,3,4,6,0,0,0,1,2,2,0,0,1,1,2,E01011337
300,2005131181805,2005,131181805,1,1,3,1,18,4,3,9,8,0,0,0,0,1,-1,2005,131181805,422480.0,433140.0,-1.660222,53.794086,13,3,1,1,16/12/2005,6,00:26,204,E08000035,E08000035,6,0,6,30.0,3,4,6,0,0,0,4,1,2,0,0,1,1,2,E01011600
301,2005131181905,2005,131181905,1,1,2,2,33,6,3,0,0,2,0,0,9,1,-1,2005,131181905,421000.0,439410.0,-1.682263,53.850502,13,3,2,1,18/12/2005,1,16:00,204,E08000035,E08000035,3,65,6,30.0,3,4,6,0,0,0,4,1,2,0,0,1,2,2,E01011457
302,2005131182005,2005,131182005,1,1,2,2,35,6,3,0,0,0,2,0,11,-1,-1,2005,131182005,432300.0,434730.0,-1.510986,53.807862,13,3,1,1,16/12/2005,6,11:00,204,E08000035,E08000035,6,0,6,30.0,0,-1,-1,-1,0,0,1,1,1,0,0,1,2,2,E01011433
303,2005131182205,2005,131182205,1,1,1,1,41,7,3,0,0,0,0,0,9,3,-1,2005,131182205,423890.0,434270.0,-1.63873,53.80418,13,3,2,1,02/12/2005,6,19:00,204,E08000035,E08000035,6,0,7,30.0,5,4,6,0,0,8,4,2,2,0,0,1,1,2,E01011287
304,2005131182605,2005,131182605,1,1,3,1,43,7,3,10,9,0,0,0,0,-1,-1,2005,131182605,428000.0,436790.0,-1.576096,53.826625,13,3,1,1,12/12/2005,2,17:55,204,E08000035,E08000035,6,0,6,30.0,0,-1,-1,-1,0,0,4,1,2,0,0,1,1,2,E01011690
305,2005131182705,2005,131182705,2,1,1,1,25,5,3,0,0,0,0,0,19,1,-1,2005,131182705,437220.0,430120.0,-1.436831,53.766101,13,3,5,5,19/12/2005,2,10:30,204,E08000035,E08000035,6,0,6,60.0,0,-1,-1,-1,0,0,1,8,2,0,2,2,1,2,E01011402
306,2005131182705,2005,131182705,3,2,1,1,42,7,3,0,0,0,0,0,9,1,-1,2005,131182705,437220.0,430120.0,-1.436831,53.766101,13,3,5,5,19/12/2005,2,10:30,204,E08000035,E08000035,6,0,6,60.0,0,-1,-1,-1,0,0,1,8,2,0,2,2,1,2,E01011402
307,2005131182705,2005,131182705,4,3,1,1,30,6,3,0,0,0,0,0,9,1,-1,2005,131182705,437220.0,430120.0,-1.436831,53.766101,13,3,5,5,19/12/2005,2,10:30,204,E08000035,E08000035,6,0,6,60.0,0,-1,-1,-1,0,0,1,8,2,0,2,2,1,2,E01011402
308,2005131182705,2005,131182705,4,4,2,1,33,6,3,0,0,1,0,0,9,1,-1,2005,131182705,437220.0,430120.0,-1.436831,53.766101,13,3,5,5,19/12/2005,2,10:30,204,E08000035,E08000035,6,0,6,60.0,0,-1,-1,-1,0,0,1,8,2,0,2,2,1,2,E01011402
309,2005131182705,2005,131182705,5,5,1,1,36,7,3,0,0,0,0,0,20,-1,-1,2005,131182705,437220.0,430120.0,-1.436831,53.766101,13,3,5,5,19/12/2005,2,10:30,204,E08000035,E08000035,6,0,6,60.0,0,-1,-1,-1,0,0,1,8,2,0,2,2,1,2,E01011402
310,2005131182805,2005,131182805,1,1,1,1,67,10,1,0,0,0,0,0,9,-1,-1,2005,131182805,423620.0,433410.0,-1.642896,53.796463,13,1,3,2,09/12/2005,6,16:25,204,E08000035,E08000035,4,6154,6,30.0,3,4,6,0,0,0,4,1,2,0,0,2,1,2,E01011614
311,2005131182805,2005,131182805,2,2,1,2,24,5,2,0,0,0,0,0,9,-1,-1,2005,131182805,423620.0,433410.0,-1.642896,53.796463,13,1,3,2,09/12/2005,6,16:25,204,E08000035,E08000035,4,6154,6,30.0,3,4,6,0,0,0,4,1,2,0,0,2,1,2,E01011614
312,2005131183605,2005,131183605,1,1,1,1,18,4,3,0,0,0,0,0,9,1,-1,2005,131183605,438510.0,430420.0,-1.417225,53.768704,13,3,1,1,21/12/2005,4,00:25,204,E08000035,E08000035,3,642,3,30.0,3,4,6,0,0,0,4,1,2,0,0,2,1,2,E01011390
313,2005131184005,2005,131184005,2,1,1,2,21,5,3,0,0,0,0,0,9,1,-1,2005,131184005,425780.0,435670.0,-1.609916,53.816673,13,3,2,2,18/12/2005,1,11:18,204,E08000035,E08000035,4,6157,6,30.0,0,-1,-1,-1,0,0,1,1,2,0,0,2,1,2,E01011324
314,2005131184005,2005,131184005,2,2,2,1,23,5,3,0,0,1,0,0,9,1,-1,2005,131184005,425780.0,435670.0,-1.609916,53.816673,13,3,2,2,18/12/2005,1,11:18,204,E08000035,E08000035,4,6157,6,30.0,0,-1,-1,-1,0,0,1,1,2,0,0,2,1,2,E01011324
315,2005131184105,2005,131184105,2,1,1,1,16,4,3,0,0,0,0,0,2,-1,-1,2005,131184105,426120.0,439150.0,-1.604457,53.847934,13,3,2,1,19/12/2005,2,11:40,204,E08000035,E08000035,6,0,6,30.0,3,4,6,0,0,0,1,1,1,0,0,1,1,2,E01011695
316,2005131184205,2005,131184205,3,1,1,1,51,8,3,0,0,0,0,0,9,2,-1,2005,131184205,429130.0,435240.0,-1.559075,53.812632,13,3,4,2,22/11/2005,3,19:40,204,E08000035,E08000035,3,660,3,30.0,3,4,6,0,0,0,4,1,1,0,0,1,1,2,E01011672
317,2005131184205,2005,131184205,4,2,1,1,18,4,3,0,0,0,0,0,9,1,-1,2005,131184205,429130.0,435240.0,-1.559075,53.812632,13,3,4,2,22/11/2005,3,19:40,204,E08000035,E08000035,3,660,3,30.0,3,4,6,0,0,0,4,1,1,0,0,1,1,2,E01011672
318,2005131186805,2005,131186805,2,1,1,1,50,8,3,0,0,0,0,0,8,1,-1,2005,131186805,425690.0,436770.0,-1.611191,53.826565,13,3,2,1,13/12/2005,3,23:49,204,E08000035,E08000035,6,0,6,30.0,3,4,6,0,0,0,4,1,2,0,0,1,1,2,E01011485
319,2005131187305,2005,131187305,1,1,1,2,36,7,3,0,0,0,0,0,9,1,-1,2005,131187305,432530.0,427540.0,-1.50825,53.743225,13,3,2,1,21/12/2005,4,15:15,204,E08000035,E08000035,6,0,6,30.0,6,2,3,61,0,0,1,1,2,0,0,1,1,2,E01011496
320,2005131187505,2005,131187505,1,1,1,1,17,4,3,0,0,0,0,0,9,1,-1,2005,131187505,431140.0,438710.0,-1.528199,53.843704,13,3,2,3,16/12/2005,6,13:10,204,E08000035,E08000035,6,0,6,40.0,3,4,6,0,0,0,1,1,1,0,0,1,1,2,E01011511
321,2005131187505,2005,131187505,2,2,2,2,26,6,3,0,0,2,0,0,9,1,-1,2005,131187505,431140.0,438710.0,-1.528199,53.843704,13,3,2,3,16/12/2005,6,13:10,204,E08000035,E08000035,6,0,6,40.0,3,4,6,0,0,0,1,1,1,0,0,1,1,2,E01011511
322,2005131187505,2005,131187505,2,3,2,1,12,3,3,0,0,2,0,0,9,1,-1,2005,131187505,431140.0,438710.0,-1.528199,53.843704,13,3,2,3,16/12/2005,6,13:10,204,E08000035,E08000035,6,0,6,40.0,3,4,6,0,0,0,1,1,1,0,0,1,1,2,E01011511
323,2005131187905,2005,131187905,2,1,1,1,48,8,3,0,0,0,0,0,9,1,-1,2005,131187905,441090.0,447950.0,-1.375745,53.926058,13,3,2,3,22/12/2005,5,14:32,204,E08000035,E08000035,3,1,3,70.0,0,-1,-1,-1,0,0,1,1,1,0,0,2,1,1,E01011704
324,2005131187905,2005,131187905,2,2,2,2,27,6,3,0,0,1,0,0,9,1,-1,2005,131187905,441090.0,447950.0,-1.375745,53.926058,13,3,2,3,22/12/2005,5,14:32,204,E08000035,E08000035,3,1,3,70.0,0,-1,-1,-1,0,0,1,1,1,0,0,2,1,1,E01011704
325,2005131187905,2005,131187905,2,3,2,2,14,3,3,0,0,2,0,0,9,1,-1,2005,131187905,441090.0,447950.0,-1.375745,53.926058,13,3,2,3,22/12/2005,5,14:32,204,E08000035,E08000035,3,1,3,70.0,0,-1,-1,-1,0,0,1,1,1,0,0,2,1,1,E01011704
326,2005131189005,2005,131189005,2,1,2,2,4,1,3,0,0,1,0,0,9,3,-1,2005,131189005,440480.0,447070.0,-1.38515,53.918197,13,3,2,1,20/12/2005,3,12:15,204,E08000035,E08000035,3,1,3,70.0,5,4,3,1,0,0,1,1,1,0,0,2,1,1,E01011704
327,2005131189205,2005,131189205,1,1,2,1,13,3,3,0,0,0,4,0,11,1,-1,2005,131189205,430840.0,433460.0,-1.533283,53.796536,13,3,2,3,21/12/2005,4,16:15,204,E08000035,E08000035,6,0,6,30.0,0,-1,-1,-1,0,4,4,1,1,0,0,1,2,2,E01011365
328,2005131189205,2005,131189205,1,2,2,1,40,7,3,0,0,0,4,0,11,3,-1,2005,131189205,430840.0,433460.0,-1.533283,53.796536,13,3,2,3,21/12/2005,4,16:15,204,E08000035,E08000035,6,0,6,30.0,0,-1,-1,-1,0,4,4,1,1,0,0,1,2,2,E01011365
329,2005131189205,2005,131189205,1,3,2,2,40,7,3,0,0,0,4,0,11,3,-1,2005,131189205,430840.0,433460.0,-1.533283,53.796536,13,3,2,3,21/12/2005,4,16:15,204,E08000035,E08000035,6,0,6,30.0,0,-1,-1,-1,0,4,4,1,1,0,0,1,2,2,E01011365
330,2005131189605,2005,131189605,1,1,1,2,42,7,3,0,0,0,0,0,9,1,-1,2005,131189605,426760.0,438340.0,-1.5948,53.840622,13,3,2,2,23/12/2005,6,16:40,204,E08000035,E08000035,3,660,3,40.0,3,3,6,0,0,0,4,1,2,0,0,1,1,2,E01011684
331,2005131189605,2005,131189605,2,2,1,1,80,11,3,0,0,0,0,0,9,1,-1,2005,131189605,426760.0,438340.0,-1.5948,53.840622,13,3,2,2,23/12/2005,6,16:40,204,E08000035,E08000035,3,660,3,40.0,3,3,6,0,0,0,4,1,2,0,0,1,1,2,E01011684
332,2005131189705,2005,131189705,1,1,1,1,54,8,3,0,0,0,0,0,21,3,-1,2005,131189705,420940.0,439950.0,-1.683138,53.855358,13,3,2,2,22/12/2005,5,11:11,204,E08000035,E08000035,4,6152,6,30.0,3,4,6,0,0,0,1,1,2,0,0,1,1,2,E01011278
333,2005131189705,2005,131189705,2,2,1,1,84,11,3,0,0,0,0,0,9,1,-1,2005,131189705,420940.0,439950.0,-1.683138,53.855358,13,3,2,2,22/12/2005,5,11:11,204,E08000035,E08000035,4,6152,6,30.0,3,4,6,0,0,0,1,1,2,0,0,1,1,2,E01011278
334,2005131189805,2005,131189805,1,1,1,1,44,7,3,0,0,0,0,0,9,1,-1,2005,131189805,435280.0,431230.0,-1.466134,53.776212,13,3,1,1,27/12/2005,3,12:55,204,E08000035,E08000035,6,0,6,50.0,0,-1,-1,-1,0,0,1,1,1,0,0,2,1,2,E01011420
335,2005131190305,2005,131190305,1,1,1,1,18,4,3,0,0,0,0,0,9,1,-1,2005,131190305,426300.0,435520.0,-1.602031,53.815299,13,3,2,3,13/12/2005,3,13:06,204,E08000035,E08000035,3,65,6,30.0,7,2,6,0,0,5,1,1,2,0,0,1,1,2,E01011477
336,2005131190305,2005,131190305,2,2,1,1,39,7,3,0,0,0,0,0,9,1,-1,2005,131190305,426300.0,435520.0,-1.602031,53.815299,13,3,2,3,13/12/2005,3,13:06,204,E08000035,E08000035,3,65,6,30.0,7,2,6,0,0,5,1,1,2,0,0,1,1,2,E01011477
337,2005131190305,2005,131190305,2,3,2,2,31,6,3,0,0,1,0,0,9,1,-1,2005,131190305,426300.0,435520.0,-1.602031,53.815299,13,3,2,3,13/12/2005,3,13:06,204,E08000035,E08000035,3,65,6,30.0,7,2,6,0,0,5,1,1,2,0,0,1,1,2,E01011477
338,2005131191005,2005,131191005,2,1,1,1,58,9,3,0,0,0,0,0,9,1,-1,2005,131191005,425100.0,434200.0,-1.620363,53.803494,13,3,2,1,22/12/2005,5,21:00,204,E08000035,E08000035,6,0,6,30.0,3,4,6,0,0,0,4,1,1,4,0,1,1,2,E01011285
339,2005131191105,2005,131191105,1,1,2,2,58,9,3,0,0,0,2,0,11,-1,-1,2005,131191105,430090.0,433770.0,-1.544639,53.799366,13,3,1,1,23/12/2005,6,14:43,204,E08000035,E08000035,6,0,6,30.0,0,-1,-1,-1,0,0,1,1,1,0,0,1,2,2,E01011365
340,2005131191205,2005,131191205,1,1,1,2,27,6,3,0,0,0,0,0,9,1,-1,2005,131191205,437700.0,431590.0,-1.429371,53.779278,13,3,1,1,30/12/2005,6,07:35,204,E08000035,E08000035,1,1,3,70.0,0,-1,-1,-1,0,0,6,3,3,0,0,2,1,1,E01011402
341,2005131191305,2005,131191305,1,1,2,2,42,7,3,0,0,1,0,0,9,1,-1,2005,131191305,433700.0,425840.0,-1.490695,53.727872,13,3,1,1,30/12/2005,6,09:35,204,E08000035,E08000035,1,62,3,70.0,0,-1,-1,-1,0,0,1,2,2,0,0,2,1,1,E01011500
342,2005131194205,2005,131194205,1,1,3,1,35,6,3,4,1,0,0,0,0,-1,-1,2005,131194205,431910.0,435740.0,-1.516804,53.816964,13,3,1,1,27/12/2005,3,19:35,204,E08000035,E08000035,3,58,6,30.0,3,4,6,0,0,5,4,3,2,0,0,1,1,2,E01011428
343,2005131195205,2005,131195205,1,1,1,1,69,10,3,0,0,0,0,0,9,1,-1,2005,131195205,433900.0,436530.0,-1.486492,53.823938,13,3,2,3,21/12/2005,4,13:47,204,E08000035,E08000035,3,58,3,40.0,6,4,6,0,0,0,1,1,2,0,0,1,1,2,E01011421
344,2005131195205,2005,131195205,2,2,1,2,18,4,3,0,0,0,0,0,9,1,-1,2005,131195205,433900.0,436530.0,-1.486492,53.823938,13,3,2,3,21/12/2005,4,13:47,204,E08000035,E08000035,3,58,3,40.0,6,4,6,0,0,0,1,1,2,0,0,1,1,2,E01011421
345,2005131195205,2005,131195205,2,3,2,2,69,10,3,0,0,1,0,0,9,1,-1,2005,131195205,433900.0,436530.0,-1.486492,53.823938,13,3,2,3,21/12/2005,4,13:47,204,E08000035,E08000035,3,58,3,40.0,6,4,6,0,0,0,1,1,2,0,0,1,1,2,E01011421
346,2005131195505,2005,131195505,1,1,1,1,27,6,3,0,0,0,0,0,9,1,-1,2005,131195505,430040.0,432530.0,-1.545518,53.788224,13,3,1,1,23/12/2005,6,20:21,204,E08000035,E08000035,3,653,2,40.0,0,-1,-1,-1,0,0,4,1,2,0,0,1,1,2,E01011367
347,2005131196405,2005,131196405,2,1,1,1,23,5,3,0,0,0,0,0,9,1,-1,2005,131196405,429830.0,439170.0,-1.548064,53.847915,13,3,2,1,18/12/2005,1,18:47,204,E08000035,E08000035,6,0,6,30.0,6,4,6,0,0,0,4,1,2,0,0,1,1,2,E01011558
348,2005131196505,2005,131196505,1,1,1,2,50,8,3,0,0,0,0,0,9,1,-1,2005,131196505,430480.0,431740.0,-1.538918,53.781098,13,3,1,1,27/12/2005,3,14:55,204,E08000035,E08000035,3,61,3,30.0,7,2,3,61,0,0,1,1,3,0,0,1,1,2,E01011467
349,2005131196705,2005,131196705,1,1,1,1,69,10,3,0,0,0,0,0,9,-1,-1,2005,131196705,432070.0,431100.0,-1.514855,53.77525,13,3,2,1,25/12/2005,1,13:15,204,E08000035,E08000035,3,639,6,30.0,3,2,3,639,0,5,1,1,2,0,0,1,2,2,E01011470