,accident_index,accident_year_x,accident_reference_x,vehicle_reference,casualty_reference,casualty_class,sex_of_casualty,age_of_casualty,age_band_of_casualty,casualty_severity,pedestrian_location,pedestrian_movement,car_passenger,bus_or_coach_passenger,pedestrian_road_maintenance_worker,casualty_type,casualty_home_area_type,casualty_imd_decile,accident_year_y,accident_reference_y,location_easting_osgr,location_northing_osgr,longitude,latitude,police_force,accident_severity,number_of_vehicles,number_of_casualties,date,day_of_week,time,local_authority_district,local_authority_ons_district,local_authority_highway,first_road_class,first_road_number,road_type,speed_limit,junction_detail,junction_control,second_road_class,second_road_number,pedestrian_crossing_human_control,pedestrian_crossing_physical_facilities,light_conditions,weather_conditions,road_surface_conditions,special_conditions_at_site,carriageway_hazards,urban_or_rural_area,did_police_officer_attend_scene_of_accident,trunk_road_flag,lsoa_of_accident_location
438,2006131207606,2006,131207606,2,2,1,2,58,9,3,0,0,0,0,0,9,3,-1,2006,131207606,432680.0,438590.0,-1.504807,53.842531,13,2,4,3,22/12/2006,6,23:05,204,E08000035,E08000035,6,0,6,30.0,3,4,6,0,0,0,4,1,2,0,0,1,1,2,E01011653
439,2006131207606,2006,131207606,2,3,2,1,59,9,3,0,0,1,0,0,9,3,-1,2006,131207606,432680.0,438590.0,-1.504807,53.842531,13,2,4,3,22/12/2006,6,23:05,204,E08000035,E08000035,6,0,6,30.0,3,4,6,0,0,0,4,1,2,0,0,1,1,2,E01011653
440,2006131207706,2006,131207706,2,1,1,2,29,6,3,0,0,0,0,0,9,1,-1,2006,131207706,430850.0,434150.0,-1.533063,53.802737,13,3,2,3,29/12/2006,6,14:48,204,E08000035,E08000035,3,61,3,30.0,3,4,6,0,0,8,1,1,2,0,0,1,1,2,E01011679
441,2006131207706,2006,131207706,2,2,2,2,37,7,3,0,0,1,0,0,9,-1,-1,2006,131207706,430850.0,434150.0,-1.533063,53.802737,13,3,2,3,29/12/2006,6,14:48,204,E08000035,E08000035,3,61,3,30.0,3,4,6,0,0,8,1,1,2,0,0,1,1,2,E01011679
442,2006131207706,2006,131207706,2,3,2,2,10,2,3,0,0,2,0,0,9,-1,-1,2006,131207706,430850.0,434150.0,-1.533063,53.802737,13,3,2,3,29/12/2006,6,14:48,204,E08000035,E08000035,3,61,3,30.0,3,4,6,0,0,8,1,1,2,0,0,1,1,2,E01011679
443,2006131207806,2006,131207806,1,2,2,1,25,5,3,0,0,1,0,0,9,1,-1,2006,131207806,430360.0,438550.0,-1.540069,53.842312,13,3,2,2,22/12/2006,6,07:40,204,E08000035,E08000035,3,61,6,30.0,6,2,6,0,0,4,1,1,2,0,0,1,1,2,E01011514
444,2006131207806,2006,131207806,2,1,1,2,46,8,3,0,0,0,0,0,9,1,-1,2006,131207806,430360.0,438550.0,-1.540069,53.842312,13,3,2,2,22/12/2006,6,07:40,204,E08000035,E08000035,3,61,6,30.0,6,2,6,0,0,4,1,1,2,0,0,1,1,2,E01011514
445,2006131207906,2006,131207906,1,1,1,2,23,5,3,0,0,0,0,0,9,1,-1,2006,131207906,432100.0,436040.0,-1.513887,53.819648,13,3,2,2,24/12/2006,1,13:25,204,E08000035,E08000035,6,0,6,30.0,3,4,6,0,0,0,1,1,2,0,0,1,1,2,E01011422
446,2006131207906,2006,131207906,1,2,2,2,52,8,3,0,0,1,0,0,9,1,-1,2006,131207906,432100.0,436040.0,-1.513887,53.819648,13,3,2,2,24/12/2006,1,13:25,204,E08000035,E08000035,6,0,6,30.0,3,4,6,0,0,0,1,1,2,0,0,1,1,2,E01011422
447,2006131208006,2006,131208006,1,1,1,1,36,7,3,0,0,0,0,0,9,1,-1,2006,131208006,430670.0,434600.0,-1.535751,53.806792,13,3,2,1,22/12/2006,6,13:40,204,E08000035,E08000035,3,61,3,30.0,9,2,3,61,0,0,1,1,1,0,0,1,1,2,E01011671
448,2006131208206,2006,131208206,1,1,1,1,22,5,3,0,0,0,0,0,9,1,-1,2006,131208206,423180.0,434660.0,-1.649482,53.807717,13,3,2,2,28/12/2006,5,19:48,204,E08000035,E08000035,4,6157,6,30.0,6,2,6,0,0,5,4,7,2,0,0,1,1,2,E01011335
449,2006131208206,2006,131208206,2,2,1,1,18,4,3,0,0,0,0,0,9,1,-1,2006,131208206,423180.0,434660.0,-1.649482,53.807717,13,3,2,2,28/12/2006,5,19:48,204,E08000035,E08000035,4,6157,6,30.0,6,2,6,0,0,5,4,7,2,0,0,1,1,2,E01011335
450,2006131208506,2006,131208506,2,1,2,1,30,6,3,0,0,1,0,0,9,1,-1,2006,131208506,429220.0,438660.0,-1.557384,53.843366,13,3,2,1,21/12/2006,5,21:00,204,E08000035,E08000035,6,0,6,30.0,7,4,6,0,0,0,4,1,1,0,0,1,1,2,E01011559
451,2006131209206,2006,131209206,1,1,1,1,40,7,3,0,0,0,0,0,9,1,-1,2006,131209206,431540.0,431470.0,-1.52286,53.778608,13,3,2,3,30/12/2006,7,11:29,204,E08000035,E08000035,3,639,6,30.0,9,4,6,0,0,0,1,1,1,0,0,1,1,2,E01011468
452,2006131209206,2006,131209206,1,3,2,2,10,2,3,0,0,2,0,0,9,1,-1,2006,131209206,431540.0,431470.0,-1.52286,53.778608,13,3,2,3,30/12/2006,7,11:29,204,E08000035,E08000035,3,639,6,30.0,9,4,6,0,0,0,1,1,1,0,0,1,1,2,E01011468
453,2006131209206,2006,131209206,2,2,1,1,65,9,3,0,0,0,0,0,9,1,-1,2006,131209206,431540.0,431470.0,-1.52286,53.778608,13,3,2,3,30/12/2006,7,11:29,204,E08000035,E08000035,3,639,6,30.0,9,4,6,0,0,0,1,1,1,0,0,1,1,2,E01011468
454,2006131209506,2006,131209506,1,1,1,1,44,7,3,0,0,0,0,0,9,1,-1,2006,131209506,432510.0,427300.0,-1.508578,53.741069,13,3,2,3,31/12/2006,1,14:21,204,E08000035,E08000035,3,654,6,40.0,6,2,3,61,0,5,1,1,2,0,0,1,1,2,E01011498
455,2006131209506,2006,131209506,2,2,1,1,48,8,3,0,0,0,0,0,9,1,-1,2006,131209506,432510.0,427300.0,-1.508578,53.741069,13,3,2,3,31/12/2006,1,14:21,204,E08000035,E08000035,3,654,6,40.0,6,2,3,61,0,5,1,1,2,0,0,1,1,2,E01011498
456,2006131209506,2006,131209506,2,3,2,2,18,4,3,0,0,1,0,0,9,1,-1,2006,131209506,432510.0,427300.0,-1.508578,53.741069,13,3,2,3,31/12/2006,1,14:21,204,E08000035,E08000035,3,654,6,40.0,6,2,3,61,0,5,1,1,2,0,0,1,1,2,E01011498
457,2006131210806,2006,131210806,1,1,3,2,86,11,3,5,1,0,0,0,0,1,-1,2006,131210806,421760.0,435270.0,-1.671002,53.813261,13,3,1,1,23/12/2006,7,15:05,204,E08000035,E08000035,4,6156,6,30.0,0,-1,-1,-1,0,0,1,1,2,0,0,1,1,2,E01011592
458,2006131212006,2006,131212006,1,1,1,1,53,8,3,0,0,0,0,0,9,1,-1,2006,131212006,427270.0,434700.0,-1.587371,53.807879,13,3,2,1,01/12/2006,6,21:20,204,E08000035,E08000035,3,65,6,30.0,0,-1,-1,-1,0,0,4,1,1,0,0,1,1,2,E01011482
459,2006131212106,2006,131212106,1,1,1,2,26,6,3,0,0,0,0,0,9,1,-1,2006,131212106,421890.0,432960.0,-1.669191,53.792494,13,3,2,1,23/12/2006,7,11:15,204,E08000035,E08000035,4,6154,6,30.0,3,4,6,0,0,0,1,1,1,0,0,1,2,2,E01011602
460,2006131212306,2006,131212306,1,1,1,1,43,7,3,0,0,0,0,0,9,1,-1,2006,131212306,430880.0,424480.0,-1.533571,53.715822,13,3,2,1,20/10/2006,6,08:45,204,E08000035,E08000035,1,1,7,70.0,5,4,3,650,0,0,1,1,1,0,0,2,2,1,E01011537
461,2006131212906,2006,131212906,1,1,2,2,42,7,3,0,0,0,1,0,11,1,-1,2006,131212906,431350.0,433970.0,-1.525489,53.801089,13,3,1,1,30/12/2006,7,15:00,204,E08000035,E08000035,6,0,6,30.0,0,-1,-1,-1,0,0,1,1,1,0,0,1,2,2,E01011675
462,2006131213506,2006,131213506,1,1,1,1,27,6,3,0,0,0,0,0,9,-1,-1,2006,131213506,429660.0,432550.0,-1.551284,53.788425,13,3,1,2,28/12/2006,5,14:00,204,E08000035,E08000035,6,0,6,30.0,0,-1,-1,-1,0,0,1,1,1,0,0,1,2,2,E01011367
463,2006131213506,2006,131213506,1,2,2,1,26,6,3,0,0,1,0,0,9,-1,-1,2006,131213506,429660.0,432550.0,-1.551284,53.788425,13,3,1,2,28/12/2006,5,14:00,204,E08000035,E08000035,6,0,6,30.0,0,-1,-1,-1,0,0,1,1,1,0,0,1,2,2,E01011367
464,2006131213706,2006,131213706,1,1,2,2,32,6,3,0,0,1,0,0,9,1,-1,2006,131213706,441030.0,447870.0,-1.376669,53.925344,13,3,2,1,04/12/2006,2,08:10,204,E08000035,E08000035,3,1,3,70.0,0,-1,-1,-1,0,0,1,4,1,0,0,2,1,1,E01011704
465,2006131214606,2006,131214606,1,1,1,1,26,6,3,0,0,0,0,0,1,1,-1,2006,131214606,430300.0,432100.0,-1.541614,53.784344,13,3,2,1,21/12/2006,5,11:30,204,E08000035,E08000035,3,653,6,30.0,3,4,6,0,0,8,1,1,2,0,0,1,2,2,E01011364
466,2006131219806,2006,131219806,1,1,2,1,37,7,3,0,0,0,3,0,11,1,-1,2006,131219806,436300.0,434700.0,-1.45025,53.807329,13,3,1,1,17/09/2006,1,14:50,204,E08000035,E08000035,6,0,6,30.0,0,-1,-1,-1,0,0,1,1,1,0,0,1,1,2,E01011408
467,2006131219906,2006,131219906,2,1,1,2,22,5,3,0,0,0,0,0,9,1,-1,2006,131219906,424440.0,437330.0,-1.630137,53.831658,13,3,2,1,22/12/2006,6,08:00,204,E08000035,E08000035,6,0,6,30.0,0,-1,-1,-1,0,0,1,1,1,0,0,1,2,2,E01011453
468,2007131058707,2007,131058707,1,1,1,2,40,7,3,0,0,0,0,0,9,1,-1,2007,131058707,420800.0,436810.0,-1.685478,53.827142,13,3,2,2,03/12/2007,2,15:40,204,E08000035,E08000035,6,0,6,30.0,6,4,6,0,0,0,1,1,2,0,0,1,1,2,E01011588
469,2007131058707,2007,131058707,2,2,1,1,38,7,3,0,0,0,0,0,9,1,-1,2007,131058707,420800.0,436810.0,-1.685478,53.827142,13,3,2,2,03/12/2007,2,15:40,204,E08000035,E08000035,6,0,6,30.0,6,4,6,0,0,0,1,1,2,0,0,1,1,2,E01011588
470,2007131059207,2007,131059207,1,1,1,2,25,5,2,0,0,0,0,0,1,1,-1,2007,131059207,429940.0,433090.0,-1.546982,53.793263,13,2,2,1,05/12/2007,4,09:00,204,E08000035,E08000035,6,0,6,30.0,3,2,6,0,0,0,1,1,1,0,0,1,2,2,E01011365
471,2007131059707,2007,131059707,1,1,3,2,19,4,3,5,1,0,0,0,0,1,-1,2007,131059707,426580.0,427690.0,-1.59845,53.744909,13,3,1,1,03/12/2007,2,18:20,204,E08000035,E08000035,6,0,2,30.0,3,4,6,0,0,0,4,1,1,0,0,1,1,2,E01011541
472,2007131062107,2007,131062107,2,1,1,1,41,7,3,0,0,0,0,0,19,-1,-1,2007,131062107,440850.0,445890.0,-1.379674,53.907563,13,3,2,1,03/12/2007,2,08:50,204,E08000035,E08000035,3,1,3,70.0,0,-1,-1,-1,0,0,1,1,1,0,0,2,1,1,E01011707
473,2007131064107,2007,131064107,1,1,1,2,35,6,3,0,0,0,0,0,9,1,-1,2007,131064107,437730.0,438160.0,-1.428112,53.838325,13,3,2,2,04/12/2007,3,19:55,204,E08000035,E08000035,3,64,6,50.0,0,-1,-1,-1,0,0,7,2,2,0,0,2,2,2,E01011715
474,2007131064107,2007,131064107,1,2,2,2,16,4,3,0,0,1,0,0,9,1,-1,2007,131064107,437730.0,438160.0,-1.428112,53.838325,13,3,2,2,04/12/2007,3,19:55,204,E08000035,E08000035,3,64,6,50.0,0,-1,-1,-1,0,0,7,2,2,0,0,2,2,2,E01011715
475,2007131064707,2007,131064707,2,1,1,1,44,7,2,0,0,0,0,0,5,1,-1,2007,131064707,427990.0,436010.0,-1.576318,53.819615,13,2,2,1,03/12/2007,2,16:22,204,E08000035,E08000035,3,660,6,40.0,3,4,6,0,0,4,4,1,2,0,0,1,1,2,E01011440
476,2007131065107,2007,131065107,1,1,1,1,17,4,3,0,0,0,0,0,9,1,-1,2007,131065107,440480.0,433550.0,-1.386929,53.796686,13,3,3,1,02/12/2007,1,18:12,204,E08000035,E08000035,3,642,6,30.0,3,4,6,0,0,0,1,2,2,0,0,1,1,2,E01011400
477,2007131065607,2007,131065607,1,1,1,1,19,4,3,0,0,0,0,0,9,1,-1,2007,131065607,420030.0,437080.0,-1.697159,53.829599,13,3,2,2,04/12/2007,3,13:20,204,E08000035,E08000035,3,657,6,40.0,3,4,6,0,0,0,1,1,1,0,0,1,1,2,E01011590
478,2007131065607,2007,131065607,2,2,2,2,22,5,3,0,0,1,0,0,9,1,-1,2007,131065607,420030.0,437080.0,-1.697159,53.829599,13,3,2,2,04/12/2007,3,13:20,204,E08000035,E08000035,3,657,6,40.0,3,4,6,0,0,0,1,1,1,0,0,1,1,2,E01011590
479,2007131065707,2007,131065707,1,1,1,1,56,9,3,0,0,0,0,0,20,1,-1,2007,131065707,428100.0,426650.0,-1.575497,53.735483,13,2,2,2,05/12/2007,4,14:55,204,E08000035,E08000035,3,653,3,40.0,6,4,6,0,0,0,1,1,2,0,0,2,1,2,E01011540
480,2007131065707,2007,131065707,2,2,1,2,29,6,2,0,0,0,0,0,9,1,-1,2007,131065707,428100.0,426650.0,-1.575497,53.735483,13,2,2,2,05/12/2007,4,14:55,204,E08000035,E08000035,3,653,3,40.0,6,4,6,0,0,0,1,1,2,0,0,2,1,2,E01011540
481,2007131066007,2007,131066007,1,1,3,1,8,2,3,5,3,0,0,0,0,1,-1,2007,131066007,431360.0,429260.0,-1.525815,53.758756,13,3,1,1,05/12/2007,4,18:41,204,E08000035,E08000035,6,0,6,30.0,3,4,6,0,0,0,4,1,2,0,0,1,1,2,E01011475
482,2007131066207,2007,131066207,1,1,1,1,31,6,3,0,0,0,0,0,9,1,-1,2007,131066207,430470.0,435410.0,-1.538708,53.814084,13,3,2,4,05/12/2007,4,21:58,204,E08000035,E08000035,3,61,6,30.0,3,2,6,0,0,0,1,1,1,0,0,1,1,2,E01011357
483,2007131066207,2007,131066207,1,3,2,1,27,6,3,0,0,1,0,0,9,-1,-1,2007,131066207,430470.0,435410.0,-1.538708,53.814084,13,3,2,4,05/12/2007,4,21:58,204,E08000035,E08000035,3,61,6,30.0,3,2,6,0,0,0,1,1,1,0,0,1,1,2,E01011357
484,2007131066207,2007,131066207,1,4,2,1,25,5,3,0,0,1,0,0,9,-1,-1,2007,131066207,430470.0,435410.0,-1.538708,53.814084,13,3,2,4,05/12/2007,4,21:58,204,E08000035,E08000035,3,61,6,30.0,3,2,6,0,0,0,1,1,1,0,0,1,1,2,E01011357
485,2007131066207,2007,131066207,2,2,1,1,25,5,3,0,0,0,0,0,9,1,-1,2007,131066207,430470.0,435410.0,-1.538708,53.814084,13,3,2,4,05/12/2007,4,21:58,204,E08000035,E08000035,3,61,6,30.0,3,2,6,0,0,0,1,1,1,0,0,1,1,2,E01011357
486,2007131066507,2007,131066507,1,1,2,2,20,4,3,0,0,1,0,0,9,1,-1,2007,131066507,444660.0,433140.0,-1.323533,53.79266,13,3,1,1,02/12/2007,1,10:10,204,E08000035,E08000035,2,1,3,70.0,0,-1,-1,-1,0,0,1,5,2,0,0,2,1,1,E01011298
487,2007131067107,2007,131067107,2,1,1,2,40,7,3,0,0,0,0,0,9,1,-1,2007,131067107,436000.0,431210.0,-1.455212,53.775983,13,3,3,2,04/12/2007,3,07:50,204,E08000035,E08000035,1,1,3,70.0,0,-1,-1,-1,0,0,1,1,2,0,0,2,1,1,E01011420
488,2007131067107,2007,131067107,3,2,1,1,41,7,3,0,0,0,0,0,9,2,-1,2007,131067107,436000.0,431210.0,-1.455212,53.775983,13,3,3,2,04/12/2007,3,07:50,204,E08000035,E08000035,1,1,3,70.0,0,-1,-1,-1,0,0,1,1,2,0,0,2,1,1,E01011420
489,2007131067607,2007,131067607,1,1,1,2,46,8,3,0,0,0,0,0,9,1,-1,2007,131067607,428950.0,433440.0,-1.561977,53.796464,13,3,2,1,05/12/2007,4,11:15,204,E08000035,E08000035,2,58,3,40.0,5,4,3,58,0,0,1,1,2,0,0,1,2,2,E01011365
490,2007131067807,2007,131067807,1,1,1,2,23,5,3,0,0,0,0,0,9,1,-1,2007,131067807,430210.0,434920.0,-1.542705,53.809695,13,3,2,2,03/12/2007,2,14:15,204,E08000035,E08000035,6,0,6,30.0,3,4,6,0,0,0,1,1,1,4,0,1,1,2,E01011671
491,2007131067807,2007,131067807,2,2,1,1,54,8,3,0,0,0,0,0,9,1,-1,2007,131067807,430210.0,434920.0,-1.542705,53.809695,13,3,2,2,03/12/2007,2,14:15,204,E08000035,E08000035,6,0,6,30.0,3,4,6,0,0,0,1,1,1,4,0,1,1,2,E01011671
492,2007131068307,2007,131068307,1,1,3,1,26,6,3,5,3,0,0,0,0,1,-1,2007,131068307,426060.0,427370.0,-1.606362,53.742059,13,3,1,2,06/12/2007,5,19:57,204,E08000035,E08000035,4,6123,6,30.0,3,4,6,0,0,0,4,2,2,0,0,1,1,2,E01011545
493,2007131068307,2007,131068307,1,2,3,1,25,5,3,5,3,0,0,0,0,1,-1,2007,131068307,426060.0,427370.0,-1.606362,53.742059,13,3,1,2,06/12/2007,5,19:57,204,E08000035,E08000035,4,6123,6,30.0,3,4,6,0,0,0,4,2,2,0,0,1,1,2,E01011545
494,2007131068407,2007,131068407,1,1,1,1,26,6,3,0,0,0,0,0,19,1,-1,2007,131068407,430870.0,434250.0,-1.532749,53.803634,13,3,2,1,04/12/2007,3,11:50,204,E08000035,E08000035,3,61,3,30.0,6,2,6,0,0,8,1,1,1,0,0,1,1,2,E01011679
495,2007131068507,2007,131068507,1,1,3,1,17,4,3,1,3,0,0,0,0,1,-1,2007,131068507,430950.0,440090.0,-1.530948,53.856118,13,3,1,1,06/12/2007,5,07:24,204,E08000035,E08000035,3,61,3,40.0,6,4,6,0,0,4,4,2,2,0,0,1,1,2,E01011557
496,2007131069007,2007,131069007,1,2,2,1,26,6,3,0,0,1,0,0,9,1,-1,2007,131069007,428870.0,432110.0,-1.563316,53.784515,13,3,2,2,04/12/2007,3,18:05,204,E08000035,E08000035,6,0,6,30.0,6,4,6,0,0,0,4,1,1,0,0,1,1,2,E01011366
497,2007131069007,2007,131069007,2,1,1,2,33,6,3,0,0,0,0,0,9,1,-1,2007,131069007,428870.0,432110.0,-1.563316,53.784515,13,3,2,2,04/12/2007,3,18:05,204,E08000035,E08000035,6,0,6,30.0,6,4,6,0,0,0,4,1,1,0,0,1,1,2,E01011366
498,2007131069207,2007,131069207,2,1,1,1,42,7,2,0,0,0,0,0,1,1,-1,2007,131069207,437310.0,429480.0,-1.435543,53.760342,13,2,2,1,05/12/2007,4,08:00,204,E08000035,E08000035,3,642,6,30.0,3,4,6,0,0,0,1,1,1,0,0,2,1,2,E01011402
499,2007131069507,2007,131069507,1,1,1,2,46,8,3,0,0,0,0,0,9,1,-1,2007,131069507,430730.0,424540.0,-1.535838,53.71637,13,3,2,1,06/12/2007,5,09:00,204,E08000035,E08000035,3,650,6,30.0,1,4,3,650,0,0,1,1,1,0,0,2,1,2,E01011537
500,2007131070507,2007,131070507,1,1,1,2,25,5,3,0,0,0,0,0,9,1,-1,2007,131070507,435790.0,425810.0,-1.459022,53.727463,13,3,2,1,29/11/2007,5,12:00,204,E08000035,E08000035,3,642,6,40.0,1,4,1,62,0,0,1,1,1,0,0,2,2,2,E01011875
501,2007131070807,2007,131070807,1,1,3,1,47,8,3,5,1,0,0,0,0,1,-1,2007,131070807,431760.0,435540.0,-1.519103,53.815175,13,3,1,1,11/09/2007,3,12:10,204,E08000035,E08000035,6,0,6,30.0,6,4,3,58,0,0,1,1,1,0,0,1,1,2,E01011429
502,2007131071307,2007,131071307,1,1,3,1,40,7,2,5,3,0,0,0,0,1,-1,2007,131071307,427920.0,436150.0,-1.577369,53.820877,13,2,1,1,08/12/2007,7,20:20,204,E08000035,E08000035,3,660,6,30.0,3,4,6,0,0,0,4,1,2,0,0,1,1,2,E01011440
503,2007131072107,2007,131072107,1,1,1,2,32,6,3,0,0,0,0,0,9,2,-1,2007,131072107,445370.0,431760.0,-1.312959,53.780196,13,3,1,1,08/12/2007,7,13:09,204,E08000035,E08000035,2,1,3,70.0,0,-1,-1,-1,0,0,1,2,2,0,0,2,1,1,E01011299
504,2007131072207,2007,131072207,1,1,1,1,49,8,2,0,0,0,0,0,5,1,-1,2007,131072207,427710.0,438550.0,-1.580343,53.84246,13,2,2,1,05/12/2007,4,16:20,204,E08000035,E08000035,3,6120,3,70.0,0,-1,-1,-1,0,0,4,1,2,0,0,2,1,2,E01011682
505,2007131072307,2007,131072307,1,1,1,2,28,6,3,0,0,0,0,0,9,1,-1,2007,131072307,430860.0,424450.0,-1.533877,53.715554,13,3,2,1,30/11/2007,6,07:30,204,E08000035,E08000035,1,1,7,70.0,1,4,3,650,0,0,1,1,2,0,0,2,2,1,E01011537
506,2007131072507,2007,131072507,1,1,1,1,31,6,3,0,0,0,0,0,9,1,-1,2007,131072507,430780.0,434560.0,-1.534085,53.806426,13,3,2,1,06/12/2007,5,14:10,204,E08000035,E08000035,3,61,3,30.0,0,-1,-1,-1,0,0,1,4,2,0,0,1,1,2,E01011679
507,2007131072807,2007,131072807,1,1,3,2,12,3,3,5,1,0,0,0,0,1,-1,2007,131072807,425570.0,433050.0,-1.613322,53.793135,13,3,1,1,06/12/2007,5,16:05,204,E08000035,E08000035,6,0,6,40.0,3,4,6,0,0,0,4,1,2,0,0,1,1,2,E01011730
508,2007131073207,2007,131073207,1,1,1,1,19,4,2,0,0,0,0,0,3,1,-1,2007,131073207,419820.0,442030.0,-1.700032,53.874097,13,2,2,1,06/12/2007,5,18:40,204,E08000035,E08000035,6,0,6,30.0,9,4,-1,-1,0,0,4,2,2,0,0,1,1,2,E01011267
509,2007131073307,2007,131073307,1,1,2,2,23,5,3,0,0,0,4,0,11,1,-1,2007,131073307,430060.0,433780.0,-1.545093,53.799457,13,3,3,1,05/12/2007,4,15:05,204,E08000035,E08000035,6,0,6,30.0,6,2,6,0,0,0,1,1,1,0,0,1,2,2,E01011365
510,2007131073407,2007,131073407,1,1,1,2,27,6,3,0,0,0,0,0,9,1,-1,2007,131073407,430620.0,434190.0,-1.536551,53.80311,13,3,2,1,08/12/2007,7,17:35,204,E08000035,E08000035,6,0,2,30.0,3,2,6,0,0,0,4,2,2,0,0,1,2,2,E01011679
511,2007131073607,2007,131073607,1,1,1,1,36,7,3,0,0,0,0,0,9,1,-1,2007,131073607,431700.0,435410.0,-1.520027,53.81401,13,3,1,1,08/12/2007,7,05:55,204,E08000035,E08000035,3,58,6,30.0,3,4,6,0,0,0,4,1,2,0,0,1,1,2,E01011429
512,2007131073907,2007,131073907,1,1,2,2,19,4,3,0,0,1,0,0,9,1,-1,2007,131073907,431340.0,433930.0,-1.525645,53.80073,13,3,2,1,07/12/2007,6,17:13,204,E08000035,E08000035,6,0,6,30.0,3,2,6,0,0,0,4,4,1,0,0,1,1,2,E01011338
513,2007131074107,2007,131074107,2,1,1,1,48,8,3,0,0,0,0,0,9,3,-1,2007,131074107,443020.0,447700.0,-1.346391,53.923655,13,3,2,1,05/12/2007,4,13:50,204,E08000035,E08000035,6,0,6,60.0,3,4,6,0,0,0,1,1,2,0,0,2,1,2,E01011697
514,2007131074607,2007,131074607,1,1,1,1,40,7,3,0,0,0,0,0,9,1,-1,2007,131074607,435680.0,434440.0,-1.459694,53.805035,13,3,2,2,08/12/2007,7,17:40,204,E08000035,E08000035,6,0,6,30.0,6,4,6,0,0,0,1,1,1,0,0,1,1,2,E01011343
515,2007131074607,2007,131074607,1,2,2,1,12,3,3,0,0,1,0,0,9,-1,-1,2007,131074607,435680.0,434440.0,-1.459694,53.805035,13,3,2,2,08/12/2007,7,17:40,204,E08000035,E08000035,6,0,6,30.0,6,4,6,0,0,0,1,1,1,0,0,1,1,2,E01011343
516,2007131075007,2007,131075007,1,1,1,1,52,8,3,0,0,0,0,0,9,1,-1,2007,131075007,426990.0,437450.0,-1.591382,53.832611,13,3,2,2,06/12/2007,5,18:00,204,E08000035,E08000035,3,660,6,30.0,8,4,6,0,0,8,4,2,2,0,0,1,1,2,E01011685
517,2007131075007,2007,131075007,2,2,1,2,47,8,3,0,0,0,0,0,9,1,-1,2007,131075007,426990.0,437450.0,-1.591382,53.832611,13,3,2,2,06/12/2007,5,18:00,204,E08000035,E08000035,3,660,6,30.0,8,4,6,0,0,8,4,2,2,0,0,1,1,2,E01011685
518,2007131075207,2007,131075207,1,1,1,2,51,8,3,0,0,0,0,0,9,1,-1,2007,131075207,445360.0,431790.0,-1.313106,53.780466,13,3,1,2,09/12/2007,1,13:35,204,E08000035,E08000035,2,1,3,70.0,0,-1,-1,-1,0,0,1,1,1,0,0,2,1,1,E01011299
519,2007131075207,2007,131075207,1,2,2,1,49,8,3,0,0,1,0,0,9,3,-1,2007,131075207,445360.0,431790.0,-1.313106,53.780466,13,3,1,2,09/12/2007,1,13:35,204,E08000035,E08000035,2,1,3,70.0,0,-1,-1,-1,0,0,1,1,1,0,0,2,1,1,E01011299
520,2007131075807,2007,131075807,1,1,1,1,20,4,3,0,0,0,0,0,9,1,-1,2007,131075807,428560.0,431610.0,-1.568067,53.780038,13,3,2,2,06/12/2007,5,17:44,204,E08000035,E08000035,1,621,3,50.0,0,-1,-1,-1,0,0,4,5,2,0,0,1,1,1,E01011366
521,2007131075807,2007,131075807,2,2,1,2,23,5,3,0,0,0,0,0,9,3,-1,2007,131075807,428560.0,431610.0,-1.568067,53.780038,13,3,2,2,06/12/2007,5,17:44,204,E08000035,E08000035,1,621,3,50.0,0,-1,-1,-1,0,0,4,5,2,0,0,1,1,1,E01011366
522,2007131076007,2007,131076007,1,1,1,2,33,6,3,0,0,0,0,0,9,1,-1,2007,131076007,425910.0,436250.0,-1.607893,53.82188,13,3,2,1,06/12/2007,5,09:10,204,E08000035,E08000035,3,65,3,40.0,3,4,6,0,0,0,1,2,2,0,0,2,1,2,E01011488
523,2007131076707,2007,131076707,1,1,1,2,23,5,3,0,0,0,0,0,9,1,-1,2007,131076707,428030.0,434550.0,-1.575843,53.806491,13,3,2,1,07/12/2007,6,10:30,204,E08000035,E08000035,6,0,6,30.0,0,-1,-1,-1,0,0,1,4,2,4,0,1,2,2,E01011481
524,2007131077207,2007,131077207,1,1,2,2,20,4,3,0,0,2,0,0,8,1,-1,2007,131077207,431000.0,433520.0,-1.530848,53.797066,13,3,2,2,05/12/2007,4,11:45,204,E08000035,E08000035,6,0,3,40.0,0,-1,-1,-1,0,0,1,1,2,0,0,1,2,2,E01011365