,accident_index,accident_year_x,accident_reference_x,vehicle_reference,casualty_reference,casualty_class,sex_of_casualty,age_of_casualty,age_band_of_casualty,casualty_severity,pedestrian_location,pedestrian_movement,car_passenger,bus_or_coach_passenger,pedestrian_road_maintenance_worker,casualty_type,casualty_home_area_type,casualty_imd_decile,accident_year_y,accident_reference_y,location_easting_osgr,location_northing_osgr,longitude,latitude,police_force,accident_severity,number_of_vehicles,number_of_casualties,date,day_of_week,time,local_authority_district,local_authority_ons_district,local_authority_highway,first_road_class,first_road_number,road_type,speed_limit,junction_detail,junction_control,second_road_class,second_road_number,pedestrian_crossing_human_control,pedestrian_crossing_physical_facilities,light_conditions,weather_conditions,road_surface_conditions,special_conditions_at_site,carriageway_hazards,urban_or_rural_area,did_police_officer_attend_scene_of_accident,trunk_road_flag,lsoa_of_accident_location
525,2007131077207,2007,131077207,1,2,2,1,24,5,3,0,0,1,0,0,8,1,-1,2007,131077207,431000.0,433520.0,-1.530848,53.797066,13,3,2,2,05/12/2007,4,11:45,204,E08000035,E08000035,6,0,3,40.0,0,-1,-1,-1,0,0,1,1,2,0,0,1,2,2,E01011365
526,2007131077407,2007,131077407,1,1,1,1,50,8,3,0,0,0,0,0,9,1,-1,2007,131077407,430680.0,431900.0,-1.535867,53.782524,13,3,2,2,04/12/2007,3,07:45,204,E08000035,E08000035,3,61,6,30.0,0,-1,-1,-1,0,0,1,1,1,0,0,1,2,2,E01011364
527,2007131077407,2007,131077407,1,2,2,2,50,8,3,0,0,1,0,0,9,1,-1,2007,131077407,430680.0,431900.0,-1.535867,53.782524,13,3,2,2,04/12/2007,3,07:45,204,E08000035,E08000035,3,61,6,30.0,0,-1,-1,-1,0,0,1,1,1,0,0,1,2,2,E01011364
528,2007131077607,2007,131077607,1,1,1,1,24,5,3,0,0,0,0,0,9,1,-1,2007,131077607,434370.0,437080.0,-1.479291,53.828851,13,3,1,1,08/12/2007,7,20:23,204,E08000035,E08000035,3,58,3,40.0,0,-1,-1,-1,0,0,4,1,1,0,0,2,1,2,E01011644
529,2007131077807,2007,131077807,2,1,2,1,31,6,3,0,0,2,0,0,9,1,-1,2007,131077807,431090.0,435800.0,-1.529252,53.817552,13,3,2,1,06/12/2007,5,12:15,204,E08000035,E08000035,6,0,6,30.0,3,4,6,0,0,0,1,4,2,0,0,1,1,2,E01011359
530,2007131078107,2007,131078107,1,1,1,2,19,4,3,0,0,0,0,0,9,1,-1,2007,131078107,437500.0,433200.0,-1.43221,53.793763,13,3,2,1,06/12/2007,5,09:05,204,E08000035,E08000035,3,6120,3,40.0,1,4,3,6120,0,0,1,2,2,0,0,1,2,2,E01011411
531,2007131078307,2007,131078307,2,1,1,2,46,8,3,0,0,0,0,0,9,1,-1,2007,131078307,430260.0,434070.0,-1.542029,53.802052,13,3,2,1,07/12/2007,6,07:35,204,E08000035,E08000035,6,0,6,30.0,3,4,6,0,0,0,1,1,1,0,0,1,1,2,E01011365
532,2007131079407,2007,131079407,1,1,1,1,45,7,3,0,0,0,0,0,9,1,-1,2007,131079407,436690.0,428730.0,-1.445036,53.753645,13,3,5,1,02/12/2007,1,18:31,204,E08000035,E08000035,3,642,6,30.0,0,-1,-1,-1,0,0,4,2,2,0,0,1,1,2,E01011637
533,2007131079907,2007,131079907,1,1,3,2,7,2,3,10,9,0,0,0,0,1,-1,2007,131079907,421150.0,434930.0,-1.68029,53.81023,13,3,1,1,10/12/2007,2,15:30,204,E08000035,E08000035,6,0,6,30.0,0,-1,-1,-1,0,0,1,9,1,0,0,1,2,2,E01011594
534,2007131080007,2007,131080007,1,1,2,1,28,6,3,0,0,1,0,0,9,-1,-1,2007,131080007,444730.0,433100.0,-1.322476,53.792294,13,3,1,1,08/12/2007,7,13:09,204,E08000035,E08000035,3,1,3,70.0,0,-1,-1,-1,0,0,1,2,2,0,2,2,1,1,E01011297
535,2007131080407,2007,131080407,1,1,2,2,56,9,3,0,0,0,4,0,11,-1,-1,2007,131080407,431180.0,433660.0,-1.528102,53.798313,13,3,2,1,08/12/2007,7,15:40,204,E08000035,E08000035,3,653,7,40.0,6,2,3,64,0,0,7,2,2,0,0,1,2,2,E01011619
536,2007131080907,2007,131080907,1,1,3,2,7,2,3,5,2,0,0,0,0,1,-1,2007,131080907,425090.0,434680.0,-1.620476,53.807809,13,3,1,1,07/12/2007,6,15:40,204,E08000035,E08000035,6,0,6,30.0,3,4,6,0,0,0,4,1,1,0,0,1,1,2,E01011286
537,2007131081107,2007,131081107,2,1,1,1,33,6,3,0,0,0,0,0,1,1,-1,2007,131081107,424550.0,428630.0,-1.629156,53.753457,13,3,2,1,10/12/2007,2,14:20,204,E08000035,E08000035,3,62,6,50.0,0,-1,-1,-1,0,0,1,1,1,0,0,1,1,2,E01011523
538,2007131081607,2007,131081607,2,1,1,1,57,9,3,0,0,0,0,0,9,1,-1,2007,131081607,428500.0,432640.0,-1.568883,53.789299,13,3,2,1,10/12/2007,2,16:18,204,E08000035,E08000035,3,58,3,40.0,5,4,6,0,0,0,1,1,1,0,0,1,1,2,E01011363
539,2007131081707,2007,131081707,1,1,2,2,62,9,3,0,0,0,4,0,11,-1,-1,2007,131081707,428650.0,434150.0,-1.566466,53.802862,13,3,2,1,08/12/2007,7,09:30,204,E08000035,E08000035,6,0,6,30.0,8,4,-1,-1,0,0,1,9,2,0,0,1,2,2,E01011681
540,2007131082107,2007,131082107,1,1,3,1,32,6,2,5,3,0,0,0,0,1,-1,2007,131082107,432510.0,427330.0,-1.508575,53.741339,13,2,2,1,10/12/2007,2,12:05,204,E08000035,E08000035,3,61,6,40.0,6,2,3,654,0,5,1,1,1,0,0,1,1,2,E01011498
541,2007131082207,2007,131082207,1,1,3,2,12,3,3,5,1,0,0,0,0,1,-1,2007,131082207,426280.0,436790.0,-1.602226,53.826715,13,3,1,1,08/12/2007,7,13:55,204,E08000035,E08000035,6,0,6,30.0,0,-1,-1,-1,0,0,1,2,2,0,0,1,1,2,E01011485
542,2007131082507,2007,131082507,1,1,1,1,23,5,3,0,0,0,0,0,9,1,-1,2007,131082507,432000.0,430370.0,-1.515993,53.768693,13,3,1,2,09/12/2007,1,13:40,204,E08000035,E08000035,1,621,3,70.0,0,-1,-1,-1,0,0,1,1,2,0,0,2,1,1,E01011469
543,2007131082507,2007,131082507,1,2,2,1,19,4,3,0,0,1,0,0,9,-1,-1,2007,131082507,432000.0,430370.0,-1.515993,53.768693,13,3,1,2,09/12/2007,1,13:40,204,E08000035,E08000035,1,621,3,70.0,0,-1,-1,-1,0,0,1,1,2,0,0,2,1,1,E01011469
544,2007131082907,2007,131082907,1,1,1,1,58,9,3,0,0,0,0,0,9,1,-1,2007,131082907,423540.0,435410.0,-1.643958,53.814442,13,3,2,2,09/12/2007,1,10:20,204,E08000035,E08000035,4,6157,6,30.0,6,4,6,0,0,0,1,1,2,0,0,1,1,2,E01011329
545,2007131082907,2007,131082907,1,2,2,2,18,4,3,0,0,1,0,0,9,1,-1,2007,131082907,423540.0,435410.0,-1.643958,53.814442,13,3,2,2,09/12/2007,1,10:20,204,E08000035,E08000035,4,6157,6,30.0,6,4,6,0,0,0,1,1,2,0,0,1,1,2,E01011329
546,2007131083407,2007,131083407,1,1,3,1,73,10,1,1,1,0,0,0,0,1,-1,2007,131083407,424930.0,427630.0,-1.623473,53.744451,13,1,1,2,11/12/2007,3,12:26,204,E08000035,E08000035,3,643,6,30.0,6,2,3,650,0,5,1,1,1,0,0,1,1,2,E01011530
547,2007131083407,2007,131083407,1,2,1,1,47,8,3,0,0,0,0,0,11,1,-1,2007,131083407,424930.0,427630.0,-1.623473,53.744451,13,1,1,2,11/12/2007,3,12:26,204,E08000035,E08000035,3,643,6,30.0,6,2,3,650,0,5,1,1,1,0,0,1,1,2,E01011530
548,2007131083707,2007,131083707,1,1,2,2,41,7,3,0,0,0,4,0,11,1,-1,2007,131083707,430490.0,433700.0,-1.538573,53.798713,13,3,2,1,08/12/2007,7,16:15,204,E08000035,E08000035,6,0,6,30.0,0,-1,-1,-1,0,0,4,2,2,0,2,1,2,2,E01011365
549,2007131084107,2007,131084107,1,1,3,1,15,3,2,4,1,0,0,0,0,1,-1,2007,131084107,428320.0,429560.0,-1.571897,53.761626,13,2,1,1,11/12/2007,3,18:00,204,E08000035,E08000035,3,6110,3,40.0,1,4,3,6110,0,4,4,1,1,0,0,2,1,2,E01011531
550,2007131084307,2007,131084307,1,1,3,1,30,6,3,6,9,0,0,0,0,1,-1,2007,131084307,419890.0,445160.0,-1.698765,53.902226,13,3,1,1,07/12/2007,6,21:50,204,E08000035,E08000035,6,0,6,30.0,3,4,6,0,0,0,7,1,2,0,0,1,1,2,E01011574
551,2007131084807,2007,131084807,2,1,1,1,36,7,3,0,0,0,0,0,9,1,-1,2007,131084807,432000.0,430870.0,-1.515941,53.773187,13,3,2,1,10/12/2007,2,16:35,204,E08000035,E08000035,3,61,3,40.0,6,2,6,0,0,4,4,1,2,0,0,1,1,2,E01011468
552,2007131084907,2007,131084907,1,1,1,1,37,7,3,0,0,0,0,0,9,1,-1,2007,131084907,426220.0,431880.0,-1.603554,53.782587,13,3,2,2,02/12/2007,1,21:45,204,E08000035,E08000035,3,6110,3,30.0,6,2,6,0,0,0,1,1,1,0,0,1,2,2,E01011737
553,2007131084907,2007,131084907,1,2,2,1,39,7,3,0,0,1,0,0,9,1,-1,2007,131084907,426220.0,431880.0,-1.603554,53.782587,13,3,2,2,02/12/2007,1,21:45,204,E08000035,E08000035,3,6110,3,30.0,6,2,6,0,0,0,1,1,1,0,0,1,2,2,E01011737
554,2007131086307,2007,131086307,1,1,1,1,18,4,3,0,0,0,0,0,9,3,-1,2007,131086307,444240.0,442670.0,-1.32854,53.878346,13,3,1,1,11/12/2007,3,14:05,204,E08000035,E08000035,6,0,6,60.0,0,-1,-1,-1,0,0,1,8,2,0,0,2,1,2,E01011712
555,2007131086607,2007,131086607,1,1,1,1,44,7,3,0,0,0,0,0,4,1,-1,2007,131086607,425050.0,436070.0,-1.620971,53.820304,13,3,2,1,08/12/2007,7,01:30,204,E08000035,E08000035,4,6157,6,40.0,0,-1,-1,-1,0,0,4,7,2,0,0,1,2,2,E01011326
556,2007131087807,2007,131087807,1,1,2,2,34,6,3,0,0,0,3,0,11,1,-1,2007,131087807,428410.0,432510.0,-1.570261,53.788135,13,3,1,1,10/12/2007,2,16:55,204,E08000035,E08000035,3,62,1,30.0,1,4,3,58,0,0,4,9,1,0,0,1,2,2,E01011363
557,2007131088007,2007,131088007,2,1,1,2,25,5,3,0,0,0,0,0,9,1,-1,2007,131088007,428720.0,429690.0,-1.565817,53.762772,13,3,2,1,09/12/2007,1,10:30,204,E08000035,E08000035,3,653,6,40.0,3,4,3,6110,0,0,1,1,1,0,0,1,1,2,E01011321
558,2007131088607,2007,131088607,2,1,1,1,42,7,3,0,0,0,0,0,9,1,-1,2007,131088607,429420.0,433460.0,-1.55484,53.796618,13,3,2,3,09/12/2007,1,03:31,204,E08000035,E08000035,6,0,6,30.0,6,2,6,0,0,0,4,2,2,0,0,1,1,2,E01011365
559,2007131088607,2007,131088607,2,2,2,1,43,7,3,0,0,1,0,0,9,1,-1,2007,131088607,429420.0,433460.0,-1.55484,53.796618,13,3,2,3,09/12/2007,1,03:31,204,E08000035,E08000035,6,0,6,30.0,6,2,6,0,0,0,4,2,2,0,0,1,1,2,E01011365
560,2007131088607,2007,131088607,2,3,2,1,39,7,3,0,0,2,0,0,9,3,-1,2007,131088607,429420.0,433460.0,-1.55484,53.796618,13,3,2,3,09/12/2007,1,03:31,204,E08000035,E08000035,6,0,6,30.0,6,2,6,0,0,0,4,2,2,0,0,1,1,2,E01011365
561,2007131089907,2007,131089907,1,1,1,2,73,10,3,0,0,0,0,0,9,1,-1,2007,131089907,430360.0,438550.0,-1.540069,53.842312,13,3,2,2,11/12/2007,3,14:05,204,E08000035,E08000035,3,61,3,40.0,6,2,6,0,0,5,1,1,1,0,0,1,1,2,E01011514
562,2007131089907,2007,131089907,2,2,1,1,39,7,3,0,0,0,0,0,9,1,-1,2007,131089907,430360.0,438550.0,-1.540069,53.842312,13,3,2,2,11/12/2007,3,14:05,204,E08000035,E08000035,3,61,3,40.0,6,2,6,0,0,5,1,1,1,0,0,1,1,2,E01011514
563,2007131090207,2007,131090207,1,1,1,2,23,5,3,0,0,0,0,0,9,1,-1,2007,131090207,415790.0,442040.0,-1.761325,53.874324,13,3,2,2,11/12/2007,3,08:25,204,E08000035,E08000035,6,0,6,60.0,0,-1,-1,-1,0,0,1,1,4,0,0,2,1,2,E01011270
564,2007131090207,2007,131090207,2,2,1,2,22,5,3,0,0,0,0,0,9,1,-1,2007,131090207,415790.0,442040.0,-1.761325,53.874324,13,3,2,2,11/12/2007,3,08:25,204,E08000035,E08000035,6,0,6,60.0,0,-1,-1,-1,0,0,1,1,4,0,0,2,1,2,E01011270
565,2007131090307,2007,131090307,1,1,1,1,48,8,3,0,0,0,0,0,9,1,-1,2007,131090307,433840.0,434050.0,-1.487676,53.801653,13,3,2,1,12/12/2007,4,06:45,204,E08000035,E08000035,3,64,3,40.0,3,2,3,63,0,4,4,1,4,0,0,1,2,2,E01011617
566,2007131092307,2007,131092307,1,2,2,2,21,5,3,0,0,1,0,0,9,1,-1,2007,131092307,428650.0,430780.0,-1.566778,53.772573,13,3,2,2,12/12/2007,4,20:00,204,E08000035,E08000035,6,0,6,30.0,3,2,6,0,0,5,4,1,1,0,0,1,1,2,E01011315
567,2007131092307,2007,131092307,2,1,1,2,23,5,3,0,0,0,0,0,9,1,-1,2007,131092307,428650.0,430780.0,-1.566778,53.772573,13,3,2,2,12/12/2007,4,20:00,204,E08000035,E08000035,6,0,6,30.0,3,2,6,0,0,5,4,1,1,0,0,1,1,2,E01011315
568,2007131092607,2007,131092607,2,1,1,1,32,6,3,0,0,0,0,0,9,1,-1,2007,131092607,428410.0,431310.0,-1.570371,53.77735,13,3,3,4,13/12/2007,5,12:10,204,E08000035,E08000035,3,643,6,40.0,0,-1,-1,-1,0,1,1,1,2,0,0,1,1,2,E01011369
569,2007131092607,2007,131092607,2,3,2,1,39,7,3,0,0,1,0,0,9,1,-1,2007,131092607,428410.0,431310.0,-1.570371,53.77735,13,3,3,4,13/12/2007,5,12:10,204,E08000035,E08000035,3,643,6,40.0,0,-1,-1,-1,0,1,1,1,2,0,0,1,1,2,E01011369
570,2007131092607,2007,131092607,2,4,2,1,28,6,3,0,0,2,0,0,9,1,-1,2007,131092607,428410.0,431310.0,-1.570371,53.77735,13,3,3,4,13/12/2007,5,12:10,204,E08000035,E08000035,3,643,6,40.0,0,-1,-1,-1,0,1,1,1,2,0,0,1,1,2,E01011369
571,2007131092607,2007,131092607,3,2,1,1,43,7,3,0,0,0,0,0,9,1,-1,2007,131092607,428410.0,431310.0,-1.570371,53.77735,13,3,3,4,13/12/2007,5,12:10,204,E08000035,E08000035,3,643,6,40.0,0,-1,-1,-1,0,1,1,1,2,0,0,1,1,2,E01011369
572,2007131093107,2007,131093107,1,1,3,2,88,11,2,1,9,0,0,0,0,-1,-1,2007,131093107,436070.0,434780.0,-1.453733,53.808064,13,2,1,1,14/12/2007,6,14:20,204,E08000035,E08000035,6,0,6,40.0,1,4,3,6120,0,1,1,1,1,0,0,1,1,2,E01011345
573,2007131094707,2007,131094707,1,1,3,2,94,11,2,6,9,0,0,0,0,1,-1,2007,131094707,420270.0,445730.0,-1.692944,53.907335,13,2,1,1,09/12/2007,1,10:40,204,E08000035,E08000035,6,0,6,30.0,0,-1,-1,-1,0,0,1,2,2,0,0,1,1,2,E01011569
574,2007131095507,2007,131095507,2,1,1,1,24,5,3,0,0,0,0,0,1,1,-1,2007,131095507,429510.0,432860.0,-1.553531,53.79122,13,3,2,1,10/12/2007,2,18:45,204,E08000035,E08000035,6,0,6,30.0,0,-1,-1,-1,0,0,4,1,1,0,0,1,1,2,E01011367
575,2007131095607,2007,131095607,2,1,1,2,50,8,3,0,0,0,0,0,9,2,-1,2007,131095607,421150.0,445780.0,-1.679545,53.907749,13,3,2,1,13/12/2007,5,17:10,204,E08000035,E08000035,3,659,3,30.0,3,4,6,0,0,0,4,1,4,0,0,1,1,2,E01011569
576,2007131096107,2007,131096107,2,1,2,2,56,9,3,0,0,1,0,0,9,1,-1,2007,131096107,432550.0,427910.0,-1.507907,53.746549,13,3,2,1,15/12/2007,7,09:44,204,E08000035,E08000035,3,61,6,40.0,0,-1,-1,-1,0,0,1,7,2,0,0,1,1,2,E01011496
577,2007131096707,2007,131096707,2,1,1,1,54,8,3,0,0,0,0,0,9,1,-1,2007,131096707,429380.0,433820.0,-1.555413,53.799856,13,3,2,1,13/12/2007,5,21:10,204,E08000035,E08000035,2,58,7,40.0,5,4,6,0,0,0,4,1,4,0,0,1,1,2,E01011678
578,2007131097007,2007,131097007,2,1,1,1,21,5,3,0,0,0,0,0,9,-1,-1,2007,131097007,430750.0,435010.0,-1.534495,53.810472,13,3,2,1,14/12/2007,6,21:15,204,E08000035,E08000035,3,58,6,30.0,0,-1,-1,-1,0,0,4,1,1,0,0,1,1,2,E01011671
579,2007131097107,2007,131097107,1,1,3,1,37,7,3,10,1,0,0,0,0,1,-1,2007,131097107,426500.0,427740.0,-1.599659,53.745363,13,3,1,1,09/12/2007,1,15:10,204,E08000035,E08000035,6,0,6,30.0,3,4,6,0,0,0,1,1,1,0,0,1,2,2,E01011541
580,2007131097207,2007,131097207,2,1,1,1,37,7,3,0,0,0,0,0,9,1,-1,2007,131097207,424620.0,444330.0,-1.626843,53.894564,13,3,2,1,16/12/2007,1,21:35,204,E08000035,E08000035,3,658,6,50.0,0,-1,-1,-1,0,0,5,1,4,0,0,2,1,2,E01011570
581,2007131097807,2007,131097807,1,1,1,1,48,8,3,0,0,0,0,0,9,2,-1,2007,131097807,428620.0,440700.0,-1.566314,53.861734,13,3,2,1,06/12/2007,5,07:42,204,E08000035,E08000035,6,0,6,30.0,3,4,6,0,0,0,1,8,2,0,0,1,2,2,E01011554
582,2007131098307,2007,131098307,3,1,1,1,29,6,3,0,0,0,0,0,9,1,-1,2007,131098307,422230.0,433550.0,-1.663988,53.797782,13,3,3,2,12/12/2007,4,13:35,204,E08000035,E08000035,4,6155,6,30.0,6,4,6,0,0,0,1,1,1,0,0,1,1,2,E01011612
583,2007131098307,2007,131098307,3,2,2,1,30,6,3,0,0,1,0,0,9,1,-1,2007,131098307,422230.0,433550.0,-1.663988,53.797782,13,3,3,2,12/12/2007,4,13:35,204,E08000035,E08000035,4,6155,6,30.0,6,4,6,0,0,0,1,1,1,0,0,1,1,2,E01011612
584,2007131098407,2007,131098407,1,1,1,1,38,7,3,0,0,0,0,0,9,1,-1,2007,131098407,430750.0,435200.0,-1.534476,53.81218,13,3,2,3,13/12/2007,5,18:15,204,E08000035,E08000035,6,0,6,30.0,0,-1,-1,-1,0,0,4,8,4,0,0,1,1,2,E01011361
585,2007131098407,2007,131098407,1,2,2,2,40,7,3,0,0,2,0,0,9,1,-1,2007,131098407,430750.0,435200.0,-1.534476,53.81218,13,3,2,3,13/12/2007,5,18:15,204,E08000035,E08000035,6,0,6,30.0,0,-1,-1,-1,0,0,4,8,4,0,0,1,1,2,E01011361
586,2007131098407,2007,131098407,1,3,2,1,41,7,3,0,0,2,0,0,9,1,-1,2007,131098407,430750.0,435200.0,-1.534476,53.81218,13,3,2,3,13/12/2007,5,18:15,204,E08000035,E08000035,6,0,6,30.0,0,-1,-1,-1,0,0,4,8,4,0,0,1,1,2,E01011361
587,2007131099107,2007,131099107,2,1,1,1,13,3,3,0,0,0,0,0,1,-1,-1,2007,131099107,435650.0,435060.0,-1.460078,53.81061,13,3,2,1,11/12/2007,3,17:10,204,E08000035,E08000035,3,64,3,40.0,3,4,6,0,0,4,4,1,2,0,0,1,1,2,E01011666
588,2007131099407,2007,131099407,1,1,1,2,20,4,3,0,0,0,0,0,9,1,-1,2007,131099407,427310.0,435770.0,-1.586669,53.817494,13,3,2,2,11/12/2007,3,17:45,204,E08000035,E08000035,4,6157,6,30.0,3,4,6,0,0,0,4,1,2,0,0,1,1,2,E01011438
589,2007131099407,2007,131099407,1,2,2,2,26,6,3,0,0,1,0,0,9,1,-1,2007,131099407,427310.0,435770.0,-1.586669,53.817494,13,3,2,2,11/12/2007,3,17:45,204,E08000035,E08000035,4,6157,6,30.0,3,4,6,0,0,0,4,1,2,0,0,1,1,2,E01011438
590,2007131099507,2007,131099507,1,1,1,1,47,8,3,0,0,0,0,0,9,3,-1,2007,131099507,434390.0,434370.0,-1.47929,53.804493,13,3,2,2,12/12/2007,4,17:00,204,E08000035,E08000035,3,64,3,40.0,0,-1,-1,-1,0,4,4,1,1,0,0,1,1,2,E01011346
591,2007131099507,2007,131099507,2,2,1,2,20,4,3,0,0,0,0,0,9,1,-1,2007,131099507,434390.0,434370.0,-1.47929,53.804493,13,3,2,2,12/12/2007,4,17:00,204,E08000035,E08000035,3,64,3,40.0,0,-1,-1,-1,0,4,4,1,1,0,0,1,1,2,E01011346
592,2007131099707,2007,131099707,2,1,1,2,42,7,3,0,0,0,0,0,9,1,-1,2007,131099707,427070.0,432750.0,-1.590578,53.790363,13,3,2,1,12/12/2007,4,07:52,204,E08000035,E08000035,6,0,6,30.0,3,4,6,0,0,0,1,1,2,0,0,1,1,2,E01011732
593,2007131099807,2007,131099807,1,1,1,1,73,10,2,0,0,0,0,0,9,1,-1,2007,131099807,424670.0,427570.0,-1.62742,53.743924,13,2,1,1,13/12/2007,5,13:10,204,E08000035,E08000035,1,62,3,70.0,0,-1,-1,-1,0,0,1,1,1,0,0,2,1,1,E01011530
594,2007131100107,2007,131100107,1,2,2,1,64,9,3,0,0,1,0,0,9,2,-1,2007,131100107,432460.0,426140.0,-1.509457,53.730646,13,3,2,2,14/12/2007,6,13:34,204,E08000035,E08000035,1,62,3,70.0,5,4,1,62,0,0,1,1,2,0,0,2,1,1,E01011499
595,2007131100107,2007,131100107,2,1,1,1,45,7,3,0,0,0,0,0,9,1,-1,2007,131100107,432460.0,426140.0,-1.509457,53.730646,13,3,2,2,14/12/2007,6,13:34,204,E08000035,E08000035,1,62,3,70.0,5,4,1,62,0,0,1,1,2,0,0,2,1,1,E01011499
596,2007131100807,2007,131100807,1,1,1,1,21,5,3,0,0,0,0,0,9,1,-1,2007,131100807,433090.0,436120.0,-1.498841,53.820305,13,2,2,2,12/12/2007,4,15:25,204,E08000035,E08000035,3,58,3,40.0,6,4,6,0,0,0,1,1,2,0,0,1,1,2,E01011648
597,2007131100807,2007,131100807,2,2,1,2,60,9,2,0,0,0,0,0,9,1,-1,2007,131100807,433090.0,436120.0,-1.498841,53.820305,13,2,2,2,12/12/2007,4,15:25,204,E08000035,E08000035,3,58,3,40.0,6,4,6,0,0,0,1,1,2,0,0,1,1,2,E01011648
598,2007131101207,2007,131101207,1,1,1,2,26,6,3,0,0,0,0,0,9,1,-1,2007,131101207,428020.0,438520.0,-1.575635,53.842173,13,3,2,1,13/12/2007,5,12:40,204,E08000035,E08000035,3,6120,3,60.0,0,-1,-1,-1,0,0,1,1,1,0,0,2,1,2,E01011513
599,2007131101607,2007,131101607,1,1,1,2,85,11,3,0,0,0,0,0,9,1,-1,2007,131101607,424890.0,443470.0,-1.622804,53.886822,13,3,1,2,15/12/2007,7,11:00,204,E08000035,E08000035,3,660,6,40.0,9,4,6,0,0,0,1,1,4,0,0,2,1,2,E01011575
600,2007131101607,2007,131101607,1,2,2,2,83,11,3,0,0,1,0,0,9,1,-1,2007,131101607,424890.0,443470.0,-1.622804,53.886822,13,3,1,2,15/12/2007,7,11:00,204,E08000035,E08000035,3,660,6,40.0,9,4,6,0,0,0,1,1,4,0,0,2,1,2,E01011575
601,2007131101707,2007,131101707,1,1,1,1,24,5,3,0,0,0,0,0,9,1,-1,2007,131101707,422480.0,432980.0,-1.660234,53.792648,13,3,2,1,15/12/2007,7,15:30,204,E08000035,E08000035,6,0,6,30.0,3,4,6,0,0,0,1,1,2,0,0,1,1,2,E01011600
602,2007131102007,2007,131102007,1,1,1,2,22,5,3,0,0,0,0,0,9,1,-1,2007,131102007,429490.0,435560.0,-1.553577,53.815488,13,3,2,1,14/12/2007,6,08:45,204,E08000035,E08000035,6,0,6,30.0,3,4,6,0,0,0,1,1,4,0,0,1,1,2,E01011669
603,2007131102207,2007,131102207,1,1,1,1,32,6,3,0,0,0,0,0,1,1,-1,2007,131102207,425150.0,437880.0,-1.619304,53.836567,13,3,2,1,13/12/2007,5,08:00,204,E08000035,E08000035,6,0,1,40.0,1,4,3,6120,0,0,1,1,1,0,0,1,2,2,E01011463
604,2007131103707,2007,131103707,1,1,1,1,35,6,3,0,0,0,0,0,19,1,-1,2007,131103707,432010.0,430910.0,-1.515785,53.773546,13,3,1,2,16/12/2007,1,14:47,204,E08000035,E08000035,3,639,3,30.0,0,-1,-1,-1,0,4,1,1,2,0,0,1,1,2,E01011468
605,2007131103707,2007,131103707,1,2,2,1,25,5,3,0,0,1,0,0,19,1,-1,2007,131103707,432010.0,430910.0,-1.515785,53.773546,13,3,1,2,16/12/2007,1,14:47,204,E08000035,E08000035,3,639,3,30.0,0,-1,-1,-1,0,4,1,1,2,0,0,1,1,2,E01011468
606,2007131103807,2007,131103807,1,1,3,2,13,3,3,1,3,0,0,0,0,1,-1,2007,131103807,426200.0,427670.0,-1.604214,53.744749,13,3,1,1,17/12/2007,2,08:00,204,E08000035,E08000035,6,0,6,30.0,0,-1,-1,-1,2,1,1,1,1,0,0,1,1,2,E01011541
607,2007131104107,2007,131104107,1,1,3,2,42,7,3,5,1,0,0,0,0,1,-1,2007,131104107,426840.0,433120.0,-1.594037,53.793701,13,3,1,1,16/12/2007,1,19:10,204,E08000035,E08000035,6,0,6,30.0,0,-1,-1,-1,0,0,4,1,2,0,0,1,1,2,E01011292
608,2007131104507,2007,131104507,2,1,1,1,57,9,3,0,0,0,0,0,9,1,-1,2007,131104507,432050.0,430400.0,-1.515231,53.76896,13,3,2,1,17/12/2007,2,17:50,204,E08000035,E08000035,3,61,1,30.0,1,4,3,61,0,0,4,1,2,0,0,2,1,2,E01011469
609,2007131104607,2007,131104607,1,1,1,1,20,4,3,0,0,0,0,0,1,1,-1,2007,131104607,426700.0,433860.0,-1.596099,53.800359,13,3,1,2,12/12/2007,4,07:50,204,E08000035,E08000035,3,647,3,40.0,3,4,6,0,0,4,1,1,4,0,0,1,1,2,E01011290
610,2007131104607,2007,131104607,1,2,3,2,25,5,3,1,2,0,0,0,0,1,-1,2007,131104607,426700.0,433860.0,-1.596099,53.800359,13,3,1,2,12/12/2007,4,07:50,204,E08000035,E08000035,3,647,3,40.0,3,4,6,0,0,4,1,1,4,0,0,1,1,2,E01011290
611,2007131104707,2007,131104707,1,1,1,1,44,7,1,0,0,0,0,0,5,1,-1,2007,131104707,437950.0,427440.0,-1.426086,53.741961,13,1,2,1,17/12/2007,2,17:30,204,E08000035,E08000035,3,639,6,60.0,0,-1,-1,-1,0,0,4,1,2,0,0,2,1,2,E01011636
612,2007131105107,2007,131105107,2,1,1,1,32,6,1,0,0,0,0,0,9,2,-1,2007,131105107,427330.0,438270.0,-1.586143,53.839963,13,1,2,4,15/12/2007,7,17:48,204,E08000035,E08000035,6,0,6,30.0,0,-1,-1,-1,0,0,4,1,1,0,0,1,1,2,E01011683