,accident_index,accident_year_x,accident_reference_x,vehicle_reference,casualty_reference,casualty_class,sex_of_casualty,age_of_casualty,age_band_of_casualty,casualty_severity,pedestrian_location,pedestrian_movement,car_passenger,bus_or_coach_passenger,pedestrian_road_maintenance_worker,casualty_type,casualty_home_area_type,casualty_imd_decile,accident_year_y,accident_reference_y,location_easting_osgr,location_northing_osgr,longitude,latitude,police_force,accident_severity,number_of_vehicles,number_of_casualties,date,day_of_week,time,local_authority_district,local_authority_ons_district,local_authority_highway,first_road_class,first_road_number,road_type,speed_limit,junction_detail,junction_control,second_road_class,second_road_number,pedestrian_crossing_human_control,pedestrian_crossing_physical_facilities,light_conditions,weather_conditions,road_surface_conditions,special_conditions_at_site,carriageway_hazards,urban_or_rural_area,did_police_officer_attend_scene_of_accident,trunk_road_flag,lsoa_of_accident_location
613,2007131105107,2007,131105107,2,2,2,1,90,11,3,0,0,1,0,0,9,-1,-1,2007,131105107,427330.0,438270.0,-1.586143,53.839963,13,1,2,4,15/12/2007,7,17:48,204,E08000035,E08000035,6,0,6,30.0,0,-1,-1,-1,0,0,4,1,1,0,0,1,1,2,E01011683
614,2007131105107,2007,131105107,2,3,2,2,89,11,2,0,0,2,0,0,9,-1,-1,2007,131105107,427330.0,438270.0,-1.586143,53.839963,13,1,2,4,15/12/2007,7,17:48,204,E08000035,E08000035,6,0,6,30.0,0,-1,-1,-1,0,0,4,1,1,0,0,1,1,2,E01011683
615,2007131105107,2007,131105107,2,4,2,2,23,5,3,0,0,2,0,0,9,2,-1,2007,131105107,427330.0,438270.0,-1.586143,53.839963,13,1,2,4,15/12/2007,7,17:48,204,E08000035,E08000035,6,0,6,30.0,0,-1,-1,-1,0,0,4,1,1,0,0,1,1,2,E01011683
616,2007131105407,2007,131105407,1,1,2,1,56,9,3,0,0,1,0,0,9,1,-1,2007,131105407,427510.0,435870.0,-1.583622,53.818383,13,3,3,1,10/12/2007,2,23:12,204,E08000035,E08000035,4,6157,6,30.0,3,4,6,0,0,0,4,1,1,0,0,1,1,2,E01011438
617,2007131105607,2007,131105607,1,1,1,1,19,4,3,0,0,0,0,0,9,1,-1,2007,131105607,426690.0,431760.0,-1.596432,53.781485,13,3,3,1,06/12/2007,5,17:00,204,E08000035,E08000035,3,6110,1,40.0,1,4,3,58,0,0,4,1,1,0,0,1,2,2,E01011736
618,2007131107907,2007,131107907,2,1,1,2,38,7,3,0,0,0,0,0,9,2,-1,2007,131107907,440470.0,446920.0,-1.385322,53.91685,13,3,2,1,17/12/2007,2,16:45,204,E08000035,E08000035,3,1,3,50.0,0,-1,-1,-1,0,0,6,1,1,4,0,2,1,1,E01011704
619,2007131108207,2007,131108207,2,1,1,1,57,9,3,0,0,0,0,0,9,1,-1,2007,131108207,443320.0,438950.0,-1.343057,53.84499,13,3,2,1,15/12/2007,7,12:00,204,E08000035,E08000035,2,1,3,70.0,0,-1,-1,-1,0,0,1,7,4,0,0,2,2,1,E01011309
620,2007131109007,2007,131109007,1,1,1,1,31,6,2,0,0,0,0,0,9,1,-1,2007,131109007,425720.0,429640.0,-1.611328,53.762479,13,2,1,1,22/10/2007,2,21:02,204,E08000035,E08000035,3,62,6,50.0,0,-1,-1,-1,0,0,4,1,1,0,0,2,1,2,E01011522
621,2007131110707,2007,131110707,1,1,1,1,40,7,3,0,0,0,0,0,9,1,-1,2007,131110707,440890.0,448710.0,-1.378689,53.932905,13,3,2,1,18/12/2007,3,18:00,204,E08000035,E08000035,4,1224,6,30.0,6,4,6,0,0,0,4,8,2,0,0,1,1,2,E01011704
622,2007131111107,2007,131111107,1,1,1,2,40,7,3,0,0,0,0,0,9,1,-1,2007,131111107,431290.0,439310.0,-1.525859,53.849088,13,3,2,1,16/12/2007,1,11:12,204,E08000035,E08000035,3,6120,3,40.0,0,-1,-1,-1,0,0,1,1,2,0,0,1,1,2,E01011509
623,2007131111507,2007,131111507,1,1,1,1,31,6,3,0,0,0,0,0,5,1,-1,2007,131111507,439810.0,429990.0,-1.397558,53.764741,13,3,3,1,11/12/2007,3,11:20,204,E08000035,E08000035,6,0,6,60.0,0,-1,-1,-1,0,0,1,1,4,0,0,2,1,2,E01011392
624,2007131112007,2007,131112007,1,1,1,1,18,4,3,0,0,0,0,0,9,1,-1,2007,131112007,432950.0,435580.0,-1.501025,53.815461,13,3,2,2,15/12/2007,7,23:54,204,E08000035,E08000035,6,0,6,30.0,6,4,6,0,0,0,4,1,2,0,0,1,1,2,E01011424
625,2007131112007,2007,131112007,2,2,1,1,30,6,3,0,0,0,0,0,9,1,-1,2007,131112007,432950.0,435580.0,-1.501025,53.815461,13,3,2,2,15/12/2007,7,23:54,204,E08000035,E08000035,6,0,6,30.0,6,4,6,0,0,0,4,1,2,0,0,1,1,2,E01011424
626,2007131112207,2007,131112207,1,1,1,1,70,10,3,0,0,0,0,0,9,1,-1,2007,131112207,432940.0,432510.0,-1.501504,53.787869,13,2,2,2,13/12/2007,5,11:25,204,E08000035,E08000035,6,0,6,30.0,3,4,6,0,0,0,1,1,2,0,0,1,1,2,E01011621
627,2007131112207,2007,131112207,1,2,2,2,49,8,2,0,0,1,0,0,9,1,-1,2007,131112207,432940.0,432510.0,-1.501504,53.787869,13,2,2,2,13/12/2007,5,11:25,204,E08000035,E08000035,6,0,6,30.0,3,4,6,0,0,0,1,1,2,0,0,1,1,2,E01011621
628,2007131112407,2007,131112407,1,1,1,1,56,9,3,0,0,0,0,0,9,1,-1,2007,131112407,431000.0,440300.0,-1.530167,53.858003,13,3,2,1,14/12/2007,6,09:32,204,E08000035,E08000035,3,61,3,30.0,6,4,6,0,0,0,1,1,2,0,0,1,1,2,E01011565
629,2007131113207,2007,131113207,2,1,1,1,18,4,3,0,0,0,0,0,9,1,-1,2007,131113207,428980.0,430930.0,-1.561757,53.773903,13,3,2,2,02/12/2007,1,21:58,204,E08000035,E08000035,6,0,6,30.0,6,4,6,0,0,0,4,1,1,0,0,1,1,2,E01011313
630,2007131113207,2007,131113207,2,2,2,1,17,4,3,0,0,1,0,0,9,1,-1,2007,131113207,428980.0,430930.0,-1.561757,53.773903,13,3,2,2,02/12/2007,1,21:58,204,E08000035,E08000035,6,0,6,30.0,6,4,6,0,0,0,4,1,1,0,0,1,1,2,E01011313
631,2007131114207,2007,131114207,1,1,2,2,19,4,3,0,0,2,0,0,9,1,-1,2007,131114207,426520.0,435650.0,-1.598678,53.816457,13,3,2,4,15/12/2007,7,05:40,204,E08000035,E08000035,4,6157,6,30.0,6,2,6,0,0,0,4,1,2,0,0,1,1,2,E01011477
632,2007131114207,2007,131114207,1,2,2,2,18,4,3,0,0,1,0,0,9,1,-1,2007,131114207,426520.0,435650.0,-1.598678,53.816457,13,3,2,4,15/12/2007,7,05:40,204,E08000035,E08000035,4,6157,6,30.0,6,2,6,0,0,0,4,1,2,0,0,1,1,2,E01011477
633,2007131114207,2007,131114207,1,3,2,1,22,5,3,0,0,2,0,0,9,1,-1,2007,131114207,426520.0,435650.0,-1.598678,53.816457,13,3,2,4,15/12/2007,7,05:40,204,E08000035,E08000035,4,6157,6,30.0,6,2,6,0,0,0,4,1,2,0,0,1,1,2,E01011477
634,2007131114207,2007,131114207,2,4,1,1,35,6,3,0,0,0,0,0,9,-1,-1,2007,131114207,426520.0,435650.0,-1.598678,53.816457,13,3,2,4,15/12/2007,7,05:40,204,E08000035,E08000035,4,6157,6,30.0,6,2,6,0,0,0,4,1,2,0,0,1,1,2,E01011477
635,2007131115707,2007,131115707,1,1,1,1,24,5,3,0,0,0,0,0,9,1,-1,2007,131115707,424180.0,438890.0,-1.633965,53.845691,13,3,2,2,17/12/2007,2,13:05,204,E08000035,E08000035,6,0,6,30.0,3,4,6,0,0,0,1,8,2,0,0,1,1,2,E01011459
636,2007131115707,2007,131115707,2,2,1,1,55,8,3,0,0,0,0,0,9,1,-1,2007,131115707,424180.0,438890.0,-1.633965,53.845691,13,3,2,2,17/12/2007,2,13:05,204,E08000035,E08000035,6,0,6,30.0,3,4,6,0,0,0,1,8,2,0,0,1,1,2,E01011459
637,2007131115907,2007,131115907,2,1,1,1,28,6,3,0,0,0,0,0,1,1,-1,2007,131115907,430210.0,434910.0,-1.542706,53.809605,13,3,2,1,18/12/2007,3,22:00,204,E08000035,E08000035,6,0,6,30.0,3,4,6,0,0,0,4,1,1,0,0,1,1,2,E01011671
638,2007131116807,2007,131116807,1,1,3,1,19,4,3,1,2,0,0,0,0,1,-1,2007,131116807,430120.0,433920.0,-1.544169,53.800712,13,3,1,1,20/12/2007,5,23:06,204,E08000035,E08000035,6,0,2,30.0,0,-1,-1,-1,0,4,4,1,1,0,0,1,1,2,E01011365
639,2007131117607,2007,131117607,1,1,1,1,30,6,3,0,0,0,0,0,9,1,-1,2007,131117607,421800.0,435460.0,-1.670381,53.814967,13,3,2,2,19/12/2007,4,20:00,204,E08000035,E08000035,6,0,6,30.0,3,4,4,6156,0,0,4,1,2,0,0,1,1,2,E01011592
640,2007131117607,2007,131117607,2,2,1,2,25,5,3,0,0,0,0,0,9,1,-1,2007,131117607,421800.0,435460.0,-1.670381,53.814967,13,3,2,2,19/12/2007,4,20:00,204,E08000035,E08000035,6,0,6,30.0,3,4,4,6156,0,0,4,1,2,0,0,1,1,2,E01011592
641,2007131117907,2007,131117907,1,1,1,1,33,6,3,0,0,0,0,0,9,1,-1,2007,131117907,423570.0,434680.0,-1.643558,53.80788,13,3,2,1,20/12/2007,5,22:00,204,E08000035,E08000035,6,0,6,30.0,3,2,6,0,0,0,4,1,1,0,0,1,1,2,E01011337
642,2007131118507,2007,131118507,2,1,1,2,51,8,3,0,0,0,0,0,9,1,-1,2007,131118507,428510.0,433050.0,-1.568693,53.792983,13,3,2,1,19/12/2007,4,12:10,204,E08000035,E08000035,4,6154,6,30.0,1,4,3,58,0,8,1,1,1,0,0,1,1,2,E01011363
643,2007131119507,2007,131119507,1,1,1,2,23,5,3,0,0,0,0,0,9,1,-1,2007,131119507,434810.0,425870.0,-1.473868,53.728069,13,3,1,1,19/12/2007,4,19:18,204,E08000035,E08000035,1,62,3,70.0,0,-1,-1,-1,0,0,6,1,1,0,0,2,1,1,E01011636
644,2007131122407,2007,131122407,1,1,1,1,36,7,3,0,0,0,0,0,9,1,-1,2007,131122407,432500.0,433470.0,-1.508082,53.796525,13,3,1,1,15/11/2007,5,00:43,204,E08000035,E08000035,6,0,6,30.0,9,4,6,0,0,0,4,1,1,0,0,1,1,2,E01011618
645,2007131124007,2007,131124007,1,1,1,1,20,4,3,0,0,0,0,0,9,1,-1,2007,131124007,419580.0,438480.0,-1.703907,53.842199,13,2,2,3,27/12/2007,5,03:06,204,E08000035,E08000035,3,658,6,40.0,3,3,6,0,0,0,4,1,2,0,0,2,1,2,E01010683
646,2007131124007,2007,131124007,1,3,2,2,20,4,2,0,0,1,0,0,9,-1,-1,2007,131124007,419580.0,438480.0,-1.703907,53.842199,13,2,2,3,27/12/2007,5,03:06,204,E08000035,E08000035,3,658,6,40.0,3,3,6,0,0,0,4,1,2,0,0,2,1,2,E01010683
647,2007131124007,2007,131124007,2,2,1,1,49,8,3,0,0,0,0,0,9,1,-1,2007,131124007,419580.0,438480.0,-1.703907,53.842199,13,2,2,3,27/12/2007,5,03:06,204,E08000035,E08000035,3,658,6,40.0,3,3,6,0,0,0,4,1,2,0,0,2,1,2,E01010683
648,2007131124107,2007,131124107,1,1,1,1,27,6,3,0,0,0,0,0,9,1,-1,2007,131124107,427190.0,433520.0,-1.588689,53.797278,13,3,1,1,23/12/2007,1,02:24,204,E08000035,E08000035,6,0,6,30.0,3,4,6,0,0,0,4,1,1,0,0,1,1,2,E01011293
649,2007131124307,2007,131124307,2,1,1,1,35,6,3,0,0,0,0,0,8,1,-1,2007,131124307,429400.0,433910.0,-1.555101,53.800663,13,3,2,2,21/12/2007,6,07:09,204,E08000035,E08000035,2,58,7,40.0,5,4,2,58,0,0,4,1,2,0,0,1,1,2,E01011678
650,2007131124307,2007,131124307,2,2,2,2,24,5,3,0,0,2,0,0,8,1,-1,2007,131124307,429400.0,433910.0,-1.555101,53.800663,13,3,2,2,21/12/2007,6,07:09,204,E08000035,E08000035,2,58,7,40.0,5,4,2,58,0,0,4,1,2,0,0,1,1,2,E01011678
651,2007131124607,2007,131124607,1,1,1,1,44,7,3,0,0,0,0,0,9,-1,-1,2007,131124607,425110.0,437940.0,-1.619907,53.837109,13,3,2,1,22/12/2007,7,18:00,204,E08000035,E08000035,6,0,6,30.0,3,4,6,0,0,0,4,1,2,0,0,1,2,2,E01011464
652,2007131125007,2007,131125007,1,1,3,1,43,7,2,10,9,0,0,0,0,2,-1,2007,131125007,430100.0,433830.0,-1.544481,53.799904,13,2,1,1,21/12/2007,6,07:20,204,E08000035,E08000035,6,0,6,30.0,8,4,-1,-1,0,0,4,1,2,0,0,1,1,2,E01011365
653,2007131125607,2007,131125607,1,1,1,1,44,7,3,0,0,0,0,0,9,3,-1,2007,131125607,431950.0,428240.0,-1.516971,53.749552,13,3,2,2,19/12/2007,4,19:00,204,E08000035,E08000035,1,1,3,70.0,0,-1,-1,-1,0,0,4,1,2,0,0,2,1,1,E01011502
654,2007131125607,2007,131125607,2,2,1,1,44,7,3,0,0,0,0,0,9,-1,-1,2007,131125607,431950.0,428240.0,-1.516971,53.749552,13,3,2,2,19/12/2007,4,19:00,204,E08000035,E08000035,1,1,3,70.0,0,-1,-1,-1,0,0,4,1,2,0,0,2,1,1,E01011502
655,2007131126107,2007,131126107,1,1,3,1,8,2,2,5,2,0,0,0,0,1,-1,2007,131126107,429990.0,431000.0,-1.546426,53.774475,13,2,1,1,21/12/2007,6,13:52,204,E08000035,E08000035,6,0,6,30.0,3,4,6,0,0,0,1,1,1,0,0,1,1,2,E01011312
656,2007131126507,2007,131126507,1,1,1,2,20,4,3,0,0,0,0,0,9,1,-1,2007,131126507,429980.0,432120.0,-1.546469,53.784542,13,3,1,1,21/12/2007,6,21:10,204,E08000035,E08000035,1,621,3,50.0,0,-1,-1,-1,0,0,4,8,2,4,0,1,1,1,E01011364
657,2007131126707,2007,131126707,1,1,1,2,82,11,3,0,0,0,0,0,9,1,-1,2007,131126707,422560.0,428850.0,-1.65932,53.755524,13,3,1,1,22/12/2007,7,14:45,204,E08000035,E08000035,4,6135,6,30.0,0,-1,-1,-1,0,0,1,1,2,0,0,1,1,2,E01011521
658,2007131127207,2007,131127207,1,1,3,1,14,3,3,5,2,0,0,0,0,1,-1,2007,131127207,431380.0,428100.0,-1.525629,53.748329,13,3,1,1,22/12/2007,7,19:00,204,E08000035,E08000035,6,0,6,30.0,0,-1,-1,-1,0,0,4,1,2,0,0,2,1,2,E01011490
659,2007131127307,2007,131127307,1,1,1,1,52,8,3,0,0,0,0,0,19,1,-1,2007,131127307,437790.0,431990.0,-1.427956,53.782867,13,3,2,1,21/12/2007,6,07:48,204,E08000035,E08000035,1,1,3,70.0,0,-1,-1,-1,0,0,6,1,2,0,0,2,1,1,E01011402
660,2007131127707,2007,131127707,1,1,1,1,20,4,3,0,0,0,0,0,9,1,-1,2007,131127707,423960.0,427930.0,-1.638158,53.747193,13,3,2,1,27/11/2007,3,15:25,204,E08000035,E08000035,3,62,3,40.0,0,-1,-1,-1,0,0,1,1,1,0,0,2,2,1,E01011523
661,2007131128207,2007,131128207,1,1,2,1,22,5,3,0,0,1,0,0,9,1,-1,2007,131128207,436360.0,428350.0,-1.450085,53.750253,13,3,1,1,22/12/2007,7,21:30,204,E08000035,E08000035,6,0,6,30.0,8,4,-1,-1,0,0,4,1,2,0,0,1,1,2,E01011635
662,2007131129407,2007,131129407,1,1,1,1,20,4,2,0,0,0,0,0,4,1,-1,2007,131129407,427530.0,435870.0,-1.583318,53.818382,13,2,1,1,19/12/2007,4,08:20,204,E08000035,E08000035,4,6157,6,30.0,3,4,6,0,0,0,1,1,2,0,0,1,1,2,E01011435
663,2007131129807,2007,131129807,1,1,3,2,22,5,3,4,2,0,0,0,0,1,-1,2007,131129807,433110.0,434020.0,-1.498762,53.80143,13,3,1,1,19/12/2007,4,19:30,204,E08000035,E08000035,3,64,3,40.0,6,2,4,6159,2,7,4,1,2,0,0,1,1,2,E01011340
664,2007131130107,2007,131130107,1,1,1,1,71,10,3,0,0,0,0,0,9,1,-1,2007,131130107,424120.0,444000.0,-1.634477,53.891622,13,2,2,3,23/12/2007,1,11:05,204,E08000035,E08000035,3,660,6,60.0,6,2,3,658,0,0,1,1,2,0,0,2,1,2,E01011575
665,2007131130107,2007,131130107,2,2,1,1,65,9,3,0,0,0,0,0,9,1,-1,2007,131130107,424120.0,444000.0,-1.634477,53.891622,13,2,2,3,23/12/2007,1,11:05,204,E08000035,E08000035,3,660,6,60.0,6,2,3,658,0,0,1,1,2,0,0,2,1,2,E01011575
666,2007131130107,2007,131130107,2,3,2,2,75,10,2,0,0,1,0,0,9,2,-1,2007,131130107,424120.0,444000.0,-1.634477,53.891622,13,2,2,3,23/12/2007,1,11:05,204,E08000035,E08000035,3,660,6,60.0,6,2,3,658,0,0,1,1,2,0,0,2,1,2,E01011575
667,2007131130207,2007,131130207,1,1,2,1,17,4,3,0,0,2,0,0,9,1,-1,2007,131130207,437580.0,432260.0,-1.43111,53.785309,13,3,3,1,18/12/2007,3,17:10,204,E08000035,E08000035,6,0,6,60.0,0,-1,-1,-1,0,0,6,1,1,0,0,2,1,2,E01011411
668,2007131130807,2007,131130807,1,1,1,1,28,6,3,0,0,0,0,0,9,3,-1,2007,131130807,438070.0,432880.0,-1.423597,53.790846,13,3,2,1,16/12/2007,1,15:25,204,E08000035,E08000035,3,63,3,60.0,0,-1,-1,-1,0,0,1,1,2,0,0,2,1,2,E01011402
669,2007131132707,2007,131132707,1,1,1,1,37,7,3,0,0,0,0,0,9,1,-1,2007,131132707,424630.0,433560.0,-1.627551,53.797764,13,3,2,2,21/12/2007,6,16:20,204,E08000035,E08000035,3,6110,1,30.0,1,4,3,6110,0,0,4,1,2,0,0,1,2,2,E01011608
670,2007131132707,2007,131132707,1,2,2,2,35,6,3,0,0,1,0,0,9,1,-1,2007,131132707,424630.0,433560.0,-1.627551,53.797764,13,3,2,2,21/12/2007,6,16:20,204,E08000035,E08000035,3,6110,1,30.0,1,4,3,6110,0,0,4,1,2,0,0,1,2,2,E01011608
671,2007131133307,2007,131133307,1,1,1,1,18,4,2,0,0,0,0,0,9,-1,-1,2007,131133307,432730.0,435920.0,-1.50433,53.818531,13,2,4,2,26/12/2007,4,15:15,204,E08000035,E08000035,3,58,3,40.0,0,-1,-1,-1,0,0,1,1,2,0,0,1,1,2,E01011648
672,2007131133307,2007,131133307,1,2,2,1,20,4,3,0,0,1,0,0,9,1,-1,2007,131133307,432730.0,435920.0,-1.50433,53.818531,13,2,4,2,26/12/2007,4,15:15,204,E08000035,E08000035,3,58,3,40.0,0,-1,-1,-1,0,0,1,1,2,0,0,1,1,2,E01011648
673,2007131134007,2007,131134007,2,1,1,1,28,6,3,0,0,0,0,0,9,1,-1,2007,131134007,430080.0,430910.0,-1.545069,53.773661,13,3,2,1,20/12/2007,5,16:30,204,E08000035,E08000035,6,0,6,30.0,3,4,6,0,0,0,4,1,1,0,0,1,1,2,E01011322
674,2007131134707,2007,131134707,2,1,2,2,23,5,3,0,0,1,0,0,9,1,-1,2007,131134707,426670.0,427470.0,-1.597105,53.742928,13,3,2,2,24/12/2007,2,19:33,204,E08000035,E08000035,4,6123,6,30.0,6,2,6,0,0,0,4,1,2,0,0,1,1,2,E01011547
675,2007131134707,2007,131134707,2,2,2,1,27,6,3,0,0,2,0,0,9,1,-1,2007,131134707,426670.0,427470.0,-1.597105,53.742928,13,3,2,2,24/12/2007,2,19:33,204,E08000035,E08000035,4,6123,6,30.0,6,2,6,0,0,0,4,1,2,0,0,1,1,2,E01011547
676,2007131135007,2007,131135007,1,1,3,2,18,4,3,8,3,0,0,0,0,1,-1,2007,131135007,427930.0,436120.0,-1.57722,53.820607,13,3,1,1,24/12/2007,2,00:35,204,E08000035,E08000035,3,660,6,30.0,0,-1,-1,-1,0,0,4,1,2,0,0,1,1,2,E01011440
677,2007131135407,2007,131135407,2,1,2,2,12,3,3,0,0,2,0,0,9,1,-1,2007,131135407,428530.0,434280.0,-1.568276,53.804037,13,3,2,2,24/12/2007,2,20:55,204,E08000035,E08000035,6,0,6,30.0,3,4,6,0,0,0,4,1,1,0,0,1,1,2,E01011681
678,2007131135407,2007,131135407,2,2,2,2,35,6,3,0,0,1,0,0,9,1,-1,2007,131135407,428530.0,434280.0,-1.568276,53.804037,13,3,2,2,24/12/2007,2,20:55,204,E08000035,E08000035,6,0,6,30.0,3,4,6,0,0,0,4,1,1,0,0,1,1,2,E01011681
679,2007131135607,2007,131135607,1,1,3,2,55,8,3,5,3,0,0,0,0,1,-1,2007,131135607,431890.0,435710.0,-1.517111,53.816695,13,3,1,1,21/12/2007,6,06:30,204,E08000035,E08000035,3,58,6,30.0,3,4,6,0,0,0,4,1,1,0,0,1,1,2,E01011428
680,2007131135907,2007,131135907,1,2,1,1,71,10,3,0,0,0,0,0,9,1,-1,2007,131135907,429960.0,430860.0,-1.546894,53.773219,13,3,2,2,24/12/2007,2,16:22,204,E08000035,E08000035,3,653,3,30.0,2,2,6,0,0,0,4,1,2,0,0,1,1,2,E01011322
681,2007131135907,2007,131135907,2,1,1,2,20,4,3,0,0,0,0,0,9,1,-1,2007,131135907,429960.0,430860.0,-1.546894,53.773219,13,3,2,2,24/12/2007,2,16:22,204,E08000035,E08000035,3,653,3,30.0,2,2,6,0,0,0,4,1,2,0,0,1,1,2,E01011322
682,2007131136007,2007,131136007,1,1,1,1,56,9,3,0,0,0,0,0,1,1,-1,2007,131136007,424890.0,443470.0,-1.622804,53.886822,13,3,2,1,23/12/2007,1,11:00,204,E08000035,E08000035,3,660,6,40.0,3,4,6,0,0,0,1,1,1,0,0,2,1,2,E01011575
683,2007131136107,2007,131136107,1,1,3,1,37,7,2,9,5,0,0,0,0,1,-1,2007,131136107,429800.0,433660.0,-1.549052,53.798394,13,2,1,1,21/12/2007,6,20:07,204,E08000035,E08000035,6,0,6,30.0,0,-1,-1,-1,0,0,4,1,1,0,0,1,1,2,E01011365
684,2007131136407,2007,131136407,2,1,2,2,38,7,3,0,0,2,0,0,9,1,-1,2007,131136407,425680.0,426870.0,-1.612164,53.737584,13,3,2,2,26/12/2007,4,23:35,204,E08000035,E08000035,3,650,6,30.0,3,2,4,6123,0,5,4,2,2,0,0,1,1,2,E01011546
685,2007131136407,2007,131136407,2,2,2,2,15,3,3,0,0,1,0,0,9,1,-1,2007,131136407,425680.0,426870.0,-1.612164,53.737584,13,3,2,2,26/12/2007,4,23:35,204,E08000035,E08000035,3,650,6,30.0,3,2,4,6123,0,5,4,2,2,0,0,1,1,2,E01011546
686,2007131136907,2007,131136907,1,1,3,1,21,5,2,10,1,0,0,0,0,1,-1,2007,131136907,432760.0,426700.0,-1.504851,53.735661,13,2,1,1,26/12/2007,4,20:37,204,E08000035,E08000035,3,61,6,30.0,0,-1,-1,-1,0,0,4,1,2,0,6,1,1,2,E01011498
687,2007131137807,2007,131137807,2,1,1,2,54,8,3,0,0,0,0,0,9,1,-1,2007,131137807,432160.0,425820.0,-1.514038,53.727789,13,3,3,6,22/12/2007,7,18:40,204,E08000035,E08000035,1,1,3,70.0,0,-1,-1,-1,0,0,4,1,2,0,0,2,1,1,E01011499
688,2007131137807,2007,131137807,2,3,2,1,28,6,3,0,0,1,0,0,9,1,-1,2007,131137807,432160.0,425820.0,-1.514038,53.727789,13,3,3,6,22/12/2007,7,18:40,204,E08000035,E08000035,1,1,3,70.0,0,-1,-1,-1,0,0,4,1,2,0,0,2,1,1,E01011499
689,2007131137807,2007,131137807,2,4,2,1,27,6,3,0,0,2,0,0,9,1,-1,2007,131137807,432160.0,425820.0,-1.514038,53.727789,13,3,3,6,22/12/2007,7,18:40,204,E08000035,E08000035,1,1,3,70.0,0,-1,-1,-1,0,0,4,1,2,0,0,2,1,1,E01011499
690,2007131137807,2007,131137807,2,5,2,2,28,6,3,0,0,2,0,0,9,1,-1,2007,131137807,432160.0,425820.0,-1.514038,53.727789,13,3,3,6,22/12/2007,7,18:40,204,E08000035,E08000035,1,1,3,70.0,0,-1,-1,-1,0,0,4,1,2,0,0,2,1,1,E01011499
691,2007131137807,2007,131137807,2,6,2,2,28,6,3,0,0,2,0,0,9,1,-1,2007,131137807,432160.0,425820.0,-1.514038,53.727789,13,3,3,6,22/12/2007,7,18:40,204,E08000035,E08000035,1,1,3,70.0,0,-1,-1,-1,0,0,4,1,2,0,0,2,1,1,E01011499
692,2007131137807,2007,131137807,3,2,1,1,24,5,3,0,0,0,0,0,9,-1,-1,2007,131137807,432160.0,425820.0,-1.514038,53.727789,13,3,3,6,22/12/2007,7,18:40,204,E08000035,E08000035,1,1,3,70.0,0,-1,-1,-1,0,0,4,1,2,0,0,2,1,1,E01011499
693,2007131139507,2007,131139507,2,1,1,2,60,9,3,0,0,0,0,0,9,1,-1,2007,131139507,439890.0,434190.0,-1.395803,53.802483,13,3,2,1,23/12/2007,1,09:40,204,E08000035,E08000035,1,1,3,70.0,0,-1,-1,-1,0,0,1,1,2,0,0,2,1,1,E01011296
694,2007131140207,2007,131140207,2,1,1,1,40,7,3,0,0,0,0,0,3,1,-1,2007,131140207,436830.0,433720.0,-1.442319,53.798484,13,3,2,1,15/12/2007,7,17:55,204,E08000035,E08000035,3,6120,6,40.0,3,4,6,0,0,0,4,1,2,0,0,1,1,2,E01011411
695,2007131141207,2007,131141207,1,1,3,1,77,11,2,5,3,0,0,0,0,-1,-1,2007,131141207,440320.0,433080.0,-1.389419,53.792474,13,2,1,1,22/12/2007,7,12:25,204,E08000035,E08000035,6,0,6,30.0,9,4,4,6137,0,0,1,1,2,0,0,1,1,2,E01011396
696,2007131141807,2007,131141807,1,1,1,2,57,9,3,0,0,0,0,0,9,1,-1,2007,131141807,441190.0,432320.0,-1.376314,53.785575,13,3,1,1,23/12/2007,1,14:25,204,E08000035,E08000035,6,0,6,30.0,3,4,6,0,0,0,1,1,2,0,0,1,1,2,E01011401
697,2007131142407,2007,131142407,2,1,1,1,50,8,2,0,0,0,0,0,9,1,-1,2007,131142407,437900.0,438300.0,-1.425512,53.839571,13,2,2,1,25/12/2007,3,01:00,204,E08000035,E08000035,3,64,6,60.0,0,-1,-1,-1,0,0,6,2,5,0,0,2,1,2,E01011715
698,2007131142907,2007,131142907,2,1,1,1,30,6,3,0,0,0,0,0,9,1,-1,2007,131142907,432190.0,435350.0,-1.512592,53.813441,13,3,6,1,25/12/2007,3,16:40,204,E08000035,E08000035,6,0,6,30.0,0,-1,-1,-1,0,0,4,1,1,0,0,1,1,2,E01011432
699,2007131143007,2007,131143007,1,1,2,2,27,6,3,0,0,2,0,0,8,1,-1,2007,131143007,425480.0,434280.0,-1.614587,53.804195,13,3,2,1,22/12/2007,7,11:38,204,E08000035,E08000035,3,647,3,40.0,6,4,6,0,0,0,1,1,2,0,0,1,1,2,E01011286