,accident_index,accident_year_x,accident_reference_x,vehicle_reference,casualty_reference,casualty_class,sex_of_casualty,age_of_casualty,age_band_of_casualty,casualty_severity,pedestrian_location,pedestrian_movement,car_passenger,bus_or_coach_passenger,pedestrian_road_maintenance_worker,casualty_type,casualty_home_area_type,casualty_imd_decile,accident_year_y,accident_reference_y,location_easting_osgr,location_northing_osgr,longitude,latitude,police_force,accident_severity,number_of_vehicles,number_of_casualties,date,day_of_week,time,local_authority_district,local_authority_ons_district,local_authority_highway,first_road_class,first_road_number,road_type,speed_limit,junction_detail,junction_control,second_road_class,second_road_number,pedestrian_crossing_human_control,pedestrian_crossing_physical_facilities,light_conditions,weather_conditions,road_surface_conditions,special_conditions_at_site,carriageway_hazards,urban_or_rural_area,did_police_officer_attend_scene_of_accident,trunk_road_flag,lsoa_of_accident_location
700,2007131143307,2007,131143307,1,1,1,2,68,10,3,0,0,0,0,0,9,1,-1,2007,131143307,420240.0,439510.0,-1.693809,53.851431,13,3,1,1,27/12/2007,5,15:48,204,E08000035,E08000035,3,658,6,30.0,3,2,4,6152,0,8,1,2,2,1,2,1,1,2,E01011278
701,2007131143507,2007,131143507,2,1,1,2,37,7,3,0,0,0,0,0,9,1,-1,2007,131143507,420980.0,434330.0,-1.682912,53.804844,13,3,3,2,22/12/2007,7,13:39,204,E08000035,E08000035,3,647,3,70.0,0,-1,-1,-1,0,5,1,2,2,0,0,1,1,2,E01011595
702,2007131143507,2007,131143507,3,2,1,2,34,6,3,0,0,0,0,0,9,1,-1,2007,131143507,420980.0,434330.0,-1.682912,53.804844,13,3,3,2,22/12/2007,7,13:39,204,E08000035,E08000035,3,647,3,70.0,0,-1,-1,-1,0,5,1,2,2,0,0,1,1,2,E01011595
703,2007131143907,2007,131143907,1,1,2,2,18,4,3,0,0,1,0,0,9,-1,-1,2007,131143907,428630.0,432290.0,-1.566942,53.786146,13,3,1,1,25/12/2007,3,11:11,204,E08000035,E08000035,3,643,3,40.0,0,-1,-1,-1,0,0,1,1,2,0,0,1,1,2,E01011366
704,2007131144507,2007,131144507,1,1,1,2,55,8,3,0,0,0,0,0,9,1,-1,2007,131144507,433400.0,425850.0,-1.495241,53.727981,13,3,2,2,25/12/2007,3,13:52,204,E08000035,E08000035,1,62,3,70.0,0,-1,-1,-1,0,0,1,1,2,0,0,2,1,1,E01011500
705,2007131144507,2007,131144507,2,2,1,1,41,7,3,0,0,0,0,0,9,1,-1,2007,131144507,433400.0,425850.0,-1.495241,53.727981,13,3,2,2,25/12/2007,3,13:52,204,E08000035,E08000035,1,62,3,70.0,0,-1,-1,-1,0,0,1,1,2,0,0,2,1,1,E01011500
706,2007131145107,2007,131145107,1,1,1,1,17,4,1,0,0,0,0,0,9,1,-1,2007,131145107,434350.0,433760.0,-1.479965,53.799013,13,1,1,1,29/12/2007,7,08:10,204,E08000035,E08000035,3,63,3,40.0,0,-1,-1,-1,0,0,1,1,2,0,0,1,1,2,E01011616
707,2007131145507,2007,131145507,1,1,1,1,22,5,3,0,0,0,0,0,9,1,-1,2007,131145507,430750.0,433510.0,-1.534645,53.79699,13,3,2,2,28/12/2007,6,21:15,204,E08000035,E08000035,3,61,6,30.0,0,-1,-1,-1,0,5,1,1,1,0,0,1,2,2,E01011365
708,2007131145507,2007,131145507,2,2,2,1,22,5,3,0,0,1,0,0,9,1,-1,2007,131145507,430750.0,433510.0,-1.534645,53.79699,13,3,2,2,28/12/2007,6,21:15,204,E08000035,E08000035,3,61,6,30.0,0,-1,-1,-1,0,5,1,1,1,0,0,1,2,2,E01011365
709,2007131145607,2007,131145607,1,1,1,1,41,7,3,0,0,0,0,0,8,1,-1,2007,131145607,427520.0,436940.0,-1.583375,53.827999,13,3,2,3,26/12/2007,4,20:45,204,E08000035,E08000035,3,660,6,30.0,3,4,6,0,0,0,4,1,2,0,0,1,1,2,E01011690
710,2007131145607,2007,131145607,2,2,1,1,21,5,3,0,0,0,0,0,9,1,-1,2007,131145607,427520.0,436940.0,-1.583375,53.827999,13,3,2,3,26/12/2007,4,20:45,204,E08000035,E08000035,3,660,6,30.0,3,4,6,0,0,0,4,1,2,0,0,1,1,2,E01011690
711,2007131145607,2007,131145607,2,3,2,1,21,5,3,0,0,1,0,0,9,1,-1,2007,131145607,427520.0,436940.0,-1.583375,53.827999,13,3,2,3,26/12/2007,4,20:45,204,E08000035,E08000035,3,660,6,30.0,3,4,6,0,0,0,4,1,2,0,0,1,1,2,E01011690
712,2007131146207,2007,131146207,1,1,1,1,39,7,3,0,0,0,0,0,8,1,-1,2007,131146207,423280.0,429750.0,-1.648332,53.763582,13,3,2,2,28/12/2007,6,16:20,204,E08000035,E08000035,3,58,6,50.0,6,4,6,0,0,0,4,2,2,0,0,2,1,2,E01011520
713,2007131146207,2007,131146207,2,2,1,2,21,5,3,0,0,0,0,0,9,1,-1,2007,131146207,423280.0,429750.0,-1.648332,53.763582,13,3,2,2,28/12/2007,6,16:20,204,E08000035,E08000035,3,58,6,50.0,6,4,6,0,0,0,4,2,2,0,0,2,1,2,E01011520
714,2007131146607,2007,131146607,1,1,3,1,22,5,3,9,5,0,0,0,0,1,-1,2007,131146607,431530.0,435130.0,-1.522638,53.811504,13,3,1,1,30/12/2007,1,02:40,204,E08000035,E08000035,6,0,6,30.0,3,4,3,58,0,0,4,1,1,0,0,1,1,2,E01011673
715,2007131146807,2007,131146807,1,1,3,2,37,7,3,4,3,0,0,0,0,1,-1,2007,131146807,430040.0,433360.0,-1.545438,53.795684,13,3,1,1,28/12/2007,6,00:05,204,E08000035,E08000035,6,0,6,30.0,0,-1,-1,-1,0,5,4,4,2,0,0,1,2,2,E01011365
716,2007131147107,2007,131147107,1,1,3,2,16,4,2,5,1,0,0,0,0,1,-1,2007,131147107,430600.0,433660.0,-1.536907,53.798347,13,2,1,1,28/11/2007,4,16:10,204,E08000035,E08000035,6,0,6,30.0,9,4,6,0,0,0,6,1,1,0,0,1,2,2,E01011365
717,2007131147207,2007,131147207,3,1,1,1,39,7,3,0,0,0,0,0,9,2,-1,2007,131147207,432430.0,433750.0,-1.509115,53.799046,13,3,3,2,12/12/2007,4,16:50,204,E08000035,E08000035,6,0,3,40.0,1,2,6,0,0,4,4,1,2,0,0,1,1,2,E01011348
718,2007131147207,2007,131147207,3,2,2,2,12,3,3,0,0,1,0,0,9,2,-1,2007,131147207,432430.0,433750.0,-1.509115,53.799046,13,3,3,2,12/12/2007,4,16:50,204,E08000035,E08000035,6,0,3,40.0,1,2,6,0,0,4,4,1,2,0,0,1,1,2,E01011348
719,2007131147307,2007,131147307,1,1,3,1,16,4,3,5,1,0,0,0,0,1,-1,2007,131147307,420850.0,436990.0,-1.684706,53.828758,13,3,1,1,27/12/2007,5,14:30,204,E08000035,E08000035,3,657,6,30.0,0,-1,-1,-1,0,0,1,1,2,0,0,1,1,2,E01011589
720,2007131148807,2007,131148807,2,1,2,1,40,7,3,0,0,1,0,0,9,1,-1,2007,131148807,432020.0,435860.0,-1.515121,53.818035,13,3,2,1,30/12/2007,1,11:50,204,E08000035,E08000035,3,58,3,30.0,6,2,6,0,0,0,1,1,2,0,0,1,1,2,E01011422
721,2007131149407,2007,131149407,1,1,3,2,35,6,3,4,1,0,0,0,0,1,-1,2007,131149407,440460.0,448350.0,-1.385286,53.929703,13,3,1,1,28/12/2007,6,17:00,204,E08000035,E08000035,4,1224,6,30.0,8,4,6,0,0,5,4,5,2,0,0,1,1,2,E01011704
722,2007131149707,2007,131149707,2,1,1,2,26,6,3,0,0,0,0,0,9,-1,-1,2007,131149707,440290.0,437370.0,-1.389314,53.831033,13,3,4,2,26/12/2007,4,14:00,204,E08000035,E08000035,6,0,6,60.0,0,-1,-1,-1,0,0,1,1,2,6,0,2,1,2,E01011309
723,2007131149707,2007,131149707,4,2,1,1,56,9,3,0,0,0,0,0,9,1,-1,2007,131149707,440290.0,437370.0,-1.389314,53.831033,13,3,4,2,26/12/2007,4,14:00,204,E08000035,E08000035,6,0,6,60.0,0,-1,-1,-1,0,0,1,1,2,6,0,2,1,2,E01011309
724,2007131150407,2007,131150407,1,1,1,1,34,6,3,0,0,0,0,0,9,1,-1,2007,131150407,432540.0,426060.0,-1.508253,53.729922,13,3,2,2,28/12/2007,6,21:20,204,E08000035,E08000035,1,62,3,70.0,0,-1,-1,-1,0,0,4,2,2,0,0,2,1,1,E01011499
725,2007131150407,2007,131150407,1,2,2,1,36,7,3,0,0,1,0,0,9,1,-1,2007,131150407,432540.0,426060.0,-1.508253,53.729922,13,3,2,2,28/12/2007,6,21:20,204,E08000035,E08000035,1,62,3,70.0,0,-1,-1,-1,0,0,4,2,2,0,0,2,1,1,E01011499
726,2007131151007,2007,131151007,2,1,1,1,25,5,3,0,0,0,0,0,9,1,-1,2007,131151007,430100.0,431570.0,-1.544701,53.779592,13,3,2,3,23/12/2007,1,13:25,204,E08000035,E08000035,3,653,6,30.0,9,4,6,0,0,0,1,8,2,0,0,1,1,2,E01011371
727,2007131151007,2007,131151007,2,2,2,1,28,6,3,0,0,1,0,0,9,-1,-1,2007,131151007,430100.0,431570.0,-1.544701,53.779592,13,3,2,3,23/12/2007,1,13:25,204,E08000035,E08000035,3,653,6,30.0,9,4,6,0,0,0,1,8,2,0,0,1,1,2,E01011371
728,2007131151007,2007,131151007,2,3,2,1,24,5,3,0,0,2,0,0,9,1,-1,2007,131151007,430100.0,431570.0,-1.544701,53.779592,13,3,2,3,23/12/2007,1,13:25,204,E08000035,E08000035,3,653,6,30.0,9,4,6,0,0,0,1,8,2,0,0,1,1,2,E01011371
729,2007131151507,2007,131151507,1,1,1,2,65,9,3,0,0,0,0,0,9,1,-1,2007,131151507,434290.0,428880.0,-1.481417,53.755156,13,3,2,3,31/12/2007,2,12:20,204,E08000035,E08000035,6,0,6,30.0,3,4,6,0,0,0,1,1,1,0,0,1,1,2,E01011639
730,2007131151507,2007,131151507,2,2,2,2,11,3,3,0,0,2,0,0,9,-1,-1,2007,131151507,434290.0,428880.0,-1.481417,53.755156,13,3,2,3,31/12/2007,2,12:20,204,E08000035,E08000035,6,0,6,30.0,3,4,6,0,0,0,1,1,1,0,0,1,1,2,E01011639
731,2007131151507,2007,131151507,2,3,2,2,10,2,3,0,0,2,0,0,9,1,-1,2007,131151507,434290.0,428880.0,-1.481417,53.755156,13,3,2,3,31/12/2007,2,12:20,204,E08000035,E08000035,6,0,6,30.0,3,4,6,0,0,0,1,1,1,0,0,1,1,2,E01011639
732,2007131151907,2007,131151907,1,1,3,1,60,9,3,5,1,0,0,0,0,1,-1,2007,131151907,433530.0,435940.0,-1.492177,53.81866,13,3,1,1,28/12/2007,6,16:30,204,E08000035,E08000035,6,0,6,30.0,3,4,6,0,0,0,1,1,1,0,0,1,2,2,E01011421
733,2007131152007,2007,131152007,2,1,1,1,23,5,3,0,0,0,0,0,9,1,-1,2007,131152007,425970.0,433660.0,-1.607199,53.798598,13,3,2,2,30/12/2007,1,23:50,204,E08000035,E08000035,6,0,6,30.0,3,4,6,0,0,0,4,1,1,0,0,1,1,2,E01011288
734,2007131152007,2007,131152007,2,2,2,2,26,6,3,0,0,1,0,0,9,1,-1,2007,131152007,425970.0,433660.0,-1.607199,53.798598,13,3,2,2,30/12/2007,1,23:50,204,E08000035,E08000035,6,0,6,30.0,3,4,6,0,0,0,4,1,1,0,0,1,1,2,E01011288
735,2007131152607,2007,131152607,1,1,3,1,8,2,3,5,3,0,0,0,0,1,-1,2007,131152607,426670.0,433870.0,-1.596553,53.80045,13,3,1,1,25/12/2007,3,15:00,204,E08000035,E08000035,3,647,3,40.0,0,-1,-1,-1,0,4,1,1,2,0,0,1,1,2,E01011290
736,2007131153007,2007,131153007,1,1,3,2,15,3,3,5,3,0,0,0,0,-1,-1,2007,131153007,424550.0,435490.0,-1.628612,53.815115,13,3,1,1,24/12/2007,2,19:30,204,E08000035,E08000035,6,0,6,30.0,3,4,6,0,0,0,4,1,2,0,0,1,1,2,E01011323
737,2007131153507,2007,131153507,1,1,1,1,30,6,3,0,0,0,0,0,8,1,-1,2007,131153507,426280.0,435580.0,-1.602329,53.81584,13,3,2,1,31/12/2007,2,21:31,204,E08000035,E08000035,3,65,6,30.0,6,2,4,6157,0,0,4,1,1,0,0,1,1,2,E01011488
738,2007131154407,2007,131154407,2,1,1,2,54,8,3,0,0,0,0,0,9,1,-1,2007,131154407,431730.0,430500.0,-1.520076,53.769878,13,3,2,1,30/12/2007,1,11:43,204,E08000035,E08000035,1,621,3,50.0,0,-1,-1,-1,0,0,1,1,2,0,0,1,1,1,E01011470
739,2007131155407,2007,131155407,2,1,1,1,23,5,3,0,0,0,0,0,9,1,-1,2007,131155407,427990.0,435180.0,-1.576394,53.812155,13,3,2,1,24/12/2007,2,11:20,204,E08000035,E08000035,6,0,6,30.0,3,4,6,0,0,0,1,1,1,0,0,1,2,2,E01011441
740,2007131156007,2007,131156007,2,1,2,2,35,6,3,0,0,0,3,0,11,-1,-1,2007,131156007,430480.0,433450.0,-1.538749,53.796467,13,3,2,1,31/12/2007,2,09:30,204,E08000035,E08000035,6,0,6,30.0,0,-1,-1,-1,0,0,1,1,2,0,0,1,2,2,E01011365
741,2007131156207,2007,131156207,1,1,1,1,43,7,3,0,0,0,0,0,9,1,-1,2007,131156207,427640.0,434500.0,-1.58177,53.806062,13,3,2,1,23/12/2007,1,00:30,204,E08000035,E08000035,3,65,6,30.0,3,4,6,0,0,0,7,9,1,0,0,1,2,2,E01011483
742,2007131157007,2007,131157007,1,1,1,1,82,11,3,0,0,0,0,0,9,2,-1,2007,131157007,438620.0,445780.0,-1.413631,53.906745,13,3,2,1,31/12/2007,2,17:05,204,E08000035,E08000035,3,58,6,30.0,3,4,6,0,0,0,4,1,1,0,0,1,1,2,E01011696
743,2007131158307,2007,131158307,2,1,1,1,65,9,3,0,0,0,0,0,9,1,-1,2007,131158307,440850.0,447800.0,-1.37942,53.924729,13,3,3,1,07/12/2007,6,12:35,204,E08000035,E08000035,3,58,6,50.0,0,-1,-1,-1,0,0,1,1,1,0,0,2,1,2,E01011704
744,2007131159407,2007,131159407,1,1,1,1,28,6,3,0,0,0,0,0,9,1,-1,2007,131159407,429730.0,430540.0,-1.550415,53.770356,13,3,2,1,12/08/2007,1,16:00,204,E08000035,E08000035,3,653,6,30.0,3,4,6,0,0,0,1,1,1,0,0,1,1,2,E01011316
745,2007131160007,2007,131160007,2,1,1,1,17,4,3,0,0,0,0,0,3,1,-1,2007,131160007,427810.0,436890.0,-1.578973,53.827534,13,3,2,1,29/12/2007,7,21:32,204,E08000035,E08000035,6,0,6,30.0,3,4,6,0,0,0,4,1,2,0,0,1,1,2,E01011690
746,2007131160207,2007,131160207,1,1,3,1,81,11,3,5,9,0,0,0,0,1,-1,2007,131160207,430090.0,431350.0,-1.544874,53.777615,13,3,1,1,28/12/2007,6,16:35,204,E08000035,E08000035,3,653,6,30.0,3,4,6,0,0,0,4,2,2,0,0,1,2,2,E01011371
747,2008130000308,2008,130000308,1,1,3,1,18,4,2,5,1,0,0,0,0,1,-1,2008,130000308,428840.0,430200.0,-1.563949,53.76735,13,2,1,1,01/01/2008,3,02:45,204,E08000035,E08000035,6,0,6,30.0,3,4,6,0,0,0,4,5,2,0,0,1,1,2,E01011320
748,2008130001908,2008,130001908,1,1,2,2,26,6,3,0,0,1,0,0,9,2,-1,2008,130001908,440410.0,432290.0,-1.388156,53.785367,13,3,1,1,01/01/2008,3,19:46,204,E08000035,E08000035,3,63,6,40.0,0,-1,-1,-1,0,0,4,1,2,0,0,2,1,2,E01011402
749,2008130002208,2008,130002208,1,1,1,1,20,4,3,0,0,0,0,0,3,1,-1,2008,130002208,429940.0,427010.0,-1.54757,53.738616,13,3,2,1,03/01/2008,5,17:50,204,E08000035,E08000035,3,654,6,30.0,3,4,6,0,0,0,4,3,2,0,0,1,2,2,E01011495
750,2008130003408,2008,130003408,1,1,1,2,22,5,3,0,0,0,0,0,9,1,-1,2008,130003408,429240.0,437200.0,-1.557219,53.830242,13,3,3,2,03/01/2008,5,19:08,204,E08000035,E08000035,6,0,6,30.0,3,4,6,0,0,0,4,1,2,0,0,1,1,2,E01011688
751,2008130003408,2008,130003408,2,2,1,1,49,8,3,0,0,0,0,0,9,1,-1,2008,130003408,429240.0,437200.0,-1.557219,53.830242,13,3,3,2,03/01/2008,5,19:08,204,E08000035,E08000035,6,0,6,30.0,3,4,6,0,0,0,4,1,2,0,0,1,1,2,E01011688
752,2008130003608,2008,130003608,1,1,1,1,75,10,3,0,0,0,0,0,9,2,-1,2008,130003608,426820.0,426660.0,-1.5949,53.73564,13,3,2,1,05/01/2008,7,12:20,204,E08000035,E08000035,3,650,6,30.0,7,2,4,6127,0,5,1,1,1,0,0,1,1,2,E01011547
753,2008130004208,2008,130004208,1,1,3,2,14,3,2,8,3,0,0,0,0,1,-1,2008,130004208,429930.0,427010.0,-1.547722,53.738617,13,2,1,1,04/01/2008,6,17:10,204,E08000035,E08000035,3,654,6,30.0,3,4,6,0,0,8,4,1,1,0,0,1,1,2,E01011495
754,2008130004408,2008,130004408,1,1,1,1,30,6,3,0,0,0,0,0,9,1,-1,2008,130004408,431980.0,435540.0,-1.515762,53.815162,13,3,2,6,04/01/2008,6,18:15,204,E08000035,E08000035,6,0,6,30.0,3,4,6,0,0,0,4,1,1,0,0,1,1,2,E01011428
755,2008130004408,2008,130004408,1,2,2,1,30,6,3,0,0,1,0,0,9,-1,-1,2008,130004408,431980.0,435540.0,-1.515762,53.815162,13,3,2,6,04/01/2008,6,18:15,204,E08000035,E08000035,6,0,6,30.0,3,4,6,0,0,0,4,1,1,0,0,1,1,2,E01011428
756,2008130004408,2008,130004408,1,3,2,1,22,5,3,0,0,2,0,0,9,1,-1,2008,130004408,431980.0,435540.0,-1.515762,53.815162,13,3,2,6,04/01/2008,6,18:15,204,E08000035,E08000035,6,0,6,30.0,3,4,6,0,0,0,4,1,1,0,0,1,1,2,E01011428
757,2008130004408,2008,130004408,1,4,2,1,20,4,3,0,0,2,0,0,9,1,-1,2008,130004408,431980.0,435540.0,-1.515762,53.815162,13,3,2,6,04/01/2008,6,18:15,204,E08000035,E08000035,6,0,6,30.0,3,4,6,0,0,0,4,1,1,0,0,1,1,2,E01011428
758,2008130004408,2008,130004408,2,5,2,1,12,3,3,0,0,1,0,0,9,-1,-1,2008,130004408,431980.0,435540.0,-1.515762,53.815162,13,3,2,6,04/01/2008,6,18:15,204,E08000035,E08000035,6,0,6,30.0,3,4,6,0,0,0,4,1,1,0,0,1,1,2,E01011428
759,2008130004408,2008,130004408,2,6,2,1,8,2,3,0,0,2,0,0,9,-1,-1,2008,130004408,431980.0,435540.0,-1.515762,53.815162,13,3,2,6,04/01/2008,6,18:15,204,E08000035,E08000035,6,0,6,30.0,3,4,6,0,0,0,4,1,1,0,0,1,1,2,E01011428
760,2008130004708,2008,130004708,2,1,1,2,40,7,3,0,0,0,0,0,1,1,-1,2008,130004708,427910.0,434360.0,-1.577683,53.80479,13,3,2,1,02/01/2008,4,16:15,204,E08000035,E08000035,3,65,6,30.0,8,4,-1,-1,0,0,4,4,2,0,0,1,1,2,E01011483
761,2008130004808,2008,130004808,1,1,1,2,47,8,3,0,0,0,0,0,9,1,-1,2008,130004808,421570.0,433050.0,-1.674042,53.793316,13,3,2,3,06/01/2008,1,11:20,204,E08000035,E08000035,4,6154,6,30.0,3,4,6,0,0,0,1,1,2,0,0,1,1,2,E01011605
762,2008130004808,2008,130004808,1,3,2,2,50,8,3,0,0,1,0,0,9,1,-1,2008,130004808,421570.0,433050.0,-1.674042,53.793316,13,3,2,3,06/01/2008,1,11:20,204,E08000035,E08000035,4,6154,6,30.0,3,4,6,0,0,0,1,1,2,0,0,1,1,2,E01011605
763,2008130004808,2008,130004808,2,2,1,2,43,7,3,0,0,0,0,0,9,1,-1,2008,130004808,421570.0,433050.0,-1.674042,53.793316,13,3,2,3,06/01/2008,1,11:20,204,E08000035,E08000035,4,6154,6,30.0,3,4,6,0,0,0,1,1,2,0,0,1,1,2,E01011605
764,2008130005108,2008,130005108,1,1,1,1,40,7,3,0,0,0,0,0,9,1,-1,2008,130005108,428930.0,429850.0,-1.562617,53.764199,13,3,2,2,05/01/2008,7,22:50,204,E08000035,E08000035,3,653,3,30.0,6,2,6,0,0,0,4,1,2,0,0,1,1,2,E01011320
765,2008130005108,2008,130005108,2,2,1,1,27,6,3,0,0,0,0,0,9,1,-1,2008,130005108,428930.0,429850.0,-1.562617,53.764199,13,3,2,2,05/01/2008,7,22:50,204,E08000035,E08000035,3,653,3,30.0,6,2,6,0,0,0,4,1,2,0,0,1,1,2,E01011320
766,2008130005308,2008,130005308,2,1,1,1,20,4,3,0,0,0,0,0,9,1,-1,2008,130005308,426160.0,435430.0,-1.604164,53.814497,13,3,3,1,05/01/2008,7,19:55,204,E08000035,E08000035,6,0,6,30.0,6,2,6,0,0,5,4,1,2,0,0,1,1,2,E01011477
767,2008130005608,2008,130005608,1,1,3,1,23,5,3,5,3,0,0,0,0,1,-1,2008,130005608,431480.0,435110.0,-1.523399,53.811327,13,3,1,1,06/01/2008,1,23:35,204,E08000035,E08000035,6,0,6,30.0,0,-1,-1,-1,0,0,4,2,2,0,0,1,1,2,E01011673
768,2008130005708,2008,130005708,2,1,2,2,54,8,3,0,0,1,0,0,9,1,-1,2008,130005708,431890.0,434880.0,-1.517197,53.809235,13,3,2,1,05/01/2008,7,20:47,204,E08000035,E08000035,6,0,6,30.0,3,4,6,0,0,0,4,2,2,0,0,1,1,2,E01011677
769,2008130005808,2008,130005808,1,1,3,1,15,3,2,5,3,0,0,0,0,-1,-1,2008,130005808,426670.0,433850.0,-1.596555,53.800271,13,2,1,1,05/01/2008,7,15:35,204,E08000035,E08000035,3,647,3,40.0,3,4,6,0,0,8,1,1,1,0,0,1,1,2,E01011290
770,2008130005908,2008,130005908,1,1,1,1,20,4,3,0,0,0,0,0,9,1,-1,2008,130005908,433830.0,429760.0,-1.488297,53.763096,13,3,2,1,05/01/2008,7,18:25,204,E08000035,E08000035,1,1,3,70.0,5,4,1,1,0,0,4,4,1,0,0,2,1,1,E01011639
771,2008130006008,2008,130006008,2,1,1,1,45,7,2,0,0,0,0,0,3,1,-1,2008,130006008,429390.0,431350.0,-1.555496,53.777655,13,2,2,1,04/01/2008,6,18:10,204,E08000035,E08000035,6,0,6,30.0,6,2,6,0,0,5,4,2,2,0,0,1,1,2,E01011370
772,2008130006208,2008,130006208,1,1,1,2,32,6,3,0,0,0,0,0,9,-1,-1,2008,130006208,420090.0,434170.0,-1.696436,53.803441,13,3,4,1,02/01/2008,4,16:50,204,E08000035,E08000035,3,647,3,40.0,0,-1,-1,-1,0,0,4,1,1,0,0,1,1,2,E01011597
773,2008130006908,2008,130006908,1,1,1,2,52,8,3,0,0,0,0,0,9,3,-1,2008,130006908,426450.0,426010.0,-1.600565,53.729816,13,3,1,1,06/01/2008,1,13:05,204,E08000035,E08000035,1,62,3,70.0,0,-1,-1,-1,0,0,1,1,2,0,0,2,1,1,E01011546
774,2008130007308,2008,130007308,1,1,1,2,19,4,3,0,0,0,0,0,9,1,-1,2008,130007308,419200.0,441840.0,-1.709473,53.872412,13,3,3,2,07/01/2008,2,16:26,204,E08000035,E08000035,3,65,6,30.0,0,-1,-1,-1,0,0,4,5,2,0,0,1,1,2,E01011265
775,2008130007308,2008,130007308,2,2,2,2,35,6,3,0,0,1,0,0,9,1,-1,2008,130007308,419200.0,441840.0,-1.709473,53.872412,13,3,3,2,07/01/2008,2,16:26,204,E08000035,E08000035,3,65,6,30.0,0,-1,-1,-1,0,0,4,5,2,0,0,1,1,2,E01011265
776,2008130007408,2008,130007408,1,1,1,1,27,6,3,0,0,0,0,0,9,1,-1,2008,130007408,426640.0,433490.0,-1.597042,53.797037,13,3,3,2,07/01/2008,2,15:10,204,E08000035,E08000035,6,0,6,30.0,3,4,6,0,0,0,1,1,1,0,0,1,1,2,E01011291
777,2008130007408,2008,130007408,2,2,1,1,19,4,3,0,0,0,0,0,9,1,-1,2008,130007408,426640.0,433490.0,-1.597042,53.797037,13,3,3,2,07/01/2008,2,15:10,204,E08000035,E08000035,6,0,6,30.0,3,4,6,0,0,0,1,1,1,0,0,1,1,2,E01011291
778,2008130007908,2008,130007908,1,1,3,1,20,4,2,5,9,0,0,0,0,1,-1,2008,130007908,429390.0,431340.0,-1.555497,53.777565,13,2,1,1,06/01/2008,1,18:00,204,E08000035,E08000035,6,0,6,30.0,6,2,6,0,0,5,7,1,1,0,0,1,2,2,E01011370
779,2008130008208,2008,130008208,1,1,3,2,47,8,3,5,1,0,0,0,0,1,-1,2008,130008208,428320.0,430720.0,-1.571791,53.772052,13,3,1,1,07/01/2008,2,07:00,204,E08000035,E08000035,6,0,2,30.0,9,4,-1,-1,0,0,4,2,2,0,0,1,2,2,E01011369
780,2008130008508,2008,130008508,1,1,1,2,32,6,2,0,0,0,0,0,9,3,-1,2008,130008508,438110.0,427390.0,-1.423666,53.7415,13,2,1,1,08/01/2008,3,06:15,204,E08000035,E08000035,3,639,6,60.0,0,-1,-1,-1,0,0,4,1,4,0,0,2,1,2,E01011636
781,2008130008708,2008,130008708,1,1,2,2,8,2,3,0,0,0,3,0,11,1,-1,2008,130008708,430070.0,433880.0,-1.544932,53.800356,13,3,1,1,07/01/2008,2,16:08,204,E08000035,E08000035,6,0,6,30.0,0,-1,-1,-1,0,5,4,1,2,0,6,1,1,2,E01011365
782,2008130008908,2008,130008908,1,1,3,1,23,5,2,9,5,0,0,0,0,1,-1,2008,130008908,429560.0,431600.0,-1.552893,53.779892,13,2,1,1,07/01/2008,2,19:58,204,E08000035,E08000035,6,0,6,30.0,0,-1,-1,-1,0,1,4,1,2,0,0,1,1,2,E01011364
783,2008130009308,2008,130009308,1,1,1,1,50,8,3,0,0,0,0,0,9,1,-1,2008,130009308,428370.0,432470.0,-1.570871,53.787778,13,3,2,1,04/01/2008,6,16:35,204,E08000035,E08000035,3,62,6,40.0,1,4,3,58,0,0,1,1,1,0,0,1,1,2,E01011366
784,2008130009408,2008,130009408,1,1,1,2,48,8,3,0,0,0,0,0,9,1,-1,2008,130009408,434800.0,428890.0,-1.473681,53.755213,13,3,2,2,06/01/2008,1,20:40,204,E08000035,E08000035,6,0,6,30.0,6,4,6,0,0,0,4,2,2,0,0,1,1,2,E01011628
785,2008130009408,2008,130009408,2,2,1,1,36,7,3,0,0,0,0,0,9,1,-1,2008,130009408,434800.0,428890.0,-1.473681,53.755213,13,3,2,2,06/01/2008,1,20:40,204,E08000035,E08000035,6,0,6,30.0,6,4,6,0,0,0,4,2,2,0,0,1,1,2,E01011628
786,2008130010508,2008,130010508,2,1,1,2,23,5,3,0,0,0,0,0,9,-1,-1,2008,130010508,423400.0,427910.0,-1.646651,53.747039,13,3,2,1,07/01/2008,2,08:55,204,E08000035,E08000035,1,62,3,70.0,0,-1,-1,-1,0,0,1,5,2,0,0,2,2,1,E01011527
787,2008130011608,2008,130011608,1,1,2,1,20,4,3,0,0,0,4,0,11,1,-1,2008,130011608,429170.0,433840.0,-1.5586,53.800047,13,3,1,5,09/01/2008,4,10:50,204,E08000035,E08000035,6,0,6,30.0,0,-1,-1,-1,0,0,1,4,2,0,0,1,2,2,E01011678