,accident_index,accident_year_x,accident_reference_x,vehicle_reference,casualty_reference,casualty_class,sex_of_casualty,age_of_casualty,age_band_of_casualty,casualty_severity,pedestrian_location,pedestrian_movement,car_passenger,bus_or_coach_passenger,pedestrian_road_maintenance_worker,casualty_type,casualty_home_area_type,casualty_imd_decile,accident_year_y,accident_reference_y,location_easting_osgr,location_northing_osgr,longitude,latitude,police_force,accident_severity,number_of_vehicles,number_of_casualties,date,day_of_week,time,local_authority_district,local_authority_ons_district,local_authority_highway,first_road_class,first_road_number,road_type,speed_limit,junction_detail,junction_control,second_road_class,second_road_number,pedestrian_crossing_human_control,pedestrian_crossing_physical_facilities,light_conditions,weather_conditions,road_surface_conditions,special_conditions_at_site,carriageway_hazards,urban_or_rural_area,did_police_officer_attend_scene_of_accident,trunk_road_flag,lsoa_of_accident_location
788,2008130011608,2008,130011608,1,2,2,2,21,5,3,0,0,0,4,0,11,1,-1,2008,130011608,429170.0,433840.0,-1.5586,53.800047,13,3,1,5,09/01/2008,4,10:50,204,E08000035,E08000035,6,0,6,30.0,0,-1,-1,-1,0,0,1,4,2,0,0,1,2,2,E01011678
789,2008130011608,2008,130011608,1,3,2,1,22,5,3,0,0,0,4,0,11,1,-1,2008,130011608,429170.0,433840.0,-1.5586,53.800047,13,3,1,5,09/01/2008,4,10:50,204,E08000035,E08000035,6,0,6,30.0,0,-1,-1,-1,0,0,1,4,2,0,0,1,2,2,E01011678
790,2008130011608,2008,130011608,1,4,2,2,23,5,3,0,0,0,4,0,11,-1,-1,2008,130011608,429170.0,433840.0,-1.5586,53.800047,13,3,1,5,09/01/2008,4,10:50,204,E08000035,E08000035,6,0,6,30.0,0,-1,-1,-1,0,0,1,4,2,0,0,1,2,2,E01011678
791,2008130011608,2008,130011608,1,5,2,2,24,5,3,0,0,0,4,0,11,1,-1,2008,130011608,429170.0,433840.0,-1.5586,53.800047,13,3,1,5,09/01/2008,4,10:50,204,E08000035,E08000035,6,0,6,30.0,0,-1,-1,-1,0,0,1,4,2,0,0,1,2,2,E01011678
792,2008130012008,2008,130012008,1,1,3,2,7,2,3,5,1,0,0,0,0,1,-1,2008,130012008,436240.0,436700.0,-1.450926,53.825309,13,3,1,2,06/01/2008,1,14:05,204,E08000035,E08000035,6,0,6,30.0,3,4,6,0,0,0,1,1,1,0,0,1,1,2,E01011720
793,2008130012008,2008,130012008,1,2,3,2,40,7,3,5,1,0,0,0,0,1,-1,2008,130012008,436240.0,436700.0,-1.450926,53.825309,13,3,1,2,06/01/2008,1,14:05,204,E08000035,E08000035,6,0,6,30.0,3,4,6,0,0,0,1,1,1,0,0,1,1,2,E01011720
794,2008130012108,2008,130012108,1,1,1,2,37,7,3,0,0,0,0,0,19,1,-1,2008,130012108,439040.0,429500.0,-1.409301,53.760395,13,3,1,1,08/01/2008,3,06:42,204,E08000035,E08000035,6,0,6,40.0,0,-1,-1,-1,0,0,4,2,4,0,0,2,1,2,E01011402
795,2008130012208,2008,130012208,2,1,1,1,43,7,3,0,0,0,0,0,9,1,-1,2008,130012208,429520.0,426400.0,-1.553995,53.733157,13,3,3,2,08/01/2008,3,09:30,204,E08000035,E08000035,1,62,3,70.0,0,-1,-1,-1,0,0,1,2,2,0,0,2,1,1,E01011538
796,2008130012208,2008,130012208,3,2,1,2,27,6,3,0,0,0,0,0,9,3,-1,2008,130012208,429520.0,426400.0,-1.553995,53.733157,13,3,3,2,08/01/2008,3,09:30,204,E08000035,E08000035,1,62,3,70.0,0,-1,-1,-1,0,0,1,2,2,0,0,2,1,1,E01011538
797,2008130012408,2008,130012408,1,1,1,2,47,8,3,0,0,0,0,0,9,1,-1,2008,130012408,431410.0,435040.0,-1.524469,53.810703,13,3,2,1,07/01/2008,2,13:43,204,E08000035,E08000035,6,0,6,30.0,0,-1,-1,-1,0,0,1,1,1,0,0,1,2,2,E01011673
798,2008130012608,2008,130012608,1,1,1,1,57,9,3,0,0,0,0,0,9,1,-1,2008,130012608,433460.0,434920.0,-1.493351,53.809497,13,3,2,1,08/01/2008,3,13:00,204,E08000035,E08000035,6,0,3,30.0,6,4,6,0,0,0,1,2,2,0,0,1,1,2,E01011342
799,2008130012708,2008,130012708,2,1,1,1,22,5,3,0,0,0,0,0,3,1,-1,2008,130012708,432860.0,432370.0,-1.502734,53.786616,13,3,2,1,07/01/2008,2,05:35,204,E08000035,E08000035,6,0,6,30.0,3,4,6,0,0,0,4,5,2,0,0,1,1,2,E01011621
800,2008130012908,2008,130012908,1,1,1,2,31,6,3,0,0,0,0,0,9,1,-1,2008,130012908,437090.0,435520.0,-1.438155,53.814644,13,3,2,1,04/01/2008,6,19:45,204,E08000035,E08000035,6,0,6,30.0,3,4,6,0,0,0,4,1,2,0,0,1,2,2,E01011407
801,2008130013108,2008,130013108,1,1,3,2,80,11,3,6,9,0,0,0,0,1,-1,2008,130013108,428310.0,424290.0,-1.572529,53.71426,13,3,1,1,07/01/2008,2,15:50,204,E08000035,E08000035,6,0,6,30.0,0,-1,-1,-1,0,0,7,5,2,0,0,1,2,2,E01011536
802,2008130013208,2008,130013208,1,1,1,1,36,7,3,0,0,0,0,0,1,1,-1,2008,130013208,430540.0,439240.0,-1.537266,53.848503,13,3,2,1,07/01/2008,2,07:50,204,E08000035,E08000035,3,6120,3,30.0,3,4,6,0,0,5,4,5,2,0,0,1,1,2,E01011558
803,2008130013608,2008,130013608,1,1,1,1,17,4,1,0,0,0,0,0,9,1,-1,2008,130013608,429960.0,430360.0,-1.546943,53.768725,13,1,7,5,08/01/2008,3,17:53,204,E08000035,E08000035,6,0,6,30.0,3,4,6,0,0,0,7,1,2,0,0,1,1,2,E01011316
804,2008130013608,2008,130013608,2,2,1,1,39,7,3,0,0,0,0,0,11,1,-1,2008,130013608,429960.0,430360.0,-1.546943,53.768725,13,1,7,5,08/01/2008,3,17:53,204,E08000035,E08000035,6,0,6,30.0,3,4,6,0,0,0,7,1,2,0,0,1,1,2,E01011316
805,2008130013608,2008,130013608,2,4,2,2,29,6,3,0,0,2,4,0,11,1,-1,2008,130013608,429960.0,430360.0,-1.546943,53.768725,13,1,7,5,08/01/2008,3,17:53,204,E08000035,E08000035,6,0,6,30.0,3,4,6,0,0,0,7,1,2,0,0,1,1,2,E01011316
806,2008130013608,2008,130013608,2,5,2,2,53,8,3,0,0,2,4,0,11,1,-1,2008,130013608,429960.0,430360.0,-1.546943,53.768725,13,1,7,5,08/01/2008,3,17:53,204,E08000035,E08000035,6,0,6,30.0,3,4,6,0,0,0,7,1,2,0,0,1,1,2,E01011316
807,2008130013608,2008,130013608,3,3,1,1,18,4,3,0,0,0,0,0,9,1,-1,2008,130013608,429960.0,430360.0,-1.546943,53.768725,13,1,7,5,08/01/2008,3,17:53,204,E08000035,E08000035,6,0,6,30.0,3,4,6,0,0,0,7,1,2,0,0,1,1,2,E01011316
808,2008130014408,2008,130014408,2,1,1,2,28,6,3,0,0,0,0,0,9,1,-1,2008,130014408,425540.0,426590.0,-1.61431,53.735074,13,3,2,1,07/01/2008,2,08:20,204,E08000035,E08000035,4,6123,6,30.0,3,4,6,0,0,0,1,4,2,0,0,1,1,2,E01011546
809,2008130015508,2008,130015508,2,1,1,1,26,6,3,0,0,0,0,0,8,1,-1,2008,130015508,425710.0,435150.0,-1.611022,53.812003,13,3,2,2,09/01/2008,4,12:28,204,E08000035,E08000035,6,0,6,30.0,6,4,6,0,0,0,1,2,2,0,0,1,1,2,E01011281
810,2008130015508,2008,130015508,2,2,2,2,20,4,3,0,0,2,0,0,8,1,-1,2008,130015508,425710.0,435150.0,-1.611022,53.812003,13,3,2,2,09/01/2008,4,12:28,204,E08000035,E08000035,6,0,6,30.0,6,4,6,0,0,0,1,2,2,0,0,1,1,2,E01011281
811,2008130016108,2008,130016108,1,1,1,1,22,5,3,0,0,0,0,0,9,1,-1,2008,130016108,433310.0,426320.0,-1.496554,53.732211,13,3,2,2,01/01/2008,3,02:20,204,E08000035,E08000035,4,6135,6,30.0,6,4,6,0,0,0,4,2,2,0,0,1,1,2,E01011500
812,2008130016108,2008,130016108,2,2,2,1,39,7,3,0,0,1,0,0,9,1,-1,2008,130016108,433310.0,426320.0,-1.496554,53.732211,13,3,2,2,01/01/2008,3,02:20,204,E08000035,E08000035,4,6135,6,30.0,6,4,6,0,0,0,4,2,2,0,0,1,1,2,E01011500
813,2008130016408,2008,130016408,1,1,2,2,63,9,3,0,0,0,1,0,11,1,-1,2008,130016408,431840.0,434310.0,-1.518015,53.804115,13,3,1,1,07/01/2008,2,10:15,204,E08000035,E08000035,6,0,6,30.0,0,-1,-1,-1,0,0,1,1,1,0,0,1,2,2,E01011677
814,2008130018008,2008,130018008,1,1,1,1,24,5,2,0,0,0,0,0,3,1,-1,2008,130018008,422550.0,432530.0,-1.659204,53.788601,13,2,1,1,13/01/2008,1,22:35,204,E08000035,E08000035,6,0,6,30.0,0,-1,-1,-1,0,0,4,1,2,0,0,1,1,2,E01011607
815,2008130018808,2008,130018808,1,1,3,1,33,6,2,9,5,0,0,0,0,1,-1,2008,130018808,435950.0,438040.0,-1.455175,53.837372,13,2,1,1,10/01/2008,5,16:24,204,E08000035,E08000035,6,0,6,30.0,3,4,6,0,0,0,1,8,2,4,0,1,2,2,E01011718
816,2008130020508,2008,130020508,1,1,3,1,27,6,3,1,1,0,0,0,0,1,-1,2008,130020508,430370.0,433500.0,-1.540414,53.796923,13,3,1,1,11/01/2008,6,14:25,204,E08000035,E08000035,6,0,6,20.0,9,2,6,0,0,4,1,1,1,0,0,1,1,2,E01011365
817,2008130020908,2008,130020908,1,1,1,1,43,7,3,0,0,0,0,0,20,3,-1,2008,130020908,441910.0,427720.0,-1.36601,53.744175,13,3,2,1,10/01/2008,5,07:05,204,E08000035,E08000035,6,0,6,30.0,3,4,6,0,0,0,4,1,2,0,0,1,1,2,E01011299
818,2008130021008,2008,130021008,1,1,3,1,27,6,3,4,3,0,0,0,0,1,-1,2008,130021008,426250.0,427450.0,-1.603474,53.742769,13,3,1,1,12/01/2008,7,17:30,204,E08000035,E08000035,4,6123,6,30.0,0,-1,-1,-1,0,5,4,1,1,0,0,1,2,2,E01011541
819,2008130021308,2008,130021308,2,1,1,1,40,7,3,0,0,0,0,0,9,1,-1,2008,130021308,426830.0,438050.0,-1.593761,53.838012,13,3,2,2,09/01/2008,4,11:58,204,E08000035,E08000035,3,6120,1,40.0,1,4,3,660,0,0,1,4,1,0,0,1,1,2,E01011687
820,2008130021308,2008,130021308,2,2,2,2,43,7,3,0,0,1,0,0,9,1,-1,2008,130021308,426830.0,438050.0,-1.593761,53.838012,13,3,2,2,09/01/2008,4,11:58,204,E08000035,E08000035,3,6120,1,40.0,1,4,3,660,0,0,1,4,1,0,0,1,1,2,E01011687
821,2008131067608,2008,131067608,1,1,3,2,67,10,3,5,9,0,0,0,0,1,-1,2008,131067608,426210.0,427810.0,-1.60405,53.746007,13,3,1,1,10/12/2008,4,18:00,204,E08000035,E08000035,4,6127,9,30.0,9,4,6,0,0,0,7,9,1,0,0,1,2,2,E01011533
822,2008131067808,2008,131067808,1,1,3,1,43,7,3,5,3,0,0,0,0,1,-1,2008,131067808,427180.0,433510.0,-1.588842,53.797189,13,3,1,1,05/12/2008,6,21:40,204,E08000035,E08000035,6,0,6,30.0,3,4,6,0,0,0,4,1,1,0,0,1,1,2,E01011293
823,2008131068308,2008,131068308,1,1,1,1,38,7,3,0,0,0,0,0,9,1,-1,2008,131068308,428850.0,432520.0,-1.563581,53.788201,13,3,2,2,13/12/2008,7,16:35,204,E08000035,E08000035,3,58,6,30.0,1,4,3,58,0,0,4,2,2,0,0,1,1,2,E01011367
824,2008131068308,2008,131068308,2,2,1,1,28,6,3,0,0,0,0,0,1,1,-1,2008,131068308,428850.0,432520.0,-1.563581,53.788201,13,3,2,2,13/12/2008,7,16:35,204,E08000035,E08000035,3,58,6,30.0,1,4,3,58,0,0,4,2,2,0,0,1,1,2,E01011367
825,2008131068408,2008,131068408,1,1,3,1,15,3,3,5,4,0,0,0,0,1,-1,2008,131068408,423700.0,434570.0,-1.641592,53.806885,13,3,1,1,12/12/2008,6,16:10,204,E08000035,E08000035,6,0,6,40.0,0,-1,-1,-1,0,0,4,1,1,0,0,1,1,2,E01011337
826,2008131068608,2008,131068608,1,1,3,1,12,3,2,5,3,0,0,0,0,1,-1,2008,131068608,426760.0,438350.0,-1.594799,53.840712,13,2,1,1,11/12/2008,5,17:50,204,E08000035,E08000035,3,660,3,40.0,3,4,6,0,0,8,4,2,2,0,0,1,1,2,E01011684
827,2008131068908,2008,131068908,1,1,3,1,19,4,3,5,2,0,0,0,0,1,-1,2008,131068908,429580.0,434730.0,-1.55229,53.808023,13,3,1,1,10/12/2008,4,11:33,204,E08000035,E08000035,3,660,6,30.0,0,-1,-1,-1,0,0,1,1,1,0,0,1,1,2,E01011674
828,2008131069008,2008,131069008,1,1,3,2,19,4,3,4,1,0,0,0,0,1,-1,2008,131069008,429920.0,434350.0,-1.547164,53.804588,13,3,1,1,10/12/2008,4,12:15,204,E08000035,E08000035,3,660,2,30.0,0,-1,-1,-1,0,4,1,1,1,0,0,1,1,2,E01011365
829,2008131069308,2008,131069308,1,1,2,1,41,7,3,0,0,1,0,0,9,3,-1,2008,131069308,428890.0,435510.0,-1.562695,53.815072,13,3,2,1,10/12/2008,4,13:25,204,E08000035,E08000035,3,660,6,30.0,3,4,6,0,0,0,1,1,1,0,0,1,1,2,E01011443
830,2008131069508,2008,131069508,1,1,1,2,41,7,2,0,0,0,0,0,9,1,-1,2008,131069508,425850.0,426530.0,-1.609616,53.73452,13,2,1,1,12/12/2008,6,10:40,204,E08000035,E08000035,6,0,6,30.0,3,4,6,0,0,0,1,1,4,0,0,1,1,2,E01011546
831,2008131069708,2008,131069708,1,2,2,1,20,4,2,0,0,1,0,0,9,-1,-1,2008,131069708,428590.0,435250.0,-1.567275,53.812752,13,2,2,2,11/11/2008,3,01:20,204,E08000035,E08000035,6,0,2,30.0,3,4,6,0,0,0,4,1,1,0,0,1,1,2,E01011444
832,2008131069708,2008,131069708,2,1,1,1,31,6,3,0,0,0,0,0,9,1,-1,2008,131069708,428590.0,435250.0,-1.567275,53.812752,13,2,2,2,11/11/2008,3,01:20,204,E08000035,E08000035,6,0,2,30.0,3,4,6,0,0,0,4,1,1,0,0,1,1,2,E01011444
833,2008131069908,2008,131069908,1,1,1,2,23,5,3,0,0,0,0,0,9,1,-1,2008,131069908,428010.0,434330.0,-1.576167,53.804515,13,3,2,1,13/12/2008,7,14:40,204,E08000035,E08000035,3,65,6,30.0,6,2,6,0,0,0,1,1,1,0,0,1,2,2,E01011483
834,2008131070008,2008,131070008,1,1,1,1,25,5,3,0,0,0,0,0,9,1,-1,2008,131070008,429750.0,431470.0,-1.550022,53.778713,13,3,2,1,12/12/2008,6,19:56,204,E08000035,E08000035,6,0,9,30.0,9,4,6,0,0,0,4,1,1,0,0,1,2,2,E01011373
835,2008131072608,2008,131072608,1,1,1,2,27,6,3,0,0,0,0,0,9,1,-1,2008,131072608,435380.0,440210.0,-1.463587,53.856915,13,3,2,1,15/12/2008,2,14:15,204,E08000035,E08000035,6,0,6,60.0,0,-1,-1,-1,0,0,1,1,2,7,0,2,1,2,E01011649
836,2008131072708,2008,131072708,1,1,2,1,14,3,3,0,0,1,0,0,9,1,-1,2008,131072708,431990.0,435780.0,-1.515585,53.817318,13,3,2,1,16/12/2008,3,08:30,204,E08000035,E08000035,4,6159,6,30.0,0,-1,-1,-1,0,0,1,1,1,0,0,1,2,2,E01011428
837,2008131072808,2008,131072808,1,1,2,2,55,8,3,0,0,0,4,0,11,-1,-1,2008,131072808,430630.0,432630.0,-1.536554,53.789088,13,3,2,2,13/12/2008,7,16:30,204,E08000035,E08000035,3,653,3,30.0,3,4,3,653,0,0,7,1,2,0,0,1,2,2,E01011365
838,2008131072808,2008,131072808,1,2,2,1,3,1,3,0,0,0,4,0,11,-1,-1,2008,131072808,430630.0,432630.0,-1.536554,53.789088,13,3,2,2,13/12/2008,7,16:30,204,E08000035,E08000035,3,653,3,30.0,3,4,3,653,0,0,7,1,2,0,0,1,2,2,E01011365
839,2008131072908,2008,131072908,1,1,3,2,14,3,2,5,1,0,0,0,0,-1,-1,2008,131072908,434080.0,433930.0,-1.484045,53.800559,13,2,1,1,15/12/2008,2,08:30,204,E08000035,E08000035,6,0,3,40.0,0,-1,-1,-1,0,0,1,1,1,0,0,1,1,2,E01011341
840,2008131073308,2008,131073308,1,1,2,1,7,2,3,0,0,0,1,0,11,-1,-1,2008,131073308,432360.0,434780.0,-1.51007,53.808308,13,3,1,1,15/12/2008,2,08:25,204,E08000035,E08000035,6,0,6,30.0,0,-1,-1,-1,0,0,7,1,1,0,0,1,2,2,E01011433
841,2008131073708,2008,131073708,1,1,1,2,45,7,3,0,0,0,0,0,9,3,-1,2008,131073708,431170.0,440730.0,-1.527539,53.861857,13,3,2,4,15/12/2008,2,08:28,204,E08000035,E08000035,3,61,6,40.0,6,2,6,0,0,5,1,1,2,0,0,1,1,2,E01011562
842,2008131073708,2008,131073708,1,2,2,2,13,3,3,0,0,1,0,0,9,3,-1,2008,131073708,431170.0,440730.0,-1.527539,53.861857,13,3,2,4,15/12/2008,2,08:28,204,E08000035,E08000035,3,61,6,40.0,6,2,6,0,0,5,1,1,2,0,0,1,1,2,E01011562
843,2008131073708,2008,131073708,1,3,2,2,12,3,3,0,0,2,0,0,9,3,-1,2008,131073708,431170.0,440730.0,-1.527539,53.861857,13,3,2,4,15/12/2008,2,08:28,204,E08000035,E08000035,3,61,6,40.0,6,2,6,0,0,5,1,1,2,0,0,1,1,2,E01011562
844,2008131073708,2008,131073708,2,4,1,2,46,8,3,0,0,0,0,0,9,1,-1,2008,131073708,431170.0,440730.0,-1.527539,53.861857,13,3,2,4,15/12/2008,2,08:28,204,E08000035,E08000035,3,61,6,40.0,6,2,6,0,0,5,1,1,2,0,0,1,1,2,E01011562
845,2008131073808,2008,131073808,1,1,1,1,41,7,3,0,0,0,0,0,9,1,-1,2008,131073808,441100.0,433080.0,-1.377579,53.792413,13,3,2,2,15/12/2008,2,15:10,204,E08000035,E08000035,6,0,6,30.0,0,-1,-1,-1,0,0,1,1,1,0,0,1,1,2,E01011403
846,2008131073808,2008,131073808,2,2,1,2,35,6,3,0,0,0,0,0,9,1,-1,2008,131073808,441100.0,433080.0,-1.377579,53.792413,13,3,2,2,15/12/2008,2,15:10,204,E08000035,E08000035,6,0,6,30.0,0,-1,-1,-1,0,0,1,1,1,0,0,1,1,2,E01011403
847,2008131074308,2008,131074308,1,1,1,2,21,5,3,0,0,0,0,0,9,1,-1,2008,131074308,441470.0,430810.0,-1.372268,53.771982,13,3,2,2,10/12/2008,4,11:20,204,E08000035,E08000035,4,6137,6,30.0,0,-1,-1,-1,0,0,1,1,1,0,0,1,1,2,E01011301
848,2008131074308,2008,131074308,2,2,1,1,69,10,3,0,0,0,0,0,9,1,-1,2008,131074308,441470.0,430810.0,-1.372268,53.771982,13,3,2,2,10/12/2008,4,11:20,204,E08000035,E08000035,4,6137,6,30.0,0,-1,-1,-1,0,0,1,1,1,0,0,1,1,2,E01011301
849,2008131074608,2008,131074608,1,1,1,2,23,5,3,0,0,0,0,0,9,3,-1,2008,131074608,443100.0,433200.0,-1.347204,53.79333,13,2,2,2,10/12/2008,4,09:03,204,E08000035,E08000035,3,656,6,40.0,3,4,6,0,0,0,1,1,1,0,0,2,1,2,E01011297
850,2008131074608,2008,131074608,2,2,1,1,59,9,2,0,0,0,0,0,9,2,-1,2008,131074608,443100.0,433200.0,-1.347204,53.79333,13,2,2,2,10/12/2008,4,09:03,204,E08000035,E08000035,3,656,6,40.0,3,4,6,0,0,0,1,1,1,0,0,2,1,2,E01011297
851,2008131076208,2008,131076208,1,1,3,2,83,11,3,1,9,0,0,0,0,1,-1,2008,131076208,432380.0,438790.0,-1.509345,53.844347,13,3,1,1,03/11/2008,2,12:25,204,E08000035,E08000035,6,0,6,30.0,0,-1,-1,-1,0,4,1,1,2,0,0,1,1,2,E01011653
852,2008131076408,2008,131076408,1,1,2,1,18,4,3,0,0,1,0,0,9,-1,-1,2008,131076408,430110.0,432180.0,-1.54449,53.785074,13,3,1,1,06/12/2008,7,21:30,204,E08000035,E08000035,3,653,2,30.0,9,4,3,653,0,0,4,8,4,0,0,1,1,2,E01011365
853,2008131076708,2008,131076708,2,1,1,2,40,7,3,0,0,0,0,0,9,1,-1,2008,131076708,428700.0,433120.0,-1.565802,53.793602,13,3,2,1,16/12/2008,3,12:35,204,E08000035,E08000035,3,58,1,30.0,1,4,3,58,0,0,1,1,1,0,0,1,1,2,E01011367
854,2008131076808,2008,131076808,1,1,3,1,61,9,3,5,1,0,0,0,0,1,-1,2008,131076808,430060.0,433720.0,-1.545099,53.798918,13,3,1,1,15/12/2008,2,13:29,204,E08000035,E08000035,6,0,6,30.0,0,-1,-1,-1,0,0,1,1,2,0,0,1,1,2,E01011365
855,2008131077008,2008,131077008,1,1,1,1,43,7,3,0,0,0,0,0,5,1,-1,2008,131077008,421550.0,433960.0,-1.674283,53.801496,13,3,3,1,27/11/2008,5,10:10,204,E08000035,E08000035,4,6155,7,30.0,5,4,3,647,0,0,1,1,2,0,0,1,1,2,E01011585
856,2008131077408,2008,131077408,1,1,1,2,23,5,3,0,0,0,0,0,9,1,-1,2008,131077408,426240.0,435580.0,-1.602937,53.815842,13,3,3,3,15/12/2008,2,18:15,204,E08000035,E08000035,4,6157,6,30.0,0,-1,-1,-1,0,0,4,1,1,0,0,1,2,2,E01011488
857,2008131077408,2008,131077408,1,2,2,2,23,5,3,0,0,1,0,0,9,1,-1,2008,131077408,426240.0,435580.0,-1.602937,53.815842,13,3,3,3,15/12/2008,2,18:15,204,E08000035,E08000035,4,6157,6,30.0,0,-1,-1,-1,0,0,4,1,1,0,0,1,2,2,E01011488
858,2008131077408,2008,131077408,1,3,2,1,27,6,3,0,0,2,0,0,9,2,-1,2008,131077408,426240.0,435580.0,-1.602937,53.815842,13,3,3,3,15/12/2008,2,18:15,204,E08000035,E08000035,4,6157,6,30.0,0,-1,-1,-1,0,0,4,1,1,0,0,1,2,2,E01011488
859,2008131077708,2008,131077708,1,1,2,1,24,5,3,0,0,1,0,0,8,1,-1,2008,131077708,429400.0,433910.0,-1.555101,53.800663,13,3,2,3,30/10/2008,5,23:00,204,E08000035,E08000035,2,58,7,30.0,5,4,2,58,0,0,4,1,1,0,0,1,2,2,E01011678
860,2008131077708,2008,131077708,1,2,2,2,22,5,3,0,0,2,0,0,8,1,-1,2008,131077708,429400.0,433910.0,-1.555101,53.800663,13,3,2,3,30/10/2008,5,23:00,204,E08000035,E08000035,2,58,7,30.0,5,4,2,58,0,0,4,1,1,0,0,1,2,2,E01011678
861,2008131077708,2008,131077708,1,3,2,1,26,6,3,0,0,2,0,0,8,1,-1,2008,131077708,429400.0,433910.0,-1.555101,53.800663,13,3,2,3,30/10/2008,5,23:00,204,E08000035,E08000035,2,58,7,30.0,5,4,2,58,0,0,4,1,1,0,0,1,2,2,E01011678
862,2008131078508,2008,131078508,1,1,1,2,58,9,3,0,0,0,0,0,9,1,-1,2008,131078508,430010.0,435530.0,-1.545682,53.815189,13,3,2,2,16/12/2008,3,18:22,204,E08000035,E08000035,6,0,6,30.0,3,4,6,0,0,0,4,2,2,0,0,1,1,2,E01011670
863,2008131078508,2008,131078508,2,2,1,2,52,8,3,0,0,0,0,0,9,1,-1,2008,131078508,430010.0,435530.0,-1.545682,53.815189,13,3,2,2,16/12/2008,3,18:22,204,E08000035,E08000035,6,0,6,30.0,3,4,6,0,0,0,4,2,2,0,0,1,1,2,E01011670
864,2008131079008,2008,131079008,1,1,3,1,48,8,1,8,5,0,0,0,0,-1,-1,2008,131079008,429020.0,433670.0,-1.560893,53.798528,13,1,1,1,18/12/2008,5,21:00,204,E08000035,E08000035,3,65,3,30.0,0,-1,-1,-1,0,0,4,2,2,0,0,1,1,2,E01011678
865,2008131079608,2008,131079608,2,1,1,1,32,6,3,0,0,0,0,0,9,-1,-1,2008,131079608,428750.0,433780.0,-1.564982,53.799531,13,3,3,1,15/12/2008,2,13:15,204,E08000035,E08000035,3,65,3,30.0,0,-1,-1,-1,0,0,1,1,1,0,0,1,1,2,E01011363
866,2008131079808,2008,131079808,2,1,1,1,29,6,3,0,0,0,0,0,9,1,-1,2008,131079808,429990.0,432100.0,-1.546319,53.784362,13,3,3,1,16/12/2008,3,17:30,204,E08000035,E08000035,1,621,3,50.0,0,-1,-1,-1,0,0,4,1,2,0,0,1,1,1,E01011364
867,2008131082108,2008,131082108,1,1,1,1,44,7,3,0,0,0,0,0,9,1,-1,2008,131082108,435720.0,436930.0,-1.458799,53.827412,13,3,3,2,16/12/2008,3,14:25,204,E08000035,E08000035,3,6120,6,40.0,3,2,6,0,0,4,1,8,2,0,0,1,1,2,E01011661
868,2008131082108,2008,131082108,2,2,1,2,27,6,3,0,0,0,0,0,9,1,-1,2008,131082108,435720.0,436930.0,-1.458799,53.827412,13,3,3,2,16/12/2008,3,14:25,204,E08000035,E08000035,3,6120,6,40.0,3,2,6,0,0,4,1,8,2,0,0,1,1,2,E01011661
869,2008131082308,2008,131082308,1,1,1,1,31,6,3,0,0,0,0,0,9,1,-1,2008,131082308,435770.0,436800.0,-1.458054,53.82624,13,3,3,1,17/12/2008,4,11:45,204,E08000035,E08000035,3,6120,6,40.0,3,2,6,0,0,4,1,1,1,0,0,1,1,2,E01011661
870,2008131085208,2008,131085208,1,1,1,1,19,4,3,0,0,0,0,0,3,1,-1,2008,131085208,431330.0,428830.0,-1.526313,53.754893,13,2,1,2,18/12/2008,5,16:30,204,E08000035,E08000035,6,0,6,30.0,0,-1,-1,-1,0,0,4,2,2,0,0,1,1,2,E01011466
871,2008131085208,2008,131085208,1,2,3,1,66,10,2,8,3,0,0,0,0,1,-1,2008,131085208,431330.0,428830.0,-1.526313,53.754893,13,2,1,2,18/12/2008,5,16:30,204,E08000035,E08000035,6,0,6,30.0,0,-1,-1,-1,0,0,4,2,2,0,0,1,1,2,E01011466
872,2008131086708,2008,131086708,3,1,2,2,6,2,3,0,0,2,0,0,9,1,-1,2008,131086708,437790.0,432460.0,-1.427899,53.787091,13,3,3,1,18/12/2008,5,17:25,204,E08000035,E08000035,1,1,3,70.0,5,4,1,1,0,0,6,2,2,0,0,2,1,1,E01011402
873,2008131086808,2008,131086808,1,1,1,1,40,7,3,0,0,0,0,0,9,1,-1,2008,131086808,424270.0,428340.0,-1.633425,53.750864,13,3,2,3,19/12/2008,6,15:40,204,E08000035,E08000035,3,62,3,40.0,7,4,6,0,0,0,1,2,2,4,0,1,1,2,E01011523
874,2008131086808,2008,131086808,1,2,2,1,11,3,3,0,0,1,0,0,9,1,-1,2008,131086808,424270.0,428340.0,-1.633425,53.750864,13,3,2,3,19/12/2008,6,15:40,204,E08000035,E08000035,3,62,3,40.0,7,4,6,0,0,0,1,2,2,4,0,1,1,2,E01011523