,accident_index,accident_year_x,accident_reference_x,vehicle_reference,casualty_reference,casualty_class,sex_of_casualty,age_of_casualty,age_band_of_casualty,casualty_severity,pedestrian_location,pedestrian_movement,car_passenger,bus_or_coach_passenger,pedestrian_road_maintenance_worker,casualty_type,casualty_home_area_type,casualty_imd_decile,accident_year_y,accident_reference_y,location_easting_osgr,location_northing_osgr,longitude,latitude,police_force,accident_severity,number_of_vehicles,number_of_casualties,date,day_of_week,time,local_authority_district,local_authority_ons_district,local_authority_highway,first_road_class,first_road_number,road_type,speed_limit,junction_detail,junction_control,second_road_class,second_road_number,pedestrian_crossing_human_control,pedestrian_crossing_physical_facilities,light_conditions,weather_conditions,road_surface_conditions,special_conditions_at_site,carriageway_hazards,urban_or_rural_area,did_police_officer_attend_scene_of_accident,trunk_road_flag,lsoa_of_accident_location
1050,2009130033609,2009,130033609,1,1,2,2,65,9,3,0,0,0,1,0,11,-1,-1,2009,130033609,435120.0,433530.0,-1.468301,53.796894,13,3,1,1,17/01/2009,7,11:15,204,E08000035,E08000035,6,0,9,30.0,9,4,-1,-1,0,0,1,1,2,0,0,1,2,2,E01011417
1051,2009130034509,2009,130034509,2,1,1,2,53,8,3,0,0,0,0,0,9,1,-1,2009,130034509,431960.0,435820.0,-1.516036,53.81768,13,3,2,1,15/01/2009,5,06:40,204,E08000035,E08000035,3,58,3,30.0,7,2,4,6159,0,4,4,2,2,0,0,1,1,2,E01011422
1052,2009130034909,2009,130034909,1,1,1,2,18,4,3,0,0,0,0,0,9,1,-1,2009,130034909,434620.0,441220.0,-1.475028,53.866043,13,3,2,4,17/01/2009,7,21:25,204,E08000035,E08000035,6,0,6,60.0,6,4,6,0,0,0,6,1,2,3,0,2,1,2,E01011713
1053,2009130034909,2009,130034909,1,3,2,2,17,4,3,0,0,1,0,0,9,1,-1,2009,130034909,434620.0,441220.0,-1.475028,53.866043,13,3,2,4,17/01/2009,7,21:25,204,E08000035,E08000035,6,0,6,60.0,6,4,6,0,0,0,6,1,2,3,0,2,1,2,E01011713
1054,2009130034909,2009,130034909,2,2,1,1,23,5,3,0,0,0,0,0,9,1,-1,2009,130034909,434620.0,441220.0,-1.475028,53.866043,13,3,2,4,17/01/2009,7,21:25,204,E08000035,E08000035,6,0,6,60.0,6,4,6,0,0,0,6,1,2,3,0,2,1,2,E01011713
1055,2009130034909,2009,130034909,2,4,2,1,17,4,3,0,0,1,0,0,9,1,-1,2009,130034909,434620.0,441220.0,-1.475028,53.866043,13,3,2,4,17/01/2009,7,21:25,204,E08000035,E08000035,6,0,6,60.0,6,4,6,0,0,0,6,1,2,3,0,2,1,2,E01011713
1056,2009130035009,2009,130035009,2,1,1,1,16,4,2,0,0,0,0,0,2,1,-1,2009,130035009,424240.0,428680.0,-1.633853,53.753921,13,2,2,1,14/01/2009,4,17:37,204,E08000035,E08000035,6,0,6,30.0,3,4,6,0,0,0,4,1,2,0,0,1,1,2,E01011523
1057,2009130035209,2009,130035209,2,1,1,1,47,8,3,0,0,0,0,0,9,1,-1,2009,130035209,430530.0,440740.0,-1.537269,53.861985,13,3,2,1,18/01/2009,1,18:25,204,E08000035,E08000035,6,0,6,40.0,3,4,6,0,0,0,4,1,2,0,0,1,1,2,E01011563
1058,2009130035509,2009,130035509,1,1,1,1,46,8,3,0,0,0,0,0,20,-1,-1,2009,130035509,425740.0,431480.0,-1.610872,53.779016,13,3,2,1,12/01/2009,2,12:40,204,E08000035,E08000035,6,0,6,30.0,0,-1,-1,-1,0,0,1,1,2,0,0,2,1,2,E01011734
1059,2009130035909,2009,130035909,1,1,2,2,69,10,3,0,0,0,1,0,11,-1,-1,2009,130035909,439990.0,437090.0,-1.393909,53.82854,13,3,1,1,17/01/2009,7,15:10,204,E08000035,E08000035,6,0,6,30.0,3,4,6,0,0,0,1,1,1,0,0,2,2,2,E01011296
1060,2009130036409,2009,130036409,1,1,1,1,20,4,3,0,0,0,0,0,4,1,-1,2009,130036409,425920.0,435140.0,-1.607834,53.811903,13,3,2,1,08/01/2009,5,16:56,204,E08000035,E08000035,6,0,6,30.0,3,4,6,0,0,8,4,1,2,0,0,1,1,2,E01011281
1061,2009130036509,2009,130036509,1,1,1,1,21,5,3,0,0,0,0,0,3,1,-1,2009,130036509,430180.0,431710.0,-1.543474,53.780846,13,3,1,1,16/01/2009,6,13:38,204,E08000035,E08000035,6,0,6,30.0,3,4,6,0,0,0,1,1,1,0,0,1,1,2,E01011371
1062,2009130036909,2009,130036909,2,1,1,1,43,7,3,0,0,0,0,0,9,1,-1,2009,130036909,431400.0,435020.0,-1.524623,53.810523,13,3,2,1,15/01/2009,5,19:35,204,E08000035,E08000035,6,0,6,30.0,6,2,6,0,0,0,4,1,1,0,0,1,1,2,E01011673
1063,2009130037009,2009,130037009,2,1,1,1,37,7,2,0,0,0,0,0,1,1,-1,2009,130037009,418300.0,441330.0,-1.723191,53.867861,13,2,2,1,14/01/2009,4,17:53,204,E08000035,E08000035,3,6038,6,30.0,3,4,6,0,0,0,4,2,2,0,0,2,1,2,E01011270
1064,2009130037209,2009,130037209,1,1,3,1,16,4,3,4,3,0,0,0,0,-1,-1,2009,130037209,430450.0,435620.0,-1.538991,53.815972,13,3,4,1,15/01/2009,5,07:40,204,E08000035,E08000035,3,61,3,40.0,0,-1,-1,-1,0,4,1,2,2,0,0,1,1,2,E01011357
1065,2009130037309,2009,130037309,2,1,1,1,75,10,3,0,0,0,0,0,1,1,-1,2009,130037309,427880.0,440270.0,-1.577604,53.857909,13,3,2,1,15/01/2009,5,13:35,204,E08000035,E08000035,6,0,6,60.0,0,-1,-1,-1,0,0,1,1,2,0,0,1,1,2,E01011380
1066,2009130037409,2009,130037409,1,1,1,1,42,7,3,0,0,0,0,0,9,1,-1,2009,130037409,434100.0,433900.0,-1.483745,53.800288,13,3,2,1,15/01/2009,5,09:10,204,E08000035,E08000035,6,0,3,40.0,0,-1,-1,-1,0,5,1,1,1,0,0,1,2,2,E01011616
1067,2009130037509,2009,130037509,1,1,3,1,19,4,3,10,9,0,0,0,0,1,-1,2009,130037509,430320.0,433280.0,-1.541195,53.794948,13,3,4,1,17/01/2009,7,01:33,204,E08000035,E08000035,6,0,2,30.0,9,2,6,0,0,5,4,1,1,0,2,1,1,2,E01011365
1068,2009130039009,2009,130039009,2,1,3,1,39,7,2,10,6,0,0,3,0,1,-1,2009,130039009,431860.0,429760.0,-1.51818,53.763219,13,2,2,1,17/01/2009,7,10:01,204,E08000035,E08000035,6,0,6,30.0,0,-1,-1,-1,0,0,1,1,1,4,0,2,1,2,E01011474
1069,2009130039409,2009,130039409,1,1,1,1,20,4,3,0,0,0,0,0,9,1,-1,2009,130039409,429940.0,425130.0,-1.547751,53.721719,13,3,2,2,17/01/2009,7,15:05,204,E08000035,E08000035,3,650,6,40.0,3,4,6,0,0,0,1,1,2,0,0,1,1,2,E01011537
1070,2009130039409,2009,130039409,2,2,2,2,19,4,3,0,0,1,0,0,9,1,-1,2009,130039409,429940.0,425130.0,-1.547751,53.721719,13,3,2,2,17/01/2009,7,15:05,204,E08000035,E08000035,3,650,6,40.0,3,4,6,0,0,0,1,1,2,0,0,1,1,2,E01011537
1071,2009130039509,2009,130039509,1,1,3,1,12,3,3,5,1,0,0,0,0,1,-1,2009,130039509,432730.0,427490.0,-1.505222,53.742763,13,3,1,1,19/01/2009,2,08:17,204,E08000035,E08000035,3,654,6,40.0,3,4,6,0,0,0,1,2,2,0,0,1,1,2,E01011498
1072,2009130040909,2009,130040909,1,1,1,2,23,5,3,0,0,0,0,0,9,1,-1,2009,130040909,436180.0,434320.0,-1.452116,53.803922,13,3,2,2,19/01/2009,2,11:54,204,E08000035,E08000035,6,0,6,30.0,3,4,3,6120,0,0,1,1,1,0,0,1,1,2,E01011408
1073,2009130040909,2009,130040909,2,2,2,2,84,11,3,0,0,0,4,0,11,1,-1,2009,130040909,436180.0,434320.0,-1.452116,53.803922,13,3,2,2,19/01/2009,2,11:54,204,E08000035,E08000035,6,0,6,30.0,3,4,3,6120,0,0,1,1,1,0,0,1,1,2,E01011408
1074,2009130041109,2009,130041109,1,1,1,1,21,5,3,0,0,0,0,0,9,1,-1,2009,130041109,436060.0,436610.0,-1.453671,53.824512,13,3,2,1,19/01/2009,2,18:00,204,E08000035,E08000035,6,0,6,30.0,3,4,3,64,0,0,4,2,2,0,0,1,2,2,E01011720
1075,2009130041309,2009,130041309,2,1,1,2,55,8,3,0,0,0,0,0,9,1,-1,2009,130041309,440890.0,433570.0,-1.380702,53.796834,13,3,2,1,19/01/2009,2,16:55,204,E08000035,E08000035,3,642,6,30.0,3,4,6,0,0,5,4,5,2,0,0,1,1,2,E01011396
1076,2009130042009,2009,130042009,1,1,1,2,36,7,3,0,0,0,0,0,9,1,-1,2009,130042009,428340.0,431600.0,-1.571407,53.77996,13,3,2,1,15/01/2009,5,13:30,204,E08000035,E08000035,1,621,3,70.0,5,4,1,621,0,0,1,1,1,0,0,1,2,1,E01011366
1077,2009130042909,2009,130042909,1,1,1,2,37,7,3,0,0,0,0,0,9,1,-1,2009,130042909,424910.0,439700.0,-1.622804,53.852937,13,3,2,2,19/01/2009,2,09:02,204,E08000035,E08000035,6,0,6,30.0,3,4,6,0,0,0,1,2,2,0,0,1,1,2,E01011387
1078,2009130042909,2009,130042909,2,2,1,2,34,6,3,0,0,0,0,0,9,1,-1,2009,130042909,424910.0,439700.0,-1.622804,53.852937,13,3,2,2,19/01/2009,2,09:02,204,E08000035,E08000035,6,0,6,30.0,3,4,6,0,0,0,1,2,2,0,0,1,1,2,E01011387
1079,2009130043009,2009,130043009,1,1,1,1,40,7,2,0,0,0,0,0,9,-1,-1,2009,130043009,436150.0,441820.0,-1.451692,53.871332,13,2,2,2,20/01/2009,3,08:48,204,E08000035,E08000035,6,0,6,60.0,0,-1,-1,-1,0,0,1,1,4,0,0,2,1,2,E01011713
1080,2009130043009,2009,130043009,2,2,1,2,28,6,3,0,0,0,0,0,9,3,-1,2009,130043009,436150.0,441820.0,-1.451692,53.871332,13,2,2,2,20/01/2009,3,08:48,204,E08000035,E08000035,6,0,6,60.0,0,-1,-1,-1,0,0,1,1,4,0,0,2,1,2,E01011713
1081,2009130043109,2009,130043109,1,1,2,1,68,10,3,0,0,0,2,0,11,-1,-1,2009,130043109,434840.0,436320.0,-1.472237,53.821989,13,3,1,1,17/01/2009,7,17:42,204,E08000035,E08000035,6,0,6,30.0,0,-1,-1,-1,0,0,4,2,2,0,0,1,2,2,E01011660
1082,2009130043809,2009,130043809,1,1,3,2,61,9,3,4,3,0,0,0,0,1,-1,2009,130043809,428920.0,429880.0,-1.562766,53.764469,13,3,1,1,19/01/2009,2,17:15,204,E08000035,E08000035,6,0,6,30.0,0,-1,-1,-1,2,0,1,1,1,0,0,1,1,2,E01011320
1083,2009130044009,2009,130044009,1,1,2,1,45,7,3,0,0,0,3,0,11,1,-1,2009,130044009,427200.0,432540.0,-1.588624,53.788469,13,3,1,1,21/01/2009,4,10:30,204,E08000035,E08000035,6,0,6,30.0,0,-1,-1,-1,0,0,1,1,1,0,0,1,2,2,E01011733
1084,2009130044909,2009,130044909,1,1,1,1,53,8,3,0,0,0,0,0,9,1,-1,2009,130044909,423730.0,434320.0,-1.641156,53.804637,13,2,3,2,19/01/2009,2,07:50,204,E08000035,E08000035,6,0,7,60.0,5,4,3,647,0,0,1,2,2,0,0,1,1,2,E01011608
1085,2009130044909,2009,130044909,3,2,1,1,23,5,2,0,0,0,0,0,3,3,-1,2009,130044909,423730.0,434320.0,-1.641156,53.804637,13,2,3,2,19/01/2009,2,07:50,204,E08000035,E08000035,6,0,7,60.0,5,4,3,647,0,0,1,2,2,0,0,1,1,2,E01011608
1086,2009130045409,2009,130045409,1,1,1,2,58,9,3,0,0,0,0,0,9,1,-1,2009,130045409,425530.0,432760.0,-1.613953,53.790531,13,3,2,4,19/01/2009,2,18:20,204,E08000035,E08000035,3,6110,3,40.0,0,-1,-1,-1,0,0,4,2,2,0,0,1,1,2,E01011730
1087,2009130045409,2009,130045409,1,2,2,2,27,6,3,0,0,1,0,0,9,-1,-1,2009,130045409,425530.0,432760.0,-1.613953,53.790531,13,3,2,4,19/01/2009,2,18:20,204,E08000035,E08000035,3,6110,3,40.0,0,-1,-1,-1,0,0,4,2,2,0,0,1,1,2,E01011730
1088,2009130045409,2009,130045409,2,3,1,1,21,5,3,0,0,0,0,0,9,1,-1,2009,130045409,425530.0,432760.0,-1.613953,53.790531,13,3,2,4,19/01/2009,2,18:20,204,E08000035,E08000035,3,6110,3,40.0,0,-1,-1,-1,0,0,4,2,2,0,0,1,1,2,E01011730
1089,2009130045409,2009,130045409,2,4,2,1,25,5,3,0,0,1,0,0,9,-1,-1,2009,130045409,425530.0,432760.0,-1.613953,53.790531,13,3,2,4,19/01/2009,2,18:20,204,E08000035,E08000035,3,6110,3,40.0,0,-1,-1,-1,0,0,4,2,2,0,0,1,1,2,E01011730
1090,2009130045509,2009,130045509,1,1,1,2,43,7,3,0,0,0,0,0,9,1,-1,2009,130045509,419960.0,446150.0,-1.697635,53.911122,13,3,2,1,19/01/2009,2,15:00,204,E08000035,E08000035,6,0,6,30.0,3,4,6,0,0,0,1,2,2,0,0,1,1,2,E01011583
1091,2009130045609,2009,130045609,1,1,2,2,27,6,3,0,0,1,0,0,9,1,-1,2009,130045609,420110.0,434030.0,-1.696142,53.802182,13,3,2,1,20/01/2009,3,08:15,204,E08000035,E08000035,6,0,6,30.0,9,4,6,0,0,0,1,1,4,0,0,1,1,2,E01011597
1092,2009130045909,2009,130045909,1,1,1,1,35,6,3,0,0,0,0,0,19,1,-1,2009,130045909,431000.0,430540.0,-1.531147,53.770282,13,3,1,1,21/01/2009,4,01:00,204,E08000035,E08000035,1,621,7,70.0,5,4,6,0,0,0,4,1,4,0,0,1,2,1,E01011471
1093,2009130046809,2009,130046809,2,1,1,1,39,7,3,0,0,0,0,0,1,1,-1,2009,130046809,427550.0,431980.0,-1.583361,53.783418,13,3,2,1,20/01/2009,3,08:00,204,E08000035,E08000035,3,58,6,30.0,3,4,6,0,0,0,1,1,1,0,0,1,2,2,E01011734
1094,2009130047109,2009,130047109,1,1,2,1,21,5,3,0,0,1,0,0,9,1,-1,2009,130047109,432710.0,434490.0,-1.504786,53.805679,13,3,1,1,17/01/2009,7,16:45,204,E08000035,E08000035,4,6159,6,30.0,0,-1,-1,-1,0,0,4,2,2,0,0,1,1,2,E01011347
1095,2009130047309,2009,130047309,1,1,2,2,48,8,3,0,0,1,0,0,9,1,-1,2009,130047309,429270.0,430090.0,-1.557436,53.766337,13,3,2,1,10/01/2009,7,11:22,204,E08000035,E08000035,3,653,3,40.0,3,4,6,0,0,0,1,1,1,0,0,1,1,2,E01011320
1096,2009130047409,2009,130047409,1,1,3,2,52,8,3,5,3,0,0,0,0,1,-1,2009,130047409,427070.0,434810.0,-1.590398,53.808878,13,3,1,1,22/01/2009,5,06:15,204,E08000035,E08000035,3,65,6,30.0,0,-1,-1,-1,0,0,4,2,2,0,0,1,1,2,E01011482
1097,2009130047909,2009,130047909,1,1,3,1,59,9,2,9,5,0,0,2,0,1,-1,2009,130047909,429930.0,437550.0,-1.546702,53.833349,13,2,3,1,19/01/2009,2,18:48,204,E08000035,E08000035,6,0,6,30.0,0,-1,-1,-1,0,0,4,1,2,0,0,1,1,2,E01011507
1098,2009130050009,2009,130050009,1,1,3,1,20,4,2,5,4,0,0,0,0,1,-1,2009,130050009,423420.0,437620.0,-1.645613,53.834311,13,2,1,1,21/01/2009,4,18:20,204,E08000035,E08000035,3,6120,6,40.0,3,2,6,0,0,0,4,5,2,0,0,1,1,2,E01011465
1099,2009130050509,2009,130050509,1,1,1,1,34,6,3,0,0,0,0,0,11,1,-1,2009,130050509,421990.0,433000.0,-1.66767,53.792849,13,3,1,1,20/01/2009,3,06:30,204,E08000035,E08000035,4,6154,6,30.0,3,4,4,6154,0,0,4,8,4,0,0,1,1,2,E01011602
1100,2009130050809,2009,130050809,1,1,1,1,23,5,3,0,0,0,0,0,9,1,-1,2009,130050809,428950.0,435470.0,-1.561787,53.81471,13,3,2,2,19/01/2009,2,07:50,204,E08000035,E08000035,3,660,6,30.0,7,2,6,0,0,0,1,2,2,0,6,1,1,2,E01011444
1101,2009130050809,2009,130050809,2,2,1,1,23,5,3,0,0,0,0,0,11,1,-1,2009,130050809,428950.0,435470.0,-1.561787,53.81471,13,3,2,2,19/01/2009,2,07:50,204,E08000035,E08000035,3,660,6,30.0,7,2,6,0,0,0,1,2,2,0,6,1,1,2,E01011444
1102,2009130052709,2009,130052709,1,1,1,2,67,10,3,0,0,0,0,0,9,2,-1,2009,130052709,440890.0,448710.0,-1.378689,53.932905,13,3,2,2,22/01/2009,5,17:14,204,E08000035,E08000035,4,1224,6,30.0,6,4,6,0,0,0,4,8,2,4,0,1,1,2,E01011704
1103,2009130052709,2009,130052709,2,2,1,2,64,9,3,0,0,0,0,0,9,2,-1,2009,130052709,440890.0,448710.0,-1.378689,53.932905,13,3,2,2,22/01/2009,5,17:14,204,E08000035,E08000035,4,1224,6,30.0,6,4,6,0,0,0,4,8,2,4,0,1,1,2,E01011704
1104,2009130053109,2009,130053109,1,1,1,2,47,8,3,0,0,0,0,0,9,1,-1,2009,130053109,434690.0,434560.0,-1.474713,53.806181,13,3,2,1,23/01/2009,6,08:00,204,E08000035,E08000035,3,64,3,40.0,3,4,6,0,0,0,1,2,2,0,0,1,1,2,E01011341
1105,2009130053409,2009,130053409,1,1,2,2,86,11,3,0,0,0,3,0,11,1,-1,2009,130053409,431630.0,434440.0,-1.52119,53.805297,13,3,1,1,24/01/2009,7,11:48,204,E08000035,E08000035,6,0,6,30.0,0,-1,-1,-1,0,1,1,1,1,0,0,1,2,2,E01011677
1106,2009130054309,2009,130054309,1,1,1,1,44,7,3,0,0,0,0,0,1,1,-1,2009,130054309,424010.0,438460.0,-1.636582,53.841834,13,3,2,1,23/01/2009,6,07:30,204,E08000035,E08000035,6,0,6,30.0,3,4,6,0,0,0,1,9,2,0,0,1,2,2,E01011459
1107,2009130056609,2009,130056609,1,1,2,1,45,7,3,0,0,0,4,0,11,1,-1,2009,130056609,428450.0,432960.0,-1.569612,53.792178,13,3,1,1,26/01/2009,2,16:00,204,E08000035,E08000035,4,6154,6,30.0,0,-1,-1,-1,0,0,1,9,1,0,0,1,2,2,E01011363
1108,2009130057109,2009,130057109,1,1,1,1,42,7,3,0,0,0,0,0,9,1,-1,2009,130057109,422660.0,432680.0,-1.657523,53.789944,13,3,2,1,24/01/2009,7,17:15,204,E08000035,E08000035,6,0,6,30.0,3,4,6,0,0,0,4,1,2,0,0,1,2,2,E01011600
1109,2009130057909,2009,130057909,1,1,3,2,5,1,3,5,1,0,0,0,0,1,-1,2009,130057909,433420.0,433950.0,-1.494063,53.800781,13,3,1,1,23/01/2009,6,16:00,204,E08000035,E08000035,6,0,6,30.0,0,-1,-1,-1,0,0,1,1,2,0,0,1,2,2,E01011617
1110,2009130058109,2009,130058109,1,1,1,1,43,7,3,0,0,0,0,0,5,1,-1,2009,130058109,439110.0,432450.0,-1.407866,53.786904,13,3,2,1,21/01/2009,4,07:15,204,E08000035,E08000035,3,63,6,30.0,0,-1,-1,-1,0,0,4,1,1,0,0,1,1,2,E01011402
1111,2009130058209,2009,130058209,1,1,1,1,29,6,3,0,0,0,0,0,9,1,-1,2009,130058209,430630.0,434720.0,-1.536346,53.807873,13,3,2,1,22/01/2009,5,20:00,204,E08000035,E08000035,6,0,3,40.0,7,2,3,58,0,0,7,9,1,0,0,1,2,2,E01011671
1112,2009130058509,2009,130058509,1,1,2,2,18,4,3,0,0,1,0,0,9,1,-1,2009,130058509,428500.0,442350.0,-1.567986,53.876571,13,3,1,1,23/01/2009,6,22:30,204,E08000035,E08000035,6,0,6,60.0,0,-1,-1,-1,0,0,6,1,2,0,0,2,1,2,E01011554
1113,2009130058709,2009,130058709,1,1,1,1,50,8,3,0,0,0,0,0,9,1,-1,2009,130058709,434060.0,435140.0,-1.484215,53.811435,13,3,2,1,23/01/2009,6,07:22,204,E08000035,E08000035,6,0,6,30.0,3,4,6,0,0,0,7,1,2,0,0,1,1,2,E01011339
1114,2009130059109,2009,130059109,1,1,3,1,30,6,3,4,1,0,0,0,0,1,-1,2009,130059109,429800.0,433380.0,-1.549079,53.795877,13,3,1,1,18/01/2009,1,15:10,204,E08000035,E08000035,6,0,2,30.0,1,4,6,0,0,4,1,1,1,0,0,1,1,2,E01011365
1115,2009130059409,2009,130059409,1,1,1,2,33,6,3,0,0,0,0,0,9,1,-1,2009,130059409,441920.0,430290.0,-1.365511,53.767272,13,3,2,1,21/01/2009,4,18:55,204,E08000035,E08000035,6,0,6,30.0,3,4,6,0,0,0,7,8,2,0,0,1,2,2,E01011303
1116,2009130059709,2009,130059709,1,1,1,2,42,7,3,0,0,0,0,0,9,1,-1,2009,130059709,428200.0,426820.0,-1.573966,53.737005,13,3,1,1,24/01/2009,7,08:00,204,E08000035,E08000035,3,653,3,60.0,0,-1,-1,-1,0,0,1,1,4,0,0,2,1,2,E01011540
1117,2009130061409,2009,130061409,1,1,1,2,19,4,3,0,0,0,0,0,9,1,-1,2009,130061409,428820.0,435220.0,-1.563785,53.81247,13,3,2,1,22/01/2009,5,15:30,204,E08000035,E08000035,6,0,6,30.0,3,4,6,0,0,0,1,1,1,0,6,1,1,2,E01011672
1118,2009130064709,2009,130064709,1,1,1,1,52,8,3,0,0,0,0,0,9,3,-1,2009,130064709,432000.0,430450.0,-1.515985,53.769413,13,3,2,2,23/01/2009,6,13:30,204,E08000035,E08000035,3,61,3,40.0,1,4,6,0,0,0,1,1,1,0,0,2,1,2,E01011469
1119,2009130064709,2009,130064709,2,2,1,1,59,9,3,0,0,0,0,0,21,1,-1,2009,130064709,432000.0,430450.0,-1.515985,53.769413,13,3,2,2,23/01/2009,6,13:30,204,E08000035,E08000035,3,61,3,40.0,1,4,6,0,0,0,1,1,1,0,0,2,1,2,E01011469
1120,2009130066109,2009,130066109,1,1,2,1,65,9,3,0,0,0,1,0,11,-1,-1,2009,130066109,429950.0,428080.0,-1.547315,53.748233,13,3,1,1,19/01/2009,2,10:29,204,E08000035,E08000035,6,0,6,30.0,3,4,6,0,0,0,1,3,2,0,0,1,2,2,E01011494
1121,2009130066209,2009,130066209,2,1,1,2,18,4,3,0,0,0,0,0,9,1,-1,2009,130066209,431500.0,435120.0,-1.523094,53.811416,13,3,2,5,03/01/2009,7,17:45,204,E08000035,E08000035,6,0,6,30.0,3,4,6,0,0,5,4,1,1,0,0,1,1,2,E01011673
1122,2009130066209,2009,130066209,2,2,2,2,47,8,3,0,0,1,0,0,9,1,-1,2009,130066209,431500.0,435120.0,-1.523094,53.811416,13,3,2,5,03/01/2009,7,17:45,204,E08000035,E08000035,6,0,6,30.0,3,4,6,0,0,5,4,1,1,0,0,1,1,2,E01011673
1123,2009130066209,2009,130066209,2,3,2,1,11,3,3,0,0,2,0,0,9,1,-1,2009,130066209,431500.0,435120.0,-1.523094,53.811416,13,3,2,5,03/01/2009,7,17:45,204,E08000035,E08000035,6,0,6,30.0,3,4,6,0,0,5,4,1,1,0,0,1,1,2,E01011673
1124,2009130066209,2009,130066209,2,4,2,2,15,3,3,0,0,2,0,0,9,1,-1,2009,130066209,431500.0,435120.0,-1.523094,53.811416,13,3,2,5,03/01/2009,7,17:45,204,E08000035,E08000035,6,0,6,30.0,3,4,6,0,0,5,4,1,1,0,0,1,1,2,E01011673
1125,2009130066209,2009,130066209,2,5,2,2,42,7,3,0,0,2,0,0,9,-1,-1,2009,130066209,431500.0,435120.0,-1.523094,53.811416,13,3,2,5,03/01/2009,7,17:45,204,E08000035,E08000035,6,0,6,30.0,3,4,6,0,0,5,4,1,1,0,0,1,1,2,E01011673
1126,2009130066909,2009,130066909,1,1,1,1,42,7,3,0,0,0,0,0,3,1,-1,2009,130066909,425120.0,432460.0,-1.620201,53.787854,13,3,1,1,27/01/2009,3,08:30,204,E08000035,E08000035,6,0,6,30.0,0,-1,-1,-1,0,0,1,9,2,0,0,1,2,2,E01011726
1127,2009130067609,2009,130067609,2,1,1,1,45,7,3,0,0,0,0,0,1,1,-1,2009,130067609,426350.0,428160.0,-1.601898,53.749145,13,3,2,1,23/01/2009,6,13:25,204,E08000035,E08000035,4,6127,6,30.0,6,2,6,0,0,5,1,1,1,0,0,1,1,2,E01011533
1128,2009130067809,2009,130067809,1,1,1,1,26,6,3,0,0,0,0,0,9,1,-1,2009,130067809,429670.0,432920.0,-1.551097,53.79175,13,3,3,5,23/01/2009,6,14:35,204,E08000035,E08000035,6,0,6,30.0,3,3,6,0,0,4,1,1,1,0,0,1,1,2,E01011367
1129,2009130067809,2009,130067809,2,2,1,1,43,7,3,0,0,0,0,0,9,1,-1,2009,130067809,429670.0,432920.0,-1.551097,53.79175,13,3,3,5,23/01/2009,6,14:35,204,E08000035,E08000035,6,0,6,30.0,3,3,6,0,0,4,1,1,1,0,0,1,1,2,E01011367
1130,2009130067809,2009,130067809,2,3,2,2,43,7,3,0,0,1,0,0,9,1,-1,2009,130067809,429670.0,432920.0,-1.551097,53.79175,13,3,3,5,23/01/2009,6,14:35,204,E08000035,E08000035,6,0,6,30.0,3,3,6,0,0,4,1,1,1,0,0,1,1,2,E01011367
1131,2009130067809,2009,130067809,3,4,1,1,37,7,3,0,0,0,0,0,9,1,-1,2009,130067809,429670.0,432920.0,-1.551097,53.79175,13,3,3,5,23/01/2009,6,14:35,204,E08000035,E08000035,6,0,6,30.0,3,3,6,0,0,4,1,1,1,0,0,1,1,2,E01011367
1132,2009130067809,2009,130067809,3,5,2,2,29,6,3,0,0,1,0,0,9,1,-1,2009,130067809,429670.0,432920.0,-1.551097,53.79175,13,3,3,5,23/01/2009,6,14:35,204,E08000035,E08000035,6,0,6,30.0,3,3,6,0,0,4,1,1,1,0,0,1,1,2,E01011367
1133,2009130068809,2009,130068809,1,1,2,2,25,5,3,0,0,0,4,0,11,1,-1,2009,130068809,431070.0,431120.0,-1.530027,53.775491,13,3,1,1,27/01/2009,3,09:25,204,E08000035,E08000035,6,0,3,30.0,0,-1,-1,-1,0,0,1,1,2,0,0,1,2,2,E01011468
1134,2009130069009,2009,130069009,1,1,1,1,26,6,3,0,0,0,0,0,9,1,-1,2009,130069009,430680.0,434960.0,-1.535563,53.810027,13,3,2,2,28/01/2009,4,15:00,204,E08000035,E08000035,3,61,3,30.0,7,2,3,58,0,5,1,1,2,0,0,1,2,2,E01011671
1135,2009130069009,2009,130069009,1,2,2,2,25,5,3,0,0,1,0,0,9,-1,-1,2009,130069009,430680.0,434960.0,-1.535563,53.810027,13,3,2,2,28/01/2009,4,15:00,204,E08000035,E08000035,3,61,3,30.0,7,2,3,58,0,5,1,1,2,0,0,1,2,2,E01011671
1136,2009130069109,2009,130069109,2,1,1,2,34,6,3,0,0,0,0,0,9,1,-1,2009,130069109,420140.0,446590.0,-1.694866,53.915069,13,3,2,1,26/01/2009,2,08:45,204,E08000035,E08000035,6,0,6,30.0,0,-1,-1,-1,0,0,1,1,2,0,0,1,2,2,E01011583