,accident_index,accident_year_x,accident_reference_x,vehicle_reference,casualty_reference,casualty_class,sex_of_casualty,age_of_casualty,age_band_of_casualty,casualty_severity,pedestrian_location,pedestrian_movement,car_passenger,bus_or_coach_passenger,pedestrian_road_maintenance_worker,casualty_type,casualty_home_area_type,casualty_imd_decile,accident_year_y,accident_reference_y,location_easting_osgr,location_northing_osgr,longitude,latitude,police_force,accident_severity,number_of_vehicles,number_of_casualties,date,day_of_week,time,local_authority_district,local_authority_ons_district,local_authority_highway,first_road_class,first_road_number,road_type,speed_limit,junction_detail,junction_control,second_road_class,second_road_number,pedestrian_crossing_human_control,pedestrian_crossing_physical_facilities,light_conditions,weather_conditions,road_surface_conditions,special_conditions_at_site,carriageway_hazards,urban_or_rural_area,did_police_officer_attend_scene_of_accident,trunk_road_flag,lsoa_of_accident_location
1137,2009130069409,2009,130069409,1,1,1,1,33,6,3,0,0,0,0,0,5,1,-1,2009,130069409,420340.0,440460.0,-1.692226,53.859966,13,3,2,1,25/01/2009,1,17:15,204,E08000035,E08000035,3,65,6,30.0,6,2,6,0,0,5,4,1,1,0,0,1,1,2,E01011277
1138,2009130069509,2009,130069509,1,1,1,2,50,8,3,0,0,0,0,0,9,1,-1,2009,130069509,428580.0,440790.0,-1.566914,53.862545,13,2,3,4,27/01/2009,3,17:55,204,E08000035,E08000035,6,0,6,40.0,0,-1,-1,-1,0,0,6,1,1,0,0,2,1,2,E01011554
1139,2009130069509,2009,130069509,2,2,1,2,42,7,2,0,0,0,0,0,9,1,-1,2009,130069509,428580.0,440790.0,-1.566914,53.862545,13,2,3,4,27/01/2009,3,17:55,204,E08000035,E08000035,6,0,6,40.0,0,-1,-1,-1,0,0,6,1,1,0,0,2,1,2,E01011554
1140,2009130069509,2009,130069509,2,4,2,1,1,1,3,0,0,1,0,0,9,1,-1,2009,130069509,428580.0,440790.0,-1.566914,53.862545,13,2,3,4,27/01/2009,3,17:55,204,E08000035,E08000035,6,0,6,40.0,0,-1,-1,-1,0,0,6,1,1,0,0,2,1,2,E01011554
1141,2009130069509,2009,130069509,3,3,1,1,39,7,2,0,0,0,0,0,9,2,-1,2009,130069509,428580.0,440790.0,-1.566914,53.862545,13,2,3,4,27/01/2009,3,17:55,204,E08000035,E08000035,6,0,6,40.0,0,-1,-1,-1,0,0,6,1,1,0,0,2,1,2,E01011554
1142,2009130070009,2009,130070009,1,1,2,2,65,9,3,0,0,0,4,0,11,-1,-1,2009,130070009,430110.0,431720.0,-1.544535,53.780939,13,3,1,2,28/01/2009,4,14:40,204,E08000035,E08000035,3,653,6,30.0,6,2,6,0,0,0,1,1,1,0,0,1,2,2,E01011371
1143,2009130070009,2009,130070009,1,2,2,2,67,10,3,0,0,0,4,0,11,-1,-1,2009,130070009,430110.0,431720.0,-1.544535,53.780939,13,3,1,2,28/01/2009,4,14:40,204,E08000035,E08000035,3,653,6,30.0,6,2,6,0,0,0,1,1,1,0,0,1,2,2,E01011371
1144,2009130070609,2009,130070609,1,1,1,1,75,10,1,0,0,0,0,0,9,-1,-1,2009,130070609,439640.0,436960.0,-1.399243,53.827398,13,1,3,2,28/01/2009,4,15:30,204,E08000035,E08000035,6,0,6,30.0,0,-1,-1,-1,0,0,1,1,2,0,0,2,1,2,E01011296
1145,2009130070609,2009,130070609,3,2,1,2,24,5,3,0,0,0,0,0,9,3,-1,2009,130070609,439640.0,436960.0,-1.399243,53.827398,13,1,3,2,28/01/2009,4,15:30,204,E08000035,E08000035,6,0,6,30.0,0,-1,-1,-1,0,0,1,1,2,0,0,2,1,2,E01011296
1146,2009130070809,2009,130070809,1,1,1,2,36,7,3,0,0,0,0,0,9,1,-1,2009,130070809,421880.0,442830.0,-1.668643,53.881205,13,3,2,2,27/01/2009,3,07:57,204,E08000035,E08000035,6,0,6,60.0,0,-1,-1,-1,0,0,1,1,4,0,0,2,1,2,E01011575
1147,2009130070809,2009,130070809,2,2,1,1,50,8,3,0,0,0,0,0,9,1,-1,2009,130070809,421880.0,442830.0,-1.668643,53.881205,13,3,2,2,27/01/2009,3,07:57,204,E08000035,E08000035,6,0,6,60.0,0,-1,-1,-1,0,0,1,1,4,0,0,2,1,2,E01011575
1148,2009130071409,2009,130071409,1,1,3,1,18,4,2,5,1,0,0,0,0,1,-1,2009,130071409,425470.0,434190.0,-1.614746,53.803386,13,2,1,1,28/01/2009,4,17:40,204,E08000035,E08000035,6,0,6,30.0,0,-1,-1,-1,0,0,4,7,2,0,0,1,1,2,E01011285
1149,2009130072109,2009,130072109,1,1,1,1,26,6,3,0,0,0,0,0,9,1,-1,2009,130072109,428300.0,444730.0,-1.570808,53.897972,13,3,1,1,20/01/2009,3,21:40,204,E08000035,E08000035,3,659,6,40.0,0,-1,-1,-1,0,0,6,1,4,7,0,2,1,2,E01011576
1150,2009130073309,2009,130073309,1,1,1,2,28,6,3,0,0,0,0,0,1,1,-1,2009,130073309,429790.0,433920.0,-1.549179,53.800731,13,3,2,1,28/01/2009,4,10:00,204,E08000035,E08000035,6,0,2,30.0,6,2,6,0,0,0,1,1,2,0,0,1,2,2,E01011365
1151,2009130075209,2009,130075209,2,1,1,1,19,4,3,0,0,0,0,0,1,2,-1,2009,130075209,428830.0,434630.0,-1.563688,53.807166,13,3,2,1,29/01/2009,5,17:35,204,E08000035,E08000035,6,0,6,30.0,6,4,6,0,0,0,4,1,2,0,0,1,1,2,E01011680
1152,2009130075409,2009,130075409,1,1,1,1,26,6,2,0,0,0,0,0,9,1,-1,2009,130075409,429170.0,438560.0,-1.558154,53.84247,13,2,2,1,01/02/2009,1,18:47,204,E08000035,E08000035,3,6120,6,50.0,3,4,6,0,0,0,4,1,1,0,0,2,1,2,E01011505
1153,2009130075509,2009,130075509,2,1,1,2,36,7,3,0,0,0,0,0,9,1,-1,2009,130075509,422940.0,427920.0,-1.653625,53.747149,13,2,4,3,29/01/2009,5,07:49,204,E08000035,E08000035,3,650,6,60.0,0,-1,-1,-1,0,0,4,7,2,0,0,2,1,2,E01011529
1154,2009130075509,2009,130075509,2,3,2,1,42,7,2,0,0,1,0,0,9,-1,-1,2009,130075509,422940.0,427920.0,-1.653625,53.747149,13,2,4,3,29/01/2009,5,07:49,204,E08000035,E08000035,3,650,6,60.0,0,-1,-1,-1,0,0,4,7,2,0,0,2,1,2,E01011529
1155,2009130075509,2009,130075509,4,2,1,2,46,8,3,0,0,0,0,0,9,1,-1,2009,130075509,422940.0,427920.0,-1.653625,53.747149,13,2,4,3,29/01/2009,5,07:49,204,E08000035,E08000035,3,650,6,60.0,0,-1,-1,-1,0,0,4,7,2,0,0,2,1,2,E01011529
1156,2009130075609,2009,130075609,2,1,1,2,33,6,3,0,0,0,0,0,9,1,-1,2009,130075609,427260.0,427700.0,-1.588139,53.744964,13,3,2,1,29/01/2009,5,09:00,204,E08000035,E08000035,4,6123,3,40.0,0,-1,-1,-1,0,0,1,1,2,0,0,1,2,2,E01011544
1157,2009130076909,2009,130076909,2,1,1,2,37,7,3,0,0,0,0,0,9,1,-1,2009,130076909,427490.0,425520.0,-1.584845,53.725358,13,3,2,1,30/01/2009,6,14:05,204,E08000035,E08000035,3,6029,6,30.0,6,2,3,653,0,0,1,1,2,0,0,1,2,2,E01011548
1158,2009130077009,2009,130077009,1,1,3,2,33,6,3,8,1,0,0,0,0,1,-1,2009,130077009,424350.0,438770.0,-1.631391,53.844605,13,3,1,1,16/01/2009,6,06:30,204,E08000035,E08000035,6,0,6,30.0,3,4,6,0,0,0,4,1,1,0,0,1,2,2,E01011460
1159,2009130077209,2009,130077209,1,2,1,1,44,7,3,0,0,0,0,0,9,1,-1,2009,130077209,431070.0,430360.0,-1.530103,53.76866,13,2,2,2,30/01/2009,6,18:40,204,E08000035,E08000035,6,0,6,30.0,7,4,6,0,0,0,4,1,2,0,0,1,1,2,E01011472
1160,2009130077209,2009,130077209,2,1,1,1,18,4,2,0,0,0,0,0,4,-1,-1,2009,130077209,431070.0,430360.0,-1.530103,53.76866,13,2,2,2,30/01/2009,6,18:40,204,E08000035,E08000035,6,0,6,30.0,7,4,6,0,0,0,4,1,2,0,0,1,1,2,E01011472
1161,2009130077309,2009,130077309,2,1,1,1,40,7,3,0,0,0,0,0,1,1,-1,2009,130077309,431070.0,431980.0,-1.52994,53.78322,13,3,2,1,30/01/2009,6,15:45,204,E08000035,E08000035,3,639,3,30.0,3,4,6,0,0,0,1,1,1,0,0,1,2,2,E01011467
1162,2009130077409,2009,130077409,2,1,1,1,18,4,2,0,0,0,0,0,3,-1,-1,2009,130077409,432910.0,432140.0,-1.501999,53.784545,13,2,2,1,30/01/2009,6,07:03,204,E08000035,E08000035,6,0,6,30.0,0,-1,-1,-1,0,0,4,1,2,0,0,1,1,2,E01011621
1163,2009130077809,2009,130077809,2,1,1,1,59,9,2,0,0,0,0,0,1,1,-1,2009,130077809,423580.0,434590.0,-1.643413,53.80707,13,2,2,1,29/01/2009,5,07:40,204,E08000035,E08000035,6,0,6,40.0,3,4,6,0,0,0,1,8,2,0,0,1,1,2,E01011337
1164,2009130077909,2009,130077909,1,1,1,1,20,4,3,0,0,0,0,0,9,1,-1,2009,130077909,434270.0,433800.0,-1.481175,53.799378,13,3,1,2,31/01/2009,7,18:01,204,E08000035,E08000035,6,0,6,30.0,9,4,6,0,0,0,7,1,2,0,0,1,1,2,E01011616
1165,2009130077909,2009,130077909,1,2,2,1,24,5,3,0,0,1,0,0,9,1,-1,2009,130077909,434270.0,433800.0,-1.481175,53.799378,13,3,1,2,31/01/2009,7,18:01,204,E08000035,E08000035,6,0,6,30.0,9,4,6,0,0,0,7,1,2,0,0,1,1,2,E01011616
1166,2009130078009,2009,130078009,2,1,1,1,35,6,2,0,0,0,0,0,5,1,-1,2009,130078009,424880.0,427720.0,-1.624224,53.745263,13,2,2,1,30/01/2009,6,18:23,204,E08000035,E08000035,3,650,6,40.0,3,4,6,0,0,0,4,1,1,0,0,1,1,2,E01011530
1167,2009130078109,2009,130078109,1,1,3,1,32,6,3,9,7,0,0,0,0,1,-1,2009,130078109,422360.0,440400.0,-1.661518,53.859344,13,3,1,1,30/01/2009,6,18:20,204,E08000035,E08000035,6,0,6,60.0,0,-1,-1,-1,0,0,6,1,1,0,0,2,1,2,E01011580
1168,2009130078409,2009,130078409,1,1,2,1,22,5,3,0,0,1,0,0,9,1,-1,2009,130078409,433650.0,438990.0,-1.490022,53.846064,13,3,1,2,01/02/2009,1,05:06,204,E08000035,E08000035,3,6120,6,60.0,0,-1,-1,-1,0,0,6,1,1,0,0,2,1,2,E01011650
1169,2009130078409,2009,130078409,1,2,2,1,21,5,3,0,0,2,0,0,9,-1,-1,2009,130078409,433650.0,438990.0,-1.490022,53.846064,13,3,1,2,01/02/2009,1,05:06,204,E08000035,E08000035,3,6120,6,60.0,0,-1,-1,-1,0,0,6,1,1,0,0,2,1,2,E01011650
1170,2009130078509,2009,130078509,1,1,1,2,23,5,3,0,0,0,0,0,9,1,-1,2009,130078509,426860.0,437520.0,-1.593351,53.833247,13,3,2,2,14/01/2009,4,11:38,204,E08000035,E08000035,3,660,6,30.0,3,4,6,0,0,1,1,1,1,0,0,1,1,2,E01011685
1171,2009130078509,2009,130078509,2,2,1,1,56,9,3,0,0,0,0,0,9,1,-1,2009,130078509,426860.0,437520.0,-1.593351,53.833247,13,3,2,2,14/01/2009,4,11:38,204,E08000035,E08000035,3,660,6,30.0,3,4,6,0,0,1,1,1,1,0,0,1,1,2,E01011685
1172,2009130078809,2009,130078809,2,1,1,2,44,7,3,0,0,0,0,0,9,1,-1,2009,130078809,422070.0,433940.0,-1.666389,53.801294,13,3,2,2,29/01/2009,5,13:30,204,E08000035,E08000035,3,647,3,70.0,0,-1,-1,-1,0,0,1,1,1,0,0,1,1,2,E01011587
1173,2009130078809,2009,130078809,2,2,2,1,53,8,3,0,0,1,0,0,9,1,-1,2009,130078809,422070.0,433940.0,-1.666389,53.801294,13,3,2,2,29/01/2009,5,13:30,204,E08000035,E08000035,3,647,3,70.0,0,-1,-1,-1,0,0,1,1,1,0,0,1,1,2,E01011587
1174,2009130079209,2009,130079209,2,1,1,1,49,8,3,0,0,0,0,0,1,1,-1,2009,130079209,423010.0,437660.0,-1.65184,53.834689,13,3,2,1,31/01/2009,7,19:20,204,E08000035,E08000035,3,65,1,40.0,1,4,3,6120,0,4,4,1,1,0,0,2,1,2,E01011452
1175,2009130079509,2009,130079509,1,2,1,2,31,6,3,0,0,0,0,0,9,1,-1,2009,130079509,427600.0,434510.0,-1.582376,53.806154,13,3,2,3,30/01/2009,6,22:48,204,E08000035,E08000035,3,65,6,30.0,3,2,6,0,0,0,4,1,1,0,0,1,1,2,E01011482
1176,2009130079509,2009,130079509,1,3,2,2,23,5,3,0,0,1,0,0,9,1,-1,2009,130079509,427600.0,434510.0,-1.582376,53.806154,13,3,2,3,30/01/2009,6,22:48,204,E08000035,E08000035,3,65,6,30.0,3,2,6,0,0,0,4,1,1,0,0,1,1,2,E01011482
1177,2009130079509,2009,130079509,2,1,1,2,35,6,3,0,0,0,0,0,90,-1,-1,2009,130079509,427600.0,434510.0,-1.582376,53.806154,13,3,2,3,30/01/2009,6,22:48,204,E08000035,E08000035,3,65,6,30.0,3,2,6,0,0,0,4,1,1,0,0,1,1,2,E01011482
1178,2009130079809,2009,130079809,1,1,1,2,33,6,3,0,0,0,0,0,9,-1,-1,2009,130079809,435230.0,434830.0,-1.466483,53.808571,13,3,2,2,30/01/2009,6,07:15,204,E08000035,E08000035,3,64,3,40.0,7,2,6,0,0,5,4,1,2,0,0,1,1,2,E01011343
1179,2009130079809,2009,130079809,2,2,1,1,54,8,3,0,0,0,0,0,9,3,-1,2009,130079809,435230.0,434830.0,-1.466483,53.808571,13,3,2,2,30/01/2009,6,07:15,204,E08000035,E08000035,3,64,3,40.0,7,2,6,0,0,5,4,1,2,0,0,1,1,2,E01011343
1180,2009130080009,2009,130080009,1,1,1,1,23,5,3,0,0,0,0,0,9,1,-1,2009,130080009,428540.0,433210.0,-1.568223,53.79442,13,3,2,1,30/01/2009,6,21:39,204,E08000035,E08000035,3,58,3,30.0,1,2,3,647,0,0,4,1,1,0,0,1,1,2,E01011363
1181,2009130080209,2009,130080209,1,1,3,2,86,11,3,6,9,0,0,0,0,1,-1,2009,130080209,435510.0,434810.0,-1.462233,53.808372,13,3,1,1,22/01/2009,5,15:40,204,E08000035,E08000035,6,0,3,30.0,0,-1,-1,-1,0,0,1,1,1,0,0,1,1,2,E01011666
1182,2009130080409,2009,130080409,1,1,2,2,20,4,3,0,0,2,0,0,9,-1,-1,2009,130080409,435820.0,435750.0,-1.457417,53.8168,13,3,3,2,29/01/2009,5,23:32,204,E08000035,E08000035,6,0,6,30.0,3,4,6,0,0,0,4,1,1,0,0,1,1,2,E01011663
1183,2009130080409,2009,130080409,1,2,2,2,22,5,3,0,0,2,0,0,9,-1,-1,2009,130080409,435820.0,435750.0,-1.457417,53.8168,13,3,3,2,29/01/2009,5,23:32,204,E08000035,E08000035,6,0,6,30.0,3,4,6,0,0,0,4,1,1,0,0,1,1,2,E01011663
1184,2009130080509,2009,130080509,1,1,1,1,45,7,3,0,0,0,0,0,9,1,-1,2009,130080509,432060.0,436080.0,-1.51449,53.82001,13,3,3,3,29/01/2009,5,08:21,204,E08000035,E08000035,6,0,6,30.0,6,4,6,0,0,8,1,1,2,0,0,1,1,2,E01011422
1185,2009130080509,2009,130080509,2,2,1,1,32,6,3,0,0,0,0,0,9,1,-1,2009,130080509,432060.0,436080.0,-1.51449,53.82001,13,3,3,3,29/01/2009,5,08:21,204,E08000035,E08000035,6,0,6,30.0,6,4,6,0,0,8,1,1,2,0,0,1,1,2,E01011422
1186,2009130080509,2009,130080509,3,3,1,2,42,7,3,0,0,0,0,0,9,1,-1,2009,130080509,432060.0,436080.0,-1.51449,53.82001,13,3,3,3,29/01/2009,5,08:21,204,E08000035,E08000035,6,0,6,30.0,6,4,6,0,0,8,1,1,2,0,0,1,1,2,E01011422
1187,2009130080609,2009,130080609,1,1,1,1,26,6,3,0,0,0,0,0,9,1,-1,2009,130080609,432790.0,434230.0,-1.503599,53.803338,13,3,2,2,01/02/2009,1,11:25,204,E08000035,E08000035,6,0,6,30.0,3,4,6,0,0,0,1,1,1,0,0,1,1,2,E01011347
1188,2009130080609,2009,130080609,2,2,1,1,28,6,3,0,0,0,0,0,9,-1,-1,2009,130080609,432790.0,434230.0,-1.503599,53.803338,13,3,2,2,01/02/2009,1,11:25,204,E08000035,E08000035,6,0,6,30.0,3,4,6,0,0,0,1,1,1,0,0,1,1,2,E01011347
1189,2009130080709,2009,130080709,1,1,3,1,11,3,3,5,1,0,0,0,0,1,-1,2009,130080709,435210.0,433540.0,-1.466933,53.796978,13,3,1,1,06/01/2009,3,15:10,204,E08000035,E08000035,6,0,6,30.0,0,-1,-1,-1,0,0,1,1,1,0,0,1,1,2,E01011417
1190,2009130081009,2009,130081009,1,1,2,1,21,5,3,0,0,1,0,0,9,1,-1,2009,130081009,422280.0,433420.0,-1.663238,53.796612,13,3,1,1,24/01/2009,7,03:08,204,E08000035,E08000035,4,6155,6,30.0,6,2,4,6154,0,5,4,1,1,0,0,1,1,2,E01011612
1191,2009130081609,2009,130081609,2,1,1,1,45,7,3,0,0,0,0,0,9,1,-1,2009,130081609,430240.0,424080.0,-1.543307,53.712264,13,3,5,3,30/01/2009,6,17:55,204,E08000035,E08000035,1,1,3,70.0,0,-1,-1,-1,0,0,4,1,2,0,0,2,1,1,E01011537
1192,2009130081609,2009,130081609,4,2,1,1,32,6,3,0,0,0,0,0,9,3,-1,2009,130081609,430240.0,424080.0,-1.543307,53.712264,13,3,5,3,30/01/2009,6,17:55,204,E08000035,E08000035,1,1,3,70.0,0,-1,-1,-1,0,0,4,1,2,0,0,2,1,1,E01011537
1193,2009130081609,2009,130081609,5,3,1,2,49,8,3,0,0,0,0,0,9,1,-1,2009,130081609,430240.0,424080.0,-1.543307,53.712264,13,3,5,3,30/01/2009,6,17:55,204,E08000035,E08000035,1,1,3,70.0,0,-1,-1,-1,0,0,4,1,2,0,0,2,1,1,E01011537
1194,2009130082809,2009,130082809,2,1,1,1,37,7,3,0,0,0,0,0,9,1,-1,2009,130082809,432450.0,433790.0,-1.508807,53.799404,13,3,2,1,02/02/2009,2,10:11,204,E08000035,E08000035,6,0,1,30.0,1,4,6,0,0,0,1,3,3,3,0,1,1,2,E01011348
1195,2009130085909,2009,130085909,1,1,3,1,44,7,2,5,1,0,0,0,0,-1,-1,2009,130085909,429420.0,435410.0,-1.554655,53.814144,13,2,1,1,29/01/2009,5,22:41,204,E08000035,E08000035,6,0,6,30.0,3,4,6,0,0,0,4,4,2,0,0,1,1,2,E01011670
1196,2009130086809,2009,130086809,1,1,3,1,7,2,3,5,1,0,0,0,0,1,-1,2009,130086809,423610.0,434130.0,-1.642993,53.802935,13,3,1,1,08/01/2009,5,17:10,204,E08000035,E08000035,6,0,6,30.0,3,4,6,0,0,0,4,1,1,0,0,1,1,2,E01011608
1197,2009130087909,2009,130087909,1,1,2,1,4,1,3,0,0,2,0,0,9,1,-1,2009,130087909,418800.0,442400.0,-1.715523,53.87746,13,3,1,1,02/02/2009,2,17:20,204,E08000035,E08000035,6,0,6,30.0,0,-1,-1,-1,0,0,4,3,3,0,0,1,1,2,E01011265
1198,2009130088309,2009,130088309,1,1,1,1,32,6,3,0,0,0,0,0,9,1,-1,2009,130088309,438490.0,430400.0,-1.417531,53.768525,13,3,2,1,01/02/2009,1,12:50,204,E08000035,E08000035,3,642,6,30.0,6,4,6,0,0,4,1,1,2,0,0,2,1,2,E01011390
1199,2009130088709,2009,130088709,1,1,1,1,20,4,3,0,0,0,0,0,9,3,-1,2009,130088709,436160.0,427630.0,-1.453202,53.743796,13,3,2,1,03/02/2009,3,18:00,204,E08000035,E08000035,3,642,6,40.0,3,4,6,0,0,0,4,1,3,0,0,2,1,2,E01011635
1200,2009130088809,2009,130088809,1,1,2,1,47,8,3,0,0,1,0,0,9,1,-1,2009,130088809,440490.0,434870.0,-1.386604,53.808549,13,3,1,1,02/02/2009,2,09:35,204,E08000035,E08000035,6,0,6,60.0,0,-1,-1,-1,0,0,1,3,3,0,0,2,1,2,E01011297
1201,2009130088909,2009,130088909,2,1,1,1,25,5,3,0,0,0,0,0,1,-1,-1,2009,130088909,428670.0,435620.0,-1.566026,53.816073,13,3,2,1,28/01/2009,4,17:20,204,E08000035,E08000035,3,660,6,30.0,3,4,6,0,0,0,4,7,2,0,0,1,2,2,E01011443
1202,2009130089009,2009,130089009,2,1,1,1,49,8,3,0,0,0,0,0,9,-1,-1,2009,130089009,435090.0,434700.0,-1.468623,53.807412,13,3,2,1,02/02/2009,2,15:40,204,E08000035,E08000035,3,64,3,40.0,7,4,3,64,0,0,1,6,3,0,0,1,1,2,E01011343
1203,2009130089109,2009,130089109,1,1,1,1,36,7,3,0,0,0,0,0,9,1,-1,2009,130089109,426280.0,435570.0,-1.60233,53.81575,13,3,2,1,30/01/2009,6,14:35,204,E08000035,E08000035,3,65,6,30.0,6,2,4,6157,0,5,1,1,2,0,0,1,1,2,E01011488
1204,2009130089209,2009,130089209,6,1,1,1,22,5,3,0,0,0,0,0,9,1,-1,2009,130089209,443610.0,435910.0,-1.33908,53.817644,13,3,6,1,02/02/2009,2,09:22,204,E08000035,E08000035,1,1,3,70.0,0,-1,-1,-1,0,0,1,3,4,0,0,2,1,1,E01011297
1205,2009130089309,2009,130089309,1,1,1,1,40,7,3,0,0,0,0,0,11,1,-1,2009,130089309,433720.0,434020.0,-1.489501,53.801391,13,3,2,4,03/02/2009,3,08:30,204,E08000035,E08000035,3,64,9,40.0,0,-1,-1,-1,0,0,1,3,3,0,0,1,1,2,E01011617
1206,2009130089309,2009,130089309,1,2,2,2,17,4,3,0,0,0,4,0,11,1,-1,2009,130089309,433720.0,434020.0,-1.489501,53.801391,13,3,2,4,03/02/2009,3,08:30,204,E08000035,E08000035,3,64,9,40.0,0,-1,-1,-1,0,0,1,3,3,0,0,1,1,2,E01011617
1207,2009130089309,2009,130089309,1,3,2,1,16,4,3,0,0,0,4,0,11,1,-1,2009,130089309,433720.0,434020.0,-1.489501,53.801391,13,3,2,4,03/02/2009,3,08:30,204,E08000035,E08000035,3,64,9,40.0,0,-1,-1,-1,0,0,1,3,3,0,0,1,1,2,E01011617
1208,2009130089309,2009,130089309,1,4,2,1,19,4,3,0,0,0,4,0,11,1,-1,2009,130089309,433720.0,434020.0,-1.489501,53.801391,13,3,2,4,03/02/2009,3,08:30,204,E08000035,E08000035,3,64,9,40.0,0,-1,-1,-1,0,0,1,3,3,0,0,1,1,2,E01011617
1209,2009130089709,2009,130089709,1,1,1,1,27,6,3,0,0,0,0,0,9,-1,-1,2009,130089709,432170.0,427280.0,-1.513735,53.740911,13,2,1,4,31/01/2009,7,03:44,204,E08000035,E08000035,1,1,3,70.0,0,-1,-1,-1,0,0,4,1,2,0,0,2,1,1,E01011498
1210,2009130089709,2009,130089709,1,2,2,2,29,6,3,0,0,1,0,0,9,1,-1,2009,130089709,432170.0,427280.0,-1.513735,53.740911,13,2,1,4,31/01/2009,7,03:44,204,E08000035,E08000035,1,1,3,70.0,0,-1,-1,-1,0,0,4,1,2,0,0,2,1,1,E01011498
1211,2009130089709,2009,130089709,1,3,2,1,38,7,3,0,0,2,0,0,9,1,-1,2009,130089709,432170.0,427280.0,-1.513735,53.740911,13,2,1,4,31/01/2009,7,03:44,204,E08000035,E08000035,1,1,3,70.0,0,-1,-1,-1,0,0,4,1,2,0,0,2,1,1,E01011498
1212,2009130089709,2009,130089709,1,4,2,2,40,7,2,0,0,2,0,0,9,1,-1,2009,130089709,432170.0,427280.0,-1.513735,53.740911,13,2,1,4,31/01/2009,7,03:44,204,E08000035,E08000035,1,1,3,70.0,0,-1,-1,-1,0,0,4,1,2,0,0,2,1,1,E01011498
1213,2009130090309,2009,130090309,1,1,1,2,21,5,3,0,0,0,0,0,9,3,-1,2009,130090309,432110.0,434670.0,-1.513878,53.807334,13,3,2,1,04/02/2009,4,16:41,204,E08000035,E08000035,6,0,6,30.0,9,4,6,0,0,0,4,1,2,0,0,1,2,2,E01011677
1214,2009130090809,2009,130090809,1,1,3,2,16,4,3,1,3,0,0,0,0,1,-1,2009,130090809,432550.0,433780.0,-1.50729,53.799308,13,3,1,1,28/01/2009,4,08:05,204,E08000035,E08000035,3,64,3,40.0,0,-1,-1,-1,2,4,1,1,1,0,0,1,2,2,E01011615
1215,2009130093909,2009,130093909,1,1,1,2,54,8,3,0,0,0,0,0,9,1,-1,2009,130093909,430880.0,434250.0,-1.532597,53.803634,13,3,3,2,28/01/2009,4,12:09,204,E08000035,E08000035,6,0,6,30.0,7,2,3,61,0,0,1,1,2,0,2,1,1,2,E01011675
1216,2009130093909,2009,130093909,2,2,2,1,43,7,3,0,0,1,0,0,9,1,-1,2009,130093909,430880.0,434250.0,-1.532597,53.803634,13,3,3,2,28/01/2009,4,12:09,204,E08000035,E08000035,6,0,6,30.0,7,2,3,61,0,0,1,1,2,0,2,1,1,2,E01011675
1217,2009130094109,2009,130094109,2,1,1,1,66,10,3,0,0,0,0,0,9,1,-1,2009,130094109,434030.0,428100.0,-1.485445,53.748163,13,3,2,1,05/02/2009,5,09:53,204,E08000035,E08000035,6,0,6,30.0,0,-1,-1,-1,0,0,1,3,4,0,0,1,1,2,E01011633
1218,2009130094609,2009,130094609,1,1,1,1,23,5,3,0,0,0,0,0,9,1,-1,2009,130094609,426640.0,433490.0,-1.597042,53.797037,13,3,2,2,06/02/2009,6,19:30,204,E08000035,E08000035,6,0,6,30.0,3,4,6,0,0,0,4,1,1,0,0,1,1,2,E01011291
1219,2009130094609,2009,130094609,2,2,1,1,30,6,3,0,0,0,0,0,9,1,-1,2009,130094609,426640.0,433490.0,-1.597042,53.797037,13,3,2,2,06/02/2009,6,19:30,204,E08000035,E08000035,6,0,6,30.0,3,4,6,0,0,0,4,1,1,0,0,1,1,2,E01011291
1220,2009130094709,2009,130094709,1,1,1,1,19,4,3,0,0,0,0,0,9,1,-1,2009,130094709,428500.0,434530.0,-1.568708,53.806286,13,3,3,1,24/01/2009,7,13:00,204,E08000035,E08000035,6,0,6,30.0,3,4,6,0,0,0,1,1,1,0,0,1,1,2,E01011483
1221,2009130094809,2009,130094809,1,1,3,2,44,7,3,5,3,0,0,0,0,1,-1,2009,130094809,429150.0,431570.0,-1.559117,53.779646,13,3,1,1,04/02/2009,4,08:00,204,E08000035,E08000035,6,0,6,30.0,3,4,6,0,0,0,1,3,3,0,0,1,2,2,E01011370
1222,2009130094909,2009,130094909,1,1,1,1,26,6,3,0,0,0,0,0,3,1,-1,2009,130094909,422920.0,433210.0,-1.653537,53.794696,13,3,2,1,06/02/2009,6,07:55,204,E08000035,E08000035,6,0,6,30.0,3,4,6,0,0,0,1,1,2,0,0,2,1,2,E01011600
1223,2009130095009,2009,130095009,1,1,2,1,4,1,3,0,0,2,0,0,9,1,-1,2009,130095009,427120.0,437370.0,-1.589414,53.831885,13,3,2,2,26/01/2009,2,15:10,204,E08000035,E08000035,3,660,6,30.0,0,-1,-1,-1,0,0,1,1,1,0,0,1,1,2,E01011690