,accident_index,accident_year_x,accident_reference_x,vehicle_reference,casualty_reference,casualty_class,sex_of_casualty,age_of_casualty,age_band_of_casualty,casualty_severity,pedestrian_location,pedestrian_movement,car_passenger,bus_or_coach_passenger,pedestrian_road_maintenance_worker,casualty_type,casualty_home_area_type,casualty_imd_decile,accident_year_y,accident_reference_y,location_easting_osgr,location_northing_osgr,longitude,latitude,police_force,accident_severity,number_of_vehicles,number_of_casualties,date,day_of_week,time,local_authority_district,local_authority_ons_district,local_authority_highway,first_road_class,first_road_number,road_type,speed_limit,junction_detail,junction_control,second_road_class,second_road_number,pedestrian_crossing_human_control,pedestrian_crossing_physical_facilities,light_conditions,weather_conditions,road_surface_conditions,special_conditions_at_site,carriageway_hazards,urban_or_rural_area,did_police_officer_attend_scene_of_accident,trunk_road_flag,lsoa_of_accident_location
1398,2009131047409,2009,131047409,2,1,1,2,32,6,3,0,0,0,0,0,9,1,-1,2009,131047409,431480.0,428560.0,-1.524066,53.752457,13,3,2,1,06/12/2009,1,11:55,204,E08000035,E08000035,6,0,6,30.0,3,4,6,0,0,0,1,1,1,0,0,1,2,2,E01011502
1399,2009131047809,2009,131047809,1,1,1,1,58,9,3,0,0,0,0,0,11,1,-1,2009,131047809,438160.0,431740.0,-1.422372,53.780593,13,3,2,4,13/12/2009,1,11:50,204,E08000035,E08000035,6,0,6,40.0,6,4,6,0,0,0,1,1,2,0,0,2,1,2,E01011402
1400,2009131047809,2009,131047809,1,2,2,2,67,10,3,0,0,0,4,0,11,2,-1,2009,131047809,438160.0,431740.0,-1.422372,53.780593,13,3,2,4,13/12/2009,1,11:50,204,E08000035,E08000035,6,0,6,40.0,6,4,6,0,0,0,1,1,2,0,0,2,1,2,E01011402
1401,2009131047809,2009,131047809,1,3,2,1,54,8,3,0,0,0,4,0,11,1,-1,2009,131047809,438160.0,431740.0,-1.422372,53.780593,13,3,2,4,13/12/2009,1,11:50,204,E08000035,E08000035,6,0,6,40.0,6,4,6,0,0,0,1,1,2,0,0,2,1,2,E01011402
1402,2009131047809,2009,131047809,1,4,2,2,45,7,3,0,0,0,4,0,11,3,-1,2009,131047809,438160.0,431740.0,-1.422372,53.780593,13,3,2,4,13/12/2009,1,11:50,204,E08000035,E08000035,6,0,6,40.0,6,4,6,0,0,0,1,1,2,0,0,2,1,2,E01011402
1403,2009131048009,2009,131048009,1,1,1,2,25,5,3,0,0,0,0,0,9,1,-1,2009,131048009,430440.0,424200.0,-1.540265,53.713331,13,3,2,1,08/12/2009,3,17:25,204,E08000035,E08000035,1,1,3,60.0,0,-1,-1,-1,0,0,6,1,1,0,0,2,2,1,E01011537
1404,2009131048209,2009,131048209,1,1,3,2,17,4,3,5,3,0,0,0,0,-1,-1,2009,131048209,434440.0,428260.0,-1.479211,53.749574,13,3,1,1,10/12/2009,5,20:15,204,E08000035,E08000035,6,0,6,30.0,6,4,6,0,0,0,7,1,1,0,0,1,1,2,E01011633
1405,2009131049209,2009,131049209,1,1,1,1,54,8,2,0,0,0,0,0,9,1,-1,2009,131049209,441060.0,449160.0,-1.37604,53.936935,13,2,2,2,09/12/2009,4,12:30,204,E08000035,E08000035,3,168,6,40.0,0,-1,-1,-1,0,0,1,1,2,0,0,2,1,2,E01011700
1406,2009131049209,2009,131049209,2,2,1,2,57,9,2,0,0,0,0,0,9,3,-1,2009,131049209,441060.0,449160.0,-1.37604,53.936935,13,2,2,2,09/12/2009,4,12:30,204,E08000035,E08000035,3,168,6,40.0,0,-1,-1,-1,0,0,1,1,2,0,0,2,1,2,E01011700
1407,2009131049509,2009,131049509,2,1,1,1,49,8,3,0,0,0,0,0,9,3,-1,2009,131049509,432240.0,429040.0,-1.51249,53.756725,13,3,2,1,10/12/2009,5,17:25,204,E08000035,E08000035,1,1,3,70.0,0,-1,-1,-1,0,0,4,1,1,0,0,2,1,1,E01011496
1408,2009131049809,2009,131049809,2,1,1,1,45,7,3,0,0,0,0,0,3,1,-1,2009,131049809,430870.0,434240.0,-1.53275,53.803544,13,3,2,1,10/12/2009,5,16:00,204,E08000035,E08000035,3,61,3,30.0,6,2,6,0,0,5,4,1,1,0,0,1,1,2,E01011679
1409,2009131049909,2009,131049909,2,1,1,2,27,6,3,0,0,0,0,0,9,1,-1,2009,131049909,430210.0,435110.0,-1.542686,53.811403,13,3,3,1,18/12/2009,6,09:25,204,E08000035,E08000035,6,0,6,30.0,3,4,6,0,0,0,1,3,3,0,0,1,1,2,E01011671
1410,2009131051109,2009,131051109,1,1,1,2,83,11,3,0,0,0,0,0,9,1,-1,2009,131051109,431960.0,438840.0,-1.515723,53.844823,13,3,2,1,25/11/2009,4,12:08,204,E08000035,E08000035,6,0,6,30.0,3,4,6,0,0,0,1,1,1,0,0,1,1,2,E01011652
1411,2009131051309,2009,131051309,1,1,1,2,34,6,3,0,0,0,0,0,9,1,-1,2009,131051309,436150.0,434710.0,-1.452526,53.80743,13,3,3,1,14/12/2009,2,17:55,204,E08000035,E08000035,3,6120,6,30.0,7,2,6,0,0,4,4,2,2,0,0,1,2,2,E01011345
1412,2009131051909,2009,131051909,1,1,2,2,36,7,3,0,0,2,0,0,8,1,-1,2009,131051909,430700.0,433600.0,-1.535395,53.797802,13,3,2,1,06/12/2009,1,02:30,204,E08000035,E08000035,3,61,3,30.0,0,-1,-1,-1,0,0,4,9,2,0,0,1,2,2,E01011365
1413,2009131052709,2009,131052709,2,1,1,1,45,7,3,0,0,0,0,0,9,1,-1,2009,131052709,443310.0,438990.0,-1.343203,53.845351,13,3,3,2,12/12/2009,7,13:33,204,E08000035,E08000035,2,1,3,70.0,5,4,2,1,0,0,1,1,1,0,0,2,1,1,E01011309
1414,2009131052709,2009,131052709,2,2,2,2,39,7,3,0,0,1,0,0,9,-1,-1,2009,131052709,443310.0,438990.0,-1.343203,53.845351,13,3,3,2,12/12/2009,7,13:33,204,E08000035,E08000035,2,1,3,70.0,5,4,2,1,0,0,1,1,1,0,0,2,1,1,E01011309
1415,2009131053209,2009,131053209,1,1,1,1,23,5,3,0,0,0,0,0,3,1,-1,2009,131053209,431980.0,435790.0,-1.515736,53.817409,13,3,2,1,11/12/2009,6,22:00,204,E08000035,E08000035,4,6159,6,30.0,3,4,6,0,0,5,4,1,1,0,0,1,1,2,E01011428
1416,2009131055109,2009,131055109,1,1,2,2,25,5,3,0,0,1,0,0,9,-1,-1,2009,131055109,430650.0,434660.0,-1.536049,53.807332,13,3,2,1,13/12/2009,1,11:00,204,E08000035,E08000035,3,61,6,30.0,6,2,3,61,0,0,1,1,1,0,0,1,2,2,E01011671
1417,2009131055209,2009,131055209,1,1,1,1,21,5,3,0,0,0,0,0,9,1,-1,2009,131055209,419660.0,438600.0,-1.702684,53.843274,13,3,1,4,03/12/2009,5,01:50,204,E08000035,E08000035,3,658,6,40.0,0,-1,-1,-1,0,0,4,2,2,0,0,2,1,2,E01010683
1418,2009131055209,2009,131055209,1,2,2,1,22,5,3,0,0,1,0,0,9,1,-1,2009,131055209,419660.0,438600.0,-1.702684,53.843274,13,3,1,4,03/12/2009,5,01:50,204,E08000035,E08000035,3,658,6,40.0,0,-1,-1,-1,0,0,4,2,2,0,0,2,1,2,E01010683
1419,2009131055209,2009,131055209,1,3,2,2,19,4,3,0,0,2,0,0,9,1,-1,2009,131055209,419660.0,438600.0,-1.702684,53.843274,13,3,1,4,03/12/2009,5,01:50,204,E08000035,E08000035,3,658,6,40.0,0,-1,-1,-1,0,0,4,2,2,0,0,2,1,2,E01010683
1420,2009131055209,2009,131055209,1,4,2,2,16,4,3,0,0,2,0,0,9,-1,-1,2009,131055209,419660.0,438600.0,-1.702684,53.843274,13,3,1,4,03/12/2009,5,01:50,204,E08000035,E08000035,3,658,6,40.0,0,-1,-1,-1,0,0,4,2,2,0,0,2,1,2,E01010683
1421,2009131055309,2009,131055309,2,1,1,2,43,7,3,0,0,0,0,0,9,1,-1,2009,131055309,428800.0,433290.0,-1.564269,53.795124,13,3,3,2,16/12/2009,4,12:15,204,E08000035,E08000035,3,58,3,40.0,0,-1,-1,-1,0,0,1,2,2,0,0,1,1,2,E01011367
1422,2009131055309,2009,131055309,2,2,2,1,80,11,3,0,0,1,0,0,9,1,-1,2009,131055309,428800.0,433290.0,-1.564269,53.795124,13,3,3,2,16/12/2009,4,12:15,204,E08000035,E08000035,3,58,3,40.0,0,-1,-1,-1,0,0,1,2,2,0,0,1,1,2,E01011367
1423,2009131056009,2009,131056009,1,1,1,1,19,4,3,0,0,0,0,0,9,1,-1,2009,131056009,429230.0,435440.0,-1.557538,53.814424,13,3,2,1,14/12/2009,2,10:06,204,E08000035,E08000035,6,0,6,30.0,6,4,6,0,0,0,1,1,1,0,0,1,2,2,E01011670
1424,2009131057209,2009,131057209,1,1,2,1,66,10,3,0,0,0,3,0,11,1,-1,2009,131057209,431300.0,429100.0,-1.526741,53.757321,13,3,1,1,18/12/2009,6,18:40,204,E08000035,E08000035,6,0,3,30.0,0,-1,-1,-1,0,0,4,1,3,0,0,1,2,2,E01011475
1425,2009131057609,2009,131057609,1,1,1,1,28,6,3,0,0,0,0,0,9,1,-1,2009,131057609,424290.0,433950.0,-1.632682,53.801286,13,3,1,1,18/12/2009,6,12:00,204,E08000035,E08000035,3,647,3,60.0,0,-1,-1,-1,0,0,1,1,3,0,0,2,1,2,E01011608
1426,2009131057709,2009,131057709,1,1,3,2,18,4,2,10,9,0,0,0,0,1,-1,2009,131057709,425250.0,433560.0,-1.618138,53.797735,13,2,1,1,09/12/2009,4,19:45,204,E08000035,E08000035,6,0,6,30.0,3,4,6,0,0,0,4,1,2,0,0,1,1,2,E01011725
1427,2009131057809,2009,131057809,1,1,2,2,23,5,3,0,0,0,4,0,11,1,-1,2009,131057809,429650.0,439140.0,-1.550803,53.847656,13,3,1,1,17/12/2009,5,12:05,204,E08000035,E08000035,6,0,6,30.0,0,-1,-1,-1,0,0,1,1,1,0,0,1,2,2,E01011558
1428,2009131057909,2009,131057909,2,1,1,1,62,9,3,0,0,0,0,0,9,-1,-1,2009,131057909,436510.0,428360.0,-1.447809,53.750332,13,3,2,1,18/12/2009,6,06:33,204,E08000035,E08000035,6,0,6,60.0,0,-1,-1,-1,0,0,6,1,4,0,0,1,1,2,E01011635
1429,2009131058009,2009,131058009,2,1,1,1,25,5,3,0,0,0,0,0,9,1,-1,2009,131058009,429100.0,432180.0,-1.559819,53.785131,13,3,2,1,16/12/2009,4,21:30,204,E08000035,E08000035,6,0,1,30.0,1,4,6,0,0,0,4,1,2,0,0,1,2,2,E01011367
1430,2009131058309,2009,131058309,1,1,1,2,19,4,3,0,0,0,0,0,9,3,-1,2009,131058309,427320.0,437190.0,-1.586391,53.830257,13,3,2,1,06/12/2009,1,20:00,204,E08000035,E08000035,3,660,3,30.0,9,4,6,0,0,0,4,1,1,0,0,1,1,2,E01011690
1431,2009131058709,2009,131058709,1,1,1,2,27,6,3,0,0,0,0,0,9,1,-1,2009,131058709,433100.0,433470.0,-1.498973,53.796487,13,3,2,1,13/12/2009,1,21:00,204,E08000035,E08000035,6,0,6,30.0,0,-1,-1,-1,0,0,4,1,1,0,0,1,1,2,E01011621
1432,2009131058809,2009,131058809,2,1,1,1,54,8,3,0,0,0,0,0,9,1,-1,2009,131058809,426830.0,441370.0,-1.593472,53.867851,13,3,2,1,28/11/2009,7,06:45,204,E08000035,E08000035,3,660,6,60.0,3,4,6,0,0,0,4,7,2,0,0,2,1,2,E01011381
1433,2009131059609,2009,131059609,1,1,2,2,36,7,3,0,0,1,0,0,9,-1,-1,2009,131059609,442970.0,434560.0,-1.348988,53.805564,13,3,2,2,12/12/2009,7,14:28,204,E08000035,E08000035,1,1,3,70.0,0,-1,-1,-1,0,0,1,1,1,0,0,2,1,1,E01011297
1434,2009131059609,2009,131059609,1,2,2,2,7,2,3,0,0,2,0,0,9,-1,-1,2009,131059609,442970.0,434560.0,-1.348988,53.805564,13,3,2,2,12/12/2009,7,14:28,204,E08000035,E08000035,1,1,3,70.0,0,-1,-1,-1,0,0,1,1,1,0,0,2,1,1,E01011297
1435,2009131059709,2009,131059709,1,1,1,1,30,6,3,0,0,0,0,0,9,1,-1,2009,131059709,424570.0,435150.0,-1.628335,53.812058,13,3,2,1,15/12/2009,3,21:30,204,E08000035,E08000035,3,657,6,30.0,6,2,6,0,0,0,4,8,2,0,0,1,1,2,E01011331
1436,2009131059909,2009,131059909,2,1,3,2,61,9,2,9,6,0,0,0,0,-1,-1,2009,131059909,420790.0,436990.0,-1.685618,53.82876,13,2,3,1,18/12/2009,6,12:10,204,E08000035,E08000035,6,0,6,30.0,9,4,6,0,0,0,1,3,3,0,0,1,1,2,E01011589
1437,2009131060209,2009,131060209,6,4,2,2,27,6,3,0,0,1,0,0,9,-1,-1,2009,131060209,441570.0,434630.0,-1.370236,53.806307,13,3,14,6,11/12/2009,6,18:45,204,E08000035,E08000035,1,1,3,70.0,0,-1,-1,-1,0,0,6,7,2,0,2,2,1,1,E01011297
1438,2009131060209,2009,131060209,7,1,1,1,27,6,3,0,0,0,0,0,9,1,-1,2009,131060209,441570.0,434630.0,-1.370236,53.806307,13,3,14,6,11/12/2009,6,18:45,204,E08000035,E08000035,1,1,3,70.0,0,-1,-1,-1,0,0,6,7,2,0,2,2,1,1,E01011297
1439,2009131060209,2009,131060209,9,2,1,1,39,7,3,0,0,0,0,0,9,1,-1,2009,131060209,441570.0,434630.0,-1.370236,53.806307,13,3,14,6,11/12/2009,6,18:45,204,E08000035,E08000035,1,1,3,70.0,0,-1,-1,-1,0,0,6,7,2,0,2,2,1,1,E01011297
1440,2009131060209,2009,131060209,9,5,2,2,37,7,3,0,0,1,0,0,9,1,-1,2009,131060209,441570.0,434630.0,-1.370236,53.806307,13,3,14,6,11/12/2009,6,18:45,204,E08000035,E08000035,1,1,3,70.0,0,-1,-1,-1,0,0,6,7,2,0,2,2,1,1,E01011297
1441,2009131060209,2009,131060209,13,3,1,1,33,6,3,0,0,0,0,0,9,1,-1,2009,131060209,441570.0,434630.0,-1.370236,53.806307,13,3,14,6,11/12/2009,6,18:45,204,E08000035,E08000035,1,1,3,70.0,0,-1,-1,-1,0,0,6,7,2,0,2,2,1,1,E01011297
1442,2009131060209,2009,131060209,13,6,2,2,35,6,3,0,0,1,0,0,9,-1,-1,2009,131060209,441570.0,434630.0,-1.370236,53.806307,13,3,14,6,11/12/2009,6,18:45,204,E08000035,E08000035,1,1,3,70.0,0,-1,-1,-1,0,0,6,7,2,0,2,2,1,1,E01011297
1443,2009131060809,2009,131060809,1,1,1,2,20,4,2,0,0,0,0,0,9,1,-1,2009,131060809,422640.0,435000.0,-1.657657,53.810797,13,2,1,1,09/12/2009,4,23:01,204,E08000035,E08000035,6,0,6,30.0,0,-1,-1,-1,0,0,4,2,2,0,0,1,1,2,E01011328
1444,2009131061309,2009,131061309,1,1,1,1,22,5,3,0,0,0,0,0,9,1,-1,2009,131061309,422870.0,439310.0,-1.653845,53.849525,13,3,2,2,19/12/2009,7,07:00,204,E08000035,E08000035,6,0,6,30.0,3,4,6,0,0,0,7,1,4,0,0,1,1,2,E01011455
1445,2009131061309,2009,131061309,2,2,1,1,40,7,3,0,0,0,0,0,11,1,-1,2009,131061309,422870.0,439310.0,-1.653845,53.849525,13,3,2,2,19/12/2009,7,07:00,204,E08000035,E08000035,6,0,6,30.0,3,4,6,0,0,0,7,1,4,0,0,1,1,2,E01011455
1446,2009131062009,2009,131062009,1,1,3,2,17,4,3,9,9,0,0,0,0,1,-1,2009,131062009,427830.0,430580.0,-1.579238,53.77082,13,3,1,1,16/12/2009,4,17:27,204,E08000035,E08000035,3,6110,3,40.0,0,-1,-1,-1,0,0,4,2,2,0,0,1,1,2,E01011318
1447,2009131063309,2009,131063309,1,1,1,1,39,7,3,0,0,0,0,0,9,1,-1,2009,131063309,439060.0,439200.0,-1.40777,53.847574,13,3,2,1,14/12/2009,2,08:15,204,E08000035,E08000035,3,64,3,60.0,0,-1,-1,-1,0,0,1,1,2,0,0,2,1,2,E01011715
1448,2009131063609,2009,131063609,3,1,1,1,53,8,3,0,0,0,0,0,9,1,-1,2009,131063609,429900.0,432140.0,-1.547681,53.784726,13,3,4,2,17/12/2009,5,17:15,204,E08000035,E08000035,1,621,3,50.0,5,4,1,621,0,0,4,1,2,0,0,1,1,1,E01011364
1449,2009131063609,2009,131063609,4,2,1,2,31,6,3,0,0,0,0,0,9,1,-1,2009,131063609,429900.0,432140.0,-1.547681,53.784726,13,3,4,2,17/12/2009,5,17:15,204,E08000035,E08000035,1,621,3,50.0,5,4,1,621,0,0,4,1,2,0,0,1,1,1,E01011364
1450,2009131063809,2009,131063809,1,1,3,1,77,11,3,5,1,0,0,0,0,1,-1,2009,131063809,436200.0,436850.0,-1.451516,53.82666,13,3,1,1,10/12/2009,5,19:45,204,E08000035,E08000035,6,0,6,30.0,3,4,3,64,0,0,4,1,1,0,0,1,1,2,E01011720
1451,2009131064009,2009,131064009,1,1,3,1,61,9,2,5,1,0,0,0,0,1,-1,2009,131064009,436120.0,436910.0,-1.452724,53.827205,13,2,1,1,13/12/2009,1,21:45,204,E08000035,E08000035,6,0,6,30.0,3,4,6,0,0,0,4,1,1,0,0,1,2,2,E01011720
1452,2009131064109,2009,131064109,1,1,3,1,18,4,3,6,9,0,0,0,0,1,-1,2009,131064109,431430.0,431600.0,-1.524516,53.779783,13,3,2,1,18/12/2009,6,11:00,204,E08000035,E08000035,3,639,6,40.0,3,4,6,0,0,0,1,3,3,0,0,1,2,2,E01011467
1453,2009131064409,2009,131064409,1,1,2,2,54,8,3,0,0,0,4,0,11,1,-1,2009,131064409,432700.0,434950.0,-1.504889,53.809814,13,3,2,1,18/12/2009,6,22:45,204,E08000035,E08000035,6,0,6,30.0,3,4,6,0,0,0,4,3,3,0,0,1,1,2,E01011340
1454,2009131064709,2009,131064709,2,1,1,1,49,8,3,0,0,0,0,0,9,1,-1,2009,131064709,436200.0,436840.0,-1.451517,53.82657,13,3,3,1,15/12/2009,3,18:10,204,E08000035,E08000035,3,64,6,50.0,3,4,6,0,0,0,4,1,2,0,0,1,1,2,E01011720
1455,2009131065209,2009,131065209,1,1,1,2,82,11,3,0,0,0,0,0,9,1,-1,2009,131065209,439670.0,448610.0,-1.397283,53.932101,13,3,1,1,12/12/2009,7,09:07,204,E08000035,E08000035,3,661,6,30.0,3,4,6,0,0,0,1,1,2,0,0,1,1,2,E01011702
1456,2009131065609,2009,131065609,2,1,1,2,39,7,3,0,0,0,0,0,9,1,-1,2009,131065609,429740.0,433410.0,-1.549987,53.79615,13,3,2,1,14/12/2009,2,18:00,204,E08000035,E08000035,6,0,6,30.0,0,-1,-1,-1,0,0,4,1,2,0,0,1,2,2,E01011365
1457,2009131066209,2009,131066209,1,1,1,2,38,7,3,0,0,0,0,0,9,-1,-1,2009,131066209,431340.0,437160.0,-1.525317,53.829761,13,3,2,2,18/12/2009,6,08:50,204,E08000035,E08000035,6,0,6,30.0,0,-1,-1,-1,0,0,1,3,3,0,0,1,1,2,E01011504
1458,2009131066209,2009,131066209,2,2,1,2,46,8,3,0,0,0,0,0,10,1,-1,2009,131066209,431340.0,437160.0,-1.525317,53.829761,13,3,2,2,18/12/2009,6,08:50,204,E08000035,E08000035,6,0,6,30.0,0,-1,-1,-1,0,0,1,3,3,0,0,1,1,2,E01011504
1459,2009131066309,2009,131066309,1,1,3,2,11,3,2,5,1,0,0,0,0,1,-1,2009,131066309,431080.0,433330.0,-1.529653,53.795353,13,2,1,2,03/12/2009,5,15:05,204,E08000035,E08000035,6,0,6,30.0,0,-1,-1,-1,0,0,1,1,1,0,0,1,1,2,E01011619
1460,2009131066309,2009,131066309,1,2,3,2,11,3,3,5,1,0,0,0,0,-1,-1,2009,131066309,431080.0,433330.0,-1.529653,53.795353,13,2,1,2,03/12/2009,5,15:05,204,E08000035,E08000035,6,0,6,30.0,0,-1,-1,-1,0,0,1,1,1,0,0,1,1,2,E01011619
1461,2009131066409,2009,131066409,1,1,3,1,73,10,3,5,1,0,0,0,0,1,-1,2009,131066409,441480.0,430770.0,-1.372121,53.771622,13,3,1,1,17/12/2009,5,11:55,204,E08000035,E08000035,6,0,6,30.0,3,4,4,6137,0,0,1,1,1,0,0,1,1,2,E01011305
1462,2009131066509,2009,131066509,1,1,2,2,62,9,3,0,0,1,0,0,9,1,-1,2009,131066509,429050.0,433890.0,-1.560417,53.800503,13,3,2,1,17/12/2009,5,16:30,204,E08000035,E08000035,6,0,6,30.0,3,4,6,0,0,0,4,6,2,0,0,1,1,2,E01011678
1463,2009131066609,2009,131066609,1,1,3,1,41,7,3,5,3,0,0,0,0,2,-1,2009,131066609,429150.0,433510.0,-1.558935,53.797082,13,3,1,1,18/12/2009,6,16:30,204,E08000035,E08000035,6,0,6,30.0,0,-1,-1,-1,0,0,4,1,4,0,0,1,1,2,E01011365
1464,2009131067309,2009,131067309,1,1,1,1,75,10,3,0,0,0,0,0,9,1,-1,2009,131067309,431160.0,434990.0,-1.528271,53.810268,13,3,2,3,19/12/2009,7,15:30,204,E08000035,E08000035,3,58,6,30.0,3,4,6,0,0,0,1,3,2,0,0,1,1,2,E01011675
1465,2009131067309,2009,131067309,1,3,2,2,54,8,3,0,0,1,0,0,9,1,-1,2009,131067309,431160.0,434990.0,-1.528271,53.810268,13,3,2,3,19/12/2009,7,15:30,204,E08000035,E08000035,3,58,6,30.0,3,4,6,0,0,0,1,3,2,0,0,1,1,2,E01011675
1466,2009131067309,2009,131067309,2,2,1,1,37,7,3,0,0,0,0,0,9,1,-1,2009,131067309,431160.0,434990.0,-1.528271,53.810268,13,3,2,3,19/12/2009,7,15:30,204,E08000035,E08000035,3,58,6,30.0,3,4,6,0,0,0,1,3,2,0,0,1,1,2,E01011675
1467,2009131067709,2009,131067709,2,1,1,1,43,7,3,0,0,0,0,0,9,-1,-1,2009,131067709,429280.0,433490.0,-1.556963,53.796895,13,3,2,1,18/12/2009,6,17:40,204,E08000035,E08000035,6,0,3,30.0,6,2,6,0,0,5,4,1,2,0,0,1,1,2,E01011365
1468,2009131067909,2009,131067909,1,1,1,1,54,8,3,0,0,0,0,0,9,2,-1,2009,131067909,437320.0,429480.0,-1.435392,53.760341,13,3,3,2,15/12/2009,3,15:20,204,E08000035,E08000035,3,642,6,30.0,3,4,6,0,0,0,1,1,2,0,0,2,1,2,E01011402
1469,2009131067909,2009,131067909,2,2,1,1,44,7,3,0,0,0,0,0,9,1,-1,2009,131067909,437320.0,429480.0,-1.435392,53.760341,13,3,3,2,15/12/2009,3,15:20,204,E08000035,E08000035,3,642,6,30.0,3,4,6,0,0,0,1,1,2,0,0,2,1,2,E01011402
1470,2009131068409,2009,131068409,1,1,1,2,45,7,3,0,0,0,0,0,9,1,-1,2009,131068409,432660.0,436930.0,-1.505287,53.827613,13,3,1,2,11/12/2009,6,15:50,204,E08000035,E08000035,6,0,6,30.0,3,4,6,0,0,0,1,1,2,0,0,1,1,2,E01011641
1471,2009131068409,2009,131068409,1,2,2,1,48,8,3,0,0,1,0,0,9,1,-1,2009,131068409,432660.0,436930.0,-1.505287,53.827613,13,3,1,2,11/12/2009,6,15:50,204,E08000035,E08000035,6,0,6,30.0,3,4,6,0,0,0,1,1,2,0,0,1,1,2,E01011641
1472,2009131068809,2009,131068809,1,1,1,2,30,6,3,0,0,0,0,0,9,1,-1,2009,131068809,431180.0,434710.0,-1.527996,53.80775,13,3,3,3,16/12/2009,4,12:50,204,E08000035,E08000035,6,0,6,30.0,0,-1,-1,-1,0,0,1,2,2,0,0,1,1,2,E01011675
1473,2009131068809,2009,131068809,3,2,1,1,18,4,3,0,0,0,0,0,19,1,-1,2009,131068809,431180.0,434710.0,-1.527996,53.80775,13,3,3,3,16/12/2009,4,12:50,204,E08000035,E08000035,6,0,6,30.0,0,-1,-1,-1,0,0,1,2,2,0,0,1,1,2,E01011675
1474,2009131068809,2009,131068809,3,3,2,1,31,6,3,0,0,1,0,0,19,1,-1,2009,131068809,431180.0,434710.0,-1.527996,53.80775,13,3,3,3,16/12/2009,4,12:50,204,E08000035,E08000035,6,0,6,30.0,0,-1,-1,-1,0,0,1,2,2,0,0,1,1,2,E01011675
1475,2009131069009,2009,131069009,2,1,1,2,32,6,3,0,0,0,0,0,9,1,-1,2009,131069009,431800.0,435820.0,-1.518466,53.817689,13,3,2,1,16/12/2009,4,18:55,204,E08000035,E08000035,6,0,6,30.0,6,4,6,0,0,0,4,1,2,0,0,1,1,2,E01011422
1476,2009131069109,2009,131069109,1,1,3,2,15,3,3,5,1,0,0,0,0,-1,-1,2009,131069109,424560.0,428020.0,-1.629053,53.747974,13,3,1,1,14/12/2009,2,16:20,204,E08000035,E08000035,3,650,2,40.0,3,4,6,0,0,0,1,2,2,0,0,1,2,2,E01011523
1477,2009131069409,2009,131069409,1,1,2,2,15,3,3,0,0,1,0,0,9,1,-1,2009,131069409,432160.0,434820.0,-1.513103,53.80868,13,3,2,2,18/12/2009,6,11:07,204,E08000035,E08000035,6,0,6,30.0,3,4,6,0,0,0,1,3,4,0,0,1,1,2,E01011433
1478,2009131069409,2009,131069409,2,2,2,2,16,4,3,0,0,2,0,0,9,-1,-1,2009,131069409,432160.0,434820.0,-1.513103,53.80868,13,3,2,2,18/12/2009,6,11:07,204,E08000035,E08000035,6,0,6,30.0,3,4,6,0,0,0,1,3,4,0,0,1,1,2,E01011433
1479,2009131069809,2009,131069809,2,1,1,1,20,4,3,0,0,0,0,0,9,1,-1,2009,131069809,436570.0,435720.0,-1.446029,53.816478,13,3,2,2,16/12/2009,4,12:20,204,E08000035,E08000035,6,0,6,30.0,6,4,6,0,0,0,1,1,1,0,0,1,1,2,E01011724
1480,2009131069809,2009,131069809,2,2,2,2,21,5,3,0,0,1,0,0,9,1,-1,2009,131069809,436570.0,435720.0,-1.446029,53.816478,13,3,2,2,16/12/2009,4,12:20,204,E08000035,E08000035,6,0,6,30.0,6,4,6,0,0,0,1,1,1,0,0,1,1,2,E01011724
1481,2009131071109,2009,131071109,1,1,1,2,29,6,3,0,0,0,0,0,9,1,-1,2009,131071109,425540.0,435370.0,-1.613586,53.813989,13,3,2,2,21/12/2009,2,08:25,204,E08000035,E08000035,6,0,6,30.0,3,4,6,0,0,0,1,1,4,0,0,1,1,2,E01011281
1482,2009131071109,2009,131071109,2,2,1,1,53,8,3,0,0,0,0,0,9,1,-1,2009,131071109,425540.0,435370.0,-1.613586,53.813989,13,3,2,2,21/12/2009,2,08:25,204,E08000035,E08000035,6,0,6,30.0,3,4,6,0,0,0,1,1,4,0,0,1,1,2,E01011281
1483,2009131072809,2009,131072809,1,1,1,1,45,7,3,0,0,0,0,0,19,1,-1,2009,131072809,426210.0,437730.0,-1.60321,53.835167,13,3,2,1,18/12/2009,6,12:40,204,E08000035,E08000035,6,0,6,30.0,6,4,6,0,0,0,1,3,4,0,0,1,1,2,E01011687
1484,2009131072909,2009,131072909,1,1,1,1,43,7,3,0,0,0,0,0,9,1,-1,2009,131072909,426130.0,427610.0,-1.60528,53.744213,13,3,2,2,18/12/2009,6,12:05,204,E08000035,E08000035,4,6127,6,30.0,8,4,6,0,0,0,1,1,2,0,0,1,1,2,E01011530