,accident_index,accident_year_x,accident_reference_x,vehicle_reference,casualty_reference,casualty_class,sex_of_casualty,age_of_casualty,age_band_of_casualty,casualty_severity,pedestrian_location,pedestrian_movement,car_passenger,bus_or_coach_passenger,pedestrian_road_maintenance_worker,casualty_type,casualty_home_area_type,casualty_imd_decile,accident_year_y,accident_reference_y,location_easting_osgr,location_northing_osgr,longitude,latitude,police_force,accident_severity,number_of_vehicles,number_of_casualties,date,day_of_week,time,local_authority_district,local_authority_ons_district,local_authority_highway,first_road_class,first_road_number,road_type,speed_limit,junction_detail,junction_control,second_road_class,second_road_number,pedestrian_crossing_human_control,pedestrian_crossing_physical_facilities,light_conditions,weather_conditions,road_surface_conditions,special_conditions_at_site,carriageway_hazards,urban_or_rural_area,did_police_officer_attend_scene_of_accident,trunk_road_flag,lsoa_of_accident_location
1485,2009131072909,2009,131072909,2,2,1,1,25,5,3,0,0,0,0,0,9,1,-1,2009,131072909,426130.0,427610.0,-1.60528,53.744213,13,3,2,2,18/12/2009,6,12:05,204,E08000035,E08000035,4,6127,6,30.0,8,4,6,0,0,0,1,1,2,0,0,1,1,2,E01011530
1486,2009131073209,2009,131073209,1,1,1,1,47,8,2,0,0,0,0,0,9,1,-1,2009,131073209,433700.0,425860.0,-1.490693,53.728051,13,2,3,5,21/12/2009,2,17:30,204,E08000035,E08000035,1,62,3,70.0,0,-1,-1,-1,0,0,4,1,4,0,0,2,1,1,E01011500
1487,2009131073209,2009,131073209,2,2,1,2,18,4,3,0,0,0,0,0,9,2,-1,2009,131073209,433700.0,425860.0,-1.490693,53.728051,13,2,3,5,21/12/2009,2,17:30,204,E08000035,E08000035,1,62,3,70.0,0,-1,-1,-1,0,0,4,1,4,0,0,2,1,1,E01011500
1488,2009131073209,2009,131073209,2,3,2,2,45,7,2,0,0,1,0,0,9,2,-1,2009,131073209,433700.0,425860.0,-1.490693,53.728051,13,2,3,5,21/12/2009,2,17:30,204,E08000035,E08000035,1,62,3,70.0,0,-1,-1,-1,0,0,4,1,4,0,0,2,1,1,E01011500
1489,2009131073209,2009,131073209,3,4,1,1,52,8,3,0,0,0,0,0,9,3,-1,2009,131073209,433700.0,425860.0,-1.490693,53.728051,13,2,3,5,21/12/2009,2,17:30,204,E08000035,E08000035,1,62,3,70.0,0,-1,-1,-1,0,0,4,1,4,0,0,2,1,1,E01011500
1490,2009131073209,2009,131073209,3,5,2,2,50,8,3,0,0,1,0,0,9,3,-1,2009,131073209,433700.0,425860.0,-1.490693,53.728051,13,2,3,5,21/12/2009,2,17:30,204,E08000035,E08000035,1,62,3,70.0,0,-1,-1,-1,0,0,4,1,4,0,0,2,1,1,E01011500
1491,2009131074709,2009,131074709,1,1,1,1,34,6,3,0,0,0,0,0,9,2,-1,2009,131074709,424080.0,428210.0,-1.636317,53.749704,13,3,2,1,21/12/2009,2,10:00,204,E08000035,E08000035,3,650,3,40.0,0,-1,-1,-1,0,0,1,8,3,0,0,2,1,2,E01011529
1492,2009131074909,2009,131074909,1,1,1,2,50,8,3,0,0,0,0,0,9,1,-1,2009,131074909,437610.0,425470.0,-1.43148,53.72428,13,3,5,4,18/12/2009,6,08:57,204,E08000035,E08000035,1,62,3,70.0,0,-1,-1,-1,0,0,1,1,2,0,0,2,1,1,E01011395
1493,2009131074909,2009,131074909,3,2,1,1,29,6,3,0,0,0,0,0,9,-1,-1,2009,131074909,437610.0,425470.0,-1.43148,53.72428,13,3,5,4,18/12/2009,6,08:57,204,E08000035,E08000035,1,62,3,70.0,0,-1,-1,-1,0,0,1,1,2,0,0,2,1,1,E01011395
1494,2009131074909,2009,131074909,3,3,2,1,20,4,3,0,0,2,0,0,9,2,-1,2009,131074909,437610.0,425470.0,-1.43148,53.72428,13,3,5,4,18/12/2009,6,08:57,204,E08000035,E08000035,1,62,3,70.0,0,-1,-1,-1,0,0,1,1,2,0,0,2,1,1,E01011395
1495,2009131074909,2009,131074909,3,4,2,1,20,4,3,0,0,1,0,0,9,1,-1,2009,131074909,437610.0,425470.0,-1.43148,53.72428,13,3,5,4,18/12/2009,6,08:57,204,E08000035,E08000035,1,62,3,70.0,0,-1,-1,-1,0,0,1,1,2,0,0,2,1,1,E01011395
1496,2009131075309,2009,131075309,1,1,1,1,28,6,3,0,0,0,0,0,9,1,-1,2009,131075309,430690.0,432920.0,-1.535614,53.791691,13,3,2,1,21/12/2009,2,10:05,204,E08000035,E08000035,6,0,6,30.0,9,4,3,653,0,0,1,1,2,0,0,1,2,2,E01011365
1497,2009131079009,2009,131079009,1,1,1,1,31,6,3,0,0,0,0,0,9,1,-1,2009,131079009,431640.0,435000.0,-1.520981,53.810329,13,3,1,1,21/12/2009,2,21:30,204,E08000035,E08000035,6,0,6,30.0,3,4,6,0,0,0,7,3,3,0,0,1,1,2,E01011677
1498,2009131079209,2009,131079209,2,1,1,1,58,9,3,0,0,0,0,0,9,-1,-1,2009,131079209,425220.0,434350.0,-1.618529,53.804837,13,3,2,1,22/12/2009,3,08:45,204,E08000035,E08000035,3,647,3,40.0,3,2,3,647,0,0,1,1,2,0,0,1,1,2,E01011286
1499,2009131079909,2009,131079909,2,1,1,1,41,7,3,0,0,0,0,0,1,3,-1,2009,131079909,440400.0,449270.0,-1.386078,53.937976,13,3,2,1,20/12/2009,1,10:30,204,E08000035,E08000035,4,6164,6,30.0,3,4,6,0,0,0,1,1,2,0,0,1,1,2,E01011698
1500,2009131080509,2009,131080509,1,1,3,1,46,8,3,1,1,0,0,0,0,1,-1,2009,131080509,429930.0,433580.0,-1.547086,53.797667,13,3,1,1,21/12/2009,2,14:48,204,E08000035,E08000035,6,0,6,30.0,0,-1,-1,-1,0,4,1,1,2,0,0,1,2,2,E01011365
1501,2009131081909,2009,131081909,1,1,3,2,85,11,3,5,3,0,0,0,0,1,-1,2009,131081909,440960.0,431360.0,-1.379932,53.776965,13,3,1,1,24/11/2009,3,13:50,204,E08000035,E08000035,4,6137,6,30.0,0,-1,-1,-1,0,0,1,1,2,0,0,1,1,2,E01011300
1502,2009131082209,2009,131082209,2,1,1,2,39,7,3,0,0,0,0,0,9,1,-1,2009,131082209,434640.0,437500.0,-1.475142,53.832608,13,3,2,3,16/12/2009,4,20:31,204,E08000035,E08000035,3,58,6,40.0,3,4,6,0,0,0,4,2,2,0,0,2,1,2,E01011656
1503,2009131082209,2009,131082209,2,2,2,1,39,7,3,0,0,1,0,0,9,1,-1,2009,131082209,434640.0,437500.0,-1.475142,53.832608,13,3,2,3,16/12/2009,4,20:31,204,E08000035,E08000035,3,58,6,40.0,3,4,6,0,0,0,4,2,2,0,0,2,1,2,E01011656
1504,2009131082209,2009,131082209,2,3,2,1,19,4,3,0,0,2,0,0,9,1,-1,2009,131082209,434640.0,437500.0,-1.475142,53.832608,13,3,2,3,16/12/2009,4,20:31,204,E08000035,E08000035,3,58,6,40.0,3,4,6,0,0,0,4,2,2,0,0,2,1,2,E01011656
1505,2009131082909,2009,131082909,1,1,3,1,16,4,3,6,9,0,0,0,0,1,-1,2009,131082909,429790.0,431070.0,-1.549454,53.775116,13,3,1,1,28/12/2009,2,16:00,204,E08000035,E08000035,6,0,6,30.0,3,4,6,0,0,0,4,1,4,0,0,1,1,2,E01011312
1506,2009131083209,2009,131083209,2,1,2,2,12,3,3,0,0,2,0,0,8,1,-1,2009,131083209,430680.0,433690.0,-1.535689,53.798612,13,3,2,1,26/12/2009,7,13:45,204,E08000035,E08000035,3,61,1,30.0,1,2,3,61,0,0,1,1,2,0,0,1,1,2,E01011365
1507,2009131083409,2009,131083409,1,1,3,2,50,8,3,6,9,0,0,0,0,1,-1,2009,131083409,428380.0,432670.0,-1.570701,53.789575,13,3,1,1,17/12/2009,5,16:40,204,E08000035,E08000035,6,0,6,30.0,0,-1,-1,-1,0,0,7,1,1,0,0,1,2,2,E01011363
1508,2009131083509,2009,131083509,1,2,1,1,19,4,3,0,0,0,0,0,9,1,-1,2009,131083509,429550.0,431560.0,-1.553048,53.779533,13,3,2,2,21/12/2009,2,22:45,204,E08000035,E08000035,6,0,6,30.0,6,4,6,0,0,1,4,1,2,0,0,1,1,2,E01011373
1509,2009131083509,2009,131083509,2,1,1,1,55,8,3,0,0,0,0,0,9,1,-1,2009,131083509,429550.0,431560.0,-1.553048,53.779533,13,3,2,2,21/12/2009,2,22:45,204,E08000035,E08000035,6,0,6,30.0,6,4,6,0,0,1,4,1,2,0,0,1,1,2,E01011373
1510,2009131084809,2009,131084809,2,1,1,1,34,6,3,0,0,0,0,0,9,1,-1,2009,131084809,428210.0,431200.0,-1.573416,53.776372,13,3,2,1,26/12/2009,7,18:00,204,E08000035,E08000035,3,643,6,30.0,0,-1,-1,-1,0,0,4,1,1,0,0,1,2,2,E01011369
1511,2009131085809,2009,131085809,1,1,1,1,62,9,3,0,0,0,0,0,9,1,-1,2009,131085809,424590.0,428010.0,-1.628599,53.747883,13,3,2,1,22/12/2009,3,01:26,204,E08000035,E08000035,3,650,6,40.0,3,4,6,0,0,0,4,1,3,0,0,1,1,2,E01011523
1512,2009131086309,2009,131086309,3,1,1,2,42,7,3,0,0,0,0,0,9,3,-1,2009,131086309,425170.0,437850.0,-1.619003,53.836297,13,3,4,1,23/12/2009,4,08:00,204,E08000035,E08000035,3,6120,1,30.0,1,4,6,0,0,0,1,8,3,0,0,1,2,2,E01011464
1513,2009131086509,2009,131086509,1,1,1,1,24,5,3,0,0,0,0,0,9,1,-1,2009,131086509,431980.0,430370.0,-1.516296,53.768695,13,3,1,1,24/12/2009,5,07:02,204,E08000035,E08000035,1,621,3,50.0,0,-1,-1,-1,0,0,4,3,3,0,0,2,1,1,E01011469
1514,2009131087009,2009,131087009,1,1,1,1,53,8,3,0,0,0,0,0,9,1,-1,2009,131087009,432360.0,436360.0,-1.509904,53.822508,13,3,2,1,25/12/2009,6,12:35,204,E08000035,E08000035,6,0,6,40.0,0,-1,-1,-1,0,5,1,3,4,0,0,1,1,2,E01011647
1515,2009131087409,2009,131087409,1,1,3,1,39,7,3,6,9,0,0,0,0,1,-1,2009,131087409,427600.0,429940.0,-1.582784,53.76508,13,3,3,2,25/12/2009,6,20:20,204,E08000035,E08000035,6,0,6,30.0,9,4,6,0,0,0,4,8,4,0,0,1,1,2,E01011318
1516,2009131087409,2009,131087409,1,2,3,2,34,6,3,6,9,0,0,0,0,1,-1,2009,131087409,427600.0,429940.0,-1.582784,53.76508,13,3,3,2,25/12/2009,6,20:20,204,E08000035,E08000035,6,0,6,30.0,9,4,6,0,0,0,4,8,4,0,0,1,1,2,E01011318
1517,2009131087909,2009,131087909,2,1,3,1,44,7,3,8,6,0,0,0,0,2,-1,2009,131087909,435140.0,428610.0,-1.468556,53.752673,13,3,2,1,25/12/2009,6,20:15,204,E08000035,E08000035,6,0,6,30.0,3,4,6,0,0,0,4,8,4,0,0,1,1,2,E01011627
1518,2009131088509,2009,131088509,1,1,3,2,24,5,3,9,8,0,0,0,0,1,-1,2009,131088509,431440.0,434160.0,-1.524103,53.802791,13,3,1,1,28/12/2009,2,07:00,204,E08000035,E08000035,6,0,6,30.0,0,-1,-1,-1,0,0,4,1,4,0,0,1,2,2,E01011675
1519,2009131089409,2009,131089409,1,1,1,1,30,6,3,0,0,0,0,0,9,1,-1,2009,131089409,427190.0,431810.0,-1.58884,53.781909,13,3,2,1,16/12/2009,4,08:00,204,E08000035,E08000035,3,58,6,30.0,0,-1,-1,-1,0,0,1,7,2,0,0,1,2,2,E01011734
1520,2009131091109,2009,131091109,1,2,2,2,67,10,3,0,0,1,0,0,9,1,-1,2009,131091109,434990.0,436880.0,-1.469895,53.827012,13,3,2,2,23/12/2009,4,14:25,204,E08000035,E08000035,6,0,6,30.0,6,4,6,0,0,0,1,1,2,0,0,1,1,2,E01011658
1521,2009131091109,2009,131091109,2,1,1,2,23,5,3,0,0,0,0,0,9,1,-1,2009,131091109,434990.0,436880.0,-1.469895,53.827012,13,3,2,2,23/12/2009,4,14:25,204,E08000035,E08000035,6,0,6,30.0,6,4,6,0,0,0,1,1,2,0,0,1,1,2,E01011658
1522,2009131092409,2009,131092409,1,1,1,1,19,4,3,0,0,0,0,0,9,1,-1,2009,131092409,423470.0,434030.0,-1.645126,53.802042,13,3,2,2,29/12/2009,3,23:09,204,E08000035,E08000035,6,0,6,30.0,6,2,6,0,0,5,4,2,2,0,0,1,1,2,E01011609
1523,2009131092409,2009,131092409,2,2,1,1,25,5,3,0,0,0,0,0,9,1,-1,2009,131092409,423470.0,434030.0,-1.645126,53.802042,13,3,2,2,29/12/2009,3,23:09,204,E08000035,E08000035,6,0,6,30.0,6,2,6,0,0,5,4,2,2,0,0,1,1,2,E01011609
1524,2009131092509,2009,131092509,1,1,1,1,28,6,2,0,0,0,0,0,9,1,-1,2009,131092509,425920.0,436240.0,-1.607742,53.82179,13,2,1,2,28/12/2009,2,23:55,204,E08000035,E08000035,3,65,3,40.0,3,4,6,0,0,4,4,1,2,0,0,2,1,2,E01011488
1525,2009131092509,2009,131092509,1,2,2,2,22,5,3,0,0,1,0,0,9,1,-1,2009,131092509,425920.0,436240.0,-1.607742,53.82179,13,2,1,2,28/12/2009,2,23:55,204,E08000035,E08000035,3,65,3,40.0,3,4,6,0,0,4,4,1,2,0,0,2,1,2,E01011488
1526,2009131092709,2009,131092709,1,1,2,2,35,6,3,0,0,1,0,0,9,1,-1,2009,131092709,420260.0,434230.0,-1.693851,53.803974,13,3,2,2,27/12/2009,1,14:15,204,E08000035,E08000035,3,647,3,40.0,0,-1,-1,-1,0,0,1,1,2,0,0,1,1,2,E01011597
1527,2009131092709,2009,131092709,1,2,2,1,1,1,3,0,0,2,0,0,9,1,-1,2009,131092709,420260.0,434230.0,-1.693851,53.803974,13,3,2,2,27/12/2009,1,14:15,204,E08000035,E08000035,3,647,3,40.0,0,-1,-1,-1,0,0,1,1,2,0,0,1,1,2,E01011597
1528,2009131093509,2009,131093509,1,1,1,2,45,7,3,0,0,0,0,0,9,1,-1,2009,131093509,441100.0,432020.0,-1.37772,53.782886,13,3,1,1,24/12/2009,5,17:15,204,E08000035,E08000035,3,63,6,40.0,0,-1,-1,-1,0,0,4,7,4,0,0,2,1,2,E01011302
1529,2009131093709,2009,131093709,1,1,3,1,60,9,3,9,5,0,0,0,0,1,-1,2009,131093709,431330.0,434830.0,-1.525706,53.80882,13,3,2,1,23/12/2009,4,20:50,204,E08000035,E08000035,6,0,6,30.0,0,-1,-1,-1,0,0,4,3,4,0,0,1,2,2,E01011673
1530,2009131093909,2009,131093909,3,1,3,1,37,7,3,9,5,0,0,0,0,1,-1,2009,131093909,436300.0,435050.0,-1.450209,53.810475,13,3,3,1,25/12/2009,6,21:40,204,E08000035,E08000035,6,0,6,30.0,6,4,6,0,0,0,4,1,4,0,0,1,1,2,E01011408
1531,2009131094109,2009,131094109,5,1,1,1,32,6,3,0,0,0,0,0,8,1,-1,2009,131094109,429320.0,436080.0,-1.55611,53.820172,13,3,8,1,26/12/2009,7,06:45,204,E08000035,E08000035,6,0,6,30.0,0,-1,-1,-1,0,0,4,8,4,0,3,1,1,2,E01011669
1532,2009131094209,2009,131094209,1,1,1,1,37,7,3,0,0,0,0,0,19,-1,-1,2009,131094209,422400.0,433330.0,-1.661423,53.795797,13,3,1,1,15/11/2009,1,19:10,204,E08000035,E08000035,6,0,6,30.0,0,-1,-1,-1,0,0,4,1,2,0,0,1,1,2,E01011612
1533,2009131094709,2009,131094709,1,1,3,2,77,11,3,9,7,0,0,0,0,1,-1,2009,131094709,423950.0,438250.0,-1.637511,53.839949,13,3,1,1,23/12/2009,4,15:00,204,E08000035,E08000035,6,0,2,30.0,0,-1,-1,-1,0,0,1,1,2,0,0,1,1,2,E01011459
1534,2009131094809,2009,131094809,1,1,1,1,41,7,2,0,0,0,0,0,9,1,-1,2009,131094809,440740.0,434460.0,-1.382862,53.804844,13,2,1,1,24/12/2009,5,23:46,204,E08000035,E08000035,1,1,3,70.0,0,-1,-1,-1,0,0,6,7,2,0,0,2,1,1,E01011297
1535,2009131095009,2009,131095009,1,1,1,2,36,7,3,0,0,0,0,0,9,1,-1,2009,131095009,426130.0,437190.0,-1.604471,53.830318,13,3,1,1,24/12/2009,5,00:15,204,E08000035,E08000035,6,0,1,30.0,2,4,6,0,0,8,4,3,3,0,0,1,1,2,E01011485
1536,2009131095209,2009,131095209,1,1,3,2,50,8,2,8,1,0,0,0,0,1,-1,2009,131095209,424170.0,434160.0,-1.634487,53.803179,13,2,1,1,14/11/2009,7,17:30,204,E08000035,E08000035,6,0,6,30.0,3,4,6,0,0,0,4,1,2,0,0,1,1,2,E01011287
1537,2009131097109,2009,131097109,1,1,2,2,75,10,3,0,0,0,3,0,11,1,-1,2009,131097109,430510.0,433700.0,-1.538269,53.798712,13,3,1,1,31/12/2009,5,13:20,204,E08000035,E08000035,6,0,6,30.0,0,-1,-1,-1,0,0,1,1,1,0,0,1,2,2,E01011365
1538,2009131098309,2009,131098309,2,1,1,1,30,6,2,0,0,0,0,0,9,1,-1,2009,131098309,426140.0,437270.0,-1.604312,53.831036,13,2,2,2,27/12/2009,1,00:45,204,E08000035,E08000035,6,0,6,30.0,3,4,6,0,0,0,4,1,4,0,0,1,1,2,E01011485
1539,2009131098309,2009,131098309,2,2,2,1,34,6,2,0,0,1,0,0,9,1,-1,2009,131098309,426140.0,437270.0,-1.604312,53.831036,13,2,2,2,27/12/2009,1,00:45,204,E08000035,E08000035,6,0,6,30.0,3,4,6,0,0,0,4,1,4,0,0,1,1,2,E01011485
1540,2009131100409,2009,131100409,2,1,1,1,42,7,3,0,0,0,0,0,9,1,-1,2009,131100409,441640.0,434610.0,-1.369176,53.806121,13,3,4,1,31/12/2009,5,06:39,204,E08000035,E08000035,1,1,6,60.0,0,-1,-1,-1,0,0,7,1,1,0,0,2,1,1,E01011297
1541,2009131101409,2009,131101409,1,1,2,2,41,7,3,0,0,2,0,0,9,1,-1,2009,131101409,431410.0,434080.0,-1.524567,53.802074,13,3,2,1,28/12/2009,2,17:07,204,E08000035,E08000035,6,0,6,30.0,7,2,6,0,0,4,4,1,2,0,0,1,1,2,E01011675
1542,2009131101709,2009,131101709,1,1,1,1,26,6,3,0,0,0,0,0,9,1,-1,2009,131101709,437800.0,432550.0,-1.427736,53.787899,13,3,1,1,31/12/2009,5,11:39,204,E08000035,E08000035,1,1,3,70.0,0,-1,-1,-1,0,0,1,1,1,0,0,2,1,1,E01011402
1543,2009131102709,2009,131102709,1,1,1,1,19,4,3,0,0,0,0,0,1,1,-1,2009,131102709,429240.0,433840.0,-1.557537,53.800043,13,3,2,1,29/12/2009,3,20:00,204,E08000035,E08000035,6,0,3,30.0,3,4,6,0,0,0,4,2,2,0,0,1,1,2,E01011678
1544,2009131103809,2009,131103809,1,1,2,2,5,1,3,0,0,2,0,0,9,-1,-1,2009,131103809,433640.0,435320.0,-1.490574,53.81308,13,3,2,1,31/12/2009,5,19:14,204,E08000035,E08000035,6,0,6,30.0,1,4,6,0,0,0,4,1,2,0,0,1,2,2,E01011339
1545,2009131104409,2009,131104409,1,1,1,1,35,6,3,0,0,0,0,0,9,1,-1,2009,131104409,427300.0,430770.0,-1.587262,53.772555,13,2,4,8,25/12/2009,6,13:20,204,E08000035,E08000035,1,621,3,70.0,5,4,1,621,0,0,1,1,1,0,0,1,1,1,E01011318
1546,2009131104409,2009,131104409,1,2,2,2,30,6,2,0,0,1,0,0,9,1,-1,2009,131104409,427300.0,430770.0,-1.587262,53.772555,13,2,4,8,25/12/2009,6,13:20,204,E08000035,E08000035,1,621,3,70.0,5,4,1,621,0,0,1,1,1,0,0,1,1,1,E01011318
1547,2009131104409,2009,131104409,1,3,2,2,10,2,2,0,0,2,0,0,9,1,-1,2009,131104409,427300.0,430770.0,-1.587262,53.772555,13,2,4,8,25/12/2009,6,13:20,204,E08000035,E08000035,1,621,3,70.0,5,4,1,621,0,0,1,1,1,0,0,1,1,1,E01011318
1548,2009131104409,2009,131104409,1,4,2,1,9,2,3,0,0,2,0,0,9,1,-1,2009,131104409,427300.0,430770.0,-1.587262,53.772555,13,2,4,8,25/12/2009,6,13:20,204,E08000035,E08000035,1,621,3,70.0,5,4,1,621,0,0,1,1,1,0,0,1,1,1,E01011318
1549,2009131104409,2009,131104409,1,5,2,2,4,1,3,0,0,2,0,0,9,1,-1,2009,131104409,427300.0,430770.0,-1.587262,53.772555,13,2,4,8,25/12/2009,6,13:20,204,E08000035,E08000035,1,621,3,70.0,5,4,1,621,0,0,1,1,1,0,0,1,1,1,E01011318
1550,2009131104409,2009,131104409,2,6,2,2,9,2,3,0,0,2,0,0,9,1,-1,2009,131104409,427300.0,430770.0,-1.587262,53.772555,13,2,4,8,25/12/2009,6,13:20,204,E08000035,E08000035,1,621,3,70.0,5,4,1,621,0,0,1,1,1,0,0,1,1,1,E01011318
1551,2009131104409,2009,131104409,4,7,2,1,54,8,3,0,0,1,0,0,9,-1,-1,2009,131104409,427300.0,430770.0,-1.587262,53.772555,13,2,4,8,25/12/2009,6,13:20,204,E08000035,E08000035,1,621,3,70.0,5,4,1,621,0,0,1,1,1,0,0,1,1,1,E01011318
1552,2009131104409,2009,131104409,4,8,1,1,39,7,3,0,0,0,0,0,9,-1,-1,2009,131104409,427300.0,430770.0,-1.587262,53.772555,13,2,4,8,25/12/2009,6,13:20,204,E08000035,E08000035,1,621,3,70.0,5,4,1,621,0,0,1,1,1,0,0,1,1,1,E01011318
1553,2009131106909,2009,131106909,2,1,1,1,21,5,3,0,0,0,0,0,9,-1,-1,2009,131106909,431000.0,439220.0,-1.530276,53.848296,13,3,2,1,24/12/2009,5,16:30,204,E08000035,E08000035,3,6120,6,40.0,3,4,6,0,0,0,4,7,3,0,0,1,1,2,E01011556
1554,2009131107309,2009,131107309,1,1,1,1,38,7,3,0,0,0,0,0,9,2,-1,2009,131107309,425110.0,436680.0,-1.62001,53.825784,13,3,2,2,31/12/2009,5,13:30,204,E08000035,E08000035,6,0,6,30.0,3,4,6,0,0,0,1,1,2,0,0,1,2,2,E01011486
1555,2009131107309,2009,131107309,2,2,2,2,24,5,3,0,0,1,0,0,9,1,-1,2009,131107309,425110.0,436680.0,-1.62001,53.825784,13,3,2,2,31/12/2009,5,13:30,204,E08000035,E08000035,6,0,6,30.0,3,4,6,0,0,0,1,1,2,0,0,1,2,2,E01011486
1556,2009131110209,2009,131110209,1,1,1,1,75,10,3,0,0,0,0,0,9,1,-1,2009,131110209,430170.0,438250.0,-1.542986,53.839627,13,3,1,1,08/12/2009,3,20:45,204,E08000035,E08000035,3,61,1,40.0,1,4,6,0,0,0,4,1,2,0,0,1,1,2,E01011506
1557,2009131110409,2009,131110409,2,1,1,1,27,6,3,0,0,0,0,0,9,1,-1,2009,131110409,431870.0,435940.0,-1.517391,53.818764,13,3,2,1,28/12/2009,2,17:15,204,E08000035,E08000035,4,6159,6,30.0,6,2,6,0,0,5,4,1,2,0,0,1,1,2,E01011426
1558,2009131450509,2009,131450509,2,1,1,1,41,7,1,0,0,0,0,0,5,1,-1,2009,131450509,436210.0,436840.0,-1.451365,53.826569,13,1,2,1,29/10/2009,5,06:59,204,E08000035,E08000035,3,64,6,50.0,3,4,6,0,0,8,1,1,1,0,0,1,1,2,E01011721
1559,2009131450709,2009,131450709,1,1,3,2,52,8,1,5,1,0,0,0,0,1,-1,2009,131450709,420760.0,445680.0,-1.685489,53.906866,13,1,1,1,12/11/2009,5,17:20,204,E08000035,E08000035,3,659,6,30.0,3,4,6,0,0,0,4,2,2,0,0,1,1,2,E01011569
1560,2009131451509,2009,131451509,1,1,3,1,26,6,1,5,3,0,0,0,0,1,-1,2009,131451509,432590.0,428260.0,-1.507264,53.749693,13,1,2,1,13/12/2009,1,18:15,204,E08000035,E08000035,3,61,6,30.0,0,-1,-1,-1,0,0,4,1,2,0,0,2,1,2,E01011496
1561,2009131451609,2009,131451609,1,1,3,2,91,11,1,8,3,0,0,0,0,-1,-1,2009,131451609,427540.0,430500.0,-1.583645,53.770116,13,1,1,1,17/12/2009,5,14:06,204,E08000035,E08000035,6,0,6,30.0,3,4,6,0,0,0,1,1,2,0,0,1,1,2,E01011318
1562,2010130477698,2010,130477698,2,1,1,2,42,7,3,0,0,0,0,0,9,1,-1,2010,130477698,427600.0,436800.0,-1.582172,53.826737,13,3,2,1,09/11/2010,3,08:45,204,E08000035,E08000035,3,660,6,30.0,3,4,6,0,0,0,1,2,2,0,0,1,1,2,E01011694
1563,2010130477756,2010,130477756,1,1,2,2,25,5,3,0,0,1,0,0,9,1,-1,2010,130477756,425850.0,427370.0,-1.609546,53.74207,13,3,2,1,09/11/2010,3,08:35,204,E08000035,E08000035,6,0,6,30.0,3,4,6,0,0,0,1,2,1,0,0,1,1,2,E01011534
1564,2010130478014,2010,130478014,1,1,1,1,51,8,3,0,0,0,0,0,1,2,-1,2010,130478014,422110.0,446000.0,-1.664917,53.909687,13,3,2,1,05/11/2010,6,09:05,204,E08000035,E08000035,3,659,6,30.0,3,4,6,0,0,0,1,1,1,0,0,2,2,2,E01011569
1565,2010130478118,2010,130478118,1,1,1,1,24,5,3,0,0,0,0,0,9,1,-1,2010,130478118,431430.0,431600.0,-1.524516,53.779783,13,3,2,1,08/11/2010,2,09:00,204,E08000035,E08000035,3,639,6,30.0,3,4,6,0,0,0,1,1,1,0,0,1,1,2,E01011467
1566,2010130478680,2010,130478680,2,1,1,1,46,8,3,0,0,0,0,0,1,-1,-1,2010,130478680,433140.0,426320.0,-1.499131,53.732222,13,3,2,1,09/11/2010,3,16:18,204,E08000035,E08000035,3,61,6,30.0,6,4,4,6135,0,0,1,5,2,0,0,1,1,2,E01011500
1567,2010130479145,2010,130479145,1,2,2,1,20,4,3,0,0,2,0,0,9,1,-1,2010,130479145,429340.0,433690.0,-1.556033,53.798689,13,3,2,3,09/11/2010,3,23:00,204,E08000035,E08000035,2,58,6,40.0,0,-1,-1,-1,0,0,4,1,1,0,0,1,1,2,E01011365
1568,2010130479145,2010,130479145,1,3,2,1,19,4,3,0,0,1,0,0,9,1,-1,2010,130479145,429340.0,433690.0,-1.556033,53.798689,13,3,2,3,09/11/2010,3,23:00,204,E08000035,E08000035,2,58,6,40.0,0,-1,-1,-1,0,0,4,1,1,0,0,1,1,2,E01011365
1569,2010130479145,2010,130479145,2,1,1,1,32,6,3,0,0,0,0,0,9,1,-1,2010,130479145,429340.0,433690.0,-1.556033,53.798689,13,3,2,3,09/11/2010,3,23:00,204,E08000035,E08000035,2,58,6,40.0,0,-1,-1,-1,0,0,4,1,1,0,0,1,1,2,E01011365
1570,2010130479282,2010,130479282,2,1,1,2,33,6,3,0,0,0,0,0,9,1,-1,2010,130479282,420960.0,434390.0,-1.683212,53.805385,13,3,2,1,10/11/2010,4,07:10,204,E08000035,E08000035,3,647,3,70.0,5,4,6,0,0,0,1,1,1,0,0,1,1,2,E01011595
1571,2010130480108,2010,130480108,1,1,1,1,54,8,3,0,0,0,0,0,9,-1,-1,2010,130480108,428550.0,431690.0,-1.568211,53.780757,13,3,2,1,10/11/2010,4,13:25,204,E08000035,E08000035,3,643,1,30.0,1,1,3,643,0,0,1,1,1,0,0,1,1,2,E01011366