,accident_index,accident_year_x,accident_reference_x,vehicle_reference,casualty_reference,casualty_class,sex_of_casualty,age_of_casualty,age_band_of_casualty,casualty_severity,pedestrian_location,pedestrian_movement,car_passenger,bus_or_coach_passenger,pedestrian_road_maintenance_worker,casualty_type,casualty_home_area_type,casualty_imd_decile,accident_year_y,accident_reference_y,location_easting_osgr,location_northing_osgr,longitude,latitude,police_force,accident_severity,number_of_vehicles,number_of_casualties,date,day_of_week,time,local_authority_district,local_authority_ons_district,local_authority_highway,first_road_class,first_road_number,road_type,speed_limit,junction_detail,junction_control,second_road_class,second_road_number,pedestrian_crossing_human_control,pedestrian_crossing_physical_facilities,light_conditions,weather_conditions,road_surface_conditions,special_conditions_at_site,carriageway_hazards,urban_or_rural_area,did_police_officer_attend_scene_of_accident,trunk_road_flag,lsoa_of_accident_location
1572,2010130480159,2010,130480159,1,1,1,2,29,6,3,0,0,0,0,0,9,1,-1,2010,130480159,425800.0,433240.0,-1.609815,53.794832,13,3,2,2,10/11/2010,4,08:40,204,E08000035,E08000035,6,0,6,30.0,3,4,6,0,0,0,1,1,1,0,0,1,1,2,E01011725
1573,2010130480159,2010,130480159,1,2,2,1,8,2,3,0,0,1,0,0,9,-1,-1,2010,130480159,425800.0,433240.0,-1.609815,53.794832,13,3,2,2,10/11/2010,4,08:40,204,E08000035,E08000035,6,0,6,30.0,3,4,6,0,0,0,1,1,1,0,0,1,1,2,E01011725
1574,2010130480282,2010,130480282,1,1,3,1,77,11,3,5,3,0,0,0,0,1,-1,2010,130480282,428600.0,430760.0,-1.567539,53.772396,13,3,1,1,10/11/2010,4,13:40,204,E08000035,E08000035,6,0,6,30.0,8,4,6,0,0,0,1,1,1,0,0,1,1,2,E01011315
1575,2010130480746,2010,130480746,1,1,3,2,27,6,3,5,1,0,0,0,0,1,-1,2010,130480746,427600.0,430970.0,-1.582692,53.774337,13,3,1,1,10/11/2010,4,14:50,204,E08000035,E08000035,3,6110,7,30.0,5,1,1,621,0,0,1,1,1,0,0,1,2,2,E01011318
1576,2010130480952,2010,130480952,1,1,1,2,19,4,3,0,0,0,0,0,9,1,-1,2010,130480952,429390.0,433760.0,-1.555267,53.799316,13,3,1,2,10/11/2010,4,20:35,204,E08000035,E08000035,2,58,3,30.0,0,-1,-1,-1,0,0,4,1,1,0,0,1,1,2,E01011365
1577,2010130480952,2010,130480952,1,2,2,1,19,4,3,0,0,1,0,0,9,1,-1,2010,130480952,429390.0,433760.0,-1.555267,53.799316,13,3,1,2,10/11/2010,4,20:35,204,E08000035,E08000035,2,58,3,30.0,0,-1,-1,-1,0,0,4,1,1,0,0,1,1,2,E01011365
1578,2010130481130,2010,130481130,1,1,1,1,39,7,3,0,0,0,0,0,9,1,-1,2010,130481130,428770.0,433280.0,-1.564725,53.795036,13,3,2,2,11/11/2010,5,01:20,204,E08000035,E08000035,3,58,6,30.0,0,-1,-1,-1,0,0,4,1,1,0,0,1,1,2,E01011367
1579,2010130481130,2010,130481130,1,2,2,1,40,7,3,0,0,1,0,0,9,1,-1,2010,130481130,428770.0,433280.0,-1.564725,53.795036,13,3,2,2,11/11/2010,5,01:20,204,E08000035,E08000035,3,58,6,30.0,0,-1,-1,-1,0,0,4,1,1,0,0,1,1,2,E01011367
1580,2010130481482,2010,130481482,1,1,1,1,20,4,3,0,0,0,0,0,9,1,-1,2010,130481482,429780.0,430620.0,-1.549649,53.771072,13,3,2,3,11/11/2010,5,08:40,204,E08000035,E08000035,3,653,6,40.0,3,4,6,0,0,0,1,2,2,0,0,1,1,2,E01011316
1581,2010130481482,2010,130481482,1,3,2,2,14,3,3,0,0,1,0,0,9,1,-1,2010,130481482,429780.0,430620.0,-1.549649,53.771072,13,3,2,3,11/11/2010,5,08:40,204,E08000035,E08000035,3,653,6,40.0,3,4,6,0,0,0,1,2,2,0,0,1,1,2,E01011316
1582,2010130481482,2010,130481482,2,2,2,2,26,6,3,0,0,1,0,0,9,1,-1,2010,130481482,429780.0,430620.0,-1.549649,53.771072,13,3,2,3,11/11/2010,5,08:40,204,E08000035,E08000035,3,653,6,40.0,3,4,6,0,0,0,1,2,2,0,0,1,1,2,E01011316
1583,2010130482051,2010,130482051,1,1,2,2,24,5,2,0,0,1,0,0,9,-1,-1,2010,130482051,424380.0,433620.0,-1.631341,53.798315,13,2,2,2,11/11/2010,5,11:40,204,E08000035,E08000035,4,6154,6,30.0,0,-1,-1,-1,0,0,1,5,2,0,0,1,1,2,E01011608
1584,2010130482051,2010,130482051,1,2,2,1,21,5,3,0,0,2,0,0,9,-1,-1,2010,130482051,424380.0,433620.0,-1.631341,53.798315,13,2,2,2,11/11/2010,5,11:40,204,E08000035,E08000035,4,6154,6,30.0,0,-1,-1,-1,0,0,1,5,2,0,0,1,1,2,E01011608
1585,2010130482580,2010,130482580,1,1,1,1,28,6,3,0,0,0,0,0,9,1,-1,2010,130482580,419950.0,434120.0,-1.698565,53.802997,13,3,3,3,11/11/2010,5,16:00,204,E08000035,E08000035,3,647,6,30.0,0,-1,-1,-1,0,0,1,1,1,0,0,1,1,2,E01011597
1586,2010130482580,2010,130482580,2,2,1,1,72,10,3,0,0,0,0,0,9,1,-1,2010,130482580,419950.0,434120.0,-1.698565,53.802997,13,3,3,3,11/11/2010,5,16:00,204,E08000035,E08000035,3,647,6,30.0,0,-1,-1,-1,0,0,1,1,1,0,0,1,1,2,E01011597
1587,2010130482580,2010,130482580,2,3,2,1,45,7,3,0,0,1,0,0,9,1,-1,2010,130482580,419950.0,434120.0,-1.698565,53.802997,13,3,3,3,11/11/2010,5,16:00,204,E08000035,E08000035,3,647,6,30.0,0,-1,-1,-1,0,0,1,1,1,0,0,1,1,2,E01011597
1588,2010130482639,2010,130482639,1,1,1,2,69,10,2,0,0,0,0,0,9,1,-1,2010,130482639,428340.0,425450.0,-1.571969,53.724684,13,2,2,2,11/11/2010,5,15:20,204,E08000035,E08000035,6,0,6,30.0,0,-1,-1,-1,0,0,1,4,1,0,0,1,1,2,E01011535
1589,2010130482639,2010,130482639,2,2,1,2,39,7,3,0,0,0,0,0,9,1,-1,2010,130482639,428340.0,425450.0,-1.571969,53.724684,13,2,2,2,11/11/2010,5,15:20,204,E08000035,E08000035,6,0,6,30.0,0,-1,-1,-1,0,0,1,4,1,0,0,1,1,2,E01011535
1590,2010130484061,2010,130484061,2,1,1,2,28,6,3,0,0,0,0,0,9,1,-1,2010,130484061,427780.0,430730.0,-1.579983,53.772171,13,3,2,1,08/11/2010,2,19:45,204,E08000035,E08000035,3,6110,6,40.0,1,4,3,643,0,0,4,5,2,4,0,1,2,2,E01011369
1591,2010130484080,2010,130484080,1,1,1,1,29,6,3,0,0,0,0,0,9,1,-1,2010,130484080,427350.0,434820.0,-1.586145,53.808954,13,3,3,2,12/11/2010,6,14:35,204,E08000035,E08000035,6,0,3,30.0,3,1,6,0,0,0,1,4,1,0,0,1,1,2,E01011482
1592,2010130484080,2010,130484080,2,2,1,1,30,6,3,0,0,0,0,0,9,1,-1,2010,130484080,427350.0,434820.0,-1.586145,53.808954,13,3,3,2,12/11/2010,6,14:35,204,E08000035,E08000035,6,0,3,30.0,3,1,6,0,0,0,1,4,1,0,0,1,1,2,E01011482
1593,2010130484322,2010,130484322,1,1,3,2,22,5,3,1,1,0,0,0,0,1,-1,2010,130484322,429580.0,434800.0,-1.552283,53.808652,13,3,1,2,12/11/2010,6,17:00,204,E08000035,E08000035,3,660,3,30.0,3,2,6,0,0,5,4,1,2,0,0,1,1,2,E01011674
1594,2010130484322,2010,130484322,1,2,3,2,23,5,3,1,1,0,0,0,0,1,-1,2010,130484322,429580.0,434800.0,-1.552283,53.808652,13,3,1,2,12/11/2010,6,17:00,204,E08000035,E08000035,3,660,3,30.0,3,2,6,0,0,5,4,1,2,0,0,1,1,2,E01011674
1595,2010130485715,2010,130485715,4,1,1,1,30,6,3,0,0,0,0,0,9,1,-1,2010,130485715,428430.0,428900.0,-1.570289,53.755688,13,3,4,1,13/11/2010,7,17:00,204,E08000035,E08000035,3,653,6,30.0,0,-1,-1,-1,0,0,7,1,1,0,0,2,1,2,E01011493
1596,2010130485772,2010,130485772,1,1,1,1,53,8,3,0,0,0,0,0,19,1,-1,2010,130485772,421670.0,435850.0,-1.672328,53.818478,13,3,2,2,13/11/2010,7,16:55,204,E08000035,E08000035,4,6156,6,60.0,0,-1,-1,-1,0,0,4,1,2,0,0,2,1,2,E01011592
1597,2010130485772,2010,130485772,2,2,2,1,25,5,3,0,0,1,0,0,9,1,-1,2010,130485772,421670.0,435850.0,-1.672328,53.818478,13,3,2,2,13/11/2010,7,16:55,204,E08000035,E08000035,4,6156,6,60.0,0,-1,-1,-1,0,0,4,1,2,0,0,2,1,2,E01011592
1598,2010130485964,2010,130485964,1,1,1,1,15,3,3,0,0,0,0,0,1,3,-1,2010,130485964,435170.0,428730.0,-1.468088,53.75375,13,3,1,1,13/11/2010,7,21:44,204,E08000035,E08000035,6,0,6,30.0,0,-1,-1,-1,0,0,7,1,1,0,0,1,1,2,E01011627
1599,2010130486894,2010,130486894,1,1,1,2,22,5,3,0,0,0,0,0,9,-1,-1,2010,130486894,427650.0,431150.0,-1.581918,53.775952,13,3,2,1,12/11/2010,6,14:30,204,E08000035,E08000035,3,6110,1,30.0,1,4,1,621,0,0,1,4,1,0,0,1,2,2,E01011369
1600,2010130488335,2010,130488335,1,1,3,1,25,5,3,6,9,0,0,0,0,1,-1,2010,130488335,429660.0,433420.0,-1.551201,53.796245,13,3,1,1,15/11/2010,2,07:45,204,E08000035,E08000035,6,0,6,30.0,3,2,6,0,0,0,1,1,2,0,0,1,2,2,E01011365
1601,2010130488636,2010,130488636,1,1,1,2,32,6,3,0,0,0,0,0,9,1,-1,2010,130488636,421120.0,434480.0,-1.680776,53.806187,13,3,2,2,15/11/2010,2,15:55,204,E08000035,E08000035,4,6157,6,30.0,3,4,6,0,0,0,1,1,1,0,0,1,1,2,E01011599
1602,2010130488636,2010,130488636,2,2,1,2,45,7,3,0,0,0,0,0,9,1,-1,2010,130488636,421120.0,434480.0,-1.680776,53.806187,13,3,2,2,15/11/2010,2,15:55,204,E08000035,E08000035,4,6157,6,30.0,3,4,6,0,0,0,1,1,1,0,0,1,1,2,E01011599
1603,2010130488838,2010,130488838,1,1,1,1,18,4,3,0,0,0,0,0,9,1,-1,2010,130488838,440610.0,433540.0,-1.384957,53.796586,13,3,2,1,15/11/2010,2,17:38,204,E08000035,E08000035,3,642,6,30.0,3,4,6,0,0,0,4,1,2,0,0,1,1,2,E01011400
1604,2010130488839,2010,130488839,1,1,3,2,72,10,3,5,1,0,0,0,0,1,-1,2010,130488839,439680.0,433090.0,-1.399133,53.792613,13,3,1,1,15/11/2010,2,15:40,204,E08000035,E08000035,3,642,6,30.0,0,-1,-1,-1,0,0,1,1,1,0,0,1,1,2,E01011399
1605,2010130488909,2010,130488909,2,1,1,2,22,5,3,0,0,0,0,0,9,1,-1,2010,130488909,428360.0,435150.0,-1.570777,53.811866,13,3,2,1,14/11/2010,1,18:40,204,E08000035,E08000035,6,0,6,30.0,6,4,6,0,0,0,4,1,2,0,0,1,1,2,E01011445
1606,2010130489926,2010,130489926,1,1,2,2,58,9,3,0,0,0,4,0,11,-1,-1,2010,130489926,428070.0,432810.0,-1.575394,53.79085,13,3,2,1,16/11/2010,3,11:32,204,E08000035,E08000035,4,6154,6,30.0,0,-1,-1,-1,0,4,1,7,2,0,0,1,2,2,E01011362
1607,2010130490326,2010,130490326,1,1,1,2,67,10,3,0,0,0,0,0,9,3,-1,2010,130490326,432530.0,443140.0,-1.506606,53.883435,13,3,2,2,15/11/2010,2,14:40,204,E08000035,E08000035,3,61,6,60.0,6,4,6,0,0,0,1,1,1,0,0,2,1,2,E01011561
1608,2010130490326,2010,130490326,2,2,1,2,46,8,3,0,0,0,0,0,9,1,-1,2010,130490326,432530.0,443140.0,-1.506606,53.883435,13,3,2,2,15/11/2010,2,14:40,204,E08000035,E08000035,3,61,6,60.0,6,4,6,0,0,0,1,1,1,0,0,2,1,2,E01011561
1609,2010130490609,2010,130490609,1,1,1,2,19,4,3,0,0,0,0,0,9,1,-1,2010,130490609,428000.0,435400.0,-1.576222,53.814132,13,3,2,1,16/11/2010,3,17:37,204,E08000035,E08000035,6,0,1,30.0,1,1,6,0,0,0,4,8,2,0,0,1,2,2,E01011446
1610,2010130491735,2010,130491735,1,2,2,2,29,6,3,0,0,1,0,0,9,1,-1,2010,130491735,429460.0,435980.0,-1.553993,53.819265,13,3,2,2,14/11/2010,1,12:35,204,E08000035,E08000035,6,0,6,40.0,8,4,6,0,0,0,1,1,2,0,0,1,1,2,E01011669
1611,2010130491735,2010,130491735,2,1,1,2,63,9,3,0,0,0,0,0,9,1,-1,2010,130491735,429460.0,435980.0,-1.553993,53.819265,13,3,2,2,14/11/2010,1,12:35,204,E08000035,E08000035,6,0,6,40.0,8,4,6,0,0,0,1,1,2,0,0,1,1,2,E01011669
1612,2010130491750,2010,130491750,1,1,2,2,51,8,3,0,0,2,0,0,8,1,-1,2010,130491750,429990.0,434170.0,-1.546118,53.802967,13,3,1,1,12/11/2010,6,18:20,204,E08000035,E08000035,3,660,6,30.0,9,4,-1,-1,0,5,7,1,1,0,0,1,2,2,E01011365
1613,2010130492106,2010,130492106,1,1,3,1,12,3,2,1,2,0,0,0,0,-1,-1,2010,130492106,428760.0,430720.0,-1.565115,53.772028,13,2,1,1,17/11/2010,4,15:14,204,E08000035,E08000035,6,0,6,30.0,3,4,6,0,0,4,1,1,1,0,0,1,1,2,E01011315
1614,2010130492120,2010,130492120,1,1,2,2,81,11,3,0,0,0,2,0,11,1,-1,2010,130492120,429960.0,433400.0,-1.546648,53.796048,13,3,1,1,17/11/2010,4,12:35,204,E08000035,E08000035,6,0,6,30.0,0,-1,-1,-1,0,0,1,8,2,0,0,1,2,2,E01011365
1615,2010130492158,2010,130492158,1,1,3,2,13,3,3,5,1,0,0,0,0,1,-1,2010,130492158,429960.0,430860.0,-1.546894,53.773219,13,3,1,1,17/11/2010,4,15:15,204,E08000035,E08000035,3,653,6,30.0,3,2,6,0,0,0,1,2,2,0,0,1,1,2,E01011322
1616,2010130492609,2010,130492609,1,1,2,1,16,4,3,0,0,1,0,0,9,-1,-1,2010,130492609,431650.0,433020.0,-1.521032,53.792533,13,3,2,1,17/11/2010,4,20:30,204,E08000035,E08000035,6,0,6,30.0,3,4,6,0,0,0,7,1,1,0,0,1,1,2,E01011626
1617,2010130492628,2010,130492628,1,1,1,1,20,4,2,0,0,0,0,0,9,1,-1,2010,130492628,428560.0,433220.0,-1.567918,53.794508,13,2,1,1,17/11/2010,4,21:50,204,E08000035,E08000035,3,647,3,40.0,1,4,3,58,0,0,4,1,2,0,0,1,1,2,E01011363
1618,2010130492799,2010,130492799,1,1,1,2,45,7,3,0,0,0,0,0,9,-1,-1,2010,130492799,437510.0,431940.0,-1.432211,53.782438,13,3,1,1,18/11/2010,5,06:30,204,E08000035,E08000035,6,0,6,60.0,0,-1,-1,-1,0,0,6,1,2,0,0,2,1,2,E01011411
1619,2010130493705,2010,130493705,1,1,2,2,19,4,3,0,0,0,4,0,11,-1,-1,2010,130493705,430030.0,434030.0,-1.545525,53.801706,13,3,2,1,01/11/2010,2,14:00,204,E08000035,E08000035,6,0,6,30.0,0,-1,-1,-1,0,0,1,9,1,0,0,1,2,2,E01011365
1620,2010130493713,2010,130493713,1,1,2,2,45,7,3,0,0,0,4,0,11,1,-1,2010,130493713,426340.0,427850.0,-1.602076,53.74636,13,3,1,1,17/11/2010,4,13:43,204,E08000035,E08000035,6,0,6,30.0,0,-1,-1,-1,0,1,1,1,1,0,0,1,2,2,E01011541
1621,2010130494216,2010,130494216,1,1,1,1,58,9,3,0,0,0,0,0,9,1,-1,2010,130494216,432630.0,434570.0,-1.505992,53.806403,13,3,2,2,18/11/2010,5,18:37,204,E08000035,E08000035,4,6159,6,30.0,3,4,6,0,0,0,4,2,2,0,0,1,1,2,E01011347
1622,2010130494216,2010,130494216,2,2,1,2,25,5,3,0,0,0,0,0,9,1,-1,2010,130494216,432630.0,434570.0,-1.505992,53.806403,13,3,2,2,18/11/2010,5,18:37,204,E08000035,E08000035,4,6159,6,30.0,3,4,6,0,0,0,4,2,2,0,0,1,1,2,E01011347
1623,2010130494436,2010,130494436,1,1,1,2,29,6,3,0,0,0,0,0,9,1,-1,2010,130494436,429120.0,433540.0,-1.559387,53.797354,13,3,2,1,18/11/2010,5,22:00,204,E08000035,E08000035,6,0,7,40.0,3,2,6,0,0,5,4,2,2,0,0,1,1,2,E01011365
1624,2010130495362,2010,130495362,2,1,1,1,61,9,3,0,0,0,0,0,9,1,-1,2010,130495362,434790.0,429070.0,-1.473812,53.756831,13,3,2,1,19/11/2010,6,13:36,204,E08000035,E08000035,3,639,6,30.0,6,2,6,0,0,5,1,1,2,0,0,1,1,2,E01011628
1625,2010130495383,2010,130495383,1,1,1,1,50,8,2,0,0,0,0,0,5,1,-1,2010,130495383,428570.0,427710.0,-1.568275,53.744984,13,2,1,1,19/11/2010,6,12:27,204,E08000035,E08000035,3,653,1,70.0,1,4,3,653,0,0,1,1,1,0,0,2,1,2,E01011538
1626,2010130495403,2010,130495403,1,1,3,2,54,8,3,5,1,0,0,0,0,-1,-1,2010,130495403,432100.0,435560.0,-1.513937,53.815334,13,3,1,1,18/11/2010,5,14:00,204,E08000035,E08000035,4,6159,6,30.0,3,4,6,0,0,0,1,2,2,0,0,1,2,2,E01011430
1627,2010130495747,2010,130495747,2,1,1,1,19,4,3,0,0,0,0,0,1,-1,-1,2010,130495747,427970.0,436060.0,-1.576618,53.820066,13,3,2,1,19/11/2010,6,14:45,204,E08000035,E08000035,3,660,6,30.0,3,4,6,0,0,0,1,1,2,0,0,1,2,2,E01011440
1628,2010130495883,2010,130495883,1,1,1,2,23,5,3,0,0,0,0,0,9,1,-1,2010,130495883,422410.0,436960.0,-1.661008,53.828423,13,3,3,4,19/11/2010,6,18:00,204,E08000035,E08000035,3,6120,6,60.0,3,4,6,0,0,0,4,7,2,0,0,1,1,2,E01011452
1629,2010130495883,2010,130495883,2,2,1,1,32,6,3,0,0,0,0,0,9,2,-1,2010,130495883,422410.0,436960.0,-1.661008,53.828423,13,3,3,4,19/11/2010,6,18:00,204,E08000035,E08000035,3,6120,6,60.0,3,4,6,0,0,0,4,7,2,0,0,1,1,2,E01011452
1630,2010130495883,2010,130495883,3,3,1,2,26,6,3,0,0,0,0,0,9,1,-1,2010,130495883,422410.0,436960.0,-1.661008,53.828423,13,3,3,4,19/11/2010,6,18:00,204,E08000035,E08000035,3,6120,6,60.0,3,4,6,0,0,0,4,7,2,0,0,1,1,2,E01011452
1631,2010130495883,2010,130495883,3,4,2,2,29,6,3,0,0,1,0,0,9,1,-1,2010,130495883,422410.0,436960.0,-1.661008,53.828423,13,3,3,4,19/11/2010,6,18:00,204,E08000035,E08000035,3,6120,6,60.0,3,4,6,0,0,0,4,7,2,0,0,1,1,2,E01011452
1632,2010130495886,2010,130495886,1,1,1,1,75,10,3,0,0,0,0,0,9,1,-1,2010,130495886,420620.0,433670.0,-1.688422,53.798927,13,3,1,2,19/11/2010,6,15:55,204,E08000035,E08000035,4,6154,6,30.0,0,-1,-1,-1,0,0,1,1,2,0,0,1,1,2,E01011613
1633,2010130495886,2010,130495886,1,2,2,2,75,10,3,0,0,1,0,0,9,1,-1,2010,130495886,420620.0,433670.0,-1.688422,53.798927,13,3,1,2,19/11/2010,6,15:55,204,E08000035,E08000035,4,6154,6,30.0,0,-1,-1,-1,0,0,1,1,2,0,0,1,1,2,E01011613
1634,2010130496012,2010,130496012,1,1,3,2,62,9,1,4,2,0,0,0,0,-1,-1,2010,130496012,427440.0,434960.0,-1.584766,53.810207,13,1,1,2,19/11/2010,6,20:15,204,E08000035,E08000035,6,0,6,30.0,0,-1,-1,-1,0,4,4,2,2,0,0,1,1,2,E01011478
1635,2010130496012,2010,130496012,1,2,1,2,46,8,3,0,0,0,0,0,9,1,-1,2010,130496012,427440.0,434960.0,-1.584766,53.810207,13,1,1,2,19/11/2010,6,20:15,204,E08000035,E08000035,6,0,6,30.0,0,-1,-1,-1,0,4,4,2,2,0,0,1,1,2,E01011478
1636,2010130496035,2010,130496035,1,1,1,1,38,7,3,0,0,0,0,0,9,1,-1,2010,130496035,427810.0,425860.0,-1.579964,53.728398,13,3,4,3,19/11/2010,6,20:30,204,E08000035,E08000035,3,653,3,40.0,6,2,6,0,0,5,4,2,2,0,0,1,1,2,E01011550
1637,2010130496035,2010,130496035,1,3,2,1,20,4,3,0,0,1,0,0,9,1,-1,2010,130496035,427810.0,425860.0,-1.579964,53.728398,13,3,4,3,19/11/2010,6,20:30,204,E08000035,E08000035,3,653,3,40.0,6,2,6,0,0,5,4,2,2,0,0,1,1,2,E01011550
1638,2010130496035,2010,130496035,3,2,1,2,48,8,3,0,0,0,0,0,9,1,-1,2010,130496035,427810.0,425860.0,-1.579964,53.728398,13,3,4,3,19/11/2010,6,20:30,204,E08000035,E08000035,3,653,3,40.0,6,2,6,0,0,5,4,2,2,0,0,1,1,2,E01011550
1639,2010130496053,2010,130496053,1,1,1,1,41,7,2,0,0,0,0,0,1,1,-1,2010,130496053,437820.0,433100.0,-1.427365,53.792841,13,2,2,1,19/11/2010,6,17:50,204,E08000035,E08000035,3,63,7,30.0,1,4,1,1,0,0,4,2,2,0,0,2,1,1,E01011402
1640,2010130496136,2010,130496136,1,1,1,1,54,8,3,0,0,0,0,0,8,1,-1,2010,130496136,423860.0,435350.0,-1.639102,53.813889,13,3,2,1,19/11/2010,6,21:30,204,E08000035,E08000035,6,0,6,30.0,3,4,6,0,0,0,4,2,2,0,0,1,1,2,E01011329
1641,2010130496141,2010,130496141,1,1,1,1,20,4,3,0,0,0,0,0,9,-1,-1,2010,130496141,427670.0,435050.0,-1.581265,53.811004,13,3,2,1,19/11/2010,6,20:02,204,E08000035,E08000035,6,0,6,30.0,3,4,6,0,0,0,4,1,2,3,0,1,1,2,E01011478
1642,2010130496432,2010,130496432,2,1,1,1,15,3,3,0,0,0,0,0,1,-1,-1,2010,130496432,424750.0,427900.0,-1.626181,53.746887,13,3,2,1,19/11/2010,6,15:10,204,E08000035,E08000035,3,650,6,30.0,3,4,6,0,0,0,1,1,1,0,0,1,1,2,E01011523
1643,2010130497270,2010,130497270,1,1,2,1,52,8,3,0,0,0,3,0,11,1,-1,2010,130497270,430370.0,433500.0,-1.540414,53.796923,13,3,1,1,20/11/2010,7,12:25,204,E08000035,E08000035,6,0,6,30.0,7,2,6,0,0,5,1,4,1,0,0,1,2,2,E01011365
1644,2010130497282,2010,130497282,1,1,1,2,31,6,3,0,0,0,0,0,9,1,-1,2010,130497282,424810.0,434110.0,-1.624774,53.802699,13,3,2,1,19/11/2010,6,18:40,204,E08000035,E08000035,3,647,3,40.0,0,-1,-1,-1,0,0,4,1,2,0,0,1,1,2,E01011285
1645,2010130497283,2010,130497283,1,1,1,1,27,6,3,0,0,0,0,0,9,1,-1,2010,130497283,426760.0,438350.0,-1.594799,53.840712,13,3,2,1,20/11/2010,7,17:15,204,E08000035,E08000035,3,660,3,30.0,3,4,6,0,0,0,4,1,2,0,0,1,1,2,E01011684
1646,2010130497331,2010,130497331,1,1,3,2,12,3,2,5,3,0,0,0,0,1,-1,2010,130497331,426170.0,427770.0,-1.60466,53.745649,13,2,1,1,20/11/2010,7,16:50,204,E08000035,E08000035,4,6127,6,30.0,3,4,6,0,0,0,1,1,2,0,0,1,1,2,E01011541
1647,2010130497363,2010,130497363,1,1,1,1,18,4,3,0,0,0,0,0,3,-1,-1,2010,130497363,435070.0,435670.0,-1.468817,53.816132,13,3,2,1,20/11/2010,7,18:35,204,E08000035,E08000035,6,0,6,30.0,3,4,6,0,0,0,4,2,2,0,0,1,2,2,E01011664
1648,2010130497652,2010,130497652,1,1,3,1,25,5,3,5,1,0,0,0,0,3,-1,2010,130497652,429570.0,434770.0,-1.552438,53.808383,13,3,1,1,20/11/2010,7,23:50,204,E08000035,E08000035,3,660,6,30.0,0,-1,-1,-1,0,0,4,2,2,0,0,1,1,2,E01011674
1649,2010130499016,2010,130499016,1,1,2,1,20,4,3,0,0,1,0,0,9,2,-1,2010,130499016,441540.0,431850.0,-1.371066,53.781324,13,3,1,2,22/11/2010,2,02:30,204,E08000035,E08000035,3,63,3,60.0,0,-1,-1,-1,0,0,6,2,2,0,0,2,1,2,E01011302
1650,2010130499016,2010,130499016,1,2,2,1,22,5,3,0,0,2,0,0,9,1,-1,2010,130499016,441540.0,431850.0,-1.371066,53.781324,13,3,1,2,22/11/2010,2,02:30,204,E08000035,E08000035,3,63,3,60.0,0,-1,-1,-1,0,0,6,2,2,0,0,2,1,2,E01011302
1651,2010130499476,2010,130499476,1,1,2,2,89,11,3,0,0,0,2,0,11,1,-1,2010,130499476,430940.0,438970.0,-1.531213,53.846053,13,3,1,1,18/11/2010,5,16:20,204,E08000035,E08000035,6,0,6,30.0,0,-1,-1,-1,0,0,1,1,1,0,0,1,2,2,E01011509
1652,2010130499796,2010,130499796,1,1,1,1,43,7,3,0,0,0,0,0,9,1,-1,2010,130499796,426330.0,438090.0,-1.601356,53.838397,13,3,2,1,22/11/2010,2,11:40,204,E08000035,E08000035,3,6120,6,30.0,3,2,6,0,0,0,1,1,1,0,0,1,1,2,E01011687
1653,2010130500018,2010,130500018,1,1,3,1,11,3,3,10,3,0,0,0,0,2,-1,2010,130500018,442100.0,445170.0,-1.360747,53.900992,13,3,1,1,21/11/2010,1,08:38,204,E08000035,E08000035,6,0,6,30.0,3,4,6,0,0,0,1,1,2,0,0,2,1,2,E01011707
1654,2010130500021,2010,130500021,2,1,1,1,17,4,2,0,0,0,0,0,4,-1,-1,2010,130500021,429410.0,428180.0,-1.555494,53.749162,13,2,2,1,17/11/2010,4,19:00,204,E08000035,E08000035,6,0,6,30.0,3,4,6,0,0,0,4,1,2,0,0,1,2,2,E01011503
1655,2010130500283,2010,130500283,1,1,1,1,47,8,2,0,0,0,0,0,4,-1,-1,2010,130500283,427060.0,434820.0,-1.590549,53.808969,13,2,1,1,16/11/2010,3,14:30,204,E08000035,E08000035,3,65,6,30.0,0,-1,-1,-1,0,4,1,1,1,0,2,1,2,2,E01011482
1656,2010130500345,2010,130500345,1,1,3,2,12,3,2,5,3,0,0,0,0,1,-1,2010,130500345,429800.0,428080.0,-1.54959,53.748241,13,2,1,1,22/11/2010,2,16:54,204,E08000035,E08000035,6,0,6,30.0,3,4,6,0,0,0,4,1,2,0,0,1,1,2,E01011497
1657,2010130500444,2010,130500444,2,1,1,2,38,7,3,0,0,0,0,0,9,3,-1,2010,130500444,436170.0,427370.0,-1.453081,53.741458,13,3,2,1,22/11/2010,2,18:17,204,E08000035,E08000035,3,642,6,40.0,3,4,6,0,0,0,4,1,2,0,0,2,1,2,E01011635
1658,2010130500452,2010,130500452,1,1,2,2,32,6,3,0,0,1,0,0,9,1,-1,2010,130500452,432290.0,435050.0,-1.511105,53.810739,13,3,2,1,22/11/2010,2,16:50,204,E08000035,E08000035,6,0,6,30.0,7,2,4,6159,0,0,4,1,2,0,0,1,2,2,E01011433