,accident_index,accident_year_x,accident_reference_x,vehicle_reference,casualty_reference,casualty_class,sex_of_casualty,age_of_casualty,age_band_of_casualty,casualty_severity,pedestrian_location,pedestrian_movement,car_passenger,bus_or_coach_passenger,pedestrian_road_maintenance_worker,casualty_type,casualty_home_area_type,casualty_imd_decile,accident_year_y,accident_reference_y,location_easting_osgr,location_northing_osgr,longitude,latitude,police_force,accident_severity,number_of_vehicles,number_of_casualties,date,day_of_week,time,local_authority_district,local_authority_ons_district,local_authority_highway,first_road_class,first_road_number,road_type,speed_limit,junction_detail,junction_control,second_road_class,second_road_number,pedestrian_crossing_human_control,pedestrian_crossing_physical_facilities,light_conditions,weather_conditions,road_surface_conditions,special_conditions_at_site,carriageway_hazards,urban_or_rural_area,did_police_officer_attend_scene_of_accident,trunk_road_flag,lsoa_of_accident_location
2094,2011130546978,2011,130546978,2,1,1,2,50,8,3,0,0,0,0,0,9,1,-1,2011,130546978,434810.0,428720.0,-1.473548,53.753684,13,3,2,1,29/11/2011,3,08:00,204,E08000035,E08000035,6,0,3,30.0,6,4,6,0,0,0,1,1,1,0,0,1,1,2,E01011628
2095,2011130547096,2011,130547096,1,1,2,2,65,9,3,0,0,0,4,0,11,1,-1,2011,130547096,428430.0,428880.0,-1.57029,53.755508,13,3,1,1,29/11/2011,3,11:00,204,E08000035,E08000035,3,653,3,30.0,0,-1,-1,-1,0,0,1,1,1,0,0,2,2,2,E01011493
2096,2011130547152,2011,130547152,2,1,1,2,25,5,3,0,0,0,0,0,1,1,-1,2011,130547152,427630.0,435960.0,-1.581791,53.819185,13,3,2,1,29/11/2011,3,09:02,204,E08000035,E08000035,4,6157,6,30.0,3,2,6,0,0,4,1,1,1,0,0,1,1,2,E01011435
2097,2011130548033,2011,130548033,1,1,1,1,25,5,3,0,0,0,0,0,9,1,-1,2011,130548033,428660.0,437010.0,-1.566049,53.828567,13,3,2,1,29/11/2011,3,18:30,204,E08000035,E08000035,4,6157,6,30.0,3,4,6,0,0,0,4,2,2,0,0,1,1,2,E01011691
2098,2011130548864,2011,130548864,1,1,3,2,53,8,2,5,3,0,0,0,0,1,-1,2011,130548864,430860.0,436290.0,-1.532697,53.82197,13,2,1,1,30/11/2011,4,10:55,204,E08000035,E08000035,6,0,6,30.0,3,4,6,0,0,0,1,1,1,0,0,1,1,2,E01011356
2099,2011130549012,2011,130549012,2,1,2,2,73,10,3,0,0,0,4,0,11,-1,-1,2011,130549012,429940.0,433090.0,-1.546982,53.793263,13,3,2,2,30/11/2011,4,11:35,204,E08000035,E08000035,6,0,6,30.0,6,4,6,0,0,0,1,2,1,0,0,1,2,2,E01011365
2100,2011130549012,2011,130549012,2,2,2,2,28,6,3,0,0,0,4,0,11,-1,-1,2011,130549012,429940.0,433090.0,-1.546982,53.793263,13,3,2,2,30/11/2011,4,11:35,204,E08000035,E08000035,6,0,6,30.0,6,4,6,0,0,0,1,2,1,0,0,1,2,2,E01011365
2101,2011130549599,2011,130549599,1,1,1,1,20,4,3,0,0,0,0,0,9,1,-1,2011,130549599,432260.0,434580.0,-1.511609,53.806516,13,3,2,2,30/11/2011,4,17:45,204,E08000035,E08000035,6,0,6,30.0,3,4,6,0,0,0,7,1,1,0,0,1,2,2,E01011347
2102,2011130549599,2011,130549599,1,2,2,1,18,4,3,0,0,1,0,0,9,1,-1,2011,130549599,432260.0,434580.0,-1.511609,53.806516,13,3,2,2,30/11/2011,4,17:45,204,E08000035,E08000035,6,0,6,30.0,3,4,6,0,0,0,7,1,1,0,0,1,2,2,E01011347
2103,2011130549630,2011,130549630,1,1,3,1,11,3,3,5,3,0,0,0,0,-1,-1,2011,130549630,420220.0,445540.0,-1.693717,53.905629,13,3,1,1,30/11/2011,4,18:11,204,E08000035,E08000035,3,659,6,30.0,0,-1,-1,-1,0,0,7,1,1,0,0,1,1,2,E01011569
2104,2011130549730,2011,130549730,1,1,1,1,32,6,3,0,0,0,0,0,9,1,-1,2011,130549730,432790.0,425990.0,-1.504471,53.729278,13,3,4,3,30/11/2011,4,19:20,204,E08000035,E08000035,1,62,3,70.0,5,4,1,62,0,0,4,1,1,0,0,2,1,1,E01011500
2105,2011130549730,2011,130549730,1,3,2,1,26,6,3,0,0,1,0,0,9,1,-1,2011,130549730,432790.0,425990.0,-1.504471,53.729278,13,3,4,3,30/11/2011,4,19:20,204,E08000035,E08000035,1,62,3,70.0,5,4,1,62,0,0,4,1,1,0,0,2,1,1,E01011500
2106,2011130549730,2011,130549730,2,2,1,2,29,6,3,0,0,0,0,0,9,1,-1,2011,130549730,432790.0,425990.0,-1.504471,53.729278,13,3,4,3,30/11/2011,4,19:20,204,E08000035,E08000035,1,62,3,70.0,5,4,1,62,0,0,4,1,1,0,0,2,1,1,E01011500
2107,2011130549812,2011,130549812,1,1,3,1,72,10,2,5,3,0,0,0,0,-1,-1,2011,130549812,429920.0,433650.0,-1.547231,53.798297,13,2,1,1,30/11/2011,4,19:25,204,E08000035,E08000035,6,0,6,30.0,3,4,6,0,0,0,4,1,1,0,0,1,1,2,E01011365
2108,2011130550605,2011,130550605,2,1,1,2,33,6,3,0,0,0,0,0,9,1,-1,2011,130550605,423270.0,437500.0,-1.647901,53.833239,13,3,4,1,30/11/2011,4,18:00,204,E08000035,E08000035,3,65,6,30.0,0,-1,-1,-1,0,0,4,2,2,0,0,1,2,2,E01011454
2109,2011130551121,2011,130551121,2,1,1,1,60,9,3,0,0,0,0,0,9,-1,-1,2011,130551121,436850.0,428980.0,-1.44258,53.755881,13,3,2,3,01/12/2011,5,16:10,204,E08000035,E08000035,3,642,6,30.0,3,4,6,0,0,0,4,1,1,0,0,1,1,2,E01011637
2110,2011130551121,2011,130551121,2,2,2,1,79,11,3,0,0,1,0,0,9,-1,-1,2011,130551121,436850.0,428980.0,-1.44258,53.755881,13,3,2,3,01/12/2011,5,16:10,204,E08000035,E08000035,3,642,6,30.0,3,4,6,0,0,0,4,1,1,0,0,1,1,2,E01011637
2111,2011130551121,2011,130551121,2,3,2,2,76,11,3,0,0,2,0,0,9,-1,-1,2011,130551121,436850.0,428980.0,-1.44258,53.755881,13,3,2,3,01/12/2011,5,16:10,204,E08000035,E08000035,3,642,6,30.0,3,4,6,0,0,0,4,1,1,0,0,1,1,2,E01011637
2112,2011130552243,2011,130552243,2,1,1,1,49,8,3,0,0,0,0,0,9,1,-1,2011,130552243,429590.0,432560.0,-1.552346,53.788519,13,3,2,2,02/12/2011,6,06:55,204,E08000035,E08000035,6,0,6,30.0,6,4,6,0,0,0,4,1,2,0,0,1,1,2,E01011367
2113,2011130552243,2011,130552243,2,2,2,1,19,4,3,0,0,1,0,0,9,1,-1,2011,130552243,429590.0,432560.0,-1.552346,53.788519,13,3,2,2,02/12/2011,6,06:55,204,E08000035,E08000035,6,0,6,30.0,6,4,6,0,0,0,4,1,2,0,0,1,1,2,E01011367
2114,2011130552281,2011,130552281,1,1,2,2,21,5,3,0,0,0,4,0,11,1,-1,2011,130552281,430370.0,433500.0,-1.540414,53.796923,13,3,1,1,02/12/2011,6,11:50,204,E08000035,E08000035,6,0,6,30.0,3,4,6,0,0,4,1,1,1,0,6,1,2,2,E01011365
2115,2011130552319,2011,130552319,1,1,1,1,41,7,3,0,0,0,0,0,9,1,-1,2011,130552319,435650.0,437020.0,-1.459852,53.828226,13,3,4,4,02/12/2011,6,11:39,204,E08000035,E08000035,3,6120,6,40.0,0,-1,-1,-1,0,0,1,1,2,0,0,1,1,2,E01011661
2116,2011130552319,2011,130552319,2,2,2,1,28,6,3,0,0,0,0,0,19,1,-1,2011,130552319,435650.0,437020.0,-1.459852,53.828226,13,3,4,4,02/12/2011,6,11:39,204,E08000035,E08000035,3,6120,6,40.0,0,-1,-1,-1,0,0,1,1,2,0,0,1,1,2,E01011661
2117,2011130552319,2011,130552319,4,3,1,2,32,6,3,0,0,0,0,0,9,1,-1,2011,130552319,435650.0,437020.0,-1.459852,53.828226,13,3,4,4,02/12/2011,6,11:39,204,E08000035,E08000035,3,6120,6,40.0,0,-1,-1,-1,0,0,1,1,2,0,0,1,1,2,E01011661
2118,2011130552319,2011,130552319,4,4,2,1,14,3,3,0,0,2,0,0,9,1,-1,2011,130552319,435650.0,437020.0,-1.459852,53.828226,13,3,4,4,02/12/2011,6,11:39,204,E08000035,E08000035,3,6120,6,40.0,0,-1,-1,-1,0,0,1,1,2,0,0,1,1,2,E01011661
2119,2011130552375,2011,130552375,2,1,1,1,53,8,3,0,0,0,0,0,1,1,-1,2011,130552375,427740.0,436140.0,-1.580104,53.820797,13,3,2,1,02/12/2011,6,12:55,204,E08000035,E08000035,4,6157,6,30.0,3,4,6,0,0,0,1,1,2,0,0,1,1,2,E01011440
2120,2011130553000,2011,130553000,1,1,3,2,38,7,3,9,5,0,0,0,0,1,-1,2011,130553000,424830.0,440200.0,-1.62398,53.857435,13,3,1,1,01/12/2011,5,16:30,204,E08000035,E08000035,6,0,6,30.0,3,4,6,0,0,0,7,1,1,0,0,1,2,2,E01011376
2121,2011130553056,2011,130553056,3,1,1,1,14,3,2,0,0,0,0,0,1,1,-1,2011,130553056,420660.0,434350.0,-1.68777,53.805037,13,2,3,1,02/12/2011,6,15:20,204,E08000035,E08000035,3,647,3,40.0,0,-1,-1,-1,0,4,1,1,2,0,0,1,1,2,E01011595
2122,2011130553089,2011,130553089,1,1,1,1,47,8,3,0,0,0,0,0,5,3,-1,2011,130553089,424140.0,444010.0,-1.634172,53.891711,13,3,2,1,02/12/2011,6,19:45,204,E08000035,E08000035,3,658,6,40.0,6,2,3,660,0,0,4,1,2,0,0,2,1,2,E01011575
2123,2011130553099,2011,130553099,1,1,1,1,19,4,3,0,0,0,0,0,3,1,-1,2011,130553099,435960.0,428270.0,-1.45616,53.749562,13,3,1,1,02/12/2011,6,21:00,204,E08000035,E08000035,3,639,1,30.0,1,4,3,654,0,0,4,1,2,0,0,1,1,2,E01011635
2124,2011130553353,2011,130553353,2,1,1,2,31,6,3,0,0,0,0,0,9,1,-1,2011,130553353,423000.0,437640.0,-1.651993,53.83451,13,3,2,2,03/12/2011,7,00:30,204,E08000035,E08000035,3,6120,6,30.0,1,4,3,65,0,0,7,1,1,0,0,2,1,2,E01011452
2125,2011130553353,2011,130553353,2,2,2,1,30,6,3,0,0,1,0,0,9,1,-1,2011,130553353,423000.0,437640.0,-1.651993,53.83451,13,3,2,2,03/12/2011,7,00:30,204,E08000035,E08000035,3,6120,6,30.0,1,4,3,65,0,0,7,1,1,0,0,2,1,2,E01011452
2126,2011130553368,2011,130553368,2,1,1,1,20,4,3,0,0,0,0,0,3,1,-1,2011,130553368,431400.0,435020.0,-1.524623,53.810523,13,3,2,1,02/12/2011,6,22:15,204,E08000035,E08000035,6,0,6,30.0,6,2,6,0,0,5,4,1,2,0,0,1,1,2,E01011673
2127,2011130553449,2011,130553449,2,1,1,2,32,6,3,0,0,0,0,0,9,1,-1,2011,130553449,431210.0,429810.0,-1.528035,53.763708,13,3,2,1,01/12/2011,5,19:30,204,E08000035,E08000035,6,0,6,30.0,1,4,6,0,0,0,4,1,1,0,0,1,1,2,E01011474
2128,2011130553749,2011,130553749,1,1,3,1,14,3,3,1,3,0,0,0,0,1,-1,2011,130553749,430760.0,435230.0,-1.534321,53.812449,13,3,1,1,03/12/2011,7,09:45,204,E08000035,E08000035,6,0,6,30.0,6,2,6,0,0,4,1,1,1,0,0,1,2,2,E01011361
2129,2011130554197,2011,130554197,1,1,1,1,54,8,3,0,0,0,0,0,5,1,-1,2011,130554197,427640.0,433710.0,-1.581841,53.798962,13,3,2,1,02/12/2011,6,15:00,204,E08000035,E08000035,3,647,6,30.0,3,4,6,0,0,0,1,1,2,0,0,1,1,2,E01011293
2130,2011130554205,2011,130554205,2,1,1,2,22,5,3,0,0,0,0,0,9,-1,-1,2011,130554205,440570.0,428690.0,-1.3862,53.752999,13,3,2,1,03/12/2011,7,14:52,204,E08000035,E08000035,6,0,6,30.0,3,4,6,0,0,0,1,1,2,0,0,1,1,2,E01011308
2131,2011130554323,2011,130554323,1,1,3,1,13,3,2,10,3,0,0,0,0,1,-1,2011,130554323,436820.0,433630.0,-1.442481,53.797676,13,2,1,1,03/12/2011,7,17:05,204,E08000035,E08000035,6,0,6,30.0,0,-1,-1,-1,0,0,4,4,2,0,0,1,1,2,E01011414
2132,2011130554495,2011,130554495,2,1,1,1,50,8,2,0,0,0,0,0,4,1,-1,2011,130554495,431520.0,427030.0,-1.523615,53.738703,13,2,2,1,01/12/2011,5,18:31,204,E08000035,E08000035,3,654,6,30.0,0,-1,-1,-1,0,0,7,1,1,0,0,2,1,2,E01011498
2133,2011130555050,2011,130555050,2,1,1,1,57,9,2,0,0,0,0,0,1,1,-1,2011,130555050,429780.0,430630.0,-1.549648,53.771162,13,2,2,1,04/12/2011,1,09:45,204,E08000035,E08000035,3,653,6,40.0,3,4,6,0,0,0,1,5,2,0,0,1,1,2,E01011316
2134,2011130555114,2011,130555114,1,1,3,2,22,5,3,8,9,0,0,0,0,1,-1,2011,130555114,430180.0,434100.0,-1.54324,53.802327,13,3,1,1,02/12/2011,6,12:05,204,E08000035,E08000035,6,0,6,30.0,0,-1,-1,-1,0,0,1,1,1,0,0,1,2,2,E01011365
2135,2011130555253,2011,130555253,1,1,1,2,33,6,2,0,0,0,0,0,9,1,-1,2011,130555253,439240.0,439260.0,-1.405026,53.8481,13,2,3,3,04/12/2011,1,09:45,204,E08000035,E08000035,3,64,6,50.0,0,-1,-1,-1,0,0,1,1,2,0,0,2,1,2,E01011309
2136,2011130555253,2011,130555253,2,2,1,2,26,6,3,0,0,0,0,0,9,1,-1,2011,130555253,439240.0,439260.0,-1.405026,53.8481,13,2,3,3,04/12/2011,1,09:45,204,E08000035,E08000035,3,64,6,50.0,0,-1,-1,-1,0,0,1,1,2,0,0,2,1,2,E01011309
2137,2011130555253,2011,130555253,3,3,1,2,63,9,2,0,0,0,0,0,9,1,-1,2011,130555253,439240.0,439260.0,-1.405026,53.8481,13,2,3,3,04/12/2011,1,09:45,204,E08000035,E08000035,3,64,6,50.0,0,-1,-1,-1,0,0,1,1,2,0,0,2,1,2,E01011309
2138,2011130555434,2011,130555434,1,1,3,2,31,6,3,9,9,0,0,0,0,3,-1,2011,130555434,435080.0,442940.0,-1.467837,53.881471,13,3,2,1,03/12/2011,7,17:30,204,E08000035,E08000035,6,0,6,30.0,0,-1,-1,-1,0,0,6,1,1,0,0,2,2,2,E01011713
2139,2011130555745,2011,130555745,1,1,3,1,20,4,3,5,3,0,0,0,0,-1,-1,2011,130555745,431920.0,434800.0,-1.516749,53.808515,13,3,1,1,03/12/2011,7,22:10,204,E08000035,E08000035,6,0,6,30.0,1,4,6,0,0,0,4,2,2,0,0,1,1,2,E01011433
2140,2011130555860,2011,130555860,1,1,1,1,20,4,3,0,0,0,0,0,9,1,-1,2011,130555860,427170.0,430580.0,-1.589251,53.770854,13,3,1,1,04/12/2011,1,23:35,204,E08000035,E08000035,1,621,3,70.0,0,-1,-1,-1,0,0,7,1,4,0,0,1,1,1,E01011318
2141,2011130557085,2011,130557085,1,1,3,2,16,4,3,10,9,0,0,0,0,-1,-1,2011,130557085,430080.0,433900.0,-1.544778,53.800535,13,3,1,1,01/12/2011,5,16:20,204,E08000035,E08000035,6,0,6,30.0,0,-1,-1,-1,0,0,1,1,1,0,0,1,1,2,E01011365
2142,2011130557681,2011,130557681,2,1,1,1,60,9,3,0,0,0,0,0,1,1,-1,2011,130557681,433220.0,430020.0,-1.497522,53.765472,13,3,2,1,06/12/2011,3,06:35,204,E08000035,E08000035,4,6481,6,30.0,3,4,6,0,0,0,4,5,1,0,0,1,1,2,E01011470
2143,2011130557876,2011,130557876,1,1,1,1,39,7,2,0,0,0,0,0,1,1,-1,2011,130557876,425420.0,434300.0,-1.615496,53.804378,13,2,1,2,06/12/2011,3,08:45,204,E08000035,E08000035,3,647,3,50.0,0,-1,-1,-1,0,0,1,1,2,0,0,1,1,2,E01011286
2144,2011130557876,2011,130557876,1,2,3,2,51,8,3,5,3,0,0,0,0,1,-1,2011,130557876,425420.0,434300.0,-1.615496,53.804378,13,2,1,2,06/12/2011,3,08:45,204,E08000035,E08000035,3,647,3,50.0,0,-1,-1,-1,0,0,1,1,2,0,0,1,1,2,E01011286
2145,2011130557920,2011,130557920,2,1,1,2,39,7,3,0,0,0,0,0,16,3,-1,2011,130557920,437380.0,441380.0,-1.43304,53.86729,13,3,2,1,05/12/2011,2,09:50,204,E08000035,E08000035,6,0,6,30.0,0,-1,-1,-1,0,0,1,2,2,0,0,2,2,2,E01011310
2146,2011130558037,2011,130558037,1,1,1,2,41,7,3,0,0,0,0,0,9,2,-1,2011,130558037,425770.0,442720.0,-1.609478,53.880038,13,3,2,1,06/12/2011,3,07:30,204,E08000035,E08000035,6,0,6,30.0,0,-1,-1,-1,0,0,7,1,2,0,0,2,1,2,E01011577
2147,2011130558045,2011,130558045,2,1,1,1,29,6,3,0,0,0,0,0,9,1,-1,2011,130558045,423090.0,437690.0,-1.650622,53.834955,13,3,2,2,06/12/2011,3,10:30,204,E08000035,E08000035,3,6120,6,40.0,0,-1,-1,-1,0,0,1,1,2,0,0,1,1,2,E01011452
2148,2011130558045,2011,130558045,2,2,2,1,55,8,3,0,0,1,0,0,9,1,-1,2011,130558045,423090.0,437690.0,-1.650622,53.834955,13,3,2,2,06/12/2011,3,10:30,204,E08000035,E08000035,3,6120,6,40.0,0,-1,-1,-1,0,0,1,1,2,0,0,1,1,2,E01011452
2149,2011130558634,2011,130558634,1,1,3,2,12,3,3,9,9,0,0,0,0,1,-1,2011,130558634,432580.0,434640.0,-1.506744,53.807036,13,3,1,1,06/12/2011,3,15:00,204,E08000035,E08000035,4,6159,6,30.0,3,4,6,0,0,0,1,1,1,0,0,1,2,2,E01011344
2150,2011130558743,2011,130558743,1,1,1,2,35,6,3,0,0,0,0,0,9,1,-1,2011,130558743,424890.0,427720.0,-1.624073,53.745262,13,3,2,2,06/12/2011,3,16:25,204,E08000035,E08000035,3,650,6,30.0,3,4,6,0,0,0,1,1,1,0,0,1,1,2,E01011530
2151,2011130558743,2011,130558743,1,2,2,1,14,3,3,0,0,1,0,0,9,1,-1,2011,130558743,424890.0,427720.0,-1.624073,53.745262,13,3,2,2,06/12/2011,3,16:25,204,E08000035,E08000035,3,650,6,30.0,3,4,6,0,0,0,1,1,1,0,0,1,1,2,E01011530
2152,2011130558854,2011,130558854,2,1,1,2,26,6,3,0,0,0,0,0,9,1,-1,2011,130558854,438460.0,432700.0,-1.4177,53.789199,13,3,2,1,05/12/2011,2,08:05,204,E08000035,E08000035,3,63,6,30.0,3,4,6,0,0,0,1,1,4,0,0,2,1,2,E01011402
2153,2011130559053,2011,130559053,1,1,2,1,23,5,3,0,0,2,0,0,9,1,-1,2011,130559053,431950.0,435850.0,-1.516185,53.81795,13,3,2,1,06/12/2011,3,20:57,204,E08000035,E08000035,4,6159,6,30.0,6,2,3,58,0,4,4,2,2,0,0,1,1,2,E01011422
2154,2011130559095,2011,130559095,1,1,1,2,60,9,3,0,0,0,0,0,9,1,-1,2011,130559095,443210.0,439750.0,-1.344617,53.852189,13,3,3,1,06/12/2011,3,18:25,204,E08000035,E08000035,2,1,3,70.0,0,-1,-1,-1,0,0,6,2,2,0,0,2,1,1,E01011309
2155,2011130559120,2011,130559120,1,1,1,1,36,7,3,0,0,0,0,0,9,1,-1,2011,130559120,433370.0,437250.0,-1.494466,53.830444,13,3,1,2,06/12/2011,3,20:50,204,E08000035,E08000035,6,0,6,30.0,0,-1,-1,-1,0,0,7,1,1,0,0,1,1,2,E01011644
2156,2011130559120,2011,130559120,1,2,2,1,28,6,3,0,0,2,0,0,9,1,-1,2011,130559120,433370.0,437250.0,-1.494466,53.830444,13,3,1,2,06/12/2011,3,20:50,204,E08000035,E08000035,6,0,6,30.0,0,-1,-1,-1,0,0,7,1,1,0,0,1,1,2,E01011644
2157,2011130559157,2011,130559157,1,1,3,2,12,3,3,9,9,0,0,0,0,1,-1,2011,130559157,432470.0,436520.0,-1.508216,53.82394,13,3,1,1,06/12/2011,3,16:55,204,E08000035,E08000035,6,0,6,30.0,0,-1,-1,-1,0,0,7,1,1,0,0,1,2,2,E01011645
2158,2011130559841,2011,130559841,2,1,1,1,18,4,2,0,0,0,0,0,1,-1,-1,2011,130559841,429690.0,433950.0,-1.550694,53.801006,13,2,2,1,07/12/2011,4,12:35,204,E08000035,E08000035,6,0,6,30.0,0,-1,-1,-1,0,0,1,1,1,0,0,1,1,2,E01011365
2159,2011130559921,2011,130559921,2,1,1,2,40,7,3,0,0,0,0,0,9,1,-1,2011,130559921,430660.0,434730.0,-1.53589,53.807961,13,3,2,1,07/12/2011,4,12:06,204,E08000035,E08000035,3,58,3,40.0,0,-1,-1,-1,0,0,1,1,1,0,0,1,1,2,E01011671
2160,2011130559992,2011,130559992,1,1,1,1,67,10,3,0,0,0,0,0,9,3,-1,2011,130559992,438030.0,431430.0,-1.424383,53.777816,13,3,1,1,07/12/2011,4,13:00,204,E08000035,E08000035,6,0,6,40.0,0,-1,-1,-1,0,0,1,1,2,7,0,2,1,2,E01011402
2161,2011130560079,2011,130560079,1,1,2,2,84,11,3,0,0,0,1,0,11,3,-1,2011,130560079,430300.0,433830.0,-1.541445,53.799893,13,3,1,1,07/12/2011,4,13:40,204,E08000035,E08000035,6,0,6,30.0,0,-1,-1,-1,0,5,1,1,1,0,0,1,2,2,E01011365
2162,2011130560249,2011,130560249,1,1,1,1,19,4,3,0,0,0,0,0,9,1,-1,2011,130560249,430710.0,433450.0,-1.535258,53.796454,13,3,2,2,07/12/2011,4,15:45,204,E08000035,E08000035,6,0,6,30.0,0,-1,-1,-1,0,0,4,5,2,0,0,1,2,2,E01011365
2163,2011130560249,2011,130560249,1,2,2,1,19,4,3,0,0,1,0,0,9,1,-1,2011,130560249,430710.0,433450.0,-1.535258,53.796454,13,3,2,2,07/12/2011,4,15:45,204,E08000035,E08000035,6,0,6,30.0,0,-1,-1,-1,0,0,4,5,2,0,0,1,2,2,E01011365
2164,2011130560551,2011,130560551,1,1,3,2,14,3,3,9,9,0,0,0,0,1,-1,2011,130560551,431270.0,435010.0,-1.526599,53.810441,13,3,1,1,07/12/2011,4,17:00,204,E08000035,E08000035,3,58,6,30.0,0,-1,-1,-1,0,0,4,1,1,0,0,1,2,2,E01011673
2165,2011130560581,2011,130560581,1,1,1,1,39,7,3,0,0,0,0,0,9,1,-1,2011,130560581,428770.0,442050.0,-1.563907,53.873859,13,3,2,1,07/12/2011,4,15:05,204,E08000035,E08000035,6,0,6,60.0,0,-1,-1,-1,0,0,1,1,2,0,0,2,1,2,E01011554
2166,2011130560707,2011,130560707,1,1,3,2,81,11,1,10,9,0,0,0,0,1,-1,2011,130560707,420010.0,440880.0,-1.697216,53.863754,13,1,1,1,07/12/2011,4,16:30,204,E08000035,E08000035,3,65,6,30.0,3,4,6,0,0,0,4,1,2,0,0,1,1,2,E01011275
2167,2011130560847,2011,130560847,1,1,3,1,19,4,2,5,3,0,0,0,0,1,-1,2011,130560847,429890.0,434260.0,-1.547628,53.803781,13,2,1,1,08/12/2011,5,00:25,204,E08000035,E08000035,6,0,6,30.0,3,2,3,660,0,5,4,1,2,0,0,1,1,2,E01011365
2168,2011130561157,2011,130561157,1,1,1,1,26,6,3,0,0,0,0,0,1,1,-1,2011,130561157,422000.0,436530.0,-1.667267,53.824576,13,3,2,1,08/12/2011,5,05:55,204,E08000035,E08000035,3,6120,1,30.0,1,4,3,657,0,0,4,2,2,0,0,1,1,2,E01011591
2169,2011130562075,2011,130562075,1,1,1,1,39,7,3,0,0,0,0,0,19,1,-1,2011,130562075,425620.0,433070.0,-1.612561,53.793313,13,3,2,4,08/12/2011,5,13:40,204,E08000035,E08000035,6,0,6,30.0,3,4,4,6154,0,0,1,5,2,0,0,1,1,2,E01011730
2170,2011130562075,2011,130562075,2,2,1,1,75,10,3,0,0,0,0,0,9,1,-1,2011,130562075,425620.0,433070.0,-1.612561,53.793313,13,3,2,4,08/12/2011,5,13:40,204,E08000035,E08000035,6,0,6,30.0,3,4,4,6154,0,0,1,5,2,0,0,1,1,2,E01011730
2171,2011130562075,2011,130562075,2,3,2,2,37,7,3,0,0,2,0,0,9,-1,-1,2011,130562075,425620.0,433070.0,-1.612561,53.793313,13,3,2,4,08/12/2011,5,13:40,204,E08000035,E08000035,6,0,6,30.0,3,4,4,6154,0,0,1,5,2,0,0,1,1,2,E01011730
2172,2011130562075,2011,130562075,2,4,2,1,75,10,3,0,0,1,0,0,9,-1,-1,2011,130562075,425620.0,433070.0,-1.612561,53.793313,13,3,2,4,08/12/2011,5,13:40,204,E08000035,E08000035,6,0,6,30.0,3,4,4,6154,0,0,1,5,2,0,0,1,1,2,E01011730
2173,2011130562174,2011,130562174,1,1,1,2,41,7,3,0,0,0,0,0,9,3,-1,2011,130562174,438270.0,432780.0,-1.420574,53.789932,13,3,2,1,01/12/2011,5,15:15,204,E08000035,E08000035,3,63,3,50.0,0,-1,-1,-1,0,0,1,5,2,0,0,2,2,2,E01011402
2174,2011130562207,2011,130562207,1,1,2,2,36,7,3,0,0,0,4,0,11,1,-1,2011,130562207,423720.0,434330.0,-1.641307,53.804727,13,3,3,2,08/12/2011,5,14:00,204,E08000035,E08000035,3,647,6,30.0,3,4,6,0,0,0,1,1,1,0,0,1,1,2,E01011608
2175,2011130562207,2011,130562207,1,2,2,2,41,7,3,0,0,0,4,0,11,1,-1,2011,130562207,423720.0,434330.0,-1.641307,53.804727,13,3,3,2,08/12/2011,5,14:00,204,E08000035,E08000035,3,647,6,30.0,3,4,6,0,0,0,1,1,1,0,0,1,1,2,E01011608
2176,2011130562769,2011,130562769,1,1,1,1,26,6,3,0,0,0,0,0,9,1,-1,2011,130562769,425470.0,437530.0,-1.614471,53.833406,13,3,2,3,09/12/2011,6,07:05,204,E08000035,E08000035,6,0,6,30.0,3,4,6,0,0,0,7,2,2,0,0,1,1,2,E01011484
2177,2011130562769,2011,130562769,1,3,2,1,21,5,3,0,0,1,0,0,9,1,-1,2011,130562769,425470.0,437530.0,-1.614471,53.833406,13,3,2,3,09/12/2011,6,07:05,204,E08000035,E08000035,6,0,6,30.0,3,4,6,0,0,0,7,2,2,0,0,1,1,2,E01011484
2178,2011130562769,2011,130562769,2,2,1,1,43,7,3,0,0,0,0,0,9,1,-1,2011,130562769,425470.0,437530.0,-1.614471,53.833406,13,3,2,3,09/12/2011,6,07:05,204,E08000035,E08000035,6,0,6,30.0,3,4,6,0,0,0,7,2,2,0,0,1,1,2,E01011484
2179,2011130562809,2011,130562809,1,1,2,2,75,10,3,0,0,0,1,0,11,-1,-1,2011,130562809,430520.0,432730.0,-1.538213,53.789993,13,3,1,1,08/12/2011,5,09:07,204,E08000035,E08000035,3,653,6,30.0,0,-1,-1,-1,0,0,1,1,1,0,0,1,1,2,E01011365
2180,2011130562897,2011,130562897,1,1,2,2,56,9,3,0,0,0,3,0,11,1,-1,2011,130562897,422250.0,433370.0,-1.663697,53.796163,13,3,1,1,08/12/2011,5,11:39,204,E08000035,E08000035,4,6155,6,30.0,3,2,6,0,0,5,1,5,2,0,0,1,2,2,E01011612