,accident_index,accident_year_x,accident_reference_x,vehicle_reference,casualty_reference,casualty_class,sex_of_casualty,age_of_casualty,age_band_of_casualty,casualty_severity,pedestrian_location,pedestrian_movement,car_passenger,bus_or_coach_passenger,pedestrian_road_maintenance_worker,casualty_type,casualty_home_area_type,casualty_imd_decile,accident_year_y,accident_reference_y,location_easting_osgr,location_northing_osgr,longitude,latitude,police_force,accident_severity,number_of_vehicles,number_of_casualties,date,day_of_week,time,local_authority_district,local_authority_ons_district,local_authority_highway,first_road_class,first_road_number,road_type,speed_limit,junction_detail,junction_control,second_road_class,second_road_number,pedestrian_crossing_human_control,pedestrian_crossing_physical_facilities,light_conditions,weather_conditions,road_surface_conditions,special_conditions_at_site,carriageway_hazards,urban_or_rural_area,did_police_officer_attend_scene_of_accident,trunk_road_flag,lsoa_of_accident_location
2181,2011130563450,2011,130563450,1,1,1,1,58,9,3,0,0,0,0,0,9,1,-1,2011,130563450,431450.0,432440.0,-1.524127,53.787332,13,3,2,2,09/12/2011,6,09:20,204,E08000035,E08000035,3,61,6,40.0,7,2,6,0,0,0,1,1,2,0,0,1,1,2,E01011626
2182,2011130563450,2011,130563450,1,2,2,1,26,6,3,0,0,1,0,0,9,1,-1,2011,130563450,431450.0,432440.0,-1.524127,53.787332,13,3,2,2,09/12/2011,6,09:20,204,E08000035,E08000035,3,61,6,40.0,7,2,6,0,0,0,1,1,2,0,0,1,1,2,E01011626
2183,2011130563971,2011,130563971,2,1,1,1,52,8,3,0,0,0,0,0,8,1,-1,2011,130563971,431360.0,435230.0,-1.525209,53.812413,13,3,2,1,09/12/2011,6,16:45,204,E08000035,E08000035,6,0,6,30.0,6,4,6,0,0,0,4,1,2,0,0,1,1,2,E01011361
2184,2011130564061,2011,130564061,1,1,1,2,34,6,3,0,0,0,0,0,9,1,-1,2011,130564061,427520.0,433840.0,-1.583651,53.800137,13,3,2,1,09/12/2011,6,13:10,204,E08000035,E08000035,6,0,6,30.0,3,4,6,0,0,0,1,1,2,0,0,1,2,2,E01011284
2185,2011130564111,2011,130564111,2,1,1,1,32,6,3,0,0,0,0,0,9,1,-1,2011,130564111,424990.0,426970.0,-1.622617,53.738516,13,3,2,2,09/12/2011,6,12:15,204,E08000035,E08000035,1,62,3,50.0,0,-1,-1,-1,0,0,1,1,2,0,0,1,1,1,E01011534
2186,2011130564111,2011,130564111,2,2,2,2,27,6,3,0,0,1,0,0,9,1,-1,2011,130564111,424990.0,426970.0,-1.622617,53.738516,13,3,2,2,09/12/2011,6,12:15,204,E08000035,E08000035,1,62,3,50.0,0,-1,-1,-1,0,0,1,1,2,0,0,1,1,1,E01011534
2187,2011130564322,2011,130564322,1,1,3,1,39,7,3,5,1,0,0,0,0,1,-1,2011,130564322,431430.0,435680.0,-1.524101,53.816454,13,3,1,1,05/12/2011,2,17:50,204,E08000035,E08000035,6,0,6,30.0,3,4,6,0,0,0,7,1,1,0,0,1,1,2,E01011361
2188,2011130564347,2011,130564347,1,1,3,1,49,8,2,5,3,0,0,0,0,-1,-1,2011,130564347,423100.0,433780.0,-1.650762,53.799812,13,2,1,1,09/12/2011,6,23:10,204,E08000035,E08000035,6,0,6,30.0,3,4,6,0,0,0,4,1,4,0,0,1,1,2,E01011609
2189,2011130564512,2011,130564512,2,1,1,1,29,6,3,0,0,0,0,0,1,1,-1,2011,130564512,430080.0,431190.0,-1.545042,53.776178,13,3,2,1,10/12/2011,7,06:35,204,E08000035,E08000035,3,653,6,30.0,3,2,6,0,0,0,4,1,2,0,0,1,2,2,E01011371
2190,2011130564790,2011,130564790,1,1,2,1,28,6,3,0,0,0,3,0,11,1,-1,2011,130564790,429640.0,433790.0,-1.551469,53.799571,13,3,1,1,09/12/2011,6,19:10,204,E08000035,E08000035,6,0,3,30.0,0,-1,-1,-1,0,0,4,1,2,0,0,1,2,2,E01011365
2191,2011130564945,2011,130564945,2,1,1,1,55,8,3,0,0,0,0,0,9,1,-1,2011,130564945,431910.0,435900.0,-1.516787,53.818402,13,3,2,1,09/12/2011,6,19:08,204,E08000035,E08000035,4,6159,6,30.0,3,4,6,0,0,0,4,1,2,0,0,1,1,2,E01011422
2192,2011130565231,2011,130565231,2,1,2,2,37,7,3,0,0,1,0,0,9,-1,-1,2011,130565231,431950.0,428430.0,-1.516952,53.75126,13,3,2,3,10/12/2011,7,15:05,204,E08000035,E08000035,1,1,3,70.0,5,4,1,621,0,0,1,1,1,0,0,2,1,1,E01011502
2193,2011130565231,2011,130565231,2,2,2,1,5,1,3,0,0,2,0,0,9,-1,-1,2011,130565231,431950.0,428430.0,-1.516952,53.75126,13,3,2,3,10/12/2011,7,15:05,204,E08000035,E08000035,1,1,3,70.0,5,4,1,621,0,0,1,1,1,0,0,2,1,1,E01011502
2194,2011130565231,2011,130565231,2,3,2,1,3,1,3,0,0,2,0,0,9,-1,-1,2011,130565231,431950.0,428430.0,-1.516952,53.75126,13,3,2,3,10/12/2011,7,15:05,204,E08000035,E08000035,1,1,3,70.0,5,4,1,621,0,0,1,1,1,0,0,2,1,1,E01011502
2195,2011130565378,2011,130565378,2,1,1,1,41,7,3,0,0,0,0,0,9,-1,-1,2011,130565378,428110.0,426500.0,-1.575359,53.734134,13,3,4,2,10/12/2011,7,14:32,204,E08000035,E08000035,3,653,1,40.0,1,2,1,62,0,5,1,1,2,0,0,2,1,2,E01011550
2196,2011130565378,2011,130565378,3,2,1,1,26,6,3,0,0,0,0,0,9,1,-1,2011,130565378,428110.0,426500.0,-1.575359,53.734134,13,3,4,2,10/12/2011,7,14:32,204,E08000035,E08000035,3,653,1,40.0,1,2,1,62,0,5,1,1,2,0,0,2,1,2,E01011550
2197,2011130565398,2011,130565398,1,1,3,1,85,11,1,10,9,0,0,0,0,1,-1,2011,130565398,421630.0,434560.0,-1.673026,53.806885,13,1,1,1,10/12/2011,7,17:30,204,E08000035,E08000035,6,0,6,30.0,3,4,6,0,0,0,7,1,1,0,0,1,1,2,E01011598
2198,2011130565810,2011,130565810,1,1,1,2,27,6,3,0,0,0,0,0,9,1,-1,2011,130565810,424590.0,433580.0,-1.628156,53.797946,13,3,1,1,11/12/2011,1,03:30,204,E08000035,E08000035,4,6154,6,30.0,1,4,3,6110,0,0,7,1,1,0,0,1,1,2,E01011608
2199,2011130566152,2011,130566152,1,1,3,1,49,8,3,5,9,0,0,0,0,-1,-1,2011,130566152,425000.0,434370.0,-1.621868,53.805027,13,3,1,1,10/12/2011,7,17:05,204,E08000035,E08000035,3,657,3,30.0,0,-1,-1,-1,0,0,4,2,2,0,0,1,1,2,E01011285
2200,2011130566502,2011,130566502,1,1,1,1,47,8,3,0,0,0,0,0,9,1,-1,2011,130566502,420890.0,434450.0,-1.68427,53.805927,13,3,2,1,11/12/2011,1,17:00,204,E08000035,E08000035,3,647,1,40.0,1,2,3,6120,0,0,4,1,2,0,0,1,1,2,E01011595
2201,2011130567704,2011,130567704,1,1,2,1,34,6,3,0,0,0,3,0,11,1,-1,2011,130567704,426240.0,440130.0,-1.60255,53.856736,13,3,1,1,12/12/2011,2,12:34,204,E08000035,E08000035,6,0,6,30.0,3,4,6,0,0,0,1,1,2,0,0,1,2,2,E01011383
2202,2011130568012,2011,130568012,1,1,1,2,51,8,3,0,0,0,0,0,9,1,-1,2011,130568012,426260.0,442460.0,-1.602047,53.877677,13,3,2,4,12/12/2011,2,15:35,204,E08000035,E08000035,6,0,6,30.0,0,-1,-1,-1,0,0,1,1,2,0,0,2,1,2,E01011577
2203,2011130568012,2011,130568012,1,2,2,2,2,1,3,0,0,2,0,0,9,-1,-1,2011,130568012,426260.0,442460.0,-1.602047,53.877677,13,3,2,4,12/12/2011,2,15:35,204,E08000035,E08000035,6,0,6,30.0,0,-1,-1,-1,0,0,1,1,2,0,0,2,1,2,E01011577
2204,2011130568012,2011,130568012,1,3,2,2,3,1,3,0,0,2,0,0,9,-1,-1,2011,130568012,426260.0,442460.0,-1.602047,53.877677,13,3,2,4,12/12/2011,2,15:35,204,E08000035,E08000035,6,0,6,30.0,0,-1,-1,-1,0,0,1,1,2,0,0,2,1,2,E01011577
2205,2011130568012,2011,130568012,1,4,2,2,5,1,3,0,0,1,0,0,9,-1,-1,2011,130568012,426260.0,442460.0,-1.602047,53.877677,13,3,2,4,12/12/2011,2,15:35,204,E08000035,E08000035,6,0,6,30.0,0,-1,-1,-1,0,0,1,1,2,0,0,2,1,2,E01011577
2206,2011130568098,2011,130568098,2,1,1,1,16,4,3,0,0,0,0,0,2,1,-1,2011,130568098,435960.0,437140.0,-1.455128,53.829283,13,3,2,1,12/12/2011,2,16:45,204,E08000035,E08000035,6,0,6,30.0,3,4,6,0,0,0,4,1,2,0,0,1,1,2,E01011720
2207,2011130568425,2011,130568425,1,1,2,1,19,4,3,0,0,1,0,0,9,1,-1,2011,130568425,431520.0,430000.0,-1.523313,53.765397,13,3,2,1,12/12/2011,2,21:45,204,E08000035,E08000035,6,0,1,30.0,1,4,6,0,0,0,7,1,1,0,0,2,1,2,E01011474
2208,2011130569192,2011,130569192,2,1,1,1,33,6,2,0,0,0,0,0,3,1,-1,2011,130569192,435020.0,436200.0,-1.469516,53.820898,13,2,2,1,12/12/2011,2,13:35,204,E08000035,E08000035,6,0,6,30.0,3,4,6,0,0,0,1,1,1,0,0,1,1,2,E01011660
2209,2011130569573,2011,130569573,1,1,3,1,18,4,3,1,3,0,0,0,0,1,-1,2011,130569573,429620.0,434630.0,-1.551692,53.807122,13,3,1,1,12/12/2011,2,12:00,204,E08000035,E08000035,3,660,6,30.0,0,-1,-1,-1,0,4,1,1,1,0,0,1,1,2,E01011676
2210,2011130570417,2011,130570417,2,1,1,1,49,8,2,0,0,0,0,0,3,1,-1,2011,130570417,424270.0,428340.0,-1.633425,53.750864,13,2,2,1,14/12/2011,4,07:55,204,E08000035,E08000035,3,62,6,40.0,3,4,6,0,0,0,1,1,2,0,0,1,1,2,E01011523
2211,2011130570492,2011,130570492,1,1,3,1,65,9,3,4,9,0,0,0,0,1,-1,2011,130570492,429430.0,437320.0,-1.554321,53.83131,13,3,1,1,14/12/2011,4,09:30,204,E08000035,E08000035,6,0,6,30.0,3,4,6,0,0,5,1,1,1,0,0,1,1,2,E01011688
2212,2011130571399,2011,130571399,1,1,1,1,57,9,3,0,0,0,0,0,9,1,-1,2011,130571399,436580.0,435570.0,-1.445895,53.815129,13,3,2,2,14/12/2011,4,17:03,204,E08000035,E08000035,6,0,6,30.0,6,2,6,0,0,0,4,1,1,0,0,1,1,2,E01011407
2213,2011130571399,2011,130571399,2,2,2,1,25,5,3,0,0,1,0,0,9,1,-1,2011,130571399,436580.0,435570.0,-1.445895,53.815129,13,3,2,2,14/12/2011,4,17:03,204,E08000035,E08000035,6,0,6,30.0,6,2,6,0,0,0,4,1,1,0,0,1,1,2,E01011407
2214,2011130571495,2011,130571495,1,1,3,1,19,4,3,1,1,0,0,0,0,1,-1,2011,130571495,428050.0,431110.0,-1.575852,53.775572,13,3,1,1,14/12/2011,4,10:30,204,E08000035,E08000035,3,643,6,30.0,3,2,6,0,2,0,1,1,1,0,0,1,2,2,E01011369
2215,2011130571528,2011,130571528,2,1,1,1,23,5,3,0,0,0,0,0,5,1,-1,2011,130571528,428090.0,434750.0,-1.574914,53.808285,13,3,2,1,12/12/2011,2,12:25,204,E08000035,E08000035,6,0,6,30.0,3,4,6,0,0,0,1,1,1,0,0,1,1,2,E01011481
2216,2011130571667,2011,130571667,1,1,1,2,25,5,3,0,0,0,0,0,9,1,-1,2011,130571667,422230.0,433010.0,-1.664026,53.792929,13,3,1,1,14/12/2011,4,22:15,204,E08000035,E08000035,6,0,6,30.0,0,-1,-1,-1,0,0,7,1,1,0,0,1,2,2,E01011604
2217,2011130572034,2011,130572034,1,1,1,1,41,7,3,0,0,0,0,0,9,-1,-1,2011,130572034,425940.0,438100.0,-1.607281,53.838506,13,3,3,2,14/12/2011,4,13:14,204,E08000035,E08000035,3,6120,6,40.0,3,4,6,0,0,0,1,2,2,0,0,1,1,2,E01011686
2218,2011130572034,2011,130572034,2,2,1,1,75,10,3,0,0,0,0,0,9,-1,-1,2011,130572034,425940.0,438100.0,-1.607281,53.838506,13,3,3,2,14/12/2011,4,13:14,204,E08000035,E08000035,3,6120,6,40.0,3,4,6,0,0,0,1,2,2,0,0,1,1,2,E01011686
2219,2011130572107,2011,130572107,1,1,3,1,48,8,1,7,1,0,0,0,0,1,-1,2011,130572107,433180.0,434020.0,-1.4977,53.801425,13,1,1,1,15/12/2011,5,10:14,204,E08000035,E08000035,3,64,3,40.0,3,4,6,0,0,8,1,1,2,0,0,1,1,2,E01011617
2220,2011130572454,2011,130572454,1,1,1,1,18,4,3,0,0,0,0,0,9,1,-1,2011,130572454,424500.0,435460.0,-1.629374,53.814848,13,3,3,1,15/12/2011,5,09:45,204,E08000035,E08000035,6,0,6,30.0,3,4,6,0,0,0,1,1,4,0,0,1,1,2,E01011323
2221,2011130572503,2011,130572503,1,1,1,1,40,7,3,0,0,0,0,0,9,-1,-1,2011,130572503,424520.0,435470.0,-1.629069,53.814937,13,3,2,2,15/12/2011,5,09:50,204,E08000035,E08000035,6,0,6,30.0,3,4,6,0,0,0,1,1,4,0,0,1,1,2,E01011323
2222,2011130572503,2011,130572503,2,2,1,1,51,8,3,0,0,0,0,0,19,1,-1,2011,130572503,424520.0,435470.0,-1.629069,53.814937,13,3,2,2,15/12/2011,5,09:50,204,E08000035,E08000035,6,0,6,30.0,3,4,6,0,0,0,1,1,4,0,0,1,1,2,E01011323
2223,2011130572524,2011,130572524,1,1,3,1,77,11,3,5,1,0,0,0,0,-1,-1,2011,130572524,440310.0,448260.0,-1.387582,53.928906,13,3,1,1,15/12/2011,5,11:40,204,E08000035,E08000035,6,0,2,30.0,3,4,3,661,0,0,1,1,1,0,0,1,1,2,E01011704
2224,2011130572767,2011,130572767,1,1,3,1,65,9,3,10,9,0,0,0,0,1,-1,2011,130572767,423730.0,437370.0,-1.640922,53.83205,13,3,2,1,15/12/2011,5,15:50,204,E08000035,E08000035,3,65,6,30.0,3,4,6,0,0,0,1,1,1,0,0,1,1,2,E01011454
2225,2011130572773,2011,130572773,1,1,2,2,57,9,3,0,0,2,0,0,8,1,-1,2011,130572773,432090.0,433850.0,-1.514266,53.799966,13,3,1,1,13/12/2011,3,20:40,204,E08000035,E08000035,6,0,6,30.0,3,4,6,0,0,0,7,1,1,0,0,1,1,2,E01011348
2226,2011130573004,2011,130573004,2,1,1,1,24,5,3,0,0,0,0,0,9,1,-1,2011,130573004,424970.0,443430.0,-1.62159,53.886459,13,3,2,1,15/12/2011,5,17:35,204,E08000035,E08000035,3,660,6,30.0,0,-1,-1,-1,0,0,7,1,1,0,0,2,1,2,E01011575
2227,2011130574049,2011,130574049,2,1,1,1,49,8,3,0,0,0,0,0,21,1,-1,2011,130574049,442560.0,442430.0,-1.354126,53.876329,13,2,8,3,16/12/2011,6,06:20,204,E08000035,E08000035,2,1,3,70.0,0,-1,-1,-1,0,0,6,1,2,0,1,2,1,1,E01011712
2228,2011130574049,2011,130574049,3,2,1,1,70,10,3,0,0,0,0,0,9,1,-1,2011,130574049,442560.0,442430.0,-1.354126,53.876329,13,2,8,3,16/12/2011,6,06:20,204,E08000035,E08000035,2,1,3,70.0,0,-1,-1,-1,0,0,6,1,2,0,1,2,1,1,E01011712
2229,2011130574049,2011,130574049,6,3,1,1,29,6,2,0,0,0,0,0,9,-1,-1,2011,130574049,442560.0,442430.0,-1.354126,53.876329,13,2,8,3,16/12/2011,6,06:20,204,E08000035,E08000035,2,1,3,70.0,0,-1,-1,-1,0,0,6,1,2,0,1,2,1,1,E01011712
2230,2011130574117,2011,130574117,2,1,2,2,32,6,3,0,0,2,0,0,9,1,-1,2011,130574117,433160.0,434010.0,-1.498004,53.801337,13,3,3,1,15/12/2011,5,11:20,204,E08000035,E08000035,3,64,3,40.0,5,4,6,0,0,5,1,1,2,0,0,1,1,2,E01011617
2231,2011130574385,2011,130574385,2,1,1,1,44,7,3,0,0,0,0,0,9,1,-1,2011,130574385,427030.0,426070.0,-1.591768,53.730326,13,3,2,1,16/12/2011,6,17:09,204,E08000035,E08000035,1,62,3,50.0,0,-1,-1,-1,0,0,4,1,1,4,0,1,1,1,E01011550
2232,2011130574386,2011,130574386,1,1,1,1,21,5,3,0,0,0,0,0,9,1,-1,2011,130574386,427360.0,434640.0,-1.586009,53.807335,13,3,2,2,14/12/2011,4,15:30,204,E08000035,E08000035,3,65,6,30.0,3,4,6,0,0,0,1,2,2,0,0,1,2,2,E01011482
2233,2011130574386,2011,130574386,1,2,2,2,21,5,3,0,0,1,0,0,9,1,-1,2011,130574386,427360.0,434640.0,-1.586009,53.807335,13,3,2,2,14/12/2011,4,15:30,204,E08000035,E08000035,3,65,6,30.0,3,4,6,0,0,0,1,2,2,0,0,1,2,2,E01011482
2234,2011130574518,2011,130574518,1,1,3,1,9,2,3,8,9,0,0,0,0,-1,-1,2011,130574518,428040.0,432040.0,-1.575919,53.783931,13,3,1,1,16/12/2011,6,19:17,204,E08000035,E08000035,3,62,6,40.0,3,4,6,0,0,0,4,1,2,0,0,1,1,2,E01011362
2235,2011130574594,2011,130574594,1,2,2,2,48,8,3,0,0,1,0,0,9,1,-1,2011,130574594,427500.0,425500.0,-1.584695,53.725178,13,3,2,2,16/12/2011,6,19:20,204,E08000035,E08000035,3,653,3,40.0,6,2,3,6029,0,5,4,2,2,0,0,1,1,2,E01011548
2236,2011130574594,2011,130574594,2,1,2,1,27,6,3,0,0,1,0,0,9,1,-1,2011,130574594,427500.0,425500.0,-1.584695,53.725178,13,3,2,2,16/12/2011,6,19:20,204,E08000035,E08000035,3,653,3,40.0,6,2,3,6029,0,5,4,2,2,0,0,1,1,2,E01011548
2237,2011130574885,2011,130574885,1,1,3,1,49,8,2,4,1,0,0,0,0,1,-1,2011,130574885,429950.0,433080.0,-1.546831,53.793172,13,2,1,1,17/12/2011,7,00:13,204,E08000035,E08000035,6,0,6,30.0,6,2,6,0,0,5,4,1,2,0,0,1,1,2,E01011365
2238,2011130574924,2011,130574924,1,1,1,1,45,7,3,0,0,0,0,0,8,1,-1,2011,130574924,429780.0,433660.0,-1.549356,53.798395,13,3,1,2,16/12/2011,6,23:55,204,E08000035,E08000035,6,0,6,30.0,3,4,6,0,0,0,4,1,1,0,0,1,1,2,E01011365
2239,2011130574924,2011,130574924,1,2,3,1,36,7,3,5,1,0,0,0,0,1,-1,2011,130574924,429780.0,433660.0,-1.549356,53.798395,13,3,1,2,16/12/2011,6,23:55,204,E08000035,E08000035,6,0,6,30.0,3,4,6,0,0,0,4,1,1,0,0,1,1,2,E01011365
2240,2011130574928,2011,130574928,2,1,1,1,51,8,3,0,0,0,0,0,9,1,-1,2011,130574928,433660.0,428930.0,-1.490966,53.755647,13,3,2,1,16/12/2011,6,23:20,204,E08000035,E08000035,6,0,6,30.0,3,4,6,0,0,0,4,1,1,0,0,1,1,2,E01011630
2241,2011130575119,2011,130575119,1,1,1,2,30,6,3,0,0,0,0,0,3,1,-1,2011,130575119,440040.0,432810.0,-1.393704,53.790069,13,3,1,1,17/12/2011,7,09:06,204,E08000035,E08000035,6,0,6,30.0,0,-1,-1,-1,0,0,1,1,4,0,0,1,1,2,E01011399
2242,2011130575236,2011,130575236,1,1,1,1,38,7,3,0,0,0,0,0,9,1,-1,2011,130575236,424710.0,437890.0,-1.62599,53.836678,13,3,2,1,17/12/2011,7,09:05,204,E08000035,E08000035,6,0,6,30.0,3,4,6,0,0,0,1,1,4,0,0,1,1,2,E01011463
2243,2011130575641,2011,130575641,1,1,1,1,31,6,3,0,0,0,0,0,9,1,-1,2011,130575641,420930.0,434410.0,-1.683666,53.805565,13,3,2,3,17/12/2011,7,13:10,204,E08000035,E08000035,3,647,3,60.0,1,2,3,647,0,0,1,1,1,0,0,1,1,2,E01011595
2244,2011130575641,2011,130575641,1,2,2,2,29,6,3,0,0,1,0,0,9,1,-1,2011,130575641,420930.0,434410.0,-1.683666,53.805565,13,3,2,3,17/12/2011,7,13:10,204,E08000035,E08000035,3,647,3,60.0,1,2,3,647,0,0,1,1,1,0,0,1,1,2,E01011595
2245,2011130575641,2011,130575641,1,3,2,2,51,8,3,0,0,2,0,0,9,1,-1,2011,130575641,420930.0,434410.0,-1.683666,53.805565,13,3,2,3,17/12/2011,7,13:10,204,E08000035,E08000035,3,647,3,60.0,1,2,3,647,0,0,1,1,1,0,0,1,1,2,E01011595
2246,2011130576035,2011,130576035,2,1,1,2,49,8,3,0,0,0,0,0,9,-1,-1,2011,130576035,425620.0,426880.0,-1.613073,53.737677,13,3,2,1,17/12/2011,7,23:08,204,E08000035,E08000035,3,650,6,40.0,3,2,4,6123,0,5,4,1,2,0,0,1,1,2,E01011534
2247,2011130576082,2011,130576082,1,1,1,2,24,5,3,0,0,0,0,0,9,1,-1,2011,130576082,420860.0,436970.0,-1.684556,53.828577,13,3,2,4,17/12/2011,7,23:20,204,E08000035,E08000035,3,657,6,30.0,3,4,6,0,0,0,4,1,2,0,0,1,1,2,E01011589
2248,2011130576082,2011,130576082,1,2,2,1,34,6,3,0,0,1,0,0,9,1,-1,2011,130576082,420860.0,436970.0,-1.684556,53.828577,13,3,2,4,17/12/2011,7,23:20,204,E08000035,E08000035,3,657,6,30.0,3,4,6,0,0,0,4,1,2,0,0,1,1,2,E01011589
2249,2011130576082,2011,130576082,1,3,2,1,25,5,3,0,0,2,0,0,9,1,-1,2011,130576082,420860.0,436970.0,-1.684556,53.828577,13,3,2,4,17/12/2011,7,23:20,204,E08000035,E08000035,3,657,6,30.0,3,4,6,0,0,0,4,1,2,0,0,1,1,2,E01011589
2250,2011130576082,2011,130576082,1,4,2,1,20,4,3,0,0,2,0,0,9,1,-1,2011,130576082,420860.0,436970.0,-1.684556,53.828577,13,3,2,4,17/12/2011,7,23:20,204,E08000035,E08000035,3,657,6,30.0,3,4,6,0,0,0,4,1,2,0,0,1,1,2,E01011589
2251,2011130576505,2011,130576505,2,1,1,1,64,9,3,0,0,0,0,0,9,1,-1,2011,130576505,430730.0,435030.0,-1.534797,53.810653,13,3,2,1,17/12/2011,7,19:35,204,E08000035,E08000035,3,58,3,30.0,7,2,6,0,0,0,4,1,1,0,0,1,1,2,E01011671
2252,2011130576556,2011,130576556,1,1,1,1,70,10,3,0,0,0,0,0,9,3,-1,2011,130576556,431350.0,435050.0,-1.52538,53.810796,13,3,2,5,18/12/2011,1,12:35,204,E08000035,E08000035,3,58,6,30.0,3,4,6,0,0,4,1,1,1,0,0,1,1,2,E01011673
2253,2011130576556,2011,130576556,1,2,2,2,50,8,3,0,0,1,0,0,9,3,-1,2011,130576556,431350.0,435050.0,-1.52538,53.810796,13,3,2,5,18/12/2011,1,12:35,204,E08000035,E08000035,3,58,6,30.0,3,4,6,0,0,4,1,1,1,0,0,1,1,2,E01011673
2254,2011130576556,2011,130576556,1,3,2,2,18,4,3,0,0,2,0,0,9,1,-1,2011,130576556,431350.0,435050.0,-1.52538,53.810796,13,3,2,5,18/12/2011,1,12:35,204,E08000035,E08000035,3,58,6,30.0,3,4,6,0,0,4,1,1,1,0,0,1,1,2,E01011673
2255,2011130576556,2011,130576556,1,4,2,1,17,4,3,0,0,2,0,0,9,1,-1,2011,130576556,431350.0,435050.0,-1.52538,53.810796,13,3,2,5,18/12/2011,1,12:35,204,E08000035,E08000035,3,58,6,30.0,3,4,6,0,0,4,1,1,1,0,0,1,1,2,E01011673
2256,2011130576556,2011,130576556,2,5,1,1,50,8,3,0,0,0,0,0,9,1,-1,2011,130576556,431350.0,435050.0,-1.52538,53.810796,13,3,2,5,18/12/2011,1,12:35,204,E08000035,E08000035,3,58,6,30.0,3,4,6,0,0,4,1,1,1,0,0,1,1,2,E01011673
2257,2011130577292,2011,130577292,1,1,1,1,37,7,3,0,0,0,0,0,9,1,-1,2011,130577292,426640.0,441800.0,-1.596324,53.871726,13,3,2,1,18/12/2011,1,23:05,204,E08000035,E08000035,3,660,6,30.0,8,4,6,0,0,0,4,1,5,0,0,2,1,2,E01011575
2258,2011130577349,2011,130577349,2,1,1,1,68,10,3,0,0,0,0,0,9,1,-1,2011,130577349,431820.0,426300.0,-1.519142,53.732124,13,3,3,4,18/12/2011,1,11:50,204,E08000035,E08000035,1,62,3,70.0,5,4,1,62,0,0,1,1,2,0,0,2,1,1,E01011499
2259,2011130577349,2011,130577349,2,2,2,2,68,10,3,0,0,1,0,0,9,-1,-1,2011,130577349,431820.0,426300.0,-1.519142,53.732124,13,3,3,4,18/12/2011,1,11:50,204,E08000035,E08000035,1,62,3,70.0,5,4,1,62,0,0,1,1,2,0,0,2,1,1,E01011499
2260,2011130577349,2011,130577349,2,3,2,2,1,1,3,0,0,2,0,0,9,-1,-1,2011,130577349,431820.0,426300.0,-1.519142,53.732124,13,3,3,4,18/12/2011,1,11:50,204,E08000035,E08000035,1,62,3,70.0,5,4,1,62,0,0,1,1,2,0,0,2,1,1,E01011499
2261,2011130577349,2011,130577349,3,4,2,2,53,8,3,0,0,1,0,0,9,2,-1,2011,130577349,431820.0,426300.0,-1.519142,53.732124,13,3,3,4,18/12/2011,1,11:50,204,E08000035,E08000035,1,62,3,70.0,5,4,1,62,0,0,1,1,2,0,0,2,1,1,E01011499
2262,2011130577958,2011,130577958,1,1,1,2,53,8,3,0,0,0,0,0,9,1,-1,2011,130577958,427360.0,433640.0,-1.586098,53.798348,13,3,2,1,19/12/2011,2,13:30,204,E08000035,E08000035,3,647,6,30.0,0,-1,-1,-1,0,0,1,1,1,0,0,1,2,2,E01011293
2263,2011130578100,2011,130578100,1,1,1,1,19,4,3,0,0,0,0,0,19,2,-1,2011,130578100,431010.0,430500.0,-1.530999,53.769922,13,3,3,3,19/12/2011,2,13:40,204,E08000035,E08000035,6,0,6,30.0,0,-1,-1,-1,0,0,1,1,2,4,0,1,1,2,E01011471
2264,2011130578100,2011,130578100,1,3,2,1,23,5,3,0,0,0,0,0,19,1,-1,2011,130578100,431010.0,430500.0,-1.530999,53.769922,13,3,3,3,19/12/2011,2,13:40,204,E08000035,E08000035,6,0,6,30.0,0,-1,-1,-1,0,0,1,1,2,4,0,1,1,2,E01011471
2265,2011130578100,2011,130578100,2,2,1,1,23,5,3,0,0,0,0,0,9,1,-1,2011,130578100,431010.0,430500.0,-1.530999,53.769922,13,3,3,3,19/12/2011,2,13:40,204,E08000035,E08000035,6,0,6,30.0,0,-1,-1,-1,0,0,1,1,2,4,0,1,1,2,E01011471
2266,2011130578542,2011,130578542,1,1,3,1,74,10,2,5,3,0,0,0,0,-1,-1,2011,130578542,422750.0,432250.0,-1.656189,53.786075,13,2,1,1,19/12/2011,2,17:05,204,E08000035,E08000035,6,0,6,30.0,3,4,6,0,0,0,4,5,2,0,0,1,1,2,E01011607
2267,2011130578626,2011,130578626,1,1,1,1,45,7,3,0,0,0,0,0,9,1,-1,2011,130578626,436180.0,434320.0,-1.452116,53.803922,13,3,2,1,19/12/2011,2,15:10,204,E08000035,E08000035,6,0,6,30.0,3,4,3,6120,0,0,1,1,1,0,0,1,1,2,E01011408