,accident_index,accident_year_x,accident_reference_x,vehicle_reference,casualty_reference,casualty_class,sex_of_casualty,age_of_casualty,age_band_of_casualty,casualty_severity,pedestrian_location,pedestrian_movement,car_passenger,bus_or_coach_passenger,pedestrian_road_maintenance_worker,casualty_type,casualty_home_area_type,casualty_imd_decile,accident_year_y,accident_reference_y,location_easting_osgr,location_northing_osgr,longitude,latitude,police_force,accident_severity,number_of_vehicles,number_of_casualties,date,day_of_week,time,local_authority_district,local_authority_ons_district,local_authority_highway,first_road_class,first_road_number,road_type,speed_limit,junction_detail,junction_control,second_road_class,second_road_number,pedestrian_crossing_human_control,pedestrian_crossing_physical_facilities,light_conditions,weather_conditions,road_surface_conditions,special_conditions_at_site,carriageway_hazards,urban_or_rural_area,did_police_officer_attend_scene_of_accident,trunk_road_flag,lsoa_of_accident_location
2530,2012130121951,2012,130121951,2,1,1,1,41,7,3,0,0,0,0,0,9,-1,-1,2012,130121951,431980.0,435500.0,-1.515766,53.814802,13,3,2,1,17/03/2012,7,11:10,204,E08000035,E08000035,6,0,6,30.0,6,4,6,0,0,0,1,1,1,0,0,1,2,2,E01011428
2531,2012130122070,2012,130122070,1,1,1,1,48,8,3,0,0,0,0,0,9,1,-1,2012,130122070,431260.0,427050.0,-1.527554,53.738898,13,3,2,1,16/03/2012,6,12:30,204,E08000035,E08000035,3,654,6,40.0,0,-1,-1,-1,0,0,1,1,1,0,7,2,2,2,E01011499
2532,2012130122150,2012,130122150,3,1,1,2,44,7,3,0,0,0,0,0,9,1,-1,2012,130122150,434020.0,433950.0,-1.484954,53.800742,13,3,3,1,17/03/2012,7,12:26,204,E08000035,E08000035,6,0,6,40.0,0,-1,-1,-1,0,0,1,1,1,0,0,1,1,2,E01011622
2533,2012130122366,2012,130122366,2,1,1,1,30,6,3,0,0,0,0,0,9,1,-1,2012,130122366,424970.0,433040.0,-1.622431,53.793075,13,3,3,1,17/03/2012,7,17:05,204,E08000035,E08000035,6,0,6,30.0,0,-1,-1,-1,0,0,7,1,2,0,0,1,1,2,E01011727
2534,2012130122850,2012,130122850,1,1,1,1,25,5,2,0,0,0,0,0,19,3,-1,2012,130122850,435140.0,442250.0,-1.467003,53.875266,13,2,1,2,17/03/2012,7,23:20,204,E08000035,E08000035,6,0,6,60.0,0,-1,-1,-1,0,0,6,1,1,0,0,2,1,2,E01011713
2535,2012130122850,2012,130122850,1,2,2,1,26,6,2,0,0,0,0,0,19,-1,-1,2012,130122850,435140.0,442250.0,-1.467003,53.875266,13,2,1,2,17/03/2012,7,23:20,204,E08000035,E08000035,6,0,6,60.0,0,-1,-1,-1,0,0,6,1,1,0,0,2,1,2,E01011713
2536,2012130122909,2012,130122909,1,1,3,2,43,7,2,9,6,0,0,0,0,-1,-1,2012,130122909,436820.0,433970.0,-1.442441,53.800732,13,2,1,1,18/03/2012,1,00:39,204,E08000035,E08000035,6,0,6,30.0,3,4,6,0,0,0,4,1,2,0,0,1,1,2,E01011412
2537,2012130124243,2012,130124243,1,1,1,1,56,9,3,0,0,0,0,0,9,-1,-1,2012,130124243,435870.0,436370.0,-1.456585,53.822369,13,3,2,1,18/03/2012,1,11:00,204,E08000035,E08000035,3,6120,6,30.0,3,4,6,0,0,0,1,1,1,0,0,1,1,2,E01011661
2538,2012130125260,2012,130125260,1,1,1,2,62,9,3,0,0,0,0,0,9,1,-1,2012,130125260,432810.0,433900.0,-1.50333,53.80037,13,3,2,2,19/03/2012,2,16:00,204,E08000035,E08000035,3,64,3,40.0,0,-1,-1,-1,0,0,1,1,1,0,0,1,1,2,E01011615
2539,2012130125260,2012,130125260,2,2,1,1,38,7,3,0,0,0,0,0,9,1,-1,2012,130125260,432810.0,433900.0,-1.50333,53.80037,13,3,2,2,19/03/2012,2,16:00,204,E08000035,E08000035,3,64,3,40.0,0,-1,-1,-1,0,0,1,1,1,0,0,1,1,2,E01011615
2540,2012130125431,2012,130125431,1,1,1,1,41,7,3,0,0,0,0,0,5,-1,-1,2012,130125431,429080.0,433040.0,-1.560042,53.792862,13,3,2,1,19/03/2012,2,17:55,204,E08000035,E08000035,6,0,6,30.0,8,4,-1,-1,0,0,7,1,1,4,0,1,1,2,E01011367
2541,2012130125613,2012,130125613,2,1,1,1,18,4,3,0,0,0,0,0,1,1,-1,2012,130125613,427510.0,432580.0,-1.583915,53.788812,13,3,2,1,18/03/2012,1,17:30,204,E08000035,E08000035,6,0,6,30.0,3,4,6,0,0,0,7,1,1,0,0,1,1,2,E01011362
2542,2012130125640,2012,130125640,2,1,1,2,21,5,3,0,0,0,0,0,9,1,-1,2012,130125640,428530.0,431520.0,-1.568531,53.779231,13,3,2,1,19/03/2012,2,21:15,204,E08000035,E08000035,3,643,6,30.0,1,4,3,643,0,0,7,1,1,0,0,1,1,2,E01011366
2543,2012130126046,2012,130126046,2,1,1,1,30,6,3,0,0,0,0,0,1,1,-1,2012,130126046,426930.0,433760.0,-1.592615,53.799448,13,3,2,1,20/03/2012,3,08:43,204,E08000035,E08000035,3,647,6,30.0,3,4,6,0,0,4,1,1,1,0,0,1,1,2,E01011284
2544,2012130126121,2012,130126121,1,2,2,1,28,6,3,0,0,0,0,0,19,1,-1,2012,130126121,436000.0,436570.0,-1.454587,53.824157,13,3,3,6,20/03/2012,3,08:00,204,E08000035,E08000035,3,64,3,50.0,0,-1,-1,-1,0,0,1,1,2,0,0,1,1,2,E01011720
2545,2012130126121,2012,130126121,1,3,2,1,29,6,3,0,0,0,0,0,19,2,-1,2012,130126121,436000.0,436570.0,-1.454587,53.824157,13,3,3,6,20/03/2012,3,08:00,204,E08000035,E08000035,3,64,3,50.0,0,-1,-1,-1,0,0,1,1,2,0,0,1,1,2,E01011720
2546,2012130126121,2012,130126121,1,4,2,1,56,9,3,0,0,0,0,0,19,1,-1,2012,130126121,436000.0,436570.0,-1.454587,53.824157,13,3,3,6,20/03/2012,3,08:00,204,E08000035,E08000035,3,64,3,50.0,0,-1,-1,-1,0,0,1,1,2,0,0,1,1,2,E01011720
2547,2012130126121,2012,130126121,1,5,2,1,22,5,3,0,0,0,0,0,19,1,-1,2012,130126121,436000.0,436570.0,-1.454587,53.824157,13,3,3,6,20/03/2012,3,08:00,204,E08000035,E08000035,3,64,3,50.0,0,-1,-1,-1,0,0,1,1,2,0,0,1,1,2,E01011720
2548,2012130126121,2012,130126121,1,6,2,1,19,4,3,0,0,0,0,0,19,1,-1,2012,130126121,436000.0,436570.0,-1.454587,53.824157,13,3,3,6,20/03/2012,3,08:00,204,E08000035,E08000035,3,64,3,50.0,0,-1,-1,-1,0,0,1,1,2,0,0,1,1,2,E01011720
2549,2012130126121,2012,130126121,2,1,1,1,33,6,3,0,0,0,0,0,9,3,-1,2012,130126121,436000.0,436570.0,-1.454587,53.824157,13,3,3,6,20/03/2012,3,08:00,204,E08000035,E08000035,3,64,3,50.0,0,-1,-1,-1,0,0,1,1,2,0,0,1,1,2,E01011720
2550,2012130126972,2012,130126972,2,1,1,1,39,7,3,0,0,0,0,0,1,1,-1,2012,130126972,432180.0,431000.0,-1.513197,53.774345,13,3,2,1,20/03/2012,3,07:40,204,E08000035,E08000035,4,6481,6,30.0,0,-1,-1,-1,0,0,1,1,1,0,0,1,2,2,E01011468
2551,2012130127182,2012,130127182,1,1,3,2,68,10,3,6,7,0,0,0,0,1,-1,2012,130127182,430960.0,440110.0,-1.530794,53.856298,13,3,1,1,20/03/2012,3,17:30,204,E08000035,E08000035,3,61,3,40.0,8,4,-1,-1,0,0,7,1,1,0,0,1,2,2,E01011557
2552,2012130127647,2012,130127647,2,1,1,1,26,6,3,0,0,0,0,0,1,1,-1,2012,130127647,426510.0,435650.0,-1.59883,53.816457,13,3,2,1,21/03/2012,4,07:25,204,E08000035,E08000035,4,6157,6,30.0,6,2,6,0,0,5,7,1,1,0,0,1,1,2,E01011477
2553,2012130127718,2012,130127718,1,1,3,1,13,3,3,6,9,0,0,0,0,-1,-1,2012,130127718,429940.0,436660.0,-1.546636,53.825349,13,3,1,1,21/03/2012,4,15:52,204,E08000035,E08000035,3,61,6,30.0,0,-1,-1,-1,0,0,1,1,1,0,0,1,2,2,E01011355
2554,2012130127734,2012,130127734,1,1,1,1,16,4,3,0,0,0,0,0,2,1,-1,2012,130127734,429950.0,430850.0,-1.547047,53.773129,13,3,2,1,21/03/2012,4,09:07,204,E08000035,E08000035,3,653,6,30.0,3,2,6,0,0,0,1,1,1,0,0,1,1,2,E01011322
2555,2012130128791,2012,130128791,1,1,3,2,4,1,3,6,7,0,0,0,0,1,-1,2012,130128791,431860.0,429110.0,-1.518247,53.757377,13,3,1,1,21/03/2012,4,15:50,204,E08000035,E08000035,6,0,6,30.0,0,-1,-1,-1,0,0,1,1,1,0,0,1,1,2,E01011476
2556,2012130128846,2012,130128846,2,1,1,1,33,6,3,0,0,0,0,0,1,1,-1,2012,130128846,441000.0,430980.0,-1.379376,53.773547,13,3,2,1,20/03/2012,3,19:10,204,E08000035,E08000035,6,0,6,30.0,0,-1,-1,-1,0,0,7,1,1,0,0,1,2,2,E01011300
2557,2012130128877,2012,130128877,2,1,1,1,32,6,3,0,0,0,0,0,3,-1,-1,2012,130128877,433840.0,433530.0,-1.487733,53.796979,13,3,2,1,21/03/2012,4,17:39,204,E08000035,E08000035,6,0,6,30.0,0,-1,-1,-1,0,0,7,1,1,0,0,1,1,2,E01011622
2558,2012130128886,2012,130128886,3,1,1,2,26,6,3,0,0,0,0,0,1,1,-1,2012,130128886,428220.0,435780.0,-1.572846,53.817536,13,3,3,1,21/03/2012,4,18:00,204,E08000035,E08000035,3,660,6,30.0,3,4,6,0,0,0,7,1,1,0,0,1,1,2,E01011439
2559,2012130128940,2012,130128940,1,1,3,1,3,1,2,1,1,0,0,0,0,1,-1,2012,130128940,423150.0,433810.0,-1.650001,53.800079,13,2,1,1,21/03/2012,4,15:12,204,E08000035,E08000035,6,0,6,30.0,0,-1,-1,-1,0,1,1,1,1,0,0,1,1,2,E01011609
2560,2012130128943,2012,130128943,1,1,1,1,34,6,3,0,0,0,0,0,5,1,-1,2012,130128943,430050.0,432360.0,-1.545383,53.786695,13,3,1,1,21/03/2012,4,17:22,204,E08000035,E08000035,1,621,7,30.0,0,-1,-1,-1,0,0,7,1,1,0,0,1,1,1,E01011364
2561,2012130129183,2012,130129183,2,1,1,1,36,7,3,0,0,0,0,0,8,1,-1,2012,130129183,428390.0,435450.0,-1.570294,53.814561,13,3,2,1,21/03/2012,4,22:20,204,E08000035,E08000035,6,0,6,30.0,9,4,6,0,0,0,4,1,1,0,0,1,1,2,E01011442
2562,2012130129825,2012,130129825,1,2,2,2,31,6,3,0,0,1,0,0,9,1,-1,2012,130129825,428930.0,433410.0,-1.562284,53.796196,13,3,2,2,22/03/2012,5,10:20,204,E08000035,E08000035,3,58,7,30.0,5,4,2,58,0,0,1,1,1,0,0,1,1,2,E01011365
2563,2012130129825,2012,130129825,2,1,1,2,45,7,3,0,0,0,0,0,9,1,-1,2012,130129825,428930.0,433410.0,-1.562284,53.796196,13,3,2,2,22/03/2012,5,10:20,204,E08000035,E08000035,3,58,7,30.0,5,4,2,58,0,0,1,1,1,0,0,1,1,2,E01011365
2564,2012130130381,2012,130130381,1,1,1,2,81,11,3,0,0,0,0,0,9,1,-1,2012,130130381,431590.0,437820.0,-1.521451,53.835678,13,3,1,1,22/03/2012,5,16:00,204,E08000035,E08000035,6,0,6,30.0,0,-1,-1,-1,0,0,1,1,1,0,0,1,1,2,E01011517
2565,2012130130406,2012,130130406,2,1,1,1,32,6,3,0,0,0,0,0,9,1,-1,2012,130130406,431960.0,432680.0,-1.516361,53.789458,13,3,2,1,22/03/2012,5,15:25,204,E08000035,E08000035,6,0,6,30.0,3,4,6,0,0,0,1,1,1,0,0,1,1,2,E01011625
2566,2012130130560,2012,130130560,1,1,1,2,30,6,3,0,0,0,0,0,9,1,-1,2012,130130560,426870.0,434940.0,-1.593424,53.810057,13,3,2,2,22/03/2012,5,14:00,204,E08000035,E08000035,3,65,6,30.0,3,4,6,0,0,0,1,1,1,0,0,1,2,2,E01011482
2567,2012130130560,2012,130130560,1,2,2,1,29,6,3,0,0,1,0,0,9,-1,-1,2012,130130560,426870.0,434940.0,-1.593424,53.810057,13,3,2,2,22/03/2012,5,14:00,204,E08000035,E08000035,3,65,6,30.0,3,4,6,0,0,0,1,1,1,0,0,1,2,2,E01011482
2568,2012130130687,2012,130130687,2,1,1,1,56,9,3,0,0,0,0,0,1,1,-1,2012,130130687,426980.0,433430.0,-1.591885,53.79648,13,3,2,1,22/03/2012,5,17:05,204,E08000035,E08000035,6,0,6,30.0,6,4,6,0,0,0,7,1,1,0,0,1,2,2,E01011292
2569,2012130130845,2012,130130845,1,1,2,2,19,4,3,0,0,1,0,0,9,1,-1,2012,130130845,428900.0,435510.0,-1.562543,53.815072,13,3,2,1,22/03/2012,5,12:25,204,E08000035,E08000035,3,660,6,30.0,3,4,6,0,0,1,1,1,1,0,0,1,2,2,E01011443
2570,2012130132042,2012,130132042,1,1,1,1,20,4,3,0,0,0,0,0,9,1,-1,2012,130132042,430310.0,428420.0,-1.541823,53.751268,13,3,2,2,23/03/2012,6,14:09,204,E08000035,E08000035,6,0,6,30.0,3,4,6,0,0,0,1,1,1,0,0,1,1,2,E01011503
2571,2012130132042,2012,130132042,1,2,2,1,21,5,3,0,0,1,0,0,9,1,-1,2012,130132042,430310.0,428420.0,-1.541823,53.751268,13,3,2,2,23/03/2012,6,14:09,204,E08000035,E08000035,6,0,6,30.0,3,4,6,0,0,0,1,1,1,0,0,1,1,2,E01011503
2572,2012130132070,2012,130132070,1,1,1,2,22,5,3,0,0,0,0,0,9,1,-1,2012,130132070,427520.0,434550.0,-1.583588,53.806518,13,3,3,1,22/03/2012,5,14:50,204,E08000035,E08000035,6,0,6,30.0,3,2,3,65,2,5,1,1,1,0,0,1,2,2,E01011482
2573,2012130132112,2012,130132112,1,1,1,2,68,10,3,0,0,0,0,0,9,2,-1,2012,130132112,429200.0,440310.0,-1.557532,53.858197,13,3,2,1,23/03/2012,6,15:20,204,E08000035,E08000035,6,0,6,30.0,6,4,6,0,0,0,1,1,1,0,0,1,1,2,E01011567
2574,2012130132150,2012,130132150,2,1,1,1,15,3,3,0,0,0,0,0,1,-1,-1,2012,130132150,430640.0,436810.0,-1.535987,53.826657,13,3,2,1,23/03/2012,6,15:00,204,E08000035,E08000035,6,0,6,30.0,3,4,6,0,0,5,1,1,1,0,0,1,2,2,E01011352
2575,2012130132313,2012,130132313,1,1,1,1,29,6,3,0,0,0,0,0,9,1,-1,2012,130132313,430700.0,434790.0,-1.535276,53.808498,13,3,2,1,23/03/2012,6,16:00,204,E08000035,E08000035,3,58,3,30.0,0,-1,-1,-1,0,0,1,1,1,0,0,1,1,2,E01011671
2576,2012130132376,2012,130132376,1,1,1,1,17,4,3,0,0,0,0,0,9,1,-1,2012,130132376,430690.0,435820.0,-1.535326,53.817756,13,2,1,2,23/03/2012,6,13:30,204,E08000035,E08000035,6,0,6,30.0,0,-1,-1,-1,0,0,1,1,1,0,0,1,1,2,E01011360
2577,2012130132376,2012,130132376,1,2,2,1,25,5,2,0,0,1,0,0,9,1,-1,2012,130132376,430690.0,435820.0,-1.535326,53.817756,13,2,1,2,23/03/2012,6,13:30,204,E08000035,E08000035,6,0,6,30.0,0,-1,-1,-1,0,0,1,1,1,0,0,1,1,2,E01011360
2578,2012130132539,2012,130132539,1,1,1,1,42,7,3,0,0,0,0,0,1,1,-1,2012,130132539,423150.0,434670.0,-1.649937,53.807809,13,3,2,1,22/03/2012,5,15:05,204,E08000035,E08000035,4,6157,6,40.0,0,-1,-1,-1,0,8,1,1,1,0,0,1,1,2,E01011335
2579,2012130132908,2012,130132908,1,1,1,1,33,6,3,0,0,0,0,0,3,1,-1,2012,130132908,432360.0,436350.0,-1.509905,53.822418,13,3,2,1,23/03/2012,6,13:15,204,E08000035,E08000035,6,0,6,30.0,3,4,6,0,0,0,1,1,1,0,0,1,1,2,E01011647
2580,2012130133291,2012,130133291,1,1,2,2,5,1,3,0,0,0,4,0,11,1,-1,2012,130133291,430690.0,434490.0,-1.535458,53.805802,13,3,1,1,24/03/2012,7,12:00,204,E08000035,E08000035,6,0,6,30.0,0,-1,-1,-1,0,0,1,1,1,0,0,1,2,2,E01011679
2581,2012130134825,2012,130134825,2,1,2,2,29,6,3,0,0,1,0,0,9,1,-1,2012,130134825,429470.0,427290.0,-1.554669,53.741159,13,3,2,1,25/03/2012,1,15:00,204,E08000035,E08000035,6,0,6,30.0,0,-1,-1,-1,0,0,1,1,1,0,0,1,1,2,E01011497
2582,2012130135081,2012,130135081,1,1,1,1,37,7,3,0,0,0,0,0,9,1,-1,2012,130135081,426370.0,438870.0,-1.600681,53.845405,13,3,1,3,25/03/2012,1,03:50,204,E08000035,E08000035,6,0,6,30.0,3,4,6,0,0,0,4,1,1,0,0,2,1,2,E01011695
2583,2012130135081,2012,130135081,1,2,2,2,28,6,3,0,0,1,0,0,9,1,-1,2012,130135081,426370.0,438870.0,-1.600681,53.845405,13,3,1,3,25/03/2012,1,03:50,204,E08000035,E08000035,6,0,6,30.0,3,4,6,0,0,0,4,1,1,0,0,2,1,2,E01011695
2584,2012130135081,2012,130135081,1,3,2,1,39,7,3,0,0,2,0,0,9,1,-1,2012,130135081,426370.0,438870.0,-1.600681,53.845405,13,3,1,3,25/03/2012,1,03:50,204,E08000035,E08000035,6,0,6,30.0,3,4,6,0,0,0,4,1,1,0,0,2,1,2,E01011695
2585,2012130135975,2012,130135975,1,1,1,1,45,7,3,0,0,0,0,0,3,2,-1,2012,130135975,440390.0,432300.0,-1.388458,53.785458,13,3,2,1,26/03/2012,2,08:10,204,E08000035,E08000035,3,63,6,30.0,0,-1,-1,-1,0,0,1,1,1,0,0,1,1,2,E01011402
2586,2012130136197,2012,130136197,2,1,1,2,40,7,3,0,0,0,0,0,1,1,-1,2012,130136197,432050.0,435960.0,-1.514655,53.818932,13,3,2,1,26/03/2012,2,09:05,204,E08000035,E08000035,6,0,6,30.0,9,4,6,0,0,0,1,1,1,0,0,1,2,2,E01011647
2587,2012130136430,2012,130136430,2,1,1,2,61,9,3,0,0,0,0,0,9,2,-1,2012,130136430,426860.0,438030.0,-1.593307,53.83783,13,3,2,2,26/03/2012,2,14:10,204,E08000035,E08000035,3,6120,3,40.0,1,4,3,660,0,0,1,1,1,0,0,1,1,2,E01011685
2588,2012130136430,2012,130136430,2,2,2,2,33,6,3,0,0,2,0,0,9,1,-1,2012,130136430,426860.0,438030.0,-1.593307,53.83783,13,3,2,2,26/03/2012,2,14:10,204,E08000035,E08000035,3,6120,3,40.0,1,4,3,660,0,0,1,1,1,0,0,1,1,2,E01011685
2589,2012130136518,2012,130136518,1,1,3,1,61,9,2,5,1,0,0,0,0,1,-1,2012,130136518,426510.0,427740.0,-1.599507,53.745362,13,2,1,1,26/03/2012,2,13:17,204,E08000035,E08000035,6,0,6,30.0,3,4,6,0,0,0,1,1,1,0,0,1,1,2,E01011541
2590,2012130136604,2012,130136604,1,1,1,2,36,7,3,0,0,0,0,0,9,1,-1,2012,130136604,426830.0,438050.0,-1.593761,53.838012,13,3,2,1,26/03/2012,2,12:20,204,E08000035,E08000035,3,6120,1,40.0,1,4,3,660,0,0,1,1,1,0,0,1,1,2,E01011687
2591,2012130136695,2012,130136695,2,1,1,2,53,8,3,0,0,0,0,0,9,1,-1,2012,130136695,429400.0,433900.0,-1.555102,53.800574,13,3,2,1,26/03/2012,2,15:55,204,E08000035,E08000035,2,58,7,40.0,5,4,2,58,0,0,1,1,1,0,0,1,1,2,E01011678
2592,2012130136729,2012,130136729,1,1,3,1,50,8,3,10,9,0,0,0,0,1,-1,2012,130136729,436220.0,434710.0,-1.451463,53.807425,13,3,1,1,25/03/2012,1,01:15,204,E08000035,E08000035,6,0,6,30.0,3,4,6,0,0,0,7,1,1,0,0,1,1,2,E01011408
2593,2012130136745,2012,130136745,1,1,1,2,34,6,3,0,0,0,0,0,9,1,-1,2012,130136745,428950.0,426420.0,-1.562634,53.733369,13,3,4,3,26/03/2012,2,17:25,204,E08000035,E08000035,1,62,3,70.0,0,-1,-1,-1,0,0,7,1,1,0,0,1,1,1,E01011538
2594,2012130136745,2012,130136745,2,2,1,1,27,6,3,0,0,0,0,0,19,1,-1,2012,130136745,428950.0,426420.0,-1.562634,53.733369,13,3,4,3,26/03/2012,2,17:25,204,E08000035,E08000035,1,62,3,70.0,0,-1,-1,-1,0,0,7,1,1,0,0,1,1,1,E01011538
2595,2012130136745,2012,130136745,3,3,1,2,42,7,3,0,0,0,0,0,9,1,-1,2012,130136745,428950.0,426420.0,-1.562634,53.733369,13,3,4,3,26/03/2012,2,17:25,204,E08000035,E08000035,1,62,3,70.0,0,-1,-1,-1,0,0,7,1,1,0,0,1,1,1,E01011538
2596,2012130136801,2012,130136801,2,1,1,2,37,7,3,0,0,0,0,0,9,1,-1,2012,130136801,437790.0,432430.0,-1.427902,53.786821,13,3,2,2,26/03/2012,2,16:40,204,E08000035,E08000035,1,1,3,70.0,5,4,1,1,0,0,1,1,1,0,0,2,1,1,E01011402
2597,2012130136801,2012,130136801,2,2,2,2,18,4,3,0,0,1,0,0,9,-1,-1,2012,130136801,437790.0,432430.0,-1.427902,53.786821,13,3,2,2,26/03/2012,2,16:40,204,E08000035,E08000035,1,1,3,70.0,5,4,1,1,0,0,1,1,1,0,0,2,1,1,E01011402
2598,2012130136808,2012,130136808,2,1,1,2,23,5,3,0,0,0,0,0,9,1,-1,2012,130136808,424810.0,427320.0,-1.625318,53.741671,13,3,2,1,25/03/2012,1,19:30,204,E08000035,E08000035,1,62,3,70.0,0,-1,-1,-1,0,0,7,1,1,0,0,1,2,1,E01011530
2599,2012130137045,2012,130137045,1,1,1,1,56,9,3,0,0,0,0,0,9,-1,-1,2012,130137045,420950.0,434450.0,-1.683359,53.805924,13,3,3,1,26/03/2012,2,16:50,204,E08000035,E08000035,4,6157,1,30.0,1,2,3,647,0,0,1,1,1,0,0,1,2,2,E01011599
2600,2012130137204,2012,130137204,1,1,1,1,30,6,3,0,0,0,0,0,9,1,-1,2012,130137204,430350.0,431630.0,-1.540902,53.780117,13,3,2,5,26/03/2012,2,22:55,204,E08000035,E08000035,1,621,7,30.0,0,-1,-1,-1,0,0,4,1,1,0,0,1,1,1,E01011371
2601,2012130137204,2012,130137204,1,4,2,2,21,5,3,0,0,2,0,0,9,1,-1,2012,130137204,430350.0,431630.0,-1.540902,53.780117,13,3,2,5,26/03/2012,2,22:55,204,E08000035,E08000035,1,621,7,30.0,0,-1,-1,-1,0,0,4,1,1,0,0,1,1,1,E01011371
2602,2012130137204,2012,130137204,1,5,2,2,39,7,3,0,0,2,0,0,9,1,-1,2012,130137204,430350.0,431630.0,-1.540902,53.780117,13,3,2,5,26/03/2012,2,22:55,204,E08000035,E08000035,1,621,7,30.0,0,-1,-1,-1,0,0,4,1,1,0,0,1,1,1,E01011371
2603,2012130137204,2012,130137204,2,2,1,2,49,8,3,0,0,0,0,0,9,2,-1,2012,130137204,430350.0,431630.0,-1.540902,53.780117,13,3,2,5,26/03/2012,2,22:55,204,E08000035,E08000035,1,621,7,30.0,0,-1,-1,-1,0,0,4,1,1,0,0,1,1,1,E01011371
2604,2012130137204,2012,130137204,2,3,2,1,39,7,3,0,0,1,0,0,9,1,-1,2012,130137204,430350.0,431630.0,-1.540902,53.780117,13,3,2,5,26/03/2012,2,22:55,204,E08000035,E08000035,1,621,7,30.0,0,-1,-1,-1,0,0,4,1,1,0,0,1,1,1,E01011371
2605,2012130137237,2012,130137237,2,1,1,1,20,4,3,0,0,0,0,0,1,1,-1,2012,130137237,427960.0,433610.0,-1.576991,53.798046,13,3,2,1,18/03/2012,1,13:05,204,E08000035,E08000035,3,647,6,40.0,0,-1,-1,-1,0,0,1,1,1,0,0,1,2,2,E01011294
2606,2012130137338,2012,130137338,1,1,1,2,36,7,3,0,0,0,0,0,9,1,-1,2012,130137338,429390.0,433810.0,-1.555263,53.799765,13,3,2,2,27/03/2012,3,07:30,204,E08000035,E08000035,3,58,6,30.0,3,4,2,58,0,0,7,1,1,0,0,1,1,2,E01011678
2607,2012130137338,2012,130137338,2,2,1,2,28,6,3,0,0,0,0,0,9,1,-1,2012,130137338,429390.0,433810.0,-1.555263,53.799765,13,3,2,2,27/03/2012,3,07:30,204,E08000035,E08000035,3,58,6,30.0,3,4,2,58,0,0,7,1,1,0,0,1,1,2,E01011678
2608,2012130137541,2012,130137541,1,1,1,1,63,9,3,0,0,0,0,0,19,1,-1,2012,130137541,441650.0,433950.0,-1.369113,53.800189,13,3,2,1,27/03/2012,3,08:05,204,E08000035,E08000035,6,0,6,30.0,0,-1,-1,-1,0,0,1,1,1,0,0,1,1,2,E01011297
2609,2012130137776,2012,130137776,1,1,1,1,38,7,3,0,0,0,0,0,9,1,-1,2012,130137776,437570.0,432610.0,-1.431219,53.788455,13,3,2,3,26/03/2012,2,11:40,204,E08000035,E08000035,6,0,6,60.0,0,-1,-1,-1,0,0,1,1,1,0,0,2,1,2,E01011411
2610,2012130137776,2012,130137776,1,2,2,2,49,8,3,0,0,1,0,0,9,1,-1,2012,130137776,437570.0,432610.0,-1.431219,53.788455,13,3,2,3,26/03/2012,2,11:40,204,E08000035,E08000035,6,0,6,60.0,0,-1,-1,-1,0,0,1,1,1,0,0,2,1,2,E01011411
2611,2012130137776,2012,130137776,2,3,2,1,23,5,3,0,0,2,0,0,9,-1,-1,2012,130137776,437570.0,432610.0,-1.431219,53.788455,13,3,2,3,26/03/2012,2,11:40,204,E08000035,E08000035,6,0,6,60.0,0,-1,-1,-1,0,0,1,1,1,0,0,2,1,2,E01011411
2612,2012130138362,2012,130138362,2,1,1,1,15,3,3,0,0,0,0,0,1,1,-1,2012,130138362,427030.0,426390.0,-1.59174,53.733202,13,3,2,1,27/03/2012,3,08:30,204,E08000035,E08000035,3,6029,6,30.0,0,-1,-1,-1,0,0,1,1,1,0,0,1,1,2,E01011547
2613,2012130138423,2012,130138423,1,1,3,1,13,3,3,5,1,0,0,0,0,1,-1,2012,130138423,428690.0,437040.0,-1.56559,53.828835,13,3,1,1,27/03/2012,3,17:15,204,E08000035,E08000035,4,6157,6,30.0,0,-1,-1,-1,0,0,7,1,1,0,0,1,1,2,E01011691
2614,2012130138459,2012,130138459,1,1,3,2,18,4,3,5,3,0,0,0,0,1,-1,2012,130138459,439160.0,432440.0,-1.407108,53.78681,13,3,1,1,27/03/2012,3,17:15,204,E08000035,E08000035,3,63,3,40.0,0,-1,-1,-1,0,0,7,1,1,0,0,2,1,2,E01011402
2615,2012130139004,2012,130139004,1,1,1,2,60,9,3,0,0,0,0,0,9,1,-1,2012,130139004,443060.0,440530.0,-1.346787,53.859212,13,3,3,1,27/03/2012,3,09:05,204,E08000035,E08000035,2,1,3,70.0,0,-1,-1,-1,0,0,1,1,1,0,0,2,1,1,E01011712
2616,2012130139215,2012,130139215,1,1,1,1,45,7,3,0,0,0,0,0,1,1,-1,2012,130139215,430380.0,433580.0,-1.540255,53.797641,13,3,2,1,28/03/2012,4,09:50,204,E08000035,E08000035,6,0,6,30.0,6,2,6,0,0,5,1,1,1,0,0,1,2,2,E01011365