,accident_index,accident_year_x,accident_reference_x,vehicle_reference,casualty_reference,casualty_class,sex_of_casualty,age_of_casualty,age_band_of_casualty,casualty_severity,pedestrian_location,pedestrian_movement,car_passenger,bus_or_coach_passenger,pedestrian_road_maintenance_worker,casualty_type,casualty_home_area_type,casualty_imd_decile,accident_year_y,accident_reference_y,location_easting_osgr,location_northing_osgr,longitude,latitude,police_force,accident_severity,number_of_vehicles,number_of_casualties,date,day_of_week,time,local_authority_district,local_authority_ons_district,local_authority_highway,first_road_class,first_road_number,road_type,speed_limit,junction_detail,junction_control,second_road_class,second_road_number,pedestrian_crossing_human_control,pedestrian_crossing_physical_facilities,light_conditions,weather_conditions,road_surface_conditions,special_conditions_at_site,carriageway_hazards,urban_or_rural_area,did_police_officer_attend_scene_of_accident,trunk_road_flag,lsoa_of_accident_location
2617,2012130139757,2012,130139757,1,1,3,1,64,9,2,5,4,0,0,0,0,1,-1,2012,130139757,424170.0,444020.0,-1.633715,53.891799,13,2,1,1,28/03/2012,4,11:46,204,E08000035,E08000035,3,658,6,50.0,0,-1,-1,-1,0,0,1,1,1,0,0,2,1,2,E01011575
2618,2012130139843,2012,130139843,2,1,1,2,20,4,3,0,0,0,0,0,9,1,-1,2012,130139843,428300.0,429620.0,-1.572194,53.762166,13,3,2,1,16/03/2012,6,09:50,204,E08000035,E08000035,3,6110,7,30.0,5,4,3,6110,0,0,1,1,1,0,0,1,2,2,E01011321
2619,2012130139844,2012,130139844,1,1,3,2,39,7,3,10,9,0,0,0,0,1,-1,2012,130139844,430450.0,433680.0,-1.539182,53.798536,13,3,1,1,27/03/2012,3,15:05,204,E08000035,E08000035,6,0,6,30.0,3,4,6,0,0,0,1,1,1,0,0,1,1,2,E01011365
2620,2012130140240,2012,130140240,2,1,2,2,43,7,3,0,0,0,3,0,11,1,-1,2012,130140240,430440.0,433930.0,-1.539309,53.800784,13,3,2,1,28/03/2012,4,14:54,204,E08000035,E08000035,6,0,2,30.0,7,2,3,64,0,5,1,1,1,0,0,1,1,2,E01011365
2621,2012130140338,2012,130140338,1,1,2,1,80,11,3,0,0,0,3,0,11,1,-1,2012,130140338,430450.0,433920.0,-1.539159,53.800693,13,3,1,1,28/03/2012,4,18:00,204,E08000035,E08000035,2,64,7,40.0,3,2,6,0,0,5,7,1,1,0,0,1,2,2,E01011365
2622,2012130141246,2012,130141246,2,1,1,1,25,5,3,0,0,0,0,0,1,-1,-1,2012,130141246,433910.0,436530.0,-1.48634,53.823938,13,3,2,1,29/03/2012,5,08:56,204,E08000035,E08000035,3,58,3,40.0,7,4,6,0,0,0,1,1,1,0,0,1,1,2,E01011421
2623,2012130141342,2012,130141342,1,1,1,1,36,7,2,0,0,0,0,0,4,1,-1,2012,130141342,425020.0,439310.0,-1.621164,53.849426,13,2,2,1,28/03/2012,4,14:30,204,E08000035,E08000035,6,0,6,30.0,3,4,6,0,0,0,1,1,1,0,0,1,1,2,E01011384
2624,2012130141350,2012,130141350,2,1,1,2,24,5,3,0,0,0,0,0,9,1,-1,2012,130141350,421410.0,440510.0,-1.675954,53.860372,13,3,3,1,28/03/2012,4,17:40,204,E08000035,E08000035,3,658,6,30.0,0,-1,-1,-1,0,0,7,1,1,0,0,1,1,2,E01011578
2625,2012130141399,2012,130141399,1,1,3,1,50,8,3,10,9,0,0,0,0,-1,-1,2012,130141399,425800.0,428120.0,-1.610241,53.748813,13,3,1,1,28/03/2012,4,15:50,204,E08000035,E08000035,3,643,6,30.0,3,4,6,0,0,0,1,1,1,0,0,1,1,2,E01011530
2626,2012130141927,2012,130141927,1,1,3,1,21,5,3,4,3,0,0,0,0,1,-1,2012,130141927,431880.0,435060.0,-1.51733,53.810854,13,3,1,2,29/03/2012,5,15:18,204,E08000035,E08000035,6,0,6,30.0,3,4,6,0,0,4,1,1,1,0,0,1,1,2,E01011673
2627,2012130141927,2012,130141927,1,2,3,1,33,6,3,4,3,0,0,0,0,1,-1,2012,130141927,431880.0,435060.0,-1.51733,53.810854,13,3,1,2,29/03/2012,5,15:18,204,E08000035,E08000035,6,0,6,30.0,3,4,6,0,0,4,1,1,1,0,0,1,1,2,E01011673
2628,2012130141957,2012,130141957,2,1,1,1,25,5,3,0,0,0,0,0,1,1,-1,2012,130141957,428060.0,435010.0,-1.575346,53.810624,13,3,2,1,27/03/2012,3,17:00,204,E08000035,E08000035,6,0,6,30.0,6,4,6,0,0,0,7,1,1,0,0,1,2,2,E01011447
2629,2012130142573,2012,130142573,1,1,1,1,26,6,3,0,0,0,0,0,9,1,-1,2012,130142573,431840.0,439660.0,-1.517462,53.8522,13,3,2,1,29/03/2012,5,22:14,204,E08000035,E08000035,6,0,6,30.0,3,4,6,0,0,0,7,1,1,0,0,1,1,2,E01011651
2630,2012130142875,2012,130142875,2,1,1,2,29,6,3,0,0,0,0,0,9,3,-1,2012,130142875,435910.0,425850.0,-1.457199,53.727814,13,3,2,1,30/03/2012,6,09:07,204,E08000035,E08000035,1,62,7,70.0,1,4,3,642,0,0,1,1,1,0,0,2,1,1,E01011636
2631,2012130143351,2012,130143351,1,1,2,2,79,11,3,0,0,0,3,0,11,-1,-1,2012,130143351,430260.0,433740.0,-1.542061,53.799086,13,3,1,1,30/03/2012,6,13:25,204,E08000035,E08000035,6,0,6,30.0,6,4,6,0,0,0,1,1,1,0,0,1,2,2,E01011365
2632,2012130143427,2012,130143427,2,1,1,1,39,7,3,0,0,0,0,0,1,1,-1,2012,130143427,428390.0,434380.0,-1.570393,53.804944,13,3,2,1,22/03/2012,5,07:40,204,E08000035,E08000035,6,0,6,30.0,3,4,6,0,0,0,1,1,1,0,0,1,1,2,E01011681
2633,2012130143728,2012,130143728,1,1,1,1,17,4,3,0,0,0,0,0,1,3,-1,2012,130143728,423320.0,432660.0,-1.647507,53.789735,13,3,2,1,30/03/2012,6,14:45,204,E08000035,E08000035,6,0,6,30.0,8,4,6,0,0,0,1,1,1,0,0,1,1,2,E01011601
2634,2012130143856,2012,130143856,1,1,3,1,33,6,3,1,3,0,0,0,0,-1,-1,2012,130143856,433140.0,434010.0,-1.498308,53.801338,13,3,1,3,30/03/2012,6,14:20,204,E08000035,E08000035,3,64,6,30.0,3,4,4,6159,0,5,1,1,1,0,0,1,1,2,E01011617
2635,2012130143856,2012,130143856,1,2,2,2,5,1,3,0,0,0,4,0,11,1,-1,2012,130143856,433140.0,434010.0,-1.498308,53.801338,13,3,1,3,30/03/2012,6,14:20,204,E08000035,E08000035,3,64,6,30.0,3,4,4,6159,0,5,1,1,1,0,0,1,1,2,E01011617
2636,2012130143856,2012,130143856,1,3,2,2,86,11,3,0,0,0,4,0,11,1,-1,2012,130143856,433140.0,434010.0,-1.498308,53.801338,13,3,1,3,30/03/2012,6,14:20,204,E08000035,E08000035,3,64,6,30.0,3,4,4,6159,0,5,1,1,1,0,0,1,1,2,E01011617
2637,2012130143928,2012,130143928,2,1,2,2,46,8,3,0,0,1,0,0,9,1,-1,2012,130143928,428430.0,434020.0,-1.569818,53.801706,13,3,2,1,30/03/2012,6,17:35,204,E08000035,E08000035,6,0,6,30.0,3,4,3,65,0,0,7,1,1,0,0,1,1,2,E01011678
2638,2012130144262,2012,130144262,1,1,1,1,28,6,3,0,0,0,0,0,9,1,-1,2012,130144262,436680.0,434270.0,-1.444531,53.803438,13,3,2,1,30/03/2012,6,22:10,204,E08000035,E08000035,6,0,6,30.0,0,-1,-1,-1,0,0,4,1,1,0,0,1,1,2,E01011408
2639,2012130144505,2012,130144505,1,1,1,1,56,9,3,0,0,0,0,0,11,1,-1,2012,130144505,429910.0,433790.0,-1.54737,53.799556,13,3,2,1,30/03/2012,6,23:40,204,E08000035,E08000035,6,0,3,30.0,6,2,6,0,0,5,4,1,1,0,0,1,2,2,E01011365
2640,2012130144766,2012,130144766,1,1,3,2,79,11,3,5,1,0,0,0,0,-1,-1,2012,130144766,429650.0,435280.0,-1.551174,53.812963,13,3,1,1,31/03/2012,7,08:45,204,E08000035,E08000035,6,0,6,30.0,3,4,6,0,0,0,1,1,1,0,0,1,1,2,E01011670
2641,2012130145253,2012,130145253,2,1,1,1,11,3,3,0,0,0,0,0,1,-1,-1,2012,130145253,432070.0,433350.0,-1.514622,53.795473,13,3,2,1,31/03/2012,7,17:07,204,E08000035,E08000035,6,0,6,30.0,3,4,6,0,0,0,7,1,1,0,0,1,1,2,E01011623
2642,2012130145280,2012,130145280,1,1,1,1,20,4,2,0,0,0,0,0,5,1,-1,2012,130145280,425600.0,432710.0,-1.612895,53.790078,13,2,1,1,31/03/2012,7,16:40,204,E08000035,E08000035,3,6110,6,30.0,0,-1,-1,-1,0,0,1,1,1,0,0,1,1,2,E01011730
2643,2012130145775,2012,130145775,1,1,1,1,16,4,2,0,0,0,0,0,3,-1,-1,2012,130145775,433150.0,433680.0,-1.498192,53.798371,13,2,2,1,30/03/2012,6,11:15,204,E08000035,E08000035,6,0,6,30.0,3,4,6,0,0,0,1,1,1,0,0,1,1,2,E01011617
2644,2012130146004,2012,130146004,2,1,2,2,59,9,3,0,0,1,0,0,9,1,-1,2012,130146004,428410.0,428690.0,-1.570611,53.753801,13,3,2,1,01/04/2012,1,11:18,204,E08000035,E08000035,3,653,3,40.0,1,4,3,653,0,0,1,1,1,0,0,2,1,2,E01011531
2645,2012130146394,2012,130146394,1,1,1,1,49,8,3,0,0,0,0,0,2,1,-1,2012,130146394,431480.0,432450.0,-1.52367,53.78742,13,3,2,1,01/04/2012,1,16:05,204,E08000035,E08000035,3,61,3,30.0,3,4,6,0,0,0,1,1,1,0,0,1,1,2,E01011621
2646,2012130146459,2012,130146459,2,1,1,2,14,3,3,0,0,0,0,0,1,1,-1,2012,130146459,431330.0,434890.0,-1.5257,53.809359,13,3,2,1,01/04/2012,1,17:20,204,E08000035,E08000035,6,0,6,30.0,3,2,6,0,0,0,7,1,1,0,0,1,1,2,E01011673
2647,2012130147260,2012,130147260,1,1,1,1,49,8,3,0,0,0,0,0,11,1,-1,2012,130147260,430420.0,433730.0,-1.539633,53.798987,13,3,1,2,02/04/2012,2,09:53,204,E08000035,E08000035,6,0,6,30.0,6,2,6,0,0,4,1,1,1,0,0,1,2,2,E01011365
2648,2012130147260,2012,130147260,1,2,2,2,70,10,3,0,0,0,4,0,11,1,-1,2012,130147260,430420.0,433730.0,-1.539633,53.798987,13,3,1,2,02/04/2012,2,09:53,204,E08000035,E08000035,6,0,6,30.0,6,2,6,0,0,4,1,1,1,0,0,1,2,2,E01011365
2649,2012130148147,2012,130148147,1,1,3,1,47,8,3,10,9,0,0,0,0,2,-1,2012,130148147,439880.0,437140.0,-1.395573,53.828998,13,3,1,1,02/04/2012,2,17:00,204,E08000035,E08000035,6,0,6,30.0,0,-1,-1,-1,0,0,7,1,1,0,0,2,2,2,E01011296
2650,2012130148244,2012,130148244,1,1,2,2,68,10,3,0,0,0,1,0,11,1,-1,2012,130148244,430020.0,438550.0,-1.545237,53.842332,13,3,1,1,02/04/2012,2,14:49,204,E08000035,E08000035,6,0,6,30.0,0,-1,-1,-1,0,0,1,1,1,0,0,1,2,2,E01011514
2651,2012130148271,2012,130148271,1,1,1,2,56,9,3,0,0,0,0,0,9,3,-1,2012,130148271,435030.0,434690.0,-1.469536,53.807326,13,3,2,1,02/04/2012,2,16:45,204,E08000035,E08000035,3,64,6,30.0,8,4,6,0,0,0,1,1,1,0,0,1,2,2,E01011343
2652,2012130148319,2012,130148319,2,1,1,1,22,5,3,0,0,0,0,0,9,1,-1,2012,130148319,431880.0,435570.0,-1.517277,53.815438,13,3,2,1,02/04/2012,2,18:33,204,E08000035,E08000035,6,0,6,30.0,3,4,6,0,0,0,7,1,1,0,0,1,1,2,E01011428
2653,2012130149235,2012,130149235,1,1,2,2,98,11,3,0,0,0,1,0,11,1,-1,2012,130149235,427810.0,436330.0,-1.579024,53.822501,13,3,1,1,03/04/2012,3,10:27,204,E08000035,E08000035,3,660,6,30.0,0,-1,-1,-1,0,0,1,1,1,0,0,1,2,2,E01011435
2654,2012130149433,2012,130149433,1,1,2,1,6,2,3,0,0,2,0,0,9,1,-1,2012,130149433,429770.0,434380.0,-1.549438,53.804867,13,3,2,1,30/03/2012,6,15:20,204,E08000035,E08000035,2,58,6,40.0,0,-1,-1,-1,0,0,1,1,1,0,0,1,1,2,E01011676
2655,2012130149597,2012,130149597,2,1,3,2,22,5,3,5,2,0,0,0,0,1,-1,2012,130149597,426220.0,431880.0,-1.603554,53.782587,13,3,2,1,03/04/2012,3,14:50,204,E08000035,E08000035,3,6110,3,40.0,6,2,6,0,0,4,1,1,1,0,0,1,1,2,E01011737
2656,2012130149769,2012,130149769,1,1,2,2,39,7,3,0,0,1,0,0,9,1,-1,2012,130149769,430820.0,433820.0,-1.533551,53.799773,13,3,1,1,02/04/2012,2,12:50,204,E08000035,E08000035,2,64,2,40.0,0,-1,-1,-1,0,0,1,1,1,0,0,1,1,2,E01011365
2657,2012130149876,2012,130149876,1,1,1,1,23,5,2,0,0,0,0,0,5,1,-1,2012,130149876,445210.0,429400.0,-1.315732,53.758999,13,2,1,1,02/04/2012,2,23:20,204,E08000035,E08000035,6,0,6,60.0,0,-1,-1,-1,0,0,6,1,1,0,0,2,1,2,E01011299
2658,2012130150330,2012,130150330,1,1,1,1,76,11,3,0,0,0,0,0,9,1,-1,2012,130150330,432130.0,439380.0,-1.513083,53.849666,13,3,2,3,03/04/2012,3,12:05,204,E08000035,E08000035,3,6120,6,40.0,3,4,6,0,0,0,1,1,1,0,0,1,1,2,E01011651
2659,2012130150330,2012,130150330,2,2,1,1,25,5,3,0,0,0,0,0,9,3,-1,2012,130150330,432130.0,439380.0,-1.513083,53.849666,13,3,2,3,03/04/2012,3,12:05,204,E08000035,E08000035,3,6120,6,40.0,3,4,6,0,0,0,1,1,1,0,0,1,1,2,E01011651
2660,2012130150330,2012,130150330,2,3,2,1,22,5,3,0,0,1,0,0,9,1,-1,2012,130150330,432130.0,439380.0,-1.513083,53.849666,13,3,2,3,03/04/2012,3,12:05,204,E08000035,E08000035,3,6120,6,40.0,3,4,6,0,0,0,1,1,1,0,0,1,1,2,E01011651
2661,2012130150501,2012,130150501,1,1,1,1,16,4,3,0,0,0,0,0,1,1,-1,2012,130150501,440390.0,449270.0,-1.38623,53.937977,13,3,2,1,30/03/2012,6,08:30,204,E08000035,E08000035,4,6164,6,30.0,3,4,6,0,0,0,1,1,1,0,0,1,2,2,E01011698
2662,2012130150863,2012,130150863,1,1,1,2,41,7,3,0,0,0,0,0,9,1,-1,2012,130150863,428470.0,436850.0,-1.56895,53.827139,13,3,2,1,03/04/2012,3,16:30,204,E08000035,E08000035,4,6157,3,30.0,3,4,6,0,0,1,1,1,1,0,0,1,2,2,E01011693
2663,2012130151106,2012,130151106,1,1,1,1,43,7,3,0,0,0,0,0,1,1,-1,2012,130151106,430960.0,435780.0,-1.531229,53.81738,13,3,2,1,04/04/2012,4,09:08,204,E08000035,E08000035,6,0,6,30.0,3,4,6,0,0,0,1,1,1,0,0,1,1,2,E01011359
2664,2012130151112,2012,130151112,2,1,1,1,10,2,3,0,0,0,0,0,1,-1,-1,2012,130151112,434640.0,435500.0,-1.475367,53.814632,13,3,2,1,04/04/2012,4,15:40,204,E08000035,E08000035,6,0,6,30.0,3,4,6,0,0,0,1,1,1,0,0,1,1,2,E01011662
2665,2012130151352,2012,130151352,1,1,2,2,32,6,3,0,0,1,0,0,9,1,-1,2012,130151352,432110.0,432880.0,-1.514064,53.791246,13,3,1,1,03/04/2012,3,22:00,204,E08000035,E08000035,6,0,6,30.0,3,4,6,0,0,0,4,5,2,0,0,1,1,2,E01011625
2666,2012130151820,2012,130151820,2,1,2,1,62,9,3,0,0,1,0,0,9,1,-1,2012,130151820,432240.0,438830.0,-1.511469,53.844716,13,3,2,1,05/04/2012,5,08:05,204,E08000035,E08000035,6,0,6,30.0,0,-1,-1,-1,0,5,1,1,1,0,0,1,1,2,E01011653
2667,2012130151877,2012,130151877,1,1,1,2,33,6,3,0,0,0,0,0,9,1,-1,2012,130151877,430090.0,437870.0,-1.544239,53.836216,13,3,3,1,04/04/2012,4,15:50,204,E08000035,E08000035,3,61,3,40.0,3,4,6,0,0,0,1,1,1,0,0,1,2,2,E01011506
2668,2012130151988,2012,130151988,1,1,1,2,39,7,3,0,0,0,0,0,9,1,-1,2012,130151988,440950.0,448090.0,-1.377858,53.927328,13,3,2,1,04/04/2012,4,19:05,204,E08000035,E08000035,6,0,6,30.0,0,-1,-1,-1,0,0,7,1,1,0,0,1,2,2,E01011705
2669,2012130152067,2012,130152067,1,1,2,2,65,9,3,0,0,0,4,0,11,1,-1,2012,130152067,430660.0,433650.0,-1.535997,53.798254,13,3,2,1,05/04/2012,5,08:43,204,E08000035,E08000035,3,61,6,30.0,1,4,6,0,0,0,1,1,1,0,0,1,1,2,E01011365
2670,2012130152705,2012,130152705,2,1,1,2,35,6,3,0,0,0,0,0,9,1,-1,2012,130152705,429950.0,428080.0,-1.547315,53.748233,13,3,3,2,05/04/2012,5,15:03,204,E08000035,E08000035,6,0,6,30.0,3,2,6,0,0,5,1,1,1,0,0,1,1,2,E01011494
2671,2012130152705,2012,130152705,2,2,2,2,37,7,3,0,0,1,0,0,9,1,-1,2012,130152705,429950.0,428080.0,-1.547315,53.748233,13,3,3,2,05/04/2012,5,15:03,204,E08000035,E08000035,6,0,6,30.0,3,2,6,0,0,5,1,1,1,0,0,1,1,2,E01011494
2672,2012130152946,2012,130152946,1,1,2,2,33,6,3,0,0,1,0,0,9,1,-1,2012,130152946,429420.0,433920.0,-1.554797,53.800752,13,3,3,1,05/04/2012,5,16:32,204,E08000035,E08000035,2,58,3,40.0,3,4,2,58,0,0,1,1,1,0,0,1,1,2,E01011365
2673,2012130153059,2012,130153059,1,1,3,1,63,9,3,10,9,0,0,0,0,1,-1,2012,130153059,431840.0,432680.0,-1.518183,53.789465,13,3,1,1,05/04/2012,5,19:30,204,E08000035,E08000035,6,0,6,30.0,3,4,6,0,0,0,7,1,1,0,0,1,1,2,E01011626
2674,2012130153117,2012,130153117,2,1,1,1,19,4,3,0,0,0,0,0,9,3,-1,2012,130153117,422460.0,427890.0,-1.660906,53.7469,13,3,2,1,05/04/2012,5,14:35,204,E08000035,E08000035,3,650,6,60.0,3,4,4,6125,0,0,1,1,1,0,0,1,1,2,E01011049
2675,2012130153386,2012,130153386,2,1,2,1,21,5,3,0,0,1,0,0,9,1,-1,2012,130153386,433130.0,435620.0,-1.498287,53.815809,13,3,2,1,05/04/2012,5,21:50,204,E08000035,E08000035,6,0,6,30.0,3,4,6,0,0,0,4,1,1,0,0,1,1,2,E01011431
2676,2012130153805,2012,130153805,1,1,3,2,57,9,2,5,1,0,0,0,0,1,-1,2012,130153805,420320.0,434280.0,-1.692937,53.804421,13,2,1,1,05/04/2012,5,11:44,204,E08000035,E08000035,6,0,1,30.0,1,4,3,647,0,0,1,1,1,0,0,1,1,2,E01011597
2677,2012130153965,2012,130153965,1,1,1,1,20,4,3,0,0,0,0,0,9,1,-1,2012,130153965,429140.0,431730.0,-1.559254,53.781084,13,3,2,2,06/04/2012,6,14:35,204,E08000035,E08000035,6,0,6,30.0,3,4,6,0,0,0,1,1,1,0,0,1,1,2,E01011366
2678,2012130153965,2012,130153965,2,2,1,1,45,7,3,0,0,0,0,0,5,1,-1,2012,130153965,429140.0,431730.0,-1.559254,53.781084,13,3,2,2,06/04/2012,6,14:35,204,E08000035,E08000035,6,0,6,30.0,3,4,6,0,0,0,1,1,1,0,0,1,1,2,E01011366
2679,2012130153984,2012,130153984,1,1,1,2,44,7,3,0,0,0,0,0,9,3,-1,2012,130153984,434320.0,442320.0,-1.479467,53.87595,13,3,2,1,06/04/2012,6,16:00,204,E08000035,E08000035,6,0,6,40.0,0,-1,-1,-1,0,0,1,1,1,0,0,2,2,2,E01011561
2680,2012130154250,2012,130154250,2,1,1,1,46,8,3,0,0,0,0,0,8,1,-1,2012,130154250,427930.0,426300.0,-1.578106,53.732346,13,3,2,2,07/04/2012,7,00:10,204,E08000035,E08000035,3,653,1,40.0,1,2,3,650,0,4,4,1,2,0,0,2,1,2,E01011550
2681,2012130154250,2012,130154250,2,2,2,1,18,4,3,0,0,1,0,0,8,1,-1,2012,130154250,427930.0,426300.0,-1.578106,53.732346,13,3,2,2,07/04/2012,7,00:10,204,E08000035,E08000035,3,653,1,40.0,1,2,3,650,0,4,4,1,2,0,0,2,1,2,E01011550
2682,2012130154346,2012,130154346,1,1,1,2,23,5,3,0,0,0,0,0,9,3,-1,2012,130154346,431660.0,441480.0,-1.520011,53.868569,13,3,1,1,07/04/2012,7,00:45,204,E08000035,E08000035,3,61,6,30.0,0,-1,-1,-1,0,0,6,1,2,0,0,2,1,2,E01011561
2683,2012130154374,2012,130154374,2,1,1,1,51,8,3,0,0,0,0,0,9,2,-1,2012,130154374,436760.0,436550.0,-1.443044,53.823924,13,3,2,1,06/04/2012,6,13:12,204,E08000035,E08000035,6,0,6,30.0,3,4,6,0,0,0,1,1,1,0,0,1,1,2,E01011723
2684,2012130155437,2012,130155437,2,1,1,1,31,6,3,0,0,0,0,0,9,1,-1,2012,130155437,429760.0,430600.0,-1.549954,53.770893,13,3,3,5,07/04/2012,7,23:50,204,E08000035,E08000035,3,653,3,40.0,0,-1,-1,-1,0,4,4,2,2,0,0,1,1,2,E01011316
2685,2012130155437,2012,130155437,2,3,2,2,19,4,3,0,0,2,0,0,9,1,-1,2012,130155437,429760.0,430600.0,-1.549954,53.770893,13,3,3,5,07/04/2012,7,23:50,204,E08000035,E08000035,3,653,3,40.0,0,-1,-1,-1,0,4,4,2,2,0,0,1,1,2,E01011316
2686,2012130155437,2012,130155437,2,4,2,1,32,6,3,0,0,2,0,0,9,1,-1,2012,130155437,429760.0,430600.0,-1.549954,53.770893,13,3,3,5,07/04/2012,7,23:50,204,E08000035,E08000035,3,653,3,40.0,0,-1,-1,-1,0,4,4,2,2,0,0,1,1,2,E01011316
2687,2012130155437,2012,130155437,2,5,2,1,25,5,3,0,0,1,0,0,9,1,-1,2012,130155437,429760.0,430600.0,-1.549954,53.770893,13,3,3,5,07/04/2012,7,23:50,204,E08000035,E08000035,3,653,3,40.0,0,-1,-1,-1,0,4,4,2,2,0,0,1,1,2,E01011316
2688,2012130155437,2012,130155437,3,2,1,1,50,8,3,0,0,0,0,0,8,1,-1,2012,130155437,429760.0,430600.0,-1.549954,53.770893,13,3,3,5,07/04/2012,7,23:50,204,E08000035,E08000035,3,653,3,40.0,0,-1,-1,-1,0,4,4,2,2,0,0,1,1,2,E01011316
2689,2012130156609,2012,130156609,1,1,2,2,24,5,3,0,0,2,0,0,8,1,-1,2012,130156609,430490.0,433080.0,-1.538634,53.793141,13,3,1,1,09/04/2012,2,03:30,204,E08000035,E08000035,6,0,6,30.0,3,4,6,0,0,0,4,1,2,0,0,1,1,2,E01011365
2690,2012130156746,2012,130156746,1,1,2,2,67,10,3,0,0,0,2,0,11,1,-1,2012,130156746,432160.0,445130.0,-1.512026,53.901343,13,3,1,1,08/04/2012,1,12:10,204,E08000035,E08000035,3,61,6,30.0,0,-1,-1,-1,0,0,1,1,1,0,0,2,2,2,E01011561
2691,2012130156822,2012,130156822,1,1,1,1,26,6,3,0,0,0,0,0,9,1,-1,2012,130156822,423300.0,434730.0,-1.647654,53.808341,13,3,2,2,09/04/2012,2,07:05,204,E08000035,E08000035,6,0,6,30.0,6,4,6,0,0,0,7,2,2,0,0,1,1,2,E01011335
2692,2012130156822,2012,130156822,2,2,1,1,41,7,3,0,0,0,0,0,9,1,-1,2012,130156822,423300.0,434730.0,-1.647654,53.808341,13,3,2,2,09/04/2012,2,07:05,204,E08000035,E08000035,6,0,6,30.0,6,4,6,0,0,0,7,2,2,0,0,1,1,2,E01011335
2693,2012130157099,2012,130157099,1,1,1,2,48,8,3,0,0,0,0,0,9,1,-1,2012,130157099,435370.0,428510.0,-1.46508,53.751759,13,3,2,2,07/04/2012,7,19:05,204,E08000035,E08000035,3,654,6,50.0,0,-1,-1,-1,0,0,7,1,1,0,0,2,1,2,E01011636
2694,2012130157099,2012,130157099,2,2,1,1,25,5,3,0,0,0,0,0,9,1,-1,2012,130157099,435370.0,428510.0,-1.46508,53.751759,13,3,2,2,07/04/2012,7,19:05,204,E08000035,E08000035,3,654,6,50.0,0,-1,-1,-1,0,0,7,1,1,0,0,2,1,2,E01011636
2695,2012130157142,2012,130157142,2,1,1,1,41,7,3,0,0,0,0,0,3,1,-1,2012,130157142,429910.0,434250.0,-1.547325,53.80369,13,3,2,1,09/04/2012,2,14:10,204,E08000035,E08000035,3,660,6,30.0,7,2,6,0,0,5,1,1,1,0,0,1,1,2,E01011365
2696,2012130157274,2012,130157274,1,1,1,2,46,8,3,0,0,0,0,0,9,1,-1,2012,130157274,422230.0,433550.0,-1.663988,53.797782,13,3,2,1,09/04/2012,2,18:25,204,E08000035,E08000035,4,6155,6,30.0,3,4,6,0,0,0,7,1,1,0,0,1,1,2,E01011612
2697,2012130157336,2012,130157336,1,1,1,1,31,6,3,0,0,0,0,0,9,1,-1,2012,130157336,424220.0,432720.0,-1.633841,53.790234,13,3,2,3,09/04/2012,2,17:45,204,E08000035,E08000035,6,0,6,30.0,0,-1,-1,-1,0,0,7,1,1,0,0,1,1,2,E01011728
2698,2012130157336,2012,130157336,1,3,2,2,22,5,3,0,0,1,0,0,9,1,-1,2012,130157336,424220.0,432720.0,-1.633841,53.790234,13,3,2,3,09/04/2012,2,17:45,204,E08000035,E08000035,6,0,6,30.0,0,-1,-1,-1,0,0,7,1,1,0,0,1,1,2,E01011728
2699,2012130157336,2012,130157336,2,2,1,1,30,6,3,0,0,0,0,0,9,3,-1,2012,130157336,424220.0,432720.0,-1.633841,53.790234,13,3,2,3,09/04/2012,2,17:45,204,E08000035,E08000035,6,0,6,30.0,0,-1,-1,-1,0,0,7,1,1,0,0,1,1,2,E01011728
2700,2012130158367,2012,130158367,1,1,1,1,37,7,3,0,0,0,0,0,9,1,-1,2012,130158367,429740.0,426970.0,-1.550606,53.738268,13,3,1,1,09/04/2012,2,12:26,204,E08000035,E08000035,3,654,6,30.0,0,-1,-1,-1,0,0,1,1,1,0,0,2,1,2,E01011495
2701,2012130158748,2012,130158748,1,1,3,1,39,7,3,8,3,0,0,0,0,1,-1,2012,130158748,430890.0,435520.0,-1.532318,53.815048,13,3,1,1,10/04/2012,3,16:00,204,E08000035,E08000035,6,0,6,30.0,3,4,6,0,0,0,1,1,1,0,0,1,1,2,E01011361
2702,2012130159446,2012,130159446,1,1,1,1,47,8,3,0,0,0,0,0,1,1,-1,2012,130159446,428620.0,436960.0,-1.566661,53.82812,13,3,2,1,10/04/2012,3,15:30,204,E08000035,E08000035,4,6157,6,30.0,3,4,4,6157,0,0,1,1,1,0,0,1,2,2,E01011693
2703,2012130159937,2012,130159937,2,1,2,2,61,9,2,0,0,1,0,0,9,1,-1,2012,130159937,425770.0,431450.0,-1.610419,53.778745,13,2,2,1,11/04/2012,4,09:30,204,E08000035,E08000035,3,58,6,30.0,3,4,6,0,0,0,1,1,1,0,0,1,1,2,E01011734