,accident_index,accident_year_x,accident_reference_x,vehicle_reference,casualty_reference,casualty_class,sex_of_casualty,age_of_casualty,age_band_of_casualty,casualty_severity,pedestrian_location,pedestrian_movement,car_passenger,bus_or_coach_passenger,pedestrian_road_maintenance_worker,casualty_type,casualty_home_area_type,casualty_imd_decile,accident_year_y,accident_reference_y,location_easting_osgr,location_northing_osgr,longitude,latitude,police_force,accident_severity,number_of_vehicles,number_of_casualties,date,day_of_week,time,local_authority_district,local_authority_ons_district,local_authority_highway,first_road_class,first_road_number,road_type,speed_limit,junction_detail,junction_control,second_road_class,second_road_number,pedestrian_crossing_human_control,pedestrian_crossing_physical_facilities,light_conditions,weather_conditions,road_surface_conditions,special_conditions_at_site,carriageway_hazards,urban_or_rural_area,did_police_officer_attend_scene_of_accident,trunk_road_flag,lsoa_of_accident_location
2791,2012130179048,2012,130179048,1,1,3,1,45,7,3,5,1,0,0,0,0,1,-1,2012,130179048,430090.0,431270.0,-1.544882,53.776896,13,3,1,1,23/04/2012,2,17:50,204,E08000035,E08000035,3,653,6,30.0,8,4,6,0,0,0,7,2,2,0,0,1,2,2,E01011371
2792,2012130179211,2012,130179211,2,1,1,2,25,5,3,0,0,0,0,0,9,1,-1,2012,130179211,429180.0,433640.0,-1.558467,53.798249,13,3,2,1,23/04/2012,2,20:55,204,E08000035,E08000035,2,58,3,40.0,0,-1,-1,-1,0,0,4,1,2,0,0,1,1,2,E01011678
2793,2012130179506,2012,130179506,1,1,2,2,87,11,3,0,0,0,3,0,11,1,-1,2012,130179506,426580.0,433500.0,-1.597952,53.79713,13,3,2,1,23/04/2012,2,12:45,204,E08000035,E08000035,6,0,6,30.0,0,-1,-1,-1,0,0,1,1,2,0,0,1,2,2,E01011291
2794,2012130179911,2012,130179911,1,1,1,1,30,6,2,0,0,0,0,0,1,1,-1,2012,130179911,436330.0,434200.0,-1.449853,53.802833,13,2,2,1,24/04/2012,3,10:10,204,E08000035,E08000035,6,0,6,30.0,3,4,3,6120,0,8,1,1,1,0,0,1,1,2,E01011408
2795,2012130181318,2012,130181318,1,1,1,2,18,4,3,0,0,0,0,0,9,1,-1,2012,130181318,431090.0,434590.0,-1.529374,53.806677,13,2,2,2,25/04/2012,4,09:30,204,E08000035,E08000035,6,0,6,30.0,0,-1,-1,-1,0,0,1,1,1,0,0,1,1,2,E01011675
2796,2012130181318,2012,130181318,2,2,1,1,38,7,2,0,0,0,0,0,5,1,-1,2012,130181318,431090.0,434590.0,-1.529374,53.806677,13,2,2,2,25/04/2012,4,09:30,204,E08000035,E08000035,6,0,6,30.0,0,-1,-1,-1,0,0,1,1,1,0,0,1,1,2,E01011675
2797,2012130181540,2012,130181540,1,1,2,1,72,10,3,0,0,0,4,0,11,1,-1,2012,130181540,427580.0,434520.0,-1.582679,53.806245,13,3,2,1,24/04/2012,3,14:00,204,E08000035,E08000035,3,65,6,30.0,0,-1,-1,-1,0,0,1,1,1,0,0,1,1,2,E01011482
2798,2012130181637,2012,130181637,1,1,3,1,11,3,3,1,1,0,0,0,0,1,-1,2012,130181637,419810.0,441210.0,-1.700236,53.866727,13,3,1,1,24/04/2012,3,15:35,204,E08000035,E08000035,3,65,6,30.0,3,4,6,0,2,0,1,1,1,0,0,1,1,2,E01011275
2799,2012130181640,2012,130181640,2,1,1,2,43,7,3,0,0,0,0,0,9,2,-1,2012,130181640,428530.0,429630.0,-1.568705,53.762243,13,3,3,1,25/04/2012,4,12:00,204,E08000035,E08000035,3,6110,6,40.0,3,4,6,0,0,0,1,1,2,0,0,1,1,2,E01011321
2800,2012130181726,2012,130181726,1,1,3,2,29,6,3,9,9,0,0,0,0,-1,-1,2012,130181726,430000.0,431010.0,-1.546273,53.774564,13,3,1,1,25/04/2012,4,13:33,204,E08000035,E08000035,6,0,6,20.0,0,-1,-1,-1,0,0,1,2,2,0,0,1,1,2,E01011312
2801,2012130181944,2012,130181944,2,1,1,1,30,6,3,0,0,0,0,0,9,1,-1,2012,130181944,432490.0,434060.0,-1.508171,53.801828,13,3,2,3,25/04/2012,4,15:24,204,E08000035,E08000035,6,0,6,30.0,3,4,6,0,0,4,1,2,2,0,0,1,1,2,E01011348
2802,2012130181944,2012,130181944,2,2,2,2,37,7,3,0,0,1,0,0,9,1,-1,2012,130181944,432490.0,434060.0,-1.508171,53.801828,13,3,2,3,25/04/2012,4,15:24,204,E08000035,E08000035,6,0,6,30.0,3,4,6,0,0,4,1,2,2,0,0,1,1,2,E01011348
2803,2012130181944,2012,130181944,2,3,2,1,12,3,3,0,0,2,0,0,9,1,-1,2012,130181944,432490.0,434060.0,-1.508171,53.801828,13,3,2,3,25/04/2012,4,15:24,204,E08000035,E08000035,6,0,6,30.0,3,4,6,0,0,4,1,2,2,0,0,1,1,2,E01011348
2804,2012130181966,2012,130181966,1,1,1,2,53,8,3,0,0,0,0,0,9,1,-1,2012,130181966,431590.0,434400.0,-1.521801,53.804939,13,3,2,1,25/04/2012,4,14:50,204,E08000035,E08000035,6,0,6,30.0,3,2,6,0,0,0,1,2,2,0,0,1,2,2,E01011675
2805,2012130182096,2012,130182096,2,1,3,1,44,7,3,9,5,0,0,0,0,1,-1,2012,130182096,424160.0,434700.0,-1.634597,53.808033,13,3,2,1,25/04/2012,4,06:25,204,E08000035,E08000035,6,0,6,30.0,3,4,6,0,0,0,7,1,1,0,0,1,1,2,E01011334
2806,2012130182422,2012,130182422,2,1,1,1,47,8,3,0,0,0,0,0,9,1,-1,2012,130182422,428500.0,432640.0,-1.568883,53.789299,13,3,3,1,25/04/2012,4,21:10,204,E08000035,E08000035,3,62,6,30.0,3,4,6,0,0,0,4,2,2,0,0,1,1,2,E01011363
2807,2012130182751,2012,130182751,2,1,1,1,73,10,3,0,0,0,0,0,1,1,-1,2012,130182751,420530.0,445570.0,-1.688997,53.905887,13,3,2,1,24/04/2012,3,09:30,204,E08000035,E08000035,3,659,6,30.0,0,-1,-1,-1,0,0,1,1,1,0,0,1,2,2,E01011574
2808,2012130182943,2012,130182943,1,1,1,1,22,5,3,0,0,0,0,0,9,-1,-1,2012,130182943,423300.0,434730.0,-1.647654,53.808341,13,3,2,3,26/04/2012,5,09:00,204,E08000035,E08000035,6,0,6,30.0,6,4,6,0,0,0,1,1,2,3,0,1,1,2,E01011335
2809,2012130182943,2012,130182943,1,3,2,1,19,4,3,0,0,1,0,0,9,-1,-1,2012,130182943,423300.0,434730.0,-1.647654,53.808341,13,3,2,3,26/04/2012,5,09:00,204,E08000035,E08000035,6,0,6,30.0,6,4,6,0,0,0,1,1,2,3,0,1,1,2,E01011335
2810,2012130182943,2012,130182943,2,2,1,1,26,6,3,0,0,0,0,0,9,1,-1,2012,130182943,423300.0,434730.0,-1.647654,53.808341,13,3,2,3,26/04/2012,5,09:00,204,E08000035,E08000035,6,0,6,30.0,6,4,6,0,0,0,1,1,2,3,0,1,1,2,E01011335
2811,2012130183021,2012,130183021,1,1,2,1,35,6,2,0,0,0,1,0,11,1,-1,2012,130183021,423720.0,437360.0,-1.641074,53.831961,13,2,1,1,24/04/2012,3,12:40,204,E08000035,E08000035,3,65,6,30.0,3,4,6,0,0,0,1,1,2,0,0,1,2,2,E01011454
2812,2012130183065,2012,130183065,2,1,1,2,54,8,3,0,0,0,0,0,9,1,-1,2012,130183065,421720.0,432930.0,-1.671774,53.792231,13,3,2,1,26/04/2012,5,11:35,204,E08000035,E08000035,4,6154,6,30.0,3,4,6,0,0,0,1,2,2,0,0,1,1,2,E01011602
2813,2012130183333,2012,130183333,1,1,2,2,36,7,3,0,0,2,0,0,9,1,-1,2012,130183333,421910.0,432960.0,-1.668887,53.792493,13,3,2,2,25/04/2012,4,15:25,204,E08000035,E08000035,4,6154,6,30.0,3,4,6,0,0,0,1,2,2,0,0,1,2,2,E01011602
2814,2012130183333,2012,130183333,1,2,2,2,68,10,3,0,0,2,0,0,9,1,-1,2012,130183333,421910.0,432960.0,-1.668887,53.792493,13,3,2,2,25/04/2012,4,15:25,204,E08000035,E08000035,4,6154,6,30.0,3,4,6,0,0,0,1,2,2,0,0,1,2,2,E01011602
2815,2012130183605,2012,130183605,1,1,2,2,16,4,3,0,0,0,4,0,11,-1,-1,2012,130183605,427850.0,436270.0,-1.578422,53.82196,13,3,2,1,23/04/2012,2,08:15,204,E08000035,E08000035,3,660,6,30.0,0,-1,-1,-1,0,0,1,2,2,0,0,1,2,2,E01011440
2816,2012130183864,2012,130183864,1,1,3,2,90,11,3,5,9,0,0,0,0,1,-1,2012,130183864,430330.0,433380.0,-1.541033,53.795847,13,3,1,1,26/04/2012,5,14:00,204,E08000035,E08000035,6,0,6,30.0,3,2,6,0,0,5,1,1,1,0,0,1,1,2,E01011365
2817,2012130183968,2012,130183968,1,1,1,1,43,7,3,0,0,0,0,0,9,-1,-1,2012,130183968,431000.0,430590.0,-1.531142,53.770731,13,3,2,1,26/04/2012,5,21:29,204,E08000035,E08000035,6,0,6,30.0,3,4,1,621,0,0,4,2,2,0,0,1,1,2,E01011471
2818,2012130184064,2012,130184064,1,1,2,1,50,8,3,0,0,1,0,0,9,-1,-1,2012,130184064,432710.0,436890.0,-1.504531,53.82725,13,3,1,2,27/04/2012,6,00:55,204,E08000035,E08000035,6,0,6,30.0,3,4,6,0,0,0,7,1,2,0,0,1,1,2,E01011643
2819,2012130184064,2012,130184064,1,2,1,1,46,8,3,0,0,0,0,0,9,-1,-1,2012,130184064,432710.0,436890.0,-1.504531,53.82725,13,3,1,2,27/04/2012,6,00:55,204,E08000035,E08000035,6,0,6,30.0,3,4,6,0,0,0,7,1,2,0,0,1,1,2,E01011643
2820,2012130184100,2012,130184100,1,1,3,1,21,5,2,10,9,0,0,0,0,1,-1,2012,130184100,418950.0,442010.0,-1.713265,53.87395,13,2,1,1,26/04/2012,5,20:35,204,E08000035,E08000035,3,65,6,30.0,6,2,6,0,0,0,4,2,2,0,0,1,1,2,E01011265
2821,2012130184470,2012,130184470,2,1,1,1,40,7,3,0,0,0,0,0,9,1,-1,2012,130184470,427000.0,440500.0,-1.590963,53.860023,13,3,2,1,27/04/2012,6,09:00,204,E08000035,E08000035,3,660,6,30.0,3,4,6,0,0,0,1,1,1,0,0,1,1,2,E01011381
2822,2012130184982,2012,130184982,2,1,1,1,34,6,3,0,0,0,0,0,9,1,-1,2012,130184982,428510.0,431680.0,-1.568819,53.78067,13,3,2,1,27/04/2012,6,14:07,204,E08000035,E08000035,3,643,3,40.0,1,2,3,643,0,0,1,1,1,0,0,1,1,2,E01011366
2823,2012130186424,2012,130186424,2,1,1,1,51,8,3,0,0,0,0,0,5,1,-1,2012,130186424,439460.0,446160.0,-1.400797,53.910097,13,3,2,2,28/04/2012,7,14:12,204,E08000035,E08000035,3,659,6,30.0,3,4,3,58,0,0,1,2,2,0,0,1,1,2,E01011696
2824,2012130186424,2012,130186424,2,2,2,2,48,8,3,0,0,0,0,0,5,1,-1,2012,130186424,439460.0,446160.0,-1.400797,53.910097,13,3,2,2,28/04/2012,7,14:12,204,E08000035,E08000035,3,659,6,30.0,3,4,3,58,0,0,1,2,2,0,0,1,1,2,E01011696
2825,2012130187293,2012,130187293,1,1,3,2,21,5,3,6,5,0,0,0,0,1,-1,2012,130187293,430450.0,437060.0,-1.538849,53.828915,13,3,1,1,22/04/2012,1,01:35,204,E08000035,E08000035,6,0,6,30.0,0,-1,-1,-1,0,4,4,1,1,0,0,1,1,2,E01011352
2826,2012130187611,2012,130187611,2,1,1,2,52,8,3,0,0,0,0,0,9,1,-1,2012,130187611,434840.0,428540.0,-1.473114,53.752064,13,3,2,1,28/04/2012,7,13:37,204,E08000035,E08000035,6,0,6,30.0,3,4,6,0,0,0,1,1,1,0,0,1,1,2,E01011628
2827,2012130188271,2012,130188271,2,1,2,2,20,4,2,0,0,1,0,0,9,1,-1,2012,130188271,426310.0,435580.0,-1.601874,53.815838,13,2,3,1,29/04/2012,1,22:15,204,E08000035,E08000035,4,6157,6,30.0,0,-1,-1,-1,0,0,4,2,2,0,0,1,1,2,E01011477
2828,2012130189708,2012,130189708,2,1,1,1,48,8,3,0,0,0,0,0,1,1,-1,2012,130189708,427570.0,425380.0,-1.583645,53.724096,13,3,2,1,30/04/2012,2,15:00,204,E08000035,E08000035,6,0,6,30.0,8,4,6,0,0,0,1,1,1,0,0,1,2,2,E01011548
2829,2012130190103,2012,130190103,1,1,3,2,23,5,3,5,3,0,0,0,0,1,-1,2012,130190103,432710.0,426730.0,-1.505606,53.735934,13,3,1,1,30/04/2012,2,23:10,204,E08000035,E08000035,3,61,6,30.0,0,-1,-1,-1,0,0,4,1,1,0,0,1,1,2,E01011498
2830,2012130190443,2012,130190443,1,1,2,2,13,3,3,0,0,0,3,0,11,1,-1,2012,130190443,422200.0,433890.0,-1.664419,53.800839,13,3,1,1,01/05/2012,3,15:25,204,E08000035,E08000035,4,6155,6,30.0,7,2,4,6155,0,0,1,1,1,0,0,1,2,2,E01011587
2831,2012130493532,2012,130493532,1,1,3,2,23,5,3,5,1,0,0,0,0,1,-1,2012,130493532,431900.0,435740.0,-1.516956,53.816964,13,3,1,1,01/11/2012,5,22:46,204,E08000035,E08000035,3,58,6,30.0,3,4,6,0,0,0,7,1,1,0,0,1,1,2,E01011422
2832,2012130494617,2012,130494617,1,1,1,1,37,7,3,0,0,0,0,0,9,1,-1,2012,130494617,429180.0,431920.0,-1.558629,53.78279,13,3,2,2,13/11/2012,3,13:40,204,E08000035,E08000035,6,0,6,30.0,3,4,6,0,0,0,1,1,1,0,0,1,1,2,E01011368
2833,2012130494617,2012,130494617,2,2,1,2,20,4,3,0,0,0,0,0,9,1,-1,2012,130494617,429180.0,431920.0,-1.558629,53.78279,13,3,2,2,13/11/2012,3,13:40,204,E08000035,E08000035,6,0,6,30.0,3,4,6,0,0,0,1,1,1,0,0,1,1,2,E01011368
2834,2012130494850,2012,130494850,2,1,1,1,52,8,3,0,0,0,0,0,9,1,-1,2012,130494850,430140.0,438260.0,-1.543441,53.839718,13,3,3,2,10/11/2012,7,13:30,204,E08000035,E08000035,6,0,3,30.0,1,4,3,6120,0,0,1,1,1,0,0,1,2,2,E01011514
2835,2012130494850,2012,130494850,2,2,2,2,53,8,3,0,0,1,0,0,9,1,-1,2012,130494850,430140.0,438260.0,-1.543441,53.839718,13,3,3,2,10/11/2012,7,13:30,204,E08000035,E08000035,6,0,3,30.0,1,4,3,6120,0,0,1,1,1,0,0,1,2,2,E01011514
2836,2012130495054,2012,130495054,1,1,1,2,18,4,3,0,0,0,0,0,9,1,-1,2012,130495054,426950.0,435900.0,-1.592125,53.818682,13,3,2,3,13/11/2012,3,17:55,204,E08000035,E08000035,6,0,6,30.0,0,-1,-1,-1,0,0,4,1,1,0,0,1,1,2,E01011477
2837,2012130495054,2012,130495054,2,2,1,2,22,5,3,0,0,0,0,0,9,1,-1,2012,130495054,426950.0,435900.0,-1.592125,53.818682,13,3,2,3,13/11/2012,3,17:55,204,E08000035,E08000035,6,0,6,30.0,0,-1,-1,-1,0,0,4,1,1,0,0,1,1,2,E01011477
2838,2012130495054,2012,130495054,2,3,2,1,57,9,3,0,0,1,0,0,9,1,-1,2012,130495054,426950.0,435900.0,-1.592125,53.818682,13,3,2,3,13/11/2012,3,17:55,204,E08000035,E08000035,6,0,6,30.0,0,-1,-1,-1,0,0,4,1,1,0,0,1,1,2,E01011477
2839,2012130495157,2012,130495157,1,1,2,1,71,10,3,0,0,0,1,0,11,1,-1,2012,130495157,430350.0,433720.0,-1.540696,53.798901,13,3,1,1,13/11/2012,3,16:16,204,E08000035,E08000035,6,0,6,30.0,0,-1,-1,-1,0,0,7,1,1,0,0,1,1,2,E01011365
2840,2012130495588,2012,130495588,2,1,1,1,25,5,3,0,0,0,0,0,1,1,-1,2012,130495588,433970.0,434140.0,-1.485692,53.802453,13,3,2,1,14/11/2012,4,07:30,204,E08000035,E08000035,3,64,6,30.0,0,-1,-1,-1,0,0,7,1,1,0,0,1,1,2,E01011346
2841,2012130495760,2012,130495760,2,1,1,1,17,4,3,0,0,0,0,0,3,1,-1,2012,130495760,422120.0,428830.0,-1.665995,53.755363,13,3,2,1,14/11/2012,4,07:50,204,E08000035,E08000035,3,58,6,30.0,3,4,6,0,0,0,1,1,1,0,0,1,1,2,E01011521
2842,2012130495792,2012,130495792,2,1,1,2,42,7,3,0,0,0,0,0,9,1,-1,2012,130495792,429340.0,431400.0,-1.55625,53.778107,13,3,2,1,13/11/2012,3,13:10,204,E08000035,E08000035,6,0,6,30.0,0,-1,-1,-1,0,0,1,1,2,0,0,1,2,2,E01011373
2843,2012130496095,2012,130496095,1,1,2,2,26,6,3,0,0,0,4,0,11,1,-1,2012,130496095,427910.0,433280.0,-1.57778,53.795083,13,3,1,1,13/11/2012,3,16:00,204,E08000035,E08000035,6,0,6,30.0,0,-1,-1,-1,0,0,1,1,1,0,0,1,1,2,E01011294
2844,2012130496770,2012,130496770,2,1,1,2,54,8,3,0,0,0,0,0,9,1,-1,2012,130496770,421690.0,433530.0,-1.672187,53.797625,13,3,2,1,14/11/2012,4,15:54,204,E08000035,E08000035,6,0,6,30.0,0,-1,-1,-1,0,0,1,1,1,0,0,1,2,2,E01011602
2845,2012130496827,2012,130496827,1,1,3,2,30,6,2,10,1,0,0,0,0,1,-1,2012,130496827,430520.0,435160.0,-1.537973,53.811834,13,2,1,1,14/11/2012,4,17:28,204,E08000035,E08000035,3,61,3,40.0,7,2,6,0,0,0,4,1,1,0,0,1,1,2,E01011357
2846,2012130497543,2012,130497543,2,1,1,1,40,7,3,0,0,0,0,0,9,-1,-1,2012,130497543,427580.0,437320.0,-1.582429,53.831411,13,3,3,1,15/11/2012,5,08:00,204,E08000035,E08000035,6,0,6,30.0,6,4,6,0,0,0,1,1,1,0,0,1,1,2,E01011683
2847,2012130498446,2012,130498446,1,1,3,1,35,6,3,5,3,0,0,0,0,1,-1,2012,130498446,431910.0,435730.0,-1.516805,53.816874,13,3,1,1,15/11/2012,5,14:54,204,E08000035,E08000035,3,58,6,30.0,3,4,6,0,0,0,1,1,1,0,0,1,1,2,E01011428
2848,2012130498499,2012,130498499,1,1,3,1,15,3,2,5,1,0,0,0,0,1,-1,2012,130498499,432290.0,436980.0,-1.510903,53.828085,13,2,1,1,15/11/2012,5,15:35,204,E08000035,E08000035,6,0,3,30.0,0,-1,-1,-1,0,0,1,1,1,0,0,1,1,2,E01011645
2849,2012130498795,2012,130498795,1,1,1,2,45,7,3,0,0,0,0,0,9,1,-1,2012,130498795,425460.0,437510.0,-1.614624,53.833227,13,3,2,1,15/11/2012,5,20:30,204,E08000035,E08000035,6,0,6,30.0,3,4,6,0,0,0,7,1,1,0,0,1,1,2,E01011484
2850,2012130499256,2012,130499256,2,1,1,1,44,7,3,0,0,0,0,0,9,-1,-1,2012,130499256,430440.0,431700.0,-1.539529,53.780741,13,3,3,1,16/11/2012,6,07:23,204,E08000035,E08000035,1,621,6,30.0,5,4,1,621,0,0,4,1,1,0,0,1,1,1,E01011371
2851,2012130499707,2012,130499707,2,1,1,1,28,6,3,0,0,0,0,0,3,1,-1,2012,130499707,430090.0,431530.0,-1.544857,53.779233,13,3,2,1,03/11/2012,7,19:00,204,E08000035,E08000035,3,653,6,30.0,0,-1,-1,-1,0,0,4,1,1,0,0,1,1,2,E01011371
2852,2012130500020,2012,130500020,1,1,2,2,55,8,3,0,0,1,0,0,9,1,-1,2012,130500020,431910.0,434790.0,-1.516902,53.808425,13,3,1,1,16/11/2012,6,15:50,204,E08000035,E08000035,6,0,6,30.0,6,4,6,0,0,0,1,1,1,0,0,1,1,2,E01011677
2853,2012130500230,2012,130500230,2,2,1,1,32,6,3,0,0,0,0,0,9,2,-1,2012,130500230,436980.0,437530.0,-1.439585,53.832717,13,3,3,2,16/11/2012,6,17:00,204,E08000035,E08000035,3,64,6,30.0,8,-1,-1,-1,0,0,7,1,1,0,0,2,1,2,E01011715
2854,2012130500230,2012,130500230,3,1,1,1,32,6,3,0,0,0,0,0,9,-1,-1,2012,130500230,436980.0,437530.0,-1.439585,53.832717,13,3,3,2,16/11/2012,6,17:00,204,E08000035,E08000035,3,64,6,30.0,8,-1,-1,-1,0,0,7,1,1,0,0,2,1,2,E01011715
2855,2012130500407,2012,130500407,1,1,1,1,37,7,3,0,0,0,0,0,9,1,-1,2012,130500407,423590.0,434590.0,-1.643261,53.80707,13,3,3,1,15/11/2012,5,19:25,204,E08000035,E08000035,6,0,6,40.0,3,4,6,0,0,0,4,1,1,0,0,1,1,2,E01011337
2856,2012130501049,2012,130501049,1,1,1,1,35,6,3,0,0,0,0,0,1,1,-1,2012,130501049,427900.0,435620.0,-1.577721,53.816115,13,3,2,1,15/11/2012,5,18:00,204,E08000035,E08000035,6,0,6,30.0,3,4,6,0,0,0,7,1,1,0,0,1,1,2,E01011441
2857,2012130501612,2012,130501612,1,1,1,1,19,4,3,0,0,0,0,0,9,1,-1,2012,130501612,428110.0,426270.0,-1.57538,53.732067,13,3,3,2,17/11/2012,7,15:15,204,E08000035,E08000035,3,650,1,30.0,7,2,3,653,0,0,1,1,1,0,0,1,1,2,E01011550
2858,2012130501612,2012,130501612,1,2,2,2,18,4,3,0,0,1,0,0,9,1,-1,2012,130501612,428110.0,426270.0,-1.57538,53.732067,13,3,3,2,17/11/2012,7,15:15,204,E08000035,E08000035,3,650,1,30.0,7,2,3,653,0,0,1,1,1,0,0,1,1,2,E01011550
2859,2012130501841,2012,130501841,1,1,2,2,63,9,2,0,0,1,0,0,9,1,-1,2012,130501841,423040.0,437650.0,-1.651385,53.834598,13,2,2,1,17/11/2012,7,01:15,204,E08000035,E08000035,3,6120,1,40.0,1,4,3,65,0,0,4,2,2,0,0,2,1,2,E01011452
2860,2012130502714,2012,130502714,1,1,1,1,22,5,3,0,0,0,0,0,2,1,-1,2012,130502714,426640.0,441790.0,-1.596325,53.871636,13,2,1,2,18/11/2012,1,11:49,204,E08000035,E08000035,3,660,6,60.0,3,4,6,0,0,7,1,1,1,0,0,2,1,2,E01011575
2861,2012130502714,2012,130502714,1,2,3,2,73,10,2,5,3,0,0,0,0,1,-1,2012,130502714,426640.0,441790.0,-1.596325,53.871636,13,2,1,2,18/11/2012,1,11:49,204,E08000035,E08000035,3,660,6,60.0,3,4,6,0,0,7,1,1,1,0,0,2,1,2,E01011575
2862,2012130502756,2012,130502756,1,1,2,1,7,2,3,0,0,1,0,0,9,1,-1,2012,130502756,431770.0,435540.0,-1.518951,53.815175,13,3,2,1,18/11/2012,1,15:00,204,E08000035,E08000035,3,58,6,30.0,3,4,6,0,0,0,1,1,1,0,0,1,1,2,E01011429
2863,2012130503060,2012,130503060,1,1,3,1,19,4,3,9,5,0,0,0,0,1,-1,2012,130503060,430250.0,433400.0,-1.542246,53.796031,13,3,1,1,18/11/2012,1,04:50,204,E08000035,E08000035,6,0,6,30.0,6,2,6,0,0,5,4,1,2,0,0,1,1,2,E01011365
2864,2012130503158,2012,130503158,1,1,1,1,45,7,3,0,0,0,0,0,8,1,-1,2012,130503158,431970.0,435830.0,-1.515883,53.817769,13,3,2,1,18/11/2012,1,20:50,204,E08000035,E08000035,6,0,6,30.0,7,2,3,58,0,5,4,1,1,0,0,1,1,2,E01011422
2865,2012130503829,2012,130503829,1,1,1,1,37,7,3,0,0,0,0,0,2,1,-1,2012,130503829,428420.0,432500.0,-1.57011,53.788045,13,3,1,1,19/11/2012,2,09:55,204,E08000035,E08000035,3,62,1,30.0,1,4,3,58,0,0,1,1,1,0,0,1,1,2,E01011363
2866,2012130505346,2012,130505346,1,1,1,2,18,4,3,0,0,0,0,0,9,1,-1,2012,130505346,435810.0,435750.0,-1.457568,53.8168,13,3,2,2,20/11/2012,3,08:15,204,E08000035,E08000035,6,0,6,30.0,3,4,6,0,0,0,1,2,2,0,0,1,1,2,E01011663
2867,2012130505346,2012,130505346,2,2,1,2,58,9,3,0,0,0,0,0,9,1,-1,2012,130505346,435810.0,435750.0,-1.457568,53.8168,13,3,2,2,20/11/2012,3,08:15,204,E08000035,E08000035,6,0,6,30.0,3,4,6,0,0,0,1,2,2,0,0,1,1,2,E01011663
2868,2012130505476,2012,130505476,1,1,1,1,23,5,3,0,0,0,0,0,9,1,-1,2012,130505476,424590.0,433580.0,-1.628156,53.797946,13,3,1,1,20/11/2012,3,09:00,204,E08000035,E08000035,3,6110,3,40.0,1,4,4,6154,0,0,1,2,2,0,0,1,1,2,E01011608
2869,2012130505717,2012,130505717,2,1,1,1,43,7,2,0,0,0,0,0,9,1,-1,2012,130505717,431130.0,434650.0,-1.528761,53.807214,13,2,4,1,20/11/2012,3,09:33,204,E08000035,E08000035,6,0,6,30.0,8,4,6,0,0,0,1,2,2,0,0,1,1,2,E01011675
2870,2012130506117,2012,130506117,2,1,1,1,28,6,3,0,0,0,0,0,3,1,-1,2012,130506117,433520.0,434610.0,-1.492473,53.806706,13,3,2,1,20/11/2012,3,15:25,204,E08000035,E08000035,6,0,6,30.0,3,4,6,0,0,0,1,2,2,0,0,1,1,2,E01011342
2871,2012130506301,2012,130506301,1,1,3,1,7,2,3,5,1,0,0,0,0,1,-1,2012,130506301,425750.0,427030.0,-1.61109,53.739019,13,3,1,1,20/11/2012,3,16:23,204,E08000035,E08000035,6,0,6,30.0,0,-1,-1,-1,0,0,4,1,1,0,0,1,1,2,E01011545
2872,2012130506306,2012,130506306,1,1,1,2,24,5,3,0,0,0,0,0,9,1,-1,2012,130506306,429400.0,435410.0,-1.554958,53.814145,13,2,1,2,20/11/2012,3,18:54,204,E08000035,E08000035,6,0,6,30.0,0,-1,-1,-1,0,0,7,1,1,0,0,1,1,2,E01011670
2873,2012130506306,2012,130506306,1,2,3,2,40,7,2,10,9,0,0,0,0,1,-1,2012,130506306,429400.0,435410.0,-1.554958,53.814145,13,2,1,2,20/11/2012,3,18:54,204,E08000035,E08000035,6,0,6,30.0,0,-1,-1,-1,0,0,7,1,1,0,0,1,1,2,E01011670
2874,2012130506349,2012,130506349,1,1,1,1,26,6,3,0,0,0,0,0,1,1,-1,2012,130506349,420360.0,440440.0,-1.691923,53.859785,13,3,2,1,17/11/2012,7,13:35,204,E08000035,E08000035,3,65,6,30.0,8,4,6,0,0,0,1,1,1,0,0,1,1,2,E01011277
2875,2012130506896,2012,130506896,1,1,1,1,25,5,3,0,0,0,0,0,1,1,-1,2012,130506896,429650.0,434600.0,-1.551239,53.806851,13,3,2,1,21/11/2012,4,09:05,204,E08000035,E08000035,3,660,6,30.0,8,4,6,0,0,0,1,2,2,0,0,1,1,2,E01011676
2876,2012130507808,2012,130507808,2,1,1,1,66,10,3,0,0,0,0,0,9,1,-1,2012,130507808,424230.0,428160.0,-1.634046,53.749248,13,3,2,2,21/11/2012,4,06:15,204,E08000035,E08000035,3,650,6,30.0,1,2,1,621,0,0,4,2,2,0,0,1,2,1,E01011523
2877,2012130507808,2012,130507808,2,2,2,1,33,6,3,0,0,1,0,0,9,1,-1,2012,130507808,424230.0,428160.0,-1.634046,53.749248,13,3,2,2,21/11/2012,4,06:15,204,E08000035,E08000035,3,650,6,30.0,1,2,1,621,0,0,4,2,2,0,0,1,2,1,E01011523