,accident_index,accident_year_x,accident_reference_x,vehicle_reference,casualty_reference,casualty_class,sex_of_casualty,age_of_casualty,age_band_of_casualty,casualty_severity,pedestrian_location,pedestrian_movement,car_passenger,bus_or_coach_passenger,pedestrian_road_maintenance_worker,casualty_type,casualty_home_area_type,casualty_imd_decile,accident_year_y,accident_reference_y,location_easting_osgr,location_northing_osgr,longitude,latitude,police_force,accident_severity,number_of_vehicles,number_of_casualties,date,day_of_week,time,local_authority_district,local_authority_ons_district,local_authority_highway,first_road_class,first_road_number,road_type,speed_limit,junction_detail,junction_control,second_road_class,second_road_number,pedestrian_crossing_human_control,pedestrian_crossing_physical_facilities,light_conditions,weather_conditions,road_surface_conditions,special_conditions_at_site,carriageway_hazards,urban_or_rural_area,did_police_officer_attend_scene_of_accident,trunk_road_flag,lsoa_of_accident_location
3052,2012130539521,2012,130539521,1,1,3,2,36,7,3,5,1,0,0,0,0,-1,-1,2012,130539521,431880.0,435680.0,-1.517266,53.816426,13,3,1,1,12/12/2012,4,11:20,204,E08000035,E08000035,6,0,6,30.0,3,2,3,58,0,5,1,1,1,0,0,1,1,2,E01011428
3053,2012130539728,2012,130539728,1,1,1,1,47,8,3,0,0,0,0,0,9,-1,-1,2012,130539728,424920.0,427640.0,-1.623624,53.744542,13,3,5,3,12/12/2012,4,14:36,204,E08000035,E08000035,3,650,6,40.0,6,2,3,643,0,4,1,1,2,0,0,1,1,2,E01011530
3054,2012130539728,2012,130539728,2,2,1,2,21,5,3,0,0,0,0,0,9,-1,-1,2012,130539728,424920.0,427640.0,-1.623624,53.744542,13,3,5,3,12/12/2012,4,14:36,204,E08000035,E08000035,3,650,6,40.0,6,2,3,643,0,4,1,1,2,0,0,1,1,2,E01011530
3055,2012130539728,2012,130539728,3,3,1,1,34,6,3,0,0,0,0,0,90,1,-1,2012,130539728,424920.0,427640.0,-1.623624,53.744542,13,3,5,3,12/12/2012,4,14:36,204,E08000035,E08000035,3,650,6,40.0,6,2,3,643,0,4,1,1,2,0,0,1,1,2,E01011530
3056,2012130539989,2012,130539989,1,1,1,1,46,8,3,0,0,0,0,0,9,1,-1,2012,130539989,427190.0,433510.0,-1.58869,53.797188,13,3,2,2,12/12/2012,4,17:30,204,E08000035,E08000035,6,0,6,30.0,3,4,6,0,0,0,4,1,2,0,0,1,1,2,E01011293
3057,2012130539989,2012,130539989,2,2,1,1,35,6,3,0,0,0,0,0,9,1,-1,2012,130539989,427190.0,433510.0,-1.58869,53.797188,13,3,2,2,12/12/2012,4,17:30,204,E08000035,E08000035,6,0,6,30.0,3,4,6,0,0,0,4,1,2,0,0,1,1,2,E01011293
3058,2012130540529,2012,130540529,2,1,1,1,39,7,3,0,0,0,0,0,1,1,-1,2012,130540529,423040.0,437640.0,-1.651385,53.834508,13,3,2,1,13/12/2012,5,07:35,204,E08000035,E08000035,3,65,1,30.0,1,4,3,6120,0,0,7,1,1,0,0,2,1,2,E01011452
3059,2012130540548,2012,130540548,1,1,1,1,52,8,3,0,0,0,0,0,9,1,-1,2012,130540548,421240.0,435530.0,-1.678882,53.815619,13,3,2,2,13/12/2012,5,06:55,204,E08000035,E08000035,3,6120,3,60.0,0,-1,-1,-1,0,0,4,7,2,0,0,2,1,2,E01011588
3060,2012130540548,2012,130540548,2,2,1,2,41,7,3,0,0,0,0,0,9,2,-1,2012,130540548,421240.0,435530.0,-1.678882,53.815619,13,3,2,2,13/12/2012,5,06:55,204,E08000035,E08000035,3,6120,3,60.0,0,-1,-1,-1,0,0,4,7,2,0,0,2,1,2,E01011588
3061,2012130541633,2012,130541633,1,1,1,1,52,8,3,0,0,0,0,0,9,1,-1,2012,130541633,427600.0,434620.0,-1.582367,53.807143,13,3,2,1,13/12/2012,5,18:00,204,E08000035,E08000035,6,0,6,30.0,0,-1,-1,-1,0,0,7,1,1,0,0,1,1,2,E01011482
3062,2012130541690,2012,130541690,2,1,1,1,42,7,2,0,0,0,0,0,1,1,-1,2012,130541690,428390.0,434380.0,-1.570393,53.804944,13,2,2,1,29/11/2012,5,01:30,204,E08000035,E08000035,6,0,6,30.0,0,-1,-1,-1,0,0,7,1,1,0,0,1,2,2,E01011681
3063,2012130541698,2012,130541698,1,1,1,1,40,7,3,0,0,0,0,0,9,1,-1,2012,130541698,429300.0,433670.0,-1.556642,53.798512,13,3,3,2,13/12/2012,5,20:40,204,E08000035,E08000035,2,58,3,60.0,0,-1,-1,-1,0,0,7,1,1,0,0,1,1,2,E01011365
3064,2012130541698,2012,130541698,3,2,1,1,31,6,3,0,0,0,0,0,9,1,-1,2012,130541698,429300.0,433670.0,-1.556642,53.798512,13,3,3,2,13/12/2012,5,20:40,204,E08000035,E08000035,2,58,3,60.0,0,-1,-1,-1,0,0,7,1,1,0,0,1,1,2,E01011365
3065,2012130541911,2012,130541911,1,1,1,1,32,6,3,0,0,0,0,0,9,-1,-1,2012,130541911,431240.0,433680.0,-1.527189,53.798489,13,3,4,1,14/12/2012,6,00:35,204,E08000035,E08000035,2,64,6,40.0,0,-1,-1,-1,0,0,7,1,1,0,0,1,1,2,E01011338
3066,2012130542020,2012,130542020,1,1,1,1,41,7,3,0,0,0,0,0,9,1,-1,2012,130542020,432990.0,435270.0,-1.500451,53.812672,13,3,2,1,14/12/2012,6,07:45,204,E08000035,E08000035,6,0,6,30.0,3,4,6,0,0,0,1,1,2,0,0,1,1,2,E01011431
3067,2012130542052,2012,130542052,1,1,1,1,36,7,3,0,0,0,0,0,9,1,-1,2012,130542052,441060.0,445540.0,-1.376525,53.904401,13,3,1,1,14/12/2012,6,06:45,204,E08000035,E08000035,2,1,6,50.0,0,-1,-1,-1,0,0,7,1,2,0,0,2,1,1,E01011707
3068,2012130542062,2012,130542062,1,1,1,1,35,6,3,0,0,0,0,0,9,1,-1,2012,130542062,441060.0,445540.0,-1.376525,53.904401,13,3,2,1,14/12/2012,6,06:45,204,E08000035,E08000035,2,1,6,50.0,0,-1,-1,-1,0,0,7,1,4,0,0,2,1,1,E01011707
3069,2012130542068,2012,130542068,1,1,3,1,25,5,3,9,9,0,0,0,0,1,-1,2012,130542068,420800.0,441110.0,-1.685188,53.86579,13,3,1,1,14/12/2012,6,09:15,204,E08000035,E08000035,6,0,6,30.0,0,-1,-1,-1,0,0,1,1,1,0,0,1,1,2,E01011274
3070,2012130542287,2012,130542287,5,1,1,1,30,6,3,0,0,0,0,0,19,1,-1,2012,130542287,440900.0,447780.0,-1.378661,53.924545,13,3,9,3,14/12/2012,6,05:00,204,E08000035,E08000035,2,1,3,70.0,0,-1,-1,-1,0,0,6,8,4,7,0,1,1,1,E01011704
3071,2012130542287,2012,130542287,6,2,2,1,41,7,3,0,0,0,0,0,19,1,-1,2012,130542287,440900.0,447780.0,-1.378661,53.924545,13,3,9,3,14/12/2012,6,05:00,204,E08000035,E08000035,2,1,3,70.0,0,-1,-1,-1,0,0,6,8,4,7,0,1,1,1,E01011704
3072,2012130542287,2012,130542287,8,3,1,1,46,8,3,0,0,0,0,0,9,2,-1,2012,130542287,440900.0,447780.0,-1.378661,53.924545,13,3,9,3,14/12/2012,6,05:00,204,E08000035,E08000035,2,1,3,70.0,0,-1,-1,-1,0,0,6,8,4,7,0,1,1,1,E01011704
3073,2012130542604,2012,130542604,1,1,1,1,34,6,3,0,0,0,0,0,9,1,-1,2012,130542604,432350.0,426920.0,-1.511043,53.737664,13,3,1,1,14/12/2012,6,04:35,204,E08000035,E08000035,1,1,7,70.0,5,4,1,62,0,0,4,2,4,0,0,2,1,1,E01011499
3074,2012130542826,2012,130542826,3,1,1,1,42,7,3,0,0,0,0,0,9,1,-1,2012,130542826,427500.0,433800.0,-1.583958,53.799778,13,3,3,1,14/12/2012,6,17:23,204,E08000035,E08000035,6,0,6,30.0,0,-1,-1,-1,0,0,7,1,1,0,0,1,1,2,E01011284
3075,2012130542901,2012,130542901,2,1,2,2,62,9,3,0,0,2,0,0,8,1,-1,2012,130542901,430250.0,433220.0,-1.542264,53.794413,13,3,2,1,14/12/2012,6,16:05,204,E08000035,E08000035,6,0,6,30.0,6,2,6,0,0,0,1,1,1,0,0,1,1,2,E01011365
3076,2012130542951,2012,130542951,2,1,1,2,29,6,3,0,0,0,0,0,9,1,-1,2012,130542951,434690.0,436720.0,-1.47447,53.825594,13,3,2,2,13/12/2012,5,15:15,204,E08000035,E08000035,6,0,6,30.0,3,4,6,0,0,0,1,7,2,0,0,1,1,2,E01011658
3077,2012130542951,2012,130542951,2,2,2,2,8,2,3,0,0,1,0,0,9,1,-1,2012,130542951,434690.0,436720.0,-1.47447,53.825594,13,3,2,2,13/12/2012,5,15:15,204,E08000035,E08000035,6,0,6,30.0,3,4,6,0,0,0,1,7,2,0,0,1,1,2,E01011658
3078,2012130542995,2012,130542995,2,1,1,2,48,8,3,0,0,0,0,0,9,1,-1,2012,130542995,429470.0,432030.0,-1.554218,53.783762,13,3,3,1,14/12/2012,6,19:15,204,E08000035,E08000035,1,621,3,50.0,0,-1,-1,-1,0,0,4,2,2,0,0,1,1,1,E01011364
3079,2012130543009,2012,130543009,2,1,1,2,41,7,3,0,0,0,0,0,9,1,-1,2012,130543009,431880.0,430490.0,-1.517801,53.769779,13,3,2,1,13/12/2012,5,16:25,204,E08000035,E08000035,1,621,1,30.0,1,4,3,639,0,0,1,1,1,0,0,1,1,1,E01011470
3080,2012130543196,2012,130543196,1,1,2,1,21,5,2,0,0,1,0,0,9,1,-1,2012,130543196,432680.0,439360.0,-1.504725,53.849452,13,2,1,1,14/12/2012,6,22:45,204,E08000035,E08000035,3,6120,6,60.0,0,-1,-1,-1,0,0,4,1,2,0,0,2,1,2,E01011650
3081,2012130543700,2012,130543700,1,1,1,1,38,7,3,0,0,0,0,0,9,1,-1,2012,130543700,425450.0,432850.0,-1.61516,53.791344,13,3,2,1,15/12/2012,7,09:35,204,E08000035,E08000035,3,6110,3,40.0,1,4,6,0,0,0,1,1,1,0,0,1,1,2,E01011726
3082,2012130544422,2012,130544422,1,1,1,1,74,10,3,0,0,0,0,0,9,1,-1,2012,130544422,436090.0,435590.0,-1.453334,53.815343,13,3,1,1,15/12/2012,7,16:15,204,E08000035,E08000035,3,6120,3,70.0,1,4,6,0,0,0,4,1,2,0,0,1,1,2,E01011665
3083,2012130544708,2012,130544708,1,1,2,1,21,5,3,0,0,1,0,0,9,1,-1,2012,130544708,425640.0,432940.0,-1.612269,53.792143,13,3,2,1,15/12/2012,7,23:48,204,E08000035,E08000035,6,0,6,30.0,0,-1,-1,-1,0,0,7,1,1,0,0,1,1,2,E01011730
3084,2012130545180,2012,130545180,1,1,1,2,45,7,3,0,0,0,0,0,9,-1,-1,2012,130545180,431530.0,433060.0,-1.522849,53.792899,13,3,1,1,16/12/2012,1,12:25,204,E08000035,E08000035,6,0,6,30.0,0,-1,-1,-1,0,0,1,1,2,0,0,1,1,2,E01011619
3085,2012130545548,2012,130545548,1,2,2,2,9,2,3,0,0,2,0,0,9,1,-1,2012,130545548,429150.0,431830.0,-1.559093,53.781983,13,3,3,2,14/12/2012,6,19:40,204,E08000035,E08000035,1,621,3,50.0,6,4,6,0,0,0,4,1,2,0,0,1,1,1,E01011366
3086,2012130545548,2012,130545548,3,1,1,2,40,7,3,0,0,0,0,0,9,1,-1,2012,130545548,429150.0,431830.0,-1.559093,53.781983,13,3,3,2,14/12/2012,6,19:40,204,E08000035,E08000035,1,621,3,50.0,6,4,6,0,0,0,4,1,2,0,0,1,1,1,E01011366
3087,2012130545685,2012,130545685,1,1,3,2,25,5,3,5,3,0,0,0,0,1,-1,2012,130545685,430240.0,433390.0,-1.542399,53.795942,13,3,1,1,16/12/2012,1,03:50,204,E08000035,E08000035,6,0,6,30.0,3,4,6,0,0,0,7,1,1,0,0,1,1,2,E01011365
3088,2012130545712,2012,130545712,1,1,3,1,14,3,3,5,2,0,0,0,0,1,-1,2012,130545712,421450.0,433280.0,-1.675848,53.795388,13,3,1,1,16/12/2012,1,16:40,204,E08000035,E08000035,6,0,6,30.0,0,-1,-1,-1,0,0,4,1,1,0,0,1,1,2,E01011602
3089,2012130545766,2012,130545766,1,1,1,1,57,9,3,0,0,0,0,0,9,1,-1,2012,130545766,430470.0,432850.0,-1.53896,53.791075,13,3,2,1,16/12/2012,1,15:45,204,E08000035,E08000035,3,653,3,30.0,3,4,6,0,0,0,4,1,2,0,0,1,1,2,E01011365
3090,2012130545842,2012,130545842,1,1,3,1,18,4,2,9,9,0,0,0,0,1,-1,2012,130545842,430320.0,433290.0,-1.541194,53.795038,13,2,1,1,16/12/2012,1,03:08,204,E08000035,E08000035,6,0,6,30.0,3,2,6,0,0,5,7,1,1,0,0,1,1,2,E01011365
3091,2012130545912,2012,130545912,2,1,2,1,49,8,3,0,0,1,0,0,9,1,-1,2012,130545912,427950.0,426470.0,-1.577788,53.733873,13,3,2,1,17/12/2012,2,00:30,204,E08000035,E08000035,3,653,1,30.0,1,2,1,62,0,0,4,1,2,0,0,2,1,2,E01011550
3092,2012130546120,2012,130546120,1,1,1,1,45,7,3,0,0,0,0,0,3,1,-1,2012,130546120,429720.0,427350.0,-1.550873,53.741685,13,3,2,1,16/12/2012,1,12:55,204,E08000035,E08000035,6,0,6,30.0,0,-1,-1,-1,0,0,1,1,1,0,2,1,1,2,E01011497
3093,2012130546761,2012,130546761,1,1,2,1,7,2,3,0,0,2,0,0,9,1,-1,2012,130546761,427510.0,440650.0,-1.583195,53.861345,13,3,2,2,16/12/2012,1,14:45,204,E08000035,E08000035,6,0,6,40.0,0,-1,-1,-1,0,0,1,1,2,0,0,2,1,2,E01011381
3094,2012130546761,2012,130546761,1,2,2,1,12,3,3,0,0,2,0,0,9,1,-1,2012,130546761,427510.0,440650.0,-1.583195,53.861345,13,3,2,2,16/12/2012,1,14:45,204,E08000035,E08000035,6,0,6,40.0,0,-1,-1,-1,0,0,1,1,2,0,0,2,1,2,E01011381
3095,2012130547883,2012,130547883,1,1,2,2,20,4,3,0,0,1,0,0,9,1,-1,2012,130547883,426910.0,439550.0,-1.592414,53.851489,13,3,2,1,18/12/2012,3,07:30,204,E08000035,E08000035,3,660,6,30.0,3,4,6,0,0,0,7,1,1,0,0,1,1,2,E01011386
3096,2012130548703,2012,130548703,3,1,1,2,48,8,3,0,0,0,0,0,9,1,-1,2012,130548703,432060.0,436080.0,-1.51449,53.82001,13,3,3,1,18/12/2012,3,15:30,204,E08000035,E08000035,6,0,6,30.0,6,4,6,0,0,0,1,1,2,0,0,1,1,2,E01011422
3097,2012130549240,2012,130549240,1,1,3,1,18,4,3,1,1,0,0,0,0,1,-1,2012,130549240,429810.0,433400.0,-1.548926,53.796056,13,3,2,1,18/12/2012,3,13:12,204,E08000035,E08000035,6,0,6,30.0,7,2,6,0,0,5,1,1,2,0,0,1,1,2,E01011365
3098,2012130549337,2012,130549337,1,1,1,1,28,6,3,0,0,0,0,0,9,1,-1,2012,130549337,426330.0,439200.0,-1.601261,53.848373,13,3,1,1,18/12/2012,3,07:50,204,E08000035,E08000035,6,0,6,30.0,9,4,6,0,0,0,4,1,2,0,0,1,1,2,E01011383
3099,2012130549758,2012,130549758,1,1,3,1,17,4,3,5,1,0,0,0,0,1,-1,2012,130549758,430850.0,434150.0,-1.533063,53.802737,13,3,1,1,19/12/2012,4,08:35,204,E08000035,E08000035,3,61,3,30.0,0,-1,-1,-1,2,8,1,1,1,0,0,1,1,2,E01011679
3100,2012130549830,2012,130549830,1,1,2,1,3,1,3,0,0,0,4,0,11,-1,-1,2012,130549830,429970.0,435040.0,-1.546338,53.810787,13,3,1,2,18/12/2012,3,15:50,204,E08000035,E08000035,6,0,6,30.0,3,4,6,0,0,0,1,1,1,0,0,1,2,2,E01011671
3101,2012130549830,2012,130549830,1,2,2,2,11,3,3,0,0,0,4,0,11,1,-1,2012,130549830,429970.0,435040.0,-1.546338,53.810787,13,3,1,2,18/12/2012,3,15:50,204,E08000035,E08000035,6,0,6,30.0,3,4,6,0,0,0,1,1,1,0,0,1,2,2,E01011671
3102,2012130550322,2012,130550322,1,1,1,2,45,7,3,0,0,0,0,0,9,1,-1,2012,130550322,419570.0,445130.0,-1.703637,53.901969,13,3,2,1,18/12/2012,3,16:40,204,E08000035,E08000035,3,659,6,40.0,0,-1,-1,-1,0,0,4,1,2,0,0,1,1,2,E01011571
3103,2012130550395,2012,130550395,2,1,1,2,17,4,3,0,0,0,0,0,9,1,-1,2012,130550395,436310.0,435750.0,-1.449974,53.816766,13,3,2,2,19/12/2012,4,16:15,204,E08000035,E08000035,6,0,6,30.0,3,4,6,0,0,0,4,1,2,0,0,1,1,2,E01011724
3104,2012130550395,2012,130550395,2,2,2,1,19,4,3,0,0,2,0,0,9,1,-1,2012,130550395,436310.0,435750.0,-1.449974,53.816766,13,3,2,2,19/12/2012,4,16:15,204,E08000035,E08000035,6,0,6,30.0,3,4,6,0,0,0,4,1,2,0,0,1,1,2,E01011724
3105,2012130550413,2012,130550413,1,1,2,1,64,9,3,0,0,0,1,0,11,1,-1,2012,130550413,427910.0,436600.0,-1.57748,53.824923,13,3,1,1,19/12/2012,4,11:20,204,E08000035,E08000035,4,6157,6,30.0,0,-1,-1,-1,0,0,1,5,2,0,0,1,1,2,E01011692
3106,2012130550470,2012,130550470,2,1,1,1,55,8,2,0,0,0,0,0,4,1,-1,2012,130550470,426800.0,438030.0,-1.594219,53.837833,13,2,2,1,19/12/2012,4,17:36,204,E08000035,E08000035,3,660,3,40.0,1,4,3,6120,0,0,4,2,2,0,0,1,1,2,E01011687
3107,2012130550571,2012,130550571,1,1,1,1,78,11,2,0,0,0,0,0,9,1,-1,2012,130550571,434850.0,428430.0,-1.472974,53.751075,13,2,1,1,19/12/2012,4,18:00,204,E08000035,E08000035,6,0,6,30.0,3,4,6,0,0,8,4,2,2,0,0,1,1,2,E01011627
3108,2012130550620,2012,130550620,1,1,1,2,58,9,3,0,0,0,0,0,9,1,-1,2012,130550620,442170.0,434550.0,-1.361137,53.80554,13,3,1,1,19/12/2012,4,20:40,204,E08000035,E08000035,1,1,3,70.0,0,-1,-1,-1,0,0,6,5,2,0,0,2,1,1,E01011297
3109,2012130550787,2012,130550787,1,1,1,1,27,6,3,0,0,0,0,0,9,1,-1,2012,130550787,428040.0,427800.0,-1.576303,53.745822,13,3,1,4,20/12/2012,5,00:15,204,E08000035,E08000035,4,6123,6,30.0,0,-1,-1,-1,0,0,4,2,2,0,0,1,1,2,E01011540
3110,2012130550787,2012,130550787,1,2,2,1,23,5,3,0,0,2,0,0,9,1,-1,2012,130550787,428040.0,427800.0,-1.576303,53.745822,13,3,1,4,20/12/2012,5,00:15,204,E08000035,E08000035,4,6123,6,30.0,0,-1,-1,-1,0,0,4,2,2,0,0,1,1,2,E01011540
3111,2012130550787,2012,130550787,1,3,2,1,24,5,3,0,0,2,0,0,9,1,-1,2012,130550787,428040.0,427800.0,-1.576303,53.745822,13,3,1,4,20/12/2012,5,00:15,204,E08000035,E08000035,4,6123,6,30.0,0,-1,-1,-1,0,0,4,2,2,0,0,1,1,2,E01011540
3112,2012130550787,2012,130550787,1,4,2,1,20,4,3,0,0,1,0,0,9,1,-1,2012,130550787,428040.0,427800.0,-1.576303,53.745822,13,3,1,4,20/12/2012,5,00:15,204,E08000035,E08000035,4,6123,6,30.0,0,-1,-1,-1,0,0,4,2,2,0,0,1,1,2,E01011540
3113,2012130550961,2012,130550961,1,1,1,1,28,6,3,0,0,0,0,0,1,1,-1,2012,130550961,426970.0,432300.0,-1.592136,53.786324,13,3,2,1,20/12/2012,5,06:45,204,E08000035,E08000035,6,0,6,30.0,7,4,6,0,0,0,4,2,2,0,0,1,1,2,E01011736
3114,2012130551079,2012,130551079,1,1,3,2,13,3,3,10,3,0,0,0,0,1,-1,2012,130551079,429050.0,435480.0,-1.560268,53.814794,13,3,1,1,20/12/2012,5,08:25,204,E08000035,E08000035,6,0,6,30.0,3,4,6,0,0,0,4,2,2,0,0,1,1,2,E01011672
3115,2012130551110,2012,130551110,1,1,3,1,9,2,3,10,9,0,0,0,0,1,-1,2012,130551110,434350.0,428200.0,-1.480582,53.749041,13,3,1,1,18/12/2012,3,17:40,204,E08000035,E08000035,6,0,6,30.0,0,-1,-1,-1,0,0,7,1,1,0,0,1,1,2,E01011629
3116,2012130551667,2012,130551667,1,1,3,2,68,10,3,1,9,0,0,0,0,1,-1,2012,130551667,419080.0,441930.0,-1.711293,53.873226,13,3,1,1,20/12/2012,5,10:15,204,E08000035,E08000035,3,65,6,30.0,0,-1,-1,-1,0,4,1,2,2,0,0,1,1,2,E01011265
3117,2012130551682,2012,130551682,1,1,1,1,55,8,2,0,0,0,0,0,9,3,-1,2012,130551682,442550.0,447850.0,-1.353527,53.925042,13,2,2,1,20/12/2012,5,14:10,204,E08000035,E08000035,6,0,6,60.0,0,-1,-1,-1,0,0,1,2,2,0,0,2,1,2,E01011697
3118,2012130551822,2012,130551822,1,1,3,2,13,3,3,4,1,0,0,0,0,1,-1,2012,130551822,430100.0,431740.0,-1.544685,53.78112,13,3,1,1,20/12/2012,5,15:12,204,E08000035,E08000035,6,0,6,30.0,6,4,3,653,0,5,1,1,2,0,0,1,1,2,E01011371
3119,2012130552030,2012,130552030,1,1,3,1,19,4,2,10,9,0,0,0,0,1,-1,2012,130552030,431290.0,434120.0,-1.526385,53.802441,13,2,1,1,20/12/2012,5,18:20,204,E08000035,E08000035,6,0,6,30.0,3,4,6,0,0,0,7,1,1,0,0,1,1,2,E01011675
3120,2012130552143,2012,130552143,2,1,1,1,30,6,3,0,0,0,0,0,9,1,-1,2012,130552143,428280.0,429610.0,-1.572499,53.762077,13,3,2,1,20/12/2012,5,18:00,204,E08000035,E08000035,3,6110,1,40.0,1,4,3,653,0,0,4,2,2,0,0,1,1,2,E01011531
3121,2012130552363,2012,130552363,4,1,1,1,43,7,3,0,0,0,0,0,9,1,-1,2012,130552363,428960.0,433690.0,-1.561802,53.798711,13,3,4,3,20/12/2012,5,23:18,204,E08000035,E08000035,3,65,3,30.0,3,4,3,58,0,0,7,1,1,0,0,1,1,2,E01011678
3122,2012130552363,2012,130552363,4,2,2,2,56,9,3,0,0,2,0,0,9,1,-1,2012,130552363,428960.0,433690.0,-1.561802,53.798711,13,3,4,3,20/12/2012,5,23:18,204,E08000035,E08000035,3,65,3,30.0,3,4,3,58,0,0,7,1,1,0,0,1,1,2,E01011678
3123,2012130552363,2012,130552363,4,3,2,1,23,5,3,0,0,2,0,0,9,1,-1,2012,130552363,428960.0,433690.0,-1.561802,53.798711,13,3,4,3,20/12/2012,5,23:18,204,E08000035,E08000035,3,65,3,30.0,3,4,3,58,0,0,7,1,1,0,0,1,1,2,E01011678
3124,2012130552536,2012,130552536,1,1,1,1,35,6,3,0,0,0,0,0,3,1,-1,2012,130552536,431410.0,434080.0,-1.524567,53.802074,13,3,2,1,21/12/2012,6,08:00,204,E08000035,E08000035,6,0,6,30.0,3,2,6,0,0,0,1,1,1,0,0,1,1,2,E01011675
3125,2012130552752,2012,130552752,1,1,3,2,11,3,2,1,1,0,0,0,0,1,-1,2012,130552752,430310.0,435990.0,-1.541081,53.819306,13,2,1,1,21/12/2012,6,07:45,204,E08000035,E08000035,3,61,3,30.0,0,-1,-1,-1,0,4,1,1,1,0,0,1,1,2,E01011357
3126,2012130552874,2012,130552874,1,1,1,2,41,7,3,0,0,0,0,0,9,1,-1,2012,130552874,439300.0,432410.0,-1.404987,53.78653,13,3,2,1,20/12/2012,5,18:00,204,E08000035,E08000035,3,63,3,30.0,1,4,3,642,0,0,7,1,1,0,0,2,2,2,E01011402
3127,2012130552876,2012,130552876,1,2,1,2,33,6,3,0,0,0,0,0,9,1,-1,2012,130552876,428700.0,433140.0,-1.565801,53.793782,13,3,3,2,21/12/2012,6,13:00,204,E08000035,E08000035,3,58,3,40.0,1,2,3,643,0,0,1,1,1,0,0,1,2,2,E01011367
3128,2012130552876,2012,130552876,2,1,1,2,49,8,3,0,0,0,0,0,9,1,-1,2012,130552876,428700.0,433140.0,-1.565801,53.793782,13,3,3,2,21/12/2012,6,13:00,204,E08000035,E08000035,3,58,3,40.0,1,2,3,643,0,0,1,1,1,0,0,1,2,2,E01011367
3129,2012130552963,2012,130552963,2,1,1,2,22,5,3,0,0,0,0,0,1,1,-1,2012,130552963,430090.0,431460.0,-1.544864,53.778604,13,3,2,1,20/12/2012,5,13:45,204,E08000035,E08000035,3,653,6,40.0,3,4,6,0,0,4,1,1,1,0,0,1,1,2,E01011371
3130,2012130553018,2012,130553018,2,1,2,2,61,9,3,0,0,1,0,0,8,1,-1,2012,130553018,425650.0,433230.0,-1.612093,53.794749,13,3,2,2,21/12/2012,6,11:12,204,E08000035,E08000035,6,0,6,30.0,3,4,6,0,0,0,1,1,1,0,0,1,1,2,E01011725
3131,2012130553018,2012,130553018,2,2,2,1,24,5,3,0,0,2,0,0,8,1,-1,2012,130553018,425650.0,433230.0,-1.612093,53.794749,13,3,2,2,21/12/2012,6,11:12,204,E08000035,E08000035,6,0,6,30.0,3,4,6,0,0,0,1,1,1,0,0,1,1,2,E01011725
3132,2012130553134,2012,130553134,2,1,1,1,25,5,3,0,0,0,0,0,9,1,-1,2012,130553134,433100.0,425910.0,-1.499781,53.728539,13,3,2,1,21/12/2012,6,07:30,204,E08000035,E08000035,1,62,3,70.0,5,4,1,62,0,0,4,2,2,4,0,1,1,1,E01011500
3133,2012130553376,2012,130553376,1,1,1,2,73,10,3,0,0,0,0,0,9,2,-1,2012,130553376,421150.0,444940.0,-1.679603,53.900199,13,3,2,2,21/12/2012,6,14:07,204,E08000035,E08000035,3,660,6,40.0,0,-1,-1,-1,0,0,1,1,2,0,0,2,1,2,E01011569
3134,2012130553376,2012,130553376,2,2,2,1,80,11,3,0,0,0,0,0,17,2,-1,2012,130553376,421150.0,444940.0,-1.679603,53.900199,13,3,2,2,21/12/2012,6,14:07,204,E08000035,E08000035,3,660,6,40.0,0,-1,-1,-1,0,0,1,1,2,0,0,2,1,2,E01011569
3135,2012130553384,2012,130553384,1,1,3,2,43,7,3,5,2,0,0,0,0,1,-1,2012,130553384,430100.0,431540.0,-1.544704,53.779322,13,3,1,1,21/12/2012,6,13:45,204,E08000035,E08000035,3,653,6,30.0,0,-1,-1,-1,0,0,1,1,2,0,0,1,2,2,E01011371
3136,2012130553485,2012,130553485,1,1,1,1,12,3,3,0,0,0,0,0,1,1,-1,2012,130553485,433440.0,434800.0,-1.493668,53.808419,13,3,2,1,21/12/2012,6,15:55,204,E08000035,E08000035,6,0,6,30.0,0,-1,-1,-1,0,0,1,1,2,0,0,1,1,2,E01011342
3137,2012130553801,2012,130553801,2,1,1,1,19,4,3,0,0,0,0,0,2,1,-1,2012,130553801,425700.0,435400.0,-1.611153,53.814251,13,3,2,1,21/12/2012,6,21:20,204,E08000035,E08000035,6,0,6,30.0,6,4,6,0,0,0,4,1,1,0,0,1,1,2,E01011281
3138,2012130553805,2012,130553805,2,1,1,1,27,6,3,0,0,0,0,0,9,1,-1,2012,130553805,428740.0,434070.0,-1.565107,53.802138,13,3,2,1,15/12/2012,7,15:55,204,E08000035,E08000035,6,0,6,30.0,0,-1,-1,-1,0,0,1,1,1,0,0,1,1,2,E01011681