,accident_index,accident_year_x,accident_reference_x,vehicle_reference,casualty_reference,casualty_class,sex_of_casualty,age_of_casualty,age_band_of_casualty,casualty_severity,pedestrian_location,pedestrian_movement,car_passenger,bus_or_coach_passenger,pedestrian_road_maintenance_worker,casualty_type,casualty_home_area_type,casualty_imd_decile,accident_year_y,accident_reference_y,location_easting_osgr,location_northing_osgr,longitude,latitude,police_force,accident_severity,number_of_vehicles,number_of_casualties,date,day_of_week,time,local_authority_district,local_authority_ons_district,local_authority_highway,first_road_class,first_road_number,road_type,speed_limit,junction_detail,junction_control,second_road_class,second_road_number,pedestrian_crossing_human_control,pedestrian_crossing_physical_facilities,light_conditions,weather_conditions,road_surface_conditions,special_conditions_at_site,carriageway_hazards,urban_or_rural_area,did_police_officer_attend_scene_of_accident,trunk_road_flag,lsoa_of_accident_location
3139,2012130553815,2012,130553815,1,1,3,1,31,6,2,1,9,0,0,0,0,1,-1,2012,130553815,430240.0,433210.0,-1.542416,53.794324,13,2,1,1,21/12/2012,6,22:20,204,E08000035,E08000035,6,0,6,30.0,6,2,6,0,0,5,4,1,1,0,0,1,1,2,E01011365
3140,2012130554442,2012,130554442,1,1,1,1,34,6,3,0,0,0,0,0,19,1,-1,2012,130554442,424180.0,433960.0,-1.634351,53.801381,13,3,1,1,22/12/2012,7,08:00,204,E08000035,E08000035,3,647,3,60.0,0,-1,-1,-1,0,0,1,2,2,5,0,1,1,2,E01011608
3141,2012130554538,2012,130554538,1,1,1,2,21,5,3,0,0,0,0,0,9,1,-1,2012,130554538,425880.0,429870.0,-1.608882,53.764538,13,3,2,2,22/12/2012,7,12:45,204,E08000035,E08000035,3,62,6,50.0,9,4,6,0,0,0,1,2,5,0,0,1,1,2,E01011522
3142,2012130554538,2012,130554538,2,2,1,1,54,8,3,0,0,0,0,0,9,1,-1,2012,130554538,425880.0,429870.0,-1.608882,53.764538,13,3,2,2,22/12/2012,7,12:45,204,E08000035,E08000035,3,62,6,50.0,9,4,6,0,0,0,1,2,5,0,0,1,1,2,E01011522
3143,2012130554976,2012,130554976,2,1,1,1,18,4,3,0,0,0,0,0,3,1,-1,2012,130554976,424510.0,435620.0,-1.629209,53.816285,13,3,2,1,22/12/2012,7,17:45,204,E08000035,E08000035,6,0,6,30.0,0,-1,-1,-1,0,0,4,2,2,0,0,1,1,2,E01011323
3144,2012130555117,2012,130555117,2,1,1,1,42,7,3,0,0,0,0,0,9,1,-1,2012,130555117,434140.0,433880.0,-1.48314,53.800105,13,3,2,2,22/12/2012,7,19:30,204,E08000035,E08000035,6,0,3,30.0,6,2,6,0,0,0,4,2,2,0,0,1,2,2,E01011616
3145,2012130555117,2012,130555117,2,2,2,2,47,8,3,0,0,1,0,0,9,1,-1,2012,130555117,434140.0,433880.0,-1.48314,53.800105,13,3,2,2,22/12/2012,7,19:30,204,E08000035,E08000035,6,0,3,30.0,6,2,6,0,0,0,4,2,2,0,0,1,2,2,E01011616
3146,2012130555690,2012,130555690,1,1,1,2,67,10,3,0,0,0,0,0,3,1,-1,2012,130555690,436910.0,433610.0,-1.441117,53.79749,13,3,2,1,22/12/2012,7,19:35,204,E08000035,E08000035,3,6120,6,40.0,1,4,6,0,0,0,7,1,1,0,0,1,1,2,E01011418
3147,2012130557192,2012,130557192,1,1,3,2,21,5,3,6,9,0,0,0,0,1,-1,2012,130557192,437030.0,435290.0,-1.439094,53.812581,13,3,1,1,22/12/2012,7,04:15,204,E08000035,E08000035,6,0,6,30.0,0,-1,-1,-1,0,0,4,2,2,0,0,1,1,2,E01011407
3148,2012130557339,2012,130557339,1,1,1,1,44,7,3,0,0,0,0,0,9,-1,-1,2012,130557339,427710.0,431040.0,-1.581017,53.77496,13,3,2,2,24/12/2012,2,14:10,204,E08000035,E08000035,1,621,6,30.0,3,4,3,6110,0,0,1,1,1,0,0,1,1,1,E01011369
3149,2012130557339,2012,130557339,2,2,1,1,43,7,3,0,0,0,0,0,9,1,-1,2012,130557339,427710.0,431040.0,-1.581017,53.77496,13,3,2,2,24/12/2012,2,14:10,204,E08000035,E08000035,1,621,6,30.0,3,4,3,6110,0,0,1,1,1,0,0,1,1,1,E01011369
3150,2012130557374,2012,130557374,1,1,2,1,30,6,3,0,0,1,0,0,9,-1,-1,2012,130557374,431880.0,435510.0,-1.517283,53.814898,13,3,2,1,24/12/2012,2,19:50,204,E08000035,E08000035,6,0,6,30.0,3,4,6,0,0,0,7,1,1,0,0,1,1,2,E01011429
3151,2012130557569,2012,130557569,1,1,3,2,67,10,2,5,3,0,0,0,0,1,-1,2012,130557569,420530.0,440550.0,-1.689331,53.860767,13,2,1,1,24/12/2012,2,22:30,204,E08000035,E08000035,6,0,6,30.0,3,4,6,0,0,0,4,1,2,0,0,1,1,2,E01011278
3152,2012130557987,2012,130557987,1,1,1,1,19,4,3,0,0,0,0,0,9,1,-1,2012,130557987,427230.0,430500.0,-1.588348,53.770132,13,3,1,2,25/12/2012,3,12:00,204,E08000035,E08000035,6,0,6,30.0,3,1,6,0,0,0,1,1,2,0,0,1,1,2,E01011318
3153,2012130557987,2012,130557987,1,2,2,2,21,5,3,0,0,1,0,0,9,-1,-1,2012,130557987,427230.0,430500.0,-1.588348,53.770132,13,3,1,2,25/12/2012,3,12:00,204,E08000035,E08000035,6,0,6,30.0,3,1,6,0,0,0,1,1,2,0,0,1,1,2,E01011318
3154,2012130558095,2012,130558095,3,1,2,2,27,6,3,0,0,2,0,0,9,1,-1,2012,130558095,431880.0,435060.0,-1.51733,53.810854,13,3,3,1,26/12/2012,4,00:42,204,E08000035,E08000035,6,0,6,30.0,3,4,6,0,0,0,7,1,1,0,0,1,1,2,E01011673
3155,2012130558142,2012,130558142,1,1,3,1,21,5,3,10,9,0,0,0,0,1,-1,2012,130558142,430980.0,433510.0,-1.531153,53.796977,13,3,1,1,26/12/2012,4,05:00,204,E08000035,E08000035,6,0,6,30.0,0,-1,-1,-1,0,0,7,1,1,0,0,1,1,2,E01011365
3156,2012130558590,2012,130558590,1,1,1,1,18,4,3,0,0,0,0,0,9,1,-1,2012,130558590,425020.0,435110.0,-1.621504,53.811677,13,3,1,2,26/12/2012,4,19:35,204,E08000035,E08000035,6,0,6,30.0,3,4,6,0,0,0,7,1,1,0,0,1,1,2,E01011295
3157,2012130558590,2012,130558590,1,2,2,1,19,4,3,0,0,1,0,0,9,-1,-1,2012,130558590,425020.0,435110.0,-1.621504,53.811677,13,3,1,2,26/12/2012,4,19:35,204,E08000035,E08000035,6,0,6,30.0,3,4,6,0,0,0,7,1,1,0,0,1,1,2,E01011295
3158,2012130559202,2012,130559202,1,1,1,1,42,7,3,0,0,0,0,0,9,-1,-1,2012,130559202,419910.0,441050.0,-1.698726,53.865285,13,3,2,2,27/12/2012,5,11:00,204,E08000035,E08000035,3,65,6,30.0,0,-1,-1,-1,0,0,1,1,1,0,0,1,1,2,E01011275
3159,2012130559202,2012,130559202,2,2,1,2,30,6,3,0,0,0,0,0,9,1,-1,2012,130559202,419910.0,441050.0,-1.698726,53.865285,13,3,2,2,27/12/2012,5,11:00,204,E08000035,E08000035,3,65,6,30.0,0,-1,-1,-1,0,0,1,1,1,0,0,1,1,2,E01011275
3160,2012130559283,2012,130559283,2,1,1,2,30,6,3,0,0,0,0,0,9,1,-1,2012,130559283,435720.0,428970.0,-1.459719,53.755869,13,3,2,1,24/12/2012,2,13:08,204,E08000035,E08000035,6,0,6,30.0,3,4,6,0,0,0,1,1,1,0,0,1,1,2,E01011640
3161,2012130559322,2012,130559322,1,1,1,2,17,4,3,0,0,0,0,0,9,1,-1,2012,130559322,423740.0,435640.0,-1.640903,53.816501,13,3,1,2,24/12/2012,2,10:45,204,E08000035,E08000035,3,657,6,30.0,6,2,4,6157,0,0,1,2,2,0,0,1,1,2,E01011330
3162,2012130559322,2012,130559322,1,2,2,1,51,8,3,0,0,1,0,0,9,1,-1,2012,130559322,423740.0,435640.0,-1.640903,53.816501,13,3,1,2,24/12/2012,2,10:45,204,E08000035,E08000035,3,657,6,30.0,6,2,4,6157,0,0,1,2,2,0,0,1,1,2,E01011330
3163,2012130559644,2012,130559644,1,1,3,2,27,6,3,6,9,0,0,0,0,1,-1,2012,130559644,430380.0,433600.0,-1.540253,53.797821,13,3,1,1,27/12/2012,5,11:38,204,E08000035,E08000035,6,0,6,30.0,0,-1,-1,-1,0,0,1,1,1,0,0,1,1,2,E01011365
3164,2012130560099,2012,130560099,2,1,1,1,25,5,3,0,0,0,0,0,9,1,-1,2012,130560099,427170.0,435290.0,-1.588837,53.813187,13,3,2,2,24/12/2012,2,01:35,204,E08000035,E08000035,6,0,6,30.0,0,-1,-1,-1,0,0,4,1,1,0,0,1,1,2,E01011480
3165,2012130560099,2012,130560099,2,2,2,2,19,4,3,0,0,2,0,0,9,1,-1,2012,130560099,427170.0,435290.0,-1.588837,53.813187,13,3,2,2,24/12/2012,2,01:35,204,E08000035,E08000035,6,0,6,30.0,0,-1,-1,-1,0,0,4,1,1,0,0,1,1,2,E01011480
3166,2012130560892,2012,130560892,1,1,3,1,9,2,3,1,1,0,0,0,0,1,-1,2012,130560892,432440.0,434840.0,-1.508849,53.808842,13,3,1,1,28/12/2012,6,16:25,204,E08000035,E08000035,6,0,6,30.0,6,2,4,6159,0,5,4,2,2,0,0,1,1,2,E01011344
3167,2012130561372,2012,130561372,1,1,3,2,10,2,3,10,9,0,0,0,0,1,-1,2012,130561372,432740.0,433880.0,-1.504395,53.800195,13,2,1,2,28/12/2012,6,11:48,204,E08000035,E08000035,3,64,6,30.0,0,-1,-1,-1,0,0,1,1,1,0,0,1,1,2,E01011615
3168,2012130561372,2012,130561372,1,2,3,2,42,7,2,10,9,0,0,0,0,1,-1,2012,130561372,432740.0,433880.0,-1.504395,53.800195,13,2,1,2,28/12/2012,6,11:48,204,E08000035,E08000035,3,64,6,30.0,0,-1,-1,-1,0,0,1,1,1,0,0,1,1,2,E01011615
3169,2012130562510,2012,130562510,1,1,3,1,43,7,3,10,9,0,0,0,0,2,-1,2012,130562510,430620.0,433230.0,-1.536646,53.794482,13,3,1,1,30/12/2012,1,03:10,204,E08000035,E08000035,6,0,6,30.0,0,-1,-1,-1,0,0,7,1,1,0,0,1,1,2,E01011365
3170,2012130563061,2012,130563061,1,1,1,2,34,6,3,0,0,0,0,0,9,1,-1,2012,130563061,428040.0,434300.0,-1.575714,53.804243,13,3,3,2,30/12/2012,1,14:44,204,E08000035,E08000035,3,65,6,30.0,3,2,6,0,0,0,1,1,1,0,0,1,1,2,E01011483
3171,2012130563061,2012,130563061,3,2,1,2,32,6,3,0,0,0,0,0,9,1,-1,2012,130563061,428040.0,434300.0,-1.575714,53.804243,13,3,3,2,30/12/2012,1,14:44,204,E08000035,E08000035,3,65,6,30.0,3,2,6,0,0,0,1,1,1,0,0,1,1,2,E01011483
3172,2012130564262,2012,130564262,2,2,1,2,70,10,3,0,0,0,0,0,9,2,-1,2012,130564262,436960.0,433610.0,-1.440358,53.797486,13,3,3,3,31/12/2012,2,15:05,204,E08000035,E08000035,3,63,3,40.0,0,-1,-1,-1,0,4,1,1,1,0,0,1,1,2,E01011418
3173,2012130564262,2012,130564262,2,3,2,1,42,7,3,0,0,1,0,0,9,1,-1,2012,130564262,436960.0,433610.0,-1.440358,53.797486,13,3,3,3,31/12/2012,2,15:05,204,E08000035,E08000035,3,63,3,40.0,0,-1,-1,-1,0,4,1,1,1,0,0,1,1,2,E01011418
3174,2012130564262,2012,130564262,3,1,1,2,58,9,3,0,0,0,0,0,9,3,-1,2012,130564262,436960.0,433610.0,-1.440358,53.797486,13,3,3,3,31/12/2012,2,15:05,204,E08000035,E08000035,3,63,3,40.0,0,-1,-1,-1,0,4,1,1,1,0,0,1,1,2,E01011418
3175,2012130564293,2012,130564293,1,1,2,2,81,11,3,0,0,0,4,0,11,1,-1,2012,130564293,431970.0,433590.0,-1.516115,53.797636,13,3,1,1,31/12/2012,2,16:15,204,E08000035,E08000035,3,64,3,40.0,0,-1,-1,-1,0,0,1,1,2,0,0,1,1,2,E01011338
3176,2012130564333,2012,130564333,1,1,3,1,33,6,3,5,1,0,0,0,0,1,-1,2012,130564333,430180.0,433930.0,-1.543257,53.800799,13,3,1,1,31/12/2012,2,17:13,204,E08000035,E08000035,6,0,6,30.0,3,4,6,0,0,0,7,1,2,0,0,1,1,2,E01011365
3177,2012130564495,2012,130564495,1,1,3,1,13,3,3,5,1,0,0,0,0,1,-1,2012,130564495,431890.0,434920.0,-1.517192,53.809595,13,3,1,1,31/12/2012,2,19:40,204,E08000035,E08000035,6,0,6,30.0,3,4,6,0,0,0,4,1,2,0,0,1,1,2,E01011677
3178,2013130082905,2013,130082905,1,1,2,2,19,4,3,0,0,1,0,0,9,1,-1,2013,130082905,431983.0,435510.0,-1.51572,53.814892,13,3,2,1,26/02/2013,3,17:30,204,E08000035,E08000035,6,0,6,30.0,6,4,6,0,0,0,4,1,1,0,0,1,1,2,E01011428
3179,2013130082952,2013,130082952,1,1,3,2,15,3,3,1,9,0,0,0,0,1,-1,2013,130082952,426934.0,433758.0,-1.592555,53.799431,13,3,1,1,23/02/2013,7,14:30,204,E08000035,E08000035,3,647,6,30.0,0,-1,-1,-1,0,4,1,1,1,0,0,1,1,2,E01011284
3180,2013130083213,2013,130083213,1,1,1,1,17,4,2,0,0,0,0,0,3,2,-1,2013,130083213,422001.0,446005.0,-1.666576,53.909737,13,2,2,1,17/02/2013,1,17:20,204,E08000035,E08000035,3,659,6,60.0,3,4,6,0,0,0,7,1,1,0,0,2,1,2,E01011569
3181,2013130083221,2013,130083221,2,1,1,1,18,4,3,0,0,0,0,0,9,1,-1,2013,130083221,422575.0,435470.0,-1.65861,53.815025,13,3,2,1,23/02/2013,7,01:20,204,E08000035,E08000035,6,0,6,30.0,0,-1,-1,-1,0,0,7,1,1,0,0,1,1,2,E01011328
3182,2013130083228,2013,130083228,1,1,1,1,34,6,2,0,0,0,0,0,9,1,-1,2013,130083228,423083.0,437688.0,-1.650729,53.834938,13,2,1,1,24/02/2013,1,03:30,204,E08000035,E08000035,3,6120,6,40.0,0,-1,-1,-1,0,0,7,1,1,0,0,1,1,2,E01011465
3183,2013130083944,2013,130083944,2,1,1,1,43,7,3,0,0,0,0,0,3,1,-1,2013,130083944,425683.0,442995.0,-1.610779,53.882515,13,3,2,1,25/02/2013,2,09:15,204,E08000035,E08000035,3,660,6,30.0,3,4,6,0,0,4,1,1,2,0,0,2,1,2,E01032504
3184,2013130084030,2013,130084030,1,1,1,1,20,4,3,0,0,0,0,0,3,1,-1,2013,130084030,436450.0,435091.0,-1.447926,53.810834,13,3,2,1,25/02/2013,2,11:29,204,E08000035,E08000035,6,0,6,30.0,0,-1,-1,-1,0,0,1,1,2,0,0,1,1,2,E01011406
3185,2013130084674,2013,130084674,2,1,1,1,60,9,3,0,0,0,0,0,1,1,-1,2013,130084674,427660.0,436648.0,-1.581274,53.825368,13,3,2,1,25/02/2013,2,16:30,204,E08000035,E08000035,3,660,6,30.0,3,4,6,0,0,0,1,1,1,0,0,1,1,2,E01011694
3186,2013130084707,2013,130084707,1,1,1,1,54,8,3,0,0,0,0,0,9,1,-1,2013,130084707,428962.0,433918.0,-1.561751,53.80076,13,3,2,1,25/02/2013,2,19:25,204,E08000035,E08000035,6,0,6,30.0,0,-1,-1,-1,0,0,7,1,1,0,0,1,1,2,E01011678
3187,2013130084731,2013,130084731,1,1,3,2,38,7,3,5,1,0,0,0,0,1,-1,2013,130084731,431777.0,435548.0,-1.518844,53.815247,13,3,1,1,25/02/2013,2,19:20,204,E08000035,E08000035,3,58,6,30.0,3,4,6,0,0,0,7,1,1,0,0,1,1,2,E01011429
3188,2013130084743,2013,130084743,1,1,3,1,36,7,3,4,9,0,0,0,0,1,-1,2013,130084743,436442.0,428445.0,-1.448831,53.751102,13,3,1,1,25/02/2013,2,16:33,204,E08000035,E08000035,3,642,6,30.0,0,-1,-1,-1,0,4,1,1,1,0,0,1,1,2,E01011635
3189,2013130084778,2013,130084778,1,1,1,2,21,5,3,0,0,0,0,0,3,1,-1,2013,130084778,432525.0,427558.0,-1.508324,53.743388,13,3,1,1,25/02/2013,2,18:32,204,E08000035,E08000035,3,61,6,30.0,6,2,6,0,0,4,4,8,2,0,0,1,1,2,E01011496
3190,2013130084973,2013,130084973,1,1,1,2,21,5,3,0,0,0,0,0,9,1,-1,2013,130084973,430092.0,435421.0,-1.544448,53.814205,13,3,2,2,25/02/2013,2,22:45,204,E08000035,E08000035,6,0,6,30.0,0,-1,-1,-1,0,0,4,1,1,0,0,1,1,2,E01011670
3191,2013130084973,2013,130084973,2,2,1,1,19,4,3,0,0,0,0,0,5,1,-1,2013,130084973,430092.0,435421.0,-1.544448,53.814205,13,3,2,2,25/02/2013,2,22:45,204,E08000035,E08000035,6,0,6,30.0,0,-1,-1,-1,0,0,4,1,1,0,0,1,1,2,E01011670
3192,2013130086154,2013,130086154,2,1,1,1,20,4,3,0,0,0,0,0,1,1,-1,2013,130086154,427995.0,436018.0,-1.576242,53.819688,13,3,2,1,25/02/2013,2,17:00,204,E08000035,E08000035,6,0,6,30.0,3,4,3,660,0,0,7,1,1,0,0,1,1,2,E01011440
3193,2013130087484,2013,130087484,1,1,1,1,38,7,3,0,0,0,0,0,9,1,-1,2013,130087484,436158.0,434705.0,-1.452406,53.807385,13,3,2,1,26/02/2013,3,18:39,204,E08000035,E08000035,6,0,3,30.0,3,2,6,0,0,0,4,1,1,0,0,1,2,2,E01011345
3194,2013130087769,2013,130087769,1,1,3,1,6,2,3,5,1,0,0,0,0,-1,-1,2013,130087769,430857.0,428647.0,-1.533506,53.753277,13,3,1,1,27/02/2013,4,16:00,204,E08000035,E08000035,6,0,6,30.0,0,-1,-1,-1,0,0,1,1,1,0,0,1,1,2,E01032497
3195,2013130087921,2013,130087921,1,1,1,1,39,7,2,0,0,0,0,0,4,1,-1,2013,130087921,445376.0,431631.0,-1.312887,53.779036,13,2,1,1,27/02/2013,4,17:28,204,E08000035,E08000035,3,63,1,60.0,1,4,6,0,0,0,4,1,1,0,0,2,1,2,E01011299
3196,2013130088202,2013,130088202,2,1,1,2,36,7,3,0,0,0,0,0,9,1,-1,2013,130088202,432274.0,435064.0,-1.511347,53.810866,13,3,2,3,27/02/2013,4,20:15,204,E08000035,E08000035,4,6159,6,30.0,0,-1,-1,-1,0,0,4,1,1,0,0,1,1,2,E01011432
3197,2013130088202,2013,130088202,2,2,2,2,41,7,3,0,0,1,0,0,9,1,-1,2013,130088202,432274.0,435064.0,-1.511347,53.810866,13,3,2,3,27/02/2013,4,20:15,204,E08000035,E08000035,4,6159,6,30.0,0,-1,-1,-1,0,0,4,1,1,0,0,1,1,2,E01011432
3198,2013130088202,2013,130088202,2,3,2,2,39,7,3,0,0,2,0,0,9,1,-1,2013,130088202,432274.0,435064.0,-1.511347,53.810866,13,3,2,3,27/02/2013,4,20:15,204,E08000035,E08000035,4,6159,6,30.0,0,-1,-1,-1,0,0,4,1,1,0,0,1,1,2,E01011432
3199,2013130088740,2013,130088740,2,1,1,1,29,6,3,0,0,0,0,0,1,-1,-1,2013,130088740,432348.0,433686.0,-1.510367,53.798476,13,3,2,1,28/02/2013,5,07:25,204,E08000035,E08000035,3,64,6,30.0,1,4,6,0,0,0,7,1,1,0,0,1,1,2,E01011348
3200,2013130089176,2013,130089176,2,1,1,1,38,7,3,0,0,0,0,0,1,1,-1,2013,130089176,436104.0,435588.0,-1.453123,53.815325,13,3,2,1,28/02/2013,5,11:50,204,E08000035,E08000035,3,64,1,30.0,1,4,3,6120,0,0,1,1,1,0,0,1,1,2,E01011724
3201,2013130089273,2013,130089273,1,1,1,1,25,5,3,0,0,0,0,0,9,1,-1,2013,130089273,427221.0,430682.0,-1.588469,53.771769,13,3,2,1,21/04/2013,1,15:40,204,E08000035,E08000035,1,621,3,50.0,0,-1,-1,-1,0,0,1,1,1,0,0,1,2,1,E01011318
3202,2013130089485,2013,130089485,1,1,3,2,11,3,3,10,9,0,0,0,0,1,-1,2013,130089485,420352.0,434253.0,-1.692453,53.804178,13,3,1,1,28/02/2013,5,15:53,204,E08000035,E08000035,3,647,3,30.0,0,-1,-1,-1,0,0,1,1,1,0,0,1,1,2,E01011595
3203,2013130089616,2013,130089616,1,1,3,1,19,4,2,4,9,0,0,0,0,1,-1,2013,130089616,428908.0,435509.0,-1.562422,53.815063,13,2,1,1,28/02/2013,5,17:25,204,E08000035,E08000035,3,660,6,30.0,6,4,6,0,0,5,4,1,1,0,0,1,1,2,E01011443
3204,2013130089729,2013,130089729,1,1,1,1,43,7,3,0,0,0,0,0,9,1,-1,2013,130089729,431878.0,435391.0,-1.517327,53.813829,13,3,2,1,28/02/2013,5,18:35,204,E08000035,E08000035,6,0,6,30.0,3,4,6,0,0,0,4,1,1,0,0,1,1,2,E01011428
3205,2013130089804,2013,130089804,2,1,1,1,20,4,2,0,0,0,0,0,2,1,-1,2013,130089804,432283.0,435048.0,-1.511212,53.810722,13,2,2,1,28/02/2013,5,18:43,204,E08000035,E08000035,4,6159,6,30.0,6,2,6,0,0,5,4,1,1,0,0,1,1,2,E01011432
3206,2013130089835,2013,130089835,2,1,1,2,40,7,3,0,0,0,0,0,9,1,-1,2013,130089835,429587.0,430994.0,-1.552542,53.774445,13,3,2,1,28/02/2013,5,17:12,204,E08000035,E08000035,6,0,6,30.0,3,4,6,0,0,0,7,1,1,0,0,1,1,2,E01011375
3207,2013130089893,2013,130089893,1,1,3,2,57,9,3,4,3,0,0,0,0,1,-1,2013,130089893,430089.0,431278.0,-1.544897,53.776969,13,3,1,1,28/02/2013,5,21:09,204,E08000035,E08000035,3,653,6,30.0,0,-1,-1,-1,0,5,4,1,1,0,0,1,1,2,E01011371
3208,2013130090039,2013,130090039,1,1,2,2,17,4,3,0,0,0,2,0,11,1,-1,2013,130090039,430443.0,433718.0,-1.539285,53.798878,13,3,1,1,28/02/2013,5,22:00,204,E08000035,E08000035,6,0,6,30.0,0,-1,-1,-1,0,0,7,1,1,0,0,1,1,2,E01033010
3209,2013130090045,2013,130090045,2,1,1,1,36,7,3,0,0,0,0,0,8,1,-1,2013,130090045,430660.0,433926.0,-1.53597,53.800735,13,3,2,4,28/02/2013,5,22:45,204,E08000035,E08000035,6,0,6,30.0,3,4,6,0,0,0,4,1,1,0,0,1,1,2,E01033002
3210,2013130090045,2013,130090045,2,2,2,1,27,6,3,0,0,1,0,0,8,1,-1,2013,130090045,430660.0,433926.0,-1.53597,53.800735,13,3,2,4,28/02/2013,5,22:45,204,E08000035,E08000035,6,0,6,30.0,3,4,6,0,0,0,4,1,1,0,0,1,1,2,E01033002
3211,2013130090045,2013,130090045,2,3,2,2,23,5,3,0,0,2,0,0,8,1,-1,2013,130090045,430660.0,433926.0,-1.53597,53.800735,13,3,2,4,28/02/2013,5,22:45,204,E08000035,E08000035,6,0,6,30.0,3,4,6,0,0,0,4,1,1,0,0,1,1,2,E01033002
3212,2013130090045,2013,130090045,2,4,2,1,35,6,3,0,0,2,0,0,8,1,-1,2013,130090045,430660.0,433926.0,-1.53597,53.800735,13,3,2,4,28/02/2013,5,22:45,204,E08000035,E08000035,6,0,6,30.0,3,4,6,0,0,0,4,1,1,0,0,1,1,2,E01033002
3213,2013130090374,2013,130090374,1,1,1,2,34,6,3,0,0,0,0,0,19,1,-1,2013,130090374,432294.0,426168.0,-1.511971,53.730909,13,3,2,1,09/12/2013,2,09:45,204,E08000035,E08000035,1,1,1,70.0,1,4,1,62,0,0,1,1,1,0,0,2,1,1,E01011499
3214,2013130090640,2013,130090640,2,1,1,1,50,8,3,0,0,0,0,0,19,1,-1,2013,130090640,433915.0,428883.0,-1.487104,53.755208,13,3,2,1,01/03/2013,6,10:00,204,E08000035,E08000035,6,0,6,30.0,3,4,6,0,0,4,1,1,1,0,0,1,1,2,E01011630
3215,2013130090846,2013,130090846,1,1,3,1,31,6,3,1,1,0,0,0,0,1,-1,2013,130090846,430327.0,433897.0,-1.541029,53.800494,13,3,1,1,28/02/2013,5,17:05,204,E08000035,E08000035,6,0,2,30.0,7,2,6,0,0,5,7,1,1,0,0,1,2,2,E01033010
3216,2013130091158,2013,130091158,1,1,3,2,3,1,2,9,9,0,0,0,0,1,-1,2013,130091158,436598.0,434722.0,-1.445723,53.807507,13,2,1,1,01/03/2013,6,15:45,204,E08000035,E08000035,6,0,6,30.0,3,4,6,0,0,0,1,1,1,0,0,1,1,2,E01011409
3217,2013130091378,2013,130091378,2,1,1,1,22,5,3,0,0,0,0,0,9,1,-1,2013,130091378,429104.0,433566.0,-1.559628,53.797589,13,3,2,1,01/03/2013,6,14:30,204,E08000035,E08000035,3,58,1,40.0,1,2,6,0,0,0,1,1,1,0,0,1,2,2,E01033008
3218,2013130091406,2013,130091406,1,1,1,2,29,6,3,0,0,0,0,0,9,1,-1,2013,130091406,430619.0,433724.0,-1.536613,53.798922,13,3,2,1,28/02/2013,5,12:15,204,E08000035,E08000035,6,0,6,30.0,3,2,6,0,0,5,1,1,1,0,0,1,2,2,E01033010
3219,2013130091781,2013,130091781,3,1,1,2,30,6,3,0,0,0,0,0,9,-1,-1,2013,130091781,431599.0,434009.0,-1.521705,53.801425,13,3,3,3,01/03/2013,6,19:55,204,E08000035,E08000035,6,0,1,30.0,2,4,6,0,0,0,7,1,1,0,0,1,1,2,E01011349
3220,2013130091781,2013,130091781,3,2,2,1,31,6,3,0,0,2,0,0,9,1,-1,2013,130091781,431599.0,434009.0,-1.521705,53.801425,13,3,3,3,01/03/2013,6,19:55,204,E08000035,E08000035,6,0,1,30.0,2,4,6,0,0,0,7,1,1,0,0,1,1,2,E01011349
3221,2013130091781,2013,130091781,3,3,2,1,45,7,3,0,0,1,0,0,9,1,-1,2013,130091781,431599.0,434009.0,-1.521705,53.801425,13,3,3,3,01/03/2013,6,19:55,204,E08000035,E08000035,6,0,1,30.0,2,4,6,0,0,0,7,1,1,0,0,1,1,2,E01011349
3222,2013130092046,2013,130092046,1,2,2,1,71,10,3,0,0,1,0,0,9,3,-1,2013,130092046,431918.0,428283.0,-1.517453,53.749941,13,3,2,2,02/03/2013,7,08:10,204,E08000035,E08000035,1,1,3,70.0,0,-1,-1,-1,0,0,1,1,1,0,0,2,1,1,E01011502
3223,2013130092046,2013,130092046,2,1,1,1,75,10,3,0,0,0,0,0,9,1,-1,2013,130092046,431918.0,428283.0,-1.517453,53.749941,13,3,2,2,02/03/2013,7,08:10,204,E08000035,E08000035,1,1,3,70.0,0,-1,-1,-1,0,0,1,1,1,0,0,2,1,1,E01011502
3224,2013130092983,2013,130092983,1,1,1,1,22,5,3,0,0,0,0,0,9,1,-1,2013,130092983,420672.0,440782.0,-1.687157,53.862847,13,3,2,2,02/03/2013,7,18:05,204,E08000035,E08000035,6,0,6,30.0,3,4,6,0,0,0,4,1,1,0,0,1,1,2,E01011274
3225,2013130092983,2013,130092983,2,2,2,2,50,8,3,0,0,2,0,0,9,1,-1,2013,130092983,420672.0,440782.0,-1.687157,53.862847,13,3,2,2,02/03/2013,7,18:05,204,E08000035,E08000035,6,0,6,30.0,3,4,6,0,0,0,4,1,1,0,0,1,1,2,E01011274