,accident_index,accident_year_x,accident_reference_x,vehicle_reference,casualty_reference,casualty_class,sex_of_casualty,age_of_casualty,age_band_of_casualty,casualty_severity,pedestrian_location,pedestrian_movement,car_passenger,bus_or_coach_passenger,pedestrian_road_maintenance_worker,casualty_type,casualty_home_area_type,casualty_imd_decile,accident_year_y,accident_reference_y,location_easting_osgr,location_northing_osgr,longitude,latitude,police_force,accident_severity,number_of_vehicles,number_of_casualties,date,day_of_week,time,local_authority_district,local_authority_ons_district,local_authority_highway,first_road_class,first_road_number,road_type,speed_limit,junction_detail,junction_control,second_road_class,second_road_number,pedestrian_crossing_human_control,pedestrian_crossing_physical_facilities,light_conditions,weather_conditions,road_surface_conditions,special_conditions_at_site,carriageway_hazards,urban_or_rural_area,did_police_officer_attend_scene_of_accident,trunk_road_flag,lsoa_of_accident_location
3226,2013130093162,2013,130093162,1,1,3,1,20,4,2,9,9,0,0,0,0,1,-1,2013,130093162,429935.0,433739.0,-1.546996,53.799097,13,2,1,1,02/03/2013,7,22:23,204,E08000035,E08000035,6,0,6,30.0,3,2,6,0,0,5,4,1,1,0,0,1,1,2,E01033010
3227,2013130093361,2013,130093361,1,1,3,2,22,5,2,10,9,0,0,0,0,1,-1,2013,130093361,427620.0,436156.0,-1.581926,53.820948,13,2,1,1,02/03/2013,7,21:55,204,E08000035,E08000035,6,0,6,30.0,3,4,6,0,0,0,7,1,1,0,0,1,1,2,E01011435
3228,2013130093478,2013,130093478,1,1,1,1,21,5,3,0,0,0,0,0,9,1,-1,2013,130093478,444812.0,432308.0,-1.321347,53.78517,13,3,2,1,02/03/2013,7,05:57,204,E08000035,E08000035,2,1,3,70.0,0,-1,-1,-1,0,0,6,1,1,0,0,2,1,1,E01011297
3229,2013130093488,2013,130093488,2,1,1,1,28,6,3,0,0,0,0,0,9,1,-1,2013,130093488,430304.0,427708.0,-1.541984,53.744869,13,3,3,2,22/02/2013,6,21:30,204,E08000035,E08000035,6,0,6,30.0,6,4,6,0,0,0,4,1,1,0,0,1,2,2,E01011494
3230,2013130093488,2013,130093488,2,2,2,1,22,5,3,0,0,1,0,0,9,1,-1,2013,130093488,430304.0,427708.0,-1.541984,53.744869,13,3,3,2,22/02/2013,6,21:30,204,E08000035,E08000035,6,0,6,30.0,6,4,6,0,0,0,4,1,1,0,0,1,2,2,E01011494
3231,2013130093736,2013,130093736,2,1,2,2,27,6,3,0,0,1,0,0,9,1,-1,2013,130093736,430949.0,433298.0,-1.531645,53.795074,13,3,2,1,02/03/2013,7,17:20,204,E08000035,E08000035,6,0,6,30.0,6,2,6,0,0,0,7,1,1,0,0,1,1,2,E01033033
3232,2013130093805,2013,130093805,2,1,1,1,47,8,3,0,0,0,0,0,9,1,-1,2013,130093805,428789.0,429724.0,-1.564768,53.763075,13,3,3,5,03/03/2013,1,11:10,204,E08000035,E08000035,3,653,6,30.0,0,-1,-1,-1,0,0,1,1,1,0,0,1,1,2,E01011322
3233,2013130093805,2013,130093805,2,3,2,1,17,4,3,0,0,2,0,0,9,1,-1,2013,130093805,428789.0,429724.0,-1.564768,53.763075,13,3,3,5,03/03/2013,1,11:10,204,E08000035,E08000035,3,653,6,30.0,0,-1,-1,-1,0,0,1,1,1,0,0,1,1,2,E01011322
3234,2013130093805,2013,130093805,2,4,2,1,13,3,3,0,0,2,0,0,9,1,-1,2013,130093805,428789.0,429724.0,-1.564768,53.763075,13,3,3,5,03/03/2013,1,11:10,204,E08000035,E08000035,3,653,6,30.0,0,-1,-1,-1,0,0,1,1,1,0,0,1,1,2,E01011322
3235,2013130093805,2013,130093805,3,2,1,1,37,7,3,0,0,0,0,0,9,1,-1,2013,130093805,428789.0,429724.0,-1.564768,53.763075,13,3,3,5,03/03/2013,1,11:10,204,E08000035,E08000035,3,653,6,30.0,0,-1,-1,-1,0,0,1,1,1,0,0,1,1,2,E01011322
3236,2013130093805,2013,130093805,3,5,2,2,56,9,3,0,0,2,0,0,9,1,-1,2013,130093805,428789.0,429724.0,-1.564768,53.763075,13,3,3,5,03/03/2013,1,11:10,204,E08000035,E08000035,3,653,6,30.0,0,-1,-1,-1,0,0,1,1,1,0,0,1,1,2,E01011322
3237,2013130093954,2013,130093954,2,1,1,1,41,7,3,0,0,0,0,0,1,1,-1,2013,130093954,428523.0,426060.0,-1.56914,53.730157,13,3,2,1,03/03/2013,1,12:40,204,E08000035,E08000035,3,650,6,30.0,0,-1,-1,-1,0,0,1,1,1,0,0,1,1,2,E01011553
3238,2013130094059,2013,130094059,1,1,1,1,49,8,2,0,0,0,0,0,5,1,-1,2013,130094059,423717.0,433428.0,-1.641422,53.796621,13,2,1,1,03/03/2013,1,14:45,204,E08000035,E08000035,4,6154,6,30.0,3,4,6,0,0,0,1,1,1,0,0,1,1,2,E01011614
3239,2013130094287,2013,130094287,1,1,1,1,30,6,2,0,0,0,0,0,9,-1,-1,2013,130094287,427374.0,438198.0,-1.585482,53.839314,13,2,2,3,03/03/2013,1,02:45,204,E08000035,E08000035,6,0,6,30.0,0,-1,-1,-1,0,0,4,1,1,0,0,1,1,2,E01032876
3240,2013130094287,2013,130094287,1,3,2,1,46,8,2,0,0,1,0,0,9,1,-1,2013,130094287,427374.0,438198.0,-1.585482,53.839314,13,2,2,3,03/03/2013,1,02:45,204,E08000035,E08000035,6,0,6,30.0,0,-1,-1,-1,0,0,4,1,1,0,0,1,1,2,E01032876
3241,2013130094287,2013,130094287,2,2,1,1,32,6,3,0,0,0,0,0,9,1,-1,2013,130094287,427374.0,438198.0,-1.585482,53.839314,13,2,2,3,03/03/2013,1,02:45,204,E08000035,E08000035,6,0,6,30.0,0,-1,-1,-1,0,0,4,1,1,0,0,1,1,2,E01032876
3242,2013130094305,2013,130094305,1,1,2,2,71,10,3,0,0,0,1,0,11,1,-1,2013,130094305,427625.0,435964.0,-1.581867,53.819222,13,3,1,1,03/03/2013,1,14:50,204,E08000035,E08000035,6,0,6,30.0,3,4,6,0,0,0,1,1,1,0,0,1,1,2,E01011435
3243,2013130094653,2013,130094653,2,1,1,1,57,9,3,0,0,0,0,0,8,1,-1,2013,130094653,429054.0,435490.0,-1.560206,53.814884,13,3,2,1,03/03/2013,1,13:00,204,E08000035,E08000035,6,0,6,30.0,6,4,6,0,0,0,1,1,1,0,0,1,1,2,E01011668
3244,2013130095803,2013,130095803,2,1,1,1,31,6,3,0,0,0,0,0,9,1,-1,2013,130095803,428558.0,431429.0,-1.568115,53.778412,13,3,2,1,04/03/2013,2,16:33,204,E08000035,E08000035,3,643,3,40.0,3,4,6,0,0,0,1,1,1,0,0,1,1,2,E01011369
3245,2013130095818,2013,130095818,1,1,1,2,49,8,3,0,0,0,0,0,9,1,-1,2013,130095818,440394.0,428712.0,-1.388867,53.753211,13,3,2,1,04/03/2013,2,15:10,204,E08000035,E08000035,6,0,6,30.0,0,-1,-1,-1,0,0,1,1,1,0,0,2,1,2,E01011392
3246,2013130095875,2013,130095875,1,1,1,2,40,7,3,0,0,0,0,0,9,-1,-1,2013,130095875,429720.0,431856.0,-1.550441,53.782185,13,3,1,2,04/03/2013,2,17:25,204,E08000035,E08000035,6,0,6,30.0,0,-1,-1,-1,0,0,7,1,1,0,0,1,1,2,E01011364
3247,2013130095875,2013,130095875,1,2,2,1,48,8,3,0,0,1,0,0,9,-1,-1,2013,130095875,429720.0,431856.0,-1.550441,53.782185,13,3,1,2,04/03/2013,2,17:25,204,E08000035,E08000035,6,0,6,30.0,0,-1,-1,-1,0,0,7,1,1,0,0,1,1,2,E01011364
3248,2013130095996,2013,130095996,5,1,1,2,29,6,3,0,0,0,0,0,9,1,-1,2013,130095996,428908.0,433397.0,-1.56262,53.796081,13,3,5,1,04/03/2013,2,18:45,204,E08000035,E08000035,3,58,6,30.0,3,4,6,0,0,0,7,1,1,0,0,1,1,2,E01033015
3249,2013130096040,2013,130096040,1,1,1,1,34,6,3,0,0,0,0,0,9,-1,-1,2013,130096040,441175.0,431252.0,-1.376685,53.775978,13,3,2,2,04/03/2013,2,19:05,204,E08000035,E08000035,4,6137,6,30.0,3,4,6,0,0,0,7,1,1,0,0,1,1,2,E01011300
3250,2013130096040,2013,130096040,2,2,1,2,61,9,3,0,0,0,0,0,9,1,-1,2013,130096040,441175.0,431252.0,-1.376685,53.775978,13,3,2,2,04/03/2013,2,19:05,204,E08000035,E08000035,4,6137,6,30.0,3,4,6,0,0,0,7,1,1,0,0,1,1,2,E01011300
3251,2013130096565,2013,130096565,1,1,1,1,26,6,3,0,0,0,0,0,9,3,-1,2013,130096565,424793.0,438954.0,-1.624644,53.846238,13,3,2,2,05/03/2013,3,08:05,204,E08000035,E08000035,6,0,6,30.0,3,4,6,0,0,0,1,1,1,0,0,1,1,2,E01032502
3252,2013130096565,2013,130096565,2,2,1,1,44,7,3,0,0,0,0,0,9,1,-1,2013,130096565,424793.0,438954.0,-1.624644,53.846238,13,3,2,2,05/03/2013,3,08:05,204,E08000035,E08000035,6,0,6,30.0,3,4,6,0,0,0,1,1,1,0,0,1,1,2,E01032502
3253,2013130097393,2013,130097393,1,1,1,1,75,10,3,0,0,0,0,0,9,1,-1,2013,130097393,421016.0,434481.0,-1.682356,53.806201,13,3,2,1,05/03/2013,3,13:25,204,E08000035,E08000035,4,6157,6,30.0,0,-1,-1,-1,0,0,1,1,1,0,0,1,1,2,E01011599
3254,2013130097439,2013,130097439,1,1,1,2,22,5,3,0,0,0,0,0,9,2,-1,2013,130097439,430701.0,439040.0,-1.534839,53.846696,13,3,2,1,25/02/2013,2,17:18,204,E08000035,E08000035,3,61,1,30.0,1,4,4,6157,0,0,7,1,1,0,0,1,1,2,E01011512
3255,2013130097611,2013,130097611,2,1,1,1,36,7,3,0,0,0,0,0,9,1,-1,2013,130097611,430922.0,426526.0,-1.532731,53.734209,13,3,2,1,05/03/2013,3,16:09,204,E08000035,E08000035,1,62,7,50.0,5,4,1,1,0,0,1,1,1,0,0,2,1,1,E01011499
3256,2013130097661,2013,130097661,2,1,1,1,19,4,3,0,0,0,0,0,3,1,-1,2013,130097661,436013.0,429013.0,-1.455271,53.756236,13,3,3,1,05/03/2013,3,17:48,204,E08000035,E08000035,6,0,6,30.0,3,4,6,0,0,0,7,1,1,0,0,1,1,2,E01032488
3257,2013130098364,2013,130098364,1,1,3,1,65,9,3,5,9,0,0,0,0,1,-1,2013,130098364,428588.0,435664.0,-1.567268,53.816474,13,3,1,1,04/03/2013,2,18:00,204,E08000035,E08000035,6,0,6,30.0,3,4,3,660,0,0,7,1,1,0,0,1,1,2,E01011443
3258,2013130098441,2013,130098441,1,1,1,1,25,5,3,0,0,0,0,0,9,1,-1,2013,130098441,421066.0,434250.0,-1.681612,53.804122,13,3,2,3,05/03/2013,3,19:30,204,E08000035,E08000035,3,647,3,60.0,0,-1,-1,-1,0,0,7,7,1,0,0,1,2,2,E01011599
3259,2013130098441,2013,130098441,1,2,2,2,56,9,3,0,0,2,0,0,9,1,-1,2013,130098441,421066.0,434250.0,-1.681612,53.804122,13,3,2,3,05/03/2013,3,19:30,204,E08000035,E08000035,3,647,3,60.0,0,-1,-1,-1,0,0,7,7,1,0,0,1,2,2,E01011599
3260,2013130098441,2013,130098441,1,3,2,2,20,4,3,0,0,2,0,0,9,1,-1,2013,130098441,421066.0,434250.0,-1.681612,53.804122,13,3,2,3,05/03/2013,3,19:30,204,E08000035,E08000035,3,647,3,60.0,0,-1,-1,-1,0,0,7,7,1,0,0,1,2,2,E01011599
3261,2013130099158,2013,130099158,2,1,1,1,37,7,3,0,0,0,0,0,9,1,-1,2013,130099158,431093.0,433464.0,-1.529443,53.796557,13,3,2,2,06/03/2013,4,15:00,204,E08000035,E08000035,6,0,6,30.0,3,4,6,0,0,0,1,1,1,0,0,1,1,2,E01033033
3262,2013130099158,2013,130099158,2,2,2,2,50,8,3,0,0,1,0,0,9,-1,-1,2013,130099158,431093.0,433464.0,-1.529443,53.796557,13,3,2,2,06/03/2013,4,15:00,204,E08000035,E08000035,6,0,6,30.0,3,4,6,0,0,0,1,1,1,0,0,1,1,2,E01033033
3263,2013130099261,2013,130099261,1,1,3,1,2,1,3,5,4,0,0,0,0,1,-1,2013,130099261,422483.0,428694.0,-1.660499,53.754126,13,3,1,1,06/03/2013,4,15:15,204,E08000035,E08000035,6,0,6,30.0,0,-1,-1,-1,0,0,1,1,1,0,0,1,1,2,E01011527
3264,2013130099277,2013,130099277,1,1,1,2,37,7,3,0,0,0,0,0,9,1,-1,2013,130099277,431311.0,428960.0,-1.526589,53.756063,13,3,2,5,06/03/2013,4,16:24,204,E08000035,E08000035,6,0,6,30.0,6,4,6,0,0,0,1,1,2,0,0,1,1,2,E01011475
3265,2013130099277,2013,130099277,1,2,2,1,71,10,3,0,0,1,0,0,9,1,-1,2013,130099277,431311.0,428960.0,-1.526589,53.756063,13,3,2,5,06/03/2013,4,16:24,204,E08000035,E08000035,6,0,6,30.0,6,4,6,0,0,0,1,1,2,0,0,1,1,2,E01011475
3266,2013130099277,2013,130099277,1,3,2,1,5,1,3,0,0,2,0,0,9,1,-1,2013,130099277,431311.0,428960.0,-1.526589,53.756063,13,3,2,5,06/03/2013,4,16:24,204,E08000035,E08000035,6,0,6,30.0,6,4,6,0,0,0,1,1,2,0,0,1,1,2,E01011475
3267,2013130099277,2013,130099277,1,4,2,1,3,1,3,0,0,2,0,0,9,1,-1,2013,130099277,431311.0,428960.0,-1.526589,53.756063,13,3,2,5,06/03/2013,4,16:24,204,E08000035,E08000035,6,0,6,30.0,6,4,6,0,0,0,1,1,2,0,0,1,1,2,E01011475
3268,2013130099277,2013,130099277,1,5,2,2,1,1,3,0,0,2,0,0,9,1,-1,2013,130099277,431311.0,428960.0,-1.526589,53.756063,13,3,2,5,06/03/2013,4,16:24,204,E08000035,E08000035,6,0,6,30.0,6,4,6,0,0,0,1,1,2,0,0,1,1,2,E01011475
3269,2013130099346,2013,130099346,2,1,1,1,34,6,3,0,0,0,0,0,3,1,-1,2013,130099346,430737.0,435032.0,-1.534691,53.810671,13,3,2,1,06/03/2013,4,17:45,204,E08000035,E08000035,3,58,6,30.0,0,-1,-1,-1,0,0,7,1,1,0,0,1,1,2,E01011671
3270,20131300B0817,2013,1300B0817,1,1,1,1,39,7,3,0,0,0,0,0,9,1,-1,2013,1300B0817,431911.0,428150.0,-1.517572,53.748746,13,2,3,2,11/10/2013,6,14:04,204,E08000035,E08000035,1,1,3,70.0,0,-1,-1,-1,0,0,1,8,1,0,0,2,1,1,E01011502
3271,20131300B0817,2013,1300B0817,2,2,1,1,38,7,2,0,0,0,0,0,9,1,-1,2013,1300B0817,431911.0,428150.0,-1.517572,53.748746,13,2,3,2,11/10/2013,6,14:04,204,E08000035,E08000035,1,1,3,70.0,0,-1,-1,-1,0,0,1,8,1,0,0,2,1,1,E01011502
3272,20131300B1414,2013,1300B1414,1,1,1,2,55,8,3,0,0,0,0,0,9,-1,-1,2013,1300B1414,430678.0,430577.0,-1.536029,53.770634,13,3,2,1,11/11/2013,2,18:05,204,E08000035,E08000035,1,621,3,50.0,0,-1,-1,-1,0,0,4,1,1,0,0,1,1,1,E01011468
3273,20131300B1477,2013,1300B1477,1,1,1,2,46,8,3,0,0,0,0,0,9,3,-1,2013,1300B1477,425435.0,426520.0,-1.615908,53.734451,13,3,2,1,11/10/2013,6,15:30,204,E08000035,E08000035,1,62,3,70.0,0,-1,-1,-1,0,0,1,1,1,0,0,1,2,1,E01011534
3274,20131300D0401,2013,1300D0401,2,1,1,2,41,7,3,0,0,0,0,0,9,1,-1,2013,1300D0401,424090.0,428088.0,-1.636175,53.748608,13,3,3,2,13/11/2013,4,10:18,204,E08000035,E08000035,1,621,3,70.0,0,-1,-1,-1,0,0,1,1,1,0,0,1,1,1,E01011523
3275,20131300D0401,2013,1300D0401,3,2,1,1,30,6,3,0,0,0,0,0,9,-1,-1,2013,1300D0401,424090.0,428088.0,-1.636175,53.748608,13,3,3,2,13/11/2013,4,10:18,204,E08000035,E08000035,1,621,3,70.0,0,-1,-1,-1,0,0,1,1,1,0,0,1,1,1,E01011523
3276,20131300D1149,2013,1300D1149,1,1,1,1,34,6,3,0,0,0,0,0,9,1,-1,2013,1300D1149,430693.0,424510.0,-1.536402,53.716103,13,3,2,1,13/12/2013,6,17:00,204,E08000035,E08000035,3,650,1,30.0,1,2,3,650,0,0,4,2,2,0,0,2,1,2,E01011537
3277,20131300F0559,2013,1300F0559,1,1,1,2,19,4,3,0,0,0,0,0,9,1,-1,2013,1300F0559,429793.0,432118.0,-1.549308,53.784535,13,3,3,3,15/10/2013,3,12:15,204,E08000035,E08000035,1,621,7,50.0,5,4,1,621,0,0,1,1,1,0,0,1,1,1,E01011364
3278,20131300F0559,2013,1300F0559,2,2,1,2,19,4,3,0,0,0,0,0,9,1,-1,2013,1300F0559,429793.0,432118.0,-1.549308,53.784535,13,3,3,3,15/10/2013,3,12:15,204,E08000035,E08000035,1,621,7,50.0,5,4,1,621,0,0,1,1,1,0,0,1,1,1,E01011364
3279,20131300F0559,2013,1300F0559,3,3,1,1,43,7,3,0,0,0,0,0,19,2,-1,2013,1300F0559,429793.0,432118.0,-1.549308,53.784535,13,3,3,3,15/10/2013,3,12:15,204,E08000035,E08000035,1,621,7,50.0,5,4,1,621,0,0,1,1,1,0,0,1,1,1,E01011364
3280,20131300G0289,2013,1300G0289,2,1,1,2,61,9,3,0,0,0,0,0,9,1,-1,2013,1300G0289,429139.0,431822.0,-1.559261,53.781912,13,3,3,1,16/10/2013,4,08:25,204,E08000035,E08000035,1,621,3,50.0,0,-1,-1,-1,0,0,1,1,1,0,0,1,1,1,E01011366
3281,20131300G1050,2013,1300G1050,2,1,1,1,65,9,3,0,0,0,0,0,9,1,-1,2013,1300G1050,430995.0,424606.0,-1.531817,53.716948,13,3,2,1,16/09/2013,2,15:35,204,E08000035,E08000035,1,1,7,70.0,0,-1,-1,-1,0,0,1,9,1,0,0,2,2,1,E01011537
3282,20131300J0503,2013,1300J0503,2,1,1,1,28,6,3,0,0,0,0,0,9,2,-1,2013,1300J0503,434891.0,425881.0,-1.47264,53.728163,13,3,4,2,19/12/2013,5,11:35,204,E08000035,E08000035,1,62,3,70.0,0,-1,-1,-1,0,0,1,1,1,0,0,2,1,1,E01011636
3283,20131300J0503,2013,1300J0503,3,2,1,1,41,7,3,0,0,0,0,0,9,1,-1,2013,1300J0503,434891.0,425881.0,-1.47264,53.728163,13,3,4,2,19/12/2013,5,11:35,204,E08000035,E08000035,1,62,3,70.0,0,-1,-1,-1,0,0,1,1,1,0,0,2,1,1,E01011636
3284,20131300J1683,2013,1300J1683,1,1,2,2,23,5,3,0,0,2,0,0,9,1,-1,2013,1300J1683,430015.0,432122.0,-1.545938,53.784559,13,3,1,1,19/10/2013,7,20:15,204,E08000035,E08000035,1,621,3,50.0,5,4,1,621,0,0,4,2,2,0,0,1,1,1,E01011364
3285,20131300K0961,2013,1300K0961,2,1,1,1,59,9,3,0,0,0,0,0,9,1,-1,2013,1300K0961,429848.0,432292.0,-1.548456,53.786096,13,3,3,1,20/12/2013,6,15:15,204,E08000035,E08000035,1,621,7,30.0,5,2,6,0,0,0,1,5,2,0,0,1,1,1,-1
3286,20131300L0053,2013,1300L0053,1,1,1,1,44,7,2,0,0,0,0,0,9,1,-1,2013,1300L0053,431849.0,430432.0,-1.518278,53.76926,13,2,1,1,21/12/2013,7,00:15,204,E08000035,E08000035,1,621,7,50.0,5,4,3,61,0,0,4,8,2,0,0,2,1,1,E01011469
3287,20131300M0676,2013,1300M0676,1,1,1,1,65,9,1,0,0,0,0,0,9,1,-1,2013,1300M0676,432244.0,426028.0,-1.512744,53.729654,13,1,2,3,22/10/2013,3,12:40,204,E08000035,E08000035,1,1,3,70.0,0,-1,-1,-1,0,0,1,8,2,4,0,2,1,1,E01011499
3288,20131300M0676,2013,1300M0676,1,2,2,2,67,10,2,0,0,1,0,0,9,3,-1,2013,1300M0676,432244.0,426028.0,-1.512744,53.729654,13,1,2,3,22/10/2013,3,12:40,204,E08000035,E08000035,1,1,3,70.0,0,-1,-1,-1,0,0,1,8,2,4,0,2,1,1,E01011499
3289,20131300M0676,2013,1300M0676,2,3,1,1,28,6,3,0,0,0,0,0,19,1,-1,2013,1300M0676,432244.0,426028.0,-1.512744,53.729654,13,1,2,3,22/10/2013,3,12:40,204,E08000035,E08000035,1,1,3,70.0,0,-1,-1,-1,0,0,1,8,2,4,0,2,1,1,E01011499
3290,20131300P0717,2013,1300P0717,2,1,1,1,38,7,3,0,0,0,0,0,5,1,-1,2013,1300P0717,429951.0,432118.0,-1.54691,53.784526,13,3,2,1,25/10/2013,6,07:45,204,E08000035,E08000035,1,621,3,50.0,0,-1,-1,-1,0,0,1,2,2,0,0,1,2,1,E01011364
3291,20131300R0889,2013,1300R0889,2,1,1,2,27,6,3,0,0,0,0,0,9,1,-1,2013,1300R0889,429185.0,431932.0,-1.558553,53.782898,13,3,2,1,27/10/2013,1,11:47,204,E08000035,E08000035,6,0,6,30.0,3,4,6,0,0,0,1,4,2,0,0,1,1,2,E01011368
3292,20131300U1531,2013,1300U1531,1,1,1,1,38,7,3,0,0,0,0,0,9,1,-1,2013,1300U1531,430547.0,431510.0,-1.537924,53.779027,13,2,1,4,30/12/2013,2,23:27,204,E08000035,E08000035,1,621,3,50.0,0,-1,-1,-1,0,0,4,1,2,0,0,1,1,1,E01011374
3293,20131300U1531,2013,1300U1531,1,2,2,1,35,6,3,0,0,2,0,0,9,1,-1,2013,1300U1531,430547.0,431510.0,-1.537924,53.779027,13,2,1,4,30/12/2013,2,23:27,204,E08000035,E08000035,1,621,3,50.0,0,-1,-1,-1,0,0,4,1,2,0,0,1,1,1,E01011374
3294,20131300U1531,2013,1300U1531,1,3,2,2,33,6,2,0,0,2,0,0,9,1,-1,2013,1300U1531,430547.0,431510.0,-1.537924,53.779027,13,2,1,4,30/12/2013,2,23:27,204,E08000035,E08000035,1,621,3,50.0,0,-1,-1,-1,0,0,4,1,2,0,0,1,1,1,E01011374
3295,20131300U1531,2013,1300U1531,1,4,2,2,30,6,3,0,0,2,0,0,9,1,-1,2013,1300U1531,430547.0,431510.0,-1.537924,53.779027,13,2,1,4,30/12/2013,2,23:27,204,E08000035,E08000035,1,621,3,50.0,0,-1,-1,-1,0,0,4,1,2,0,0,1,1,1,E01011374
3296,2013130100761,2013,130100761,2,1,1,1,46,8,3,0,0,0,0,0,19,1,-1,2013,130100761,431971.0,425549.0,-1.516931,53.725365,13,3,2,2,07/03/2013,5,14:42,204,E08000035,E08000035,1,1,3,70.0,0,-1,-1,-1,0,0,1,1,1,0,0,2,1,1,E01011499
3297,2013130100761,2013,130100761,2,2,2,1,22,5,3,0,0,0,0,0,19,1,-1,2013,130100761,431971.0,425549.0,-1.516931,53.725365,13,3,2,2,07/03/2013,5,14:42,204,E08000035,E08000035,1,1,3,70.0,0,-1,-1,-1,0,0,1,1,1,0,0,2,1,1,E01011499
3298,2013130100919,2013,130100919,2,1,1,1,28,6,3,0,0,0,0,0,1,-1,-1,2013,130100919,430437.0,436612.0,-1.539091,53.82489,13,3,2,1,07/03/2013,5,19:15,204,E08000035,E08000035,4,6159,6,30.0,6,4,6,0,0,0,4,2,2,0,0,1,1,2,E01011358
3299,2013130100931,2013,130100931,1,1,1,1,32,6,3,0,0,0,0,0,1,1,-1,2013,130100931,423604.0,434588.0,-1.643049,53.807052,13,3,2,1,07/03/2013,5,19:45,204,E08000035,E08000035,4,6157,6,40.0,0,-1,-1,-1,0,0,4,2,2,0,0,1,1,2,E01011337
3300,2013130101556,2013,130101556,1,1,1,2,18,4,3,0,0,0,0,0,9,-1,-1,2013,130101556,432510.0,427410.0,-1.508567,53.742058,13,3,1,1,08/03/2013,6,08:55,204,E08000035,E08000035,3,61,6,40.0,0,-1,-1,-1,0,0,1,4,2,0,0,1,1,2,E01032496
3301,2013130101727,2013,130101727,1,1,1,2,82,11,3,0,0,0,0,0,9,1,-1,2013,130101727,428935.0,440181.0,-1.561574,53.857053,13,3,3,1,08/03/2013,6,10:40,204,E08000035,E08000035,6,0,6,30.0,3,4,6,0,0,0,1,2,2,0,0,1,1,2,E01011567
3302,2013130101808,2013,130101808,1,1,1,1,31,6,3,0,0,0,0,0,1,1,-1,2013,130101808,428405.0,434382.0,-1.570165,53.804961,13,3,2,1,08/03/2013,6,06:45,204,E08000035,E08000035,6,0,6,30.0,3,4,6,0,0,0,7,2,2,0,0,1,2,2,E01011681
3303,2013130103433,2013,130103433,1,1,3,2,76,11,3,9,9,0,0,0,0,1,-1,2013,130103433,420195.0,445412.0,-1.694107,53.90448,13,3,1,1,09/03/2013,7,09:10,204,E08000035,E08000035,6,0,6,30.0,3,4,6,0,0,0,1,1,1,0,0,1,1,2,E01011569
3304,2013130103476,2013,130103476,1,1,3,2,23,5,3,5,2,0,0,0,0,1,-1,2013,130103476,427295.0,436692.0,-1.586815,53.825782,13,3,1,1,09/03/2013,7,19:20,204,E08000035,E08000035,6,0,6,30.0,3,4,6,0,0,0,4,2,2,0,0,1,1,2,-1
3305,2013130103649,2013,130103649,2,1,1,1,30,6,3,0,0,0,0,0,1,1,-1,2013,130103649,431520.0,435143.0,-1.522789,53.811622,13,3,3,1,09/03/2013,7,14:40,204,E08000035,E08000035,3,58,6,30.0,3,4,6,0,0,0,1,1,2,0,0,1,1,2,E01011673
3306,2013130103898,2013,130103898,2,1,1,2,31,6,3,0,0,0,0,0,9,1,-1,2013,130103898,438322.0,430246.0,-1.420099,53.767154,13,3,2,1,09/03/2013,7,19:10,204,E08000035,E08000035,3,642,6,30.0,3,4,6,0,0,0,7,1,1,0,0,2,1,2,E01011391
3307,2013130104012,2013,130104012,1,1,1,2,30,6,3,0,0,0,0,0,9,3,-1,2013,130104012,430683.0,432924.0,-1.53572,53.791728,13,3,2,1,09/03/2013,7,20:40,204,E08000035,E08000035,6,0,6,30.0,3,4,6,0,0,0,7,1,1,0,0,1,1,2,E01033018
3308,2013130104174,2013,130104174,1,1,1,1,32,6,3,0,0,0,0,0,9,1,-1,2013,130104174,422298.0,433422.0,-1.662965,53.796629,13,3,2,2,09/03/2013,7,20:56,204,E08000035,E08000035,4,6154,6,30.0,6,2,4,6155,0,5,4,2,2,0,0,1,1,2,E01011612
3309,2013130104174,2013,130104174,1,2,2,2,63,9,3,0,0,2,0,0,9,-1,-1,2013,130104174,422298.0,433422.0,-1.662965,53.796629,13,3,2,2,09/03/2013,7,20:56,204,E08000035,E08000035,4,6154,6,30.0,6,2,4,6155,0,5,4,2,2,0,0,1,1,2,E01011612
3310,2013130104305,2013,130104305,1,1,3,1,34,6,3,9,9,0,0,0,0,-1,-1,2013,130104305,430343.0,433408.0,-1.540834,53.796098,13,3,1,1,10/03/2013,1,04:30,204,E08000035,E08000035,6,0,6,30.0,3,4,6,0,0,5,7,1,1,0,0,1,1,2,E01033010
3311,2013130104306,2013,130104306,1,1,3,2,23,5,3,5,1,0,0,0,0,-1,-1,2013,130104306,429561.0,434801.0,-1.552572,53.808663,13,3,1,1,10/03/2013,1,00:18,204,E08000035,E08000035,3,660,6,30.0,3,4,6,0,0,0,4,1,2,0,0,1,1,2,E01033006
3312,2013130104328,2013,130104328,1,1,2,2,12,3,3,0,0,1,0,0,9,-1,-1,2013,130104328,427910.0,438509.0,-1.577308,53.842081,13,3,3,1,09/03/2013,7,10:20,204,E08000035,E08000035,3,6120,3,40.0,3,4,6,0,0,0,1,1,1,0,0,2,1,2,E01032876