,accident_index,accident_year_x,accident_reference_x,vehicle_reference,casualty_reference,casualty_class,sex_of_casualty,age_of_casualty,age_band_of_casualty,casualty_severity,pedestrian_location,pedestrian_movement,car_passenger,bus_or_coach_passenger,pedestrian_road_maintenance_worker,casualty_type,casualty_home_area_type,casualty_imd_decile,accident_year_y,accident_reference_y,location_easting_osgr,location_northing_osgr,longitude,latitude,police_force,accident_severity,number_of_vehicles,number_of_casualties,date,day_of_week,time,local_authority_district,local_authority_ons_district,local_authority_highway,first_road_class,first_road_number,road_type,speed_limit,junction_detail,junction_control,second_road_class,second_road_number,pedestrian_crossing_human_control,pedestrian_crossing_physical_facilities,light_conditions,weather_conditions,road_surface_conditions,special_conditions_at_site,carriageway_hazards,urban_or_rural_area,did_police_officer_attend_scene_of_accident,trunk_road_flag,lsoa_of_accident_location
3400,2013130127630,2013,130127630,1,1,1,1,27,6,3,0,0,0,0,0,9,-1,-1,2013,130127630,434406.0,425881.0,-1.479991,53.728195,13,3,2,1,26/03/2013,3,01:03,204,E08000035,E08000035,1,62,3,70.0,0,-1,-1,-1,0,0,4,4,1,4,0,2,1,1,E01011634
3401,2013130127852,2013,130127852,1,1,2,2,25,5,3,0,0,2,0,0,8,1,-1,2013,130127852,429095.0,438842.0,-1.559267,53.845009,13,3,1,1,18/03/2013,2,11:00,204,E08000035,E08000035,6,0,6,30.0,0,-1,-1,-1,0,0,1,1,1,0,0,1,2,2,E01011560
3402,2013130127990,2013,130127990,2,1,1,1,29,6,3,0,0,0,0,0,9,1,-1,2013,130127990,423756.0,428064.0,-1.641241,53.748407,13,3,2,1,26/03/2013,3,05:25,204,E08000035,E08000035,1,62,3,70.0,5,4,1,62,0,0,7,9,2,0,0,1,2,1,E01011529
3403,2013130128164,2013,130128164,1,1,1,1,45,7,3,0,0,0,0,0,9,1,-1,2013,130128164,428433.0,428719.0,-1.57026,53.754061,13,3,1,1,23/03/2013,7,00:30,204,E08000035,E08000035,3,653,1,40.0,1,4,6,0,0,0,4,6,3,0,0,2,2,2,E01011493
3404,2013130128616,2013,130128616,1,1,3,1,17,4,3,1,1,0,0,0,0,1,-1,2013,130128616,430002.0,434155.0,-1.545938,53.802832,13,3,1,1,14/03/2013,5,16:30,204,E08000035,E08000035,3,660,3,30.0,6,4,6,0,2,1,1,1,1,0,3,1,2,2,E01033010
3405,2013130128796,2013,130128796,2,1,2,1,7,2,3,0,0,2,0,0,9,1,-1,2013,130128796,428112.0,429935.0,-1.575018,53.765008,13,3,3,1,26/03/2013,3,18:10,204,E08000035,E08000035,3,6110,3,40.0,0,-1,-1,-1,0,0,7,1,2,0,0,1,1,2,E01011321
3406,2013130128843,2013,130128843,1,1,1,2,57,9,3,0,0,0,0,0,9,1,-1,2013,130128843,418226.0,442131.0,-1.72427,53.875063,13,3,2,1,26/03/2013,3,08:10,204,E08000035,E08000035,6,0,3,30.0,3,4,3,6038,0,0,1,1,4,0,0,1,2,2,E01011266
3407,2013130128846,2013,130128846,1,1,1,1,22,5,3,0,0,0,0,0,9,1,-1,2013,130128846,428790.0,435158.0,-1.564247,53.811915,13,3,2,2,26/03/2013,3,16:30,204,E08000035,E08000035,6,0,6,30.0,3,4,6,0,0,0,1,1,1,0,0,1,1,2,E01011444
3408,2013130128846,2013,130128846,2,2,1,1,67,10,3,0,0,0,0,0,9,1,-1,2013,130128846,428790.0,435158.0,-1.564247,53.811915,13,3,2,2,26/03/2013,3,16:30,204,E08000035,E08000035,6,0,6,30.0,3,4,6,0,0,0,1,1,1,0,0,1,1,2,E01011444
3409,2013130130398,2013,130130398,1,1,1,1,21,5,3,0,0,0,0,0,9,1,-1,2013,130130398,429118.0,432177.0,-1.559546,53.785104,13,3,2,2,27/03/2013,4,15:48,204,E08000035,E08000035,6,0,1,30.0,1,4,6,0,0,0,1,1,1,0,0,1,1,2,E01033032
3410,2013130130398,2013,130130398,2,2,1,2,19,4,3,0,0,0,0,0,9,1,-1,2013,130130398,429118.0,432177.0,-1.559546,53.785104,13,3,2,2,27/03/2013,4,15:48,204,E08000035,E08000035,6,0,1,30.0,1,4,6,0,0,0,1,1,1,0,0,1,1,2,E01033032
3411,2013130130417,2013,130130417,1,1,1,1,25,5,3,0,0,0,0,0,9,1,-1,2013,130130417,431170.0,440734.0,-1.527539,53.861894,13,3,2,1,27/03/2013,4,13:40,204,E08000035,E08000035,3,61,6,40.0,0,-1,-1,-1,0,0,1,1,1,0,0,1,1,2,E01011562
3412,2013130130910,2013,130130910,2,1,1,2,23,5,3,0,0,0,0,0,9,1,-1,2013,130130910,431868.0,435949.0,-1.517421,53.818845,13,3,2,1,27/03/2013,4,07:50,204,E08000035,E08000035,4,6159,6,30.0,6,2,6,0,0,0,1,1,1,0,0,1,1,2,E01011422
3413,2013130131049,2013,130131049,2,1,1,2,42,7,3,0,0,0,0,0,3,1,-1,2013,130131049,425478.0,426455.0,-1.615261,53.733865,13,3,2,1,28/03/2013,5,08:08,204,E08000035,E08000035,4,6123,6,30.0,0,-1,-1,-1,0,0,1,1,1,0,0,1,1,2,E01011546
3414,2013130131685,2013,130131685,1,1,3,2,22,5,3,5,1,0,0,0,0,1,-1,2013,130131685,431498.0,433406.0,-1.5233,53.796012,13,3,1,1,28/03/2013,5,13:35,204,E08000035,E08000035,6,0,6,30.0,0,-1,-1,-1,0,0,1,1,1,0,0,1,1,2,E01033021
3415,2013130132470,2013,130132470,1,1,3,1,18,4,2,9,8,0,0,0,0,1,-1,2013,130132470,427098.0,424972.0,-1.590834,53.720454,13,2,1,1,29/03/2013,6,00:27,204,E08000035,E08000035,3,653,3,40.0,0,-1,-1,-1,0,0,4,1,1,0,0,1,1,2,E01011548
3416,2013130132697,2013,130132697,1,1,1,1,55,8,3,0,0,0,0,0,9,1,-1,2013,130132697,428573.0,431680.0,-1.567864,53.780667,13,3,4,2,29/03/2013,6,09:30,204,E08000035,E08000035,3,643,1,30.0,1,2,1,621,0,0,1,1,1,0,0,1,1,2,E01011366
3417,2013130132697,2013,130132697,3,2,2,1,7,2,3,0,0,2,0,0,9,1,-1,2013,130132697,428573.0,431680.0,-1.567864,53.780667,13,3,4,2,29/03/2013,6,09:30,204,E08000035,E08000035,3,643,1,30.0,1,2,1,621,0,0,1,1,1,0,0,1,1,2,E01011366
3418,2013130133100,2013,130133100,1,1,2,1,33,6,3,0,0,1,0,0,9,1,-1,2013,130133100,430260.0,432586.0,-1.542174,53.788715,13,3,2,2,29/03/2013,6,16:05,204,E08000035,E08000035,6,0,6,30.0,3,4,6,0,0,0,1,1,1,0,0,1,1,2,E01033016
3419,2013130133100,2013,130133100,1,2,2,2,63,9,3,0,0,2,0,0,9,3,-1,2013,130133100,430260.0,432586.0,-1.542174,53.788715,13,3,2,2,29/03/2013,6,16:05,204,E08000035,E08000035,6,0,6,30.0,3,4,6,0,0,0,1,1,1,0,0,1,1,2,E01033016
3420,2013130133504,2013,130133504,2,1,1,1,46,8,3,0,0,0,0,0,9,1,-1,2013,130133504,429190.0,431918.0,-1.558478,53.782772,13,3,2,1,30/03/2013,7,06:40,204,E08000035,E08000035,1,621,6,30.0,5,4,1,621,0,0,7,1,2,0,0,1,1,1,E01011368
3421,2013130133515,2013,130133515,1,1,1,1,23,5,3,0,0,0,0,0,9,2,-1,2013,130133515,439465.0,430680.0,-1.402704,53.77097,13,3,1,2,30/03/2013,7,07:45,204,E08000035,E08000035,6,0,6,60.0,0,-1,-1,-1,0,0,1,1,2,0,0,2,1,2,E01011392
3422,2013130133515,2013,130133515,1,2,2,2,23,5,3,0,0,1,0,0,9,1,-1,2013,130133515,439465.0,430680.0,-1.402704,53.77097,13,3,1,2,30/03/2013,7,07:45,204,E08000035,E08000035,6,0,6,60.0,0,-1,-1,-1,0,0,1,1,2,0,0,2,1,2,E01011392
3423,2013130133671,2013,130133671,1,1,1,2,57,9,3,0,0,0,0,0,9,-1,-1,2013,130133671,435333.0,434802.0,-1.464922,53.808313,13,3,1,2,30/03/2013,7,11:26,204,E08000035,E08000035,6,0,3,40.0,0,-1,-1,-1,0,0,1,1,1,0,0,1,1,2,E01011343
3424,2013130133671,2013,130133671,1,2,3,1,2,1,3,6,7,0,0,0,0,1,-1,2013,130133671,435333.0,434802.0,-1.464922,53.808313,13,3,1,2,30/03/2013,7,11:26,204,E08000035,E08000035,6,0,3,40.0,0,-1,-1,-1,0,0,1,1,1,0,0,1,1,2,E01011343
3425,2013130133853,2013,130133853,2,1,2,2,38,7,3,0,0,1,0,0,9,-1,-1,2013,130133853,433636.0,433434.0,-1.490841,53.79613,13,3,2,1,28/03/2013,5,11:45,204,E08000035,E08000035,6,0,6,30.0,0,-1,-1,-1,0,0,1,1,1,0,0,1,1,2,E01011622
3426,2013130133915,2013,130133915,1,1,3,2,27,6,3,5,1,0,0,0,0,1,-1,2013,130133915,429965.0,430992.0,-1.546806,53.774405,13,3,1,1,28/03/2013,5,15:00,204,E08000035,E08000035,6,0,6,30.0,3,4,6,0,0,0,1,1,1,0,0,1,2,2,E01011312
3427,2013130134200,2013,130134200,1,1,3,2,39,7,3,5,3,0,0,0,0,1,-1,2013,130134200,430120.0,433229.0,-1.544237,53.794502,13,3,1,1,29/03/2013,6,23:33,204,E08000035,E08000035,6,0,6,30.0,0,-1,-1,-1,0,0,4,1,1,0,0,1,1,2,E01033016
3428,2013130134368,2013,130134368,1,1,1,1,51,8,3,0,0,0,0,0,9,1,-1,2013,130134368,432002.0,435246.0,-1.515458,53.812519,13,3,4,1,30/03/2013,7,20:17,204,E08000035,E08000035,6,0,6,30.0,0,-1,-1,-1,0,0,4,1,1,0,0,1,1,2,E01011434
3429,2013130135223,2013,130135223,1,1,1,1,31,6,3,0,0,0,0,0,9,1,-1,2013,130135223,429595.0,431773.0,-1.552346,53.781446,13,3,5,1,31/03/2013,1,15:05,204,E08000035,E08000035,6,0,6,30.0,7,4,6,0,0,0,1,1,1,0,0,1,1,2,E01011364
3430,2013130136719,2013,130136719,1,1,1,1,24,5,3,0,0,0,0,0,9,1,-1,2013,130136719,436189.0,427756.0,-1.452748,53.744927,13,3,1,3,02/04/2013,3,03:10,204,E08000035,E08000035,3,639,6,40.0,1,4,3,639,0,0,4,1,1,0,0,2,1,2,E01011635
3431,2013130136719,2013,130136719,1,2,2,2,29,6,3,0,0,2,0,0,9,1,-1,2013,130136719,436189.0,427756.0,-1.452748,53.744927,13,3,1,3,02/04/2013,3,03:10,204,E08000035,E08000035,3,639,6,40.0,1,4,3,639,0,0,4,1,1,0,0,2,1,2,E01011635
3432,2013130136719,2013,130136719,1,3,2,2,24,5,3,0,0,1,0,0,9,1,-1,2013,130136719,436189.0,427756.0,-1.452748,53.744927,13,3,1,3,02/04/2013,3,03:10,204,E08000035,E08000035,3,639,6,40.0,1,4,3,639,0,0,4,1,1,0,0,2,1,2,E01011635
3433,2013130136832,2013,130136832,2,1,1,2,32,6,3,0,0,0,0,0,9,1,-1,2013,130136832,430839.0,431388.0,-1.533506,53.777913,13,3,2,1,02/04/2013,3,08:00,204,E08000035,E08000035,6,0,1,30.0,2,4,6,0,0,0,1,1,1,0,0,1,1,2,E01011468
3434,2013130137329,2013,130137329,2,1,1,1,17,4,2,0,0,0,0,0,3,1,-1,2013,130137329,423242.0,434943.0,-1.648519,53.810259,13,2,2,1,02/04/2013,3,06:40,204,E08000035,E08000035,6,0,6,30.0,3,4,6,0,0,0,7,1,1,0,0,1,1,2,E01011333
3435,2013130137642,2013,130137642,1,1,3,1,12,3,3,5,1,0,0,0,0,-1,-1,2013,130137642,424286.0,435356.0,-1.632633,53.813923,13,3,1,1,02/04/2013,3,16:45,204,E08000035,E08000035,3,657,6,30.0,0,-1,-1,-1,0,0,1,1,1,0,0,1,1,2,E01011323
3436,2013130138150,2013,130138150,1,1,3,1,28,6,3,1,4,0,0,0,0,1,-1,2013,130138150,427892.0,436203.0,-1.57779,53.821356,13,3,1,1,02/04/2013,3,13:20,204,E08000035,E08000035,3,660,6,30.0,0,-1,-1,-1,0,5,1,1,1,0,0,1,1,2,E01011440
3437,2013130138393,2013,130138393,1,1,1,1,18,4,3,0,0,0,0,0,9,1,-1,2013,130138393,438625.0,430533.0,-1.415467,53.769711,13,3,1,1,03/04/2013,4,08:55,204,E08000035,E08000035,3,642,6,30.0,0,-1,-1,-1,0,0,1,1,1,0,0,2,1,2,E01011390
3438,2013130139138,2013,130139138,2,1,1,1,10,2,3,0,0,0,0,0,1,1,-1,2013,130139138,428370.0,434666.0,-1.57067,53.807516,13,3,2,1,03/04/2013,4,15:27,204,E08000035,E08000035,6,0,6,30.0,3,4,6,0,0,0,1,1,1,0,0,1,1,2,E01011481
3439,2013130140122,2013,130140122,1,1,1,1,17,4,3,0,0,0,0,0,2,1,-1,2013,130140122,431261.0,432276.0,-1.527012,53.78587,13,3,1,1,04/04/2013,5,12:44,204,E08000035,E08000035,6,0,6,30.0,0,-1,-1,-1,0,0,1,1,1,0,0,1,1,2,E01011467
3440,2013130140692,2013,130140692,1,1,1,1,41,7,3,0,0,0,0,0,1,-1,-1,2013,130140692,428458.0,432960.0,-1.569491,53.792178,13,3,2,1,04/04/2013,5,17:00,204,E08000035,E08000035,4,6154,6,30.0,0,-1,-1,-1,0,0,7,1,1,0,0,1,2,2,E01011363
3441,2013130140718,2013,130140718,1,1,3,1,40,7,3,9,8,0,0,0,0,1,-1,2013,130140718,441115.0,428384.0,-1.377976,53.750206,13,3,1,1,03/04/2013,4,00:05,204,E08000035,E08000035,6,0,6,30.0,0,-1,-1,-1,0,0,4,1,1,0,0,1,2,2,E01011307
3442,2013130141987,2013,130141987,1,1,3,1,15,3,3,1,9,0,0,0,0,-1,-1,2013,130141987,425941.0,435561.0,-1.60748,53.815686,13,3,1,1,05/04/2013,6,16:00,204,E08000035,E08000035,4,6157,6,30.0,7,2,6,0,0,5,1,1,1,0,0,1,1,2,E01011281
3443,2013130142028,2013,130142028,1,1,2,2,40,7,3,0,0,0,3,0,11,1,-1,2013,130142028,424231.0,428501.0,-1.634004,53.752313,13,3,1,2,05/04/2013,6,14:30,204,E08000035,E08000035,6,0,6,30.0,0,-1,-1,-1,0,0,1,1,1,0,0,1,2,2,E01011523
3444,2013130142028,2013,130142028,1,2,2,1,6,2,3,0,0,0,3,0,11,1,-1,2013,130142028,424231.0,428501.0,-1.634004,53.752313,13,3,1,2,05/04/2013,6,14:30,204,E08000035,E08000035,6,0,6,30.0,0,-1,-1,-1,0,0,1,1,1,0,0,1,2,2,E01011523
3445,2013130142089,2013,130142089,1,1,1,2,25,5,2,0,0,0,0,0,9,1,-1,2013,130142089,427441.0,438594.0,-1.584428,53.84287,13,2,1,2,05/04/2013,6,16:08,204,E08000035,E08000035,3,6120,3,60.0,0,-1,-1,-1,0,0,1,1,1,0,0,2,1,2,E01032876
3446,2013130142089,2013,130142089,1,2,2,2,19,4,2,0,0,1,0,0,9,1,-1,2013,130142089,427441.0,438594.0,-1.584428,53.84287,13,2,1,2,05/04/2013,6,16:08,204,E08000035,E08000035,3,6120,3,60.0,0,-1,-1,-1,0,0,1,1,1,0,0,2,1,2,E01032876
3447,2013130142120,2013,130142120,2,1,1,1,36,7,3,0,0,0,0,0,9,1,-1,2013,130142120,433026.0,432304.0,-1.500222,53.786013,13,3,2,3,04/04/2013,5,12:00,204,E08000035,E08000035,3,63,1,30.0,1,4,6,0,0,0,1,1,1,0,0,1,2,2,E01011621
3448,2013130142120,2013,130142120,2,2,2,2,27,6,3,0,0,1,0,0,9,1,-1,2013,130142120,433026.0,432304.0,-1.500222,53.786013,13,3,2,3,04/04/2013,5,12:00,204,E08000035,E08000035,3,63,1,30.0,1,4,6,0,0,0,1,1,1,0,0,1,2,2,E01011621
3449,2013130142120,2013,130142120,2,3,2,1,5,1,3,0,0,2,0,0,9,1,-1,2013,130142120,433026.0,432304.0,-1.500222,53.786013,13,3,2,3,04/04/2013,5,12:00,204,E08000035,E08000035,3,63,1,30.0,1,4,6,0,0,0,1,1,1,0,0,1,2,2,E01011621
3450,2013130142201,2013,130142201,1,1,3,2,73,10,3,9,9,0,0,0,0,1,-1,2013,130142201,422370.0,433381.0,-1.661875,53.796258,13,3,1,1,03/04/2013,4,11:45,204,E08000035,E08000035,6,0,6,30.0,0,-1,-1,-1,0,0,1,1,1,0,0,1,2,2,E01011612
3451,2013130142206,2013,130142206,2,1,1,1,40,7,3,0,0,0,0,0,9,1,-1,2013,130142206,427993.0,435198.0,-1.576347,53.812318,13,3,2,1,04/04/2013,5,19:40,204,E08000035,E08000035,6,0,6,30.0,3,4,6,0,0,0,7,1,1,0,0,1,1,2,E01011446
3452,2013130143266,2013,130143266,3,1,1,2,21,5,2,0,0,0,0,0,9,1,-1,2013,130143266,422514.0,433992.0,-1.659644,53.801743,13,2,3,1,06/04/2013,7,14:15,204,E08000035,E08000035,3,647,7,70.0,5,4,4,6155,0,0,1,1,1,0,0,1,1,2,E01011610
3453,2013130143393,2013,130143393,1,1,3,1,4,1,3,9,5,0,0,0,0,1,-1,2013,130143393,429622.0,435559.0,-1.551573,53.815472,13,3,1,1,06/04/2013,7,17:15,204,E08000035,E08000035,6,0,6,20.0,0,-1,-1,-1,0,0,7,1,1,0,0,1,1,2,E01011670
3454,2013130143399,2013,130143399,1,1,1,1,43,7,3,0,0,0,0,0,9,1,-1,2013,130143399,430434.0,435048.0,-1.539291,53.810833,13,3,2,1,06/04/2013,7,15:00,204,E08000035,E08000035,6,0,6,30.0,3,4,6,0,0,0,1,1,1,0,0,1,1,2,E01011671
3455,2013130143529,2013,130143529,2,1,1,1,48,8,3,0,0,0,0,0,9,1,-1,2013,130143529,426612.0,436227.0,-1.597231,53.821638,13,3,2,1,06/04/2013,7,20:00,204,E08000035,E08000035,6,0,6,30.0,0,-1,-1,-1,0,0,7,1,1,0,0,1,2,2,E01011489
3456,2013130144023,2013,130144023,1,1,3,1,62,9,2,9,5,0,0,0,0,1,-1,2013,130144023,431535.0,439783.0,-1.522087,53.853325,13,2,1,1,05/04/2013,6,16:20,204,E08000035,E08000035,6,0,6,30.0,0,-1,-1,-1,0,0,1,1,1,0,0,1,2,2,E01011568
3457,2013130144491,2013,130144491,2,1,1,1,17,4,3,0,0,0,0,0,3,1,-1,2013,130144491,421872.0,441276.0,-1.668876,53.867239,13,3,2,1,07/04/2013,1,15:18,204,E08000035,E08000035,3,658,6,40.0,3,4,6,0,0,0,1,1,1,0,0,1,1,2,E01011578
3458,2013130144619,2013,130144619,1,1,1,1,31,6,3,0,0,0,0,0,9,1,-1,2013,130144619,431335.0,441264.0,-1.524976,53.866647,13,2,4,6,07/04/2013,1,16:00,204,E08000035,E08000035,3,61,6,60.0,0,-1,-1,-1,0,0,1,1,1,0,0,2,1,2,E01011562
3459,2013130144619,2013,130144619,1,3,2,2,25,5,3,0,0,1,0,0,9,1,-1,2013,130144619,431335.0,441264.0,-1.524976,53.866647,13,2,4,6,07/04/2013,1,16:00,204,E08000035,E08000035,3,61,6,60.0,0,-1,-1,-1,0,0,1,1,1,0,0,2,1,2,E01011562
3460,2013130144619,2013,130144619,1,4,2,1,23,5,3,0,0,2,0,0,9,-1,-1,2013,130144619,431335.0,441264.0,-1.524976,53.866647,13,2,4,6,07/04/2013,1,16:00,204,E08000035,E08000035,3,61,6,60.0,0,-1,-1,-1,0,0,1,1,1,0,0,2,1,2,E01011562
3461,2013130144619,2013,130144619,3,2,1,2,24,5,3,0,0,0,0,0,9,3,-1,2013,130144619,431335.0,441264.0,-1.524976,53.866647,13,2,4,6,07/04/2013,1,16:00,204,E08000035,E08000035,3,61,6,60.0,0,-1,-1,-1,0,0,1,1,1,0,0,2,1,2,E01011562
3462,2013130144619,2013,130144619,3,5,2,1,20,4,3,0,0,2,0,0,9,3,-1,2013,130144619,431335.0,441264.0,-1.524976,53.866647,13,2,4,6,07/04/2013,1,16:00,204,E08000035,E08000035,3,61,6,60.0,0,-1,-1,-1,0,0,1,1,1,0,0,2,1,2,E01011562
3463,2013130144619,2013,130144619,3,6,2,1,32,6,2,0,0,2,0,0,9,-1,-1,2013,130144619,431335.0,441264.0,-1.524976,53.866647,13,2,4,6,07/04/2013,1,16:00,204,E08000035,E08000035,3,61,6,60.0,0,-1,-1,-1,0,0,1,1,1,0,0,2,1,2,E01011562
3464,2013130144728,2013,130144728,1,1,1,1,25,5,3,0,0,0,0,0,90,1,-1,2013,130144728,432097.0,435604.0,-1.513978,53.81573,13,3,1,1,07/04/2013,1,15:55,204,E08000035,E08000035,6,0,6,30.0,3,4,6,0,0,0,1,1,1,0,0,1,2,2,E01011428
3465,2013130144760,2013,130144760,2,1,1,1,42,7,3,0,0,0,0,0,1,1,-1,2013,130144760,427818.0,430641.0,-1.579415,53.771369,13,3,2,1,19/03/2013,3,15:25,204,E08000035,E08000035,3,6110,6,40.0,3,4,6,0,0,0,1,1,1,0,0,1,1,2,E01011369
3466,2013130146085,2013,130146085,1,1,2,2,57,9,3,0,0,0,4,0,11,1,-1,2013,130146085,427636.0,427956.0,-1.582415,53.747246,13,3,1,1,08/04/2013,2,16:33,204,E08000035,E08000035,6,0,6,30.0,0,-1,-1,-1,0,0,1,1,1,0,0,1,2,2,E01011540
3467,2013130146251,2013,130146251,2,1,1,2,58,9,3,0,0,0,0,0,9,1,-1,2013,130146251,436144.0,435325.0,-1.452546,53.812958,13,3,2,1,08/04/2013,2,16:10,204,E08000035,E08000035,3,6120,3,40.0,1,4,6,0,0,4,1,1,1,0,0,1,1,2,E01011406
3468,2013130147076,2013,130147076,1,1,3,2,73,10,3,10,9,0,0,0,0,1,-1,2013,130147076,424275.0,433671.0,-1.632932,53.798779,13,3,1,1,09/04/2013,3,12:45,204,E08000035,E08000035,6,0,6,30.0,0,-1,-1,-1,0,0,1,1,1,0,2,1,1,2,E01011608
3469,2013130147386,2013,130147386,1,1,1,1,46,8,3,0,0,0,0,0,9,1,-1,2013,130147386,431661.0,434968.0,-1.520666,53.810041,13,3,2,1,09/04/2013,3,14:45,204,E08000035,E08000035,6,0,6,30.0,0,-1,-1,-1,0,0,1,1,1,0,0,1,1,2,E01011673
3470,2013130147655,2013,130147655,1,1,1,1,77,11,3,0,0,0,0,0,9,1,-1,2013,130147655,442460.0,434988.0,-1.356674,53.809453,13,2,2,2,09/04/2013,3,16:34,204,E08000035,E08000035,4,1217,6,60.0,0,-1,-1,-1,0,0,1,1,1,0,0,2,1,2,E01011297
3471,2013130147655,2013,130147655,2,2,1,1,47,8,2,0,0,0,0,0,3,2,-1,2013,130147655,442460.0,434988.0,-1.356674,53.809453,13,2,2,2,09/04/2013,3,16:34,204,E08000035,E08000035,4,1217,6,60.0,0,-1,-1,-1,0,0,1,1,1,0,0,2,1,2,E01011297
3472,2013130148327,2013,130148327,1,1,1,2,43,7,3,0,0,0,0,0,9,-1,-1,2013,130148327,430712.0,433585.0,-1.535215,53.797667,13,3,2,1,10/04/2013,4,06:55,204,E08000035,E08000035,6,0,3,30.0,3,2,3,61,0,4,7,1,1,0,0,1,1,2,E01033011
3473,2013130148363,2013,130148363,1,1,2,1,6,2,3,0,0,2,0,0,9,1,-1,2013,130148363,430504.0,432286.0,-1.5385,53.786004,13,3,2,1,10/04/2013,4,10:10,204,E08000035,E08000035,6,0,6,30.0,6,4,6,0,0,0,1,1,1,0,0,1,1,2,E01033016
3474,2013130148486,2013,130148486,2,1,1,2,23,5,3,0,0,0,0,0,1,1,-1,2013,130148486,429547.0,434831.0,-1.552782,53.808933,13,3,2,1,10/04/2013,4,12:00,204,E08000035,E08000035,3,660,6,30.0,3,2,3,660,0,4,1,1,1,0,0,1,1,2,E01033006
3475,2013130148529,2013,130148529,1,1,1,1,10,2,3,0,0,0,0,0,2,1,-1,2013,130148529,425600.0,435620.0,-1.612654,53.816233,13,3,1,1,09/04/2013,3,17:50,204,E08000035,E08000035,6,0,6,30.0,0,-1,-1,-1,0,0,7,1,1,0,0,1,1,2,E01011324
3476,2013130148545,2013,130148545,1,1,2,1,58,9,3,0,0,0,4,0,11,1,-1,2013,130148545,430845.0,433466.0,-1.533207,53.79659,13,3,1,1,10/04/2013,4,11:10,204,E08000035,E08000035,6,0,6,30.0,0,-1,-1,-1,0,0,1,1,1,0,0,1,2,2,E01033011
3477,2013130148877,2013,130148877,1,1,1,2,29,6,3,0,0,0,0,0,9,1,-1,2013,130148877,429556.0,434238.0,-1.552702,53.803603,13,3,2,1,09/04/2013,3,21:20,204,E08000035,E08000035,6,0,6,30.0,0,-1,-1,-1,0,0,7,1,1,0,0,1,1,2,E01011678
3478,2013130150029,2013,130150029,2,1,1,2,46,8,3,0,0,0,0,0,9,1,-1,2013,130150029,430740.0,434751.0,-1.534673,53.808145,13,3,2,1,10/04/2013,4,15:00,204,E08000035,E08000035,6,0,6,30.0,7,4,6,0,0,0,1,1,1,0,0,1,2,2,E01011671
3479,2013130150031,2013,130150031,1,1,1,1,37,7,3,0,0,0,0,0,1,1,-1,2013,130150031,424225.0,443972.0,-1.632882,53.891366,13,3,2,1,10/04/2013,4,17:25,204,E08000035,E08000035,3,660,6,30.0,0,-1,-1,-1,0,0,7,1,1,0,0,2,1,2,E01032503
3480,2013130150137,2013,130150137,2,1,1,1,34,6,3,0,0,0,0,0,9,1,-1,2013,130150137,428195.0,435071.0,-1.573291,53.811165,13,3,2,1,11/04/2013,5,13:00,204,E08000035,E08000035,6,0,6,30.0,3,4,6,0,0,0,1,1,1,0,0,1,1,2,E01011447
3481,2013130150436,2013,130150436,1,1,3,1,35,6,3,5,3,0,0,0,0,-1,-1,2013,130150436,430151.0,434124.0,-1.543679,53.802544,13,3,1,1,11/04/2013,5,15:05,204,E08000035,E08000035,6,0,6,30.0,0,-1,-1,-1,0,0,1,1,1,0,0,1,1,2,E01033010
3482,2013130152327,2013,130152327,1,1,2,1,26,6,3,0,0,2,0,0,9,1,-1,2013,130152327,435023.0,434968.0,-1.469611,53.809826,13,3,2,2,12/04/2013,6,21:41,204,E08000035,E08000035,6,0,1,30.0,2,4,6,0,0,0,7,1,1,0,0,1,2,2,E01011667
3483,2013130152327,2013,130152327,2,2,2,1,26,6,3,0,0,1,0,0,9,1,-1,2013,130152327,435023.0,434968.0,-1.469611,53.809826,13,3,2,2,12/04/2013,6,21:41,204,E08000035,E08000035,6,0,1,30.0,2,4,6,0,0,0,7,1,1,0,0,1,2,2,E01011667
3484,2013130152567,2013,130152567,1,1,1,1,45,7,3,0,0,0,0,0,9,-1,-1,2013,130152567,425007.0,436678.0,-1.621575,53.825771,13,3,2,4,13/04/2013,7,00:51,204,E08000035,E08000035,3,65,6,40.0,0,-1,-1,-1,0,0,4,8,2,0,0,1,1,2,E01032494
3485,2013130152567,2013,130152567,1,3,2,1,50,8,3,0,0,1,0,0,9,-1,-1,2013,130152567,425007.0,436678.0,-1.621575,53.825771,13,3,2,4,13/04/2013,7,00:51,204,E08000035,E08000035,3,65,6,40.0,0,-1,-1,-1,0,0,4,8,2,0,0,1,1,2,E01032494
3486,2013130152567,2013,130152567,2,2,1,1,40,7,3,0,0,0,0,0,9,1,-1,2013,130152567,425007.0,436678.0,-1.621575,53.825771,13,3,2,4,13/04/2013,7,00:51,204,E08000035,E08000035,3,65,6,40.0,0,-1,-1,-1,0,0,4,8,2,0,0,1,1,2,E01032494