,accident_index,accident_year_x,accident_reference_x,vehicle_reference,casualty_reference,casualty_class,sex_of_casualty,age_of_casualty,age_band_of_casualty,casualty_severity,pedestrian_location,pedestrian_movement,car_passenger,bus_or_coach_passenger,pedestrian_road_maintenance_worker,casualty_type,casualty_home_area_type,casualty_imd_decile,accident_year_y,accident_reference_y,location_easting_osgr,location_northing_osgr,longitude,latitude,police_force,accident_severity,number_of_vehicles,number_of_casualties,date,day_of_week,time,local_authority_district,local_authority_ons_district,local_authority_highway,first_road_class,first_road_number,road_type,speed_limit,junction_detail,junction_control,second_road_class,second_road_number,pedestrian_crossing_human_control,pedestrian_crossing_physical_facilities,light_conditions,weather_conditions,road_surface_conditions,special_conditions_at_site,carriageway_hazards,urban_or_rural_area,did_police_officer_attend_scene_of_accident,trunk_road_flag,lsoa_of_accident_location
3487,2013130152567,2013,130152567,2,4,2,2,45,7,3,0,0,1,0,0,9,1,-1,2013,130152567,425007.0,436678.0,-1.621575,53.825771,13,3,2,4,13/04/2013,7,00:51,204,E08000035,E08000035,3,65,6,40.0,0,-1,-1,-1,0,0,4,8,2,0,0,1,1,2,E01032494
3488,2013130152628,2013,130152628,1,1,1,1,21,5,3,0,0,0,0,0,9,1,-1,2013,130152628,431313.0,438766.0,-1.525565,53.844197,13,2,2,2,13/04/2013,7,02:50,204,E08000035,E08000035,6,0,6,30.0,0,-1,-1,-1,0,0,4,1,2,0,0,1,1,2,E01011511
3489,2013130152628,2013,130152628,1,2,2,1,19,4,2,0,0,1,0,0,9,1,-1,2013,130152628,431313.0,438766.0,-1.525565,53.844197,13,2,2,2,13/04/2013,7,02:50,204,E08000035,E08000035,6,0,6,30.0,0,-1,-1,-1,0,0,4,1,2,0,0,1,1,2,E01011511
3490,2013130152640,2013,130152640,2,1,1,1,47,8,3,0,0,0,0,0,1,1,-1,2013,130152640,441676.0,427949.0,-1.369528,53.746252,13,3,2,1,12/04/2013,6,13:30,204,E08000035,E08000035,6,0,1,30.0,1,4,6,0,0,0,1,1,1,0,0,1,1,2,E01011307
3491,2013130152755,2013,130152755,1,2,2,2,49,8,3,0,0,1,0,0,9,1,-1,2013,130152755,433554.0,435956.0,-1.491811,53.818802,13,3,2,2,13/04/2013,7,08:40,204,E08000035,E08000035,6,0,6,30.0,6,4,6,0,0,0,1,1,1,0,0,1,1,2,E01011421
3492,2013130152755,2013,130152755,2,1,1,1,57,9,3,0,0,0,0,0,9,1,-1,2013,130152755,433554.0,435956.0,-1.491811,53.818802,13,3,2,2,13/04/2013,7,08:40,204,E08000035,E08000035,6,0,6,30.0,6,4,6,0,0,0,1,1,1,0,0,1,1,2,E01011421
3493,2013130152806,2013,130152806,1,1,1,1,37,7,3,0,0,0,0,0,9,-1,-1,2013,130152806,428723.0,433203.0,-1.565446,53.794347,13,3,2,2,12/04/2013,6,12:30,204,E08000035,E08000035,3,58,1,30.0,1,2,4,6154,0,0,1,1,1,0,0,1,1,2,E01033013
3494,2013130152806,2013,130152806,1,2,2,1,44,7,3,0,0,1,0,0,9,-1,-1,2013,130152806,428723.0,433203.0,-1.565446,53.794347,13,3,2,2,12/04/2013,6,12:30,204,E08000035,E08000035,3,58,1,30.0,1,2,4,6154,0,0,1,1,1,0,0,1,1,2,E01033013
3495,2013130153448,2013,130153448,1,1,1,1,48,8,3,0,0,0,0,0,9,-1,-1,2013,130153448,418718.0,444729.0,-1.716629,53.898397,13,3,2,5,13/04/2013,7,17:55,204,E08000035,E08000035,3,6038,6,40.0,3,4,6,0,0,0,7,2,2,0,0,1,1,2,E01011573
3496,2013130153448,2013,130153448,1,3,2,2,45,7,3,0,0,1,0,0,9,1,-1,2013,130153448,418718.0,444729.0,-1.716629,53.898397,13,3,2,5,13/04/2013,7,17:55,204,E08000035,E08000035,3,6038,6,40.0,3,4,6,0,0,0,7,2,2,0,0,1,1,2,E01011573
3497,2013130153448,2013,130153448,2,2,1,1,20,4,3,0,0,0,0,0,9,1,-1,2013,130153448,418718.0,444729.0,-1.716629,53.898397,13,3,2,5,13/04/2013,7,17:55,204,E08000035,E08000035,3,6038,6,40.0,3,4,6,0,0,0,7,2,2,0,0,1,1,2,E01011573
3498,2013130153448,2013,130153448,2,4,2,2,19,4,3,0,0,2,0,0,9,1,-1,2013,130153448,418718.0,444729.0,-1.716629,53.898397,13,3,2,5,13/04/2013,7,17:55,204,E08000035,E08000035,3,6038,6,40.0,3,4,6,0,0,0,7,2,2,0,0,1,1,2,E01011573
3499,2013130153448,2013,130153448,2,5,2,2,20,4,3,0,0,1,0,0,9,1,-1,2013,130153448,418718.0,444729.0,-1.716629,53.898397,13,3,2,5,13/04/2013,7,17:55,204,E08000035,E08000035,3,6038,6,40.0,3,4,6,0,0,0,7,2,2,0,0,1,1,2,E01011573
3500,2013130153486,2013,130153486,1,1,1,1,21,5,3,0,0,0,0,0,9,1,-1,2013,130153486,426834.0,433797.0,-1.59407,53.799786,13,3,1,1,13/04/2013,7,17:35,204,E08000035,E08000035,3,647,6,30.0,3,4,6,0,0,0,7,1,1,0,0,1,1,2,E01032500
3501,2013130153636,2013,130153636,1,1,3,1,61,9,3,5,9,0,0,0,0,-1,-1,2013,130153636,425908.0,436256.0,-1.607923,53.821934,13,3,1,1,13/04/2013,7,20:35,204,E08000035,E08000035,6,0,6,40.0,3,4,3,65,0,0,7,1,1,0,0,2,2,2,E01011485
3502,2013130153881,2013,130153881,1,1,3,1,19,4,2,5,1,0,0,0,0,-1,-1,2013,130153881,429697.0,434561.0,-1.55053,53.806498,13,2,1,1,14/04/2013,1,02:40,204,E08000035,E08000035,3,660,6,30.0,0,-1,-1,-1,0,0,7,1,1,0,0,1,1,2,E01033005
3503,2013130153910,2013,130153910,1,1,3,1,5,1,3,5,4,0,0,0,0,-1,-1,2013,130153910,438939.0,426895.0,-1.41116,53.73699,13,3,1,1,13/04/2013,7,12:45,204,E08000035,E08000035,6,0,6,30.0,0,-1,-1,-1,0,0,1,1,1,0,0,2,1,2,E01011393
3504,2013130154314,2013,130154314,1,1,3,1,43,7,3,9,9,0,0,0,0,1,-1,2013,130154314,425097.0,434943.0,-1.620349,53.810173,13,3,1,1,13/04/2013,7,23:50,204,E08000035,E08000035,6,0,6,30.0,0,-1,-1,-1,0,0,7,1,1,0,0,1,2,2,E01011295
3505,2013130154326,2013,130154326,1,1,2,1,8,2,3,0,0,0,4,0,11,1,-1,2013,130154326,425208.0,440806.0,-1.618184,53.862864,13,3,1,1,14/04/2013,1,12:42,204,E08000035,E08000035,6,0,6,30.0,3,4,6,0,0,0,1,1,1,0,0,1,2,2,E01011376
3506,2013130154335,2013,130154335,1,1,3,1,23,5,2,10,9,0,0,0,0,1,-1,2013,130154335,440338.0,448107.0,-1.387176,53.927529,13,2,2,1,13/04/2013,7,19:38,204,E08000035,E08000035,6,0,2,30.0,0,-1,-1,-1,0,0,7,2,2,0,0,1,1,2,E01011704
3507,2013130155713,2013,130155713,1,1,1,2,32,6,3,0,0,0,0,0,9,1,-1,2013,130155713,429455.0,434903.0,-1.554172,53.809586,13,3,2,1,15/04/2013,2,11:35,204,E08000035,E08000035,3,660,6,30.0,8,4,6,0,0,0,1,1,1,0,0,1,2,2,-1
3508,2013130156074,2013,130156074,2,1,1,2,31,6,3,0,0,0,0,0,9,1,-1,2013,130156074,428427.0,428828.0,-1.570341,53.755041,13,3,2,1,15/04/2013,2,15:05,204,E08000035,E08000035,3,653,6,40.0,0,-1,-1,-1,0,0,1,1,1,0,0,2,1,2,E01011493
3509,2013130156225,2013,130156225,2,1,1,1,6,2,3,0,0,0,0,0,1,1,-1,2013,130156225,427394.0,427462.0,-1.586129,53.742819,13,3,2,1,15/04/2013,2,17:15,204,E08000035,E08000035,6,0,6,30.0,0,-1,-1,-1,0,0,7,1,1,0,0,1,2,2,E01032490
3510,2013130156332,2013,130156332,1,1,2,2,27,6,3,0,0,0,0,0,10,1,-1,2013,130156332,430794.0,433460.0,-1.533982,53.796539,13,3,1,1,15/04/2013,2,16:08,204,E08000035,E08000035,3,61,6,30.0,0,-1,-1,-1,0,0,1,4,1,0,0,1,1,2,E01033011
3511,2013130156364,2013,130156364,1,1,1,2,32,6,3,0,0,0,0,0,9,1,-1,2013,130156364,421918.0,432965.0,-1.668766,53.792538,13,3,2,2,15/04/2013,2,16:38,204,E08000035,E08000035,4,6154,6,30.0,3,4,6,0,0,1,1,1,1,0,0,1,1,2,E01011602
3512,2013130156364,2013,130156364,2,2,1,1,50,8,3,0,0,0,0,0,9,1,-1,2013,130156364,421918.0,432965.0,-1.668766,53.792538,13,3,2,2,15/04/2013,2,16:38,204,E08000035,E08000035,4,6154,6,30.0,3,4,6,0,0,1,1,1,1,0,0,1,1,2,E01011602
3513,2013130156398,2013,130156398,1,1,1,2,19,4,3,0,0,0,0,0,9,1,-1,2013,130156398,433844.0,434056.0,-1.487615,53.801707,13,3,2,2,15/04/2013,2,15:36,204,E08000035,E08000035,3,64,3,40.0,7,2,3,63,0,5,1,1,1,0,0,1,1,2,E01011346
3514,2013130156398,2013,130156398,2,2,2,1,32,6,3,0,0,1,0,0,9,1,-1,2013,130156398,433844.0,434056.0,-1.487615,53.801707,13,3,2,2,15/04/2013,2,15:36,204,E08000035,E08000035,3,64,3,40.0,7,2,3,63,0,5,1,1,1,0,0,1,1,2,E01011346
3515,2013130157270,2013,130157270,1,1,3,1,19,4,2,5,1,0,0,0,0,1,-1,2013,130157270,430798.0,433447.0,-1.533923,53.796422,13,2,1,1,14/04/2013,1,04:30,204,E08000035,E08000035,3,61,6,30.0,7,2,6,0,0,0,4,1,1,0,0,1,2,2,E01033011
3516,2013130157394,2013,130157394,2,1,1,1,29,6,3,0,0,0,0,0,9,-1,-1,2013,130157394,428199.0,435024.0,-1.573234,53.810743,13,3,2,1,15/04/2013,2,10:30,204,E08000035,E08000035,6,0,6,30.0,6,4,6,0,0,0,1,1,1,0,0,1,2,2,E01011447
3517,2013130157401,2013,130157401,2,1,1,1,43,7,3,0,0,0,0,0,9,1,-1,2013,130157401,426020.0,427776.0,-1.606935,53.745711,13,3,2,1,13/04/2013,7,11:40,204,E08000035,E08000035,6,0,6,30.0,0,-1,-1,-1,0,0,1,1,1,0,0,1,1,2,E01011533
3518,2013130157729,2013,130157729,2,1,2,2,9,2,3,0,0,1,0,0,9,1,-1,2013,130157729,430431.0,433862.0,-1.539453,53.800173,13,3,2,1,16/04/2013,3,16:25,204,E08000035,E08000035,6,0,6,30.0,3,4,6,0,0,0,1,1,1,0,0,1,1,2,E01033010
3519,2013130157810,2013,130157810,1,1,2,2,42,7,3,0,0,0,4,0,11,1,-1,2013,130157810,429519.0,434863.0,-1.553204,53.809223,13,3,2,1,16/04/2013,3,16:10,204,E08000035,E08000035,3,660,6,30.0,0,-1,-1,-1,0,0,1,4,1,0,0,1,2,2,E01033006
3520,2013130158892,2013,130158892,1,1,1,2,21,5,3,0,0,0,0,0,9,1,-1,2013,130158892,427474.0,426329.0,-1.585016,53.732631,13,3,2,1,16/04/2013,3,14:15,204,E08000035,E08000035,1,62,3,70.0,0,-1,-1,-1,0,0,1,4,1,0,0,2,1,1,E01032491
3521,2013130159263,2013,130159263,2,1,1,1,15,3,3,0,0,0,0,0,1,1,-1,2013,130159263,432071.0,433350.0,-1.514607,53.795473,13,3,2,1,16/04/2013,3,20:30,204,E08000035,E08000035,6,0,6,30.0,3,4,6,0,0,0,7,1,1,0,0,1,1,2,E01011623
3522,2013130159405,2013,130159405,2,1,1,1,42,7,3,0,0,0,0,0,1,1,-1,2013,130159405,428906.0,435510.0,-1.562452,53.815072,13,3,2,1,17/04/2013,4,17:50,204,E08000035,E08000035,3,660,6,30.0,3,4,6,0,0,0,7,1,1,0,0,1,1,2,E01011443
3523,2013130521700,2013,130521700,1,1,2,2,18,4,3,0,0,2,0,0,8,1,-1,2013,130521700,427993.0,433604.0,-1.576491,53.797991,13,3,1,1,20/12/2013,6,05:00,204,E08000035,E08000035,3,647,6,30.0,0,-1,-1,-1,0,0,7,1,1,0,0,1,2,2,E01011294
3524,2013130522001,2013,130522001,2,1,1,1,46,8,3,0,0,0,0,0,1,-1,-1,2013,130522001,431349.0,435057.0,-1.525395,53.810859,13,3,2,1,20/12/2013,6,17:20,204,E08000035,E08000035,3,58,6,30.0,3,4,6,0,0,0,1,1,1,0,0,1,1,2,E01011673
3525,2013130522028,2013,130522028,1,1,2,1,24,5,3,0,0,2,0,0,8,1,-1,2013,130522028,429029.0,429909.0,-1.56111,53.764724,13,3,2,1,20/12/2013,6,16:30,204,E08000035,E08000035,3,653,6,40.0,0,-1,-1,-1,0,0,1,1,2,0,0,1,2,2,E01011320
3526,2013130522494,2013,130522494,1,1,1,2,45,7,3,0,0,0,0,0,9,2,-1,2013,130522494,432584.0,438680.0,-1.506257,53.843346,13,3,5,1,20/12/2013,6,22:25,204,E08000035,E08000035,6,0,6,30.0,0,-1,-1,-1,0,0,4,1,2,0,0,1,1,2,E01011653
3527,2013130522541,2013,130522541,1,1,3,1,12,3,3,5,1,0,0,0,0,1,-1,2013,130522541,420471.0,441133.0,-1.69019,53.86601,13,3,1,1,20/12/2013,6,13:05,204,E08000035,E08000035,6,0,6,30.0,6,4,6,0,0,0,1,1,1,0,0,1,1,2,-1
3528,2013130522839,2013,130522839,1,1,1,2,30,6,3,0,0,0,0,0,9,1,-1,2013,130522839,428747.0,430854.0,-1.5653,53.773233,13,3,2,2,20/12/2013,6,10:00,204,E08000035,E08000035,6,0,1,30.0,2,4,6,0,0,0,1,1,1,0,0,1,1,2,E01011315
3529,2013130522839,2013,130522839,2,2,1,2,19,4,3,0,0,0,0,0,9,-1,-1,2013,130522839,428747.0,430854.0,-1.5653,53.773233,13,3,2,2,20/12/2013,6,10:00,204,E08000035,E08000035,6,0,1,30.0,2,4,6,0,0,0,1,1,1,0,0,1,1,2,E01011315
3530,2013130522982,2013,130522982,1,1,1,1,27,6,3,0,0,0,0,0,9,1,-1,2013,130522982,431504.0,430600.0,-1.523495,53.770791,13,3,2,1,20/12/2013,6,11:45,204,E08000035,E08000035,6,0,6,30.0,0,-1,-1,-1,0,0,1,1,1,0,0,1,1,2,-1
3531,2013130523274,2013,130523274,2,1,1,2,24,5,3,0,0,0,0,0,9,1,-1,2013,130523274,432120.0,427370.0,-1.514484,53.741723,13,3,2,2,21/12/2013,7,17:30,204,E08000035,E08000035,1,1,3,30.0,0,-1,-1,-1,0,0,4,1,1,0,0,2,1,1,E01032495
3532,2013130523274,2013,130523274,2,2,2,2,24,5,3,0,0,1,0,0,9,1,-1,2013,130523274,432120.0,427370.0,-1.514484,53.741723,13,3,2,2,21/12/2013,7,17:30,204,E08000035,E08000035,1,1,3,30.0,0,-1,-1,-1,0,0,4,1,1,0,0,2,1,1,E01032495
3533,2013130523427,2013,130523427,2,1,1,1,39,7,3,0,0,0,0,0,10,1,-1,2013,130523427,427293.0,433602.0,-1.587119,53.79801,13,3,2,1,21/12/2013,7,18:20,204,E08000035,E08000035,6,0,6,30.0,0,-1,-1,-1,0,0,4,5,2,0,0,1,1,2,E01011293
3534,2013130523976,2013,130523976,1,1,1,1,66,10,3,0,0,0,0,0,9,1,-1,2013,130523976,434804.0,428893.0,-1.47362,53.75524,13,3,2,2,22/12/2013,1,10:03,204,E08000035,E08000035,6,0,6,30.0,6,4,6,0,0,0,1,1,1,0,0,1,1,2,E01011628
3535,2013130523976,2013,130523976,2,2,1,2,60,9,3,0,0,0,0,0,9,1,-1,2013,130523976,434804.0,428893.0,-1.47362,53.75524,13,3,2,2,22/12/2013,1,10:03,204,E08000035,E08000035,6,0,6,30.0,6,4,6,0,0,0,1,1,1,0,0,1,1,2,E01011628
3536,2013130524020,2013,130524020,1,1,3,1,32,6,3,1,3,0,0,0,0,1,-1,2013,130524020,430354.0,433430.0,-1.540665,53.796295,13,3,1,1,21/12/2013,7,16:30,204,E08000035,E08000035,6,0,6,30.0,3,2,6,0,0,4,1,1,1,0,0,1,2,2,E01033011
3537,2013130524024,2013,130524024,2,1,1,1,47,8,3,0,0,0,0,0,9,1,-1,2013,130524024,427996.0,435189.0,-1.576302,53.812237,13,3,2,1,22/12/2013,1,10:47,204,E08000035,E08000035,6,0,6,30.0,3,4,6,0,0,0,1,1,2,0,0,1,1,2,-1
3538,2013130524260,2013,130524260,2,1,2,2,25,5,3,0,0,1,0,0,9,1,-1,2013,130524260,428054.0,434298.0,-1.575502,53.804225,13,3,2,1,21/12/2013,7,14:00,204,E08000035,E08000035,3,65,3,30.0,6,2,6,0,0,0,1,2,2,0,0,1,1,2,E01011483
3539,2013130524404,2013,130524404,1,1,3,2,22,5,3,10,9,0,0,0,0,1,-1,2013,130524404,430724.0,433756.0,-1.535015,53.799204,13,3,1,1,22/12/2013,1,17:05,204,E08000035,E08000035,3,61,3,30.0,0,-1,-1,-1,0,5,4,1,2,0,0,1,1,2,E01033010
3540,2013130524463,2013,130524463,2,1,2,2,30,6,3,0,0,1,0,0,9,1,-1,2013,130524463,430332.0,432722.0,-1.541068,53.789933,13,3,3,1,22/12/2013,1,16:43,204,E08000035,E08000035,6,0,6,30.0,0,-1,-1,-1,0,0,4,5,2,0,0,1,1,2,E01033016
3541,2013130524760,2013,130524760,2,1,1,1,24,5,3,0,0,0,0,0,3,1,-1,2013,130524760,424724.0,437892.0,-1.625777,53.836696,13,3,2,1,22/12/2013,1,20:24,204,E08000035,E08000035,6,0,6,30.0,3,4,6,0,0,0,1,1,1,0,0,1,1,2,E01011463
3542,2013130524841,2013,130524841,2,1,1,1,23,5,3,0,0,0,0,0,1,-1,-1,2013,130524841,431135.0,430060.0,-1.529148,53.76596,13,3,2,1,23/12/2013,2,05:35,204,E08000035,E08000035,6,0,6,30.0,3,4,6,0,0,0,1,1,1,0,0,1,1,2,-1
3543,2013130525174,2013,130525174,2,1,1,1,29,6,3,0,0,0,0,0,1,1,-1,2013,130525174,421951.0,436520.0,-1.668013,53.824489,13,3,2,1,23/12/2013,2,06:30,204,E08000035,E08000035,3,6120,1,40.0,1,4,6,0,0,0,4,1,2,0,0,2,1,2,-1
3544,2013130525471,2013,130525471,1,1,2,2,61,9,3,0,0,0,4,0,11,3,-1,2013,130525471,431025.0,434504.0,-1.53037,53.805909,13,3,1,1,23/12/2013,2,10:50,204,E08000035,E08000035,6,0,6,30.0,1,4,3,61,0,0,1,5,2,0,0,1,2,2,E01033031
3545,2013130525623,2013,130525623,2,1,1,2,42,7,3,0,0,0,0,0,9,1,-1,2013,130525623,426320.0,438426.0,-1.601479,53.841418,13,3,2,1,23/12/2013,2,14:59,204,E08000035,E08000035,6,0,6,30.0,0,-1,-1,-1,0,0,1,1,1,0,0,1,1,2,E01011684
3546,2013130525644,2013,130525644,1,1,3,1,32,6,3,5,1,0,0,0,0,1,-1,2013,130525644,427487.0,434588.0,-1.584086,53.806862,13,3,1,1,23/12/2013,2,14:45,204,E08000035,E08000035,6,0,6,30.0,3,4,3,65,0,4,1,5,2,0,0,1,1,2,E01011482
3547,2013130526581,2013,130526581,1,1,1,2,61,9,3,0,0,0,0,0,9,1,-1,2013,130526581,431492.0,435899.0,-1.523137,53.818419,13,3,2,1,24/12/2013,3,08:09,204,E08000035,E08000035,6,0,6,30.0,3,4,6,0,0,0,1,1,1,0,0,1,2,2,E01011359
3548,2013130526621,2013,130526621,1,1,3,2,22,5,3,4,1,0,0,0,0,1,-1,2013,130526621,430416.0,433774.0,-1.53969,53.799383,13,3,1,1,24/12/2013,3,11:35,204,E08000035,E08000035,6,0,2,30.0,0,-1,-1,-1,0,4,1,4,1,0,0,1,1,2,E01033010
3549,2013130526706,2013,130526706,2,1,1,1,20,4,3,0,0,0,0,0,1,1,-1,2013,130526706,428723.0,437080.0,-1.565085,53.829193,13,3,2,1,24/12/2013,3,10:04,204,E08000035,E08000035,4,6157,6,30.0,0,-1,-1,-1,0,0,1,1,1,0,0,1,1,2,E01011691
3550,2013130526735,2013,130526735,2,1,1,1,26,6,2,0,0,0,0,0,1,1,-1,2013,130526735,430705.0,439071.0,-1.534775,53.846975,13,2,2,1,24/12/2013,3,10:40,204,E08000035,E08000035,3,61,6,40.0,1,4,4,6157,0,0,1,1,1,0,0,1,1,2,E01011512
3551,2013130527345,2013,130527345,2,1,1,1,41,7,3,0,0,0,0,0,1,-1,-1,2013,130527345,423018.0,437653.0,-1.651719,53.834626,13,3,2,1,23/12/2013,2,18:28,204,E08000035,E08000035,3,65,6,30.0,1,4,3,6120,0,0,4,5,2,0,0,1,2,2,E01011452
3552,2013130528017,2013,130528017,2,1,1,2,26,6,3,0,0,0,0,0,9,1,-1,2013,130528017,431225.0,429831.0,-1.527805,53.763896,13,3,2,3,25/12/2013,4,10:45,204,E08000035,E08000035,6,0,6,30.0,3,4,6,0,0,0,1,1,1,0,0,1,1,2,E01011474
3553,2013130528017,2013,130528017,2,2,2,2,32,6,3,0,0,1,0,0,9,-1,-1,2013,130528017,431225.0,429831.0,-1.527805,53.763896,13,3,2,3,25/12/2013,4,10:45,204,E08000035,E08000035,6,0,6,30.0,3,4,6,0,0,0,1,1,1,0,0,1,1,2,E01011474
3554,2013130528017,2013,130528017,2,3,2,2,10,2,3,0,0,2,0,0,9,-1,-1,2013,130528017,431225.0,429831.0,-1.527805,53.763896,13,3,2,3,25/12/2013,4,10:45,204,E08000035,E08000035,6,0,6,30.0,3,4,6,0,0,0,1,1,1,0,0,1,1,2,E01011474
3555,2013130528203,2013,130528203,1,2,2,2,6,2,3,0,0,2,0,0,9,1,-1,2013,130528203,418517.0,441368.0,-1.71989,53.868195,13,3,2,2,26/12/2013,5,14:25,204,E08000035,E08000035,4,6153,6,30.0,0,-1,-1,-1,0,0,1,1,1,0,0,1,1,2,E01011271
3556,2013130528203,2013,130528203,2,1,1,2,52,8,3,0,0,0,0,0,9,1,-1,2013,130528203,418517.0,441368.0,-1.71989,53.868195,13,3,2,2,26/12/2013,5,14:25,204,E08000035,E08000035,4,6153,6,30.0,0,-1,-1,-1,0,0,1,1,1,0,0,1,1,2,E01011271
3557,2013130528861,2013,130528861,1,1,1,2,31,6,3,0,0,0,0,0,9,1,-1,2013,130528861,427819.0,436890.0,-1.578837,53.827534,13,3,2,6,27/12/2013,6,11:50,204,E08000035,E08000035,6,0,6,30.0,3,4,6,0,0,0,1,1,1,0,0,1,1,2,E01011690
3558,2013130528861,2013,130528861,1,4,2,1,22,5,3,0,0,1,0,0,9,1,-1,2013,130528861,427819.0,436890.0,-1.578837,53.827534,13,3,2,6,27/12/2013,6,11:50,204,E08000035,E08000035,6,0,6,30.0,3,4,6,0,0,0,1,1,1,0,0,1,1,2,E01011690
3559,2013130528861,2013,130528861,2,2,1,1,26,6,3,0,0,0,0,0,9,-1,-1,2013,130528861,427819.0,436890.0,-1.578837,53.827534,13,3,2,6,27/12/2013,6,11:50,204,E08000035,E08000035,6,0,6,30.0,3,4,6,0,0,0,1,1,1,0,0,1,1,2,E01011690
3560,2013130528861,2013,130528861,2,3,2,1,30,6,3,0,0,2,0,0,9,1,-1,2013,130528861,427819.0,436890.0,-1.578837,53.827534,13,3,2,6,27/12/2013,6,11:50,204,E08000035,E08000035,6,0,6,30.0,3,4,6,0,0,0,1,1,1,0,0,1,1,2,E01011690
3561,2013130528861,2013,130528861,2,5,2,1,3,1,3,0,0,2,0,0,9,1,-1,2013,130528861,427819.0,436890.0,-1.578837,53.827534,13,3,2,6,27/12/2013,6,11:50,204,E08000035,E08000035,6,0,6,30.0,3,4,6,0,0,0,1,1,1,0,0,1,1,2,E01011690
3562,2013130528861,2013,130528861,2,6,2,1,30,6,3,0,0,2,0,0,9,1,-1,2013,130528861,427819.0,436890.0,-1.578837,53.827534,13,3,2,6,27/12/2013,6,11:50,204,E08000035,E08000035,6,0,6,30.0,3,4,6,0,0,0,1,1,1,0,0,1,1,2,E01011690
3563,2013130528890,2013,130528890,1,1,1,2,62,9,3,0,0,0,0,0,9,3,-1,2013,130528890,430215.0,434366.0,-1.542683,53.804716,13,3,2,1,23/12/2013,2,12:00,204,E08000035,E08000035,3,58,3,30.0,3,4,3,58,0,0,1,1,1,0,0,1,2,2,E01033002
3564,2013130528955,2013,130528955,2,1,1,2,24,5,3,0,0,0,0,0,9,1,-1,2013,130528955,428576.0,432992.0,-1.567697,53.792459,13,3,2,1,26/12/2013,5,12:45,204,E08000035,E08000035,3,58,6,30.0,1,4,6,0,0,0,1,1,1,0,0,1,1,2,E01011363
3565,2013130529197,2013,130529197,1,1,2,2,8,2,3,0,0,2,0,0,9,1,-1,2013,130529197,421702.0,435067.0,-1.671898,53.81144,13,3,2,1,26/12/2013,5,18:30,204,E08000035,E08000035,4,6156,3,30.0,0,-1,-1,-1,0,0,4,1,2,0,0,1,2,2,E01011598
3566,2013130529264,2013,130529264,1,2,2,2,43,7,3,0,0,1,0,0,9,1,-1,2013,130529264,424774.0,435621.0,-1.6252,53.816282,13,3,2,2,01/12/2013,1,15:35,204,E08000035,E08000035,6,0,6,30.0,3,4,6,0,0,0,1,1,2,0,0,1,1,2,-1
3567,2013130529264,2013,130529264,2,1,1,2,44,7,3,0,0,0,0,0,9,1,-1,2013,130529264,424774.0,435621.0,-1.6252,53.816282,13,3,2,2,01/12/2013,1,15:35,204,E08000035,E08000035,6,0,6,30.0,3,4,6,0,0,0,1,1,2,0,0,1,1,2,-1
3568,2013130529733,2013,130529733,1,1,1,1,72,10,3,0,0,0,0,0,9,1,-1,2013,130529733,428836.0,430244.0,-1.564006,53.767746,13,3,2,1,28/12/2013,7,06:05,204,E08000035,E08000035,6,0,6,30.0,0,-1,-1,-1,0,0,1,1,1,0,0,1,1,2,E01011320
3569,2013130529984,2013,130529984,1,1,3,1,15,3,3,5,9,0,0,0,0,3,-1,2013,130529984,431512.0,435136.0,-1.522911,53.81156,13,3,1,1,28/12/2013,7,12:55,204,E08000035,E08000035,3,58,6,30.0,9,2,6,0,0,0,1,1,2,0,0,1,1,2,E01011673
3570,2013130530056,2013,130530056,1,1,1,1,46,8,3,0,0,0,0,0,9,3,-1,2013,130530056,433926.0,436542.0,-1.486097,53.824045,13,3,3,2,28/12/2013,7,12:00,204,E08000035,E08000035,3,58,3,40.0,0,-1,-1,-1,0,0,1,1,1,0,0,1,1,2,E01011421
3571,2013130530056,2013,130530056,2,2,1,1,47,8,3,0,0,0,0,0,9,3,-1,2013,130530056,433926.0,436542.0,-1.486097,53.824045,13,3,3,2,28/12/2013,7,12:00,204,E08000035,E08000035,3,58,3,40.0,0,-1,-1,-1,0,0,1,1,1,0,0,1,1,2,E01011421
3572,2013130530179,2013,130530179,1,1,2,2,76,11,3,0,0,0,4,0,11,1,-1,2013,130530179,430414.0,433717.0,-1.539726,53.798871,13,3,1,1,27/12/2013,6,13:00,204,E08000035,E08000035,6,0,6,30.0,6,2,6,0,0,5,1,1,1,0,0,1,2,2,E01033010
3573,2013130530379,2013,130530379,1,1,1,1,21,5,3,0,0,0,0,0,9,-1,-1,2013,130530379,430643.0,435609.0,-1.536061,53.815863,13,3,3,2,28/12/2013,7,17:27,204,E08000035,E08000035,6,0,6,30.0,6,4,6,0,0,0,1,1,1,0,0,1,1,2,E01011360
3574,2013130530379,2013,130530379,2,2,1,2,42,7,3,0,0,0,0,0,9,1,-1,2013,130530379,430643.0,435609.0,-1.536061,53.815863,13,3,3,2,28/12/2013,7,17:27,204,E08000035,E08000035,6,0,6,30.0,6,4,6,0,0,0,1,1,1,0,0,1,1,2,E01011360