,accident_index,accident_year_x,accident_reference_x,vehicle_reference,casualty_reference,casualty_class,sex_of_casualty,age_of_casualty,age_band_of_casualty,casualty_severity,pedestrian_location,pedestrian_movement,car_passenger,bus_or_coach_passenger,pedestrian_road_maintenance_worker,casualty_type,casualty_home_area_type,casualty_imd_decile,accident_year_y,accident_reference_y,location_easting_osgr,location_northing_osgr,longitude,latitude,police_force,accident_severity,number_of_vehicles,number_of_casualties,date,day_of_week,time,local_authority_district,local_authority_ons_district,local_authority_highway,first_road_class,first_road_number,road_type,speed_limit,junction_detail,junction_control,second_road_class,second_road_number,pedestrian_crossing_human_control,pedestrian_crossing_physical_facilities,light_conditions,weather_conditions,road_surface_conditions,special_conditions_at_site,carriageway_hazards,urban_or_rural_area,did_police_officer_attend_scene_of_accident,trunk_road_flag,lsoa_of_accident_location
3575,2013130530744,2013,130530744,2,1,1,1,40,7,3,0,0,0,0,0,9,-1,-1,2013,130530744,433737.0,428929.0,-1.489799,53.755633,13,3,2,1,29/12/2013,1,02:40,204,E08000035,E08000035,6,0,6,40.0,8,4,-1,-1,0,0,1,1,1,0,0,1,1,2,E01011632
3576,2013130530777,2013,130530777,2,1,1,1,53,8,3,0,0,0,0,0,9,1,-1,2013,130530777,429796.0,433922.0,-1.549088,53.800749,13,3,2,2,28/12/2013,7,13:00,204,E08000035,E08000035,6,0,2,30.0,6,2,6,0,0,4,1,1,1,0,0,1,1,2,E01033010
3577,2013130530777,2013,130530777,2,2,2,2,51,8,3,0,0,1,0,0,9,1,-1,2013,130530777,429796.0,433922.0,-1.549088,53.800749,13,3,2,2,28/12/2013,7,13:00,204,E08000035,E08000035,6,0,2,30.0,6,2,6,0,0,4,1,1,1,0,0,1,1,2,E01033010
3578,2013130531102,2013,130531102,1,1,1,2,57,9,3,0,0,0,0,0,9,1,-1,2013,130531102,414747.0,442825.0,-1.777152,53.881411,13,3,2,1,29/12/2013,1,12:35,204,E08000035,E08000035,6,0,6,30.0,0,-1,-1,-1,0,0,1,1,1,0,0,2,1,2,E01011270
3579,2013130531409,2013,130531409,1,1,3,2,36,7,3,10,1,0,0,0,0,-1,-1,2013,130531409,432364.0,433658.0,-1.510127,53.798224,13,3,1,1,29/12/2013,1,00:01,204,E08000035,E08000035,6,0,6,30.0,3,4,6,0,0,0,1,1,1,0,0,1,1,2,E01011618
3580,2013130532265,2013,130532265,1,1,3,2,36,7,2,5,3,0,0,0,0,1,-1,2013,130532265,430233.0,435115.0,-1.542337,53.811447,13,2,1,1,30/12/2013,2,11:45,204,E08000035,E08000035,6,0,6,30.0,3,4,6,0,0,4,1,2,2,0,0,1,1,2,E01011671
3581,2013130532381,2013,130532381,1,1,1,1,32,6,3,0,0,0,0,0,9,1,-1,2013,130532381,428931.0,431069.0,-1.562488,53.775155,13,3,2,2,30/12/2013,2,13:08,204,E08000035,E08000035,6,0,6,30.0,3,4,6,0,0,8,1,5,2,0,0,1,1,2,E01011314
3582,2013130532381,2013,130532381,2,2,1,2,81,11,3,0,0,0,0,0,9,1,-1,2013,130532381,428931.0,431069.0,-1.562488,53.775155,13,3,2,2,30/12/2013,2,13:08,204,E08000035,E08000035,6,0,6,30.0,3,4,6,0,0,8,1,5,2,0,0,1,1,2,E01011314
3583,2013130532506,2013,130532506,2,1,1,1,58,9,3,0,0,0,0,0,9,1,-1,2013,130532506,430960.0,435788.0,-1.531229,53.817453,13,3,2,1,30/12/2013,2,12:45,204,E08000035,E08000035,6,0,6,30.0,6,2,6,0,0,4,1,9,2,0,0,1,2,2,E01011356
3584,2013130532631,2013,130532631,1,1,1,1,21,5,3,0,0,0,0,0,1,1,-1,2013,130532631,436095.0,434825.0,-1.453349,53.808468,13,3,2,1,30/12/2013,2,16:05,204,E08000035,E08000035,3,6120,1,40.0,1,4,6,0,0,0,1,1,1,0,0,1,2,2,E01011666
3585,2013130532824,2013,130532824,1,2,2,1,30,6,3,0,0,1,0,0,9,1,-1,2013,130532824,431893.0,434948.0,-1.517144,53.809847,13,2,3,4,30/12/2013,2,18:00,204,E08000035,E08000035,6,0,6,30.0,6,4,6,0,0,0,4,2,2,0,0,1,1,2,E01011677
3586,2013130532824,2013,130532824,2,1,1,1,25,5,3,0,0,0,0,0,9,1,-1,2013,130532824,431893.0,434948.0,-1.517144,53.809847,13,2,3,4,30/12/2013,2,18:00,204,E08000035,E08000035,6,0,6,30.0,6,4,6,0,0,0,4,2,2,0,0,1,1,2,E01011677
3587,2013130532824,2013,130532824,2,3,2,1,22,5,2,0,0,1,0,0,9,1,-1,2013,130532824,431893.0,434948.0,-1.517144,53.809847,13,2,3,4,30/12/2013,2,18:00,204,E08000035,E08000035,6,0,6,30.0,6,4,6,0,0,0,4,2,2,0,0,1,1,2,E01011677
3588,2013130532824,2013,130532824,2,4,2,1,32,6,3,0,0,2,0,0,9,1,-1,2013,130532824,431893.0,434948.0,-1.517144,53.809847,13,2,3,4,30/12/2013,2,18:00,204,E08000035,E08000035,6,0,6,30.0,6,4,6,0,0,0,4,2,2,0,0,1,1,2,E01011677
3589,2013130532892,2013,130532892,2,1,1,2,48,8,3,0,0,0,0,0,9,1,-1,2013,130532892,431962.0,435823.0,-1.516006,53.817707,13,3,2,1,30/12/2013,2,21:20,204,E08000035,E08000035,3,58,3,30.0,7,2,4,6159,0,0,4,4,2,0,0,1,1,2,E01011422
3590,2013130533519,2013,130533519,1,1,3,2,49,8,3,1,3,0,0,0,0,1,-1,2013,130533519,423421.0,437620.0,-1.645598,53.834312,13,3,1,1,31/12/2013,3,10:54,204,E08000035,E08000035,3,6120,6,30.0,0,-1,-1,-1,0,1,1,2,2,0,0,1,2,2,E01011465
3591,2013130533671,2013,130533671,1,1,2,2,31,6,3,0,0,1,0,0,9,1,-1,2013,130533671,431886.0,435006.0,-1.517245,53.810369,13,3,2,1,31/12/2013,3,14:15,204,E08000035,E08000035,6,0,6,30.0,3,4,6,0,0,4,1,1,1,0,0,1,1,2,E01011677
3592,2013130533794,2013,130533794,2,1,1,2,27,6,3,0,0,0,0,0,9,1,-1,2013,130533794,431836.0,435979.0,-1.517904,53.819117,13,3,2,1,31/12/2013,3,17:05,204,E08000035,E08000035,4,6159,6,30.0,3,4,6,0,0,8,4,8,2,0,0,1,1,2,E01011359
3593,2013131302816,2013,131302816,2,1,1,2,27,6,3,0,0,0,0,0,9,1,-1,2013,131302816,427804.0,430028.0,-1.579682,53.76586,13,3,2,1,07/07/2013,1,15:30,204,E08000035,E08000035,6,0,6,30.0,3,4,3,643,0,0,1,1,1,0,0,1,2,2,E01011317
3594,2013131303091,2013,131303091,2,1,1,2,24,5,3,0,0,0,0,0,9,-1,-1,2013,131303091,429855.0,432306.0,-1.548349,53.786222,13,3,2,1,26/07/2013,6,19:55,204,E08000035,E08000035,3,653,2,30.0,0,-1,-1,-1,0,0,1,1,1,0,0,1,1,2,E01033032
3595,2014130043770,2014,130043770,1,1,3,2,26,6,3,5,3,0,0,0,0,1,-1,2014,130043770,429791.0,433962.0,-1.54916,53.801109,13,3,1,1,31/01/2014,6,21:12,204,E08000035,E08000035,6,0,6,30.0,7,4,6,0,0,4,4,1,2,0,0,1,1,2,E01033010
3596,2014130043796,2014,130043796,1,1,1,1,34,6,3,0,0,0,0,0,8,1,-1,2014,130043796,429798.0,433788.0,-1.549071,53.799545,13,3,2,2,01/02/2014,7,00:35,204,E08000035,E08000035,6,0,3,30.0,6,2,6,0,0,5,4,1,2,1,0,1,1,2,E01033008
3597,2014130043796,2014,130043796,2,2,1,1,50,8,3,0,0,0,0,0,9,1,-1,2014,130043796,429798.0,433788.0,-1.549071,53.799545,13,3,2,2,01/02/2014,7,00:35,204,E08000035,E08000035,6,0,3,30.0,6,2,6,0,0,5,4,1,2,1,0,1,1,2,E01033008
3598,2014130044253,2014,130044253,2,1,1,1,41,7,3,0,0,0,0,0,1,1,-1,2014,130044253,424472.0,445188.0,-1.629027,53.902283,13,3,2,1,01/02/2014,7,10:15,204,E08000035,E08000035,3,658,6,30.0,3,4,6,0,0,0,1,1,2,0,0,2,1,2,E01011570
3599,2014130044486,2014,130044486,1,1,3,1,24,5,3,10,9,0,0,0,0,1,-1,2014,130044486,421728.0,433535.0,-1.67161,53.797669,13,3,1,1,01/02/2014,7,15:30,204,E08000035,E08000035,6,0,6,30.0,0,-1,-1,-1,0,0,1,1,1,0,0,1,2,2,E01011602
3600,2014130044522,2014,130044522,1,1,2,1,81,11,3,0,0,0,4,0,11,1,-1,2014,130044522,430493.0,433709.0,-1.538527,53.798795,13,3,1,1,01/02/2014,7,15:15,204,E08000035,E08000035,6,0,6,30.0,0,-1,-1,-1,0,0,1,1,1,0,0,1,2,2,E01033010
3601,2014130044635,2014,130044635,2,1,1,1,53,8,3,0,0,0,0,0,9,1,-1,2014,130044635,423895.0,434277.0,-1.638654,53.804243,13,3,2,1,01/02/2014,7,17:40,204,E08000035,E08000035,6,0,6,30.0,6,4,3,647,0,0,4,2,2,0,0,1,1,2,E01011287
3602,2014130044738,2014,130044738,2,1,1,1,26,6,3,0,0,0,0,0,1,-1,-1,2014,130044738,426571.0,433921.0,-1.598053,53.800914,13,3,2,1,01/02/2014,7,17:28,204,E08000035,E08000035,6,0,6,30.0,8,4,3,647,0,0,6,8,2,0,0,1,1,2,E01032499
3603,2014130045106,2014,130045106,2,1,1,1,34,6,3,0,0,0,0,0,1,1,-1,2014,130045106,429929.0,437044.0,-1.546766,53.828802,13,3,2,1,31/01/2014,6,15:06,204,E08000035,E08000035,3,61,2,40.0,9,4,6,0,2,4,1,1,2,0,0,1,2,2,E01011350
3604,2014130045226,2014,130045226,2,1,1,1,64,9,2,0,0,0,0,0,3,1,-1,2014,130045226,431417.0,434087.0,-1.524461,53.802137,13,2,2,1,02/02/2014,1,07:20,204,E08000035,E08000035,6,0,6,30.0,3,4,6,0,0,5,1,1,1,0,0,1,1,2,E01033035
3605,2014130045447,2014,130045447,2,1,1,1,46,8,3,0,0,0,0,0,5,1,-1,2014,130045447,435892.0,436311.0,-1.456258,53.821837,13,3,3,1,02/02/2014,1,12:10,204,E08000035,E08000035,3,6120,6,40.0,0,-1,-1,-1,0,0,1,1,1,0,0,1,1,2,E01011661
3606,2014130045802,2014,130045802,1,1,1,1,28,6,3,0,0,0,0,0,9,1,-1,2014,130045802,423802.0,437485.0,-1.639819,53.833081,13,3,2,2,02/02/2014,1,01:25,204,E08000035,E08000035,6,0,6,30.0,6,4,6,0,0,0,4,1,2,0,0,1,1,2,E01011465
3607,2014130045802,2014,130045802,2,2,1,1,45,7,3,0,0,0,0,0,9,1,-1,2014,130045802,423802.0,437485.0,-1.639819,53.833081,13,3,2,2,02/02/2014,1,01:25,204,E08000035,E08000035,6,0,6,30.0,6,4,6,0,0,0,4,1,2,0,0,1,1,2,E01011465
3608,2014130046620,2014,130046620,1,1,1,1,46,8,3,0,0,0,0,0,9,1,-1,2014,130046620,429388.0,435423.0,-1.55514,53.814263,13,3,2,2,27/01/2014,2,15:50,204,E08000035,E08000035,6,0,6,30.0,3,4,6,0,0,0,1,1,1,0,0,1,1,2,E01011670
3609,2014130046620,2014,130046620,2,2,2,2,35,6,3,0,0,2,0,0,9,-1,-1,2014,130046620,429388.0,435423.0,-1.55514,53.814263,13,3,2,2,27/01/2014,2,15:50,204,E08000035,E08000035,6,0,6,30.0,3,4,6,0,0,0,1,1,1,0,0,1,1,2,E01011670
3610,2014130047033,2014,130047033,2,1,1,1,49,8,3,0,0,0,0,0,1,1,-1,2014,130047033,429389.0,434938.0,-1.555171,53.809904,13,3,2,1,03/02/2014,2,08:25,204,E08000035,E08000035,3,660,6,30.0,3,4,6,0,0,0,1,1,1,0,0,1,1,2,-1
3611,2014130047588,2014,130047588,2,1,1,1,28,6,3,0,0,0,0,0,9,1,-1,2014,130047588,431912.0,434799.0,-1.516871,53.808507,13,3,2,2,03/02/2014,2,19:50,204,E08000035,E08000035,6,0,1,30.0,1,4,6,0,0,0,4,1,1,0,0,1,1,2,E01011677
3612,2014130047588,2014,130047588,2,2,2,1,31,6,3,0,0,1,0,0,9,1,-1,2014,130047588,431912.0,434799.0,-1.516871,53.808507,13,3,2,2,03/02/2014,2,19:50,204,E08000035,E08000035,6,0,1,30.0,1,4,6,0,0,0,4,1,1,0,0,1,1,2,E01011677
3613,2014130047598,2014,130047598,1,1,2,1,72,10,3,0,0,0,4,0,11,1,-1,2014,130047598,434838.0,433455.0,-1.472591,53.79624,13,3,1,1,03/02/2014,2,18:37,204,E08000035,E08000035,4,6159,6,30.0,0,-1,-1,-1,0,0,1,1,1,0,0,1,1,2,E01011415
3614,2014130048209,2014,130048209,1,1,2,2,78,11,3,0,0,0,1,0,11,1,-1,2014,130048209,435914.0,438028.0,-1.455724,53.837268,13,3,1,1,04/02/2014,3,10:20,204,E08000035,E08000035,6,0,6,30.0,0,-1,-1,-1,0,0,1,1,1,0,0,1,2,2,-1
3615,2014130048324,2014,130048324,2,1,1,1,44,7,3,0,0,0,0,0,1,1,-1,2014,130048324,429539.0,439287.0,-1.552477,53.848984,13,3,2,1,04/02/2014,3,10:50,204,E08000035,E08000035,6,0,1,30.0,1,4,6,0,0,0,1,1,1,0,0,1,1,2,E01011559
3616,2014130049451,2014,130049451,2,1,1,2,26,6,2,0,0,0,0,0,3,1,-1,2014,130049451,424165.0,429365.0,-1.634938,53.760082,13,2,2,1,04/02/2014,3,08:00,204,E08000035,E08000035,4,6126,6,30.0,8,4,-1,-1,0,0,1,1,2,0,0,1,1,2,E01011519
3617,2014130050468,2014,130050468,1,1,3,1,17,4,3,5,1,0,0,0,0,1,-1,2014,130050468,430653.0,432612.0,-1.536207,53.788926,13,3,1,1,05/02/2014,4,14:25,204,E08000035,E08000035,3,61,3,30.0,3,4,6,0,0,0,1,2,2,0,0,1,1,2,E01033018
3618,2014130050515,2014,130050515,2,2,1,1,38,7,3,0,0,0,0,0,9,-1,-1,2014,130050515,427320.0,437204.0,-1.58639,53.830383,13,3,3,2,05/02/2014,4,18:20,204,E08000035,E08000035,3,660,6,30.0,6,4,6,0,0,0,1,1,1,0,0,1,1,2,E01011690
3619,2014130050515,2014,130050515,3,1,1,2,49,8,3,0,0,0,0,0,9,-1,-1,2014,130050515,427320.0,437204.0,-1.58639,53.830383,13,3,3,2,05/02/2014,4,18:20,204,E08000035,E08000035,3,660,6,30.0,6,4,6,0,0,0,1,1,1,0,0,1,1,2,E01011690
3620,2014130050662,2014,130050662,2,1,1,1,19,4,2,0,0,0,0,0,1,1,-1,2014,130050662,428837.0,434631.0,-1.563582,53.807176,13,2,2,1,05/02/2014,4,18:00,204,E08000035,E08000035,6,0,6,30.0,6,4,6,0,0,0,4,2,2,0,0,1,1,2,E01033006
3621,2014130050866,2014,130050866,1,1,2,2,13,3,3,0,0,2,0,0,9,1,-1,2014,130050866,431766.0,434944.0,-1.519074,53.809819,13,3,2,2,05/02/2014,4,21:35,204,E08000035,E08000035,6,0,6,30.0,6,4,6,0,0,0,1,1,1,0,0,1,1,2,E01011673
3622,2014130050866,2014,130050866,1,2,2,1,10,2,3,0,0,1,0,0,9,1,-1,2014,130050866,431766.0,434944.0,-1.519074,53.809819,13,3,2,2,05/02/2014,4,21:35,204,E08000035,E08000035,6,0,6,30.0,6,4,6,0,0,0,1,1,1,0,0,1,1,2,E01011673
3623,2014130050974,2014,130050974,1,1,3,2,25,5,3,5,1,0,0,0,0,1,-1,2014,130050974,427984.0,435223.0,-1.576481,53.812543,13,3,1,1,04/02/2014,3,12:35,204,E08000035,E08000035,6,0,6,30.0,3,4,6,0,0,0,1,1,1,0,0,1,2,2,-1
3624,2014130051258,2014,130051258,1,1,3,1,83,11,3,9,5,0,0,0,0,1,-1,2014,130051258,430111.0,437531.0,-1.543954,53.833168,13,3,1,1,06/02/2014,5,10:30,204,E08000035,E08000035,6,0,6,30.0,0,-1,-1,-1,0,0,1,1,1,0,0,1,1,2,E01011507
3625,2014130051388,2014,130051388,2,1,1,1,32,6,3,0,0,0,0,0,1,1,-1,2014,130051388,424917.0,434481.0,-1.62312,53.806029,13,3,2,1,06/02/2014,5,08:40,204,E08000035,E08000035,3,657,6,30.0,3,4,6,0,0,0,1,1,2,0,0,1,1,2,E01011336
3626,2014130051922,2014,130051922,2,1,1,2,35,6,3,0,0,0,0,0,9,1,-1,2014,130051922,432100.0,437000.0,-1.513788,53.828277,13,3,2,1,04/02/2014,3,09:00,204,E08000035,E08000035,6,0,6,30.0,0,-1,-1,-1,0,0,1,1,1,0,0,1,2,2,E01011641
3627,2014130052151,2014,130052151,2,1,1,1,30,6,3,0,0,0,0,0,1,1,-1,2014,130052151,426711.0,431721.0,-1.596117,53.781134,13,3,2,1,06/02/2014,5,18:11,204,E08000035,E08000035,3,6110,1,30.0,1,4,3,58,0,0,4,2,2,0,0,1,1,2,E01011734
3628,2014130052766,2014,130052766,1,1,2,2,6,2,3,0,0,1,0,0,9,1,-1,2014,130052766,428068.0,434530.0,-1.575269,53.80631,13,3,3,2,07/02/2014,6,08:40,204,E08000035,E08000035,6,0,6,30.0,0,-1,-1,-1,0,0,1,1,1,0,0,1,1,2,E01011481
3629,2014130052766,2014,130052766,1,2,2,2,5,1,3,0,0,2,0,0,9,1,-1,2014,130052766,428068.0,434530.0,-1.575269,53.80631,13,3,3,2,07/02/2014,6,08:40,204,E08000035,E08000035,6,0,6,30.0,0,-1,-1,-1,0,0,1,1,1,0,0,1,1,2,E01011481
3630,2014130052956,2014,130052956,1,1,1,2,26,6,3,0,0,0,0,0,9,1,-1,2014,130052956,424274.0,428348.0,-1.633364,53.750936,13,3,2,1,06/02/2014,5,21:10,204,E08000035,E08000035,3,62,6,30.0,3,4,6,0,0,0,4,2,2,0,0,1,2,2,E01011523
3631,2014130053144,2014,130053144,1,1,2,2,34,6,3,0,0,0,4,0,11,1,-1,2014,130053144,430673.0,434339.0,-1.535732,53.804446,13,3,2,1,13/01/2014,2,09:10,204,E08000035,E08000035,6,0,6,30.0,0,-1,-1,-1,0,0,1,2,2,0,0,1,2,2,E01033003
3632,2014130053831,2014,130053831,2,1,1,2,19,4,3,0,0,0,0,0,9,-1,-1,2014,130053831,427569.0,434537.0,-1.582845,53.806399,13,3,2,3,07/02/2014,6,18:45,204,E08000035,E08000035,3,65,6,30.0,3,4,6,0,0,1,4,1,1,0,0,1,1,2,E01011482
3633,2014130053831,2014,130053831,2,2,2,2,22,5,3,0,0,1,0,0,9,1,-1,2014,130053831,427569.0,434537.0,-1.582845,53.806399,13,3,2,3,07/02/2014,6,18:45,204,E08000035,E08000035,3,65,6,30.0,3,4,6,0,0,1,4,1,1,0,0,1,1,2,E01011482
3634,2014130053831,2014,130053831,2,3,2,2,25,5,3,0,0,2,0,0,9,1,-1,2014,130053831,427569.0,434537.0,-1.582845,53.806399,13,3,2,3,07/02/2014,6,18:45,204,E08000035,E08000035,3,65,6,30.0,3,4,6,0,0,1,4,1,1,0,0,1,1,2,E01011482
3635,2014130054027,2014,130054027,1,1,3,1,40,7,3,5,3,0,0,0,0,-1,-1,2014,130054027,429586.0,434744.0,-1.552198,53.808149,13,3,1,1,07/02/2014,6,23:50,204,E08000035,E08000035,3,660,6,30.0,0,-1,-1,-1,0,0,4,2,2,0,0,1,1,2,E01033006
3636,2014130054501,2014,130054501,1,1,1,2,44,7,3,0,0,0,0,0,9,1,-1,2014,130054501,426343.0,428159.0,-1.602004,53.749137,13,3,2,1,08/02/2014,7,10:30,204,E08000035,E08000035,4,6127,6,30.0,3,4,6,0,0,0,1,4,2,0,0,1,1,2,E01011533
3637,2014130054877,2014,130054877,1,1,3,1,32,6,3,5,1,0,0,0,0,1,-1,2014,130054877,430153.0,438719.0,-1.543199,53.843843,13,3,1,1,06/02/2014,5,19:00,204,E08000035,E08000035,4,6157,6,30.0,9,4,-1,-1,0,0,4,2,2,0,0,1,2,2,E01011510
3638,2014130054981,2014,130054981,2,1,1,1,36,7,3,0,0,0,0,0,9,1,-1,2014,130054981,431882.0,435470.0,-1.517258,53.814539,13,3,2,1,08/02/2014,7,16:10,204,E08000035,E08000035,6,0,6,30.0,3,4,6,0,0,0,1,2,2,0,0,1,1,2,E01011429
3639,2014130055061,2014,130055061,1,2,2,2,22,5,3,0,0,1,0,0,9,1,-1,2014,130055061,431874.0,435944.0,-1.51733,53.8188,13,3,2,2,08/02/2014,7,16:39,204,E08000035,E08000035,6,0,6,30.0,6,2,6,0,0,1,1,1,2,0,0,1,1,2,-1
3640,2014130055061,2014,130055061,2,1,1,1,31,6,3,0,0,0,0,0,9,1,-1,2014,130055061,431874.0,435944.0,-1.51733,53.8188,13,3,2,2,08/02/2014,7,16:39,204,E08000035,E08000035,6,0,6,30.0,6,2,6,0,0,1,1,1,2,0,0,1,1,2,-1
3641,2014130055117,2014,130055117,1,1,1,1,19,4,3,0,0,0,0,0,1,1,-1,2014,130055117,428436.0,436840.0,-1.569468,53.827052,13,3,2,1,08/02/2014,7,14:15,204,E08000035,E08000035,4,6157,6,30.0,0,-1,-1,-1,0,0,1,1,1,0,0,1,1,2,E01011693
3642,2014130055810,2014,130055810,2,1,1,1,30,6,3,0,0,0,0,0,9,1,-1,2014,130055810,433187.0,433966.0,-1.4976,53.80094,13,3,3,1,09/02/2014,1,11:55,204,E08000035,E08000035,6,0,6,30.0,3,4,6,0,0,0,1,2,2,0,0,1,1,2,E01011617
3643,2014130055896,2014,130055896,2,1,1,1,36,7,3,0,0,0,0,0,9,1,-1,2014,130055896,428632.0,436978.0,-1.566478,53.828281,13,3,2,1,09/02/2014,1,00:10,204,E08000035,E08000035,6,0,6,30.0,3,4,4,6157,0,0,4,1,2,0,0,1,2,2,E01011691
3644,2014130056516,2014,130056516,1,1,1,2,45,7,3,0,0,0,0,0,9,1,-1,2014,130056516,427009.0,440128.0,-1.590859,53.85668,13,3,1,1,10/02/2014,2,00:50,204,E08000035,E08000035,3,660,6,30.0,0,-1,-1,-1,0,0,4,1,1,0,0,2,1,2,E01011381
3645,2014130056581,2014,130056581,1,1,1,2,26,6,3,0,0,0,0,0,9,1,-1,2014,130056581,427618.0,438574.0,-1.58174,53.842681,13,3,1,1,10/02/2014,2,07:15,204,E08000035,E08000035,3,6120,3,70.0,0,-1,-1,-1,0,0,1,1,4,0,0,2,1,2,E01032876
3646,2014130057661,2014,130057661,1,1,3,1,44,7,2,1,2,0,0,0,0,1,-1,2014,130057661,433906.0,436531.0,-1.486402,53.823948,13,2,1,1,10/02/2014,2,15:50,204,E08000035,E08000035,3,58,3,40.0,6,4,6,0,0,4,1,1,2,0,0,1,1,2,E01011421
3647,2014130057808,2014,130057808,1,1,1,1,27,6,3,0,0,0,0,0,19,1,-1,2014,130057808,427857.0,430547.0,-1.578831,53.770522,13,3,3,2,10/02/2014,2,17:45,204,E08000035,E08000035,3,6110,6,40.0,0,-1,-1,-1,0,0,4,1,1,0,0,1,1,2,E01011369
3648,2014130057808,2014,130057808,2,2,1,1,24,5,3,0,0,0,0,0,9,-1,-1,2014,130057808,427857.0,430547.0,-1.578831,53.770522,13,3,3,2,10/02/2014,2,17:45,204,E08000035,E08000035,3,6110,6,40.0,0,-1,-1,-1,0,0,4,1,1,0,0,1,1,2,E01011369
3649,2014130057823,2014,130057823,2,1,1,1,20,4,3,0,0,0,0,0,3,1,-1,2014,130057823,429819.0,430657.0,-1.549054,53.771403,13,3,2,1,10/02/2014,2,19:00,204,E08000035,E08000035,3,653,6,40.0,8,4,6,0,0,0,1,1,1,0,0,1,1,2,E01011322
3650,2014130058331,2014,130058331,1,1,2,1,2,1,3,0,0,0,4,0,11,-1,-1,2014,130058331,429003.0,436841.0,-1.560854,53.827029,13,3,1,1,10/02/2014,2,14:35,204,E08000035,E08000035,6,0,6,30.0,6,2,4,6159,0,0,1,1,1,0,0,1,2,2,E01011450
3651,2014130058392,2014,130058392,1,1,1,1,61,9,3,0,0,0,0,0,3,2,-1,2014,130058392,428859.0,425987.0,-1.564054,53.729483,13,3,2,1,11/02/2014,3,06:10,204,E08000035,E08000035,3,650,6,40.0,6,2,6,0,2,4,4,2,2,0,0,1,1,2,E01011538
3652,2014130058665,2014,130058665,2,1,3,1,30,6,3,9,5,0,0,0,0,1,-1,2014,130058665,431917.0,435754.0,-1.516697,53.81709,13,3,2,1,10/02/2014,2,13:20,204,E08000035,E08000035,3,58,6,30.0,0,-1,-1,-1,0,0,1,1,1,0,0,1,2,2,E01011422
3653,2014130058709,2014,130058709,1,1,2,1,27,6,3,0,0,0,1,0,11,1,-1,2014,130058709,428544.0,436894.0,-1.567822,53.827531,13,3,1,1,06/02/2014,5,16:40,204,E08000035,E08000035,4,6157,6,30.0,0,-1,-1,-1,0,0,1,1,1,0,0,1,1,2,E01011693
3654,2014130059087,2014,130059087,1,1,3,1,9,2,3,5,1,0,0,0,0,1,-1,2014,130059087,426081.0,436902.0,-1.60524,53.827732,13,3,1,1,05/02/2014,4,16:30,204,E08000035,E08000035,6,0,6,30.0,0,-1,-1,-1,0,0,1,1,2,0,0,1,2,2,E01011485
3655,2014130059289,2014,130059289,2,1,2,1,18,4,3,0,0,1,0,0,9,1,-1,2014,130059289,428369.0,426113.0,-1.571469,53.730642,13,3,3,1,11/02/2014,3,19:00,204,E08000035,E08000035,3,650,6,40.0,0,-1,-1,-1,0,0,4,2,4,0,0,1,1,2,E01011550
3656,2014130059666,2014,130059666,2,1,1,1,31,6,3,0,0,0,0,0,9,-1,-1,2014,130059666,430708.0,434997.0,-1.535135,53.810358,13,3,2,1,11/02/2014,3,22:00,204,E08000035,E08000035,3,58,6,40.0,7,2,3,58,0,5,1,1,1,0,0,1,2,2,E01011671
3657,2014130059746,2014,130059746,1,1,1,1,30,6,3,0,0,0,0,0,9,-1,-1,2014,130059746,430174.0,432871.0,-1.543452,53.791281,13,3,2,1,12/02/2014,4,09:20,204,E08000035,E08000035,6,0,6,30.0,3,4,6,0,0,0,1,1,1,0,0,1,1,2,E01033016
3658,2014130060114,2014,130060114,1,1,3,1,12,3,3,5,9,0,0,0,0,1,-1,2014,130060114,435551.0,433594.0,-1.461751,53.797441,13,3,1,1,12/02/2014,4,08:00,204,E08000035,E08000035,4,6159,6,30.0,3,4,6,0,0,0,1,1,2,0,0,1,1,2,E01011417
3659,2014130060718,2014,130060718,1,1,3,1,49,8,2,5,9,0,0,0,0,-1,-1,2014,130060718,432310.0,439240.0,-1.510362,53.848397,13,2,1,1,12/02/2014,4,17:57,204,E08000035,E08000035,6,0,6,30.0,3,4,6,0,0,0,1,5,2,0,0,1,1,2,E01011651
3660,2014130061009,2014,130061009,1,1,1,2,43,7,3,0,0,0,0,0,9,1,-1,2014,130061009,426628.0,437979.0,-1.596837,53.837384,13,3,1,1,13/02/2014,5,03:18,204,E08000035,E08000035,3,6120,3,40.0,0,-1,-1,-1,0,0,4,4,2,0,0,1,1,2,E01011687
3661,2014130061112,2014,130061112,2,1,1,2,24,5,3,0,0,0,0,0,3,1,-1,2014,130061112,424279.0,428347.0,-1.633289,53.750927,13,3,2,1,13/02/2014,5,07:10,204,E08000035,E08000035,3,62,6,40.0,3,4,6,0,0,0,1,1,1,0,0,1,1,2,E01011523