,accident_index,accident_year_x,accident_reference_x,vehicle_reference,casualty_reference,casualty_class,sex_of_casualty,age_of_casualty,age_band_of_casualty,casualty_severity,pedestrian_location,pedestrian_movement,car_passenger,bus_or_coach_passenger,pedestrian_road_maintenance_worker,casualty_type,casualty_home_area_type,casualty_imd_decile,accident_year_y,accident_reference_y,location_easting_osgr,location_northing_osgr,longitude,latitude,police_force,accident_severity,number_of_vehicles,number_of_casualties,date,day_of_week,time,local_authority_district,local_authority_ons_district,local_authority_highway,first_road_class,first_road_number,road_type,speed_limit,junction_detail,junction_control,second_road_class,second_road_number,pedestrian_crossing_human_control,pedestrian_crossing_physical_facilities,light_conditions,weather_conditions,road_surface_conditions,special_conditions_at_site,carriageway_hazards,urban_or_rural_area,did_police_officer_attend_scene_of_accident,trunk_road_flag,lsoa_of_accident_location
3662,2014130061243,2014,130061243,1,1,3,1,17,4,3,5,1,0,0,0,0,-1,-1,2014,130061243,432042.0,435940.0,-1.514779,53.818754,13,3,1,1,13/02/2014,5,08:22,204,E08000035,E08000035,6,0,6,30.0,0,-1,-1,-1,0,0,1,1,1,0,0,1,2,2,E01011647
3663,2014130061747,2014,130061747,1,1,3,2,97,11,2,5,3,0,0,0,0,1,-1,2014,130061747,424063.0,438418.0,-1.635781,53.841455,13,2,1,1,13/02/2014,5,12:38,204,E08000035,E08000035,6,0,6,30.0,3,4,6,0,0,0,1,1,1,0,0,1,1,2,E01011459
3664,2014130062257,2014,130062257,2,1,1,2,32,6,3,0,0,0,0,0,1,1,-1,2014,130062257,429807.0,430658.0,-1.549236,53.771412,13,3,2,1,13/02/2014,5,17:15,204,E08000035,E08000035,3,653,6,30.0,0,-1,-1,-1,0,0,4,1,1,0,0,1,1,2,E01011316
3665,2014130062310,2014,130062310,1,1,2,1,64,9,3,0,0,0,2,0,11,-1,-1,2014,130062310,434921.0,433416.0,-1.471335,53.795884,13,3,1,1,13/02/2014,5,20:00,204,E08000035,E08000035,4,6159,6,30.0,0,-1,-1,-1,0,4,4,5,2,0,0,1,2,2,E01011415
3666,2014130062314,2014,130062314,1,1,3,2,14,3,3,5,1,0,0,0,0,1,-1,2014,130062314,440453.0,448261.0,-1.385404,53.928904,13,3,1,1,13/02/2014,5,19:00,204,E08000035,E08000035,4,6164,6,30.0,0,-1,-1,-1,0,4,4,1,1,0,0,1,1,2,E01011704
3667,2014130062987,2014,130062987,1,1,3,1,19,4,2,5,1,0,0,0,0,1,-1,2014,130062987,428496.0,434318.0,-1.568789,53.804381,13,2,1,1,14/02/2014,6,10:18,204,E08000035,E08000035,6,0,6,30.0,3,4,6,0,0,0,1,1,2,0,0,1,1,2,E01011681
3668,2014130062993,2014,130062993,1,1,1,2,39,7,3,0,0,0,0,0,9,1,-1,2014,130062993,428582.0,431546.0,-1.56774,53.779462,13,3,2,1,04/02/2014,3,12:20,204,E08000035,E08000035,3,643,1,40.0,1,2,1,621,0,0,1,1,1,0,0,1,2,2,E01011366
3669,2014130063557,2014,130063557,2,1,1,2,22,5,3,0,0,0,0,0,1,-1,-1,2014,130063557,427978.0,435991.0,-1.576503,53.819446,13,3,2,1,14/02/2014,6,15:58,204,E08000035,E08000035,6,0,6,30.0,3,4,6,0,0,0,1,1,1,0,0,1,1,2,E01011440
3670,2014130063594,2014,130063594,2,1,1,1,34,6,3,0,0,0,0,0,9,1,-1,2014,130063594,427559.0,438584.0,-1.582636,53.842774,13,3,2,1,14/02/2014,6,13:50,204,E08000035,E08000035,3,6120,3,70.0,7,4,6,0,0,0,1,5,2,0,0,2,1,2,E01032876
3671,2014130064421,2014,130064421,2,1,1,2,23,5,3,0,0,0,0,0,4,1,-1,2014,130064421,444991.0,446244.0,-1.316594,53.910403,13,3,2,1,14/02/2014,6,09:50,204,E08000035,E08000035,6,0,6,30.0,3,4,6,0,0,0,1,1,1,0,0,2,1,2,E01011697
3672,2014130064491,2014,130064491,1,1,1,1,93,11,3,0,0,0,0,0,9,1,-1,2014,130064491,420640.0,434359.0,-1.688073,53.805119,13,3,3,2,15/02/2014,7,10:04,204,E08000035,E08000035,3,647,3,40.0,0,-1,-1,-1,0,4,1,5,2,0,0,1,1,2,E01011595
3673,2014130064491,2014,130064491,1,2,2,2,88,11,3,0,0,1,0,0,9,1,-1,2014,130064491,420640.0,434359.0,-1.688073,53.805119,13,3,3,2,15/02/2014,7,10:04,204,E08000035,E08000035,3,647,3,40.0,0,-1,-1,-1,0,4,1,5,2,0,0,1,1,2,E01011595
3674,2014130064622,2014,130064622,1,1,3,1,32,6,3,5,1,0,0,0,0,1,-1,2014,130064622,428479.0,437167.0,-1.568785,53.829988,13,3,1,1,14/02/2014,6,17:50,204,E08000035,E08000035,6,0,6,30.0,3,4,6,0,0,0,4,5,2,0,0,1,1,2,E01011689
3675,2014130096680,2014,130096680,1,1,1,1,22,5,3,0,0,0,0,0,9,1,-1,2014,130096680,430278.0,434313.0,-1.541732,53.804236,13,3,1,2,09/03/2014,1,02:00,204,E08000035,E08000035,2,58,6,30.0,0,-1,-1,-1,0,0,1,1,1,0,0,1,1,2,E01033010
3676,2014130096680,2014,130096680,1,2,2,1,29,6,3,0,0,1,0,0,9,1,-1,2014,130096680,430278.0,434313.0,-1.541732,53.804236,13,3,1,2,09/03/2014,1,02:00,204,E08000035,E08000035,2,58,6,30.0,0,-1,-1,-1,0,0,1,1,1,0,0,1,1,2,E01033010
3677,20141300O1121,2014,1300O1121,2,1,2,2,25,5,3,0,0,1,0,0,9,-1,-1,2014,1300O1121,430713.0,432522.0,-1.535305,53.788113,13,3,2,1,24/11/2014,2,16:55,204,E08000035,E08000035,6,0,6,30.0,6,2,3,653,0,5,1,9,-1,0,0,1,1,2,E01033018
3678,2014130222955,2014,130222955,1,1,1,1,23,5,3,0,0,0,0,0,9,1,-1,2014,130222955,443107.0,440721.0,-1.346047,53.860925,13,3,1,1,26/12/2014,6,21:58,204,E08000035,E08000035,2,1,3,70.0,0,-1,-1,-1,0,0,6,3,3,0,0,2,1,1,E01011712
3679,2014131112091,2014,131112091,2,1,1,1,58,9,3,0,0,0,0,0,9,1,-1,2014,131112091,429175.0,431904.0,-1.558707,53.782647,13,3,2,1,01/01/2014,4,18:40,204,E08000035,E08000035,6,0,6,30.0,3,4,6,0,0,0,4,2,2,0,0,1,1,2,E01011368
3680,2014131180869,2014,131180869,1,1,1,1,69,10,3,0,0,0,0,0,9,1,-1,2014,131180869,430429.0,431025.0,-1.539763,53.774675,13,3,3,2,08/01/2014,4,14:30,204,E08000035,E08000035,1,621,3,50.0,0,-1,-1,-1,0,0,1,1,2,0,1,1,1,1,E01011468
3681,2014131180869,2014,131180869,2,2,1,2,41,7,3,0,0,0,0,0,9,3,-1,2014,131180869,430429.0,431025.0,-1.539763,53.774675,13,3,3,2,08/01/2014,4,14:30,204,E08000035,E08000035,1,621,3,50.0,0,-1,-1,-1,0,0,1,1,2,0,1,1,1,1,E01011468
3682,20141311A0238,2014,1311A0238,2,1,1,1,35,6,3,0,0,0,0,0,9,1,-1,2014,1311A0238,424660.0,427582.0,-1.627572,53.744033,13,3,3,2,10/01/2014,6,08:17,204,E08000035,E08000035,1,62,3,70.0,0,-1,-1,-1,0,0,1,1,1,0,0,1,1,1,E01011530
3683,20141311A0238,2014,1311A0238,3,2,1,1,25,5,3,0,0,0,0,0,9,2,-1,2014,1311A0238,424660.0,427582.0,-1.627572,53.744033,13,3,3,2,10/01/2014,6,08:17,204,E08000035,E08000035,1,62,3,70.0,0,-1,-1,-1,0,0,1,1,1,0,0,1,1,1,E01011530
3684,20141311A0628,2014,1311A0628,2,1,1,1,20,4,3,0,0,0,0,0,9,1,-1,2014,1311A0628,432917.0,425961.0,-1.50255,53.729009,13,3,2,1,10/01/2014,6,12:20,204,E08000035,E08000035,1,62,3,70.0,5,4,1,1,0,0,1,1,1,0,0,2,1,1,E01011500
3685,20141311S1208,2014,1311S1208,2,1,1,1,38,7,3,0,0,0,0,0,9,1,-1,2014,1311S1208,432248.0,427099.0,-1.512572,53.739279,13,3,3,1,28/01/2014,3,18:28,204,E08000035,E08000035,1,1,3,70.0,0,-1,-1,-1,0,0,4,2,2,4,0,2,1,1,E01032496
3686,2014131211556,2014,131211556,1,1,3,1,23,5,3,5,1,0,0,0,0,1,-1,2014,131211556,426513.0,435659.0,-1.598784,53.816538,13,3,1,1,01/08/2014,6,20:00,204,E08000035,E08000035,6,0,6,30.0,9,4,4,6157,0,0,1,1,1,0,0,1,2,2,E01011477
3687,2014131221002,2014,131221002,1,1,1,1,28,6,3,0,0,0,0,0,9,1,-1,2014,131221002,424112.0,428080.0,-1.635842,53.748535,13,3,1,1,02/02/2014,1,15:31,204,E08000035,E08000035,1,621,3,70.0,0,-1,-1,-1,0,0,1,1,2,0,0,1,1,1,E01011523
3688,2014131270266,2014,131270266,2,1,1,2,23,5,3,0,0,0,0,0,9,1,-1,2014,131270266,430391.0,430939.0,-1.540348,53.773904,13,3,4,2,07/02/2014,6,08:24,204,E08000035,E08000035,1,621,3,50.0,0,-1,-1,-1,0,0,1,1,1,0,0,1,1,1,E01011312
3689,2014131270266,2014,131270266,3,2,1,1,53,8,3,0,0,0,0,0,9,1,-1,2014,131270266,430391.0,430939.0,-1.540348,53.773904,13,3,4,2,07/02/2014,6,08:24,204,E08000035,E08000035,1,621,3,50.0,0,-1,-1,-1,0,0,1,1,1,0,0,1,1,1,E01011312
3690,20141312F1262,2014,1312F1262,1,1,1,1,34,6,3,0,0,0,0,0,1,1,-1,2014,1312F1262,433137.0,433635.0,-1.498394,53.797968,13,3,2,1,25/02/2014,3,18:00,204,E08000035,E08000035,6,0,6,30.0,8,4,6,0,0,0,4,2,2,0,0,1,2,2,E01011617
3691,20141312H1186,2014,1312H1186,1,1,3,1,17,4,3,4,4,0,0,0,0,1,-1,2014,1312H1186,426045.0,427745.0,-1.606558,53.745431,13,3,1,1,17/02/2014,2,17:28,204,E08000035,E08000035,6,0,6,30.0,2,4,6,0,2,5,4,2,2,0,0,1,1,2,E01011533
3692,20141312H1210,2014,1312H1210,1,1,2,1,3,1,3,0,0,0,4,0,11,1,-1,2014,1312H1210,429147.0,431787.0,-1.559143,53.781597,13,3,2,1,17/02/2014,2,17:35,204,E08000035,E08000035,6,0,6,30.0,5,4,1,621,0,0,1,1,1,0,0,1,2,2,-1
3693,20141312H1381,2014,1312H1381,2,1,2,2,56,9,3,0,0,1,0,0,9,1,-1,2014,1312H1381,425059.0,433376.0,-1.621053,53.796091,13,3,2,1,17/02/2014,2,19:05,204,E08000035,E08000035,4,6154,1,30.0,1,4,6,0,0,8,4,2,2,0,0,1,1,2,E01011727
3694,20141312I0039,2014,1312I0039,1,1,1,1,26,6,3,0,0,0,0,0,9,1,-1,2014,1312I0039,430708.0,439230.0,-1.534713,53.848404,13,3,1,1,18/02/2014,3,00:46,204,E08000035,E08000035,3,61,1,40.0,1,4,3,6120,0,0,4,1,1,0,0,1,1,2,-1
3695,20141312I0740,2014,1312I0740,2,1,1,1,33,6,3,0,0,0,0,0,1,-1,-1,2014,1312I0740,432436.0,434843.0,-1.50891,53.80887,13,3,2,1,18/02/2014,3,13:20,204,E08000035,E08000035,6,0,6,30.0,6,2,4,6159,0,5,1,1,1,0,0,1,1,2,E01011433
3696,20141312I0834,2014,1312I0834,1,1,1,1,38,7,3,0,0,0,0,0,9,1,-1,2014,1312I0834,430306.0,434778.0,-1.541261,53.808414,13,3,1,1,18/02/2014,3,14:22,204,E08000035,E08000035,6,0,6,30.0,0,-1,-1,-1,0,1,1,1,2,0,0,1,1,2,E01033002
3697,20141312I1006,2014,1312I1006,1,1,2,1,19,4,3,0,0,2,0,0,9,-1,-1,2014,1312I1006,431896.0,434915.0,-1.517102,53.80955,13,3,2,3,18/02/2014,3,15:45,204,E08000035,E08000035,6,0,6,30.0,3,4,6,0,0,0,1,1,1,0,0,1,1,2,E01011677
3698,20141312I1006,2014,1312I1006,2,2,1,1,56,9,3,0,0,0,0,0,9,1,-1,2014,1312I1006,431896.0,434915.0,-1.517102,53.80955,13,3,2,3,18/02/2014,3,15:45,204,E08000035,E08000035,6,0,6,30.0,3,4,6,0,0,0,1,1,1,0,0,1,1,2,E01011677
3699,20141312I1006,2014,1312I1006,2,3,2,1,41,7,3,0,0,1,0,0,9,1,-1,2014,1312I1006,431896.0,434915.0,-1.517102,53.80955,13,3,2,3,18/02/2014,3,15:45,204,E08000035,E08000035,6,0,6,30.0,3,4,6,0,0,0,1,1,1,0,0,1,1,2,E01011677
3700,20141312I1203,2014,1312I1203,2,1,1,1,42,7,3,0,0,0,0,0,1,1,-1,2014,1312I1203,428282.0,433512.0,-1.572112,53.797148,13,3,2,1,18/02/2014,3,17:20,204,E08000035,E08000035,6,0,6,30.0,3,4,6,0,0,0,1,1,1,0,0,1,1,2,E01011363
3701,20141312I1281,2014,1312I1281,1,1,3,2,23,5,3,5,2,0,0,0,0,1,-1,2014,1312I1281,425763.0,435423.0,-1.610195,53.814455,13,3,1,1,18/02/2014,3,18:02,204,E08000035,E08000035,6,0,6,30.0,0,-1,-1,-1,0,0,4,1,1,0,0,1,1,2,E01011324
3702,20141312I1450,2014,1312I1450,2,1,1,1,25,5,3,0,0,0,0,0,1,1,-1,2014,1312I1450,429387.0,434948.0,-1.5552,53.809994,13,3,2,1,18/02/2014,3,19:44,204,E08000035,E08000035,3,660,6,30.0,3,4,6,0,0,0,4,1,1,0,0,1,1,2,E01033005
3703,20141312I1578,2014,1312I1578,2,1,1,1,21,5,3,0,0,0,0,0,3,1,-1,2014,1312I1578,424145.0,430427.0,-1.635159,53.769628,13,3,2,1,18/02/2014,3,20:52,204,E08000035,E08000035,3,58,6,40.0,3,2,6,0,2,5,4,1,1,0,0,1,1,2,E01011728
3704,20141312I1769,2014,1312I1769,2,1,1,1,16,4,3,0,0,0,0,0,4,1,-1,2014,1312I1769,428836.0,440130.0,-1.563083,53.8566,13,3,2,1,18/02/2014,3,23:18,204,E08000035,E08000035,6,0,6,30.0,0,-1,-1,-1,0,0,4,1,1,0,0,2,1,2,E01011554
3705,20141312J0189,2014,1312J0189,2,1,1,1,23,5,3,0,0,0,0,0,1,1,-1,2014,1312J0189,426677.0,431760.0,-1.59663,53.781486,13,3,2,1,19/02/2014,4,06:55,204,E08000035,E08000035,3,58,1,40.0,1,4,3,6110,0,4,4,1,1,0,0,1,1,2,E01011736
3706,20141312J0433,2014,1312J0433,2,1,1,1,38,7,3,0,0,0,0,0,3,-1,-1,2014,1312J0433,429092.0,429970.0,-1.560148,53.765269,13,3,2,1,19/02/2014,4,10:28,204,E08000035,E08000035,3,653,3,40.0,3,4,6,0,0,0,1,1,1,0,0,1,1,2,E01011320
3707,20141312J0994,2014,1312J0994,2,1,3,2,11,3,3,3,3,0,0,0,0,1,-1,2014,1312J0994,429475.0,439388.0,-1.55344,53.849895,13,3,2,1,19/02/2014,4,15:50,204,E08000035,E08000035,6,0,6,30.0,0,-1,-1,-1,0,4,1,1,1,0,0,1,1,2,E01011559
3708,20141312J1142,2014,1312J1142,1,1,3,2,68,10,3,5,3,0,0,0,0,1,-1,2014,1312J1142,426308.0,437694.0,-1.601724,53.834839,13,3,1,1,19/02/2014,4,16:39,204,E08000035,E08000035,6,0,6,30.0,6,4,6,0,0,0,1,1,1,0,0,1,1,2,E01011687
3709,20141312J1435,2014,1312J1435,2,1,1,1,46,8,3,0,0,0,0,0,9,2,-1,2014,1312J1435,430951.0,435935.0,-1.531351,53.818775,13,3,2,1,19/02/2014,4,14:30,204,E08000035,E08000035,6,0,6,30.0,3,4,6,0,0,0,1,1,1,0,0,1,1,2,E01011356
3710,20141312J1654,2014,1312J1654,1,1,1,1,25,5,3,0,0,0,0,0,9,1,-1,2014,1312J1654,431884.0,435515.0,-1.517223,53.814943,13,3,2,4,19/02/2014,4,20:40,204,E08000035,E08000035,6,0,6,30.0,3,4,6,0,0,0,4,1,1,0,0,1,1,2,E01011428
3711,20141312J1654,2014,1312J1654,2,2,1,2,23,5,3,0,0,0,0,0,9,1,-1,2014,1312J1654,431884.0,435515.0,-1.517223,53.814943,13,3,2,4,19/02/2014,4,20:40,204,E08000035,E08000035,6,0,6,30.0,3,4,6,0,0,0,4,1,1,0,0,1,1,2,E01011428
3712,20141312J1654,2014,1312J1654,2,3,2,1,23,5,3,0,0,1,0,0,9,1,-1,2014,1312J1654,431884.0,435515.0,-1.517223,53.814943,13,3,2,4,19/02/2014,4,20:40,204,E08000035,E08000035,6,0,6,30.0,3,4,6,0,0,0,4,1,1,0,0,1,1,2,E01011428
3713,20141312J1654,2014,1312J1654,2,4,2,2,22,5,3,0,0,2,0,0,9,1,-1,2014,1312J1654,431884.0,435515.0,-1.517223,53.814943,13,3,2,4,19/02/2014,4,20:40,204,E08000035,E08000035,6,0,6,30.0,3,4,6,0,0,0,4,1,1,0,0,1,1,2,E01011428
3714,20141312K0297,2014,1312K0297,2,1,2,2,28,6,3,0,0,1,0,0,9,1,-1,2014,1312K0297,422145.0,428046.0,-1.665672,53.748316,13,3,2,1,19/02/2014,4,17:25,204,E08000035,E08000035,3,650,6,60.0,3,4,6,0,0,0,4,1,2,0,0,1,2,2,E01011527
3715,20141312K0444,2014,1312K0444,1,1,1,2,84,11,3,0,0,0,0,0,9,1,-1,2014,1312K0444,421474.0,445803.0,-1.674612,53.907943,13,3,2,1,20/02/2014,5,10:53,204,E08000035,E08000035,3,639,6,60.0,0,-1,-1,-1,0,0,1,1,1,0,0,1,1,2,E01011569
3716,20141312K0450,2014,1312K0450,1,1,1,1,55,8,3,0,0,0,0,0,9,1,-1,2014,1312K0450,437041.0,438282.0,-1.438568,53.839472,13,3,2,1,20/02/2014,5,10:55,204,E08000035,E08000035,6,0,6,40.0,3,4,6,0,0,0,1,1,1,0,0,2,1,2,E01011715
3717,20141312K0781,2014,1312K0781,2,1,1,1,36,7,3,0,0,0,0,0,8,1,-1,2014,1312K0781,428776.0,433265.0,-1.564636,53.794901,13,3,2,2,20/02/2014,5,13:55,204,E08000035,E08000035,3,58,3,40.0,1,2,6,0,0,0,1,1,1,0,0,1,1,2,E01033013
3718,20141312K0781,2014,1312K0781,2,2,2,1,21,5,3,0,0,1,0,0,8,1,-1,2014,1312K0781,428776.0,433265.0,-1.564636,53.794901,13,3,2,2,20/02/2014,5,13:55,204,E08000035,E08000035,3,58,3,40.0,1,2,6,0,0,0,1,1,1,0,0,1,1,2,E01033013
3719,20141312K0913,2014,1312K0913,1,1,2,2,52,8,3,0,0,1,0,0,9,1,-1,2014,1312K0913,430683.0,432507.0,-1.535762,53.78798,13,3,2,1,20/02/2014,5,15:00,204,E08000035,E08000035,6,0,6,30.0,3,2,6,0,0,4,1,1,2,0,0,1,1,2,E01033016
3720,20141312K1147,2014,1312K1147,1,1,1,1,21,5,3,0,0,0,0,0,9,1,-1,2014,1312K1147,431889.0,434978.0,-1.517202,53.810117,13,3,2,1,20/02/2014,5,16:45,204,E08000035,E08000035,6,0,6,30.0,3,4,6,0,0,4,1,1,2,0,0,1,1,2,E01011677
3721,20141312K1171,2014,1312K1171,2,1,1,1,48,8,3,0,0,0,0,0,9,1,-1,2014,1312K1171,431384.0,430549.0,-1.525321,53.77034,13,3,5,4,20/02/2014,5,16:55,204,E08000035,E08000035,1,621,3,70.0,0,-1,-1,-1,0,0,1,1,2,0,0,1,1,1,E01011472
3722,20141312K1171,2014,1312K1171,2,3,2,2,60,9,3,0,0,1,0,0,9,1,-1,2014,1312K1171,431384.0,430549.0,-1.525321,53.77034,13,3,5,4,20/02/2014,5,16:55,204,E08000035,E08000035,1,621,3,70.0,0,-1,-1,-1,0,0,1,1,2,0,0,1,1,1,E01011472
3723,20141312K1171,2014,1312K1171,3,2,1,1,63,9,3,0,0,0,0,0,9,1,-1,2014,1312K1171,431384.0,430549.0,-1.525321,53.77034,13,3,5,4,20/02/2014,5,16:55,204,E08000035,E08000035,1,621,3,70.0,0,-1,-1,-1,0,0,1,1,2,0,0,1,1,1,E01011472
3724,20141312K1171,2014,1312K1171,4,4,1,1,60,9,3,0,0,0,0,0,9,1,-1,2014,1312K1171,431384.0,430549.0,-1.525321,53.77034,13,3,5,4,20/02/2014,5,16:55,204,E08000035,E08000035,1,621,3,70.0,0,-1,-1,-1,0,0,1,1,2,0,0,1,1,1,E01011472
3725,20141312K1446,2014,1312K1446,1,1,1,2,55,8,3,0,0,0,0,0,9,1,-1,2014,1312K1446,424933.0,434423.0,-1.622882,53.805507,13,3,2,2,20/02/2014,5,18:27,204,E08000035,E08000035,3,647,1,30.0,1,4,3,657,0,0,4,1,2,0,0,1,2,2,E01032606
3726,20141312K1446,2014,1312K1446,1,2,2,2,56,9,3,0,0,1,0,0,9,-1,-1,2014,1312K1446,424933.0,434423.0,-1.622882,53.805507,13,3,2,2,20/02/2014,5,18:27,204,E08000035,E08000035,3,647,1,30.0,1,4,3,657,0,0,4,1,2,0,0,1,2,2,E01032606
3727,20141312K1752,2014,1312K1752,1,1,1,2,51,8,3,0,0,0,0,0,9,-1,-1,2014,1312K1752,428893.0,432890.0,-1.562895,53.791525,13,3,2,2,20/02/2014,5,22:20,204,E08000035,E08000035,6,0,6,30.0,3,4,6,0,0,0,4,1,1,0,0,1,1,2,E01033013
3728,20141312K1752,2014,1312K1752,2,2,1,1,36,7,3,0,0,0,0,0,9,-1,-1,2014,1312K1752,428893.0,432890.0,-1.562895,53.791525,13,3,2,2,20/02/2014,5,22:20,204,E08000035,E08000035,6,0,6,30.0,3,4,6,0,0,0,4,1,1,0,0,1,1,2,E01033013
3729,20141312L0239,2014,1312L0239,1,1,1,1,45,7,2,0,0,0,0,0,4,1,-1,2014,1312L0239,430945.0,433122.0,-1.531724,53.793492,13,2,2,1,21/02/2014,6,08:07,204,E08000035,E08000035,3,61,2,30.0,5,2,3,61,0,5,1,1,1,0,0,1,2,2,E01033033
3730,20141312L0539,2014,1312L0539,1,1,1,1,21,5,3,0,0,0,0,0,1,2,-1,2014,1312L0539,439477.0,432443.0,-1.402297,53.786814,13,3,2,1,21/02/2014,6,15:30,204,E08000035,E08000035,3,63,6,30.0,9,4,6,0,0,0,1,1,1,0,0,1,2,2,E01011402
3731,20141312L0561,2014,1312L0561,1,1,1,1,32,6,3,0,0,0,0,0,9,1,-1,2014,1312L0561,432382.0,435070.0,-1.509706,53.810913,13,3,2,2,21/02/2014,6,12:05,204,E08000035,E08000035,6,0,6,30.0,0,-1,-1,-1,0,0,1,1,1,0,0,1,1,2,E01011432
3732,20141312L0561,2014,1312L0561,2,2,2,2,31,6,3,0,0,1,0,0,9,1,-1,2014,1312L0561,432382.0,435070.0,-1.509706,53.810913,13,3,2,2,21/02/2014,6,12:05,204,E08000035,E08000035,6,0,6,30.0,0,-1,-1,-1,0,0,1,1,1,0,0,1,1,2,E01011432
3733,20141312L0945,2014,1312L0945,1,1,1,1,25,5,3,0,0,0,0,0,9,1,-1,2014,1312L0945,432858.0,435382.0,-1.502444,53.813688,13,3,2,2,21/02/2014,6,15:35,204,E08000035,E08000035,6,0,6,30.0,6,4,6,0,0,0,1,1,1,0,0,1,1,2,E01011424
3734,20141312L0945,2014,1312L0945,2,2,1,2,23,5,3,0,0,0,0,0,9,1,-1,2014,1312L0945,432858.0,435382.0,-1.502444,53.813688,13,3,2,2,21/02/2014,6,15:35,204,E08000035,E08000035,6,0,6,30.0,6,4,6,0,0,0,1,1,1,0,0,1,1,2,E01011424
3735,20141312L0965,2014,1312L0965,1,1,3,1,15,3,3,4,3,0,0,0,0,1,-1,2014,1312L0965,430959.0,433432.0,-1.53148,53.796278,13,3,1,1,21/02/2014,6,15:45,204,E08000035,E08000035,3,653,6,30.0,0,-1,-1,-1,0,5,1,1,1,0,0,1,1,2,E01033011
3736,20141312L1445,2014,1312L1445,1,1,1,2,55,8,3,0,0,0,0,0,9,1,-1,2014,1312L1445,421620.0,445945.0,-1.67238,53.909213,13,3,1,1,21/02/2014,6,19:50,204,E08000035,E08000035,3,659,6,40.0,0,-1,-1,-1,0,0,4,5,2,0,0,2,1,2,E01011569
3737,20141312M0056,2014,1312M0056,1,1,3,1,44,7,3,1,1,0,0,0,0,1,-1,2014,1312M0056,428974.0,435464.0,-1.561424,53.814655,13,3,1,1,22/02/2014,7,00:29,204,E08000035,E08000035,6,0,3,30.0,6,2,6,0,0,5,4,2,2,0,0,1,1,2,E01033005
3738,20141312M0800,2014,1312M0800,1,1,1,1,40,7,3,0,0,0,0,0,1,1,-1,2014,1312M0800,427362.0,431156.0,-1.586288,53.776022,13,3,2,1,21/02/2014,6,09:20,204,E08000035,E08000035,3,62,6,40.0,0,-1,-1,-1,0,0,4,8,2,0,0,1,2,2,E01011318
3739,20141312M0822,2014,1312M0822,1,1,3,2,86,11,2,5,2,0,0,0,0,1,-1,2014,1312M0822,430373.0,433481.0,-1.540371,53.796752,13,2,1,1,22/02/2014,7,12:45,204,E08000035,E08000035,6,0,6,30.0,9,2,6,0,0,5,1,1,1,0,0,1,1,2,E01033011
3740,20141312M1517,2014,1312M1517,1,1,1,1,59,9,3,0,0,0,0,0,9,1,-1,2014,1312M1517,426773.0,435723.0,-1.59483,53.8171,13,3,2,2,22/02/2014,7,18:53,204,E08000035,E08000035,6,0,6,30.0,0,-1,-1,-1,0,0,4,1,1,0,0,1,1,2,E01011489
3741,20141312M1517,2014,1312M1517,1,2,2,2,47,8,3,0,0,1,0,0,9,1,-1,2014,1312M1517,426773.0,435723.0,-1.59483,53.8171,13,3,2,2,22/02/2014,7,18:53,204,E08000035,E08000035,6,0,6,30.0,0,-1,-1,-1,0,0,4,1,1,0,0,1,1,2,E01011489
3742,20141312M1932,2014,1312M1932,1,1,1,1,33,6,3,0,0,0,0,0,19,1,-1,2014,1312M1932,427423.0,433046.0,-1.585194,53.793006,13,3,2,1,22/02/2014,7,22:30,204,E08000035,E08000035,6,0,6,30.0,3,2,6,0,2,4,4,1,1,4,0,1,1,2,E01011292
3743,20141312N0893,2014,1312N0893,1,1,1,1,80,11,3,0,0,0,0,0,9,1,-1,2014,1312N0893,435901.0,428601.0,-1.457017,53.752541,13,3,1,1,23/02/2014,1,13:00,204,E08000035,E08000035,6,0,6,30.0,0,-1,-1,-1,0,0,1,1,1,0,0,1,1,2,E01032488
3744,20141312N0997,2014,1312N0997,1,1,2,2,4,1,3,0,0,2,0,0,9,1,-1,2014,1312N0997,431928.0,428128.0,-1.517317,53.748548,13,3,1,1,23/02/2014,1,14:35,204,E08000035,E08000035,1,1,3,70.0,0,-1,-1,-1,0,0,1,1,1,0,0,2,1,1,E01011502
3745,20141312N1293,2014,1312N1293,1,1,2,2,44,7,3,0,0,0,4,0,11,1,-1,2014,1312N1293,430091.0,435427.0,-1.544463,53.814259,13,3,1,2,23/02/2014,1,15:45,204,E08000035,E08000035,6,0,1,30.0,2,4,6,0,0,0,1,9,2,0,0,1,2,2,E01011670
3746,20141312N1293,2014,1312N1293,1,2,2,2,53,8,3,0,0,0,4,0,11,1,-1,2014,1312N1293,430091.0,435427.0,-1.544463,53.814259,13,3,1,2,23/02/2014,1,15:45,204,E08000035,E08000035,6,0,1,30.0,2,4,6,0,0,0,1,9,2,0,0,1,2,2,E01011670
3747,20141312N1424,2014,1312N1424,1,1,1,1,19,4,2,0,0,0,0,0,9,1,-1,2014,1312N1424,435232.0,427614.0,-1.467275,53.743716,13,2,1,2,23/02/2014,1,18:40,204,E08000035,E08000035,6,0,6,60.0,0,-1,-1,-1,0,0,6,1,1,0,0,2,1,2,E01011636
3748,20141312N1424,2014,1312N1424,1,2,2,1,19,4,2,0,0,1,0,0,9,1,-1,2014,1312N1424,435232.0,427614.0,-1.467275,53.743716,13,2,1,2,23/02/2014,1,18:40,204,E08000035,E08000035,6,0,6,60.0,0,-1,-1,-1,0,0,6,1,1,0,0,2,1,2,E01011636