,accident_index,accident_year_x,accident_reference_x,vehicle_reference,casualty_reference,casualty_class,sex_of_casualty,age_of_casualty,age_band_of_casualty,casualty_severity,pedestrian_location,pedestrian_movement,car_passenger,bus_or_coach_passenger,pedestrian_road_maintenance_worker,casualty_type,casualty_home_area_type,casualty_imd_decile,accident_year_y,accident_reference_y,location_easting_osgr,location_northing_osgr,longitude,latitude,police_force,accident_severity,number_of_vehicles,number_of_casualties,date,day_of_week,time,local_authority_district,local_authority_ons_district,local_authority_highway,first_road_class,first_road_number,road_type,speed_limit,junction_detail,junction_control,second_road_class,second_road_number,pedestrian_crossing_human_control,pedestrian_crossing_physical_facilities,light_conditions,weather_conditions,road_surface_conditions,special_conditions_at_site,carriageway_hazards,urban_or_rural_area,did_police_officer_attend_scene_of_accident,trunk_road_flag,lsoa_of_accident_location
3749,20141312N1843,2014,1312N1843,1,1,3,1,25,5,3,1,3,0,0,0,0,1,-1,2014,1312N1843,429804.0,433477.0,-1.54901,53.796749,13,3,1,1,23/02/2014,1,23:03,204,E08000035,E08000035,6,0,6,30.0,0,-1,-1,-1,0,5,4,1,1,0,0,1,1,2,E01033016
3750,20141312O0014,2014,1312O0014,1,1,2,2,35,6,3,0,0,2,0,0,9,-1,-1,2014,1312O0014,426807.0,432112.0,-1.594626,53.784643,13,3,4,1,24/02/2014,2,00:14,204,E08000035,E08000035,6,0,6,30.0,3,4,6,0,0,0,4,1,1,0,0,1,1,2,E01011736
3751,20141312O0439,2014,1312O0439,1,1,3,1,59,9,3,1,1,0,0,0,0,1,-1,2014,1312O0439,430066.0,433771.0,-1.545004,53.799377,13,3,1,1,24/02/2014,2,10:36,204,E08000035,E08000035,6,0,6,30.0,6,2,6,0,0,5,1,1,1,0,0,1,1,2,E01033010
3752,20141312O0947,2014,1312O0947,1,1,3,2,11,3,3,5,1,0,0,0,0,1,-1,2014,1312O0947,422418.0,433289.0,-1.661153,53.795429,13,3,1,1,24/02/2014,2,15:10,204,E08000035,E08000035,6,0,6,30.0,0,-1,-1,-1,0,8,1,1,1,0,0,1,1,2,E01011612
3753,20141312O1071,2014,1312O1071,1,1,1,1,13,3,2,0,0,0,0,0,1,1,-1,2014,1312O1071,441096.0,432393.0,-1.377732,53.78624,13,2,2,1,24/02/2014,2,16:05,204,E08000035,E08000035,6,0,6,30.0,3,4,6,0,0,0,1,1,1,0,0,1,1,2,E01011401
3754,20141312O1082,2014,1312O1082,1,1,1,1,37,7,3,0,0,0,0,0,20,1,-1,2014,1312O1082,435125.0,445093.0,-1.466907,53.900819,13,3,3,5,24/02/2014,2,16:05,204,E08000035,E08000035,3,659,6,60.0,3,4,6,0,0,0,1,1,1,0,0,2,1,2,E01011708
3755,20141312O1082,2014,1312O1082,2,2,1,2,41,7,3,0,0,0,0,0,9,1,-1,2014,1312O1082,435125.0,445093.0,-1.466907,53.900819,13,3,3,5,24/02/2014,2,16:05,204,E08000035,E08000035,3,659,6,60.0,3,4,6,0,0,0,1,1,1,0,0,2,1,2,E01011708
3756,20141312O1082,2014,1312O1082,2,3,2,2,7,2,3,0,0,2,0,0,9,1,-1,2014,1312O1082,435125.0,445093.0,-1.466907,53.900819,13,3,3,5,24/02/2014,2,16:05,204,E08000035,E08000035,3,659,6,60.0,3,4,6,0,0,0,1,1,1,0,0,2,1,2,E01011708
3757,20141312O1082,2014,1312O1082,3,4,1,2,47,8,3,0,0,0,0,0,9,3,-1,2014,1312O1082,435125.0,445093.0,-1.466907,53.900819,13,3,3,5,24/02/2014,2,16:05,204,E08000035,E08000035,3,659,6,60.0,3,4,6,0,0,0,1,1,1,0,0,2,1,2,E01011708
3758,20141312O1082,2014,1312O1082,3,5,2,2,18,4,3,0,0,1,0,0,9,3,-1,2014,1312O1082,435125.0,445093.0,-1.466907,53.900819,13,3,3,5,24/02/2014,2,16:05,204,E08000035,E08000035,3,659,6,60.0,3,4,6,0,0,0,1,1,1,0,0,2,1,2,E01011708
3759,20141312O1093,2014,1312O1093,2,1,1,1,29,6,3,0,0,0,0,0,1,-1,-1,2014,1312O1093,429383.0,434947.0,-1.555261,53.809985,13,3,2,1,24/02/2014,2,16:10,204,E08000035,E08000035,6,0,6,30.0,3,4,6,0,0,0,1,1,1,0,0,1,2,2,E01033005
3760,20141312O1421,2014,1312O1421,2,1,2,2,20,4,3,0,0,1,0,0,8,1,-1,2014,1312O1421,430634.0,433453.0,-1.536412,53.796485,13,3,2,1,24/02/2014,2,18:35,204,E08000035,E08000035,6,0,6,30.0,0,-1,-1,-1,0,4,4,1,1,0,0,1,1,2,E01033011
3761,20141312O1573,2014,1312O1573,1,1,1,1,27,6,3,0,0,0,0,0,9,-1,-1,2014,1312O1573,431251.0,445731.0,-1.525799,53.906801,13,3,2,1,24/02/2014,2,19:50,204,E08000035,E08000035,3,61,6,60.0,3,4,3,659,0,0,4,1,1,0,0,2,1,2,E01011561
3762,20141312P0232,2014,1312P0232,1,1,1,1,75,10,3,0,0,0,0,0,9,1,-1,2014,1312P0232,429922.0,427806.0,-1.547767,53.745772,13,3,2,2,25/02/2014,3,08:09,204,E08000035,E08000035,6,0,6,30.0,1,4,6,0,0,0,1,1,1,0,0,1,1,2,E01011494
3763,20141312P0232,2014,1312P0232,2,2,1,1,24,5,3,0,0,0,0,0,19,1,-1,2014,1312P0232,429922.0,427806.0,-1.547767,53.745772,13,3,2,2,25/02/2014,3,08:09,204,E08000035,E08000035,6,0,6,30.0,1,4,6,0,0,0,1,1,1,0,0,1,1,2,E01011494
3764,20141312P0236,2014,1312P0236,1,1,3,1,17,4,2,6,9,0,0,0,0,-1,-1,2014,1312P0236,418975.0,442004.0,-1.712886,53.873895,13,2,1,6,25/02/2014,3,08:10,204,E08000035,E08000035,3,65,6,30.0,6,2,6,0,2,4,1,1,1,0,0,1,1,2,E01011265
3765,20141312P0236,2014,1312P0236,1,2,3,1,17,4,2,6,9,0,0,0,0,-1,-1,2014,1312P0236,418975.0,442004.0,-1.712886,53.873895,13,2,1,6,25/02/2014,3,08:10,204,E08000035,E08000035,3,65,6,30.0,6,2,6,0,2,4,1,1,1,0,0,1,1,2,E01011265
3766,20141312P0236,2014,1312P0236,1,3,3,2,17,4,3,6,9,0,0,0,0,-1,-1,2014,1312P0236,418975.0,442004.0,-1.712886,53.873895,13,2,1,6,25/02/2014,3,08:10,204,E08000035,E08000035,3,65,6,30.0,6,2,6,0,2,4,1,1,1,0,0,1,1,2,E01011265
3767,20141312P0236,2014,1312P0236,1,4,3,1,12,3,3,6,9,0,0,0,0,-1,-1,2014,1312P0236,418975.0,442004.0,-1.712886,53.873895,13,2,1,6,25/02/2014,3,08:10,204,E08000035,E08000035,3,65,6,30.0,6,2,6,0,2,4,1,1,1,0,0,1,1,2,E01011265
3768,20141312P0236,2014,1312P0236,1,5,3,1,12,3,3,6,9,0,0,0,0,-1,-1,2014,1312P0236,418975.0,442004.0,-1.712886,53.873895,13,2,1,6,25/02/2014,3,08:10,204,E08000035,E08000035,3,65,6,30.0,6,2,6,0,2,4,1,1,1,0,0,1,1,2,E01011265
3769,20141312P0236,2014,1312P0236,1,6,3,1,12,3,3,6,9,0,0,0,0,-1,-1,2014,1312P0236,418975.0,442004.0,-1.712886,53.873895,13,2,1,6,25/02/2014,3,08:10,204,E08000035,E08000035,3,65,6,30.0,6,2,6,0,2,4,1,1,1,0,0,1,1,2,E01011265
3770,20141312P0254,2014,1312P0254,2,1,1,1,65,9,3,0,0,0,0,0,9,1,-1,2014,1312P0254,423328.0,443471.0,-1.646568,53.886904,13,3,2,1,25/02/2014,3,08:35,204,E08000035,E08000035,3,658,6,50.0,3,4,6,0,0,0,1,1,1,0,0,2,1,2,E01032503
3771,20141312P0269,2014,1312P0269,1,1,1,2,43,7,3,0,0,0,0,0,9,1,-1,2014,1312P0269,435573.0,425902.0,-1.462301,53.728305,13,3,2,2,25/02/2014,3,08:46,204,E08000035,E08000035,1,62,3,70.0,0,-1,-1,-1,0,0,1,1,1,0,0,2,1,1,E01011636
3772,20141312P0269,2014,1312P0269,2,2,1,1,50,8,3,0,0,0,0,0,19,1,-1,2014,1312P0269,435573.0,425902.0,-1.462301,53.728305,13,3,2,2,25/02/2014,3,08:46,204,E08000035,E08000035,1,62,3,70.0,0,-1,-1,-1,0,0,1,1,1,0,0,2,1,1,E01011636
3773,20141312P0951,2014,1312P0951,2,1,1,1,45,7,3,0,0,0,0,0,9,1,-1,2014,1312P0951,430454.0,437507.0,-1.538744,53.832933,13,3,2,2,25/02/2014,3,15:30,204,E08000035,E08000035,6,0,6,30.0,0,-1,-1,-1,0,0,1,1,1,0,0,1,1,2,E01011351
3774,20141312P0951,2014,1312P0951,2,2,2,1,26,6,3,0,0,1,0,0,9,1,-1,2014,1312P0951,430454.0,437507.0,-1.538744,53.832933,13,3,2,2,25/02/2014,3,15:30,204,E08000035,E08000035,6,0,6,30.0,0,-1,-1,-1,0,0,1,1,1,0,0,1,1,2,E01011351
3775,20141312P1279,2014,1312P1279,2,1,1,2,57,9,3,0,0,0,0,0,9,1,-1,2014,1312P1279,429051.0,435525.0,-1.560249,53.815199,13,3,2,1,25/02/2014,3,18:24,204,E08000035,E08000035,6,0,6,30.0,6,4,6,0,0,0,4,2,2,0,0,1,1,2,E01011668
3776,20141312Q0398,2014,1312Q0398,2,1,1,2,43,7,3,0,0,0,0,0,9,1,-1,2014,1312Q0398,431107.0,433740.0,-1.529202,53.799037,13,3,2,1,26/02/2014,4,09:53,204,E08000035,E08000035,2,64,6,30.0,0,-1,-1,-1,0,0,1,1,1,0,0,1,1,2,E01033031
3777,20141312Q0928,2014,1312Q0928,2,1,1,1,23,5,3,0,0,0,0,0,1,1,-1,2014,1312Q0928,431517.0,434295.0,-1.522921,53.804001,13,3,2,1,26/02/2014,4,15:05,204,E08000035,E08000035,6,0,6,30.0,0,-1,-1,-1,0,0,1,1,1,0,0,1,1,2,E01033035
3778,20141312Q1027,2014,1312Q1027,2,1,2,1,28,6,3,0,0,0,4,0,11,1,-1,2014,1312Q1027,430437.0,434391.0,-1.53931,53.804928,13,3,2,4,26/02/2014,4,15:45,204,E08000035,E08000035,6,0,6,30.0,0,-1,-1,-1,0,4,1,1,1,0,0,1,1,2,E01033002
3779,20141312Q1027,2014,1312Q1027,2,2,2,1,45,7,3,0,0,0,4,0,11,1,-1,2014,1312Q1027,430437.0,434391.0,-1.53931,53.804928,13,3,2,4,26/02/2014,4,15:45,204,E08000035,E08000035,6,0,6,30.0,0,-1,-1,-1,0,4,1,1,1,0,0,1,1,2,E01033002
3780,20141312Q1027,2014,1312Q1027,2,3,2,1,8,2,3,0,0,0,4,0,11,1,-1,2014,1312Q1027,430437.0,434391.0,-1.53931,53.804928,13,3,2,4,26/02/2014,4,15:45,204,E08000035,E08000035,6,0,6,30.0,0,-1,-1,-1,0,4,1,1,1,0,0,1,1,2,E01033002
3781,20141312Q1027,2014,1312Q1027,2,4,2,2,6,2,3,0,0,0,4,0,11,1,-1,2014,1312Q1027,430437.0,434391.0,-1.53931,53.804928,13,3,2,4,26/02/2014,4,15:45,204,E08000035,E08000035,6,0,6,30.0,0,-1,-1,-1,0,4,1,1,1,0,0,1,1,2,E01033002
3782,20141312Q1511,2014,1312Q1511,1,1,2,2,76,11,3,0,0,0,4,0,11,1,-1,2014,1312Q1511,431959.0,430490.0,-1.516603,53.769775,13,3,1,1,26/02/2014,4,17:25,204,E08000035,E08000035,3,639,6,40.0,1,4,3,61,0,0,1,1,2,0,0,2,2,2,E01011469
3783,20141312R0178,2014,1312R0178,2,1,1,1,60,9,3,0,0,0,0,0,5,1,-1,2014,1312R0178,423047.0,437663.0,-1.651278,53.834715,13,3,2,1,27/02/2014,5,05:49,204,E08000035,E08000035,3,6120,1,30.0,1,4,3,65,0,0,4,2,2,0,0,1,1,2,E01011452
3784,20141312R0675,2014,1312R0675,1,1,1,1,18,4,3,0,0,0,0,0,4,1,-1,2014,1312R0675,430717.0,434135.0,-1.535084,53.80261,13,3,1,2,27/02/2014,5,13:00,204,E08000035,E08000035,6,0,6,30.0,3,4,6,0,0,0,1,1,1,0,0,1,1,2,E01033002
3785,20141312R0675,2014,1312R0675,1,2,3,1,19,4,3,5,1,0,0,0,0,1,-1,2014,1312R0675,430717.0,434135.0,-1.535084,53.80261,13,3,1,2,27/02/2014,5,13:00,204,E08000035,E08000035,6,0,6,30.0,3,4,6,0,0,0,1,1,1,0,0,1,1,2,E01033002
3786,20141312R1124,2014,1312R1124,1,1,1,1,29,6,3,0,0,0,0,0,9,1,-1,2014,1312R1124,437735.0,433076.0,-1.428659,53.792632,13,3,1,1,27/02/2014,5,16:54,204,E08000035,E08000035,3,63,1,40.0,1,4,3,63,0,0,1,1,1,0,0,2,1,2,E01011411
3787,20141312R1413,2014,1312R1413,1,1,2,1,18,4,3,0,0,1,0,0,9,1,-1,2014,1312R1413,429180.0,431912.0,-1.55863,53.782718,13,3,2,2,27/02/2014,5,19:16,204,E08000035,E08000035,6,0,6,30.0,3,4,6,0,0,8,4,1,1,0,0,1,1,2,E01011368
3788,20141312R1413,2014,1312R1413,1,2,2,1,19,4,3,0,0,2,0,0,9,1,-1,2014,1312R1413,429180.0,431912.0,-1.55863,53.782718,13,3,2,2,27/02/2014,5,19:16,204,E08000035,E08000035,6,0,6,30.0,3,4,6,0,0,8,4,1,1,0,0,1,1,2,E01011368
3789,20141312S1056,2014,1312S1056,1,1,1,1,25,5,3,0,0,0,0,0,9,-1,-1,2014,1312S1056,428224.0,435786.0,-1.572785,53.81759,13,3,2,1,28/02/2014,6,16:09,204,E08000035,E08000035,3,61,6,30.0,3,4,6,0,0,0,1,2,2,0,0,1,1,2,E01032946
3790,20141312S1059,2014,1312S1059,1,1,3,2,36,7,3,1,4,0,0,0,0,-1,-1,2014,1312S1059,437227.0,433425.0,-1.436328,53.795805,13,3,1,1,28/02/2014,6,16:05,204,E08000035,E08000035,3,63,3,40.0,7,2,6,0,0,4,1,1,1,0,0,1,1,2,E01011418
3791,20141312S1268,2014,1312S1268,1,1,1,1,35,6,3,0,0,0,0,0,9,1,-1,2014,1312S1268,430460.0,431125.0,-1.539283,53.775572,13,3,3,2,28/02/2014,6,17:30,204,E08000035,E08000035,1,621,3,50.0,0,-1,-1,-1,0,0,1,1,1,0,0,1,1,1,E01011312
3792,20141312S1268,2014,1312S1268,2,2,1,2,45,7,3,0,0,0,0,0,9,1,-1,2014,1312S1268,430460.0,431125.0,-1.539283,53.775572,13,3,3,2,28/02/2014,6,17:30,204,E08000035,E08000035,1,621,3,50.0,0,-1,-1,-1,0,0,1,1,1,0,0,1,1,1,E01011312
3793,20141312S1494,2014,1312S1494,1,1,2,2,68,10,3,0,0,1,0,0,9,1,-1,2014,1312S1494,429429.0,433462.0,-1.554704,53.796636,13,3,2,1,28/02/2014,6,19:15,204,E08000035,E08000035,6,0,6,30.0,6,2,6,0,0,5,4,1,1,0,0,1,1,2,E01033015
3794,2014131311240,2014,131311240,1,1,3,1,21,5,3,9,9,0,0,0,0,1,-1,2014,131311240,428431.0,435003.0,-1.569713,53.810541,13,3,1,2,01/03/2014,7,16:27,204,E08000035,E08000035,6,0,6,30.0,6,4,6,0,0,0,1,1,1,0,0,1,1,2,E01011449
3795,2014131311240,2014,131311240,1,2,1,1,56,9,3,0,0,0,0,0,8,1,-1,2014,131311240,428431.0,435003.0,-1.569713,53.810541,13,3,1,2,01/03/2014,7,16:27,204,E08000035,E08000035,6,0,6,30.0,6,4,6,0,0,0,1,1,1,0,0,1,1,2,E01011449
3796,2014131311578,2014,131311578,1,1,3,1,19,4,3,5,1,0,0,0,0,-1,-1,2014,131311578,432515.0,434885.0,-1.507706,53.809242,13,3,1,1,01/03/2014,7,19:15,204,E08000035,E08000035,6,0,6,30.0,9,4,6,0,0,5,4,1,1,0,0,1,1,2,E01011433
3797,2014131320442,2014,131320442,1,1,1,2,33,6,3,0,0,0,0,0,9,1,-1,2014,131320442,430692.0,424510.0,-1.536417,53.716103,13,3,2,1,01/03/2014,7,18:35,204,E08000035,E08000035,3,650,1,40.0,0,-1,-1,-1,0,0,4,1,1,0,0,2,2,2,E01011537
3798,2014131330277,2014,131330277,2,1,1,2,43,7,3,0,0,0,0,0,9,1,-1,2014,131330277,429137.0,435242.0,-1.558969,53.81265,13,3,2,1,03/03/2014,2,08:55,204,E08000035,E08000035,6,0,3,30.0,3,4,6,0,0,0,1,1,1,0,0,1,1,2,E01033005
3799,2014131331079,2014,131331079,1,1,3,2,17,4,3,5,2,0,0,0,0,1,-1,2014,131331079,432278.0,436992.0,-1.511084,53.828194,13,3,1,1,03/03/2014,2,16:00,204,E08000035,E08000035,6,0,6,30.0,0,-1,-1,-1,0,0,1,1,1,0,0,1,1,2,E01011641
3800,2014131340155,2014,131340155,1,1,3,1,19,4,3,5,1,0,0,0,0,1,-1,2014,131340155,427915.0,436171.0,-1.577444,53.821067,13,3,1,1,04/03/2014,3,06:42,204,E08000035,E08000035,3,660,6,30.0,0,-1,-1,-1,0,0,1,1,1,0,0,1,1,2,E01011451
3801,2014131340208,2014,131340208,2,1,1,1,49,8,3,0,0,0,0,0,5,1,-1,2014,131340208,426996.0,437458.0,-1.591291,53.832683,13,3,2,1,04/03/2014,3,07:36,204,E08000035,E08000035,3,660,6,30.0,3,4,6,0,0,0,1,1,1,0,0,1,1,2,E01011685
3802,2014131340463,2014,131340463,2,1,2,2,3,1,3,0,0,2,0,0,9,1,-1,2014,131340463,441635.0,444450.0,-1.367922,53.894559,13,3,2,1,04/03/2014,3,11:11,204,E08000035,E08000035,2,1,3,70.0,0,-1,-1,-1,0,0,1,1,1,0,0,2,1,1,E01011707
3803,2014131341172,2014,131341172,1,1,1,1,42,7,3,0,0,0,0,0,21,2,-1,2014,131341172,430325.0,424149.0,-1.542013,53.71288,13,3,1,1,04/03/2014,3,17:37,204,E08000035,E08000035,1,1,3,50.0,5,4,3,650,0,0,1,1,1,4,0,2,1,1,E01011537
3804,2014131341363,2014,131341363,1,1,1,1,29,6,3,0,0,0,0,0,9,1,-1,2014,131341363,429321.0,430673.0,-1.556608,53.771575,13,3,2,2,04/03/2014,3,18:59,204,E08000035,E08000035,6,0,6,30.0,0,-1,-1,-1,0,0,4,1,1,0,0,1,1,2,E01011314
3805,2014131341363,2014,131341363,1,2,2,2,23,5,3,0,0,1,0,0,9,1,-1,2014,131341363,429321.0,430673.0,-1.556608,53.771575,13,3,2,2,04/03/2014,3,18:59,204,E08000035,E08000035,6,0,6,30.0,0,-1,-1,-1,0,0,4,1,1,0,0,1,1,2,E01011314
3806,2014131341397,2014,131341397,2,1,1,1,44,7,3,0,0,0,0,0,9,1,-1,2014,131341397,432120.0,432882.0,-1.513912,53.791264,13,3,2,1,04/03/2014,3,19:15,204,E08000035,E08000035,6,0,6,30.0,3,4,6,0,0,0,4,1,1,0,0,1,1,2,E01011625
3807,2014131350602,2014,131350602,1,1,3,1,69,10,3,9,6,0,0,0,0,1,-1,2014,131350602,429689.0,427938.0,-1.551287,53.746972,13,3,1,1,05/03/2014,4,12:00,204,E08000035,E08000035,6,0,6,30.0,0,-1,-1,-1,0,0,1,1,1,0,0,1,2,2,E01011497
3808,2014131351484,2014,131351484,1,1,2,1,13,3,3,0,0,2,0,0,9,1,-1,2014,131351484,421715.0,440990.0,-1.671284,53.864675,13,3,2,1,05/03/2014,4,19:00,204,E08000035,E08000035,3,658,6,30.0,3,4,6,0,0,0,4,1,1,0,0,1,1,2,-1
3809,2014131360255,2014,131360255,2,1,1,1,48,8,3,0,0,0,0,0,1,1,-1,2014,131360255,427180.0,434761.0,-1.588732,53.808433,13,3,2,1,06/03/2014,5,08:47,204,E08000035,E08000035,3,65,6,30.0,3,4,6,0,0,0,1,1,1,0,0,1,1,2,E01011482
3810,2014131360958,2014,131360958,2,1,1,1,42,7,3,0,0,0,0,0,1,-1,-1,2014,131360958,429050.0,433526.0,-1.560452,53.797232,13,3,2,1,05/03/2014,4,12:30,204,E08000035,E08000035,3,65,6,30.0,0,-1,-1,-1,0,4,1,1,1,0,0,1,2,2,E01033008
3811,2014131361391,2014,131361391,1,1,1,1,49,8,3,0,0,0,0,0,1,1,-1,2014,131361391,435951.0,428252.0,-1.456299,53.749401,13,3,1,1,06/03/2014,5,19:35,204,E08000035,E08000035,3,639,1,30.0,1,4,3,639,0,0,4,1,2,0,0,1,1,2,E01011635
3812,2014131370105,2014,131370105,1,1,1,1,23,5,3,0,0,0,0,0,9,1,-1,2014,131370105,422649.0,440068.0,-1.657149,53.856348,13,3,1,1,07/03/2014,6,02:35,204,E08000035,E08000035,6,0,6,60.0,0,-1,-1,-1,0,0,6,1,2,0,0,2,1,2,E01011580
3813,2014131370281,2014,131370281,1,1,1,1,57,9,3,0,0,0,0,0,9,1,-1,2014,131370281,433177.0,434019.0,-1.497746,53.801417,13,2,3,3,07/03/2014,6,08:45,204,E08000035,E08000035,3,64,3,40.0,3,2,6,0,0,5,1,1,2,0,0,1,1,2,E01011617
3814,2014131370281,2014,131370281,2,2,2,1,7,2,2,0,0,2,0,0,9,1,-1,2014,131370281,433177.0,434019.0,-1.497746,53.801417,13,2,3,3,07/03/2014,6,08:45,204,E08000035,E08000035,3,64,3,40.0,3,2,6,0,0,5,1,1,2,0,0,1,1,2,E01011617
3815,2014131370281,2014,131370281,3,3,1,1,38,7,3,0,0,0,0,0,5,3,-1,2014,131370281,433177.0,434019.0,-1.497746,53.801417,13,2,3,3,07/03/2014,6,08:45,204,E08000035,E08000035,3,64,3,40.0,3,2,6,0,0,5,1,1,2,0,0,1,1,2,E01011617
3816,2014131370345,2014,131370345,2,1,1,1,38,7,3,0,0,0,0,0,1,1,-1,2014,131370345,420792.0,439584.0,-1.685413,53.852075,13,3,2,1,07/03/2014,6,17:17,204,E08000035,E08000035,4,6152,6,30.0,3,4,6,0,0,0,1,2,2,0,0,1,2,2,E01011278
3817,2014131370413,2014,131370413,2,1,3,2,43,7,2,9,9,0,0,0,0,3,-1,2014,131370413,426124.0,437014.0,-1.604578,53.828737,13,2,2,1,07/03/2014,6,10:10,204,E08000035,E08000035,6,0,6,30.0,0,-1,-1,-1,0,0,1,1,2,0,0,1,1,2,E01011485
3818,2014131370605,2014,131370605,1,1,1,2,33,6,3,0,0,0,0,0,9,1,-1,2014,131370605,424253.0,433564.0,-1.633274,53.797818,13,3,3,1,07/03/2014,6,01:12,204,E08000035,E08000035,6,0,6,30.0,0,-1,-1,-1,0,0,1,1,1,0,0,1,1,2,E01011608
3819,2014131371061,2014,131371061,1,1,3,1,13,3,3,10,9,0,0,0,0,1,-1,2014,131371061,422218.0,433361.0,-1.664184,53.796084,13,3,1,1,07/03/2014,6,08:15,204,E08000035,E08000035,4,6154,6,30.0,0,-1,-1,-1,0,0,1,1,1,0,0,1,2,2,E01011612
3820,2014131371067,2014,131371067,1,1,3,2,12,3,3,6,9,0,0,0,0,1,-1,2014,131371067,428097.0,434762.0,-1.574807,53.808393,13,3,1,1,07/03/2014,6,15:00,204,E08000035,E08000035,6,0,6,30.0,8,4,6,0,0,0,1,1,1,0,0,1,2,2,E01011481
3821,2014131371129,2014,131371129,1,1,3,1,14,3,3,4,1,0,0,0,0,1,-1,2014,131371129,433909.0,434031.0,-1.486631,53.801478,13,3,1,1,07/03/2014,6,16:20,204,E08000035,E08000035,3,63,3,40.0,3,4,3,64,0,5,1,1,1,0,0,1,1,2,E01011346
3822,2014131371450,2014,131371450,1,1,2,2,85,11,3,0,0,0,1,0,11,1,-1,2014,131371450,430393.0,433628.0,-1.540053,53.798072,13,3,1,1,07/03/2014,6,17:56,204,E08000035,E08000035,6,0,6,30.0,0,-1,-1,-1,0,0,1,1,1,0,0,1,2,2,E01033010
3823,2014131371538,2014,131371538,1,1,1,2,28,6,3,0,0,0,0,0,9,1,-1,2014,131371538,423475.0,434036.0,-1.64505,53.802096,13,3,2,2,07/03/2014,6,19:31,204,E08000035,E08000035,6,0,6,30.0,6,2,6,0,0,0,4,1,1,0,0,1,1,2,E01011608
3824,2014131371538,2014,131371538,2,2,1,1,33,6,3,0,0,0,0,0,9,1,-1,2014,131371538,423475.0,434036.0,-1.64505,53.802096,13,3,2,2,07/03/2014,6,19:31,204,E08000035,E08000035,6,0,6,30.0,6,2,6,0,0,0,4,1,1,0,0,1,1,2,E01011608
3825,2014131371569,2014,131371569,2,1,1,1,32,6,3,0,0,0,0,0,9,1,-1,2014,131371569,432914.0,437027.0,-1.501418,53.828469,13,3,2,3,07/03/2014,6,19:40,204,E08000035,E08000035,6,0,6,30.0,3,4,6,0,0,0,4,1,2,0,0,1,1,2,E01011643
3826,2014131371569,2014,131371569,2,2,2,1,18,4,3,0,0,1,0,0,9,1,-1,2014,131371569,432914.0,437027.0,-1.501418,53.828469,13,3,2,3,07/03/2014,6,19:40,204,E08000035,E08000035,6,0,6,30.0,3,4,6,0,0,0,4,1,2,0,0,1,1,2,E01011643
3827,2014131371569,2014,131371569,2,3,2,1,31,6,3,0,0,2,0,0,9,1,-1,2014,131371569,432914.0,437027.0,-1.501418,53.828469,13,3,2,3,07/03/2014,6,19:40,204,E08000035,E08000035,6,0,6,30.0,3,4,6,0,0,0,4,1,2,0,0,1,1,2,E01011643
3828,2014131371872,2014,131371872,1,1,1,1,26,6,3,0,0,0,0,0,1,1,-1,2014,131371872,429440.0,431732.0,-1.554702,53.781086,13,3,2,1,07/03/2014,6,21:30,204,E08000035,E08000035,6,0,6,30.0,0,-1,-1,-1,0,0,4,1,1,0,0,1,2,2,E01011364
3829,2014131380112,2014,131380112,1,2,2,1,25,5,3,0,0,1,0,0,9,-1,-1,2014,131380112,435539.0,438368.0,-1.461383,53.840349,13,3,3,2,08/03/2014,7,01:48,204,E08000035,E08000035,6,0,6,30.0,1,4,6,0,0,0,4,1,1,0,0,1,1,2,E01011714
3830,2014131380112,2014,131380112,3,1,1,2,38,7,3,0,0,0,0,0,9,1,-1,2014,131380112,435539.0,438368.0,-1.461383,53.840349,13,3,3,2,08/03/2014,7,01:48,204,E08000035,E08000035,6,0,6,30.0,1,4,6,0,0,0,4,1,1,0,0,1,1,2,E01011714
3831,2014131380117,2014,131380117,1,1,1,1,21,5,2,0,0,0,0,0,9,3,-1,2014,131380117,435678.0,440221.0,-1.459056,53.856994,13,2,1,1,08/03/2014,7,01:30,204,E08000035,E08000035,3,58,6,50.0,0,-1,-1,-1,0,0,6,1,1,0,0,2,1,2,E01011311
3832,2014131380791,2014,131380791,2,1,1,2,26,6,3,0,0,0,0,0,9,1,-1,2014,131380791,428054.0,435266.0,-1.575414,53.812926,13,3,2,2,08/03/2014,7,12:45,204,E08000035,E08000035,6,0,6,30.0,3,4,6,0,0,0,1,1,1,0,0,1,1,2,E01011446
3833,2014131380791,2014,131380791,2,2,2,2,17,4,3,0,0,1,0,0,9,1,-1,2014,131380791,428054.0,435266.0,-1.575414,53.812926,13,3,2,2,08/03/2014,7,12:45,204,E08000035,E08000035,6,0,6,30.0,3,4,6,0,0,0,1,1,1,0,0,1,1,2,E01011446
3834,2014131380828,2014,131380828,2,1,1,1,35,6,3,0,0,0,0,0,9,1,-1,2014,131380828,435745.0,436866.0,-1.458427,53.826836,13,3,2,1,08/03/2014,7,13:00,204,E08000035,E08000035,3,6120,6,40.0,0,-1,-1,-1,0,8,1,1,1,0,0,1,1,2,E01011661
3835,2014131380848,2014,131380848,1,1,3,1,21,5,3,6,9,0,0,0,0,1,-1,2014,131380848,429586.0,431001.0,-1.552556,53.774508,13,3,2,1,08/03/2014,7,13:15,204,E08000035,E08000035,6,0,6,20.0,6,4,6,0,0,0,1,1,2,0,0,1,1,2,E01011312