,accident_index,accident_year_x,accident_reference_x,vehicle_reference,casualty_reference,casualty_class,sex_of_casualty,age_of_casualty,age_band_of_casualty,casualty_severity,pedestrian_location,pedestrian_movement,car_passenger,bus_or_coach_passenger,pedestrian_road_maintenance_worker,casualty_type,casualty_home_area_type,casualty_imd_decile,accident_year_y,accident_reference_y,location_easting_osgr,location_northing_osgr,longitude,latitude,police_force,accident_severity,number_of_vehicles,number_of_casualties,date,day_of_week,time,local_authority_district,local_authority_ons_district,local_authority_highway,first_road_class,first_road_number,road_type,speed_limit,junction_detail,junction_control,second_road_class,second_road_number,pedestrian_crossing_human_control,pedestrian_crossing_physical_facilities,light_conditions,weather_conditions,road_surface_conditions,special_conditions_at_site,carriageway_hazards,urban_or_rural_area,did_police_officer_attend_scene_of_accident,trunk_road_flag,lsoa_of_accident_location
4272,2014131591309,2014,131591309,1,1,3,2,17,4,3,5,1,0,0,0,0,1,-1,2014,131591309,429943.0,427020.0,-1.547524,53.738706,13,3,1,2,07/05/2014,4,17:30,204,E08000035,E08000035,3,654,6,30.0,0,-1,-1,-1,0,0,1,9,2,0,0,1,2,2,E01032495
4273,2014131591309,2014,131591309,1,2,3,1,19,4,3,5,9,0,0,0,0,1,-1,2014,131591309,429943.0,427020.0,-1.547524,53.738706,13,3,1,2,07/05/2014,4,17:30,204,E08000035,E08000035,3,654,6,30.0,0,-1,-1,-1,0,0,1,9,2,0,0,1,2,2,E01032495
4274,2014131591555,2014,131591555,1,1,1,2,70,10,3,0,0,0,0,0,9,1,-1,2014,131591555,429622.0,440488.0,-1.5511,53.859773,13,3,1,1,09/05/2014,6,20:03,204,E08000035,E08000035,6,0,6,30.0,0,-1,-1,-1,0,0,1,1,1,0,0,1,1,2,E01011564
4275,2014131591720,2014,131591720,2,1,2,2,23,5,3,0,0,1,0,0,9,-1,-1,2014,131591720,431137.0,434295.0,-1.528691,53.804023,13,3,2,2,09/05/2014,6,21:25,204,E08000035,E08000035,6,0,6,30.0,3,4,6,0,0,0,1,1,1,0,0,1,1,2,E01033031
4276,2014131591720,2014,131591720,2,2,2,2,23,5,3,0,0,2,0,0,9,-1,-1,2014,131591720,431137.0,434295.0,-1.528691,53.804023,13,3,2,2,09/05/2014,6,21:25,204,E08000035,E08000035,6,0,6,30.0,3,4,6,0,0,0,1,1,1,0,0,1,1,2,E01033031
4277,20141315A0766,2014,1315A0766,1,1,1,2,79,11,3,0,0,0,0,0,9,2,-1,2014,1315A0766,428561.0,426055.0,-1.568564,53.73011,13,3,2,2,10/05/2014,7,12:30,204,E08000035,E08000035,3,650,6,40.0,0,-1,-1,-1,0,4,1,1,1,0,0,1,1,2,E01011553
4278,20141315A0766,2014,1315A0766,1,2,2,1,89,11,3,0,0,1,0,0,9,2,-1,2014,1315A0766,428561.0,426055.0,-1.568564,53.73011,13,3,2,2,10/05/2014,7,12:30,204,E08000035,E08000035,3,650,6,40.0,0,-1,-1,-1,0,4,1,1,1,0,0,1,1,2,E01011553
4279,20141315A0862,2014,1315A0862,1,1,1,1,24,5,3,0,0,0,0,0,1,3,-1,2014,1315A0862,439390.0,426152.0,-1.404418,53.730279,13,3,2,1,10/05/2014,7,13:35,204,E08000035,E08000035,4,6135,6,30.0,3,4,6,0,0,0,1,2,2,0,0,2,1,2,E01011395
4280,20141315A1796,2014,1315A1796,1,1,1,2,28,6,3,0,0,0,0,0,9,3,-1,2014,1315A1796,435153.0,439622.0,-1.467106,53.851646,13,3,1,1,10/05/2014,7,23:17,204,E08000035,E08000035,6,0,6,30.0,0,-1,-1,-1,0,0,4,2,2,0,0,2,1,2,E01011649
4281,20141315B0557,2014,1315B0557,1,1,3,2,49,8,3,1,1,0,0,0,0,1,-1,2014,1315B0557,430383.0,433575.0,-1.54021,53.797597,13,3,1,1,11/05/2014,1,11:00,204,E08000035,E08000035,6,0,6,30.0,3,4,6,0,0,4,1,1,1,0,0,1,1,2,E01033010
4282,20141315B1000,2014,1315B1000,2,1,1,2,43,7,3,0,0,0,0,0,1,1,-1,2014,1315B1000,434809.0,428192.0,-1.473623,53.748939,13,3,2,1,11/05/2014,1,15:50,204,E08000035,E08000035,3,654,6,30.0,0,-1,-1,-1,0,0,1,1,1,0,0,1,1,2,E01011627
4283,20141315B1314,2014,1315B1314,2,1,2,2,28,6,3,0,0,1,0,0,9,-1,-1,2014,1315B1314,431628.0,435607.0,-1.521101,53.815786,13,3,2,1,11/05/2014,1,21:52,204,E08000035,E08000035,6,0,2,30.0,3,4,6,0,0,0,1,1,1,0,0,1,1,2,E01011429
4284,20141315B1641,2014,1315B1641,1,1,1,2,19,4,3,0,0,0,0,0,9,3,-1,2014,1315B1641,435376.0,439571.0,-1.463722,53.851172,13,3,1,1,11/05/2014,1,22:06,204,E08000035,E08000035,3,58,6,50.0,0,-1,-1,-1,0,0,6,1,2,0,0,2,1,2,E01011311
4285,20141315C0137,2014,1315C0137,1,1,3,2,30,6,3,10,9,0,0,0,0,1,-1,2014,1315C0137,427595.0,434398.0,-1.582463,53.805148,13,3,1,1,12/05/2014,2,12:00,204,E08000035,E08000035,6,0,9,30.0,0,-1,-1,-1,0,0,1,1,2,0,0,1,2,2,E01011482
4286,20141315C1074,2014,1315C1074,2,1,1,1,33,6,3,0,0,0,0,0,1,1,-1,2014,1315C1074,430260.0,434079.0,-1.542028,53.802134,13,3,2,1,12/05/2014,2,16:15,204,E08000035,E08000035,6,0,6,30.0,3,2,6,0,0,5,1,1,1,0,0,1,1,2,E01033010
4287,20141315C1241,2014,1315C1241,1,1,3,1,20,4,3,5,3,0,0,0,0,1,-1,2014,1315C1241,423832.0,434274.0,-1.639611,53.804219,13,3,1,1,12/05/2014,2,17:15,204,E08000035,E08000035,6,0,6,30.0,6,4,3,647,0,0,1,1,1,0,0,1,1,2,E01011608
4288,20141315C1279,2014,1315C1279,1,1,2,2,54,8,3,0,0,2,0,0,9,1,-1,2014,1315C1279,422320.0,428928.0,-1.662955,53.756236,13,3,2,1,12/05/2014,2,17:20,204,E08000035,E08000035,4,6125,6,30.0,0,-1,-1,-1,0,0,1,1,1,0,0,1,2,2,E01011521
4289,20141315D0210,2014,1315D0210,1,1,1,2,57,9,3,0,0,0,0,0,9,1,-1,2014,1315D0210,438952.0,431558.0,-1.410377,53.778899,13,3,2,2,13/05/2014,3,07:34,204,E08000035,E08000035,3,642,6,50.0,3,4,6,0,0,0,1,1,1,0,0,2,1,2,E01011402
4290,20141315D0210,2014,1315D0210,2,2,1,2,46,8,3,0,0,0,0,0,9,1,-1,2014,1315D0210,438952.0,431558.0,-1.410377,53.778899,13,3,2,2,13/05/2014,3,07:34,204,E08000035,E08000035,3,642,6,50.0,3,4,6,0,0,0,1,1,1,0,0,2,1,2,E01011402
4291,20141315D0384,2014,1315D0384,1,1,2,1,70,10,3,0,0,1,0,0,9,1,-1,2014,1315D0384,428114.0,434514.0,-1.574572,53.806163,13,3,1,2,13/05/2014,3,09:50,204,E08000035,E08000035,6,0,6,30.0,6,2,6,0,2,5,1,1,1,0,2,1,1,2,E01011481
4292,20141315D0384,2014,1315D0384,1,2,1,2,35,6,3,0,0,0,0,0,9,1,-1,2014,1315D0384,428114.0,434514.0,-1.574572,53.806163,13,3,1,2,13/05/2014,3,09:50,204,E08000035,E08000035,6,0,6,30.0,6,2,6,0,2,5,1,1,1,0,2,1,1,2,E01011481
4293,20141315D0396,2014,1315D0396,1,1,1,1,45,7,3,0,0,0,0,0,8,1,-1,2014,1315D0396,429887.0,434259.0,-1.547674,53.803773,13,3,2,1,13/05/2014,3,09:53,204,E08000035,E08000035,6,0,6,30.0,0,-1,-1,-1,0,0,1,1,1,0,0,1,1,2,E01033008
4294,20141315D0701,2014,1315D0701,1,1,1,1,24,5,3,0,0,0,0,0,1,1,-1,2014,1315D0701,428750.0,432844.0,-1.56507,53.791119,13,3,2,1,07/05/2014,4,14:30,204,E08000035,E08000035,6,0,6,30.0,3,4,6,0,0,0,1,1,1,0,0,1,2,2,E01033013
4295,20141315D1484,2014,1315D1484,1,1,1,1,39,7,3,0,0,0,0,0,9,1,-1,2014,1315D1484,426644.0,433496.0,-1.596981,53.797091,13,3,4,3,13/05/2014,3,20:15,204,E08000035,E08000035,6,0,6,30.0,3,4,6,0,0,0,1,1,1,0,0,1,1,2,E01032607
4296,20141315D1484,2014,1315D1484,4,2,1,2,52,8,3,0,0,0,0,0,9,1,-1,2014,1315D1484,426644.0,433496.0,-1.596981,53.797091,13,3,4,3,13/05/2014,3,20:15,204,E08000035,E08000035,6,0,6,30.0,3,4,6,0,0,0,1,1,1,0,0,1,1,2,E01032607
4297,20141315D1484,2014,1315D1484,4,3,2,1,43,7,3,0,0,1,0,0,9,1,-1,2014,1315D1484,426644.0,433496.0,-1.596981,53.797091,13,3,4,3,13/05/2014,3,20:15,204,E08000035,E08000035,6,0,6,30.0,3,4,6,0,0,0,1,1,1,0,0,1,1,2,E01032607
4298,20141315E0164,2014,1315E0164,1,1,1,1,49,8,2,0,0,0,0,0,3,1,-1,2014,1315E0164,429859.0,428347.0,-1.54867,53.750638,13,2,1,1,14/05/2014,4,06:50,204,E08000035,E08000035,6,0,6,30.0,0,-1,-1,-1,0,0,1,1,1,0,0,1,1,2,E01032498
4299,20141315E0251,2014,1315E0251,1,1,1,1,29,6,3,0,0,0,0,0,9,1,-1,2014,1315E0251,424018.0,438467.0,-1.636461,53.841897,13,3,3,1,14/05/2014,4,08:23,204,E08000035,E08000035,6,0,6,30.0,9,4,6,0,0,0,1,1,1,0,0,1,1,2,E01011459
4300,20141315E0270,2014,1315E0270,2,1,1,1,35,6,3,0,0,0,0,0,1,1,-1,2014,1315E0270,432631.0,434927.0,-1.50594,53.809612,13,3,2,1,14/05/2014,4,08:40,204,E08000035,E08000035,6,0,6,30.0,3,4,6,0,0,0,1,1,1,0,0,1,2,2,E01011433
4301,20141315E0367,2014,1315E0367,2,1,1,1,48,8,3,0,0,0,0,0,9,1,-1,2014,1315E0367,429408.0,433933.0,-1.554978,53.80087,13,3,2,1,14/05/2014,4,09:50,204,E08000035,E08000035,2,58,7,40.0,5,4,2,58,0,0,1,1,1,0,0,1,1,2,E01011678
4302,20141315E0987,2014,1315E0987,2,1,1,1,27,6,3,0,0,0,0,0,1,1,-1,2014,1315E0987,428627.0,433392.0,-1.566886,53.796051,13,3,2,1,14/05/2014,4,14:20,204,E08000035,E08000035,6,0,6,30.0,0,-1,-1,-1,0,0,1,1,1,0,0,1,2,2,E01011363
4303,20141315E1011,2014,1315E1011,1,1,2,2,33,6,3,0,0,2,0,0,9,-1,-1,2014,1315E1011,428505.0,433061.0,-1.568768,53.793083,13,3,2,2,14/05/2014,4,15:35,204,E08000035,E08000035,6,0,1,30.0,1,4,6,0,0,0,1,1,1,0,0,1,1,2,E01011363
4304,20141315E1011,2014,1315E1011,2,2,2,2,18,4,3,0,0,0,4,0,11,1,-1,2014,1315E1011,428505.0,433061.0,-1.568768,53.793083,13,3,2,2,14/05/2014,4,15:35,204,E08000035,E08000035,6,0,1,30.0,1,4,6,0,0,0,1,1,1,0,0,1,1,2,E01011363
4305,20141315E1064,2014,1315E1064,1,1,2,2,59,9,3,0,0,0,3,0,11,1,-1,2014,1315E1064,430678.0,433542.0,-1.535735,53.797283,13,3,1,1,14/05/2014,4,13:50,204,E08000035,E08000035,6,0,9,20.0,0,-1,-1,-1,0,0,1,1,1,0,0,1,2,2,E01033011
4306,20141315E1210,2014,1315E1210,1,1,3,1,12,3,2,5,1,0,0,0,0,1,-1,2014,1315E1210,432333.0,434509.0,-1.510509,53.805874,13,2,1,1,13/05/2014,3,17:45,204,E08000035,E08000035,6,0,6,30.0,0,-1,-1,-1,0,0,1,1,2,0,0,1,1,2,E01011347
4307,20141315E1547,2014,1315E1547,1,1,1,1,36,7,1,0,0,0,0,0,4,1,-1,2014,1315E1547,431456.0,439242.0,-1.523343,53.848467,13,1,3,1,14/05/2014,4,19:20,204,E08000035,E08000035,6,0,2,30.0,0,-1,-1,-1,0,0,1,1,1,0,0,1,1,2,E01011509
4308,20141315E1667,2014,1315E1667,1,3,1,1,18,4,2,0,0,0,0,0,9,1,-1,2014,1315E1667,420619.0,441139.0,-1.687939,53.866058,13,2,2,5,14/05/2014,4,20:10,204,E08000035,E08000035,6,0,6,30.0,3,4,6,0,0,0,1,9,1,0,0,1,1,2,E01011269
4309,20141315E1667,2014,1315E1667,1,4,2,1,17,4,3,0,0,1,0,0,9,1,-1,2014,1315E1667,420619.0,441139.0,-1.687939,53.866058,13,2,2,5,14/05/2014,4,20:10,204,E08000035,E08000035,6,0,6,30.0,3,4,6,0,0,0,1,9,1,0,0,1,1,2,E01011269
4310,20141315E1667,2014,1315E1667,1,5,2,1,18,4,2,0,0,2,0,0,9,1,-1,2014,1315E1667,420619.0,441139.0,-1.687939,53.866058,13,2,2,5,14/05/2014,4,20:10,204,E08000035,E08000035,6,0,6,30.0,3,4,6,0,0,0,1,9,1,0,0,1,1,2,E01011269
4311,20141315E1667,2014,1315E1667,2,1,1,1,53,8,3,0,0,0,0,0,20,2,-1,2014,1315E1667,420619.0,441139.0,-1.687939,53.866058,13,2,2,5,14/05/2014,4,20:10,204,E08000035,E08000035,6,0,6,30.0,3,4,6,0,0,0,1,9,1,0,0,1,1,2,E01011269
4312,20141315E1667,2014,1315E1667,2,2,2,1,48,8,3,0,0,0,0,0,20,1,-1,2014,1315E1667,420619.0,441139.0,-1.687939,53.866058,13,2,2,5,14/05/2014,4,20:10,204,E08000035,E08000035,6,0,6,30.0,3,4,6,0,0,0,1,9,1,0,0,1,1,2,E01011269
4313,20141315F0227,2014,1315F0227,1,1,1,1,55,8,3,0,0,0,0,0,9,1,-1,2014,1315F0227,424893.0,427728.0,-1.624027,53.745334,13,3,3,2,15/05/2014,5,07:43,204,E08000035,E08000035,3,650,6,40.0,8,4,6,0,0,0,1,1,1,0,0,1,1,2,E01011530
4314,20141315F0227,2014,1315F0227,3,2,1,1,22,5,3,0,0,0,0,0,19,1,-1,2014,1315F0227,424893.0,427728.0,-1.624027,53.745334,13,3,3,2,15/05/2014,5,07:43,204,E08000035,E08000035,3,650,6,40.0,8,4,6,0,0,0,1,1,1,0,0,1,1,2,E01011530
4315,20141315F0489,2014,1315F0489,2,1,1,2,30,6,3,0,0,0,0,0,9,1,-1,2014,1315F0489,435845.0,425933.0,-1.458175,53.728565,13,3,2,1,15/05/2014,5,11:30,204,E08000035,E08000035,1,62,3,50.0,0,-1,-1,-1,0,0,1,1,1,0,0,2,1,1,E01011636
4316,20141315F0611,2014,1315F0611,2,1,1,1,30,6,3,0,0,0,0,0,1,1,-1,2014,1315F0611,433144.0,426327.0,-1.49907,53.732285,13,3,2,1,15/05/2014,5,08:30,204,E08000035,E08000035,3,61,6,40.0,6,4,6,0,0,8,1,1,1,0,0,1,2,2,E01011500
4317,20141315F0951,2014,1315F0951,2,1,1,1,28,6,3,0,0,0,0,0,1,1,-1,2014,1315F0951,436182.0,434463.0,-1.45207,53.805208,13,3,2,1,15/05/2014,5,15:10,204,E08000035,E08000035,3,6120,6,30.0,3,4,6,0,0,0,1,1,1,0,0,1,2,2,E01011408
4318,20141315F1030,2014,1315F1030,1,1,2,2,70,10,3,0,0,0,3,0,11,1,-1,2014,1315F1030,424559.0,435188.0,-1.6285,53.812401,13,3,1,1,15/05/2014,5,14:15,204,E08000035,E08000035,3,657,6,30.0,0,-1,-1,-1,0,0,1,1,1,0,0,1,2,2,E01011331
4319,20141315F1407,2014,1315F1407,2,1,1,1,51,8,2,0,0,0,0,0,1,1,-1,2014,1315F1407,442156.0,434450.0,-1.361364,53.804642,13,2,2,1,15/05/2014,5,18:40,204,E08000035,E08000035,3,656,1,40.0,1,4,3,642,0,0,1,1,1,0,0,2,1,2,E01011297
4320,20141315F1644,2014,1315F1644,2,1,1,1,44,7,3,0,0,0,0,0,1,1,-1,2014,1315F1644,423110.0,445522.0,-1.649731,53.905347,13,3,2,1,15/05/2014,5,20:30,204,E08000035,E08000035,3,659,6,50.0,0,-1,-1,-1,0,0,1,1,1,0,0,2,1,2,E01011570
4321,20141315G0488,2014,1315G0488,2,1,1,1,41,7,3,0,0,0,0,0,1,1,-1,2014,1315G0488,420084.0,445919.0,-1.695763,53.909041,13,3,2,1,16/05/2014,6,10:30,204,E08000035,E08000035,4,6451,6,30.0,0,-1,-1,-1,0,0,1,1,1,0,0,1,2,2,E01011584
4322,20141315G0911,2014,1315G0911,1,1,1,1,16,4,3,0,0,0,0,0,1,1,-1,2014,1315G0911,433935.0,434125.0,-1.486226,53.802321,13,3,2,1,16/05/2014,6,13:10,204,E08000035,E08000035,3,64,3,40.0,3,4,6,0,0,4,1,1,1,0,0,1,2,2,E01011346
4323,20141315G1472,2014,1315G1472,1,1,1,1,24,5,3,0,0,0,0,0,9,-1,-1,2014,1315G1472,433127.0,436120.0,-1.498279,53.820304,13,3,3,2,16/05/2014,6,18:40,204,E08000035,E08000035,3,58,3,40.0,6,4,6,0,0,0,1,1,1,0,0,1,1,2,E01011421
4324,20141315G1472,2014,1315G1472,3,2,2,1,4,1,3,0,0,2,0,0,9,-1,-1,2014,1315G1472,433127.0,436120.0,-1.498279,53.820304,13,3,3,2,16/05/2014,6,18:40,204,E08000035,E08000035,3,58,3,40.0,6,4,6,0,0,0,1,1,1,0,0,1,1,2,E01011421
4325,20141315G2096,2014,1315G2096,2,1,1,1,36,7,3,0,0,0,0,0,8,1,-1,2014,1315G2096,420520.0,441642.0,-1.689411,53.870583,13,3,2,3,16/05/2014,6,23:17,204,E08000035,E08000035,6,0,6,30.0,3,4,6,0,0,0,4,1,1,0,0,1,1,2,E01011268
4326,20141315G2096,2014,1315G2096,2,2,2,1,58,9,3,0,0,2,0,0,8,1,-1,2014,1315G2096,420520.0,441642.0,-1.689411,53.870583,13,3,2,3,16/05/2014,6,23:17,204,E08000035,E08000035,6,0,6,30.0,3,4,6,0,0,0,4,1,1,0,0,1,1,2,E01011268
4327,20141315G2096,2014,1315G2096,2,3,2,2,55,8,3,0,0,2,0,0,8,1,-1,2014,1315G2096,420520.0,441642.0,-1.689411,53.870583,13,3,2,3,16/05/2014,6,23:17,204,E08000035,E08000035,6,0,6,30.0,3,4,6,0,0,0,4,1,1,0,0,1,1,2,E01011268
4328,20141315H0289,2014,1315H0289,1,1,1,1,25,5,3,0,0,0,0,0,9,1,-1,2014,1315H0289,429763.0,430512.0,-1.549917,53.770102,13,3,1,1,17/05/2014,7,03:45,204,E08000035,E08000035,6,0,3,40.0,0,-1,-1,-1,0,0,4,1,1,0,0,1,1,2,E01011316
4329,20141315H0718,2014,1315H0718,2,1,1,1,20,4,3,0,0,0,0,0,9,1,-1,2014,1315H0718,426259.0,433461.0,-1.602829,53.796796,13,3,2,1,06/05/2014,3,19:30,204,E08000035,E08000035,6,0,6,30.0,3,4,6,0,0,0,1,9,1,0,0,1,2,2,E01032608
4330,20141315H0817,2014,1315H0817,1,1,1,2,29,6,3,0,0,0,0,0,9,1,-1,2014,1315H0817,427577.0,433716.0,-1.582797,53.79902,13,3,1,1,17/05/2014,7,12:40,204,E08000035,E08000035,3,647,3,30.0,3,4,6,0,0,8,1,1,1,0,0,1,1,2,E01011284
4331,20141315H1198,2014,1315H1198,2,1,1,2,44,7,3,0,0,0,0,0,9,1,-1,2014,1315H1198,431368.0,432375.0,-1.525378,53.786753,13,3,2,2,17/05/2014,7,15:10,204,E08000035,E08000035,3,61,3,30.0,5,2,3,63,0,0,1,1,1,0,0,1,2,2,E01011467
4332,20141315H1198,2014,1315H1198,2,2,2,1,8,2,3,0,0,2,0,0,9,1,-1,2014,1315H1198,431368.0,432375.0,-1.525378,53.786753,13,3,2,2,17/05/2014,7,15:10,204,E08000035,E08000035,3,61,3,30.0,5,2,3,63,0,0,1,1,1,0,0,1,2,2,E01011467
4333,20141315H1212,2014,1315H1212,1,1,1,2,35,6,3,0,0,0,0,0,9,1,-1,2014,1315H1212,434952.0,434672.0,-1.470723,53.80717,13,3,2,2,17/05/2014,7,16:20,204,E08000035,E08000035,3,64,2,40.0,0,-1,-1,-1,0,0,1,1,1,0,0,1,1,2,E01011343
4334,20141315H1212,2014,1315H1212,1,2,2,2,42,7,3,0,0,1,0,0,9,1,-1,2014,1315H1212,434952.0,434672.0,-1.470723,53.80717,13,3,2,2,17/05/2014,7,16:20,204,E08000035,E08000035,3,64,2,40.0,0,-1,-1,-1,0,0,1,1,1,0,0,1,1,2,E01011343
4335,20141315H1752,2014,1315H1752,1,1,1,1,19,4,3,0,0,0,0,0,3,1,-1,2014,1315H1752,444074.0,429194.0,-1.332991,53.757245,13,3,1,1,17/05/2014,7,20:25,204,E08000035,E08000035,6,0,6,30.0,0,-1,-1,-1,0,0,1,1,1,0,0,2,1,2,E01011299
4336,20141315H1907,2014,1315H1907,1,1,1,2,30,6,3,0,0,0,0,0,1,1,-1,2014,1315H1907,428368.0,435742.0,-1.570602,53.817187,13,3,2,1,17/05/2014,7,08:20,204,E08000035,E08000035,3,660,6,30.0,0,-1,-1,-1,0,0,1,1,1,0,0,1,2,2,E01032946
4337,20141315H2019,2014,1315H2019,1,1,1,2,18,4,3,0,0,0,0,0,9,1,-1,2014,1315H2019,422950.0,434117.0,-1.653015,53.802848,13,3,1,1,17/05/2014,7,22:30,204,E08000035,E08000035,3,647,3,70.0,0,-1,-1,-1,0,0,4,1,1,0,0,1,1,2,E01011610
4338,20141315I0732,2014,1315I0732,2,1,1,1,85,11,3,0,0,0,0,0,9,1,-1,2014,1315I0732,438952.0,431558.0,-1.410377,53.778899,13,3,2,3,18/05/2014,1,12:25,204,E08000035,E08000035,3,642,6,60.0,3,4,6,0,0,0,1,1,1,0,0,2,1,2,E01011402
4339,20141315I0732,2014,1315I0732,2,2,2,2,83,11,3,0,0,1,0,0,9,1,-1,2014,1315I0732,438952.0,431558.0,-1.410377,53.778899,13,3,2,3,18/05/2014,1,12:25,204,E08000035,E08000035,3,642,6,60.0,3,4,6,0,0,0,1,1,1,0,0,2,1,2,E01011402
4340,20141315I0732,2014,1315I0732,2,3,2,2,65,9,3,0,0,2,0,0,9,1,-1,2014,1315I0732,438952.0,431558.0,-1.410377,53.778899,13,3,2,3,18/05/2014,1,12:25,204,E08000035,E08000035,3,642,6,60.0,3,4,6,0,0,0,1,1,1,0,0,2,1,2,E01011402
4341,20141315I1828,2014,1315I1828,2,1,1,2,19,4,3,0,0,0,0,0,9,-1,-1,2014,1315I1828,431056.0,435505.0,-1.529799,53.814904,13,3,2,1,18/05/2014,1,21:15,204,E08000035,E08000035,6,0,6,30.0,6,4,6,0,0,0,1,1,1,0,0,1,2,2,E01011361
4342,20141315J0675,2014,1315J0675,1,1,1,2,40,7,3,0,0,0,0,0,9,1,-1,2014,1315J0675,431401.0,435024.0,-1.524608,53.81056,13,3,2,3,19/05/2014,2,12:17,204,E08000035,E08000035,6,0,6,30.0,6,2,6,0,0,5,1,1,1,0,0,1,1,2,E01011673
4343,20141315J0675,2014,1315J0675,2,2,1,1,26,6,3,0,0,0,0,0,9,1,-1,2014,1315J0675,431401.0,435024.0,-1.524608,53.81056,13,3,2,3,19/05/2014,2,12:17,204,E08000035,E08000035,6,0,6,30.0,6,2,6,0,0,5,1,1,1,0,0,1,1,2,E01011673
4344,20141315J0675,2014,1315J0675,2,3,2,1,19,4,3,0,0,1,0,0,9,1,-1,2014,1315J0675,431401.0,435024.0,-1.524608,53.81056,13,3,2,3,19/05/2014,2,12:17,204,E08000035,E08000035,6,0,6,30.0,6,2,6,0,0,5,1,1,1,0,0,1,1,2,E01011673
4345,20141315J0679,2014,1315J0679,1,1,2,2,80,11,3,0,0,0,3,0,11,1,-1,2014,1315J0679,427043.0,433100.0,-1.590958,53.793511,13,3,1,1,19/05/2014,2,11:05,204,E08000035,E08000035,4,6154,6,30.0,0,-1,-1,-1,0,0,1,1,1,0,0,1,1,2,E01011292
4346,20141315J0871,2014,1315J0871,1,1,3,2,55,8,3,5,4,0,0,0,0,1,-1,2014,1315J0871,430092.0,431329.0,-1.544847,53.777427,13,3,2,2,19/05/2014,2,13:50,204,E08000035,E08000035,3,653,6,30.0,0,-1,-1,-1,0,0,1,1,1,0,0,1,1,2,E01011371
4347,20141315J0871,2014,1315J0871,1,2,3,2,19,4,3,5,4,0,0,0,0,1,-1,2014,1315J0871,430092.0,431329.0,-1.544847,53.777427,13,3,2,2,19/05/2014,2,13:50,204,E08000035,E08000035,3,653,6,30.0,0,-1,-1,-1,0,0,1,1,1,0,0,1,1,2,E01011371
4348,20141315J1517,2014,1315J1517,1,1,3,2,35,6,2,6,9,0,0,0,0,-1,-1,2014,1315J1517,429788.0,430628.0,-1.549527,53.771144,13,2,2,2,19/05/2014,2,18:37,204,E08000035,E08000035,3,653,3,40.0,3,4,6,0,0,0,1,1,1,0,0,1,1,2,E01011322
4349,20141315J1517,2014,1315J1517,1,2,1,1,23,5,2,0,0,0,0,0,9,-1,-1,2014,1315J1517,429788.0,430628.0,-1.549527,53.771144,13,2,2,2,19/05/2014,2,18:37,204,E08000035,E08000035,3,653,3,40.0,3,4,6,0,0,0,1,1,1,0,0,1,1,2,E01011322
4350,20141315J1610,2014,1315J1610,1,1,1,1,22,5,2,0,0,0,0,0,4,1,-1,2014,1315J1610,430785.0,433345.0,-1.53413,53.795506,13,2,2,1,19/05/2014,2,19:15,204,E08000035,E08000035,6,0,6,30.0,9,2,6,0,0,0,1,1,1,0,0,1,1,2,E01033011
4351,20141315J1920,2014,1315J1920,1,1,3,1,8,2,3,6,9,0,0,0,0,1,-1,2014,1315J1920,431766.0,435530.0,-1.519013,53.815086,13,3,1,1,19/05/2014,2,20:30,204,E08000035,E08000035,3,58,6,30.0,0,-1,-1,-1,0,0,1,1,1,0,0,1,2,2,E01011429
4352,20141315K0794,2014,1315K0794,1,1,3,2,2,1,3,5,9,0,0,0,0,1,-1,2014,1315K0794,432443.0,438769.0,-1.50839,53.844155,13,3,1,1,20/05/2014,3,14:10,204,E08000035,E08000035,6,0,6,30.0,3,4,6,0,0,0,1,1,1,0,0,1,1,2,E01011653
4353,20141315K1144,2014,1315K1144,2,1,1,1,52,8,3,0,0,0,0,0,9,3,-1,2014,1315K1144,435040.0,425907.0,-1.470379,53.728386,13,3,2,1,20/05/2014,3,17:06,204,E08000035,E08000035,1,62,3,70.0,0,-1,-1,-1,0,0,1,1,1,0,0,2,1,1,E01011636
4354,20141315K1240,2014,1315K1240,1,1,1,2,7,2,3,0,0,0,0,0,1,1,-1,2014,1315K1240,431502.0,435096.0,-1.523067,53.811201,13,3,2,1,20/05/2014,3,17:55,204,E08000035,E08000035,6,0,6,30.0,3,4,6,0,0,0,1,1,1,0,0,1,1,2,E01011673
4355,20141315K1355,2014,1315K1355,1,1,1,1,33,6,3,0,0,0,0,0,9,1,-1,2014,1315K1355,431646.0,435322.0,-1.520857,53.813223,13,3,2,5,20/05/2014,3,18:55,204,E08000035,E08000035,3,58,6,30.0,3,4,6,0,0,0,1,1,1,0,0,1,1,2,E01011429
4356,20141315K1355,2014,1315K1355,1,2,2,2,38,7,3,0,0,1,0,0,9,1,-1,2014,1315K1355,431646.0,435322.0,-1.520857,53.813223,13,3,2,5,20/05/2014,3,18:55,204,E08000035,E08000035,3,58,6,30.0,3,4,6,0,0,0,1,1,1,0,0,1,1,2,E01011429
4357,20141315K1355,2014,1315K1355,2,3,1,1,30,6,3,0,0,0,0,0,9,1,-1,2014,1315K1355,431646.0,435322.0,-1.520857,53.813223,13,3,2,5,20/05/2014,3,18:55,204,E08000035,E08000035,3,58,6,30.0,3,4,6,0,0,0,1,1,1,0,0,1,1,2,E01011429
4358,20141315K1355,2014,1315K1355,2,4,2,1,32,6,3,0,0,1,0,0,9,1,-1,2014,1315K1355,431646.0,435322.0,-1.520857,53.813223,13,3,2,5,20/05/2014,3,18:55,204,E08000035,E08000035,3,58,6,30.0,3,4,6,0,0,0,1,1,1,0,0,1,1,2,E01011429