,accident_index,accident_year_x,accident_reference_x,vehicle_reference,casualty_reference,casualty_class,sex_of_casualty,age_of_casualty,age_band_of_casualty,casualty_severity,pedestrian_location,pedestrian_movement,car_passenger,bus_or_coach_passenger,pedestrian_road_maintenance_worker,casualty_type,casualty_home_area_type,casualty_imd_decile,accident_year_y,accident_reference_y,location_easting_osgr,location_northing_osgr,longitude,latitude,police_force,accident_severity,number_of_vehicles,number_of_casualties,date,day_of_week,time,local_authority_district,local_authority_ons_district,local_authority_highway,first_road_class,first_road_number,road_type,speed_limit,junction_detail,junction_control,second_road_class,second_road_number,pedestrian_crossing_human_control,pedestrian_crossing_physical_facilities,light_conditions,weather_conditions,road_surface_conditions,special_conditions_at_site,carriageway_hazards,urban_or_rural_area,did_police_officer_attend_scene_of_accident,trunk_road_flag,lsoa_of_accident_location
4534,20141316F1497,2014,1316F1497,1,6,2,1,21,5,3,0,0,1,0,0,9,1,-1,2014,1316F1497,437306.0,443650.0,-1.43389,53.887698,13,2,3,7,15/06/2014,1,18:31,204,E08000035,E08000035,5,0,6,60.0,0,-1,-1,-1,0,0,1,1,1,0,0,2,1,2,E01011713
4535,20141316F1497,2014,1316F1497,1,7,2,2,21,5,3,0,0,2,0,0,9,1,-1,2014,1316F1497,437306.0,443650.0,-1.43389,53.887698,13,2,3,7,15/06/2014,1,18:31,204,E08000035,E08000035,5,0,6,60.0,0,-1,-1,-1,0,0,1,1,1,0,0,2,1,2,E01011713
4536,20141316F1497,2014,1316F1497,3,1,1,1,57,9,3,0,0,0,0,0,9,1,-1,2014,1316F1497,437306.0,443650.0,-1.43389,53.887698,13,2,3,7,15/06/2014,1,18:31,204,E08000035,E08000035,5,0,6,60.0,0,-1,-1,-1,0,0,1,1,1,0,0,2,1,2,E01011713
4537,20141316F1497,2014,1316F1497,3,2,2,2,56,9,2,0,0,1,0,0,9,1,-1,2014,1316F1497,437306.0,443650.0,-1.43389,53.887698,13,2,3,7,15/06/2014,1,18:31,204,E08000035,E08000035,5,0,6,60.0,0,-1,-1,-1,0,0,1,1,1,0,0,2,1,2,E01011713
4538,20141316F1497,2014,1316F1497,3,3,2,2,28,6,3,0,0,2,0,0,9,1,-1,2014,1316F1497,437306.0,443650.0,-1.43389,53.887698,13,2,3,7,15/06/2014,1,18:31,204,E08000035,E08000035,5,0,6,60.0,0,-1,-1,-1,0,0,1,1,1,0,0,2,1,2,E01011713
4539,20141316F1497,2014,1316F1497,3,4,2,2,20,4,3,0,0,2,0,0,9,1,-1,2014,1316F1497,437306.0,443650.0,-1.43389,53.887698,13,2,3,7,15/06/2014,1,18:31,204,E08000035,E08000035,5,0,6,60.0,0,-1,-1,-1,0,0,1,1,1,0,0,2,1,2,E01011713
4540,20141316G0061,2014,1316G0061,1,1,1,1,23,5,3,0,0,0,0,0,9,1,-1,2014,1316G0061,438501.0,436386.0,-1.416618,53.822325,13,3,1,2,16/06/2014,2,01:05,204,E08000035,E08000035,6,0,6,40.0,0,-1,-1,-1,0,0,4,1,1,0,2,2,1,2,E01011719
4541,20141316G0061,2014,1316G0061,1,2,2,1,30,6,3,0,0,1,0,0,9,1,-1,2014,1316G0061,438501.0,436386.0,-1.416618,53.822325,13,3,1,2,16/06/2014,2,01:05,204,E08000035,E08000035,6,0,6,40.0,0,-1,-1,-1,0,0,4,1,1,0,2,2,1,2,E01011719
4542,20141316G1167,2014,1316G1167,2,1,1,1,42,7,2,0,0,0,0,0,90,1,-1,2014,1316G1167,421306.0,435630.0,-1.677873,53.816516,13,2,2,1,16/06/2014,2,16:43,204,E08000035,E08000035,3,6120,6,60.0,3,4,6,0,0,0,1,1,1,0,0,2,1,2,E01011588
4543,20141316G1296,2014,1316G1296,1,1,1,1,35,6,3,0,0,0,0,0,1,1,-1,2014,1316G1296,429739.0,425638.0,-1.550749,53.726297,13,3,2,1,22/06/2014,1,08:15,204,E08000035,E08000035,3,650,6,40.0,3,4,6,0,0,0,1,1,1,0,0,1,1,2,E01011538
4544,20141316G1305,2014,1316G1305,2,1,1,2,8,2,3,0,0,0,0,0,1,1,-1,2014,1316G1305,424676.0,434985.0,-1.626739,53.810571,13,3,2,1,16/06/2014,2,17:43,204,E08000035,E08000035,3,657,6,30.0,0,-1,-1,-1,0,4,1,1,1,0,0,1,1,2,E01011336
4545,20141316G1460,2014,1316G1460,1,1,1,1,45,7,3,0,0,0,0,0,1,1,-1,2014,1316G1460,425189.0,426029.0,-1.619677,53.73005,13,3,2,1,16/06/2014,2,19:05,204,E08000035,E08000035,6,0,6,40.0,0,-1,-1,-1,0,0,1,1,1,0,0,1,1,2,E01011546
4546,20141316H0305,2014,1316H0305,1,1,3,2,8,2,3,5,2,0,0,0,0,1,-1,2014,1316H0305,434902.0,435104.0,-1.471433,53.811056,13,3,1,2,17/06/2014,3,08:50,204,E08000035,E08000035,6,0,6,20.0,0,-1,-1,-1,0,0,1,1,1,0,0,1,1,2,E01011667
4547,20141316H0305,2014,1316H0305,1,2,3,1,5,1,3,5,2,0,0,0,0,1,-1,2014,1316H0305,434902.0,435104.0,-1.471433,53.811056,13,3,1,2,17/06/2014,3,08:50,204,E08000035,E08000035,6,0,6,20.0,0,-1,-1,-1,0,0,1,1,1,0,0,1,1,2,E01011667
4548,20141316H1029,2014,1316H1029,2,1,1,1,49,8,2,0,0,0,0,0,1,1,-1,2014,1316H1029,421715.0,440990.0,-1.671284,53.864675,13,2,2,1,17/06/2014,3,15:35,204,E08000035,E08000035,3,658,6,30.0,3,4,6,0,0,0,1,1,1,0,0,1,1,2,-1
4549,20141316H1573,2014,1316H1573,2,1,1,1,40,7,3,0,0,0,0,0,1,1,-1,2014,1316H1573,426862.0,441321.0,-1.59299,53.86741,13,3,2,1,17/06/2014,3,19:15,204,E08000035,E08000035,3,660,6,40.0,8,4,6,0,0,0,1,1,1,0,0,2,2,2,E01011381
4550,20141316H1777,2014,1316H1777,2,1,1,1,33,6,3,0,0,0,0,0,9,1,-1,2014,1316H1777,420095.0,433546.0,-1.696401,53.797833,13,3,2,1,17/06/2014,3,19:20,204,E08000035,E08000035,6,0,6,30.0,0,-1,-1,-1,0,0,1,1,2,0,0,1,2,2,E01011586
4551,20141316I0100,2014,1316I0100,2,1,1,1,38,7,3,0,0,0,0,0,9,1,-1,2014,1316I0100,414746.0,442831.0,-1.777167,53.881465,13,3,2,1,18/06/2014,4,02:01,204,E08000035,E08000035,6,0,6,60.0,0,-1,-1,-1,0,0,6,1,1,0,0,2,1,2,E01011270
4552,20141316I0229,2014,1316I0229,2,1,1,1,27,6,3,0,0,0,0,0,1,1,-1,2014,1316I0229,428779.0,433291.0,-1.564588,53.795135,13,3,2,1,18/06/2014,4,07:10,204,E08000035,E08000035,3,58,3,40.0,0,-1,-1,-1,0,0,1,1,1,0,0,1,2,2,E01011363
4553,20141316I0543,2014,1316I0543,1,1,2,1,30,6,3,0,0,2,0,0,9,1,-1,2014,1316I0543,431870.0,435014.0,-1.517487,53.810441,13,3,2,1,18/06/2014,4,11:20,204,E08000035,E08000035,6,0,6,30.0,3,4,6,0,0,0,1,1,1,0,0,1,1,2,E01011677
4554,20141316I0598,2014,1316I0598,3,1,1,1,26,6,3,0,0,0,0,0,9,1,-1,2014,1316I0598,432306.0,434548.0,-1.510915,53.806226,13,3,3,1,18/06/2014,4,11:40,204,E08000035,E08000035,6,0,6,30.0,3,4,6,0,0,0,1,9,2,0,0,1,2,2,E01011344
4555,20141316I1036,2014,1316I1036,2,1,1,1,37,7,3,0,0,0,0,0,1,1,-1,2014,1316I1036,429667.0,434906.0,-1.550952,53.809601,13,3,2,1,18/06/2014,4,15:45,204,E08000035,E08000035,6,0,6,30.0,3,4,6,0,0,0,1,1,1,0,0,1,1,2,E01033005
4556,20141316I1500,2014,1316I1500,2,1,1,1,37,7,3,0,0,0,0,0,5,1,-1,2014,1316I1500,429918.0,427974.0,-1.547811,53.747282,13,3,2,1,18/06/2014,4,18:50,204,E08000035,E08000035,6,0,1,30.0,2,4,6,0,0,0,1,1,1,0,0,1,1,2,E01011494
4557,20141316I1507,2014,1316I1507,1,1,3,1,13,3,3,3,1,0,0,0,0,1,-1,2014,1316I1507,429893.0,436615.0,-1.547355,53.824948,13,3,1,1,06/06/2014,6,08:30,204,E08000035,E08000035,6,0,6,30.0,0,-1,-1,-1,0,1,1,1,1,0,0,1,2,2,E01011355
4558,20141316I1528,2014,1316I1528,1,1,2,1,23,5,2,0,0,1,0,0,9,1,-1,2014,1316I1528,430556.0,431179.0,-1.537821,53.776052,13,2,1,2,18/06/2014,4,20:00,204,E08000035,E08000035,3,61,1,40.0,1,4,6,0,0,0,1,1,1,0,0,1,1,2,E01011468
4559,20141316I1528,2014,1316I1528,1,2,1,1,26,6,3,0,0,0,0,0,9,1,-1,2014,1316I1528,430556.0,431179.0,-1.537821,53.776052,13,2,1,2,18/06/2014,4,20:00,204,E08000035,E08000035,3,61,1,40.0,1,4,6,0,0,0,1,1,1,0,0,1,1,2,E01011468
4560,20141316J0341,2014,1316J0341,1,1,1,2,41,7,3,0,0,0,0,0,9,1,-1,2014,1316J0341,443470.0,438447.0,-1.340849,53.840458,13,3,4,2,19/06/2014,5,08:30,204,E08000035,E08000035,2,1,3,70.0,0,-1,-1,-1,0,0,1,1,1,0,0,2,1,1,E01011309
4561,20141316J0341,2014,1316J0341,2,2,1,1,24,5,3,0,0,0,0,0,9,1,-1,2014,1316J0341,443470.0,438447.0,-1.340849,53.840458,13,3,4,2,19/06/2014,5,08:30,204,E08000035,E08000035,2,1,3,70.0,0,-1,-1,-1,0,0,1,1,1,0,0,2,1,1,E01011309
4562,20141316J0383,2014,1316J0383,2,1,1,2,24,5,3,0,0,0,0,0,1,1,-1,2014,1316J0383,428199.0,435292.0,-1.57321,53.813151,13,3,2,1,19/06/2014,5,09:00,204,E08000035,E08000035,6,0,6,30.0,3,4,6,0,0,0,1,1,1,0,0,1,1,2,E01011446
4563,20141316J0483,2014,1316J0483,2,1,1,1,23,5,3,0,0,0,0,0,1,1,-1,2014,1316J0483,431171.0,433649.0,-1.52824,53.798215,13,3,2,1,19/06/2014,5,10:15,204,E08000035,E08000035,6,0,6,30.0,8,4,6,0,0,0,1,1,1,0,0,1,1,2,E01033021
4564,20141316J0597,2014,1316J0597,2,1,1,2,59,9,3,0,0,0,0,0,9,1,-1,2014,1316J0597,424347.0,438785.0,-1.631436,53.84474,13,3,2,2,19/06/2014,5,11:20,204,E08000035,E08000035,6,0,6,30.0,3,4,6,0,0,0,1,1,1,0,0,1,2,2,E01011459
4565,20141316J0597,2014,1316J0597,2,2,2,1,23,5,3,0,0,1,0,0,9,1,-1,2014,1316J0597,424347.0,438785.0,-1.631436,53.84474,13,3,2,2,19/06/2014,5,11:20,204,E08000035,E08000035,6,0,6,30.0,3,4,6,0,0,0,1,1,1,0,0,1,2,2,E01011459
4566,20141316J0926,2014,1316J0926,2,1,1,2,24,5,3,0,0,0,0,0,9,1,-1,2014,1316J0926,428506.0,431667.0,-1.568882,53.780554,13,3,2,2,19/06/2014,5,14:25,204,E08000035,E08000035,3,643,1,30.0,1,2,6,0,0,0,1,1,1,0,0,1,1,2,E01011366
4567,20141316J0926,2014,1316J0926,2,2,2,1,22,5,3,0,0,1,0,0,9,1,-1,2014,1316J0926,428506.0,431667.0,-1.568882,53.780554,13,3,2,2,19/06/2014,5,14:25,204,E08000035,E08000035,3,643,1,30.0,1,2,6,0,0,0,1,1,1,0,0,1,1,2,E01011366
4568,20141316J1117,2014,1316J1117,1,1,1,1,15,3,3,0,0,0,0,0,1,1,-1,2014,1316J1117,431639.0,437404.0,-1.52075,53.831936,13,3,2,1,19/06/2014,5,15:59,204,E08000035,E08000035,6,0,6,30.0,3,4,6,0,0,0,1,1,1,0,0,1,2,2,E01011641
4569,20141316J1356,2014,1316J1356,2,1,1,1,22,5,3,0,0,0,0,0,1,1,-1,2014,1316J1356,430854.0,435446.0,-1.532873,53.814385,13,3,2,1,19/06/2014,5,17:35,204,E08000035,E08000035,6,0,6,30.0,3,4,6,0,0,0,1,1,1,0,0,1,1,2,E01011361
4570,20141316J1367,2014,1316J1367,2,1,1,1,35,6,3,0,0,0,0,0,1,1,-1,2014,1316J1367,427833.0,430807.0,-1.579172,53.77286,13,3,2,1,19/06/2014,5,17:40,204,E08000035,E08000035,3,647,6,40.0,0,-1,-1,-1,0,0,1,1,1,0,0,1,2,2,E01011369
4571,20141316J1648,2014,1316J1648,1,1,1,1,19,4,3,0,0,0,0,0,3,1,-1,2014,1316J1648,421742.0,440783.0,-1.670888,53.862813,13,3,2,1,19/06/2014,5,20:00,204,E08000035,E08000035,6,0,6,30.0,0,-1,-1,-1,0,0,1,1,1,0,0,1,1,2,E01011580
4572,20141316K0365,2014,1316K0365,2,1,1,2,38,7,3,0,0,0,0,0,9,1,-1,2014,1316K0365,423844.0,434273.0,-1.639429,53.80421,13,3,2,3,20/06/2014,6,08:40,204,E08000035,E08000035,6,0,6,30.0,9,4,3,647,0,8,1,1,1,0,0,1,1,2,E01011608
4573,20141316K0365,2014,1316K0365,2,2,2,2,4,1,3,0,0,2,0,0,9,1,-1,2014,1316K0365,423844.0,434273.0,-1.639429,53.80421,13,3,2,3,20/06/2014,6,08:40,204,E08000035,E08000035,6,0,6,30.0,9,4,3,647,0,8,1,1,1,0,0,1,1,2,E01011608
4574,20141316K0365,2014,1316K0365,2,3,2,2,64,9,3,0,0,1,0,0,9,1,-1,2014,1316K0365,423844.0,434273.0,-1.639429,53.80421,13,3,2,3,20/06/2014,6,08:40,204,E08000035,E08000035,6,0,6,30.0,9,4,3,647,0,8,1,1,1,0,0,1,1,2,E01011608
4575,20141316K1126,2014,1316K1126,1,1,1,1,16,4,3,0,0,0,0,0,2,1,-1,2014,1316K1126,426590.0,428707.0,-1.598212,53.75405,13,3,2,1,20/06/2014,6,15:40,204,E08000035,E08000035,3,643,6,40.0,3,4,6,0,0,8,1,1,1,0,0,1,1,2,E01011531
4576,20141316K1381,2014,1316K1381,2,1,1,1,60,9,2,0,0,0,0,0,1,3,-1,2014,1316K1381,431343.0,435059.0,-1.525485,53.810878,13,2,2,1,20/06/2014,6,17:35,204,E08000035,E08000035,3,58,6,30.0,3,4,6,0,0,4,1,1,1,0,0,1,1,2,E01011429
4577,20141316K1402,2014,1316K1402,2,1,1,2,32,6,3,0,0,0,0,0,1,1,-1,2014,1316K1402,439322.0,432428.0,-1.404651,53.786691,13,3,2,1,20/06/2014,6,17:35,204,E08000035,E08000035,3,63,1,30.0,1,4,3,642,0,0,1,1,1,0,0,2,1,2,E01011402
4578,20141316K1653,2014,1316K1653,1,1,2,2,54,8,3,0,0,2,0,0,8,1,-1,2014,1316K1653,429804.0,433477.0,-1.54901,53.796749,13,3,1,1,20/06/2014,6,17:30,204,E08000035,E08000035,6,0,2,30.0,0,-1,-1,-1,0,0,1,1,1,0,0,1,2,2,E01033016
4579,20141316K1970,2014,1316K1970,1,1,1,1,29,6,2,0,0,0,0,0,3,1,-1,2014,1316K1970,423622.0,435523.0,-1.642704,53.815455,13,2,1,1,20/06/2014,6,22:10,204,E08000035,E08000035,6,0,9,30.0,0,-1,-1,-1,0,0,5,1,2,0,2,1,1,2,E01011330
4580,20141316L0376,2014,1316L0376,2,1,1,2,56,9,3,0,0,0,0,0,9,1,-1,2014,1316L0376,431447.0,431585.0,-1.52426,53.779648,13,3,2,4,21/06/2014,7,06:40,204,E08000035,E08000035,3,61,6,30.0,3,2,6,0,0,0,1,1,1,0,0,1,1,2,E01011468
4581,20141316L0376,2014,1316L0376,2,2,2,1,37,7,3,0,0,1,0,0,9,1,-1,2014,1316L0376,431447.0,431585.0,-1.52426,53.779648,13,3,2,4,21/06/2014,7,06:40,204,E08000035,E08000035,3,61,6,30.0,3,2,6,0,0,0,1,1,1,0,0,1,1,2,E01011468
4582,20141316L0376,2014,1316L0376,2,3,2,1,44,7,3,0,0,2,0,0,9,1,-1,2014,1316L0376,431447.0,431585.0,-1.52426,53.779648,13,3,2,4,21/06/2014,7,06:40,204,E08000035,E08000035,3,61,6,30.0,3,2,6,0,0,0,1,1,1,0,0,1,1,2,E01011468
4583,20141316L0376,2014,1316L0376,2,4,2,2,19,4,3,0,0,2,0,0,9,1,-1,2014,1316L0376,431447.0,431585.0,-1.52426,53.779648,13,3,2,4,21/06/2014,7,06:40,204,E08000035,E08000035,3,61,6,30.0,3,2,6,0,0,0,1,1,1,0,0,1,1,2,E01011468
4584,20141316L0776,2014,1316L0776,1,1,1,2,35,6,3,0,0,0,0,0,22,1,-1,2014,1316L0776,426101.0,428271.0,-1.605665,53.750156,13,3,1,1,21/06/2014,7,12:35,204,E08000035,E08000035,3,643,6,30.0,0,-1,-1,-1,0,0,1,1,1,0,0,1,1,2,E01011525
4585,20141316L1103,2014,1316L1103,1,1,1,1,26,6,3,0,0,0,0,0,9,1,-1,2014,1316L1103,428775.0,433800.0,-1.564601,53.79971,13,3,1,2,21/06/2014,7,15:34,204,E08000035,E08000035,3,65,3,30.0,0,-1,-1,-1,0,0,1,1,1,0,0,1,1,2,E01011678
4586,20141316L1103,2014,1316L1103,1,2,2,2,26,6,3,0,0,1,0,0,9,1,-1,2014,1316L1103,428775.0,433800.0,-1.564601,53.79971,13,3,1,2,21/06/2014,7,15:34,204,E08000035,E08000035,3,65,3,30.0,0,-1,-1,-1,0,0,1,1,1,0,0,1,1,2,E01011678
4587,20141316L1202,2014,1316L1202,1,1,1,1,26,6,3,0,0,0,0,0,9,1,-1,2014,1316L1202,444964.0,432021.0,-1.319082,53.782577,13,3,1,2,21/06/2014,7,20:50,204,E08000035,E08000035,2,1,3,70.0,0,-1,-1,-1,0,0,1,1,1,0,0,2,1,1,E01011299
4588,20141316L1202,2014,1316L1202,1,2,2,1,26,6,3,0,0,1,0,0,9,1,-1,2014,1316L1202,444964.0,432021.0,-1.319082,53.782577,13,3,1,2,21/06/2014,7,20:50,204,E08000035,E08000035,2,1,3,70.0,0,-1,-1,-1,0,0,1,1,1,0,0,2,1,1,E01011299
4589,20141316L1760,2014,1316L1760,1,1,1,2,25,5,3,0,0,0,0,0,9,1,-1,2014,1316L1760,434344.0,428716.0,-1.480616,53.753679,13,3,3,1,21/06/2014,7,21:06,204,E08000035,E08000035,6,0,6,30.0,3,4,6,0,0,0,4,1,1,0,0,1,1,2,E01011629
4590,20141316M0522,2014,1316M0522,1,1,1,1,46,8,2,0,0,0,0,0,5,-1,-1,2014,1316M0522,421464.0,442068.0,-1.675025,53.874374,13,2,1,1,22/06/2014,1,09:26,204,E08000035,E08000035,6,0,2,60.0,3,4,6,0,0,0,1,1,1,0,0,2,1,2,E01011264
4591,20141316M0684,2014,1316M0684,1,1,1,1,48,8,2,0,0,0,0,0,1,2,-1,2014,1316M0684,428920.0,444175.0,-1.561426,53.892951,13,2,1,1,22/06/2014,1,11:20,204,E08000035,E08000035,6,0,6,60.0,0,-1,-1,-1,0,0,1,1,1,5,0,2,1,2,E01011576
4592,20141316N0335,2014,1316N0335,1,1,1,2,29,6,3,0,0,0,0,0,9,1,-1,2014,1316N0335,422945.0,443102.0,-1.652423,53.883604,13,3,2,2,23/06/2014,2,08:50,204,E08000035,E08000035,3,658,6,40.0,6,2,6,0,0,0,1,1,1,0,0,2,1,2,E01032503
4593,20141316N0335,2014,1316N0335,2,2,1,1,50,8,3,0,0,0,0,0,9,1,-1,2014,1316N0335,422945.0,443102.0,-1.652423,53.883604,13,3,2,2,23/06/2014,2,08:50,204,E08000035,E08000035,3,658,6,40.0,6,2,6,0,0,0,1,1,1,0,0,2,1,2,E01032503
4594,20141316N0538,2014,1316N0538,1,1,1,2,32,6,3,0,0,0,0,0,9,1,-1,2014,1316N0538,425641.0,434241.0,-1.612146,53.803837,13,3,2,1,23/06/2014,2,10:45,204,E08000035,E08000035,3,647,3,40.0,6,2,6,0,0,5,1,1,1,0,0,1,1,2,E01011283
4595,20141316N1001,2014,1316N1001,2,1,1,1,23,5,3,0,0,0,0,0,9,1,-1,2014,1316N1001,426453.0,431721.0,-1.600032,53.781147,13,3,2,1,23/06/2014,2,15:00,204,E08000035,E08000035,3,58,6,40.0,0,-1,-1,-1,0,0,1,1,1,0,0,1,1,2,E01011734
4596,20141316N1103,2014,1316N1103,1,1,3,1,79,11,3,5,4,0,0,0,0,1,-1,2014,1316N1103,433032.0,436091.0,-1.499726,53.820049,13,3,1,1,23/06/2014,2,15:55,204,E08000035,E08000035,3,58,3,40.0,0,-1,-1,-1,0,0,1,1,1,0,0,1,1,2,E01011648
4597,20141316N1435,2014,1316N1435,2,1,1,2,33,6,3,0,0,0,0,0,9,1,-1,2014,1316N1435,422711.0,433540.0,-1.656686,53.797672,13,3,2,1,23/06/2014,2,18:29,204,E08000035,E08000035,6,0,6,30.0,0,-1,-1,-1,0,0,1,1,1,0,0,1,1,2,E01011610
4598,20141316O0806,2014,1316O0806,1,1,3,2,20,4,3,1,1,0,0,0,0,1,-1,2014,1316O0806,430403.0,433667.0,-1.539898,53.798422,13,3,1,1,24/06/2014,3,13:15,204,E08000035,E08000035,6,0,6,30.0,0,-1,-1,-1,0,4,1,1,1,0,0,1,1,2,E01033010
4599,20141316O0983,2014,1316O0983,1,1,3,1,13,3,2,1,2,0,0,0,0,1,-1,2014,1316O0983,420642.0,434367.0,-1.688042,53.805191,13,2,1,1,24/06/2014,3,14:52,204,E08000035,E08000035,3,647,6,40.0,0,-1,-1,-1,0,4,1,1,1,0,0,1,1,2,E01011595
4600,20141316O1003,2014,1316O1003,1,1,3,1,17,4,3,5,1,0,0,0,0,1,-1,2014,1316O1003,430743.0,438149.0,-1.534289,53.838686,13,3,1,1,24/06/2014,3,15:00,204,E08000035,E08000035,6,0,6,30.0,0,-1,-1,-1,0,0,1,1,1,0,0,1,1,2,E01011516
4601,20141316O1348,2014,1316O1348,2,1,2,2,26,6,3,0,0,1,0,0,9,1,-1,2014,1316O1348,428198.0,435026.0,-1.573249,53.810761,13,3,2,1,24/06/2014,3,17:55,204,E08000035,E08000035,6,0,6,20.0,6,4,6,0,0,0,1,1,1,0,0,1,1,2,E01011447
4602,20141316O1406,2014,1316O1406,2,1,1,1,40,7,3,0,0,0,0,0,1,1,-1,2014,1316O1406,427742.0,436438.0,-1.580048,53.823476,13,3,2,1,24/06/2014,3,18:27,204,E08000035,E08000035,3,660,6,30.0,6,2,6,0,0,5,1,1,1,0,0,1,1,2,E01011435
4603,20141316O1544,2014,1316O1544,2,1,1,2,40,7,3,0,0,0,0,0,9,-1,-1,2014,1316O1544,429107.0,436250.0,-1.55933,53.821712,13,3,2,1,24/06/2014,3,15:44,204,E08000035,E08000035,6,0,6,30.0,3,4,6,0,0,0,1,1,1,0,0,1,1,2,E01011450
4604,20141316P0315,2014,1316P0315,1,1,1,1,37,7,2,0,0,0,0,0,1,1,-1,2014,1316P0315,431068.0,430340.0,-1.530136,53.768481,13,2,2,1,24/06/2014,3,18:10,204,E08000035,E08000035,6,0,6,30.0,0,-1,-1,-1,0,1,1,9,2,0,0,1,2,2,E01011473
4605,20141316P0639,2014,1316P0639,1,1,2,2,5,1,3,0,0,2,0,0,9,1,-1,2014,1316P0639,428139.0,431163.0,-1.574497,53.776044,13,3,3,2,25/06/2014,4,12:30,204,E08000035,E08000035,3,647,6,30.0,0,-1,-1,-1,0,0,1,1,1,0,0,1,1,2,E01011369
4606,20141316P0639,2014,1316P0639,2,2,1,2,48,8,3,0,0,0,0,0,9,-1,-1,2014,1316P0639,428139.0,431163.0,-1.574497,53.776044,13,3,3,2,25/06/2014,4,12:30,204,E08000035,E08000035,3,647,6,30.0,0,-1,-1,-1,0,0,1,1,1,0,0,1,1,2,E01011369
4607,20141316P0761,2014,1316P0761,1,1,2,1,90,11,3,0,0,0,3,0,11,1,-1,2014,1316P0761,425538.0,434165.0,-1.613716,53.803159,13,3,1,1,25/06/2014,4,12:10,204,E08000035,E08000035,6,0,6,30.0,0,-1,-1,-1,0,0,1,1,1,0,0,1,2,2,E01032499
4608,20141316P1262,2014,1316P1262,1,1,1,1,29,6,3,0,0,0,0,0,1,1,-1,2014,1316P1262,443311.0,436325.0,-1.343563,53.821399,13,3,2,1,25/06/2014,4,17:10,204,E08000035,E08000035,6,0,6,30.0,8,4,6,0,0,0,1,1,1,0,0,2,1,2,E01011297
4609,20141316P1547,2014,1316P1547,2,1,1,1,35,6,3,0,0,0,0,0,1,1,-1,2014,1316P1547,431960.0,430731.0,-1.516563,53.771941,13,3,2,1,25/06/2014,4,17:35,204,E08000035,E08000035,3,639,6,30.0,6,4,3,639,0,0,1,1,1,0,0,1,2,2,E01011468
4610,20141316P1567,2014,1316P1567,1,1,2,1,22,5,3,0,0,0,4,0,11,-1,-1,2014,1316P1567,430032.0,433375.0,-1.545558,53.795819,13,3,1,1,25/06/2014,4,18:00,204,E08000035,E08000035,6,0,2,30.0,0,-1,-1,-1,0,0,1,1,1,0,6,1,2,2,E01033010
4611,20141316P1888,2014,1316P1888,1,1,2,1,15,3,3,0,0,2,0,0,9,1,-1,2014,1316P1888,435730.0,436943.0,-1.458646,53.827529,13,3,2,1,25/06/2014,4,22:45,204,E08000035,E08000035,3,6120,6,40.0,3,2,6,0,0,0,4,1,1,0,0,1,1,2,E01011720
4612,20141316Q0306,2014,1316Q0306,2,1,1,1,57,9,3,0,0,0,0,0,9,1,-1,2014,1316Q0306,424406.0,427816.0,-1.631404,53.746148,13,3,2,1,26/06/2014,5,08:35,204,E08000035,E08000035,1,62,3,70.0,0,-1,-1,-1,0,0,1,1,1,0,0,1,1,1,E01011523
4613,20141316Q0336,2014,1316Q0336,1,1,1,2,31,6,3,0,0,0,0,0,3,1,-1,2014,1316Q0336,427718.0,434713.0,-1.580567,53.807973,13,3,2,1,23/06/2014,2,17:00,204,E08000035,E08000035,6,0,6,30.0,0,-1,-1,-1,0,0,1,1,1,0,0,1,2,2,E01011483
4614,20141316Q0597,2014,1316Q0597,1,1,3,1,81,11,2,5,9,0,0,0,0,1,-1,2014,1316Q0597,426523.0,433392.0,-1.598827,53.796162,13,2,1,1,26/06/2014,5,11:40,204,E08000035,E08000035,6,0,6,30.0,0,-1,-1,-1,0,0,1,1,1,0,0,1,1,2,E01032607
4615,20141316Q0630,2014,1316Q0630,1,1,2,2,62,9,3,0,0,1,0,0,9,1,-1,2014,1316Q0630,422954.0,438036.0,-1.652663,53.838071,13,3,1,1,26/06/2014,5,12:06,204,E08000035,E08000035,6,0,6,30.0,0,-1,-1,-1,0,0,1,1,1,0,0,1,1,2,E01011461
4616,20141316Q0922,2014,1316Q0922,1,1,2,1,72,10,3,0,0,0,4,0,11,1,-1,2014,1316Q0922,422047.0,434278.0,-1.666714,53.804334,13,3,2,2,26/06/2014,5,14:15,204,E08000035,E08000035,4,6155,6,30.0,3,4,6,0,0,0,1,1,1,0,0,1,2,2,E01011587
4617,20141316Q0922,2014,1316Q0922,1,2,2,2,68,10,3,0,0,0,4,0,11,1,-1,2014,1316Q0922,422047.0,434278.0,-1.666714,53.804334,13,3,2,2,26/06/2014,5,14:15,204,E08000035,E08000035,4,6155,6,30.0,3,4,6,0,0,0,1,1,1,0,0,1,2,2,E01011587
4618,20141316Q1758,2014,1316Q1758,1,1,3,1,66,10,3,5,1,0,0,0,0,1,-1,2014,1316Q1758,422420.0,433529.0,-1.661105,53.797586,13,3,1,1,26/06/2014,5,21:40,204,E08000035,E08000035,6,0,6,30.0,0,-1,-1,-1,0,0,4,1,1,0,0,1,1,2,E01011612
4619,20141316R0181,2014,1316R0181,1,1,1,2,50,8,3,0,0,0,0,0,90,1,-1,2014,1316R0181,420015.0,435473.0,-1.697491,53.815156,13,3,1,1,27/06/2014,6,05:40,204,E08000035,E08000035,6,0,6,40.0,0,-1,-1,-1,0,0,1,1,1,0,0,2,1,2,E01011590
4620,20141316R0235,2014,1316R0235,1,1,2,2,35,6,3,0,0,1,0,0,9,1,-1,2014,1316R0235,424848.0,427545.0,-1.624724,53.743692,13,3,2,1,27/06/2014,6,07:43,204,E08000035,E08000035,3,643,6,30.0,6,4,3,650,0,0,1,1,1,0,0,1,1,2,E01011530