,accident_index,accident_year_x,accident_reference_x,vehicle_reference,casualty_reference,casualty_class,sex_of_casualty,age_of_casualty,age_band_of_casualty,casualty_severity,pedestrian_location,pedestrian_movement,car_passenger,bus_or_coach_passenger,pedestrian_road_maintenance_worker,casualty_type,casualty_home_area_type,casualty_imd_decile,accident_year_y,accident_reference_y,location_easting_osgr,location_northing_osgr,longitude,latitude,police_force,accident_severity,number_of_vehicles,number_of_casualties,date,day_of_week,time,local_authority_district,local_authority_ons_district,local_authority_highway,first_road_class,first_road_number,road_type,speed_limit,junction_detail,junction_control,second_road_class,second_road_number,pedestrian_crossing_human_control,pedestrian_crossing_physical_facilities,light_conditions,weather_conditions,road_surface_conditions,special_conditions_at_site,carriageway_hazards,urban_or_rural_area,did_police_officer_attend_scene_of_accident,trunk_road_flag,lsoa_of_accident_location
4795,20141317N0468,2014,1317N0468,1,1,2,2,70,10,3,0,0,0,1,0,11,-1,-1,2014,1317N0468,435672.0,436358.0,-1.459595,53.822275,13,3,1,1,23/07/2014,4,08:43,204,E08000035,E08000035,6,0,6,20.0,0,-1,-1,-1,0,0,1,1,1,0,0,1,2,2,E01011661
4796,20141317N0691,2014,1317N0691,1,1,1,1,23,5,3,0,0,0,0,0,9,1,-1,2014,1317N0691,436290.0,434141.0,-1.450468,53.802306,13,3,3,1,23/07/2014,4,12:43,204,E08000035,E08000035,6,0,6,30.0,0,-1,-1,-1,0,0,1,1,1,0,0,1,1,2,E01011414
4797,20141317N0976,2014,1317N0976,1,1,3,2,15,3,3,5,1,0,0,0,0,1,-1,2014,1317N0976,430846.0,433470.0,-1.533192,53.796626,13,3,1,1,23/07/2014,4,15:08,204,E08000035,E08000035,6,0,6,30.0,0,-1,-1,-1,0,0,1,1,1,0,0,1,1,2,E01033011
4798,20141317N1215,2014,1317N1215,2,1,1,1,20,4,2,0,0,0,0,0,3,1,-1,2014,1317N1215,430233.0,435116.0,-1.542337,53.811456,13,2,2,1,23/07/2014,4,17:00,204,E08000035,E08000035,6,0,6,30.0,3,4,6,0,0,4,1,1,1,0,0,1,1,2,E01011671
4799,20141317N1278,2014,1317N1278,1,1,1,2,22,5,3,0,0,0,0,0,9,1,-1,2014,1317N1278,433321.0,426414.0,-1.496378,53.733055,13,3,2,2,23/07/2014,4,17:30,204,E08000035,E08000035,6,0,6,30.0,0,-1,-1,-1,0,0,1,1,1,0,0,2,1,2,E01011500
4800,20141317N1278,2014,1317N1278,1,2,2,1,5,1,3,0,0,1,0,0,9,1,-1,2014,1317N1278,433321.0,426414.0,-1.496378,53.733055,13,3,2,2,23/07/2014,4,17:30,204,E08000035,E08000035,6,0,6,30.0,0,-1,-1,-1,0,0,1,1,1,0,0,2,1,2,E01011500
4801,20141317N1316,2014,1317N1316,2,1,1,1,30,6,3,0,0,0,0,0,1,1,-1,2014,1317N1316,428361.0,432505.0,-1.571005,53.788093,13,3,2,1,23/07/2014,4,17:50,204,E08000035,E08000035,3,62,1,30.0,1,4,3,58,0,0,1,1,1,0,0,1,1,2,E01011362
4802,20141317N1755,2014,1317N1755,1,1,1,2,23,5,2,0,0,0,0,0,9,-1,-1,2014,1317N1755,428618.0,436950.0,-1.566693,53.82803,13,2,3,3,23/07/2014,4,19:12,204,E08000035,E08000035,4,6157,6,30.0,3,4,6,0,0,4,1,1,1,0,0,1,1,2,E01011693
4803,20141317N1755,2014,1317N1755,1,2,2,2,22,5,3,0,0,1,0,0,9,1,-1,2014,1317N1755,428618.0,436950.0,-1.566693,53.82803,13,2,3,3,23/07/2014,4,19:12,204,E08000035,E08000035,4,6157,6,30.0,3,4,6,0,0,4,1,1,1,0,0,1,1,2,E01011693
4804,20141317N1755,2014,1317N1755,2,3,1,1,47,8,3,0,0,0,0,0,9,1,-1,2014,1317N1755,428618.0,436950.0,-1.566693,53.82803,13,2,3,3,23/07/2014,4,19:12,204,E08000035,E08000035,4,6157,6,30.0,3,4,6,0,0,4,1,1,1,0,0,1,1,2,E01011693
4805,20141317N1801,2014,1317N1801,2,1,1,1,41,7,2,0,0,0,0,0,5,1,-1,2014,1317N1801,441242.0,445218.0,-1.373798,53.901493,13,2,2,1,23/07/2014,4,21:55,204,E08000035,E08000035,6,0,6,60.0,0,-1,-1,-1,0,0,6,1,1,0,0,2,1,2,E01011707
4806,20141317O0301,2014,1317O0301,1,1,1,1,61,9,2,0,0,0,0,0,9,1,-1,2014,1317O0301,425072.0,427742.0,-1.621312,53.745452,13,2,2,1,24/07/2014,5,07:35,204,E08000035,E08000035,3,643,6,30.0,3,4,6,0,0,0,1,1,1,0,0,1,1,2,E01011530
4807,20141317O0627,2014,1317O0627,1,1,1,1,35,6,3,0,0,0,0,0,1,3,-1,2014,1317O0627,430415.0,432791.0,-1.539802,53.790548,13,3,2,1,24/07/2014,5,10:20,204,E08000035,E08000035,3,61,6,30.0,3,2,3,653,0,5,1,1,1,0,0,1,2,2,E01033016
4808,20141317O1143,2014,1317O1143,2,1,1,2,31,6,3,0,0,0,0,0,9,1,-1,2014,1317O1143,430812.0,433798.0,-1.533675,53.799576,13,3,3,1,24/07/2014,5,16:34,204,E08000035,E08000035,3,64,3,40.0,5,4,6,0,0,0,1,1,1,0,0,1,1,2,E01033011
4809,20141317O1155,2014,1317O1155,1,1,2,1,22,5,3,0,0,0,4,0,11,1,-1,2014,1317O1155,430957.0,435789.0,-1.531274,53.817462,13,3,1,1,19/07/2014,7,16:25,204,E08000035,E08000035,6,0,6,30.0,3,4,6,0,0,0,1,1,1,0,0,1,2,2,E01011360
4810,20141317O1214,2014,1317O1214,1,1,3,2,17,4,2,5,1,0,0,0,0,1,-1,2014,1317O1214,428540.0,431402.0,-1.56839,53.77817,13,2,1,1,24/07/2014,5,17:10,204,E08000035,E08000035,3,643,6,30.0,3,4,6,0,0,0,1,1,1,0,0,1,1,2,E01011369
4811,20141317O1333,2014,1317O1333,1,1,2,2,23,5,3,0,0,1,0,0,9,1,-1,2014,1317O1333,423911.0,428209.0,-1.63888,53.749703,13,3,2,1,24/07/2014,5,17:55,204,E08000035,E08000035,3,650,6,30.0,0,-1,-1,-1,0,0,1,1,1,0,0,1,1,2,-1
4812,20141317O1361,2014,1317O1361,1,1,1,1,29,6,2,0,0,0,0,0,9,1,-1,2014,1317O1361,428140.0,435853.0,-1.574055,53.818197,13,2,2,1,24/07/2014,5,18:10,204,E08000035,E08000035,3,660,6,30.0,3,4,6,0,0,0,1,1,1,0,0,1,1,2,E01032946
4813,20141317P0611,2014,1317P0611,2,1,1,2,81,11,3,0,0,0,0,0,22,-1,-1,2014,1317P0611,426580.0,427699.0,-1.59845,53.744991,13,3,2,1,25/07/2014,6,10:40,204,E08000035,E08000035,6,0,2,30.0,6,4,6,0,0,0,1,1,1,0,0,1,1,2,E01032492
4814,20141317P1286,2014,1317P1286,2,1,1,1,39,7,3,0,0,0,0,0,1,1,-1,2014,1317P1286,427004.0,434860.0,-1.591396,53.809332,13,3,2,1,25/07/2014,6,16:10,204,E08000035,E08000035,3,65,6,30.0,8,4,6,0,0,0,1,1,1,0,0,1,1,2,E01011482
4815,20141317P1492,2014,1317P1492,1,1,2,2,63,9,2,0,0,2,0,0,8,1,-1,2014,1317P1492,423717.0,437981.0,-1.641073,53.837543,13,2,1,1,25/07/2014,6,13:15,204,E08000035,E08000035,6,0,6,30.0,0,-1,-1,-1,0,0,1,1,1,0,0,1,2,2,E01011459
4816,20141317P1668,2014,1317P1668,1,1,1,2,23,5,3,0,0,0,0,0,9,-1,-1,2014,1317P1668,431976.0,427764.0,-1.516627,53.745273,13,3,3,6,25/07/2014,6,19:15,204,E08000035,E08000035,1,1,3,70.0,0,-1,-1,-1,0,0,1,1,1,0,0,2,1,1,E01011490
4817,20141317P1668,2014,1317P1668,2,2,1,1,18,4,3,0,0,0,0,0,9,1,-1,2014,1317P1668,431976.0,427764.0,-1.516627,53.745273,13,3,3,6,25/07/2014,6,19:15,204,E08000035,E08000035,1,1,3,70.0,0,-1,-1,-1,0,0,1,1,1,0,0,2,1,1,E01011490
4818,20141317P1668,2014,1317P1668,2,3,2,2,16,4,3,0,0,1,0,0,9,1,-1,2014,1317P1668,431976.0,427764.0,-1.516627,53.745273,13,3,3,6,25/07/2014,6,19:15,204,E08000035,E08000035,1,1,3,70.0,0,-1,-1,-1,0,0,1,1,1,0,0,2,1,1,E01011490
4819,20141317P1668,2014,1317P1668,2,4,2,2,37,7,3,0,0,2,0,0,9,1,-1,2014,1317P1668,431976.0,427764.0,-1.516627,53.745273,13,3,3,6,25/07/2014,6,19:15,204,E08000035,E08000035,1,1,3,70.0,0,-1,-1,-1,0,0,1,1,1,0,0,2,1,1,E01011490
4820,20141317P1668,2014,1317P1668,2,5,2,2,14,3,3,0,0,2,0,0,9,1,-1,2014,1317P1668,431976.0,427764.0,-1.516627,53.745273,13,3,3,6,25/07/2014,6,19:15,204,E08000035,E08000035,1,1,3,70.0,0,-1,-1,-1,0,0,1,1,1,0,0,2,1,1,E01011490
4821,20141317P1668,2014,1317P1668,2,6,2,2,32,6,3,0,0,2,0,0,9,1,-1,2014,1317P1668,431976.0,427764.0,-1.516627,53.745273,13,3,3,6,25/07/2014,6,19:15,204,E08000035,E08000035,1,1,3,70.0,0,-1,-1,-1,0,0,1,1,1,0,0,2,1,1,E01011490
4822,20141317P1864,2014,1317P1864,2,1,1,2,22,5,3,0,0,0,0,0,9,1,-1,2014,1317P1864,443109.0,433214.0,-1.347066,53.793456,13,3,2,1,25/07/2014,6,20:45,204,E08000035,E08000035,3,656,6,60.0,3,4,6,0,0,0,1,1,1,0,0,2,1,2,E01011298
4823,20141317Q0379,2014,1317Q0379,1,1,2,2,22,5,3,0,0,1,0,0,9,1,-1,2014,1317Q0379,420962.0,440995.0,-1.682733,53.86475,13,3,1,1,26/07/2014,7,03:45,204,E08000035,E08000035,6,0,6,30.0,0,-1,-1,-1,0,0,4,1,1,0,0,1,1,2,E01011276
4824,20141317Q0852,2014,1317Q0852,2,1,2,2,22,5,3,0,0,1,0,0,9,1,-1,2014,1317Q0852,422895.0,437525.0,-1.653598,53.833481,13,3,2,1,26/07/2014,7,12:08,204,E08000035,E08000035,3,6120,6,60.0,0,-1,-1,-1,0,0,1,1,1,0,0,2,1,2,E01011452
4825,20141317Q1362,2014,1317Q1362,1,1,3,2,25,5,2,5,2,0,0,0,0,1,-1,2014,1317Q1362,419836.0,437055.0,-1.700109,53.829382,13,2,1,1,26/07/2014,7,16:50,204,E08000035,E08000035,3,657,6,40.0,0,-1,-1,-1,0,0,1,1,1,0,0,2,1,2,E01011590
4826,20141317Q1448,2014,1317Q1448,2,1,2,1,27,6,3,0,0,1,0,0,9,1,-1,2014,1317Q1448,429647.0,434311.0,-1.551313,53.804254,13,3,4,1,26/07/2014,7,17:50,204,E08000035,E08000035,2,58,3,40.0,0,-1,-1,-1,0,0,1,1,1,0,0,1,1,2,E01033008
4827,20141317R0117,2014,1317R0117,1,1,1,1,22,5,3,0,0,0,0,0,9,-1,-1,2014,1317R0117,433213.0,439177.0,-1.496644,53.847774,13,3,1,1,27/07/2014,1,00:54,204,E08000035,E08000035,3,6120,6,60.0,0,-1,-1,-1,0,0,5,2,2,0,0,2,1,2,E01011650
4828,20141317R0120,2014,1317R0120,1,1,3,1,29,6,2,1,1,0,0,0,0,1,-1,2014,1317R0120,430881.0,433361.0,-1.532671,53.795644,13,2,1,1,27/07/2014,1,00:54,204,E08000035,E08000035,3,61,3,30.0,6,2,6,0,0,5,4,2,2,0,0,1,1,2,E01033033
4829,20141317R1441,2014,1317R1441,2,1,1,2,81,11,3,0,0,0,0,0,9,1,-1,2014,1317R1441,426123.0,439162.0,-1.604411,53.848043,13,2,4,4,27/07/2014,1,18:53,204,E08000035,E08000035,6,0,3,30.0,3,4,6,0,0,0,1,1,1,0,0,1,1,2,E01011695
4830,20141317R1441,2014,1317R1441,2,2,2,2,85,11,2,0,0,1,0,0,9,1,-1,2014,1317R1441,426123.0,439162.0,-1.604411,53.848043,13,2,4,4,27/07/2014,1,18:53,204,E08000035,E08000035,6,0,3,30.0,3,4,6,0,0,0,1,1,1,0,0,1,1,2,E01011695
4831,20141317R1441,2014,1317R1441,2,3,2,2,93,11,3,0,0,2,0,0,9,1,-1,2014,1317R1441,426123.0,439162.0,-1.604411,53.848043,13,2,4,4,27/07/2014,1,18:53,204,E08000035,E08000035,6,0,3,30.0,3,4,6,0,0,0,1,1,1,0,0,1,1,2,E01011695
4832,20141317R1441,2014,1317R1441,2,4,2,2,81,11,3,0,0,2,0,0,9,1,-1,2014,1317R1441,426123.0,439162.0,-1.604411,53.848043,13,2,4,4,27/07/2014,1,18:53,204,E08000035,E08000035,6,0,3,30.0,3,4,6,0,0,0,1,1,1,0,0,1,1,2,E01011695
4833,20141317R1755,2014,1317R1755,1,1,1,1,24,5,1,0,0,0,0,0,9,1,-1,2014,1317R1755,436225.0,427792.0,-1.452198,53.745248,13,1,1,3,27/07/2014,1,21:34,204,E08000035,E08000035,3,639,6,50.0,0,-1,-1,-1,0,0,4,1,1,0,0,2,1,2,E01011635
4834,20141317R1755,2014,1317R1755,1,2,2,1,25,5,1,0,0,1,0,0,9,1,-1,2014,1317R1755,436225.0,427792.0,-1.452198,53.745248,13,1,1,3,27/07/2014,1,21:34,204,E08000035,E08000035,3,639,6,50.0,0,-1,-1,-1,0,0,4,1,1,0,0,2,1,2,E01011635
4835,20141317R1755,2014,1317R1755,1,3,2,1,27,6,3,0,0,2,0,0,9,1,-1,2014,1317R1755,436225.0,427792.0,-1.452198,53.745248,13,1,1,3,27/07/2014,1,21:34,204,E08000035,E08000035,3,639,6,50.0,0,-1,-1,-1,0,0,4,1,1,0,0,2,1,2,E01011635
4836,20141317S1755,2014,1317S1755,1,1,1,1,64,9,3,0,0,0,0,0,9,1,-1,2014,1317S1755,426054.0,438957.0,-1.605477,53.846203,13,3,1,1,28/07/2014,2,21:16,204,E08000035,E08000035,6,0,6,30.0,0,-1,-1,-1,0,0,4,1,1,0,0,1,1,2,E01011695
4837,20141317T0334,2014,1317T0334,1,1,1,1,37,7,2,0,0,0,0,0,1,1,-1,2014,1317T0334,427051.0,429430.0,-1.591157,53.760525,13,2,2,1,29/07/2014,3,07:45,204,E08000035,E08000035,3,643,6,30.0,0,-1,-1,-1,0,0,1,1,1,0,0,1,1,2,E01011524
4838,20141317T0552,2014,1317T0552,1,1,3,2,61,9,3,5,4,0,0,0,0,1,-1,2014,1317T0552,427197.0,433523.0,-1.588583,53.797305,13,3,1,1,29/07/2014,3,10:50,204,E08000035,E08000035,6,0,2,30.0,3,4,6,0,0,0,1,1,1,0,0,1,1,2,E01011293
4839,20141317T0672,2014,1317T0672,1,1,3,2,72,10,3,5,1,0,0,0,0,1,-1,2014,1317T0672,432342.0,434724.0,-1.51035,53.807806,13,3,1,1,29/07/2014,3,12:05,204,E08000035,E08000035,6,0,6,20.0,3,4,6,0,0,0,1,1,1,0,0,1,1,2,E01011344
4840,20141317T0877,2014,1317T0877,2,1,1,1,38,7,3,0,0,0,0,0,9,1,-1,2014,1317T0877,429834.0,434409.0,-1.548464,53.805124,13,3,2,1,29/07/2014,3,14:13,204,E08000035,E08000035,2,58,3,40.0,5,4,3,660,0,0,1,1,1,0,0,1,1,2,E01033005
4841,20141317T1188,2014,1317T1188,1,1,1,1,22,5,3,0,0,0,0,0,9,1,-1,2014,1317T1188,431878.0,435478.0,-1.517318,53.814611,13,3,2,1,29/07/2014,3,16:52,204,E08000035,E08000035,6,0,6,30.0,6,4,6,0,0,0,1,1,1,0,0,1,1,2,E01011429
4842,20141317T1202,2014,1317T1202,1,1,1,2,41,7,3,0,0,0,0,0,9,1,-1,2014,1317T1202,430422.0,433964.0,-1.53958,53.801091,13,3,2,1,29/07/2014,3,17:00,204,E08000035,E08000035,6,0,3,30.0,9,2,6,0,0,0,1,1,1,0,0,1,1,2,E01033010
4843,20141317T1370,2014,1317T1370,2,1,1,1,41,7,3,0,0,0,0,0,5,1,-1,2014,1317T1370,426347.0,437795.0,-1.601123,53.835745,13,3,2,1,29/07/2014,3,18:20,204,E08000035,E08000035,6,0,6,30.0,3,4,6,0,0,0,1,1,1,0,0,1,1,2,E01011687
4844,20141317T1602,2014,1317T1602,1,1,2,2,73,10,2,0,0,0,1,0,11,1,-1,2014,1317T1602,429935.0,433609.0,-1.547008,53.797928,13,2,1,1,29/07/2014,3,16:57,204,E08000035,E08000035,6,0,6,30.0,0,-1,-1,-1,0,0,1,1,1,0,0,1,2,2,E01033010
4845,20141317U0796,2014,1317U0796,2,1,1,2,27,6,3,0,0,0,0,0,9,-1,-1,2014,1317U0796,430942.0,433310.0,-1.53175,53.795182,13,3,5,1,30/07/2014,4,13:45,204,E08000035,E08000035,6,0,6,30.0,6,2,6,0,0,5,1,1,1,0,0,1,1,2,E01033033
4846,20141317U1007,2014,1317U1007,2,1,2,2,78,11,3,0,0,0,3,0,11,-1,-1,2014,1317U1007,427178.0,435267.0,-1.588718,53.812981,13,3,2,1,30/07/2014,4,15:41,204,E08000035,E08000035,6,0,6,30.0,0,-1,-1,-1,0,0,1,1,1,0,0,1,2,2,E01011480
4847,20141317U1019,2014,1317U1019,2,1,1,1,21,5,3,0,0,0,0,0,9,1,-1,2014,1317U1019,427435.0,432841.0,-1.58503,53.791163,13,3,3,1,30/07/2014,4,15:45,204,E08000035,E08000035,6,0,6,30.0,3,4,6,0,0,0,1,1,1,0,0,1,1,2,E01011362
4848,20141317U1105,2014,1317U1105,2,1,1,1,19,4,3,0,0,0,0,0,9,3,-1,2014,1317U1105,429456.0,434905.0,-1.554157,53.809604,13,3,2,1,30/07/2014,4,16:34,204,E08000035,E08000035,3,660,6,30.0,3,4,6,0,0,0,1,1,1,0,0,1,1,2,E01033006
4849,20141317U1575,2014,1317U1575,2,1,1,1,17,4,3,0,0,0,0,0,3,1,-1,2014,1317U1575,424017.0,437717.0,-1.636534,53.835156,13,3,2,1,30/07/2014,4,20:17,204,E08000035,E08000035,3,6120,6,40.0,6,4,6,0,0,0,1,1,1,0,0,1,1,2,E01011462
4850,20141317V0368,2014,1317V0368,2,1,1,1,41,7,2,0,0,0,0,0,1,1,-1,2014,1317V0368,424525.0,437059.0,-1.628868,53.829219,13,2,2,1,31/07/2014,5,09:05,204,E08000035,E08000035,3,65,6,40.0,3,4,6,0,0,0,1,1,1,0,0,1,1,2,E01011453
4851,20141317V0436,2014,1317V0436,1,1,3,1,42,7,3,10,9,0,0,0,0,1,-1,2014,1317V0436,439873.0,449526.0,-1.394072,53.940318,13,3,1,1,31/07/2014,5,09:50,204,E08000035,E08000035,6,0,6,30.0,3,4,6,0,0,0,1,1,1,0,0,1,2,2,E01011699
4852,20141317V1027,2014,1317V1027,1,1,1,1,43,7,3,0,0,0,0,0,9,1,-1,2014,1317V1027,427144.0,433521.0,-1.589388,53.79729,13,3,2,1,31/07/2014,5,15:55,204,E08000035,E08000035,6,0,6,30.0,3,4,6,0,0,0,1,1,1,0,0,1,1,2,E01011293
4853,2014131810351,2014,131810351,2,1,1,1,40,7,3,0,0,0,0,0,9,1,-1,2014,131810351,432381.0,437413.0,-1.509475,53.831972,13,3,2,1,01/08/2014,6,08:50,204,E08000035,E08000035,6,0,6,30.0,6,4,6,0,0,0,1,1,1,0,0,1,1,2,E01011641
4854,2014131811185,2014,131811185,1,1,1,1,56,9,3,0,0,0,0,0,4,-1,-1,2014,131811185,433448.0,434055.0,-1.493627,53.801723,13,3,1,1,01/08/2014,6,17:00,204,E08000035,E08000035,3,64,3,40.0,6,2,6,0,0,5,1,1,1,0,0,1,1,2,E01011346
4855,2014131811255,2014,131811255,1,1,1,1,41,7,3,0,0,0,0,0,9,1,-1,2014,131811255,434875.0,435130.0,-1.47184,53.811292,13,3,2,1,01/08/2014,6,17:30,204,E08000035,E08000035,6,0,6,30.0,3,4,6,0,0,0,1,1,1,0,0,1,2,2,E01011667
4856,2014131811400,2014,131811400,2,1,2,2,36,7,3,0,0,1,0,0,9,-1,-1,2014,131811400,427817.0,430603.0,-1.579433,53.771028,13,3,2,2,01/08/2014,6,19:00,204,E08000035,E08000035,3,6110,3,40.0,3,4,6,0,0,0,1,1,2,0,0,1,1,2,E01011318
4857,2014131811400,2014,131811400,2,2,1,1,38,7,3,0,0,0,0,0,9,-1,-1,2014,131811400,427817.0,430603.0,-1.579433,53.771028,13,3,2,2,01/08/2014,6,19:00,204,E08000035,E08000035,3,6110,3,40.0,3,4,6,0,0,0,1,1,2,0,0,1,1,2,E01011318
4858,2014131811677,2014,131811677,1,1,1,1,62,9,3,0,0,0,0,0,9,1,-1,2014,131811677,435683.0,434490.0,-1.459644,53.805485,13,3,2,4,01/08/2014,6,22:00,204,E08000035,E08000035,6,0,3,40.0,6,4,6,0,0,4,4,1,2,0,0,1,1,2,E01011345
4859,2014131811677,2014,131811677,2,2,1,1,18,4,3,0,0,0,0,0,9,1,-1,2014,131811677,435683.0,434490.0,-1.459644,53.805485,13,3,2,4,01/08/2014,6,22:00,204,E08000035,E08000035,6,0,3,40.0,6,4,6,0,0,4,4,1,2,0,0,1,1,2,E01011345
4860,2014131811677,2014,131811677,2,3,2,2,20,4,3,0,0,1,0,0,9,1,-1,2014,131811677,435683.0,434490.0,-1.459644,53.805485,13,3,2,4,01/08/2014,6,22:00,204,E08000035,E08000035,6,0,3,40.0,6,4,6,0,0,4,4,1,2,0,0,1,1,2,E01011345
4861,2014131811677,2014,131811677,2,4,2,1,18,4,3,0,0,2,0,0,9,1,-1,2014,131811677,435683.0,434490.0,-1.459644,53.805485,13,3,2,4,01/08/2014,6,22:00,204,E08000035,E08000035,6,0,3,40.0,6,4,6,0,0,4,4,1,2,0,0,1,1,2,E01011345
4862,2014131811797,2014,131811797,1,1,1,2,28,6,1,0,0,0,0,0,9,1,-1,2014,131811797,422583.0,427879.0,-1.659042,53.746796,13,1,2,2,01/08/2014,6,23:15,204,E08000035,E08000035,3,650,6,60.0,0,-1,-1,-1,0,0,4,1,2,0,0,1,1,2,E01011527
4863,2014131811797,2014,131811797,2,2,1,1,63,9,2,0,0,0,0,0,19,1,-1,2014,131811797,422583.0,427879.0,-1.659042,53.746796,13,1,2,2,01/08/2014,6,23:15,204,E08000035,E08000035,3,650,6,60.0,0,-1,-1,-1,0,0,4,1,2,0,0,1,1,2,E01011527
4864,2014131820288,2014,131820288,1,1,2,2,22,5,3,0,0,1,0,0,9,1,-1,2014,131820288,423606.0,435483.0,-1.64295,53.815096,13,3,2,1,02/08/2014,7,04:00,204,E08000035,E08000035,4,6157,6,40.0,0,-1,-1,-1,0,0,4,1,2,0,0,1,1,2,E01011329
4865,2014131820425,2014,131820425,1,1,1,2,22,5,3,0,0,0,0,0,9,1,-1,2014,131820425,429313.0,423384.0,-1.557418,53.706062,13,3,1,1,02/08/2014,7,08:00,204,E08000035,E08000035,6,0,6,60.0,0,-1,-1,-1,0,0,1,1,2,0,0,2,1,2,E01011536
4866,2014131820538,2014,131820538,1,1,2,2,57,9,2,0,0,0,4,0,11,1,-1,2014,131820538,431352.0,433947.0,-1.525462,53.800883,13,2,2,1,02/08/2014,7,09:40,204,E08000035,E08000035,6,0,6,30.0,0,-1,-1,-1,0,4,1,1,1,0,0,1,1,2,E01033031
4867,2014131820885,2014,131820885,2,1,1,2,54,8,3,0,0,0,0,0,9,1,-1,2014,131820885,430437.0,431155.0,-1.539629,53.775843,13,3,2,1,02/08/2014,7,13:35,204,E08000035,E08000035,6,0,3,30.0,3,4,1,621,0,0,1,1,1,0,0,1,1,2,E01011312
4868,2014131821053,2014,131821053,1,1,1,1,50,8,3,0,0,0,0,0,9,1,-1,2014,131821053,436239.0,434624.0,-1.451185,53.806651,13,3,2,1,02/08/2014,7,14:00,204,E08000035,E08000035,6,0,3,30.0,1,4,6,0,0,1,1,1,1,0,0,1,2,2,E01011408
4869,2014131821280,2014,131821280,1,1,1,1,32,6,3,0,0,0,0,0,9,3,-1,2014,131821280,434720.0,437617.0,-1.473914,53.833655,13,3,2,3,02/08/2014,7,17:33,204,E08000035,E08000035,6,0,6,30.0,0,-1,-1,-1,0,0,1,1,1,0,0,1,1,2,E01011657
4870,2014131821280,2014,131821280,2,2,1,1,20,4,3,0,0,0,0,0,9,1,-1,2014,131821280,434720.0,437617.0,-1.473914,53.833655,13,3,2,3,02/08/2014,7,17:33,204,E08000035,E08000035,6,0,6,30.0,0,-1,-1,-1,0,0,1,1,1,0,0,1,1,2,E01011657
4871,2014131821280,2014,131821280,2,3,2,1,15,3,3,0,0,1,0,0,9,1,-1,2014,131821280,434720.0,437617.0,-1.473914,53.833655,13,3,2,3,02/08/2014,7,17:33,204,E08000035,E08000035,6,0,6,30.0,0,-1,-1,-1,0,0,1,1,1,0,0,1,1,2,E01011657
4872,2014131821432,2014,131821432,2,1,1,2,41,7,3,0,0,0,0,0,9,1,-1,2014,131821432,431779.0,435552.0,-1.518814,53.815282,13,3,2,1,02/08/2014,7,18:45,204,E08000035,E08000035,3,58,6,30.0,3,2,6,0,0,0,1,1,1,0,0,1,2,2,E01011422
4873,2014131821496,2014,131821496,2,1,1,1,20,4,3,0,0,0,0,0,9,1,-1,2014,131821496,440025.0,432373.0,-1.393989,53.786143,13,3,3,1,02/08/2014,7,13:30,204,E08000035,E08000035,3,63,3,30.0,6,2,6,0,0,4,1,1,1,0,0,1,2,2,E01011402
4874,2014131821608,2014,131821608,1,1,3,2,21,5,3,4,3,0,0,0,0,1,-1,2014,131821608,429375.0,434948.0,-1.555383,53.809995,13,3,1,1,02/08/2014,7,20:41,204,E08000035,E08000035,3,660,6,30.0,0,-1,-1,-1,0,4,1,1,1,0,0,1,1,2,E01033005
4875,2014131830367,2014,131830367,1,1,1,1,20,4,3,0,0,0,0,0,1,1,-1,2014,131830367,426114.0,438117.0,-1.604636,53.838651,13,3,2,1,03/08/2014,1,06:43,204,E08000035,E08000035,3,6120,6,40.0,0,-1,-1,-1,0,0,1,1,1,0,0,1,1,2,-1
4876,2014131830932,2014,131830932,1,1,3,1,2,1,3,5,1,0,0,0,0,1,-1,2014,131830932,433741.0,433739.0,-1.489213,53.798864,13,3,1,1,03/08/2014,1,15:20,204,E08000035,E08000035,6,0,6,30.0,0,-1,-1,-1,0,0,1,1,1,0,0,1,1,2,E01011622
4877,2014131840302,2014,131840302,2,1,1,2,32,6,3,0,0,0,0,0,1,-1,-1,2014,131840302,428718.0,435612.0,-1.565298,53.815999,13,3,2,1,04/08/2014,2,08:50,204,E08000035,E08000035,3,660,6,30.0,3,4,6,0,0,0,1,1,1,0,0,1,1,2,E01032946
4878,2014131840434,2014,131840434,1,1,1,1,20,4,3,0,0,0,0,0,9,1,-1,2014,131840434,428390.0,427784.0,-1.570998,53.74566,13,3,2,1,04/08/2014,2,14:45,204,E08000035,E08000035,4,6123,6,30.0,0,-1,-1,-1,0,0,1,1,1,0,0,2,2,2,E01011540
4879,2014131840584,2014,131840584,1,1,3,1,48,8,3,5,1,0,0,0,0,1,-1,2014,131840584,427065.0,433097.0,-1.590624,53.793483,13,3,1,1,04/08/2014,2,12:14,204,E08000035,E08000035,4,6154,6,30.0,0,-1,-1,-1,0,0,1,1,1,0,0,1,1,2,E01011292
4880,2014131840955,2014,131840955,1,1,1,1,57,9,3,0,0,0,0,0,3,2,-1,2014,131840955,435387.0,440297.0,-1.463471,53.857697,13,3,2,1,04/08/2014,2,15:45,204,E08000035,E08000035,6,0,6,30.0,0,-1,-1,-1,0,0,1,1,1,5,0,2,1,2,E01011649
4881,2014131841236,2014,131841236,1,1,1,2,36,7,3,0,0,0,0,0,9,1,-1,2014,131841236,433823.0,434050.0,-1.487934,53.801654,13,3,3,1,18/07/2014,6,20:00,204,E08000035,E08000035,3,64,3,40.0,9,2,4,6159,0,4,1,1,1,0,0,1,2,2,E01011617