,accident_index,accident_year_x,accident_reference_x,vehicle_reference,casualty_reference,casualty_class,sex_of_casualty,age_of_casualty,age_band_of_casualty,casualty_severity,pedestrian_location,pedestrian_movement,car_passenger,bus_or_coach_passenger,pedestrian_road_maintenance_worker,casualty_type,casualty_home_area_type,casualty_imd_decile,accident_year_y,accident_reference_y,location_easting_osgr,location_northing_osgr,longitude,latitude,police_force,accident_severity,number_of_vehicles,number_of_casualties,date,day_of_week,time,local_authority_district,local_authority_ons_district,local_authority_highway,first_road_class,first_road_number,road_type,speed_limit,junction_detail,junction_control,second_road_class,second_road_number,pedestrian_crossing_human_control,pedestrian_crossing_physical_facilities,light_conditions,weather_conditions,road_surface_conditions,special_conditions_at_site,carriageway_hazards,urban_or_rural_area,did_police_officer_attend_scene_of_accident,trunk_road_flag,lsoa_of_accident_location
5056,20141318S0188,2014,1318S0188,1,1,1,2,20,4,3,0,0,0,0,0,9,1,-1,2014,1318S0188,429371.0,440834.0,-1.554883,53.862897,13,3,1,1,28/08/2014,5,04:55,204,E08000035,E08000035,6,0,6,40.0,0,-1,-1,-1,0,0,4,2,2,0,2,1,1,2,E01011563
5057,20141318S0227,2014,1318S0227,2,1,1,1,34,6,3,0,0,0,0,0,9,1,-1,2014,1318S0227,432093.0,425658.0,-1.51507,53.726337,13,3,2,1,28/08/2014,5,06:33,204,E08000035,E08000035,1,1,7,50.0,5,4,1,62,0,0,1,1,1,4,0,2,1,1,E01011499
5058,20141318S0397,2014,1318S0397,2,1,1,1,27,6,2,0,0,0,0,0,1,1,-1,2014,1318S0397,431081.0,433150.0,-1.529656,53.793736,13,2,2,1,28/08/2014,5,09:48,204,E08000035,E08000035,6,0,6,30.0,9,4,6,0,0,0,1,1,1,0,0,1,1,2,E01033033
5059,20141318S0695,2014,1318S0695,2,1,1,1,30,6,3,0,0,0,0,0,3,1,-1,2014,1318S0695,436386.0,428375.0,-1.449689,53.750476,13,3,2,1,28/08/2014,5,13:02,204,E08000035,E08000035,3,642,6,30.0,0,-1,-1,-1,0,0,1,1,1,0,0,1,1,2,E01011635
5060,20141318S1245,2014,1318S1245,1,1,1,1,61,9,3,0,0,0,0,0,9,1,-1,2014,1318S1245,430806.0,433260.0,-1.53382,53.794741,13,3,2,2,28/08/2014,5,17:33,204,E08000035,E08000035,6,0,6,30.0,6,2,3,653,0,5,1,1,1,0,0,1,1,2,E01033011
5061,20141318S1245,2014,1318S1245,2,2,1,2,35,6,3,0,0,0,0,0,9,3,-1,2014,1318S1245,430806.0,433260.0,-1.53382,53.794741,13,3,2,2,28/08/2014,5,17:33,204,E08000035,E08000035,6,0,6,30.0,6,2,3,653,0,5,1,1,1,0,0,1,1,2,E01033011
5062,20141318S1491,2014,1318S1491,1,1,1,1,45,7,3,0,0,0,0,0,9,1,-1,2014,1318S1491,422027.0,436490.0,-1.666861,53.824216,13,3,2,3,28/08/2014,5,19:44,204,E08000035,E08000035,3,657,6,30.0,3,4,6,0,0,0,1,1,1,0,0,1,1,2,E01011591
5063,20141318S1491,2014,1318S1491,2,2,1,1,50,8,3,0,0,0,0,0,8,1,-1,2014,1318S1491,422027.0,436490.0,-1.666861,53.824216,13,3,2,3,28/08/2014,5,19:44,204,E08000035,E08000035,3,657,6,30.0,3,4,6,0,0,0,1,1,1,0,0,1,1,2,E01011591
5064,20141318S1491,2014,1318S1491,2,3,2,1,29,6,3,0,0,2,0,0,8,1,-1,2014,1318S1491,422027.0,436490.0,-1.666861,53.824216,13,3,2,3,28/08/2014,5,19:44,204,E08000035,E08000035,3,657,6,30.0,3,4,6,0,0,0,1,1,1,0,0,1,1,2,E01011591
5065,20141318T0545,2014,1318T0545,1,1,2,2,63,9,3,0,0,0,3,0,11,-1,-1,2014,1318T0545,433147.0,426330.0,-1.499025,53.732311,13,3,1,1,29/08/2014,6,11:38,204,E08000035,E08000035,3,61,6,40.0,0,-1,-1,-1,0,0,1,1,1,0,0,1,2,2,E01011500
5066,20141318T0776,2014,1318T0776,1,1,1,2,56,9,3,0,0,0,0,0,9,1,-1,2014,1318T0776,433154.0,435249.0,-1.497963,53.812474,13,3,2,4,29/08/2014,6,13:55,204,E08000035,E08000035,6,0,6,30.0,6,4,6,0,0,0,1,1,1,0,0,1,1,2,E01011431
5067,20141318T0776,2014,1318T0776,1,2,2,1,13,3,3,0,0,1,0,0,9,1,-1,2014,1318T0776,433154.0,435249.0,-1.497963,53.812474,13,3,2,4,29/08/2014,6,13:55,204,E08000035,E08000035,6,0,6,30.0,6,4,6,0,0,0,1,1,1,0,0,1,1,2,E01011431
5068,20141318T0776,2014,1318T0776,1,3,2,1,13,3,3,0,0,2,0,0,9,1,-1,2014,1318T0776,433154.0,435249.0,-1.497963,53.812474,13,3,2,4,29/08/2014,6,13:55,204,E08000035,E08000035,6,0,6,30.0,6,4,6,0,0,0,1,1,1,0,0,1,1,2,E01011431
5069,20141318T0776,2014,1318T0776,1,4,2,1,13,3,3,0,0,2,0,0,9,1,-1,2014,1318T0776,433154.0,435249.0,-1.497963,53.812474,13,3,2,4,29/08/2014,6,13:55,204,E08000035,E08000035,6,0,6,30.0,6,4,6,0,0,0,1,1,1,0,0,1,1,2,E01011431
5070,20141318T0897,2014,1318T0897,1,1,1,1,50,8,3,0,0,0,0,0,4,1,-1,2014,1318T0897,430632.0,432469.0,-1.53654,53.787642,13,3,2,1,29/08/2014,6,15:11,204,E08000035,E08000035,6,0,6,30.0,8,4,6,0,0,0,1,1,1,0,0,1,1,2,E01033016
5071,20141318T0938,2014,1318T0938,2,1,1,2,30,6,3,0,0,0,0,0,9,1,-1,2014,1318T0938,431380.0,434758.0,-1.524954,53.80817,13,3,2,1,29/08/2014,6,15:30,204,E08000035,E08000035,6,0,6,30.0,3,4,6,0,0,0,1,1,1,0,0,1,1,2,E01011673
5072,20141318T1289,2014,1318T1289,1,1,1,1,21,5,3,0,0,0,0,0,9,1,-1,2014,1318T1289,439263.0,439267.0,-1.404676,53.848162,13,3,1,1,29/08/2014,6,18:26,204,E08000035,E08000035,3,64,6,60.0,0,-1,-1,-1,0,0,1,1,2,0,0,2,1,2,E01011309
5073,20141318T1736,2014,1318T1736,1,1,1,1,70,10,3,0,0,0,0,0,9,2,-1,2014,1318T1736,429283.0,433483.0,-1.556919,53.796833,13,3,1,1,29/08/2014,6,23:14,204,E08000035,E08000035,6,0,6,30.0,6,2,6,0,0,5,4,2,2,0,0,1,1,2,E01033015
5074,20141318U0428,2014,1318U0428,2,1,2,2,50,8,3,0,0,1,0,0,9,1,-1,2014,1318U0428,432713.0,427659.0,-1.505463,53.744284,13,3,2,2,30/08/2014,7,08:37,204,E08000035,E08000035,6,0,6,30.0,3,4,6,0,0,0,1,1,1,0,0,1,1,2,E01011496
5075,20141318U0428,2014,1318U0428,2,2,2,2,17,4,3,0,0,2,0,0,9,1,-1,2014,1318U0428,432713.0,427659.0,-1.505463,53.744284,13,3,2,2,30/08/2014,7,08:37,204,E08000035,E08000035,6,0,6,30.0,3,4,6,0,0,0,1,1,1,0,0,1,1,2,E01011496
5076,20141318U0740,2014,1318U0740,2,1,2,1,39,7,3,0,0,1,0,0,9,-1,-1,2014,1318U0740,432623.0,432441.0,-1.506324,53.787269,13,3,2,1,30/08/2014,7,13:10,204,E08000035,E08000035,6,0,6,30.0,3,4,6,0,0,0,1,1,1,0,0,1,1,2,E01011621
5077,20141318U1057,2014,1318U1057,1,1,1,1,25,5,3,0,0,0,0,0,9,1,-1,2014,1318U1057,427822.0,433358.0,-1.57911,53.795789,13,3,1,2,30/08/2014,7,17:36,204,E08000035,E08000035,6,0,6,30.0,0,-1,-1,-1,0,0,1,1,1,0,0,1,1,2,E01011294
5078,20141318U1057,2014,1318U1057,1,2,2,1,21,5,3,0,0,1,0,0,9,1,-1,2014,1318U1057,427822.0,433358.0,-1.57911,53.795789,13,3,1,2,30/08/2014,7,17:36,204,E08000035,E08000035,6,0,6,30.0,0,-1,-1,-1,0,0,1,1,1,0,0,1,1,2,E01011294
5079,20141318U1077,2014,1318U1077,1,1,1,2,27,6,3,0,0,0,0,0,9,1,-1,2014,1318U1077,426031.0,438091.0,-1.6059,53.838421,13,3,2,1,30/08/2014,7,16:25,204,E08000035,E08000035,3,6120,6,40.0,8,4,6,0,0,0,1,1,1,0,0,1,2,2,E01011686
5080,20141318U1353,2014,1318U1353,2,1,1,2,21,5,3,0,0,0,0,0,9,1,-1,2014,1318U1353,431125.0,440569.0,-1.52824,53.860414,13,3,2,1,30/08/2014,7,19:17,204,E08000035,E08000035,3,61,3,30.0,5,2,6,0,0,0,1,1,1,0,0,1,1,2,E01011562
5081,20141318V0571,2014,1318V0571,2,1,1,1,68,10,3,0,0,0,0,0,4,1,-1,2014,1318V0571,427003.0,440071.0,-1.590955,53.856168,13,3,2,1,31/08/2014,1,10:37,204,E08000035,E08000035,3,660,6,40.0,3,4,6,0,0,0,1,1,1,0,0,1,1,2,-1
5082,20141318V0951,2014,1318V0951,1,1,1,1,20,4,2,0,0,0,0,0,3,1,-1,2014,1318V0951,432464.0,435218.0,-1.508445,53.812238,13,2,2,1,31/08/2014,1,14:58,204,E08000035,E08000035,6,0,6,30.0,3,4,6,0,0,0,1,1,1,0,0,1,1,2,E01011432
5083,20141318V1031,2014,1318V1031,2,1,1,2,44,7,3,0,0,0,0,0,9,1,-1,2014,1318V1031,426544.0,427014.0,-1.599054,53.738836,13,3,2,1,31/08/2014,1,10:31,204,E08000035,E08000035,6,0,7,20.0,0,-1,-1,-1,0,0,1,1,1,0,0,1,2,2,E01011541
5084,20141318V1099,2014,1318V1099,1,1,1,1,14,3,3,0,0,0,0,0,1,1,-1,2014,1318V1099,427575.0,434541.0,-1.582754,53.806435,13,3,2,1,31/08/2014,1,16:44,204,E08000035,E08000035,3,65,6,40.0,3,4,6,0,0,0,1,1,1,0,0,1,1,2,E01011482
5085,20141318V1145,2014,1318V1145,2,1,1,1,26,6,3,0,0,0,0,0,1,1,-1,2014,1318V1145,430103.0,437886.0,-1.544041,53.836359,13,3,2,1,31/08/2014,1,18:45,204,E08000035,E08000035,3,61,6,30.0,3,4,6,0,0,8,1,1,1,0,0,1,2,2,E01011515
5086,20141318V1388,2014,1318V1388,1,1,1,1,38,7,3,0,0,0,0,0,19,1,-1,2014,1318V1388,433273.0,436342.0,-1.496038,53.82229,13,3,1,1,31/08/2014,1,20:06,204,E08000035,E08000035,6,0,6,30.0,3,4,6,0,0,0,1,1,1,0,0,1,1,2,E01011646
5087,2014131910540,2014,131910540,1,1,1,2,58,9,3,0,0,0,0,0,9,1,-1,2014,131910540,428719.0,437082.0,-1.565146,53.829211,13,3,3,1,01/09/2014,2,10:55,204,E08000035,E08000035,4,6157,6,30.0,3,4,6,0,0,0,1,1,1,0,0,1,1,2,E01011691
5088,2014131910767,2014,131910767,1,1,2,1,89,11,3,0,0,2,0,0,8,1,-1,2014,131910767,432175.0,438849.0,-1.512455,53.844891,13,3,2,2,01/09/2014,2,13:25,204,E08000035,E08000035,6,0,6,30.0,3,4,6,0,0,0,1,1,1,0,0,1,1,2,E01011653
5089,2014131910767,2014,131910767,1,2,2,2,97,11,3,0,0,2,0,0,8,1,-1,2014,131910767,432175.0,438849.0,-1.512455,53.844891,13,3,2,2,01/09/2014,2,13:25,204,E08000035,E08000035,6,0,6,30.0,3,4,6,0,0,0,1,1,1,0,0,1,1,2,E01011653
5090,2014131911082,2014,131911082,2,1,2,2,6,2,3,0,0,0,4,0,11,1,-1,2014,131911082,433118.0,434023.0,-1.498641,53.801457,13,3,2,2,01/09/2014,2,14:10,204,E08000035,E08000035,3,64,3,40.0,3,2,4,6159,0,0,1,1,1,0,0,1,2,2,E01011340
5091,2014131911082,2014,131911082,2,2,2,2,56,9,3,0,0,0,4,0,11,1,-1,2014,131911082,433118.0,434023.0,-1.498641,53.801457,13,3,2,2,01/09/2014,2,14:10,204,E08000035,E08000035,3,64,3,40.0,3,2,4,6159,0,0,1,1,1,0,0,1,2,2,E01011340
5092,2014131911222,2014,131911222,2,1,1,1,73,10,3,0,0,0,0,0,1,2,-1,2014,131911222,420155.0,445819.0,-1.694689,53.90814,13,3,2,1,01/09/2014,2,14:30,204,E08000035,E08000035,6,0,6,30.0,3,4,6,0,0,0,1,1,1,0,0,1,2,2,E01011584
5093,2014131911375,2014,131911375,2,1,1,1,43,7,3,0,0,0,0,0,1,3,-1,2014,131911375,431498.0,431712.0,-1.523473,53.780786,13,3,2,1,01/09/2014,2,06:40,204,E08000035,E08000035,6,0,1,30.0,1,4,6,0,0,0,1,1,1,0,0,1,2,2,E01011468
5094,2014131920245,2014,131920245,2,1,1,2,43,7,3,0,0,0,0,0,1,1,-1,2014,131920245,432967.0,427609.0,-1.501617,53.743818,13,3,2,1,02/09/2014,3,07:19,204,E08000035,E08000035,3,654,6,40.0,6,4,6,0,0,4,1,1,2,0,0,1,1,2,E01011634
5095,2014131920341,2014,131920341,1,1,1,1,37,7,2,0,0,0,0,0,1,2,-1,2014,131920341,422114.0,438652.0,-1.665384,53.843644,13,2,2,1,02/09/2014,3,08:50,204,E08000035,E08000035,3,65,6,40.0,3,4,6,0,0,0,1,1,1,0,0,1,1,2,E01011458
5096,2014131920518,2014,131920518,2,1,1,1,23,5,3,0,0,0,0,0,9,1,-1,2014,131920518,430863.0,434357.0,-1.532845,53.804597,13,3,2,1,02/09/2014,3,11:00,204,E08000035,E08000035,3,61,3,30.0,3,4,6,0,0,0,1,1,1,0,0,1,1,2,E01033003
5097,2014131920748,2014,131920748,2,1,1,1,24,5,3,0,0,0,0,0,1,1,-1,2014,131920748,430245.0,435076.0,-1.542158,53.811095,13,3,2,1,02/09/2014,3,13:00,204,E08000035,E08000035,6,0,6,30.0,8,4,6,0,0,0,1,1,1,0,0,1,2,2,E01011671
5098,2014131921529,2014,131921529,1,1,2,1,32,6,3,0,0,1,0,0,9,1,-1,2014,131921529,429698.0,438310.0,-1.550154,53.840193,13,2,2,3,02/09/2014,3,20:49,204,E08000035,E08000035,4,6157,6,40.0,3,4,6,0,0,0,4,1,1,0,0,2,1,2,E01011505
5099,2014131921529,2014,131921529,1,2,2,2,12,3,3,0,0,2,0,0,9,-1,-1,2014,131921529,429698.0,438310.0,-1.550154,53.840193,13,2,2,3,02/09/2014,3,20:49,204,E08000035,E08000035,4,6157,6,40.0,3,4,6,0,0,0,4,1,1,0,0,2,1,2,E01011505
5100,2014131921529,2014,131921529,2,3,1,1,38,7,2,0,0,0,0,0,9,1,-1,2014,131921529,429698.0,438310.0,-1.550154,53.840193,13,2,2,3,02/09/2014,3,20:49,204,E08000035,E08000035,4,6157,6,40.0,3,4,6,0,0,0,4,1,1,0,0,2,1,2,E01011505
5101,2014131930193,2014,131930193,2,1,1,1,21,5,3,0,0,0,0,0,1,-1,-1,2014,131930193,431235.0,432317.0,-1.527403,53.78624,13,3,2,1,03/09/2014,4,05:50,204,E08000035,E08000035,6,0,1,30.0,1,4,5,0,0,0,4,1,1,0,0,1,1,2,E01011467
5102,2014131930204,2014,131930204,1,1,1,1,20,4,3,0,0,0,0,0,3,1,-1,2014,131930204,423754.0,435644.0,-1.64069,53.816536,13,3,2,1,03/09/2014,4,06:35,204,E08000035,E08000035,4,6157,6,30.0,6,2,3,657,0,5,1,1,1,0,0,1,1,2,E01011330
5103,2014131930835,2014,131930835,2,1,1,2,25,5,3,0,0,0,0,0,9,1,-1,2014,131930835,420644.0,445634.0,-1.687258,53.906458,13,3,2,1,03/09/2014,4,13:30,204,E08000035,E08000035,3,659,6,30.0,0,-1,-1,-1,0,0,1,1,1,0,0,1,2,2,E01011569
5104,2014131931205,2014,131931205,1,1,1,2,50,8,3,0,0,0,0,0,1,1,-1,2014,131931205,424775.0,436826.0,-1.625088,53.827113,13,3,2,1,03/09/2014,4,17:44,204,E08000035,E08000035,3,65,6,40.0,0,-1,-1,-1,0,0,1,1,1,0,0,2,1,2,E01032494
5105,2014131931365,2014,131931365,2,1,1,2,21,5,3,0,0,0,0,0,1,1,-1,2014,131931365,434482.0,437153.0,-1.477582,53.8295,13,3,2,1,03/09/2014,4,19:25,204,E08000035,E08000035,3,58,6,40.0,3,4,6,0,0,0,4,1,1,0,0,2,1,2,E01011644
5106,2014131931718,2014,131931718,1,1,2,2,18,4,3,0,0,1,0,0,9,1,-1,2014,131931718,425170.0,428996.0,-1.619724,53.756718,13,3,1,1,03/09/2014,4,23:55,204,E08000035,E08000035,3,62,6,40.0,6,2,4,6126,0,5,4,1,1,0,0,1,1,2,E01011522
5107,2014131940214,2014,131940214,2,1,1,1,51,8,3,0,0,0,0,0,3,1,-1,2014,131940214,432530.0,433753.0,-1.507597,53.799067,13,3,2,1,04/09/2014,5,06:17,204,E08000035,E08000035,3,64,2,30.0,3,4,6,0,0,0,1,1,1,0,0,1,1,2,E01011615
5108,2014131941266,2014,131941266,2,1,1,1,46,8,3,0,0,0,0,0,1,1,-1,2014,131941266,428134.0,435848.0,-1.574146,53.818152,13,3,2,1,04/09/2014,5,18:29,204,E08000035,E08000035,3,660,6,30.0,3,4,6,0,0,0,1,1,1,0,0,1,1,2,E01032946
5109,2014131941605,2014,131941605,1,1,3,2,30,6,2,9,9,0,0,0,0,1,-1,2014,131941605,425856.0,437793.0,-1.608584,53.835751,13,2,1,1,04/09/2014,5,21:51,204,E08000035,E08000035,6,0,6,30.0,0,-1,-1,-1,0,0,4,1,1,0,0,1,1,2,E01011686
5110,2014131950672,2014,131950672,2,1,1,1,61,9,3,0,0,0,0,0,5,1,-1,2014,131950672,435533.0,436003.0,-1.461747,53.819094,13,3,2,1,05/09/2014,6,12:13,204,E08000035,E08000035,6,0,6,30.0,0,-1,-1,-1,0,0,1,1,1,0,0,1,2,2,E01011664
5111,2014131950754,2014,131950754,1,1,1,2,63,9,3,0,0,0,0,0,9,-1,-1,2014,131950754,430720.0,439715.0,-1.534483,53.852762,13,3,2,2,05/09/2014,6,13:00,204,E08000035,E08000035,6,0,6,30.0,6,4,6,0,0,0,1,1,1,0,0,1,1,2,E01011565
5112,2014131950754,2014,131950754,2,2,1,1,40,7,3,0,0,0,0,0,1,-1,-1,2014,131950754,430720.0,439715.0,-1.534483,53.852762,13,3,2,2,05/09/2014,6,13:00,204,E08000035,E08000035,6,0,6,30.0,6,4,6,0,0,0,1,1,1,0,0,1,1,2,E01011565
5113,2014131951317,2014,131951317,1,1,1,1,22,5,3,0,0,0,0,0,1,1,-1,2014,131951317,435538.0,434824.0,-1.461807,53.808497,13,3,2,1,05/09/2014,6,17:47,204,E08000035,E08000035,6,0,3,40.0,8,4,6,0,0,0,1,1,1,0,0,1,1,2,E01011666
5114,2014131951385,2014,131951385,2,1,1,2,36,7,3,0,0,0,0,0,1,1,-1,2014,131951385,428704.0,433136.0,-1.565741,53.793746,13,3,2,1,20/08/2014,4,08:00,204,E08000035,E08000035,3,58,1,40.0,1,2,3,643,0,0,1,1,1,0,0,1,2,2,E01033013
5115,2014131951767,2014,131951767,2,1,1,2,24,5,3,0,0,0,0,0,9,1,-1,2014,131951767,432421.0,433805.0,-1.509246,53.799541,13,3,2,1,05/09/2014,6,21:42,204,E08000035,E08000035,6,0,6,30.0,3,4,6,0,0,0,4,1,1,0,0,1,2,2,E01011348
5116,2014131960661,2014,131960661,1,1,1,1,26,6,3,0,0,0,0,0,9,1,-1,2014,131960661,433154.0,435249.0,-1.497963,53.812474,13,3,2,2,06/09/2014,7,11:50,204,E08000035,E08000035,6,0,3,30.0,6,4,6,0,0,0,1,1,1,0,0,1,1,2,E01011431
5117,2014131960661,2014,131960661,1,2,2,2,24,5,3,0,0,1,0,0,9,1,-1,2014,131960661,433154.0,435249.0,-1.497963,53.812474,13,3,2,2,06/09/2014,7,11:50,204,E08000035,E08000035,6,0,3,30.0,6,4,6,0,0,0,1,1,1,0,0,1,1,2,E01011431
5118,2014131960901,2014,131960901,1,1,1,1,29,6,3,0,0,0,0,0,9,1,-1,2014,131960901,433230.0,429606.0,-1.497415,53.761751,13,3,1,4,06/09/2014,7,14:20,204,E08000035,E08000035,1,1,3,70.0,0,-1,-1,-1,0,0,1,2,2,0,0,2,1,1,E01011639
5119,2014131960901,2014,131960901,1,2,2,1,60,9,3,0,0,1,0,0,9,1,-1,2014,131960901,433230.0,429606.0,-1.497415,53.761751,13,3,1,4,06/09/2014,7,14:20,204,E08000035,E08000035,1,1,3,70.0,0,-1,-1,-1,0,0,1,2,2,0,0,2,1,1,E01011639
5120,2014131960901,2014,131960901,1,3,2,2,58,9,3,0,0,2,0,0,9,1,-1,2014,131960901,433230.0,429606.0,-1.497415,53.761751,13,3,1,4,06/09/2014,7,14:20,204,E08000035,E08000035,1,1,3,70.0,0,-1,-1,-1,0,0,1,2,2,0,0,2,1,1,E01011639
5121,2014131960901,2014,131960901,1,4,2,2,27,6,3,0,0,2,0,0,9,1,-1,2014,131960901,433230.0,429606.0,-1.497415,53.761751,13,3,1,4,06/09/2014,7,14:20,204,E08000035,E08000035,1,1,3,70.0,0,-1,-1,-1,0,0,1,2,2,0,0,2,1,1,E01011639
5122,2014131961107,2014,131961107,2,1,1,2,43,7,3,0,0,0,0,0,9,1,-1,2014,131961107,431875.0,435313.0,-1.51738,53.813128,13,3,2,1,06/09/2014,7,16:32,204,E08000035,E08000035,6,0,6,30.0,0,-1,-1,-1,0,0,1,1,1,0,0,1,1,2,E01011428
5123,2014131961596,2014,131961596,2,1,1,1,49,8,3,0,0,0,0,0,9,1,-1,2014,131961596,431015.0,432033.0,-1.53077,53.7837,13,3,2,1,06/09/2014,7,21:38,204,E08000035,E08000035,3,639,6,30.0,0,-1,-1,-1,0,0,4,1,1,0,0,1,1,2,E01011467
5124,2014131970475,2014,131970475,2,1,2,2,29,6,3,0,0,1,0,0,9,1,-1,2014,131970475,431876.0,435041.0,-1.517393,53.810684,13,3,2,1,07/09/2014,1,09:35,204,E08000035,E08000035,6,0,6,30.0,3,4,6,0,0,0,1,1,1,0,0,1,1,2,E01011673
5125,2014131971378,2014,131971378,1,1,1,1,20,4,2,0,0,0,0,0,9,1,-1,2014,131971378,419996.0,446401.0,-1.697071,53.913377,13,2,1,1,07/09/2014,1,18:45,204,E08000035,E08000035,6,0,6,30.0,0,-1,-1,-1,0,0,1,1,1,0,0,1,1,2,E01011583
5126,2014131971580,2014,131971580,1,1,1,1,23,5,3,0,0,0,0,0,3,2,-1,2014,131971580,430086.0,425120.0,-1.54554,53.721621,13,3,3,1,07/09/2014,1,20:49,204,E08000035,E08000035,3,650,6,30.0,8,4,6,0,0,0,4,1,1,0,0,1,1,2,E01011537
5127,2014131980364,2014,131980364,1,1,1,1,23,5,3,0,0,0,0,0,9,3,-1,2014,131980364,430491.0,431746.0,-1.538751,53.781152,13,3,2,2,08/09/2014,2,09:30,204,E08000035,E08000035,3,61,6,30.0,3,2,1,621,0,0,1,1,1,0,0,1,1,2,E01011467
5128,2014131980364,2014,131980364,2,2,1,1,36,7,3,0,0,0,0,0,9,1,-1,2014,131980364,430491.0,431746.0,-1.538751,53.781152,13,3,2,2,08/09/2014,2,09:30,204,E08000035,E08000035,3,61,6,30.0,3,2,1,621,0,0,1,1,1,0,0,1,1,2,E01011467
5129,2014131980700,2014,131980700,2,1,1,2,22,5,3,0,0,0,0,0,9,1,-1,2014,131980700,430088.0,435423.0,-1.544509,53.814223,13,3,2,1,08/09/2014,2,13:15,204,E08000035,E08000035,6,0,1,30.0,1,4,6,0,0,0,1,1,1,0,0,1,2,2,E01011670
5130,2014131981680,2014,131981680,1,1,3,2,4,1,3,9,6,0,0,0,0,1,-1,2014,131981680,432198.0,435360.0,-1.51247,53.813531,13,3,1,1,08/09/2014,2,20:10,204,E08000035,E08000035,6,0,6,30.0,0,-1,-1,-1,0,0,1,1,1,0,0,1,2,2,E01011432
5131,2014131990395,2014,131990395,1,1,1,1,29,6,3,0,0,0,0,0,9,1,-1,2014,131990395,429695.0,432315.0,-1.550776,53.786312,13,3,8,1,09/09/2014,3,09:55,204,E08000035,E08000035,6,0,6,30.0,3,4,6,0,0,0,1,1,1,0,0,1,1,2,E01033032
5132,2014131990674,2014,131990674,2,1,1,1,27,6,3,0,0,0,0,0,9,1,-1,2014,131990674,429015.0,426438.0,-1.561647,53.733528,13,3,2,1,09/09/2014,3,13:11,204,E08000035,E08000035,1,62,3,70.0,0,-1,-1,-1,0,0,1,1,1,0,0,1,1,1,E01011538
5133,2014131990700,2014,131990700,1,1,1,1,46,8,3,0,0,0,0,0,9,1,-1,2014,131990700,428228.0,428858.0,-1.573357,53.755322,13,3,2,1,06/09/2014,7,12:50,204,E08000035,E08000035,6,0,9,20.0,0,-1,-1,-1,0,0,1,1,1,0,0,1,2,2,E01011531
5134,2014131991039,2014,131991039,2,1,1,1,51,8,2,0,0,0,0,0,1,1,-1,2014,131991039,424271.0,428356.0,-1.633409,53.751008,13,2,2,1,09/09/2014,3,16:40,204,E08000035,E08000035,3,62,6,40.0,3,4,6,0,0,0,1,1,1,0,0,1,1,2,E01011523
5135,20141319A0028,2014,1319A0028,1,1,1,1,26,6,3,0,0,0,0,0,9,1,-1,2014,1319A0028,431547.0,434332.0,-1.522462,53.804331,13,3,2,3,10/09/2014,4,00:28,204,E08000035,E08000035,6,0,6,30.0,3,4,6,0,0,0,4,1,1,0,0,1,1,2,E01033035
5136,20141319A0028,2014,1319A0028,2,2,1,1,43,7,3,0,0,0,0,0,9,3,-1,2014,1319A0028,431547.0,434332.0,-1.522462,53.804331,13,3,2,3,10/09/2014,4,00:28,204,E08000035,E08000035,6,0,6,30.0,3,4,6,0,0,0,4,1,1,0,0,1,1,2,E01033035
5137,20141319A0028,2014,1319A0028,2,3,2,1,42,7,3,0,0,1,0,0,9,3,-1,2014,1319A0028,431547.0,434332.0,-1.522462,53.804331,13,3,2,3,10/09/2014,4,00:28,204,E08000035,E08000035,6,0,6,30.0,3,4,6,0,0,0,4,1,1,0,0,1,1,2,E01033035
5138,20141319A0195,2014,1319A0195,2,1,1,1,38,7,3,0,0,0,0,0,8,1,-1,2014,1319A0195,432552.0,433926.0,-1.507245,53.800621,13,3,2,1,10/09/2014,4,07:28,204,E08000035,E08000035,6,0,6,30.0,0,-1,-1,-1,0,0,1,1,1,0,0,1,1,2,E01011348
5139,20141319A0244,2014,1319A0244,1,1,2,1,13,3,3,0,0,1,0,0,8,1,-1,2014,1319A0244,429555.0,436696.0,-1.552482,53.825695,13,3,2,2,10/09/2014,4,08:25,204,E08000035,E08000035,6,0,6,30.0,3,4,6,0,0,0,1,1,1,0,0,1,2,2,E01011354
5140,20141319A0244,2014,1319A0244,2,2,1,2,46,8,3,0,0,0,0,0,9,1,-1,2014,1319A0244,429555.0,436696.0,-1.552482,53.825695,13,3,2,2,10/09/2014,4,08:25,204,E08000035,E08000035,6,0,6,30.0,3,4,6,0,0,0,1,1,1,0,0,1,2,2,E01011354
5141,20141319A0340,2014,1319A0340,1,1,1,1,19,4,3,0,0,0,0,0,3,-1,-1,2014,1319A0340,424534.0,429191.0,-1.629355,53.758501,13,3,2,1,10/09/2014,4,09:50,204,E08000035,E08000035,6,0,6,30.0,0,-1,-1,-1,0,0,1,1,1,0,0,1,1,2,E01011522
5142,20141319A0474,2014,1319A0474,1,1,3,1,86,11,3,5,1,0,0,0,0,1,-1,2014,1319A0474,421712.0,435118.0,-1.671742,53.811898,13,3,1,1,10/09/2014,4,11:15,204,E08000035,E08000035,6,0,6,30.0,3,4,6,0,0,0,1,1,1,0,0,1,1,2,E01011598
5143,20141319A0520,2014,1319A0520,1,1,3,2,23,5,1,4,3,0,0,0,0,1,-1,2014,1319A0520,428506.0,433960.0,-1.56867,53.801163,13,1,1,2,10/09/2014,4,11:50,204,E08000035,E08000035,3,65,3,30.0,0,-1,-1,-1,0,4,1,1,1,0,0,1,1,2,E01011678