,accident_index,accident_year_x,accident_reference_x,vehicle_reference,casualty_reference,casualty_class,sex_of_casualty,age_of_casualty,age_band_of_casualty,casualty_severity,pedestrian_location,pedestrian_movement,car_passenger,bus_or_coach_passenger,pedestrian_road_maintenance_worker,casualty_type,casualty_home_area_type,casualty_imd_decile,accident_year_y,accident_reference_y,location_easting_osgr,location_northing_osgr,longitude,latitude,police_force,accident_severity,number_of_vehicles,number_of_casualties,date,day_of_week,time,local_authority_district,local_authority_ons_district,local_authority_highway,first_road_class,first_road_number,road_type,speed_limit,junction_detail,junction_control,second_road_class,second_road_number,pedestrian_crossing_human_control,pedestrian_crossing_physical_facilities,light_conditions,weather_conditions,road_surface_conditions,special_conditions_at_site,carriageway_hazards,urban_or_rural_area,did_police_officer_attend_scene_of_accident,trunk_road_flag,lsoa_of_accident_location
5144,20141319A0520,2014,1319A0520,1,2,1,1,24,5,3,0,0,0,0,0,9,1,-1,2014,1319A0520,428506.0,433960.0,-1.56867,53.801163,13,1,1,2,10/09/2014,4,11:50,204,E08000035,E08000035,3,65,3,30.0,0,-1,-1,-1,0,4,1,1,1,0,0,1,1,2,E01011678
5145,20141319A0621,2014,1319A0621,2,1,1,2,75,10,3,0,0,0,0,0,9,1,-1,2014,1319A0621,421830.0,441204.0,-1.66952,53.866593,13,3,3,2,10/09/2014,4,13:00,204,E08000035,E08000035,3,658,6,30.0,3,4,6,0,0,0,1,1,1,0,0,1,1,2,E01011578
5146,20141319A0621,2014,1319A0621,3,2,1,2,67,10,3,0,0,0,0,0,9,2,-1,2014,1319A0621,421830.0,441204.0,-1.66952,53.866593,13,3,3,2,10/09/2014,4,13:00,204,E08000035,E08000035,3,658,6,30.0,3,4,6,0,0,0,1,1,1,0,0,1,1,2,E01011578
5147,20141319A0669,2014,1319A0669,1,1,1,1,47,8,3,0,0,0,0,0,1,1,-1,2014,1319A0669,420531.0,440217.0,-1.689339,53.857775,13,3,2,1,10/09/2014,4,19:45,204,E08000035,E08000035,6,0,6,30.0,3,4,3,658,0,0,1,1,1,0,0,1,2,2,E01011278
5148,20141319A0747,2014,1319A0747,1,1,1,1,77,11,1,0,0,0,0,0,9,1,-1,2014,1319A0747,428750.0,430778.0,-1.565262,53.77255,13,1,2,2,10/09/2014,4,14:19,204,E08000035,E08000035,6,0,6,30.0,8,4,6,0,0,0,1,1,1,0,0,1,1,2,E01011315
5149,20141319A0747,2014,1319A0747,2,2,2,2,88,11,1,0,0,1,0,0,9,1,-1,2014,1319A0747,428750.0,430778.0,-1.565262,53.77255,13,1,2,2,10/09/2014,4,14:19,204,E08000035,E08000035,6,0,6,30.0,8,4,6,0,0,0,1,1,1,0,0,1,1,2,E01011315
5150,20141319A0823,2014,1319A0823,2,1,1,2,49,8,3,0,0,0,0,0,1,1,-1,2014,1319A0823,427996.0,436017.0,-1.576227,53.819679,13,3,2,1,10/09/2014,4,15:05,204,E08000035,E08000035,3,660,6,30.0,3,4,6,0,0,4,1,1,1,0,0,1,1,2,E01011440
5151,20141319A1171,2014,1319A1171,1,1,1,2,45,7,3,0,0,0,0,0,9,3,-1,2014,1319A1171,436177.0,431168.0,-1.452531,53.775594,13,3,1,1,10/09/2014,4,18:00,204,E08000035,E08000035,1,1,3,70.0,0,-1,-1,-1,0,0,1,1,1,0,0,2,1,1,E01011420
5152,20141319B0365,2014,1319B0365,1,1,3,2,22,5,3,9,9,0,0,0,0,-1,-1,2014,1319B0365,428011.0,436389.0,-1.575966,53.823021,13,3,1,1,05/09/2014,6,09:30,204,E08000035,E08000035,6,0,2,30.0,0,-1,-1,-1,0,0,1,1,1,0,0,1,2,2,E01011440
5153,20141319B0695,2014,1319B0695,2,1,2,1,20,4,3,0,0,0,4,0,11,-1,-1,2014,1319B0695,429008.0,433679.0,-1.561075,53.79861,13,3,2,2,11/09/2014,5,12:40,204,E08000035,E08000035,3,58,3,30.0,0,-1,-1,-1,0,0,1,1,1,0,0,1,2,2,E01011678
5154,20141319B0695,2014,1319B0695,2,2,2,1,20,4,3,0,0,0,4,0,11,-1,-1,2014,1319B0695,429008.0,433679.0,-1.561075,53.79861,13,3,2,2,11/09/2014,5,12:40,204,E08000035,E08000035,3,58,3,30.0,0,-1,-1,-1,0,0,1,1,1,0,0,1,2,2,E01011678
5155,20141319B0935,2014,1319B0935,1,1,2,2,72,10,3,0,0,0,3,0,11,1,-1,2014,1319B0935,433183.0,433971.0,-1.49766,53.800985,13,3,2,1,11/09/2014,5,15:20,204,E08000035,E08000035,6,0,6,30.0,3,4,6,0,0,0,1,1,1,0,0,1,1,2,E01011617
5156,20141319B1153,2014,1319B1153,2,1,1,1,13,3,2,0,0,0,0,0,1,1,-1,2014,1319B1153,436007.0,437654.0,-1.454355,53.8339,13,2,2,1,11/09/2014,5,17:08,204,E08000035,E08000035,6,0,6,30.0,0,-1,-1,-1,0,0,1,1,1,0,0,1,1,2,E01011718
5157,20141319B1395,2014,1319B1395,1,1,2,1,35,6,3,0,0,0,3,0,11,-1,-1,2014,1319B1395,429846.0,433793.0,-1.548342,53.799587,13,3,1,1,11/09/2014,5,17:10,204,E08000035,E08000035,6,0,6,30.0,0,-1,-1,-1,0,0,1,1,1,0,0,1,2,2,E01033008
5158,20141319B1477,2014,1319B1477,1,1,1,1,19,4,2,0,0,0,0,0,3,1,-1,2014,1319B1477,423807.0,430020.0,-1.640318,53.765986,13,2,2,1,11/09/2014,5,19:40,204,E08000035,E08000035,4,6126,6,30.0,0,-1,-1,-1,0,0,1,1,1,0,0,1,1,2,E01011728
5159,20141319B1635,2014,1319B1635,1,1,1,1,17,4,3,0,0,0,0,0,1,1,-1,2014,1319B1635,427806.0,430025.0,-1.579652,53.765833,13,3,2,1,11/09/2014,5,21:20,204,E08000035,E08000035,3,643,6,30.0,3,4,6,0,0,0,4,1,1,0,0,1,2,2,E01011317
5160,20141319B1640,2014,1319B1640,2,1,1,1,16,4,2,0,0,0,0,0,3,1,-1,2014,1319B1640,425092.0,438073.0,-1.620171,53.838305,13,2,2,1,11/09/2014,5,21:00,204,E08000035,E08000035,6,0,6,30.0,3,4,6,0,0,0,4,1,1,0,0,1,1,2,E01011464
5161,20141319B1649,2014,1319B1649,1,1,1,1,29,6,3,0,0,0,0,0,1,1,-1,2014,1319B1649,431160.0,430026.0,-1.528772,53.765653,13,3,2,1,11/09/2014,5,21:00,204,E08000035,E08000035,6,0,3,30.0,3,4,6,0,0,0,4,1,1,0,0,1,1,2,E01011472
5162,20141319C0589,2014,1319C0589,1,1,1,1,25,5,3,0,0,0,0,0,1,1,-1,2014,1319C0589,430089.0,431277.0,-1.544897,53.77696,13,3,2,1,12/09/2014,6,12:15,204,E08000035,E08000035,6,0,6,30.0,3,4,3,653,0,0,1,1,1,0,0,1,1,2,E01011371
5163,20141319C0779,2014,1319C0779,2,1,1,2,41,7,3,0,0,0,0,0,9,1,-1,2014,1319C0779,428904.0,435513.0,-1.562482,53.815099,13,3,2,1,12/09/2014,6,14:46,204,E08000035,E08000035,3,660,6,30.0,3,4,6,0,0,1,1,1,1,0,0,1,1,2,E01011443
5164,20141319C0853,2014,1319C0853,1,1,1,1,26,6,3,0,0,0,0,0,1,1,-1,2014,1319C0853,433163.0,433184.0,-1.498048,53.793913,13,3,2,1,12/09/2014,6,15:15,204,E08000035,E08000035,6,0,6,30.0,9,4,6,0,0,0,1,1,1,0,0,1,2,2,E01011621
5165,20141319C1040,2014,1319C1040,2,1,1,1,55,8,3,0,0,0,0,0,1,1,-1,2014,1319C1040,433502.0,434028.0,-1.49281,53.801477,13,3,2,1,12/09/2014,6,16:35,204,E08000035,E08000035,3,64,3,30.0,0,-1,-1,-1,0,0,1,1,1,0,0,1,1,2,E01011617
5166,20141319C1309,2014,1319C1309,1,1,3,2,9,2,3,5,4,0,0,0,0,1,-1,2014,1319C1309,425557.0,432335.0,-1.613579,53.78671,13,3,1,1,12/09/2014,6,19:00,204,E08000035,E08000035,6,0,6,30.0,0,-1,-1,-1,0,0,1,1,1,0,0,1,1,2,E01011735
5167,20141319C1632,2014,1319C1632,1,1,1,2,33,6,2,0,0,0,0,0,9,1,-1,2014,1319C1632,426984.0,440742.0,-1.591186,53.862199,13,2,1,1,12/09/2014,6,22:07,204,E08000035,E08000035,3,660,6,60.0,0,-1,-1,-1,0,0,4,1,1,0,2,2,1,2,E01011381
5168,20141319D0736,2014,1319D0736,2,1,2,2,35,6,3,0,0,0,3,0,11,1,-1,2014,1319D0736,429789.0,433800.0,-1.549206,53.799653,13,3,2,8,13/09/2014,7,12:15,204,E08000035,E08000035,6,0,2,30.0,6,2,6,0,0,4,1,1,1,0,0,1,1,2,E01033008
5169,20141319D0736,2014,1319D0736,2,2,2,2,37,7,3,0,0,0,3,0,11,1,-1,2014,1319D0736,429789.0,433800.0,-1.549206,53.799653,13,3,2,8,13/09/2014,7,12:15,204,E08000035,E08000035,6,0,2,30.0,6,2,6,0,0,4,1,1,1,0,0,1,1,2,E01033008
5170,20141319D0736,2014,1319D0736,2,3,2,2,71,10,3,0,0,0,4,0,11,1,-1,2014,1319D0736,429789.0,433800.0,-1.549206,53.799653,13,3,2,8,13/09/2014,7,12:15,204,E08000035,E08000035,6,0,2,30.0,6,2,6,0,0,4,1,1,1,0,0,1,1,2,E01033008
5171,20141319D0736,2014,1319D0736,2,4,2,1,39,7,3,0,0,0,4,0,11,1,-1,2014,1319D0736,429789.0,433800.0,-1.549206,53.799653,13,3,2,8,13/09/2014,7,12:15,204,E08000035,E08000035,6,0,2,30.0,6,2,6,0,0,4,1,1,1,0,0,1,1,2,E01033008
5172,20141319D0736,2014,1319D0736,2,5,2,2,68,10,3,0,0,0,3,0,11,1,-1,2014,1319D0736,429789.0,433800.0,-1.549206,53.799653,13,3,2,8,13/09/2014,7,12:15,204,E08000035,E08000035,6,0,2,30.0,6,2,6,0,0,4,1,1,1,0,0,1,1,2,E01033008
5173,20141319D0736,2014,1319D0736,2,6,2,1,68,10,3,0,0,0,3,0,11,1,-1,2014,1319D0736,429789.0,433800.0,-1.549206,53.799653,13,3,2,8,13/09/2014,7,12:15,204,E08000035,E08000035,6,0,2,30.0,6,2,6,0,0,4,1,1,1,0,0,1,1,2,E01033008
5174,20141319D0736,2014,1319D0736,2,7,2,1,40,7,3,0,0,0,3,0,11,1,-1,2014,1319D0736,429789.0,433800.0,-1.549206,53.799653,13,3,2,8,13/09/2014,7,12:15,204,E08000035,E08000035,6,0,2,30.0,6,2,6,0,0,4,1,1,1,0,0,1,1,2,E01033008
5175,20141319D0736,2014,1319D0736,2,8,2,1,1,1,3,0,0,0,4,0,11,-1,-1,2014,1319D0736,429789.0,433800.0,-1.549206,53.799653,13,3,2,8,13/09/2014,7,12:15,204,E08000035,E08000035,6,0,2,30.0,6,2,6,0,0,4,1,1,1,0,0,1,1,2,E01033008
5176,20141319D1203,2014,1319D1203,2,1,1,1,15,3,3,0,0,0,0,0,1,1,-1,2014,1319D1203,428495.0,434325.0,-1.568804,53.804444,13,3,2,1,13/09/2014,7,17:25,204,E08000035,E08000035,6,0,6,30.0,3,4,6,0,0,0,1,1,1,0,0,1,1,2,E01011681
5177,20141319D1783,2014,1319D1783,1,1,3,2,40,7,2,1,3,0,0,0,0,1,-1,2014,1319D1783,427349.0,437171.0,-1.585953,53.830085,13,2,1,1,13/09/2014,7,23:12,204,E08000035,E08000035,3,660,6,30.0,0,-1,-1,-1,0,4,4,1,1,0,0,1,1,2,E01011690
5178,20141319E0432,2014,1319E0432,2,1,1,1,61,9,3,0,0,0,0,0,8,1,-1,2014,1319E0432,432471.0,434869.0,-1.508375,53.809101,13,3,2,1,14/09/2014,1,08:09,204,E08000035,E08000035,6,0,6,30.0,3,4,6,0,0,0,1,1,1,0,0,1,1,2,E01011433
5179,20141319E0643,2014,1319E0643,2,1,1,1,27,6,3,0,0,0,0,0,9,1,-1,2014,1319E0643,428684.0,433031.0,-1.566054,53.792803,13,3,3,2,14/09/2014,1,12:01,204,E08000035,E08000035,3,6110,1,40.0,1,2,3,58,0,0,1,1,1,0,0,1,1,2,E01011363
5180,20141319E0643,2014,1319E0643,2,2,2,2,3,1,3,0,0,2,0,0,9,1,-1,2014,1319E0643,428684.0,433031.0,-1.566054,53.792803,13,3,3,2,14/09/2014,1,12:01,204,E08000035,E08000035,3,6110,1,40.0,1,2,3,58,0,0,1,1,1,0,0,1,1,2,E01011363
5181,20141319E0853,2014,1319E0853,3,1,1,1,52,8,3,0,0,0,0,0,1,1,-1,2014,1319E0853,432707.0,437431.0,-1.50452,53.832113,13,3,3,1,14/09/2014,1,11:10,204,E08000035,E08000035,6,0,6,40.0,0,-1,-1,-1,0,0,1,1,1,0,0,2,2,2,E01011641
5182,20141319E1214,2014,1319E1214,2,1,1,1,22,5,3,0,0,0,0,0,1,1,-1,2014,1319E1214,428438.0,435713.0,-1.569541,53.816922,13,3,2,1,14/09/2014,1,13:30,204,E08000035,E08000035,3,660,6,30.0,3,4,6,0,0,0,1,1,1,0,0,1,2,2,E01032946
5183,20141319E1473,2014,1319E1473,2,1,2,2,52,8,3,0,0,2,0,0,8,1,-1,2014,1319E1473,432472.0,434870.0,-1.50836,53.80911,13,3,2,2,14/09/2014,1,21:14,204,E08000035,E08000035,6,0,6,30.0,3,4,6,0,0,0,1,1,1,0,0,1,1,2,E01011433
5184,20141319E1473,2014,1319E1473,2,2,2,1,54,8,3,0,0,2,0,0,8,1,-1,2014,1319E1473,432472.0,434870.0,-1.50836,53.80911,13,3,2,2,14/09/2014,1,21:14,204,E08000035,E08000035,6,0,6,30.0,3,4,6,0,0,0,1,1,1,0,0,1,1,2,E01011433
5185,20141319F0282,2014,1319F0282,2,1,1,1,23,5,3,0,0,0,0,0,3,1,-1,2014,1319F0282,419736.0,441450.0,-1.701347,53.868888,13,3,2,1,15/09/2014,2,08:45,204,E08000035,E08000035,3,65,6,30.0,3,4,6,0,0,0,1,2,2,0,0,1,1,2,E01011273
5186,20141319F0442,2014,1319F0442,1,1,1,2,35,6,3,0,0,0,0,0,9,-1,-1,2014,1319F0442,428618.0,440714.0,-1.566343,53.861861,13,3,1,2,15/09/2014,2,10:40,204,E08000035,E08000035,6,0,6,30.0,3,4,6,0,0,0,1,1,2,0,0,1,1,2,E01011554
5187,20141319F0442,2014,1319F0442,1,2,2,1,43,7,3,0,0,1,0,0,9,-1,-1,2014,1319F0442,428618.0,440714.0,-1.566343,53.861861,13,3,1,2,15/09/2014,2,10:40,204,E08000035,E08000035,6,0,6,30.0,3,4,6,0,0,0,1,1,2,0,0,1,1,2,E01011554
5188,20141319F0629,2014,1319F0629,1,1,1,1,16,4,3,0,0,0,0,0,1,1,-1,2014,1319F0629,430150.0,430969.0,-1.544002,53.774188,13,3,2,1,15/09/2014,2,12:45,204,E08000035,E08000035,6,0,6,30.0,3,4,6,0,0,0,1,1,1,0,0,1,1,2,E01011312
5189,20141319F1176,2014,1319F1176,1,1,3,1,9,2,3,10,3,0,0,0,0,1,-1,2014,1319F1176,426932.0,427529.0,-1.593128,53.743445,13,3,1,1,15/09/2014,2,18:16,204,E08000035,E08000035,6,0,6,30.0,0,-1,-1,-1,0,0,1,1,1,0,0,1,1,2,E01032492
5190,20141319G0301,2014,1319G0301,2,1,1,1,48,8,3,0,0,0,0,0,9,2,-1,2014,1319G0301,428143.0,431528.0,-1.574403,53.779324,13,3,3,1,16/09/2014,3,08:54,204,E08000035,E08000035,1,621,3,50.0,0,-1,-1,-1,0,0,1,1,1,0,0,1,1,1,E01011369
5191,20141319G0591,2014,1319G0591,1,1,3,2,39,7,3,5,1,0,0,0,0,1,-1,2014,1319G0591,431663.0,434484.0,-1.520685,53.805691,13,3,1,1,16/09/2014,3,11:55,204,E08000035,E08000035,6,0,6,30.0,3,4,6,0,0,0,1,1,1,0,0,1,1,2,E01011677
5192,20141319G0953,2014,1319G0953,1,4,2,1,30,6,3,0,0,1,0,0,21,1,-1,2014,1319G0953,431623.0,425223.0,-1.522238,53.722456,13,3,3,4,16/09/2014,3,13:20,204,E08000035,E08000035,1,1,3,50.0,0,-1,-1,-1,0,0,1,1,1,0,0,2,1,1,E01011551
5193,20141319G0953,2014,1319G0953,2,1,1,2,20,4,3,0,0,0,0,0,9,1,-1,2014,1319G0953,431623.0,425223.0,-1.522238,53.722456,13,3,3,4,16/09/2014,3,13:20,204,E08000035,E08000035,1,1,3,50.0,0,-1,-1,-1,0,0,1,1,1,0,0,2,1,1,E01011551
5194,20141319G0953,2014,1319G0953,2,2,2,1,30,6,3,0,0,1,0,0,9,1,-1,2014,1319G0953,431623.0,425223.0,-1.522238,53.722456,13,3,3,4,16/09/2014,3,13:20,204,E08000035,E08000035,1,1,3,50.0,0,-1,-1,-1,0,0,1,1,1,0,0,2,1,1,E01011551
5195,20141319G0953,2014,1319G0953,2,3,2,2,22,5,3,0,0,2,0,0,9,1,-1,2014,1319G0953,431623.0,425223.0,-1.522238,53.722456,13,3,3,4,16/09/2014,3,13:20,204,E08000035,E08000035,1,1,3,50.0,0,-1,-1,-1,0,0,1,1,1,0,0,2,1,1,E01011551
5196,20141319G1041,2014,1319G1041,1,1,3,1,21,5,3,5,1,0,0,0,0,1,-1,2014,1319G1041,429498.0,433319.0,-1.55367,53.795347,13,3,1,1,16/09/2014,3,16:00,204,E08000035,E08000035,6,0,3,30.0,3,2,6,0,0,5,1,1,1,0,0,1,1,2,E01033015
5197,20141319G1168,2014,1319G1168,2,1,1,2,27,6,3,0,0,0,0,0,9,1,-1,2014,1319G1168,430419.0,437829.0,-1.539244,53.835829,13,3,2,1,16/09/2014,3,17:21,204,E08000035,E08000035,6,0,6,30.0,3,4,6,0,0,0,1,1,1,0,0,1,1,2,E01011515
5198,20141319H0222,2014,1319H0222,2,1,1,1,46,8,3,0,0,0,0,0,1,1,-1,2014,1319H0222,432055.0,435968.0,-1.514578,53.819004,13,3,2,1,17/09/2014,4,07:24,204,E08000035,E08000035,6,0,6,40.0,3,4,6,0,0,0,1,1,1,0,0,1,1,2,E01011647
5199,20141319H0340,2014,1319H0340,2,1,1,2,42,7,3,0,0,0,0,0,9,1,-1,2014,1319H0340,429961.0,430866.0,-1.546879,53.773273,13,3,2,1,17/09/2014,4,09:30,204,E08000035,E08000035,3,653,6,30.0,9,2,6,0,0,0,1,1,1,0,0,1,1,2,E01011322
5200,20141319H0472,2014,1319H0472,2,1,1,1,20,4,3,0,0,0,0,0,9,1,-1,2014,1319H0472,432912.0,433543.0,-1.50182,53.797156,13,3,2,1,17/09/2014,4,11:10,204,E08000035,E08000035,6,0,6,30.0,0,-1,-1,-1,0,0,1,1,1,0,0,1,2,2,E01011621
5201,20141319H0585,2014,1319H0585,1,1,1,2,18,4,3,0,0,0,0,0,9,1,-1,2014,1319H0585,421074.0,433287.0,-1.681556,53.795467,13,3,2,2,17/09/2014,4,12:30,204,E08000035,E08000035,6,0,6,30.0,3,4,6,0,0,0,1,1,1,0,0,1,1,2,E01011613
5202,20141319H0585,2014,1319H0585,1,2,2,1,20,4,3,0,0,1,0,0,9,1,-1,2014,1319H0585,421074.0,433287.0,-1.681556,53.795467,13,3,2,2,17/09/2014,4,12:30,204,E08000035,E08000035,6,0,6,30.0,3,4,6,0,0,0,1,1,1,0,0,1,1,2,E01011613
5203,20141319H0965,2014,1319H0965,1,1,1,1,25,5,3,0,0,0,0,0,1,1,-1,2014,1319H0965,433816.0,434050.0,-1.488041,53.801655,13,3,2,1,17/09/2014,4,16:20,204,E08000035,E08000035,3,64,3,40.0,3,4,6,0,0,0,1,1,1,0,0,1,1,2,E01011617
5204,20141319H0975,2014,1319H0975,2,1,1,1,32,6,3,0,0,0,0,0,1,1,-1,2014,1319H0975,424131.0,444007.0,-1.634309,53.891685,13,3,2,1,17/09/2014,4,16:23,204,E08000035,E08000035,3,658,6,40.0,3,2,3,660,0,5,1,1,1,0,0,2,2,2,E01032503
5205,20141319H1265,2014,1319H1265,1,1,3,2,2,1,3,5,9,0,0,0,0,-1,-1,2014,1319H1265,429840.0,427589.0,-1.549031,53.743826,13,3,1,1,17/09/2014,4,18:33,204,E08000035,E08000035,6,0,6,30.0,3,4,6,0,0,0,1,1,1,0,0,1,1,2,E01011497
5206,20141319H1592,2014,1319H1592,1,1,1,1,20,4,3,0,0,0,0,0,9,1,-1,2014,1319H1592,421631.0,440843.0,-1.672571,53.863357,13,3,2,4,17/09/2014,4,21:21,204,E08000035,E08000035,6,0,6,30.0,6,2,3,658,0,4,4,2,2,0,0,1,1,2,E01011578
5207,20141319H1592,2014,1319H1592,1,2,2,2,19,4,3,0,0,1,0,0,9,1,-1,2014,1319H1592,421631.0,440843.0,-1.672571,53.863357,13,3,2,4,17/09/2014,4,21:21,204,E08000035,E08000035,6,0,6,30.0,6,2,3,658,0,4,4,2,2,0,0,1,1,2,E01011578
5208,20141319H1592,2014,1319H1592,1,3,2,1,21,5,3,0,0,2,0,0,9,1,-1,2014,1319H1592,421631.0,440843.0,-1.672571,53.863357,13,3,2,4,17/09/2014,4,21:21,204,E08000035,E08000035,6,0,6,30.0,6,2,3,658,0,4,4,2,2,0,0,1,1,2,E01011578
5209,20141319H1592,2014,1319H1592,1,4,2,1,19,4,3,0,0,2,0,0,9,1,-1,2014,1319H1592,421631.0,440843.0,-1.672571,53.863357,13,3,2,4,17/09/2014,4,21:21,204,E08000035,E08000035,6,0,6,30.0,6,2,3,658,0,4,4,2,2,0,0,1,1,2,E01011578
5210,20141319H1625,2014,1319H1625,1,1,2,2,54,8,3,0,0,2,0,0,9,1,-1,2014,1319H1625,429734.0,426972.0,-1.550697,53.738287,13,3,2,1,17/09/2014,4,21:46,204,E08000035,E08000035,3,654,6,50.0,0,-1,-1,-1,0,0,4,1,1,0,0,2,1,2,E01032495
5211,20141319I0274,2014,1319I0274,1,1,1,2,32,6,3,0,0,0,0,0,9,1,-1,2014,1319I0274,429082.0,433519.0,-1.559967,53.797167,13,3,2,1,18/09/2014,5,08:45,204,E08000035,E08000035,6,0,6,30.0,3,4,3,58,0,5,1,1,1,0,0,1,1,2,E01033008
5212,20141319I0467,2014,1319I0467,2,1,1,1,32,6,3,0,0,0,0,0,1,1,-1,2014,1319I0467,425162.0,429001.0,-1.619845,53.756763,13,3,2,1,18/09/2014,5,10:30,204,E08000035,E08000035,3,62,3,30.0,6,2,6,0,0,4,1,1,1,0,0,1,2,2,E01011522
5213,20141319I1058,2014,1319I1058,1,1,3,2,27,6,3,5,1,0,0,0,0,1,-1,2014,1319I1058,427421.0,434620.0,-1.585085,53.807153,13,3,1,1,18/09/2014,5,16:40,204,E08000035,E08000035,3,65,6,30.0,3,4,6,0,0,0,1,1,1,0,0,1,2,2,E01011482
5214,20141319J0301,2014,1319J0301,1,1,3,1,7,2,2,5,1,0,0,0,0,1,-1,2014,1319J0301,428169.0,436254.0,-1.573578,53.821799,13,2,1,1,19/09/2014,6,08:49,204,E08000035,E08000035,6,0,6,20.0,0,-1,-1,-1,0,0,1,1,1,0,0,1,1,2,E01011451
5215,20141319J0588,2014,1319J0588,1,1,1,1,36,7,3,0,0,0,0,0,9,1,-1,2014,1319J0588,432003.0,439729.0,-1.514978,53.852811,13,3,1,1,19/09/2014,6,12:00,204,E08000035,E08000035,6,0,6,30.0,0,-1,-1,-1,0,0,1,1,1,0,0,1,2,2,E01011568
5216,20141319J0826,2014,1319J0826,2,1,1,1,16,4,3,0,0,0,0,0,1,1,-1,2014,1319J0826,430400.0,435423.0,-1.53977,53.814205,13,3,2,1,12/09/2014,6,07:30,204,E08000035,E08000035,6,0,6,30.0,0,-1,-1,-1,0,0,1,1,1,0,0,1,2,2,E01011357
5217,20141319J0933,2014,1319J0933,1,1,1,1,15,3,3,0,0,0,0,0,1,1,-1,2014,1319J0933,423301.0,434739.0,-1.647639,53.808423,13,3,2,2,19/09/2014,6,15:16,204,E08000035,E08000035,6,0,6,30.0,6,4,6,0,0,0,1,1,2,0,0,1,1,2,E01011335
5218,20141319J0933,2014,1319J0933,1,2,2,1,15,3,3,0,0,0,0,0,1,1,-1,2014,1319J0933,423301.0,434739.0,-1.647639,53.808423,13,3,2,2,19/09/2014,6,15:16,204,E08000035,E08000035,6,0,6,30.0,6,4,6,0,0,0,1,1,2,0,0,1,1,2,E01011335
5219,20141319J0982,2014,1319J0982,1,1,3,2,12,3,3,5,1,0,0,0,0,1,-1,2014,1319J0982,429687.0,428088.0,-1.551303,53.74832,13,3,1,1,19/09/2014,6,15:38,204,E08000035,E08000035,6,0,6,30.0,0,-1,-1,-1,0,0,1,2,2,0,0,1,1,2,E01032498
5220,20141319J1054,2014,1319J1054,1,1,3,2,44,7,2,1,1,0,0,0,0,1,-1,2014,1319J1054,430350.0,433429.0,-1.540726,53.796286,13,2,1,1,19/09/2014,6,16:12,204,E08000035,E08000035,6,0,6,30.0,0,-1,-1,-1,0,4,1,1,1,0,0,1,1,2,E01033010
5221,20141319K0369,2014,1319K0369,1,1,1,1,28,6,1,0,0,0,0,0,9,-1,-1,2014,1319K0369,429940.0,430394.0,-1.547243,53.769032,13,1,2,3,20/09/2014,7,05:39,204,E08000035,E08000035,6,0,6,30.0,0,-1,-1,-1,0,0,4,2,2,0,0,1,1,2,E01011322
5222,20141319K0369,2014,1319K0369,1,2,2,1,25,5,2,0,0,1,0,0,9,-1,-1,2014,1319K0369,429940.0,430394.0,-1.547243,53.769032,13,1,2,3,20/09/2014,7,05:39,204,E08000035,E08000035,6,0,6,30.0,0,-1,-1,-1,0,0,4,2,2,0,0,1,1,2,E01011322
5223,20141319K0369,2014,1319K0369,1,3,2,2,25,5,1,0,0,2,0,0,9,-1,-1,2014,1319K0369,429940.0,430394.0,-1.547243,53.769032,13,1,2,3,20/09/2014,7,05:39,204,E08000035,E08000035,6,0,6,30.0,0,-1,-1,-1,0,0,4,2,2,0,0,1,1,2,E01011322
5224,20141319K0428,2014,1319K0428,1,1,1,2,50,8,3,0,0,0,0,0,9,3,-1,2014,1319K0428,432794.0,429523.0,-1.504037,53.761032,13,3,1,2,20/09/2014,7,07:12,204,E08000035,E08000035,1,1,3,70.0,0,-1,-1,-1,0,0,1,2,2,0,0,2,1,1,E01011470
5225,20141319K0428,2014,1319K0428,1,2,2,2,17,4,3,0,0,1,0,0,9,3,-1,2014,1319K0428,432794.0,429523.0,-1.504037,53.761032,13,3,1,2,20/09/2014,7,07:12,204,E08000035,E08000035,1,1,3,70.0,0,-1,-1,-1,0,0,1,2,2,0,0,2,1,1,E01011470
5226,20141319K0514,2014,1319K0514,1,1,1,1,37,7,3,0,0,0,0,0,8,1,-1,2014,1319K0514,426106.0,437116.0,-1.604843,53.829654,13,3,2,1,20/09/2014,7,09:08,204,E08000035,E08000035,6,0,6,30.0,9,4,6,0,0,0,1,1,1,0,0,1,1,2,E01011485
5227,20141319K0792,2014,1319K0792,1,1,2,2,29,6,3,0,0,2,0,0,9,1,-1,2014,1319K0792,420469.0,439596.0,-1.690323,53.852196,13,3,1,1,20/09/2014,7,12:15,204,E08000035,E08000035,6,0,6,30.0,0,-1,-1,-1,0,0,1,1,1,0,0,1,2,2,E01011278
5228,20141319K1055,2014,1319K1055,1,1,2,1,23,5,1,0,0,1,0,0,9,1,-1,2014,1319K1055,431942.0,438112.0,-1.516073,53.838281,13,1,1,2,20/09/2014,7,15:45,204,E08000035,E08000035,6,0,6,30.0,0,-1,-1,-1,0,0,1,1,2,0,0,1,1,2,E01011654
5229,20141319K1055,2014,1319K1055,1,2,1,1,23,5,3,0,0,0,0,0,9,-1,-1,2014,1319K1055,431942.0,438112.0,-1.516073,53.838281,13,1,1,2,20/09/2014,7,15:45,204,E08000035,E08000035,6,0,6,30.0,0,-1,-1,-1,0,0,1,1,2,0,0,1,1,2,E01011654
5230,20141319L0679,2014,1319L0679,1,1,3,1,67,10,2,5,1,0,0,0,0,1,-1,2014,1319L0679,431378.0,434237.0,-1.525037,53.803488,13,2,1,1,21/09/2014,1,11:10,204,E08000035,E08000035,6,0,6,30.0,3,4,6,0,0,0,1,1,1,0,0,1,1,2,E01033035