,accident_index,accident_year_x,accident_reference_x,vehicle_reference,casualty_reference,casualty_class,sex_of_casualty,age_of_casualty,age_band_of_casualty,casualty_severity,pedestrian_location,pedestrian_movement,car_passenger,bus_or_coach_passenger,pedestrian_road_maintenance_worker,casualty_type,casualty_home_area_type,casualty_imd_decile,accident_year_y,accident_reference_y,location_easting_osgr,location_northing_osgr,longitude,latitude,police_force,accident_severity,number_of_vehicles,number_of_casualties,date,day_of_week,time,local_authority_district,local_authority_ons_district,local_authority_highway,first_road_class,first_road_number,road_type,speed_limit,junction_detail,junction_control,second_road_class,second_road_number,pedestrian_crossing_human_control,pedestrian_crossing_physical_facilities,light_conditions,weather_conditions,road_surface_conditions,special_conditions_at_site,carriageway_hazards,urban_or_rural_area,did_police_officer_attend_scene_of_accident,trunk_road_flag,lsoa_of_accident_location
5231,20141319M0270,2014,1319M0270,2,1,1,1,59,9,2,0,0,0,0,0,5,1,-1,2014,1319M0270,433257.0,432969.0,-1.496644,53.791975,13,2,2,1,22/09/2014,2,19:20,204,E08000035,E08000035,6,0,6,30.0,3,4,6,0,0,0,1,1,1,0,0,1,1,2,E01011621
5232,20141319M0313,2014,1319M0313,1,1,1,1,49,8,3,0,0,0,0,0,1,-1,-1,2014,1319M0313,422824.0,437763.0,-1.654659,53.835623,13,3,2,1,22/09/2014,2,08:30,204,E08000035,E08000035,3,65,6,40.0,8,4,6,0,0,0,1,1,1,0,0,1,2,2,E01011452
5233,20141319M0473,2014,1319M0473,1,1,1,1,53,8,3,0,0,0,0,0,9,1,-1,2014,1319M0473,431849.0,435789.0,-1.517726,53.817408,13,3,2,2,22/09/2014,2,10:30,204,E08000035,E08000035,6,0,6,30.0,3,4,6,0,0,0,1,1,1,0,0,1,1,2,E01011422
5234,20141319M0473,2014,1319M0473,2,2,1,1,26,6,3,0,0,0,0,0,9,1,-1,2014,1319M0473,431849.0,435789.0,-1.517726,53.817408,13,3,2,2,22/09/2014,2,10:30,204,E08000035,E08000035,6,0,6,30.0,3,4,6,0,0,0,1,1,1,0,0,1,1,2,E01011422
5235,20141319M0967,2014,1319M0967,1,1,3,1,11,3,3,5,1,0,0,0,0,1,-1,2014,1319M0967,432093.0,436324.0,-1.513964,53.822202,13,3,1,1,22/09/2014,2,15:44,204,E08000035,E08000035,6,0,6,30.0,0,-1,-1,-1,0,0,1,1,1,0,0,1,1,2,E01011642
5236,20141319M1243,2014,1319M1243,1,1,1,2,42,7,3,0,0,0,0,0,9,1,-1,2014,1319M1243,429958.0,427024.0,-1.547296,53.738741,13,3,2,2,22/09/2014,2,17:53,204,E08000035,E08000035,6,0,6,30.0,3,4,6,0,0,0,1,1,1,0,0,1,1,2,E01032495
5237,20141319M1243,2014,1319M1243,2,2,1,1,46,8,3,0,0,0,0,0,9,1,-1,2014,1319M1243,429958.0,427024.0,-1.547296,53.738741,13,3,2,2,22/09/2014,2,17:53,204,E08000035,E08000035,6,0,6,30.0,3,4,6,0,0,0,1,1,1,0,0,1,1,2,E01032495
5238,20141319M1463,2014,1319M1463,1,1,1,1,28,6,3,0,0,0,0,0,1,1,-1,2014,1319M1463,436053.0,434790.0,-1.45399,53.808156,13,3,2,1,22/09/2014,2,18:00,204,E08000035,E08000035,6,0,3,40.0,3,4,6,0,0,4,1,1,1,0,0,1,2,2,E01011345
5239,20141319M1525,2014,1319M1525,1,1,3,1,56,9,2,5,4,0,0,0,0,1,-1,2014,1319M1525,425638.0,426887.0,-1.6128,53.73774,13,2,1,1,22/09/2014,2,21:23,204,E08000035,E08000035,3,650,6,40.0,3,2,4,6123,0,5,4,1,1,0,0,1,1,2,E01011534
5240,20141319N0183,2014,1319N0183,1,1,1,2,29,6,3,0,0,0,0,0,1,-1,-1,2014,1319N0183,429412.0,428182.0,-1.555464,53.74918,13,3,2,1,17/09/2014,4,05:50,204,E08000035,E08000035,6,0,3,30.0,3,4,6,0,0,0,4,1,1,0,0,1,1,2,E01032498
5241,20141319N0254,2014,1319N0254,1,1,1,1,68,10,3,0,0,0,0,0,1,1,-1,2014,1319N0254,436325.0,434204.0,-1.449929,53.80287,13,3,2,1,23/09/2014,3,07:45,204,E08000035,E08000035,3,6120,6,30.0,3,4,6,0,0,0,1,1,1,0,0,1,1,2,E01011408
5242,20141319N0255,2014,1319N0255,2,1,1,1,38,7,3,0,0,0,0,0,1,-1,-1,2014,1319N0255,430090.0,431415.0,-1.544869,53.7782,13,3,2,1,23/09/2014,3,07:52,204,E08000035,E08000035,3,653,6,30.0,0,-1,-1,-1,0,0,1,1,1,0,0,1,1,2,E01011371
5243,20141319N0295,2014,1319N0295,2,1,1,1,18,4,2,0,0,0,0,0,3,1,-1,2014,1319N0295,434800.0,429089.0,-1.473659,53.757002,13,2,2,1,23/09/2014,3,08:20,204,E08000035,E08000035,6,0,3,40.0,6,4,6,0,0,0,1,1,1,0,0,1,1,2,E01011628
5244,20141319N1081,2014,1319N1081,1,1,1,1,22,5,3,0,0,0,0,0,1,1,-1,2014,1319N1081,431120.0,429867.0,-1.529395,53.764226,13,3,2,1,24/09/2014,4,13:40,204,E08000035,E08000035,6,0,1,30.0,1,4,6,0,0,0,1,1,1,0,0,1,2,2,E01011474
5245,20141319N1116,2014,1319N1116,1,1,3,2,13,3,3,5,2,0,0,0,0,1,-1,2014,1319N1116,429790.0,435213.0,-1.549055,53.812353,13,3,1,1,23/09/2014,3,16:10,204,E08000035,E08000035,6,0,6,30.0,0,-1,-1,-1,0,0,1,1,1,0,0,1,1,2,E01011670
5246,20141319N1500,2014,1319N1500,1,1,1,1,37,7,3,0,0,0,0,0,19,1,-1,2014,1319N1500,422901.0,433567.0,-1.6538,53.797906,13,3,2,1,23/09/2014,3,17:10,204,E08000035,E08000035,4,6154,6,30.0,0,-1,-1,-1,0,0,1,1,1,0,0,1,2,2,E01011610
5247,20141319N1525,2014,1319N1525,1,1,3,2,20,4,3,5,3,0,0,0,0,1,-1,2014,1319N1525,428260.0,435442.0,-1.57227,53.814496,13,3,1,1,23/09/2014,3,19:52,204,E08000035,E08000035,6,0,6,30.0,0,-1,-1,-1,0,0,4,2,2,0,0,1,1,2,E01011442
5248,20141319O0159,2014,1319O0159,4,1,1,1,35,6,2,0,0,0,0,0,1,-1,-1,2014,1319O0159,427592.0,431186.0,-1.582795,53.776279,13,2,4,1,24/09/2014,4,06:25,204,E08000035,E08000035,3,6110,1,30.0,1,2,1,621,0,0,4,1,2,0,0,1,1,2,E01011369
5249,20141319O0245,2014,1319O0245,1,1,1,1,19,4,2,0,0,0,0,0,3,1,-1,2014,1319O0245,426426.0,427163.0,-1.600831,53.740181,13,2,1,1,24/09/2014,4,08:40,204,E08000035,E08000035,6,0,6,30.0,0,-1,-1,-1,0,0,1,1,1,0,0,1,2,2,E01011541
5250,20141319O0485,2014,1319O0485,1,1,3,2,51,8,3,7,6,0,0,0,0,1,-1,2014,1319O0485,432459.0,434819.0,-1.508563,53.808653,13,3,1,1,24/09/2014,4,11:46,204,E08000035,E08000035,6,0,6,30.0,0,-1,-1,-1,0,4,1,1,1,0,0,1,1,2,E01011344
5251,20141319O0778,2014,1319O0778,1,1,3,2,43,7,2,2,1,0,0,0,0,-1,-1,2014,1319O0778,429914.0,433490.0,-1.547339,53.79686,13,2,1,1,24/09/2014,4,14:25,204,E08000035,E08000035,6,0,6,30.0,0,-1,-1,-1,0,4,1,1,1,0,0,1,1,2,E01033010
5252,20141319O1108,2014,1319O1108,2,1,1,1,23,5,3,0,0,0,0,0,1,1,-1,2014,1319O1108,428461.0,434424.0,-1.569311,53.805336,13,3,2,1,24/09/2014,4,17:07,204,E08000035,E08000035,6,0,6,30.0,0,-1,-1,-1,0,0,1,1,1,0,0,1,1,2,E01011483
5253,20141319O1118,2014,1319O1118,2,1,1,2,28,6,3,0,0,0,0,0,9,1,-1,2014,1319O1118,431711.0,435568.0,-1.519845,53.81543,13,3,2,2,24/09/2014,4,17:00,204,E08000035,E08000035,6,0,6,30.0,3,4,6,0,0,0,1,1,1,0,0,1,2,2,E01011429
5254,20141319O1118,2014,1319O1118,2,2,2,2,26,6,3,0,0,1,0,0,9,1,-1,2014,1319O1118,431711.0,435568.0,-1.519845,53.81543,13,3,2,2,24/09/2014,4,17:00,204,E08000035,E08000035,6,0,6,30.0,3,4,6,0,0,0,1,1,1,0,0,1,2,2,E01011429
5255,20141319O1243,2014,1319O1243,1,1,1,2,18,4,3,0,0,0,0,0,9,1,-1,2014,1319O1243,438430.0,436418.0,-1.417693,53.822618,13,2,2,2,24/09/2014,4,18:00,204,E08000035,E08000035,6,0,6,30.0,3,4,6,0,0,0,1,1,1,0,0,2,1,2,E01011719
5256,20141319O1243,2014,1319O1243,2,2,1,1,56,9,2,0,0,0,0,0,9,3,-1,2014,1319O1243,438430.0,436418.0,-1.417693,53.822618,13,2,2,2,24/09/2014,4,18:00,204,E08000035,E08000035,6,0,6,30.0,3,4,6,0,0,0,1,1,1,0,0,2,1,2,E01011719
5257,20141319O1277,2014,1319O1277,1,1,3,1,11,3,3,5,1,0,0,0,0,1,-1,2014,1319O1277,430950.0,435512.0,-1.531408,53.814973,13,3,1,1,24/09/2014,4,18:19,204,E08000035,E08000035,6,0,6,30.0,3,4,6,0,0,0,1,1,1,0,0,1,1,2,E01011361
5258,20141319O1354,2014,1319O1354,1,1,1,1,25,5,3,0,0,0,0,0,9,1,-1,2014,1319O1354,427888.0,432916.0,-1.578148,53.791813,13,3,2,1,24/09/2014,4,19:00,204,E08000035,E08000035,4,6154,6,30.0,3,4,6,0,0,0,1,1,1,0,0,1,1,2,E01011294
5259,20141319O1363,2014,1319O1363,1,1,1,2,30,6,3,0,0,0,0,0,9,1,-1,2014,1319O1363,426285.0,435588.0,-1.602253,53.815912,13,3,2,2,24/09/2014,4,19:10,204,E08000035,E08000035,6,0,6,30.0,6,2,6,0,0,5,1,1,1,0,0,1,1,2,E01011488
5260,20141319O1363,2014,1319O1363,2,2,1,2,32,6,3,0,0,0,0,0,9,1,-1,2014,1319O1363,426285.0,435588.0,-1.602253,53.815912,13,3,2,2,24/09/2014,4,19:10,204,E08000035,E08000035,6,0,6,30.0,6,2,6,0,0,5,1,1,1,0,0,1,1,2,E01011488
5261,20141319P0481,2014,1319P0481,1,1,1,1,16,4,3,0,0,0,0,0,1,-1,-1,2014,1319P0481,431447.0,433443.0,-1.524071,53.796347,13,3,2,1,25/09/2014,5,10:45,204,E08000035,E08000035,6,0,6,30.0,3,4,6,0,0,0,1,1,1,0,0,1,1,2,E01033021
5262,20141319P1341,2014,1319P1341,1,1,2,2,5,1,3,0,0,0,3,0,11,1,-1,2014,1319P1341,427250.0,433225.0,-1.587805,53.794624,13,3,1,1,25/09/2014,5,15:00,204,E08000035,E08000035,6,0,6,30.0,0,-1,-1,-1,0,0,1,1,1,0,0,1,2,2,E01011292
5263,20141319P1408,2014,1319P1408,1,1,3,2,51,8,3,5,3,0,0,0,0,-1,-1,2014,1319P1408,427418.0,437081.0,-1.584912,53.829272,13,3,1,1,25/09/2014,5,19:19,204,E08000035,E08000035,3,660,6,30.0,0,-1,-1,-1,0,0,4,1,2,0,0,1,1,2,E01011690
5264,20141319P1598,2014,1319P1598,2,1,1,1,29,6,3,0,0,0,0,0,1,1,-1,2014,1319P1598,428906.0,435510.0,-1.562452,53.815072,13,3,2,1,25/09/2014,5,19:45,204,E08000035,E08000035,3,660,6,30.0,3,4,6,0,0,0,1,1,1,0,0,1,2,2,E01011443
5265,20141319Q0608,2014,1319Q0608,1,1,1,1,24,5,3,0,0,0,0,0,1,-1,-1,2014,1319Q0608,432074.0,432131.0,-1.514688,53.784517,13,3,1,1,26/09/2014,6,12:50,204,E08000035,E08000035,6,0,6,30.0,0,-1,-1,-1,0,0,1,1,1,0,0,1,1,2,E01011621
5266,20141319Q0731,2014,1319Q0731,1,1,1,1,25,5,2,0,0,0,0,0,3,1,-1,2014,1319Q0731,427743.0,432615.0,-1.580376,53.789115,13,2,1,1,26/09/2014,6,14:40,204,E08000035,E08000035,6,0,6,30.0,0,-1,-1,-1,0,0,1,1,1,0,0,1,1,2,E01011362
5267,20141319Q0967,2014,1319Q0967,1,1,1,1,23,5,3,0,0,0,0,0,3,1,-1,2014,1319Q0967,427509.0,435384.0,-1.583681,53.814015,13,3,2,1,24/09/2014,4,12:15,204,E08000035,E08000035,6,0,6,30.0,3,4,6,0,0,0,1,1,1,0,0,1,2,2,E01011479
5268,20141319Q1022,2014,1319Q1022,1,1,3,1,8,2,3,5,3,0,0,0,0,-1,-1,2014,1319Q1022,429947.0,431817.0,-1.547,53.781821,13,3,1,1,26/09/2014,6,17:07,204,E08000035,E08000035,6,0,6,30.0,3,4,6,0,0,0,1,1,1,0,0,1,1,2,E01011364
5269,20141319R1115,2014,1319R1115,1,1,2,2,77,11,3,0,0,0,4,0,11,1,-1,2014,1319R1115,436471.0,428488.0,-1.448386,53.751486,13,3,1,1,27/09/2014,7,15:37,204,E08000035,E08000035,3,642,6,40.0,0,-1,-1,-1,0,0,1,1,1,0,0,1,2,2,E01011635
5270,20141319R1125,2014,1319R1125,1,1,1,1,57,9,3,0,0,0,0,0,5,2,-1,2014,1319R1125,420422.0,446252.0,-1.690596,53.912021,13,3,1,1,27/09/2014,7,16:29,204,E08000035,E08000035,6,0,6,30.0,0,-1,-1,-1,0,0,1,1,1,0,0,1,1,2,E01011584
5271,20141319R1260,2014,1319R1260,2,1,1,1,45,7,3,0,0,0,0,0,9,-1,-1,2014,1319R1260,425505.0,440285.0,-1.613712,53.858166,13,3,2,4,27/09/2014,7,17:48,204,E08000035,E08000035,6,0,6,30.0,3,4,6,0,0,0,1,1,1,0,0,1,1,2,E01011378
5272,20141319R1260,2014,1319R1260,2,2,2,2,47,8,3,0,0,1,0,0,9,-1,-1,2014,1319R1260,425505.0,440285.0,-1.613712,53.858166,13,3,2,4,27/09/2014,7,17:48,204,E08000035,E08000035,6,0,6,30.0,3,4,6,0,0,0,1,1,1,0,0,1,1,2,E01011378
5273,20141319R1260,2014,1319R1260,2,3,2,2,10,2,3,0,0,2,0,0,9,-1,-1,2014,1319R1260,425505.0,440285.0,-1.613712,53.858166,13,3,2,4,27/09/2014,7,17:48,204,E08000035,E08000035,6,0,6,30.0,3,4,6,0,0,0,1,1,1,0,0,1,1,2,E01011378
5274,20141319R1260,2014,1319R1260,2,4,2,1,16,4,3,0,0,2,0,0,9,-1,-1,2014,1319R1260,425505.0,440285.0,-1.613712,53.858166,13,3,2,4,27/09/2014,7,17:48,204,E08000035,E08000035,6,0,6,30.0,3,4,6,0,0,0,1,1,1,0,0,1,1,2,E01011378
5275,20141319S0099,2014,1319S0099,2,1,1,1,28,6,2,0,0,0,0,0,5,1,-1,2014,1319S0099,426765.0,438353.0,-1.594723,53.840739,13,2,2,1,28/09/2014,1,00:44,204,E08000035,E08000035,3,660,3,40.0,3,4,6,0,0,0,4,1,1,0,0,1,1,2,E01011684
5276,20141319S1387,2014,1319S1387,2,1,1,1,36,7,3,0,0,0,0,0,1,1,-1,2014,1319S1387,428848.0,430136.0,-1.563834,53.766774,13,3,2,1,24/09/2014,4,06:45,204,E08000035,E08000035,6,0,6,30.0,3,4,6,0,0,0,1,1,1,0,0,1,2,2,E01011320
5277,20141319S1437,2014,1319S1437,1,1,2,2,47,8,3,0,0,2,0,0,8,1,-1,2014,1319S1437,428372.0,431293.0,-1.57095,53.777199,13,3,1,1,27/09/2014,7,06:10,204,E08000035,E08000035,3,643,6,30.0,0,-1,-1,-1,0,0,1,1,1,0,0,1,2,2,E01011369
5278,20141319T0253,2014,1319T0253,1,1,3,1,4,1,3,6,9,0,0,0,0,1,-1,2014,1319T0253,436177.0,435946.0,-1.451972,53.818537,13,3,1,1,29/09/2014,2,08:30,204,E08000035,E08000035,6,0,6,30.0,0,-1,-1,-1,0,0,1,1,1,0,0,1,1,2,E01011724
5279,20141319T0468,2014,1319T0468,2,1,1,2,31,6,3,0,0,0,0,0,1,1,-1,2014,1319T0468,427322.0,437205.0,-1.58636,53.830392,13,3,2,1,29/09/2014,2,10:35,204,E08000035,E08000035,3,660,3,30.0,6,4,6,0,0,4,1,1,1,0,0,1,1,2,E01011690
5280,20141319T0480,2014,1319T0480,1,1,3,1,74,10,3,5,1,0,0,0,0,1,-1,2014,1319T0480,420483.0,433994.0,-1.690481,53.801845,13,3,1,1,29/09/2014,2,10:47,204,E08000035,E08000035,6,0,6,30.0,0,-1,-1,-1,0,0,1,1,1,0,0,1,1,2,E01011597
5281,20141319T0713,2014,1319T0713,1,1,3,2,30,6,3,5,1,0,0,0,0,1,-1,2014,1319T0713,436278.0,434709.0,-1.450583,53.807412,13,3,1,1,29/09/2014,2,12:15,204,E08000035,E08000035,6,0,6,30.0,3,4,6,0,0,0,1,1,1,0,0,1,2,2,E01011408
5282,20141319T0743,2014,1319T0743,1,1,2,1,50,8,3,0,0,0,1,0,11,-1,-1,2014,1319T0743,430646.0,433445.0,-1.53623,53.796413,13,3,1,1,29/09/2014,2,11:25,204,E08000035,E08000035,6,0,6,30.0,0,-1,-1,-1,0,0,1,1,1,0,0,1,2,2,E01033011
5283,20141319T0952,2014,1319T0952,1,1,3,1,17,4,3,5,1,0,0,0,0,1,-1,2014,1319T0952,425443.0,437455.0,-1.614888,53.832734,13,3,1,1,29/09/2014,2,15:40,204,E08000035,E08000035,6,0,6,30.0,0,-1,-1,-1,0,0,1,1,1,0,0,1,1,2,E01011484
5284,20141319T1142,2014,1319T1142,1,1,1,1,46,8,3,0,0,0,0,0,3,1,-1,2014,1319T1142,427812.0,427012.0,-1.579831,53.738752,13,3,1,1,29/09/2014,2,16:42,204,E08000035,E08000035,6,0,6,30.0,0,-1,-1,-1,0,0,1,1,2,0,0,2,1,2,E01011540
5285,20141319T1169,2014,1319T1169,2,1,1,1,38,7,3,0,0,0,0,0,5,1,-1,2014,1319T1169,429051.0,432262.0,-1.560555,53.785871,13,3,2,1,29/09/2014,2,16:58,204,E08000035,E08000035,6,0,6,30.0,0,-1,-1,-1,0,0,1,1,1,0,0,1,1,2,E01033013
5286,20141319U0826,2014,1319U0826,2,1,1,1,21,5,3,0,0,0,0,0,1,-1,-1,2014,1319U0826,428140.0,435853.0,-1.574055,53.818197,13,3,2,1,30/09/2014,3,14:51,204,E08000035,E08000035,3,660,6,30.0,3,4,6,0,0,0,1,1,1,0,0,1,1,2,E01032946
5287,20141319U0990,2014,1319U0990,2,1,2,2,35,6,3,0,0,1,0,0,9,-1,-1,2014,1319U0990,425006.0,438168.0,-1.62147,53.839163,13,3,2,1,30/09/2014,3,16:10,204,E08000035,E08000035,6,0,6,30.0,3,4,6,0,0,0,1,1,1,0,0,1,1,2,E01011464
5288,20141319U1294,2014,1319U1294,1,1,1,2,29,6,3,0,0,0,0,0,1,1,-1,2014,1319U1294,437661.0,444879.0,-1.428339,53.898718,13,3,2,1,30/09/2014,3,17:30,204,E08000035,E08000035,3,58,6,30.0,3,4,6,0,0,0,1,1,1,0,0,2,2,2,E01011696
5289,2014131A10211,2014,131A10211,1,1,1,1,47,8,2,0,0,0,0,0,1,1,-1,2014,131A10211,424904.0,436768.0,-1.623133,53.826585,13,2,1,1,01/10/2014,4,05:25,204,E08000035,E08000035,3,65,6,40.0,0,-1,-1,-1,0,0,5,1,1,4,0,2,1,2,E01032494
5290,2014131A10334,2014,131A10334,2,1,2,2,4,1,3,0,0,2,0,0,9,1,-1,2014,131A10334,429747.0,437057.0,-1.54953,53.828929,13,3,2,1,01/10/2014,4,08:58,204,E08000035,E08000035,6,0,6,30.0,6,4,6,0,0,0,1,1,1,0,0,1,1,2,E01011507
5291,2014131A10498,2014,131A10498,1,1,1,1,27,6,2,0,0,0,0,0,3,1,-1,2014,131A10498,432491.0,430804.0,-1.508499,53.772564,13,2,2,1,01/10/2014,4,10:35,204,E08000035,E08000035,6,0,6,30.0,0,-1,-1,-1,0,0,1,1,1,0,0,1,1,2,E01011470
5292,2014131A10718,2014,131A10718,2,1,1,1,48,8,3,0,0,0,0,0,9,1,-1,2014,131A10718,420297.0,439687.0,-1.692931,53.85302,13,3,2,1,01/10/2014,4,13:25,204,E08000035,E08000035,3,658,6,30.0,3,4,6,0,0,0,1,1,1,0,0,1,1,2,E01011277
5293,2014131A10887,2014,131A10887,2,1,1,1,57,9,3,0,0,0,0,0,1,1,-1,2014,131A10887,427944.0,436119.0,-1.577008,53.820598,13,3,2,1,01/10/2014,4,15:04,204,E08000035,E08000035,3,660,6,30.0,3,4,6,0,0,0,1,1,1,0,0,1,1,2,E01011451
5294,2014131A10894,2014,131A10894,1,1,3,1,12,3,3,5,4,0,0,0,0,-1,-1,2014,131A10894,431433.0,432929.0,-1.524335,53.791728,13,3,1,1,01/10/2014,4,15:05,204,E08000035,E08000035,6,0,6,30.0,0,-1,-1,-1,0,0,1,1,1,0,0,1,1,2,E01033034
5295,2014131A11082,2014,131A11082,2,1,1,1,34,6,3,0,0,0,0,0,5,1,-1,2014,131A11082,429836.0,426067.0,-1.549238,53.730147,13,3,2,1,01/10/2014,4,16:26,204,E08000035,E08000035,6,0,6,30.0,0,-1,-1,-1,0,0,1,1,1,0,0,1,1,2,E01011538
5296,2014131A11128,2014,131A11128,1,1,1,2,21,5,3,0,0,0,0,0,9,1,-1,2014,131A11128,425829.0,438092.0,-1.608969,53.83844,13,3,2,1,01/10/2014,4,16:57,204,E08000035,E08000035,3,6120,6,40.0,3,4,6,0,0,0,1,1,1,0,0,1,1,2,E01011684
5297,2014131A20220,2014,131A20220,2,1,2,1,28,6,3,0,0,1,0,0,8,1,-1,2014,131A20220,425954.0,435197.0,-1.607313,53.812414,13,3,2,1,02/10/2014,5,07:30,204,E08000035,E08000035,6,0,6,30.0,0,-1,-1,-1,0,0,1,1,1,0,0,1,1,2,E01011281
5298,2014131A20331,2014,131A20331,1,1,1,2,23,5,3,0,0,0,0,0,9,1,-1,2014,131A20331,438404.0,436410.0,-1.418089,53.822548,13,3,2,1,02/10/2014,5,08:45,204,E08000035,E08000035,6,0,6,30.0,3,4,6,0,0,0,1,1,1,0,0,2,1,2,E01011719
5299,2014131A20395,2014,131A20395,2,1,1,1,54,8,3,0,0,0,0,0,1,1,-1,2014,131A20395,427393.0,434638.0,-1.585509,53.807316,13,3,2,1,02/10/2014,5,09:40,204,E08000035,E08000035,3,65,6,30.0,3,4,6,0,0,0,1,1,1,0,0,1,1,2,E01011482
5300,2014131A20662,2014,131A20662,1,1,3,1,20,4,3,4,4,0,0,0,0,1,-1,2014,131A20662,427156.0,435718.0,-1.589013,53.817036,13,3,1,1,06/10/2014,2,12:42,204,E08000035,E08000035,6,0,6,30.0,3,4,6,0,2,5,1,1,1,0,0,1,1,2,E01032945
5301,2014131A21064,2014,131A21064,1,1,2,2,65,9,3,0,0,0,1,0,11,1,-1,2014,131A21064,430407.0,433684.0,-1.539835,53.798575,13,3,1,1,02/10/2014,5,16:44,204,E08000035,E08000035,6,0,6,30.0,0,-1,-1,-1,0,0,1,1,1,0,0,1,2,2,E01033010
5302,2014131A21226,2014,131A21226,1,1,1,1,67,10,3,0,0,0,0,0,9,1,-1,2014,131A21226,426265.0,433448.0,-1.602739,53.796679,13,3,2,2,02/10/2014,5,18:10,204,E08000035,E08000035,6,0,6,30.0,0,-1,-1,-1,0,0,1,1,1,0,0,1,1,2,E01032607
5303,2014131A21226,2014,131A21226,2,2,1,2,30,6,3,0,0,0,0,0,9,1,-1,2014,131A21226,426265.0,433448.0,-1.602739,53.796679,13,3,2,2,02/10/2014,5,18:10,204,E08000035,E08000035,6,0,6,30.0,0,-1,-1,-1,0,0,1,1,1,0,0,1,1,2,E01032607
5304,2014131A21233,2014,131A21233,2,1,1,1,17,4,3,0,0,0,0,0,3,1,-1,2014,131A21233,424070.0,428295.0,-1.636462,53.750469,13,3,2,1,02/10/2014,5,18:14,204,E08000035,E08000035,6,0,6,30.0,0,-1,-1,-1,0,0,1,1,1,0,0,1,1,2,E01011523
5305,2014131A21276,2014,131A21276,1,1,2,2,8,2,3,0,0,0,0,0,1,1,-1,2014,131A21276,429213.0,429950.0,-1.558315,53.765082,13,3,2,1,02/10/2014,5,18:40,204,E08000035,E08000035,6,0,6,30.0,6,4,6,0,0,0,1,1,1,0,0,1,1,2,E01011320
5306,2014131A30185,2014,131A30185,2,1,1,2,48,8,3,0,0,0,0,0,9,3,-1,2014,131A30185,431254.0,445733.0,-1.525753,53.906818,13,3,2,1,03/10/2014,6,06:31,204,E08000035,E08000035,3,61,6,60.0,3,4,6,0,0,0,1,1,1,0,0,2,1,2,E01011561
5307,2014131A30591,2014,131A30591,2,1,2,2,35,6,3,0,0,1,0,0,9,1,-1,2014,131A30591,431603.0,431457.0,-1.521905,53.778488,13,3,2,1,03/10/2014,6,11:45,204,E08000035,E08000035,3,639,6,30.0,3,4,6,0,0,0,1,1,1,0,0,1,1,2,E01011468
5308,2014131A30603,2014,131A30603,1,1,1,1,52,8,2,0,0,0,0,0,21,1,-1,2014,131A30603,433076.0,429619.0,-1.49975,53.761877,13,2,1,1,03/10/2014,6,10:50,204,E08000035,E08000035,1,1,3,70.0,0,-1,-1,-1,0,0,1,1,1,0,0,2,1,1,E01011470
5309,2014131A30971,2014,131A30971,1,1,1,2,35,6,3,0,0,0,0,0,9,1,-1,2014,131A30971,430790.0,433468.0,-1.534042,53.796611,13,3,2,1,03/10/2014,6,15:50,204,E08000035,E08000035,6,0,3,30.0,6,2,6,0,0,5,1,1,1,0,0,1,1,2,E01033011
5310,2014131A31212,2014,131A31212,2,1,1,1,24,5,3,0,0,0,0,0,9,1,-1,2014,131A31212,425135.0,428981.0,-1.620256,53.756585,13,3,4,1,03/10/2014,6,18:05,204,E08000035,E08000035,3,62,6,30.0,6,2,6,0,0,4,1,1,1,0,0,1,1,2,E01011522
5311,2014131A31223,2014,131A31223,1,1,2,1,42,7,3,0,0,0,3,0,11,1,-1,2014,131A31223,431090.0,433635.0,-1.529471,53.798094,13,3,1,1,03/10/2014,6,16:30,204,E08000035,E08000035,3,653,6,30.0,0,-1,-1,-1,0,0,1,1,1,0,0,1,2,2,E01033011
5312,2014131A40482,2014,131A40482,2,1,1,1,48,8,3,0,0,0,0,0,1,1,-1,2014,131A40482,429943.0,427020.0,-1.547524,53.738706,13,3,2,1,04/10/2014,7,09:08,204,E08000035,E08000035,3,654,6,30.0,3,4,6,0,0,0,1,2,2,0,0,1,1,2,E01032495
5313,2014131A40620,2014,131A40620,1,2,2,2,20,4,3,0,0,1,0,0,9,-1,-1,2014,131A40620,427565.0,436878.0,-1.582697,53.82744,13,3,2,2,04/10/2014,7,11:14,204,E08000035,E08000035,3,660,6,30.0,3,4,6,0,0,0,1,1,1,0,0,1,1,2,E01011694
5314,2014131A40620,2014,131A40620,2,1,1,1,35,6,3,0,0,0,0,0,9,1,-1,2014,131A40620,427565.0,436878.0,-1.582697,53.82744,13,3,2,2,04/10/2014,7,11:14,204,E08000035,E08000035,3,660,6,30.0,3,4,6,0,0,0,1,1,1,0,0,1,1,2,E01011694
5315,2014131A40849,2014,131A40849,1,1,2,2,21,5,3,0,0,1,0,0,9,1,-1,2014,131A40849,430313.0,433457.0,-1.541284,53.79654,13,3,1,1,04/10/2014,7,08:49,204,E08000035,E08000035,6,0,6,30.0,0,-1,-1,-1,0,0,1,1,1,0,0,1,2,2,E01033010
5316,2014131A40879,2014,131A40879,1,1,1,1,46,8,3,0,0,0,0,0,9,1,-1,2014,131A40879,429885.0,435213.0,-1.547612,53.812348,13,3,2,1,04/10/2014,7,14:34,204,E08000035,E08000035,6,0,6,30.0,3,4,6,0,0,0,1,1,1,0,0,1,1,2,E01011670
5317,2014131A41009,2014,131A41009,1,1,3,2,48,8,3,5,3,0,0,0,0,-1,-1,2014,131A41009,430633.0,439212.0,-1.535855,53.848246,13,3,1,1,04/10/2014,7,16:45,204,E08000035,E08000035,3,6120,3,40.0,3,4,6,0,0,0,1,1,1,0,0,1,1,2,E01011512