,accident_index,accident_year_x,accident_reference_x,vehicle_reference,casualty_reference,casualty_class,sex_of_casualty,age_of_casualty,age_band_of_casualty,casualty_severity,pedestrian_location,pedestrian_movement,car_passenger,bus_or_coach_passenger,pedestrian_road_maintenance_worker,casualty_type,casualty_home_area_type,casualty_imd_decile,accident_year_y,accident_reference_y,location_easting_osgr,location_northing_osgr,longitude,latitude,police_force,accident_severity,number_of_vehicles,number_of_casualties,date,day_of_week,time,local_authority_district,local_authority_ons_district,local_authority_highway,first_road_class,first_road_number,road_type,speed_limit,junction_detail,junction_control,second_road_class,second_road_number,pedestrian_crossing_human_control,pedestrian_crossing_physical_facilities,light_conditions,weather_conditions,road_surface_conditions,special_conditions_at_site,carriageway_hazards,urban_or_rural_area,did_police_officer_attend_scene_of_accident,trunk_road_flag,lsoa_of_accident_location
5405,2014131AF0962,2014,131AF0962,1,1,1,1,53,8,2,0,0,0,0,0,1,1,-1,2014,131AF0962,431923.0,438099.0,-1.516363,53.838166,13,2,2,1,10/10/2014,6,16:30,204,E08000035,E08000035,6,0,6,30.0,6,4,6,0,0,0,1,1,1,0,0,1,2,2,E01011654
5406,2014131AF1320,2014,131AF1320,1,1,3,2,74,10,2,4,2,0,0,0,0,1,-1,2014,131AF1320,429931.0,437064.0,-1.546734,53.828981,13,2,1,1,15/10/2014,4,18:50,204,E08000035,E08000035,3,61,6,30.0,0,-1,-1,-1,2,4,1,5,2,0,0,1,1,2,E01011350
5407,2014131AF1341,2014,131AF1341,1,1,1,1,20,4,3,0,0,0,0,0,1,1,-1,2014,131AF1341,428097.0,434762.0,-1.574807,53.808393,13,3,2,1,15/10/2014,4,19:00,204,E08000035,E08000035,6,0,6,30.0,3,4,6,0,0,0,4,2,2,0,0,1,1,2,E01011481
5408,2014131AF1426,2014,131AF1426,1,1,3,2,11,3,3,2,2,0,0,0,0,1,-1,2014,131AF1426,430090.0,431350.0,-1.544875,53.777616,13,3,1,1,15/10/2014,4,19:00,204,E08000035,E08000035,3,653,6,30.0,3,2,6,0,0,4,4,1,1,0,0,1,2,2,E01011371
5409,2014131AF1712,2014,131AF1712,1,1,3,2,23,5,3,1,1,0,0,0,0,-1,-1,2014,131AF1712,429692.0,432929.0,-1.550763,53.79183,13,3,1,2,15/10/2014,4,23:40,204,E08000035,E08000035,6,0,6,30.0,3,4,6,0,0,1,4,2,2,0,0,1,1,2,E01033015
5410,2014131AF1712,2014,131AF1712,1,2,3,1,26,6,3,1,1,0,0,0,0,-1,-1,2014,131AF1712,429692.0,432929.0,-1.550763,53.79183,13,3,1,2,15/10/2014,4,23:40,204,E08000035,E08000035,6,0,6,30.0,3,4,6,0,0,1,4,2,2,0,0,1,1,2,E01033015
5411,2014131AG0293,2014,131AG0293,1,1,1,1,55,8,3,0,0,0,0,0,9,1,-1,2014,131AG0293,436452.0,436053.0,-1.447782,53.81948,13,3,2,1,16/10/2014,5,09:01,204,E08000035,E08000035,6,0,6,30.0,3,4,6,0,0,0,1,1,1,0,0,1,2,2,E01011724
5412,2014131AG0491,2014,131AG0491,2,1,1,1,37,7,3,0,0,0,0,0,1,1,-1,2014,131AG0491,427524.0,436945.0,-1.583314,53.828044,13,3,2,1,16/10/2014,5,08:50,204,E08000035,E08000035,3,660,6,30.0,3,4,6,0,0,0,1,1,1,0,0,1,2,2,E01011690
5413,2014131AG0593,2014,131AG0593,1,1,3,1,14,3,3,4,1,0,0,0,0,-1,-1,2014,131AG0593,429449.0,439424.0,-1.553832,53.85022,13,3,1,1,16/10/2014,5,14:45,204,E08000035,E08000035,6,0,6,30.0,0,-1,-1,-1,0,4,1,1,1,0,0,1,2,2,E01011559
5414,2014131AG1006,2014,131AG1006,1,1,3,2,28,6,3,5,1,0,0,0,0,1,-1,2014,131AG1006,428435.0,429604.0,-1.570149,53.762015,13,3,1,1,16/10/2014,5,14:37,204,E08000035,E08000035,6,0,6,30.0,3,4,6,0,0,0,1,1,2,0,0,1,1,2,E01011321
5415,2014131AG1189,2014,131AG1189,1,1,1,1,23,5,3,0,0,0,0,0,1,-1,-1,2014,131AG1189,431745.0,431417.0,-1.519755,53.77812,13,3,2,1,16/10/2014,5,18:09,204,E08000035,E08000035,3,639,6,30.0,3,4,6,0,0,0,4,1,1,0,0,1,1,2,E01011468
5416,2014131AH0047,2014,131AH0047,1,1,1,1,19,4,3,0,0,0,0,0,9,1,-1,2014,131AH0047,432592.0,427380.0,-1.507327,53.741784,13,3,3,2,17/10/2014,6,00:57,204,E08000035,E08000035,3,654,6,30.0,0,-1,-1,-1,0,0,4,2,2,0,0,1,1,2,E01032496
5417,2014131AH0047,2014,131AH0047,1,2,2,1,17,4,3,0,0,1,0,0,9,1,-1,2014,131AH0047,432592.0,427380.0,-1.507327,53.741784,13,3,3,2,17/10/2014,6,00:57,204,E08000035,E08000035,3,654,6,30.0,0,-1,-1,-1,0,0,4,2,2,0,0,1,1,2,E01032496
5418,2014131AH0209,2014,131AH0209,2,1,1,1,31,6,2,0,0,0,0,0,1,-1,-1,2014,131AH0209,423047.0,437663.0,-1.651278,53.834715,13,2,2,1,17/10/2014,6,07:58,204,E08000035,E08000035,3,65,1,40.0,1,4,3,6120,0,0,1,1,1,0,0,1,1,2,E01011452
5419,2014131AH0226,2014,131AH0226,1,1,1,2,23,5,3,0,0,0,0,0,9,1,-1,2014,131AH0226,423809.0,439248.0,-1.639577,53.848926,13,3,2,1,17/10/2014,6,07:45,204,E08000035,E08000035,6,0,6,30.0,3,4,6,0,0,0,1,1,1,0,0,1,1,2,E01011456
5420,2014131AH0321,2014,131AH0321,1,1,1,1,40,7,3,0,0,0,0,0,9,1,-1,2014,131AH0321,431371.0,435302.0,-1.525036,53.81306,13,3,2,2,17/10/2014,6,08:35,204,E08000035,E08000035,6,0,6,30.0,0,-1,-1,-1,0,0,1,1,1,0,0,1,2,2,E01011361
5421,2014131AH0321,2014,131AH0321,1,2,2,2,28,6,3,0,0,2,0,0,9,-1,-1,2014,131AH0321,431371.0,435302.0,-1.525036,53.81306,13,3,2,2,17/10/2014,6,08:35,204,E08000035,E08000035,6,0,6,30.0,0,-1,-1,-1,0,0,1,1,1,0,0,1,2,2,E01011361
5422,2014131AH0375,2014,131AH0375,2,1,1,1,31,6,3,0,0,0,0,0,9,-1,-1,2014,131AH0375,433258.0,434026.0,-1.496515,53.801475,13,3,3,2,17/10/2014,6,10:00,204,E08000035,E08000035,3,64,3,30.0,0,-1,-1,-1,0,0,1,1,1,0,0,1,1,2,E01011617
5423,2014131AH0375,2014,131AH0375,2,2,2,1,31,6,3,0,0,1,0,0,9,-1,-1,2014,131AH0375,433258.0,434026.0,-1.496515,53.801475,13,3,3,2,17/10/2014,6,10:00,204,E08000035,E08000035,3,64,3,30.0,0,-1,-1,-1,0,0,1,1,1,0,0,1,1,2,E01011617
5424,2014131AH0546,2014,131AH0546,2,1,1,1,56,9,3,0,0,0,0,0,9,1,-1,2014,131AH0546,441101.0,449222.0,-1.375407,53.93749,13,3,2,1,17/10/2014,6,11:55,204,E08000035,E08000035,2,1,3,70.0,0,-1,-1,-1,0,0,1,1,1,0,0,2,1,1,E01011704
5425,2014131AH0650,2014,131AH0650,2,1,1,2,31,6,3,0,0,0,0,0,9,1,-1,2014,131AH0650,428268.0,429615.0,-1.572681,53.762123,13,3,2,1,17/10/2014,6,12:55,204,E08000035,E08000035,3,653,1,40.0,1,4,3,6110,0,8,1,1,1,0,0,1,1,2,E01011518
5426,2014131AH0887,2014,131AH0887,2,1,1,2,35,6,3,0,0,0,0,0,9,1,-1,2014,131AH0887,436836.0,433727.0,-1.442227,53.798547,13,3,2,1,17/10/2014,6,15:40,204,E08000035,E08000035,6,0,6,30.0,1,4,3,6120,0,0,1,1,1,0,0,1,1,2,E01011411
5427,2014131AI0552,2014,131AI0552,1,1,2,2,50,8,3,0,0,1,0,0,9,-1,-1,2014,131AI0552,424100.0,431966.0,-1.635722,53.783463,13,3,3,1,18/10/2014,7,09:45,204,E08000035,E08000035,6,0,6,30.0,8,4,6,0,0,0,1,1,1,0,0,1,1,2,E01011726
5428,2014131AI0595,2014,131AI0595,1,1,1,2,34,6,2,0,0,0,0,0,9,1,-1,2014,131AI0595,427891.0,432915.0,-1.578102,53.791804,13,2,2,1,18/10/2014,7,10:30,204,E08000035,E08000035,6,0,6,30.0,3,4,6,0,0,0,1,1,1,0,0,1,1,2,E01011294
5429,2014131AI0791,2014,131AI0791,1,1,1,2,50,8,3,0,0,0,0,0,9,1,-1,2014,131AI0791,433552.0,435959.0,-1.491841,53.818829,13,3,2,1,18/10/2014,7,13:13,204,E08000035,E08000035,6,0,6,30.0,3,4,6,0,0,0,1,1,1,0,0,1,2,2,E01011421
5430,2014131AI0900,2014,131AI0900,1,1,1,1,20,4,3,0,0,0,0,0,9,1,-1,2014,131AI0900,430641.0,433827.0,-1.536268,53.799847,13,3,2,2,18/10/2014,7,14:05,204,E08000035,E08000035,6,0,6,30.0,3,4,6,0,0,0,1,1,1,0,0,1,1,2,E01033010
5431,2014131AI0900,2014,131AI0900,1,2,2,2,18,4,3,0,0,1,0,0,9,1,-1,2014,131AI0900,430641.0,433827.0,-1.536268,53.799847,13,3,2,2,18/10/2014,7,14:05,204,E08000035,E08000035,6,0,6,30.0,3,4,6,0,0,0,1,1,1,0,0,1,1,2,E01033010
5432,2014131AI1088,2014,131AI1088,2,1,1,1,35,6,3,0,0,0,0,0,1,-1,-1,2014,131AI1088,423666.0,437574.0,-1.641879,53.833887,13,3,2,1,17/10/2014,6,18:45,204,E08000035,E08000035,6,0,6,30.0,3,4,3,6120,0,0,4,1,1,0,0,1,2,2,E01011465
5433,2014131AJ0005,2014,131AJ0005,2,1,1,1,40,7,3,0,0,0,0,0,8,1,-1,2014,131AJ0005,429715.0,433798.0,-1.55033,53.799639,13,3,2,1,19/10/2014,1,00:05,204,E08000035,E08000035,6,0,6,30.0,0,-1,-1,-1,0,0,4,1,1,0,0,1,2,2,E01033008
5434,2014131AJ0462,2014,131AJ0462,1,1,1,1,49,8,3,0,0,0,0,0,9,1,-1,2014,131AJ0462,429100.0,433568.0,-1.559689,53.797607,13,3,2,2,19/10/2014,1,06:40,204,E08000035,E08000035,6,0,3,30.0,3,2,2,58,0,0,1,1,1,0,0,1,1,2,E01033008
5435,2014131AJ0462,2014,131AJ0462,2,2,1,2,39,7,3,0,0,0,0,0,9,1,-1,2014,131AJ0462,429100.0,433568.0,-1.559689,53.797607,13,3,2,2,19/10/2014,1,06:40,204,E08000035,E08000035,6,0,3,30.0,3,2,2,58,0,0,1,1,1,0,0,1,1,2,E01033008
5436,2014131AJ1391,2014,131AJ1391,1,1,3,1,46,8,2,6,9,0,0,0,0,1,-1,2014,131AJ1391,430140.0,436301.0,-1.543633,53.822112,13,2,2,1,19/10/2014,1,19:23,204,E08000035,E08000035,3,61,6,30.0,0,-1,-1,-1,0,0,4,1,2,0,0,1,1,2,E01011358
5437,2014131AJ1579,2014,131AJ1579,2,1,1,1,29,6,3,0,0,0,0,0,9,1,-1,2014,131AJ1579,441281.0,434629.0,-1.374625,53.806321,13,3,2,1,19/10/2014,1,21:30,204,E08000035,E08000035,1,1,3,70.0,0,-1,-1,-1,0,0,6,2,2,0,0,2,1,1,E01011297
5438,2014131AK0574,2014,131AK0574,2,1,1,1,23,5,3,0,0,0,0,0,1,1,-1,2014,131AK0574,430988.0,428228.0,-1.531561,53.749503,13,3,2,1,20/10/2014,2,12:34,204,E08000035,E08000035,6,0,1,30.0,1,4,6,0,0,0,1,1,1,0,0,1,1,2,E01011490
5439,2014131AK0755,2014,131AK0755,1,1,3,2,54,8,3,5,1,0,0,0,0,1,-1,2014,131AK0755,431130.0,431930.0,-1.529035,53.782768,13,3,1,1,20/10/2014,2,14:15,204,E08000035,E08000035,3,639,3,30.0,3,4,6,0,0,0,1,1,1,0,0,1,1,2,E01011467
5440,2014131AK1031,2014,131AK1031,1,1,1,1,22,5,2,0,0,0,0,0,9,2,-1,2014,131AK1031,435431.0,439805.0,-1.462859,53.853272,13,2,2,2,20/10/2014,2,17:07,204,E08000035,E08000035,3,58,6,50.0,6,4,6,0,0,0,1,1,1,0,0,2,1,2,E01011311
5441,2014131AK1031,2014,131AK1031,2,2,1,1,45,7,3,0,0,0,0,0,9,1,-1,2014,131AK1031,435431.0,439805.0,-1.462859,53.853272,13,2,2,2,20/10/2014,2,17:07,204,E08000035,E08000035,3,58,6,50.0,6,4,6,0,0,0,1,1,1,0,0,2,1,2,E01011311
5442,2014131AK1498,2014,131AK1498,1,1,3,2,75,10,3,10,9,0,0,0,0,1,-1,2014,131AK1498,440777.0,433031.0,-1.382489,53.791999,13,3,1,1,20/10/2014,2,15:30,204,E08000035,E08000035,6,0,6,30.0,0,-1,-1,-1,0,0,1,1,1,0,0,1,2,2,E01011403
5443,2014131AL0533,2014,131AL0533,2,1,2,2,21,5,3,0,0,1,0,0,9,1,-1,2014,131AL0533,429915.0,432748.0,-1.547395,53.790191,13,3,2,1,21/10/2014,3,11:34,204,E08000035,E08000035,3,653,6,30.0,0,-1,-1,-1,0,0,1,5,2,0,0,1,1,2,E01033016
5444,2014131AL0594,2014,131AL0594,1,1,1,2,26,6,3,0,0,0,0,0,9,1,-1,2014,131AL0594,428620.0,429665.0,-1.567337,53.762554,13,3,3,2,21/10/2014,3,12:15,204,E08000035,E08000035,3,6110,6,30.0,3,4,6,0,0,0,1,5,2,0,0,1,1,2,E01011321
5445,2014131AL0594,2014,131AL0594,2,2,1,1,29,6,3,0,0,0,0,0,9,1,-1,2014,131AL0594,428620.0,429665.0,-1.567337,53.762554,13,3,3,2,21/10/2014,3,12:15,204,E08000035,E08000035,3,6110,6,30.0,3,4,6,0,0,0,1,5,2,0,0,1,1,2,E01011321
5446,2014131AL0823,2014,131AL0823,2,1,1,1,55,8,3,0,0,0,0,0,5,1,-1,2014,131AL0823,420356.0,434245.0,-1.692393,53.804106,13,3,2,1,21/10/2014,3,15:09,204,E08000035,E08000035,3,647,1,40.0,1,4,6,0,0,0,1,4,1,0,0,1,1,2,E01011595
5447,2014131AL1175,2014,131AL1175,1,1,2,2,65,9,3,0,0,2,0,0,8,1,-1,2014,131AL1175,431833.0,435635.0,-1.517985,53.816025,13,3,1,1,21/10/2014,3,15:15,204,E08000035,E08000035,3,58,6,30.0,0,-1,-1,-1,0,0,1,4,1,0,0,1,2,2,E01011422
5448,2014131AL1185,2014,131AL1185,2,1,1,2,25,5,3,0,0,0,0,0,9,1,-1,2014,131AL1185,421541.0,439405.0,-1.67404,53.850436,13,3,2,1,21/10/2014,3,17:20,204,E08000035,E08000035,6,0,6,30.0,3,4,6,0,0,0,4,1,1,0,0,1,1,2,E01011457
5449,2014131AM0193,2014,131AM0193,2,1,1,1,18,4,2,0,0,0,0,0,3,1,-1,2014,131AM0193,430624.0,424778.0,-1.537421,53.718516,13,2,2,1,22/10/2014,4,07:30,204,E08000035,E08000035,3,650,6,40.0,0,-1,-1,-1,0,0,1,1,1,0,0,1,1,2,E01011537
5450,2014131AM0501,2014,131AM0501,2,1,1,2,77,11,3,0,0,0,0,0,9,1,-1,2014,131AM0501,431055.0,430949.0,-1.530272,53.773955,13,3,3,1,22/10/2014,4,11:31,204,E08000035,E08000035,6,0,6,30.0,3,4,6,0,0,0,1,1,2,0,0,1,1,2,E01011468
5451,2014131AM0719,2014,131AM0719,2,1,1,1,40,7,3,0,0,0,0,0,1,1,-1,2014,131AM0719,427486.0,434587.0,-1.584101,53.806853,13,3,2,1,22/10/2014,4,13:40,204,E08000035,E08000035,3,65,6,30.0,3,4,6,0,0,0,1,2,2,0,0,1,1,2,E01011482
5452,2014131AM1093,2014,131AM1093,1,1,3,2,26,6,3,5,3,0,0,0,0,1,-1,2014,131AM1093,432348.0,434941.0,-1.510236,53.809756,13,3,1,1,22/10/2014,4,17:01,204,E08000035,E08000035,4,6159,6,30.0,6,4,6,0,0,0,1,1,2,0,0,1,1,2,E01011433
5453,2014131AM1173,2014,131AM1173,1,1,1,1,22,5,3,0,0,0,0,0,3,1,-1,2014,131AM1173,430338.0,434229.0,-1.540829,53.803477,13,3,2,1,22/10/2014,4,17:30,204,E08000035,E08000035,2,64,3,40.0,0,-1,-1,-1,0,0,4,1,2,0,0,1,1,2,E01033002
5454,2014131AN0179,2014,131AN0179,1,1,1,1,43,7,3,0,0,0,0,0,9,1,-1,2014,131AN0179,434567.0,434448.0,-1.476594,53.805183,13,3,2,1,23/10/2014,5,06:58,204,E08000035,E08000035,3,64,6,40.0,3,4,6,0,0,0,1,1,1,0,0,1,1,2,E01011341
5455,2014131AN0185,2014,131AN0185,2,1,1,1,41,7,2,0,0,0,0,0,1,1,-1,2014,131AN0185,428940.0,429855.0,-1.562465,53.764244,13,2,2,1,23/10/2014,5,07:05,204,E08000035,E08000035,6,0,6,30.0,6,2,6,0,0,5,4,1,2,0,0,1,1,2,E01011320
5456,2014131AN0267,2014,131AN0267,2,1,1,1,22,5,2,0,0,0,0,0,1,1,-1,2014,131AN0267,428099.0,434744.0,-1.574779,53.808231,13,2,2,1,23/10/2014,5,08:00,204,E08000035,E08000035,6,0,6,30.0,8,4,6,0,0,0,1,1,1,0,0,1,1,2,E01011481
5457,2014131AN0293,2014,131AN0293,1,1,3,1,6,2,2,5,3,0,0,0,0,1,-1,2014,131AN0293,429476.0,435414.0,-1.553804,53.814177,13,2,1,1,23/10/2014,5,08:54,204,E08000035,E08000035,6,0,6,30.0,3,4,6,0,0,0,1,1,1,0,0,1,1,2,E01011669
5458,2014131AN0560,2014,131AN0560,1,1,1,1,37,7,3,0,0,0,0,0,9,1,-1,2014,131AN0560,430965.0,425763.0,-1.532156,53.727349,13,3,2,1,23/10/2014,5,11:55,204,E08000035,E08000035,6,0,6,30.0,3,4,6,0,0,0,1,1,1,0,0,1,1,2,E01011551
5459,2014131AN0773,2014,131AN0773,1,1,1,2,21,5,3,0,0,0,0,0,9,1,-1,2014,131AN0773,425214.0,437871.0,-1.618333,53.836484,13,3,2,2,23/10/2014,5,14:21,204,E08000035,E08000035,3,6120,6,40.0,9,4,6,0,0,0,1,1,1,0,0,1,1,2,E01011464
5460,2014131AN0773,2014,131AN0773,2,2,1,1,28,6,3,0,0,0,0,0,19,1,-1,2014,131AN0773,425214.0,437871.0,-1.618333,53.836484,13,3,2,2,23/10/2014,5,14:21,204,E08000035,E08000035,3,6120,6,40.0,9,4,6,0,0,0,1,1,1,0,0,1,1,2,E01011464
5461,2014131AN1108,2014,131AN1108,1,1,1,1,29,6,3,0,0,0,0,0,3,1,-1,2014,131AN1108,432300.0,430872.0,-1.51139,53.773187,13,3,2,1,23/10/2014,5,17:12,204,E08000035,E08000035,4,6481,6,30.0,9,4,6,0,0,0,1,1,1,0,0,1,1,2,E01011470
5462,2014131AN1193,2014,131AN1193,1,1,3,1,30,6,3,6,9,0,0,0,0,1,-1,2014,131AN1193,436172.0,434858.0,-1.452175,53.808759,13,3,1,1,23/10/2014,5,17:15,204,E08000035,E08000035,3,6120,3,40.0,8,4,6,0,0,0,1,1,1,0,0,1,1,2,E01011408
5463,2014131AN1261,2014,131AN1261,2,1,1,2,58,9,3,0,0,0,0,0,10,1,-1,2014,131AN1261,431942.0,435812.0,-1.516311,53.817609,13,3,2,1,23/10/2014,5,18:32,204,E08000035,E08000035,3,58,6,30.0,0,-1,-1,-1,0,0,1,1,1,0,0,1,1,2,E01011422
5464,2014131AN1484,2014,131AN1484,1,1,2,1,77,11,3,0,0,0,1,0,11,1,-1,2014,131AN1484,426554.0,427373.0,-1.598872,53.742062,13,3,1,1,23/10/2014,5,16:29,204,E08000035,E08000035,6,0,6,30.0,0,-1,-1,-1,0,0,1,1,1,0,0,1,2,2,E01011541
5465,2014131AN1602,2014,131AN1602,2,1,1,1,28,6,2,0,0,0,0,0,1,-1,-1,2014,131AN1602,425221.0,433296.0,-1.6186,53.795364,13,2,2,1,23/10/2014,5,21:23,204,E08000035,E08000035,4,6154,6,30.0,0,-1,-1,-1,0,0,4,1,1,0,0,1,1,2,E01011739
5466,2014131AO0404,2014,131AO0404,1,1,3,1,27,6,3,10,3,0,0,0,0,1,-1,2014,131AO0404,431003.0,431537.0,-1.531002,53.779243,13,3,1,1,24/10/2014,6,08:20,204,E08000035,E08000035,6,0,6,30.0,3,4,6,0,0,0,1,1,1,0,0,1,1,2,E01011467
5467,2014131AO0536,2014,131AO0536,2,1,1,1,19,4,3,0,0,0,0,0,1,1,-1,2014,131AO0536,428770.0,434640.0,-1.564599,53.80726,13,3,2,1,24/10/2014,6,11:13,204,E08000035,E08000035,6,0,6,30.0,3,4,6,0,0,0,1,1,1,0,0,1,1,2,E01011681
5468,2014131AO0567,2014,131AO0567,1,1,2,1,54,8,3,0,0,1,0,0,90,1,-1,2014,131AO0567,432652.0,426899.0,-1.506468,53.737457,13,3,1,1,24/10/2014,6,11:32,204,E08000035,E08000035,6,0,6,30.0,0,-1,-1,-1,0,0,1,1,1,0,0,1,1,2,E01032496
5469,2014131AO0570,2014,131AO0570,2,1,1,1,62,9,3,0,0,0,0,0,1,3,-1,2014,131AO0570,444010.0,445069.0,-1.331695,53.899927,13,3,2,1,24/10/2014,6,11:30,204,E08000035,E08000035,3,659,6,60.0,0,-1,-1,-1,0,0,1,1,1,0,0,2,1,2,E01011711
5470,2014131AO0969,2014,131AO0969,1,1,3,1,11,3,3,5,3,0,0,0,0,1,-1,2014,131AO0969,418941.0,441967.0,-1.713405,53.873564,13,3,1,1,24/10/2014,6,15:08,204,E08000035,E08000035,6,0,6,30.0,0,-1,-1,-1,0,0,1,1,1,0,0,1,1,2,E01011265
5471,2014131AO1004,2014,131AO1004,1,1,2,1,19,4,3,0,0,1,0,0,9,-1,-1,2014,131AO1004,432427.0,433588.0,-1.509178,53.797591,13,3,3,3,24/10/2014,6,15:20,204,E08000035,E08000035,6,0,6,30.0,3,4,6,0,0,0,1,1,1,0,0,1,2,2,E01011618
5472,2014131AO1004,2014,131AO1004,2,2,1,1,34,6,3,0,0,0,0,0,9,-1,-1,2014,131AO1004,432427.0,433588.0,-1.509178,53.797591,13,3,3,3,24/10/2014,6,15:20,204,E08000035,E08000035,6,0,6,30.0,3,4,6,0,0,0,1,1,1,0,0,1,2,2,E01011618
5473,2014131AO1004,2014,131AO1004,3,3,1,2,38,7,3,0,0,0,0,0,9,-1,-1,2014,131AO1004,432427.0,433588.0,-1.509178,53.797591,13,3,3,3,24/10/2014,6,15:20,204,E08000035,E08000035,6,0,6,30.0,3,4,6,0,0,0,1,1,1,0,0,1,2,2,E01011618
5474,2014131AO1373,2014,131AO1373,1,1,3,1,34,6,2,5,3,0,0,0,0,1,-1,2014,131AO1373,428686.0,434950.0,-1.565846,53.810051,13,2,1,1,24/10/2014,6,18:30,204,E08000035,E08000035,6,0,6,30.0,6,4,6,0,0,0,4,1,1,0,0,1,1,2,E01011444
5475,2014131AO1900,2014,131AO1900,2,1,2,1,59,9,3,0,0,1,0,0,9,1,-1,2014,131AO1900,430616.0,432662.0,-1.536763,53.789377,13,3,2,1,24/10/2014,6,23:22,204,E08000035,E08000035,3,653,3,30.0,3,2,3,653,0,5,4,1,1,0,0,1,1,2,E01033018
5476,2014131AP0557,2014,131AP0557,1,1,1,2,20,4,3,0,0,0,0,0,9,1,-1,2014,131AP0557,426690.0,426930.0,-1.596848,53.738073,13,3,3,1,25/10/2014,7,09:40,204,E08000035,E08000035,6,0,3,30.0,0,-1,-1,-1,0,1,1,1,1,0,0,1,1,2,E01011547
5477,2014131AP0611,2014,131AP0611,1,1,3,2,60,9,3,5,3,0,0,0,0,1,-1,2014,131AP0611,427075.0,433510.0,-1.590436,53.797194,13,3,1,1,25/10/2014,7,10:32,204,E08000035,E08000035,6,0,6,30.0,3,4,6,0,0,0,1,1,1,0,0,1,1,2,E01011293
5478,2014131AP0899,2014,131AP0899,1,1,1,1,52,8,3,0,0,0,0,0,9,1,-1,2014,131AP0899,432351.0,432595.0,-1.510436,53.78867,13,3,2,2,25/10/2014,7,13:42,204,E08000035,E08000035,3,63,3,50.0,3,2,6,0,0,0,1,1,1,0,0,1,1,2,E01011625
5479,2014131AP0899,2014,131AP0899,2,2,1,2,45,7,3,0,0,0,0,0,9,1,-1,2014,131AP0899,432351.0,432595.0,-1.510436,53.78867,13,3,2,2,25/10/2014,7,13:42,204,E08000035,E08000035,3,63,3,50.0,3,2,6,0,0,0,1,1,1,0,0,1,1,2,E01011625
5480,2014131AP1208,2014,131AP1208,1,1,1,1,61,9,1,0,0,0,0,0,9,1,-1,2014,131AP1208,443588.0,435652.0,-1.339451,53.815328,13,1,1,1,25/10/2014,7,16:40,204,E08000035,E08000035,4,1217,6,60.0,0,-1,-1,-1,0,0,1,1,1,0,0,2,1,2,E01011297
5481,2014131AP1486,2014,131AP1486,1,1,2,1,17,4,3,0,0,1,0,0,9,1,-1,2014,131AP1486,433554.0,435962.0,-1.491811,53.818856,13,3,2,1,25/10/2014,7,19:30,204,E08000035,E08000035,6,0,6,30.0,6,4,6,0,0,0,4,1,1,0,0,1,1,2,E01011421
5482,2014131AP1749,2014,131AP1749,2,1,2,2,43,7,3,0,0,1,0,0,8,-1,-1,2014,131AP1749,425268.0,435275.0,-1.617725,53.813149,13,3,2,2,25/10/2014,7,22:10,204,E08000035,E08000035,6,0,6,30.0,6,4,6,0,0,0,4,1,1,0,0,1,1,2,E01011332
5483,2014131AP1749,2014,131AP1749,2,2,1,1,31,6,3,0,0,0,0,0,8,1,-1,2014,131AP1749,425268.0,435275.0,-1.617725,53.813149,13,3,2,2,25/10/2014,7,22:10,204,E08000035,E08000035,6,0,6,30.0,6,4,6,0,0,0,4,1,1,0,0,1,1,2,E01011332
5484,2014131AP1758,2014,131AP1758,1,1,2,2,31,6,3,0,0,1,0,0,9,-1,-1,2014,131AP1758,429457.0,434103.0,-1.554218,53.802395,13,3,2,3,25/10/2014,7,22:15,204,E08000035,E08000035,2,58,3,30.0,0,-1,-1,-1,0,0,4,1,1,0,0,1,1,2,E01011678
5485,2014131AP1758,2014,131AP1758,2,2,1,2,28,6,3,0,0,0,0,0,9,1,-1,2014,131AP1758,429457.0,434103.0,-1.554218,53.802395,13,3,2,3,25/10/2014,7,22:15,204,E08000035,E08000035,2,58,3,30.0,0,-1,-1,-1,0,0,4,1,1,0,0,1,1,2,E01011678
5486,2014131AP1758,2014,131AP1758,2,3,2,2,19,4,3,0,0,1,0,0,9,1,-1,2014,131AP1758,429457.0,434103.0,-1.554218,53.802395,13,3,2,3,25/10/2014,7,22:15,204,E08000035,E08000035,2,58,3,30.0,0,-1,-1,-1,0,0,4,1,1,0,0,1,1,2,E01011678
5487,2014131AQ0052,2014,131AQ0052,1,1,1,1,18,4,3,0,0,0,0,0,9,1,-1,2014,131AQ0052,429234.0,438608.0,-1.557177,53.842898,13,3,2,7,26/10/2014,1,00:29,204,E08000035,E08000035,3,6120,3,70.0,6,2,6,0,0,5,4,1,1,0,0,2,1,2,E01011559
5488,2014131AQ0052,2014,131AQ0052,1,2,2,1,17,4,3,0,0,1,0,0,9,1,-1,2014,131AQ0052,429234.0,438608.0,-1.557177,53.842898,13,3,2,7,26/10/2014,1,00:29,204,E08000035,E08000035,3,6120,3,70.0,6,2,6,0,0,5,4,1,1,0,0,2,1,2,E01011559
5489,2014131AQ0052,2014,131AQ0052,1,3,2,1,17,4,3,0,0,2,0,0,9,1,-1,2014,131AQ0052,429234.0,438608.0,-1.557177,53.842898,13,3,2,7,26/10/2014,1,00:29,204,E08000035,E08000035,3,6120,3,70.0,6,2,6,0,0,5,4,1,1,0,0,2,1,2,E01011559
5490,2014131AQ0052,2014,131AQ0052,2,4,1,2,23,5,3,0,0,0,0,0,9,1,-1,2014,131AQ0052,429234.0,438608.0,-1.557177,53.842898,13,3,2,7,26/10/2014,1,00:29,204,E08000035,E08000035,3,6120,3,70.0,6,2,6,0,0,5,4,1,1,0,0,2,1,2,E01011559
5491,2014131AQ0052,2014,131AQ0052,2,5,2,2,24,5,3,0,0,1,0,0,9,1,-1,2014,131AQ0052,429234.0,438608.0,-1.557177,53.842898,13,3,2,7,26/10/2014,1,00:29,204,E08000035,E08000035,3,6120,3,70.0,6,2,6,0,0,5,4,1,1,0,0,2,1,2,E01011559