,accident_index,accident_year_x,accident_reference_x,vehicle_reference,casualty_reference,casualty_class,sex_of_casualty,age_of_casualty,age_band_of_casualty,casualty_severity,pedestrian_location,pedestrian_movement,car_passenger,bus_or_coach_passenger,pedestrian_road_maintenance_worker,casualty_type,casualty_home_area_type,casualty_imd_decile,accident_year_y,accident_reference_y,location_easting_osgr,location_northing_osgr,longitude,latitude,police_force,accident_severity,number_of_vehicles,number_of_casualties,date,day_of_week,time,local_authority_district,local_authority_ons_district,local_authority_highway,first_road_class,first_road_number,road_type,speed_limit,junction_detail,junction_control,second_road_class,second_road_number,pedestrian_crossing_human_control,pedestrian_crossing_physical_facilities,light_conditions,weather_conditions,road_surface_conditions,special_conditions_at_site,carriageway_hazards,urban_or_rural_area,did_police_officer_attend_scene_of_accident,trunk_road_flag,lsoa_of_accident_location
5492,2014131AQ0052,2014,131AQ0052,2,6,2,2,25,5,3,0,0,2,0,0,9,1,-1,2014,131AQ0052,429234.0,438608.0,-1.557177,53.842898,13,3,2,7,26/10/2014,1,00:29,204,E08000035,E08000035,3,6120,3,70.0,6,2,6,0,0,5,4,1,1,0,0,2,1,2,E01011559
5493,2014131AQ0052,2014,131AQ0052,2,7,2,1,21,5,3,0,0,2,0,0,9,-1,-1,2014,131AQ0052,429234.0,438608.0,-1.557177,53.842898,13,3,2,7,26/10/2014,1,00:29,204,E08000035,E08000035,3,6120,3,70.0,6,2,6,0,0,5,4,1,1,0,0,2,1,2,E01011559
5494,2014131AQ0539,2014,131AQ0539,2,1,2,2,24,5,3,0,0,1,0,0,9,1,-1,2014,131AQ0539,432634.0,435852.0,-1.505796,53.817926,13,3,2,1,26/10/2014,1,09:05,204,E08000035,E08000035,3,58,6,30.0,3,4,6,0,0,0,1,1,1,0,0,1,1,2,E01011424
5495,2014131AQ1203,2014,131AQ1203,2,1,1,1,38,7,3,0,0,0,0,0,1,1,-1,2014,131AQ1203,426720.0,431725.0,-1.59598,53.781169,13,3,2,1,26/10/2014,1,16:53,204,E08000035,E08000035,3,6110,1,40.0,1,4,3,58,0,0,4,1,1,0,0,1,1,2,E01011734
5496,2014131AQ1313,2014,131AQ1313,1,1,1,2,35,6,3,0,0,0,0,0,9,1,-1,2014,131AQ1313,431881.0,435694.0,-1.51725,53.816552,13,3,3,3,26/10/2014,1,18:08,204,E08000035,E08000035,6,0,6,30.0,3,2,6,0,0,5,4,1,1,0,0,1,1,2,E01011428
5497,2014131AQ1313,2014,131AQ1313,2,2,1,1,24,5,3,0,0,0,0,0,19,1,-1,2014,131AQ1313,431881.0,435694.0,-1.51725,53.816552,13,3,3,3,26/10/2014,1,18:08,204,E08000035,E08000035,6,0,6,30.0,3,2,6,0,0,5,4,1,1,0,0,1,1,2,E01011428
5498,2014131AQ1313,2014,131AQ1313,2,3,2,1,24,5,3,0,0,1,0,0,19,1,-1,2014,131AQ1313,431881.0,435694.0,-1.51725,53.816552,13,3,3,3,26/10/2014,1,18:08,204,E08000035,E08000035,6,0,6,30.0,3,2,6,0,0,5,4,1,1,0,0,1,1,2,E01011428
5499,2014131AQ1638,2014,131AQ1638,1,1,1,1,28,6,2,0,0,0,0,0,9,1,-1,2014,131AQ1638,429828.0,438903.0,-1.548121,53.845516,13,2,1,1,26/10/2014,1,21:20,204,E08000035,E08000035,3,6120,3,40.0,1,4,6,0,0,4,4,1,1,0,0,1,1,2,E01011510
5500,2014131AR0581,2014,131AR0581,2,1,1,2,25,5,3,0,0,0,0,0,9,1,-1,2014,131AR0581,429830.0,434413.0,-1.548525,53.80516,13,3,2,2,27/10/2014,2,11:55,204,E08000035,E08000035,2,58,3,40.0,5,4,3,660,0,0,1,1,1,0,0,1,1,2,E01033005
5501,2014131AR0581,2014,131AR0581,2,2,2,2,1,1,3,0,0,2,0,0,9,1,-1,2014,131AR0581,429830.0,434413.0,-1.548525,53.80516,13,3,2,2,27/10/2014,2,11:55,204,E08000035,E08000035,2,58,3,40.0,5,4,3,660,0,0,1,1,1,0,0,1,1,2,E01033005
5502,2014131AR0995,2014,131AR0995,1,1,1,1,86,11,2,0,0,0,0,0,9,-1,-1,2014,131AR0995,433549.0,436345.0,-1.491845,53.822299,13,2,3,1,27/10/2014,2,15:50,204,E08000035,E08000035,3,58,3,40.0,6,4,6,0,0,0,1,1,1,0,0,1,1,2,E01011421
5503,2014131AR1157,2014,131AR1157,2,1,2,2,46,8,3,0,0,1,0,0,9,1,-1,2014,131AR1157,430801.0,435343.0,-1.533688,53.813463,13,3,2,1,27/10/2014,2,17:15,204,E08000035,E08000035,6,0,6,30.0,6,4,6,0,0,0,4,1,1,0,0,1,1,2,E01011360
5504,2014131AR1204,2014,131AR1204,2,1,1,1,29,6,3,0,0,0,0,0,1,1,-1,2014,131AR1204,432000.0,435773.0,-1.515434,53.817255,13,3,2,1,27/10/2014,2,17:38,204,E08000035,E08000035,4,6159,6,30.0,3,4,6,0,0,0,4,1,1,0,0,1,2,2,E01011427
5505,2014131AR1254,2014,131AR1254,2,1,1,1,18,4,3,0,0,0,0,0,1,1,-1,2014,131AR1254,427988.0,436019.0,-1.576349,53.819697,13,3,2,1,27/10/2014,2,18:15,204,E08000035,E08000035,3,660,6,30.0,3,4,6,0,0,0,4,1,1,0,0,1,1,2,E01011440
5506,2014131AR1354,2014,131AR1354,1,1,1,2,22,5,3,0,0,0,0,0,9,1,-1,2014,131AR1354,425369.0,428116.0,-1.616778,53.748799,13,3,2,1,27/10/2014,2,19:25,204,E08000035,E08000035,6,0,6,30.0,8,4,6,0,0,0,4,1,1,0,0,1,1,2,E01011532
5507,2014131AS0043,2014,131AS0043,1,1,2,1,15,3,3,0,0,0,0,0,3,-1,-1,2014,131AS0043,434961.0,436425.0,-1.470387,53.822925,13,3,2,1,28/10/2014,3,00:54,204,E08000035,E08000035,6,0,6,30.0,0,-1,-1,-1,0,0,4,1,1,0,0,1,1,2,E01011659
5508,2014131AS0326,2014,131AS0326,1,1,3,2,22,5,3,5,4,0,0,0,0,1,-1,2014,131AS0326,428683.0,434946.0,-1.565891,53.810015,13,3,1,1,28/10/2014,3,09:00,204,E08000035,E08000035,6,0,6,30.0,6,4,6,0,0,0,1,1,1,0,0,1,1,2,E01011448
5509,2014131AS0450,2014,131AS0450,2,1,1,1,65,9,3,0,0,0,0,0,1,1,-1,2014,131AS0450,428046.0,432046.0,-1.575828,53.783985,13,3,2,1,28/10/2014,3,10:27,204,E08000035,E08000035,3,62,6,30.0,3,4,6,0,0,0,1,1,1,0,0,1,1,2,E01011362
5510,2014131AS0535,2014,131AS0535,2,1,1,1,51,8,3,0,0,0,0,0,1,1,-1,2014,131AS0535,428718.0,435612.0,-1.565298,53.815999,13,3,2,1,28/10/2014,3,11:21,204,E08000035,E08000035,3,660,6,30.0,3,4,6,0,0,0,1,1,1,0,0,1,1,2,E01032946
5511,2014131AS0563,2014,131AS0563,2,1,2,2,60,9,3,0,0,1,0,0,9,1,-1,2014,131AS0563,432814.0,430332.0,-1.503648,53.768302,13,3,2,2,28/10/2014,3,11:37,204,E08000035,E08000035,4,6481,6,30.0,0,-1,-1,-1,0,0,1,1,1,0,0,1,1,2,E01011468
5512,2014131AS0563,2014,131AS0563,2,2,2,2,18,4,3,0,0,2,0,0,9,1,-1,2014,131AS0563,432814.0,430332.0,-1.503648,53.768302,13,3,2,2,28/10/2014,3,11:37,204,E08000035,E08000035,4,6481,6,30.0,0,-1,-1,-1,0,0,1,1,1,0,0,1,1,2,E01011468
5513,2014131AS0781,2014,131AS0781,2,1,1,1,49,8,2,0,0,0,0,0,1,1,-1,2014,131AS0781,428865.0,433733.0,-1.563241,53.799103,13,2,2,1,25/10/2014,7,22:45,204,E08000035,E08000035,3,65,3,30.0,3,4,6,0,0,0,4,1,1,0,0,1,2,2,E01011678
5514,2014131AS0964,2014,131AS0964,1,1,1,1,10,2,3,0,0,0,0,0,1,1,-1,2014,131AS0964,428377.0,430177.0,-1.570976,53.767169,13,3,2,1,28/10/2014,3,15:23,204,E08000035,E08000035,6,0,6,20.0,8,4,6,0,0,0,1,2,2,0,0,1,1,2,E01011317
5515,2014131AS1170,2014,131AS1170,2,1,2,2,63,9,3,0,0,1,0,0,9,1,-1,2014,131AS1170,425680.0,426875.0,-1.612165,53.73763,13,3,2,2,28/10/2014,3,15:00,204,E08000035,E08000035,3,650,6,30.0,3,2,4,6123,0,0,1,1,1,0,0,1,2,2,E01011534
5516,2014131AS1170,2014,131AS1170,2,2,2,2,17,4,3,0,0,2,0,0,9,2,-1,2014,131AS1170,425680.0,426875.0,-1.612165,53.73763,13,3,2,2,28/10/2014,3,15:00,204,E08000035,E08000035,3,650,6,30.0,3,2,4,6123,0,0,1,1,1,0,0,1,2,2,E01011534
5517,2014131AS1271,2014,131AS1271,2,1,1,1,46,8,3,0,0,0,0,0,5,1,-1,2014,131AS1271,425910.0,428150.0,-1.608571,53.749078,13,3,2,1,28/10/2014,3,17:50,204,E08000035,E08000035,3,643,6,30.0,0,-1,-1,-1,0,0,4,2,2,0,0,1,1,2,E01011525
5518,2014131AS1294,2014,131AS1294,2,1,1,2,26,6,3,0,0,0,0,0,9,3,-1,2014,131AS1294,432952.0,436023.0,-1.500948,53.819443,13,3,3,2,28/10/2014,3,18:22,204,E08000035,E08000035,3,58,3,40.0,0,-1,-1,-1,0,0,4,1,2,0,0,1,1,2,E01011423
5519,2014131AS1294,2014,131AS1294,3,2,1,2,28,6,3,0,0,0,0,0,9,1,-1,2014,131AS1294,432952.0,436023.0,-1.500948,53.819443,13,3,3,2,28/10/2014,3,18:22,204,E08000035,E08000035,3,58,3,40.0,0,-1,-1,-1,0,0,4,1,2,0,0,1,1,2,E01011423
5520,2014131AT0802,2014,131AT0802,1,1,3,1,11,3,3,5,1,0,0,0,0,-1,-1,2014,131AT0802,426207.0,427804.0,-1.604097,53.745953,13,3,2,1,29/10/2014,4,14:21,204,E08000035,E08000035,6,0,6,30.0,0,-1,-1,-1,0,0,1,1,1,0,0,1,1,2,E01011541
5521,2014131AT1154,2014,131AT1154,1,1,1,1,59,9,3,0,0,0,0,0,9,1,-1,2014,131AT1154,432017.0,427743.0,-1.516007,53.745082,13,3,3,2,29/10/2014,4,17:23,204,E08000035,E08000035,1,1,3,70.0,0,-1,-1,-1,0,0,4,1,1,0,0,2,1,1,E01011502
5522,2014131AT1154,2014,131AT1154,3,2,2,1,57,9,3,0,0,2,0,0,9,1,-1,2014,131AT1154,432017.0,427743.0,-1.516007,53.745082,13,3,3,2,29/10/2014,4,17:23,204,E08000035,E08000035,1,1,3,70.0,0,-1,-1,-1,0,0,4,1,1,0,0,2,1,1,E01011502
5523,2014131AT1540,2014,131AT1540,1,1,1,1,21,5,3,0,0,0,0,0,1,1,-1,2014,131AT1540,428580.0,435200.0,-1.567432,53.812304,13,3,2,1,29/10/2014,4,20:45,204,E08000035,E08000035,6,0,6,50.0,3,4,6,0,0,0,4,1,2,0,0,1,1,2,E01011444
5524,2014131AU0032,2014,131AU0032,1,1,2,1,24,5,2,0,0,1,0,0,9,1,-1,2014,131AU0032,422019.0,434377.0,-1.667133,53.805225,13,2,2,1,30/10/2014,5,00:32,204,E08000035,E08000035,4,6157,6,30.0,3,4,4,6155,0,0,4,1,2,0,0,1,1,2,E01011587
5525,2014131AU0864,2014,131AU0864,1,1,2,2,54,8,3,0,0,0,4,0,11,-1,-1,2014,131AU0864,428083.0,432923.0,-1.575187,53.791865,13,3,2,1,30/10/2014,5,13:10,204,E08000035,E08000035,6,0,6,30.0,0,-1,-1,-1,0,0,1,2,2,0,0,1,2,2,E01011363
5526,2014131AU1216,2014,131AU1216,1,1,1,2,48,8,3,0,0,0,0,0,9,-1,-1,2014,131AU1216,435162.0,425904.0,-1.46853,53.728351,13,3,2,1,30/10/2014,5,17:20,204,E08000035,E08000035,1,62,3,70.0,0,-1,-1,-1,0,0,4,1,1,0,0,2,1,1,E01011636
5527,2014131AU1357,2014,131AU1357,1,1,1,1,24,5,2,0,0,0,0,0,3,1,-1,2014,131AU1357,423914.0,435398.0,-1.638279,53.814318,13,2,3,1,30/10/2014,5,18:30,204,E08000035,E08000035,6,0,6,30.0,0,-1,-1,-1,0,0,1,1,1,0,0,1,1,2,E01011329
5528,2014131AU1556,2014,131AU1556,1,1,3,1,56,9,3,1,3,0,0,0,0,1,-1,2014,131AU1556,432432.0,434842.0,-1.50897,53.808861,13,3,1,1,30/10/2014,5,20:05,204,E08000035,E08000035,6,0,6,30.0,6,2,6,0,0,5,4,1,2,0,0,1,1,2,E01011433
5529,2014131AV0731,2014,131AV0731,2,1,2,1,52,8,3,0,0,1,0,0,9,1,-1,2014,131AV0731,429559.0,431566.0,-1.552912,53.779587,13,3,2,1,31/10/2014,6,12:46,204,E08000035,E08000035,6,0,6,30.0,6,4,6,0,0,0,1,1,1,0,0,1,1,2,E01011364
5530,2014131AV0800,2014,131AV0800,2,1,1,1,33,6,2,0,0,0,0,0,1,-1,-1,2014,131AV0800,427320.0,437206.0,-1.58639,53.830401,13,2,2,1,31/10/2014,6,13:15,204,E08000035,E08000035,3,660,6,30.0,3,4,6,0,0,0,1,1,1,0,0,1,1,2,E01011690
5531,2014131AV0858,2014,131AV0858,1,1,3,2,54,8,3,5,1,0,0,0,0,1,-1,2014,131AV0858,429139.0,433087.0,-1.559142,53.793281,13,3,1,1,31/10/2014,6,13:50,204,E08000035,E08000035,6,0,6,30.0,3,4,6,0,0,0,1,1,1,0,0,1,1,2,E01033013
5532,2014131AV1055,2014,131AV1055,2,1,1,1,23,5,3,0,0,0,0,0,9,1,-1,2014,131AV1055,427934.0,426303.0,-1.578046,53.732373,13,3,2,1,31/10/2014,6,15:15,204,E08000035,E08000035,3,650,1,40.0,1,2,3,653,0,4,1,1,1,0,0,2,1,2,E01011550
5533,2014131AV1250,2014,131AV1250,2,1,1,1,50,8,3,0,0,0,0,0,1,1,-1,2014,131AV1250,427803.0,434422.0,-1.579302,53.805353,13,3,2,1,31/10/2014,6,16:35,204,E08000035,E08000035,6,0,6,30.0,3,4,6,0,0,0,5,1,1,0,0,1,1,2,E01011483
5534,2014131AV1394,2014,131AV1394,1,1,1,1,36,7,3,0,0,0,0,0,9,2,-1,2014,131AV1394,441478.0,434642.0,-1.371632,53.806422,13,3,3,1,31/10/2014,6,17:35,204,E08000035,E08000035,1,1,3,70.0,0,-1,-1,-1,0,0,7,1,1,0,0,2,1,1,E01011297
5535,2014131B10030,2014,131B10030,1,1,3,2,19,4,3,9,9,0,0,0,0,1,-1,2014,131B10030,428895.0,435611.0,-1.56261,53.81598,13,3,1,1,01/11/2014,7,00:49,204,E08000035,E08000035,6,0,6,30.0,0,-1,-1,-1,0,0,4,1,1,0,0,1,1,2,E01011443
5536,2014131B10073,2014,131B10073,1,1,3,1,20,4,3,5,3,0,0,0,0,1,-1,2014,131B10073,429950.0,434361.0,-1.546708,53.804686,13,3,1,1,01/11/2014,7,01:15,204,E08000035,E08000035,3,660,3,30.0,0,-1,-1,-1,0,5,4,1,1,0,0,1,1,2,E01033010
5537,2014131B10642,2014,131B10642,1,1,1,2,33,6,3,0,0,0,0,0,9,1,-1,2014,131B10642,430653.0,434697.0,-1.536,53.807665,13,3,2,2,01/11/2014,7,08:27,204,E08000035,E08000035,3,58,3,30.0,6,2,6,0,0,0,1,1,1,0,0,1,1,2,E01011671
5538,2014131B10642,2014,131B10642,2,2,1,2,44,7,3,0,0,0,0,0,9,1,-1,2014,131B10642,430653.0,434697.0,-1.536,53.807665,13,3,2,2,01/11/2014,7,08:27,204,E08000035,E08000035,3,58,3,30.0,6,2,6,0,0,0,1,1,1,0,0,1,1,2,E01011671
5539,2014131B10871,2014,131B10871,1,1,1,2,32,6,3,0,0,0,0,0,9,1,-1,2014,131B10871,428355.0,429508.0,-1.571371,53.761157,13,3,2,3,01/11/2014,7,11:54,204,E08000035,E08000035,3,6110,3,40.0,3,4,6,0,0,4,1,1,1,0,0,1,1,2,E01011531
5540,2014131B10871,2014,131B10871,1,2,2,1,10,2,3,0,0,1,0,0,9,1,-1,2014,131B10871,428355.0,429508.0,-1.571371,53.761157,13,3,2,3,01/11/2014,7,11:54,204,E08000035,E08000035,3,6110,3,40.0,3,4,6,0,0,4,1,1,1,0,0,1,1,2,E01011531
5541,2014131B10871,2014,131B10871,2,3,1,1,68,10,3,0,0,0,0,0,9,1,-1,2014,131B10871,428355.0,429508.0,-1.571371,53.761157,13,3,2,3,01/11/2014,7,11:54,204,E08000035,E08000035,3,6110,3,40.0,3,4,6,0,0,4,1,1,1,0,0,1,1,2,E01011531
5542,2014131B11136,2014,131B11136,2,1,1,2,23,5,2,0,0,0,0,0,1,1,-1,2014,131B11136,427550.0,433887.0,-1.583192,53.800558,13,2,2,1,01/11/2014,7,14:39,204,E08000035,E08000035,6,0,6,30.0,3,4,6,0,0,0,1,1,1,0,0,1,1,2,E01011284
5543,2014131B11264,2014,131B11264,1,1,3,1,12,3,3,5,4,0,0,0,0,1,-1,2014,131B11264,420960.0,434459.0,-1.683207,53.806005,13,3,1,1,01/11/2014,7,15:53,204,E08000035,E08000035,3,647,3,40.0,1,4,4,6154,0,0,1,1,1,0,0,1,1,2,E01011599
5544,2014131B11976,2014,131B11976,1,1,1,1,47,8,3,0,0,0,0,0,1,3,-1,2014,131B11976,440387.0,449293.0,-1.386273,53.938184,13,3,2,1,01/11/2014,7,22:00,204,E08000035,E08000035,4,6164,6,30.0,3,4,6,0,0,0,4,4,2,0,0,1,1,2,E01011698
5545,2014131B21484,2014,131B21484,2,1,1,2,40,7,3,0,0,0,0,0,9,3,-1,2014,131B21484,425327.0,429143.0,-1.617331,53.758032,13,3,2,1,02/11/2014,1,19:20,204,E08000035,E08000035,3,62,6,40.0,8,4,6,0,0,0,4,1,2,0,0,1,1,2,E01011522
5546,2014131B30017,2014,131B30017,1,1,1,1,33,6,2,0,0,0,0,0,9,1,-1,2014,131B30017,432532.0,442857.0,-1.506606,53.880891,13,2,1,1,03/11/2014,2,00:15,204,E08000035,E08000035,3,61,6,60.0,0,-1,-1,-1,0,0,6,1,2,0,0,2,1,2,E01011561
5547,2014131B30462,2014,131B30462,1,1,1,1,51,8,3,0,0,0,0,0,9,-1,-1,2014,131B30462,425913.0,435516.0,-1.607909,53.815283,13,3,2,1,03/11/2014,2,10:32,204,E08000035,E08000035,5,0,6,30.0,3,2,6,0,0,0,1,1,1,0,0,1,1,2,E01011324
5548,2014131B30911,2014,131B30911,1,1,3,1,78,11,2,5,3,0,0,0,0,1,-1,2014,131B30911,437032.0,435641.0,-1.439022,53.815736,13,2,1,1,03/11/2014,2,15:01,204,E08000035,E08000035,6,0,6,30.0,3,4,6,0,0,0,1,1,1,0,0,1,2,2,E01011407
5549,2014131B30930,2014,131B30930,1,1,3,2,15,3,3,5,9,0,0,0,0,1,-1,2014,131B30930,430478.0,435322.0,-1.538596,53.813293,13,3,1,1,03/11/2014,2,15:01,204,E08000035,E08000035,3,61,6,30.0,0,-1,-1,-1,0,0,1,1,1,0,0,1,2,2,E01011357
5550,2014131B30993,2014,131B30993,1,1,3,1,12,3,3,5,1,0,0,0,0,1,-1,2014,131B30993,430951.0,433304.0,-1.531614,53.795128,13,3,1,1,03/11/2014,2,15:34,204,E08000035,E08000035,3,653,3,30.0,6,4,6,0,0,4,1,1,1,0,0,1,1,2,E01033033
5551,2014131B31067,2014,131B31067,2,1,1,1,18,4,3,0,0,0,0,0,1,1,-1,2014,131B31067,428907.0,435508.0,-1.562437,53.815054,13,3,2,1,03/11/2014,2,16:02,204,E08000035,E08000035,6,0,6,30.0,3,4,6,0,0,0,1,1,1,0,0,1,1,2,E01011443
5552,2014131B31254,2014,131B31254,1,1,3,2,15,3,3,5,3,0,0,0,0,-1,-1,2014,131B31254,431874.0,435519.0,-1.517374,53.81498,13,3,1,1,03/11/2014,2,17:32,204,E08000035,E08000035,6,0,6,20.0,3,4,6,0,0,0,4,1,1,0,0,1,1,2,E01011422
5553,2014131B31734,2014,131B31734,2,1,1,1,43,7,3,0,0,0,0,0,1,1,-1,2014,131B31734,438894.0,431283.0,-1.411291,53.776432,13,3,2,1,03/11/2014,2,22:00,204,E08000035,E08000035,3,642,6,50.0,0,-1,-1,-1,0,0,6,1,1,0,0,2,1,2,E01011402
5554,2014131B40557,2014,131B40557,2,1,1,2,42,7,3,0,0,0,0,0,9,3,-1,2014,131B40557,424765.0,435355.0,-1.625358,53.813892,13,3,3,1,04/11/2014,3,12:16,204,E08000035,E08000035,6,0,6,30.0,3,4,6,0,0,0,1,1,1,0,0,1,1,2,E01011332
5555,2014131B41281,2014,131B41281,2,1,1,1,17,4,3,0,0,0,0,0,3,1,-1,2014,131B41281,430365.0,431175.0,-1.540719,53.776027,13,3,2,1,04/11/2014,3,17:30,204,E08000035,E08000035,6,0,6,30.0,3,4,6,0,0,0,1,1,1,0,0,1,1,2,E01011374
5556,2014131B50219,2014,131B50219,2,1,1,2,29,6,3,0,0,0,0,0,9,1,-1,2014,131B50219,432174.0,434628.0,-1.512911,53.806954,13,3,2,1,05/11/2014,4,08:01,204,E08000035,E08000035,6,0,1,30.0,1,4,6,0,0,0,1,1,1,0,0,1,1,2,E01011433
5557,2014131B50289,2014,131B50289,1,1,3,2,7,2,2,5,2,0,0,0,0,-1,-1,2014,131B50289,432129.0,435545.0,-1.513499,53.815198,13,2,1,1,05/11/2014,4,08:45,204,E08000035,E08000035,6,0,6,30.0,3,4,6,0,0,0,1,1,1,0,0,1,1,2,E01011430
5558,2014131B50453,2014,131B50453,2,1,1,1,18,4,3,0,0,0,0,0,1,1,-1,2014,131B50453,427896.0,436200.0,-1.57773,53.821329,13,3,2,1,05/11/2014,4,10:31,204,E08000035,E08000035,3,660,6,30.0,3,2,6,0,0,4,1,1,1,0,0,1,1,2,E01011451
5559,2014131B50727,2014,131B50727,2,1,1,1,20,4,2,0,0,0,0,0,1,1,-1,2014,131B50727,431927.0,436776.0,-1.516439,53.826274,13,2,2,1,05/11/2014,4,13:19,204,E08000035,E08000035,6,0,1,30.0,2,4,6,0,0,0,1,1,1,0,0,1,1,2,E01011645
5560,2014131B50739,2014,131B50739,1,1,1,2,52,8,3,0,0,0,0,0,9,1,-1,2014,131B50739,426092.0,440072.0,-1.604805,53.856223,13,3,2,2,05/11/2014,4,13:20,204,E08000035,E08000035,6,0,6,30.0,3,4,6,0,0,0,1,1,1,0,0,1,1,2,E01011379
5561,2014131B50739,2014,131B50739,1,2,2,1,20,4,3,0,0,1,0,0,9,1,-1,2014,131B50739,426092.0,440072.0,-1.604805,53.856223,13,3,2,2,05/11/2014,4,13:20,204,E08000035,E08000035,6,0,6,30.0,3,4,6,0,0,0,1,1,1,0,0,1,1,2,E01011379
5562,2014131B51134,2014,131B51134,1,1,3,1,8,2,2,1,1,0,0,0,0,1,-1,2014,131B51134,432122.0,433606.0,-1.513807,53.797771,13,2,1,1,05/11/2014,4,18:39,204,E08000035,E08000035,3,58,3,40.0,0,-1,-1,-1,0,4,1,1,1,0,0,1,1,2,E01011349
5563,2014131B51356,2014,131B51356,1,1,3,2,28,6,2,5,1,0,0,0,0,1,-1,2014,131B51356,428064.0,435958.0,-1.5752,53.819145,13,2,1,1,05/11/2014,4,18:40,204,E08000035,E08000035,3,660,6,30.0,9,4,6,0,0,0,4,1,1,0,0,1,1,2,E01032946
5564,2014131B51769,2014,131B51769,1,1,3,1,22,5,3,5,3,0,0,0,0,1,-1,2014,131B51769,431913.0,435719.0,-1.516761,53.816775,13,3,1,1,05/11/2014,4,21:15,204,E08000035,E08000035,6,0,6,30.0,0,-1,-1,-1,0,0,4,1,1,0,0,1,1,2,E01011428
5565,2014131B51927,2014,131B51927,2,1,1,1,59,9,3,0,0,0,0,0,9,1,-1,2014,131B51927,431254.0,437507.0,-1.526589,53.832885,13,3,4,1,05/11/2014,4,22:21,204,E08000035,E08000035,6,0,6,30.0,3,4,6,0,0,0,4,1,2,0,0,1,1,2,E01011504
5566,2014131B60116,2014,131B60116,1,1,1,1,56,9,3,0,0,0,0,0,5,1,-1,2014,131B60116,424078.0,437276.0,-1.635642,53.83119,13,3,2,1,05/11/2014,4,17:05,204,E08000035,E08000035,3,65,6,30.0,9,4,6,0,0,0,4,1,2,0,0,1,1,2,E01011465
5567,2014131B60264,2014,131B60264,1,1,1,1,44,7,3,0,0,0,0,0,1,1,-1,2014,131B60264,430725.0,433590.0,-1.535017,53.797711,13,3,2,1,06/11/2014,5,08:04,204,E08000035,E08000035,3,61,3,30.0,0,-1,-1,-1,0,0,1,1,1,0,0,1,1,2,E01033011
5568,2014131B60329,2014,131B60329,1,1,3,1,67,10,3,6,9,0,0,0,0,1,-1,2014,131B60329,424219.0,434481.0,-1.633719,53.806062,13,3,1,1,06/11/2014,5,09:01,204,E08000035,E08000035,5,0,6,40.0,0,-1,-1,-1,0,0,1,1,1,0,0,1,1,2,E01011287
5569,2014131B60487,2014,131B60487,1,1,1,1,92,11,2,0,0,0,0,0,9,1,-1,2014,131B60487,420566.0,445261.0,-1.68847,53.903108,13,2,2,1,06/11/2014,5,10:45,204,E08000035,E08000035,6,0,6,30.0,3,4,6,0,0,0,1,1,1,0,0,1,1,2,E01011574
5570,2014131B60528,2014,131B60528,1,1,2,2,80,11,3,0,0,0,1,0,11,-1,-1,2014,131B60528,426620.0,436225.0,-1.59711,53.82162,13,3,1,1,06/11/2014,5,11:15,204,E08000035,E08000035,6,0,6,30.0,0,-1,-1,-1,0,0,1,1,1,0,0,1,2,2,E01011489
5571,2014131B60538,2014,131B60538,2,1,1,2,67,10,3,0,0,0,0,0,9,1,-1,2014,131B60538,433368.0,434901.0,-1.494751,53.809332,13,3,2,1,06/11/2014,5,11:38,204,E08000035,E08000035,6,0,6,30.0,6,4,6,0,0,0,1,1,1,0,0,1,1,2,E01011342
5572,2014131B60560,2014,131B60560,1,1,1,1,22,5,3,0,0,0,0,0,3,1,-1,2014,131B60560,433548.0,434056.0,-1.492109,53.801726,13,3,2,1,06/11/2014,5,11:45,204,E08000035,E08000035,3,64,3,40.0,0,-1,-1,-1,0,0,1,1,1,0,0,1,1,2,E01011346
5573,2014131B61535,2014,131B61535,1,1,1,2,21,5,3,0,0,0,0,0,9,3,-1,2014,131B61535,430692.0,427039.0,-1.536167,53.738834,13,3,2,1,06/11/2014,5,15:30,204,E08000035,E08000035,3,654,6,40.0,3,4,6,0,0,0,1,1,2,0,0,1,1,2,E01032495
5574,2014131B61737,2014,131B61737,1,1,1,1,24,5,3,0,0,0,0,0,3,1,-1,2014,131B61737,429054.0,433525.0,-1.560391,53.797223,13,3,1,1,06/11/2014,5,22:15,204,E08000035,E08000035,3,58,6,30.0,0,-1,-1,-1,0,0,4,2,2,0,0,1,2,2,E01033008
5575,2014131B70977,2014,131B70977,1,1,1,1,31,6,3,0,0,0,0,0,9,1,-1,2014,131B70977,429556.0,431566.0,-1.552957,53.779587,13,3,2,2,07/11/2014,6,16:27,204,E08000035,E08000035,6,0,6,30.0,6,4,6,0,0,0,4,1,2,0,0,1,1,2,E01011364
5576,2014131B70977,2014,131B70977,2,2,1,2,35,6,3,0,0,0,0,0,9,1,-1,2014,131B70977,429556.0,431566.0,-1.552957,53.779587,13,3,2,2,07/11/2014,6,16:27,204,E08000035,E08000035,6,0,6,30.0,6,4,6,0,0,0,4,1,2,0,0,1,1,2,E01011364
5577,2014131B71058,2014,131B71058,1,1,1,1,35,6,3,0,0,0,0,0,1,1,-1,2014,131B71058,418310.0,441354.0,-1.723038,53.868077,13,3,2,1,07/11/2014,6,17:10,204,E08000035,E08000035,3,6038,6,40.0,6,4,4,6153,0,8,4,2,2,0,0,1,1,2,E01011271
5578,2014131B80598,2014,131B80598,2,1,2,2,74,10,3,0,0,1,0,0,9,-1,-1,2014,131B80598,437409.0,433304.0,-1.433579,53.794705,13,3,2,1,08/11/2014,7,11:55,204,E08000035,E08000035,3,6120,3,40.0,0,-1,-1,-1,0,0,1,2,2,0,0,1,1,2,E01011411