,accident_index,accident_year_x,accident_reference_x,vehicle_reference,casualty_reference,casualty_class,sex_of_casualty,age_of_casualty,age_band_of_casualty,casualty_severity,pedestrian_location,pedestrian_movement,car_passenger,bus_or_coach_passenger,pedestrian_road_maintenance_worker,casualty_type,casualty_home_area_type,casualty_imd_decile,accident_year_y,accident_reference_y,location_easting_osgr,location_northing_osgr,longitude,latitude,police_force,accident_severity,number_of_vehicles,number_of_casualties,date,day_of_week,time,local_authority_district,local_authority_ons_district,local_authority_highway,first_road_class,first_road_number,road_type,speed_limit,junction_detail,junction_control,second_road_class,second_road_number,pedestrian_crossing_human_control,pedestrian_crossing_physical_facilities,light_conditions,weather_conditions,road_surface_conditions,special_conditions_at_site,carriageway_hazards,urban_or_rural_area,did_police_officer_attend_scene_of_accident,trunk_road_flag,lsoa_of_accident_location
5666,2014131BI1148,2014,131BI1148,1,1,3,1,11,3,2,5,1,0,0,0,0,-1,-1,2014,131BI1148,428527.0,429633.0,-1.56875,53.762271,13,2,1,1,18/11/2014,3,17:07,204,E08000035,E08000035,3,6110,6,30.0,3,4,6,0,0,0,4,1,1,0,0,1,1,2,E01011321
5667,2014131BI1481,2014,131BI1481,1,1,1,1,30,6,2,0,0,0,0,0,3,-1,-1,2014,131BI1481,430832.0,434317.0,-1.53332,53.804239,13,2,3,2,18/11/2014,3,19:35,204,E08000035,E08000035,6,0,2,30.0,0,-1,-1,-1,0,0,4,1,1,0,0,1,1,2,E01033003
5668,2014131BI1481,2014,131BI1481,2,2,1,1,24,5,3,0,0,0,0,0,3,-1,-1,2014,131BI1481,430832.0,434317.0,-1.53332,53.804239,13,2,3,2,18/11/2014,3,19:35,204,E08000035,E08000035,6,0,2,30.0,0,-1,-1,-1,0,0,4,1,1,0,0,1,1,2,E01033003
5669,2014131BI1641,2014,131BI1641,2,1,2,2,24,5,2,0,0,0,3,0,11,1,-1,2014,131BI1641,429028.0,432103.0,-1.560919,53.784444,13,2,2,1,18/11/2014,3,18:56,204,E08000035,E08000035,6,0,6,20.0,3,4,6,0,0,0,7,1,1,0,0,1,2,2,E01033013
5670,2014131BI1667,2014,131BI1667,1,1,1,1,17,4,3,0,0,0,0,0,9,1,-1,2014,131BI1667,422461.0,440268.0,-1.659992,53.858154,13,3,1,5,18/11/2014,3,21:43,204,E08000035,E08000035,6,0,6,60.0,0,-1,-1,-1,0,0,6,1,2,7,0,2,1,2,E01032503
5671,2014131BI1667,2014,131BI1667,1,2,2,1,17,4,3,0,0,1,0,0,9,1,-1,2014,131BI1667,422461.0,440268.0,-1.659992,53.858154,13,3,1,5,18/11/2014,3,21:43,204,E08000035,E08000035,6,0,6,60.0,0,-1,-1,-1,0,0,6,1,2,7,0,2,1,2,E01032503
5672,2014131BI1667,2014,131BI1667,1,3,2,1,18,4,3,0,0,2,0,0,9,1,-1,2014,131BI1667,422461.0,440268.0,-1.659992,53.858154,13,3,1,5,18/11/2014,3,21:43,204,E08000035,E08000035,6,0,6,60.0,0,-1,-1,-1,0,0,6,1,2,7,0,2,1,2,E01032503
5673,2014131BI1667,2014,131BI1667,1,4,2,1,17,4,3,0,0,2,0,0,9,1,-1,2014,131BI1667,422461.0,440268.0,-1.659992,53.858154,13,3,1,5,18/11/2014,3,21:43,204,E08000035,E08000035,6,0,6,60.0,0,-1,-1,-1,0,0,6,1,2,7,0,2,1,2,E01032503
5674,2014131BI1667,2014,131BI1667,1,5,2,1,17,4,3,0,0,2,0,0,9,1,-1,2014,131BI1667,422461.0,440268.0,-1.659992,53.858154,13,3,1,5,18/11/2014,3,21:43,204,E08000035,E08000035,6,0,6,60.0,0,-1,-1,-1,0,0,6,1,2,7,0,2,1,2,E01032503
5675,2014131BJ0232,2014,131BJ0232,2,1,1,1,25,5,3,0,0,0,0,0,1,3,-1,2014,131BJ0232,431063.0,430366.0,-1.530209,53.768715,13,3,2,1,19/11/2014,4,07:37,204,E08000035,E08000035,6,0,6,30.0,6,4,6,0,0,0,1,1,1,0,0,1,1,2,E01011472
5676,2014131BJ0252,2014,131BJ0252,2,1,1,1,40,7,3,0,0,0,0,0,1,1,-1,2014,131BJ0252,430967.0,433429.0,-1.531359,53.79625,13,3,2,1,19/11/2014,4,07:45,204,E08000035,E08000035,3,653,3,30.0,3,2,6,0,0,4,1,1,1,0,0,1,1,2,E01033033
5677,2014131BJ0529,2014,131BJ0529,1,1,1,1,54,8,3,0,0,0,0,0,9,2,-1,2014,131BJ0529,436196.0,435590.0,-1.451725,53.815336,13,3,2,1,19/11/2014,4,09:15,204,E08000035,E08000035,6,0,6,30.0,0,-1,-1,-1,0,0,1,1,1,0,0,1,2,2,E01011406
5678,2014131BJ0607,2014,131BJ0607,2,1,1,1,43,7,2,0,0,0,0,0,1,1,-1,2014,131BJ0607,427027.0,424759.0,-1.591928,53.718543,13,2,2,1,19/11/2014,4,11:30,204,E08000035,E08000035,6,0,3,40.0,3,4,3,653,0,0,1,1,1,0,0,1,1,2,E01011548
5679,2014131BJ1049,2014,131BJ1049,2,1,1,1,18,4,3,0,0,0,0,0,1,-1,-1,2014,131BJ1049,429803.0,434430.0,-1.548933,53.805315,13,3,2,1,19/11/2014,4,15:35,204,E08000035,E08000035,6,0,6,30.0,8,4,6,0,0,0,1,1,1,0,0,1,1,2,E01033005
5680,2014131BJ1252,2014,131BJ1252,1,1,3,2,16,4,3,5,1,0,0,0,0,1,-1,2014,131BJ1252,426126.0,439211.0,-1.604361,53.848483,13,3,1,1,19/11/2014,4,16:50,204,E08000035,E08000035,6,0,6,30.0,0,-1,-1,-1,0,0,4,1,2,0,0,1,2,2,E01011383
5681,2014131BJ1487,2014,131BJ1487,1,1,3,1,14,3,3,5,9,0,0,0,0,1,-1,2014,131BJ1487,434370.0,435182.0,-1.479503,53.811793,13,3,1,1,19/11/2014,4,18:00,204,E08000035,E08000035,6,0,6,30.0,0,-1,-1,-1,0,0,4,1,2,0,0,1,1,2,E01011339
5682,2014131BK0249,2014,131BK0249,2,1,1,1,34,6,3,0,0,0,0,0,1,1,-1,2014,131BK0249,430941.0,435677.0,-1.531528,53.816456,13,3,2,1,20/11/2014,5,08:07,204,E08000035,E08000035,6,0,6,30.0,3,4,6,0,0,0,1,1,2,0,0,1,1,2,E01011360
5683,2014131BK0296,2014,131BK0296,2,1,1,1,49,8,3,0,0,0,0,0,1,1,-1,2014,131BK0296,430808.0,435341.0,-1.533582,53.813444,13,3,2,1,20/11/2014,5,08:53,204,E08000035,E08000035,6,0,6,30.0,3,4,6,0,0,0,1,1,1,0,0,1,1,2,E01011360
5684,2014131BK0331,2014,131BK0331,2,1,1,1,41,7,3,0,0,0,0,0,1,1,-1,2014,131BK0331,426378.0,435440.0,-1.600853,53.814577,13,3,2,1,20/11/2014,5,09:15,204,E08000035,E08000035,3,65,6,30.0,3,4,6,0,0,0,1,1,1,0,0,1,1,2,E01011477
5685,2014131BK0409,2014,131BK0409,1,1,2,2,29,6,3,0,0,1,0,0,9,1,-1,2014,131BK0409,428397.0,433381.0,-1.570379,53.795965,13,3,2,2,20/11/2014,5,10:15,204,E08000035,E08000035,3,647,3,40.0,0,-1,-1,-1,0,0,1,1,1,0,0,1,1,2,E01011363
5686,2014131BK0409,2014,131BK0409,1,2,2,2,1,1,3,0,0,2,0,0,9,1,-1,2014,131BK0409,428397.0,433381.0,-1.570379,53.795965,13,3,2,2,20/11/2014,5,10:15,204,E08000035,E08000035,3,647,3,40.0,0,-1,-1,-1,0,0,1,1,1,0,0,1,1,2,E01011363
5687,2014131BK0931,2014,131BK0931,1,1,3,1,27,6,3,5,1,0,0,0,0,1,-1,2014,131BK0931,428906.0,435514.0,-1.562452,53.815108,13,3,1,1,20/11/2014,5,15:03,204,E08000035,E08000035,3,660,6,30.0,3,4,6,0,0,4,1,1,1,0,0,1,1,2,E01011443
5688,2014131BK1234,2014,131BK1234,1,1,1,1,30,6,3,0,0,0,0,0,9,1,-1,2014,131BK1234,431910.0,434801.0,-1.516902,53.808525,13,3,2,1,20/11/2014,5,17:20,204,E08000035,E08000035,6,0,1,30.0,2,4,6,0,0,0,1,1,1,0,0,1,1,2,E01011677
5689,2014131BK1413,2014,131BK1413,1,1,1,2,35,6,3,0,0,0,0,0,9,1,-1,2014,131BK1413,427698.0,434469.0,-1.580892,53.805781,13,3,2,3,20/11/2014,5,17:00,204,E08000035,E08000035,3,65,3,30.0,3,2,6,0,0,0,4,1,1,0,0,1,2,2,E01011483
5690,2014131BK1413,2014,131BK1413,1,2,2,1,12,3,3,0,0,1,0,0,9,1,-1,2014,131BK1413,427698.0,434469.0,-1.580892,53.805781,13,3,2,3,20/11/2014,5,17:00,204,E08000035,E08000035,3,65,3,30.0,3,2,6,0,0,0,4,1,1,0,0,1,2,2,E01011483
5691,2014131BK1413,2014,131BK1413,1,3,2,2,13,3,3,0,0,2,0,0,9,1,-1,2014,131BK1413,427698.0,434469.0,-1.580892,53.805781,13,3,2,3,20/11/2014,5,17:00,204,E08000035,E08000035,3,65,3,30.0,3,2,6,0,0,0,4,1,1,0,0,1,2,2,E01011483
5692,2014131BL0448,2014,131BL0448,2,1,1,1,33,6,3,0,0,0,0,0,9,1,-1,2014,131BL0448,429309.0,435030.0,-1.556377,53.810735,13,3,2,1,07/11/2014,6,09:30,204,E08000035,E08000035,3,660,3,30.0,3,2,6,0,0,0,1,1,1,0,0,1,2,2,E01033005
5693,2014131BL1264,2014,131BL1264,1,1,1,1,50,8,3,0,0,0,0,0,9,1,-1,2014,131BL1264,439019.0,431734.0,-1.409338,53.780476,13,2,3,5,21/11/2014,6,18:30,204,E08000035,E08000035,3,642,6,60.0,3,4,6,0,0,0,6,1,2,0,0,2,1,2,E01011402
5694,2014131BL1264,2014,131BL1264,1,2,2,2,41,7,2,0,0,1,0,0,9,1,-1,2014,131BL1264,439019.0,431734.0,-1.409338,53.780476,13,2,3,5,21/11/2014,6,18:30,204,E08000035,E08000035,3,642,6,60.0,3,4,6,0,0,0,6,1,2,0,0,2,1,2,E01011402
5695,2014131BL1264,2014,131BL1264,1,3,2,2,14,3,3,0,0,2,0,0,9,1,-1,2014,131BL1264,439019.0,431734.0,-1.409338,53.780476,13,2,3,5,21/11/2014,6,18:30,204,E08000035,E08000035,3,642,6,60.0,3,4,6,0,0,0,6,1,2,0,0,2,1,2,E01011402
5696,2014131BL1264,2014,131BL1264,2,4,1,2,27,6,2,0,0,0,0,0,9,1,-1,2014,131BL1264,439019.0,431734.0,-1.409338,53.780476,13,2,3,5,21/11/2014,6,18:30,204,E08000035,E08000035,3,642,6,60.0,3,4,6,0,0,0,6,1,2,0,0,2,1,2,E01011402
5697,2014131BL1264,2014,131BL1264,2,5,2,1,23,5,3,0,0,1,0,0,9,1,-1,2014,131BL1264,439019.0,431734.0,-1.409338,53.780476,13,2,3,5,21/11/2014,6,18:30,204,E08000035,E08000035,3,642,6,60.0,3,4,6,0,0,0,6,1,2,0,0,2,1,2,E01011402
5698,2014131BL1451,2014,131BL1451,1,1,1,1,26,6,2,0,0,0,0,0,9,1,-1,2014,131BL1451,431764.0,432386.0,-1.519367,53.786828,13,2,1,1,21/11/2014,6,20:13,204,E08000035,E08000035,3,63,3,30.0,0,-1,-1,-1,0,0,4,2,2,0,0,1,1,2,E01011621
5699,2014131BL1477,2014,131BL1477,1,1,1,1,17,4,3,0,0,0,0,0,9,1,-1,2014,131BL1477,423875.0,428197.0,-1.639427,53.749597,13,3,1,2,21/11/2014,6,20:25,204,E08000035,E08000035,3,650,3,60.0,0,-1,-1,-1,0,0,4,1,1,0,0,1,1,2,E01011529
5700,2014131BL1477,2014,131BL1477,1,2,2,1,16,4,3,0,0,1,0,0,9,1,-1,2014,131BL1477,423875.0,428197.0,-1.639427,53.749597,13,3,1,2,21/11/2014,6,20:25,204,E08000035,E08000035,3,650,3,60.0,0,-1,-1,-1,0,0,4,1,1,0,0,1,1,2,E01011529
5701,2014131BL1723,2014,131BL1723,2,1,1,2,22,5,3,0,0,0,0,0,1,1,-1,2014,131BL1723,429309.0,435030.0,-1.556377,53.810735,13,3,2,1,21/11/2014,6,23:15,204,E08000035,E08000035,3,660,3,30.0,6,2,6,0,0,5,4,2,2,0,0,1,1,2,E01033005
5702,2014131BM0399,2014,131BM0399,1,1,1,1,25,5,3,0,0,0,0,0,19,1,-1,2014,131BM0399,428560.0,431696.0,-1.56806,53.780811,13,3,2,3,22/11/2014,7,08:01,204,E08000035,E08000035,3,643,3,40.0,3,2,1,621,0,0,1,1,2,0,0,1,1,2,E01011366
5703,2014131BM0399,2014,131BM0399,2,2,1,1,37,7,3,0,0,0,0,0,19,1,-1,2014,131BM0399,428560.0,431696.0,-1.56806,53.780811,13,3,2,3,22/11/2014,7,08:01,204,E08000035,E08000035,3,643,3,40.0,3,2,1,621,0,0,1,1,2,0,0,1,1,2,E01011366
5704,2014131BM0399,2014,131BM0399,2,3,2,1,23,5,3,0,0,1,0,0,19,1,-1,2014,131BM0399,428560.0,431696.0,-1.56806,53.780811,13,3,2,3,22/11/2014,7,08:01,204,E08000035,E08000035,3,643,3,40.0,3,2,1,621,0,0,1,1,2,0,0,1,1,2,E01011366
5705,2014131BM0606,2014,131BM0606,2,1,1,1,34,6,3,0,0,0,0,0,9,1,-1,2014,131BM0606,436245.0,435655.0,-1.450973,53.815917,13,3,2,1,16/11/2014,1,11:00,204,E08000035,E08000035,6,0,6,30.0,0,-1,-1,-1,0,0,1,1,1,0,0,1,2,2,E01011724
5706,2014131BM0808,2014,131BM0808,1,1,3,1,71,10,2,5,1,0,0,0,0,-1,-1,2014,131BM0808,441084.0,432375.0,-1.377916,53.786079,13,2,1,1,22/11/2014,7,13:40,204,E08000035,E08000035,6,0,6,30.0,3,4,6,0,0,0,1,1,1,0,0,1,1,2,E01011401
5707,2014131BM0901,2014,131BM0901,1,4,1,1,50,8,2,0,0,0,0,0,9,1,-1,2014,131BM0901,430951.0,435935.0,-1.531351,53.818775,13,2,2,4,22/11/2014,7,14:57,204,E08000035,E08000035,6,0,6,30.0,6,4,6,0,0,0,1,1,2,0,0,1,1,2,E01011356
5708,2014131BM0901,2014,131BM0901,2,1,2,2,68,10,3,0,0,0,4,0,11,1,-1,2014,131BM0901,430951.0,435935.0,-1.531351,53.818775,13,2,2,4,22/11/2014,7,14:57,204,E08000035,E08000035,6,0,6,30.0,6,4,6,0,0,0,1,1,2,0,0,1,1,2,E01011356
5709,2014131BM0901,2014,131BM0901,2,2,2,2,80,11,3,0,0,0,4,0,11,1,-1,2014,131BM0901,430951.0,435935.0,-1.531351,53.818775,13,2,2,4,22/11/2014,7,14:57,204,E08000035,E08000035,6,0,6,30.0,6,4,6,0,0,0,1,1,2,0,0,1,1,2,E01011356
5710,2014131BM0901,2014,131BM0901,2,3,2,2,78,11,3,0,0,0,4,0,11,1,-1,2014,131BM0901,430951.0,435935.0,-1.531351,53.818775,13,2,2,4,22/11/2014,7,14:57,204,E08000035,E08000035,6,0,6,30.0,6,4,6,0,0,0,1,1,2,0,0,1,1,2,E01011356
5711,2014131BM1325,2014,131BM1325,1,1,2,2,59,9,3,0,0,2,0,0,9,1,-1,2014,131BM1325,430786.0,424518.0,-1.534992,53.71617,13,3,2,1,22/11/2014,7,19:00,204,E08000035,E08000035,3,650,3,40.0,0,-1,-1,-1,0,0,4,1,1,0,0,2,1,2,E01011537
5712,2014131BM1357,2014,131BM1357,2,1,1,1,34,6,3,0,0,0,0,0,9,1,-1,2014,131BM1357,428418.0,435457.0,-1.569869,53.814622,13,3,2,1,22/11/2014,7,18:40,204,E08000035,E08000035,6,0,6,30.0,0,-1,-1,-1,0,0,4,2,2,0,0,1,2,2,E01032946
5713,2014131BN0022,2014,131BN0022,2,1,1,1,38,7,3,0,0,0,0,0,9,1,-1,2014,131BN0022,429215.0,430037.0,-1.558276,53.765864,13,3,2,1,23/11/2014,1,00:22,204,E08000035,E08000035,3,653,3,40.0,0,-1,-1,-1,0,0,4,1,1,0,0,1,1,2,E01011319
5714,2014131BN0662,2014,131BN0662,1,1,2,1,42,7,3,0,0,0,3,0,11,1,-1,2014,131BN0662,435929.0,435431.0,-1.455799,53.813926,13,3,1,1,23/11/2014,1,10:15,204,E08000035,E08000035,3,64,3,30.0,0,-1,-1,-1,0,0,1,1,1,0,0,1,2,2,E01011666
5715,2014131BN0968,2014,131BN0968,2,1,1,1,61,9,2,0,0,0,0,0,1,-1,-1,2014,131BN0968,422662.0,444687.0,-1.656611,53.897862,13,2,2,1,23/11/2014,1,15:41,204,E08000035,E08000035,3,660,6,60.0,0,-1,-1,-1,0,0,1,1,2,0,0,2,1,2,E01011569
5716,2014131BN1340,2014,131BN1340,1,1,1,1,20,4,3,0,0,0,0,0,9,1,-1,2014,131BN1340,429721.0,439316.0,-1.549707,53.849234,13,3,2,1,23/11/2014,1,19:56,204,E08000035,E08000035,6,0,6,30.0,0,-1,-1,-1,0,0,4,1,2,0,7,1,1,2,E01011559
5717,2014131BN1354,2014,131BN1354,2,1,1,1,34,6,3,0,0,0,0,0,3,1,-1,2014,131BN1354,421479.0,434423.0,-1.675329,53.805661,13,3,2,1,23/11/2014,1,20:09,204,E08000035,E08000035,4,6157,6,30.0,3,4,6,0,0,0,4,1,2,0,0,1,2,2,E01011587
5718,2014131BO0190,2014,131BO0190,1,1,1,2,38,7,3,0,0,0,0,0,9,-1,-1,2014,131BO0190,420905.0,434495.0,-1.68404,53.806331,13,3,2,1,24/11/2014,2,07:07,204,E08000035,E08000035,3,6120,3,30.0,1,2,3,647,0,5,1,1,1,0,0,1,1,2,E01011595
5719,2014131BO0266,2014,131BO0266,2,1,1,2,50,8,3,0,0,0,0,0,1,1,-1,2014,131BO0266,430439.0,434380.0,-1.539281,53.804829,13,3,2,1,24/11/2014,2,08:40,204,E08000035,E08000035,6,0,6,30.0,3,4,6,0,0,0,1,1,1,0,0,1,1,2,E01033002
5720,2014131BO0392,2014,131BO0392,2,1,1,2,56,9,3,0,0,0,0,0,9,1,-1,2014,131BO0392,427776.0,430743.0,-1.580043,53.772288,13,3,2,1,24/11/2014,2,10:10,204,E08000035,E08000035,3,6110,3,40.0,0,-1,-1,-1,0,4,1,1,1,0,0,1,1,2,E01011369
5721,2014131BO0580,2014,131BO0580,1,1,3,1,10,2,3,5,1,0,0,0,0,2,-1,2014,131BO0580,442043.0,445329.0,-1.361593,53.902427,13,3,1,1,24/11/2014,2,08:35,204,E08000035,E08000035,6,0,6,30.0,0,-1,-1,-1,0,0,1,1,1,0,0,2,2,2,E01011709
5722,2014131BO0775,2014,131BO0775,2,1,1,1,78,11,3,0,0,0,0,0,9,1,-1,2014,131BO0775,426352.0,433938.0,-1.601376,53.801078,13,3,2,1,24/11/2014,2,13:54,204,E08000035,E08000035,6,0,6,30.0,0,-1,-1,-1,0,0,1,1,2,0,0,1,2,2,E01032608
5723,2014131BO0998,2014,131BO0998,1,1,1,1,40,7,3,0,0,0,0,0,19,1,-1,2014,131BO0998,441312.0,445249.0,-1.372729,53.901766,13,3,1,1,24/11/2014,2,15:50,204,E08000035,E08000035,2,1,3,70.0,0,-1,-1,-1,0,0,6,1,2,0,0,2,1,1,E01011707
5724,2014131BO1072,2014,131BO1072,2,1,1,1,23,5,3,0,0,0,0,0,9,1,-1,2014,131BO1072,431917.0,430501.0,-1.517239,53.769876,13,3,2,1,24/11/2014,2,16:30,204,E08000035,E08000035,3,61,1,50.0,1,4,3,639,0,0,1,1,1,0,0,2,1,2,E01011470
5725,2014131BO1098,2014,131BO1098,2,1,1,1,37,7,3,0,0,0,0,0,1,2,-1,2014,131BO1098,445208.0,447085.0,-1.313166,53.917943,13,3,2,1,24/11/2014,2,16:30,204,E08000035,E08000035,6,0,6,30.0,0,-1,-1,-1,0,0,6,1,1,0,0,2,2,2,E01011697
5726,2014131BP0831,2014,131BP0831,1,1,3,2,7,2,3,5,1,0,0,0,0,1,-1,2014,131BP0831,432248.0,436985.0,-1.511541,53.828133,13,3,1,1,25/11/2014,3,15:30,204,E08000035,E08000035,6,0,6,30.0,0,-1,-1,-1,0,0,1,1,1,0,0,1,1,2,E01011641
5727,2014131BP0851,2014,131BP0851,1,1,1,1,34,6,3,0,0,0,0,0,9,1,-1,2014,131BP0851,429311.0,423387.0,-1.557448,53.706089,13,3,1,1,25/11/2014,3,15:42,204,E08000035,E08000035,6,0,6,40.0,0,-1,-1,-1,0,0,7,1,4,0,0,2,1,2,E01011536
5728,2014131BP1034,2014,131BP1034,1,1,1,1,32,6,3,0,0,0,0,0,9,-1,-1,2014,131BP1034,430593.0,434504.0,-1.53693,53.805934,13,3,1,1,25/11/2014,3,17:45,204,E08000035,E08000035,3,58,3,40.0,0,-1,-1,-1,0,0,4,1,2,0,0,1,1,2,E01033003
5729,2014131BP1159,2014,131BP1159,1,1,3,2,6,2,3,5,4,0,0,0,0,1,-1,2014,131BP1159,425740.0,438723.0,-1.610269,53.844116,13,3,1,1,25/11/2014,3,18:40,204,E08000035,E08000035,6,0,6,30.0,0,-1,-1,-1,0,0,4,1,1,0,0,1,1,2,E01011695
5730,2014131BP1203,2014,131BP1203,2,1,1,1,50,8,3,0,0,0,0,0,1,3,-1,2014,131BP1203,423040.0,437639.0,-1.651386,53.834499,13,3,2,1,25/11/2014,3,19:14,204,E08000035,E08000035,3,65,1,30.0,1,4,3,6120,0,0,4,1,2,0,0,2,1,2,E01011452
5731,2014131BP1384,2014,131BP1384,1,1,3,1,44,7,3,6,9,0,0,0,0,1,-1,2014,131BP1384,429936.0,433352.0,-1.547018,53.795618,13,3,1,2,25/11/2014,3,21:12,204,E08000035,E08000035,6,0,2,30.0,0,-1,-1,-1,0,0,4,1,2,0,0,1,1,2,E01033016
5732,2014131BP1384,2014,131BP1384,1,2,3,2,15,3,3,6,9,0,0,0,0,1,-1,2014,131BP1384,429936.0,433352.0,-1.547018,53.795618,13,3,1,2,25/11/2014,3,21:12,204,E08000035,E08000035,6,0,2,30.0,0,-1,-1,-1,0,0,4,1,2,0,0,1,1,2,E01033016
5733,2014131BQ0164,2014,131BQ0164,2,1,1,1,43,7,3,0,0,0,0,0,1,1,-1,2014,131BQ0164,423192.0,434656.0,-1.6493,53.807681,13,3,2,1,26/11/2014,4,06:55,204,E08000035,E08000035,4,6157,3,40.0,6,2,6,0,0,0,1,2,2,0,0,1,1,2,E01011337
5734,2014131BQ0224,2014,131BQ0224,2,1,2,1,16,4,3,0,0,1,0,0,9,1,-1,2014,131BQ0224,429457.0,430234.0,-1.554586,53.767621,13,3,2,1,26/11/2014,4,08:10,204,E08000035,E08000035,3,653,3,40.0,3,4,6,0,0,0,1,1,2,0,0,1,1,2,E01011319
5735,2014131BQ0330,2014,131BQ0330,1,1,1,2,82,11,3,0,0,0,0,0,9,1,-1,2014,131BQ0330,432787.0,437176.0,-1.503332,53.829816,13,3,2,1,26/11/2014,4,09:42,204,E08000035,E08000035,6,0,6,30.0,0,-1,-1,-1,0,0,1,2,2,0,0,2,1,2,E01011641
5736,2014131BQ0425,2014,131BQ0425,1,1,3,2,83,11,1,1,1,0,0,0,0,-1,-1,2014,131BQ0425,436295.0,434707.0,-1.450325,53.807393,13,1,1,1,26/11/2014,4,10:51,204,E08000035,E08000035,6,0,6,30.0,3,4,6,0,0,1,1,1,1,0,0,1,1,2,E01011408
5737,2014131BQ1087,2014,131BQ1087,2,1,1,1,54,8,3,0,0,0,0,0,19,3,-1,2014,131BQ1087,420499.0,445640.0,-1.689464,53.906517,13,3,2,1,26/11/2014,4,17:54,204,E08000035,E08000035,6,0,6,30.0,6,4,6,0,0,0,1,1,1,0,0,1,1,2,E01011569
5738,2014131BQ1150,2014,131BQ1150,2,1,1,1,32,6,3,0,0,0,0,0,9,1,-1,2014,131BQ1150,430494.0,425066.0,-1.539363,53.721112,13,3,2,1,26/11/2014,4,18:25,204,E08000035,E08000035,6,0,6,30.0,0,-1,-1,-1,0,0,4,1,2,0,0,1,1,2,E01011537
5739,2014131BR0178,2014,131BR0178,1,1,1,2,53,8,3,0,0,0,0,0,9,1,-1,2014,131BR0178,428808.0,432612.0,-1.564211,53.789031,13,3,2,1,26/11/2014,4,16:40,204,E08000035,E08000035,3,58,6,30.0,3,4,6,0,0,0,7,2,2,0,0,1,2,2,E01033013
5740,2014131BR0268,2014,131BR0268,1,1,2,2,40,7,2,0,0,1,0,0,9,1,-1,2014,131BR0268,425453.0,434293.0,-1.614996,53.804314,13,2,1,1,27/11/2014,5,09:21,204,E08000035,E08000035,3,643,3,40.0,0,-1,-1,-1,0,0,1,2,2,0,0,1,1,2,E01011286
5741,2014131BR0544,2014,131BR0544,2,1,1,1,26,6,3,0,0,0,0,0,9,1,-1,2014,131BR0544,421923.0,433939.0,-1.668621,53.801292,13,3,2,2,27/11/2014,5,12:25,204,E08000035,E08000035,3,647,3,60.0,5,4,4,6155,0,0,1,2,2,0,0,1,1,2,E01011587
5742,2014131BR0544,2014,131BR0544,2,2,2,2,22,5,3,0,0,1,0,0,9,1,-1,2014,131BR0544,421923.0,433939.0,-1.668621,53.801292,13,3,2,2,27/11/2014,5,12:25,204,E08000035,E08000035,3,647,3,60.0,5,4,4,6155,0,0,1,2,2,0,0,1,1,2,E01011587
5743,2014131BR1318,2014,131BR1318,1,1,1,1,40,7,3,0,0,0,0,0,9,1,-1,2014,131BR1318,432729.0,438445.0,-1.504078,53.841225,13,3,2,1,27/11/2014,5,20:05,204,E08000035,E08000035,6,0,6,30.0,3,4,6,0,0,0,7,9,-1,0,0,1,1,2,E01011653
5744,2014131BR1389,2014,131BR1389,1,1,3,2,65,9,3,8,1,0,0,0,0,1,-1,2014,131BR1389,425965.0,426786.0,-1.607851,53.736816,13,3,1,1,27/11/2014,5,19:10,204,E08000035,E08000035,6,0,3,40.0,3,2,6,0,0,5,4,1,1,0,0,1,2,2,E01011546
5745,2014131BS0244,2014,131BS0244,1,1,1,1,31,6,3,0,0,0,0,0,9,1,-1,2014,131BS0244,438723.0,445898.0,-1.412049,53.907798,13,3,2,2,28/11/2014,6,07:25,204,E08000035,E08000035,3,58,6,30.0,0,-1,-1,-1,0,1,1,2,2,0,0,1,1,2,E01011706
5746,2014131BS0244,2014,131BS0244,2,2,1,2,57,9,3,0,0,0,0,0,9,1,-1,2014,131BS0244,438723.0,445898.0,-1.412049,53.907798,13,3,2,2,28/11/2014,6,07:25,204,E08000035,E08000035,3,58,6,30.0,0,-1,-1,-1,0,1,1,2,2,0,0,1,1,2,E01011706
5747,2014131BS0335,2014,131BS0335,1,1,3,1,15,3,3,5,4,0,0,0,0,1,-1,2014,131BS0335,418586.0,442905.0,-1.718748,53.882007,13,3,1,1,28/11/2014,6,08:20,204,E08000035,E08000035,6,0,6,30.0,0,-1,-1,-1,0,0,1,1,1,0,0,1,2,2,E01011280
5748,2014131BS1245,2014,131BS1245,1,1,1,1,33,6,3,0,0,0,0,0,9,-1,-1,2014,131BS1245,429568.0,430336.0,-1.552893,53.768532,13,3,2,2,28/11/2014,6,17:55,204,E08000035,E08000035,3,643,3,40.0,3,4,6,0,0,0,4,2,2,0,0,1,1,2,E01011319
5749,2014131BS1245,2014,131BS1245,2,2,1,1,57,9,3,0,0,0,0,0,9,1,-1,2014,131BS1245,429568.0,430336.0,-1.552893,53.768532,13,3,2,2,28/11/2014,6,17:55,204,E08000035,E08000035,3,643,3,40.0,3,4,6,0,0,0,4,2,2,0,0,1,1,2,E01011319
5750,2014131BS1772,2014,131BS1772,2,1,1,1,41,7,2,0,0,0,0,0,1,1,-1,2014,131BS1772,433698.0,433463.0,-1.489896,53.796387,13,2,2,1,28/11/2014,6,20:55,204,E08000035,E08000035,6,0,6,30.0,0,-1,-1,-1,0,0,7,1,1,0,0,1,2,2,E01011622
5751,2014131BT0117,2014,131BT0117,1,1,1,1,41,7,2,0,0,0,0,0,3,1,-1,2014,131BT0117,425250.0,437877.0,-1.617786,53.836536,13,2,1,1,29/11/2014,7,01:31,204,E08000035,E08000035,3,6110,6,40.0,0,-1,-1,-1,0,0,4,1,2,0,0,1,1,2,E01011464
5752,2014131BT0737,2014,131BT0737,1,1,1,1,22,5,3,0,0,0,0,0,9,-1,-1,2014,131BT0737,428931.0,434594.0,-1.562158,53.806838,13,3,2,4,29/11/2014,7,12:45,204,E08000035,E08000035,6,0,6,30.0,0,-1,-1,-1,0,0,1,1,1,0,0,1,1,2,E01033006