,accident_index,accident_year_x,accident_reference_x,vehicle_reference,casualty_reference,casualty_class,sex_of_casualty,age_of_casualty,age_band_of_casualty,casualty_severity,pedestrian_location,pedestrian_movement,car_passenger,bus_or_coach_passenger,pedestrian_road_maintenance_worker,casualty_type,casualty_home_area_type,casualty_imd_decile,accident_year_y,accident_reference_y,location_easting_osgr,location_northing_osgr,longitude,latitude,police_force,accident_severity,number_of_vehicles,number_of_casualties,date,day_of_week,time,local_authority_district,local_authority_ons_district,local_authority_highway,first_road_class,first_road_number,road_type,speed_limit,junction_detail,junction_control,second_road_class,second_road_number,pedestrian_crossing_human_control,pedestrian_crossing_physical_facilities,light_conditions,weather_conditions,road_surface_conditions,special_conditions_at_site,carriageway_hazards,urban_or_rural_area,did_police_officer_attend_scene_of_accident,trunk_road_flag,lsoa_of_accident_location
5840,2014131CA1002,2014,131CA1002,1,1,1,2,42,7,2,0,0,0,0,0,9,-1,-1,2014,131CA1002,430746.0,438905.0,-1.534168,53.84548,13,2,2,1,10/12/2014,4,16:24,204,E08000035,E08000035,6,0,6,30.0,0,-1,-1,-1,0,8,4,2,2,0,0,1,1,2,E01011512
5841,2014131CA1222,2014,131CA1222,1,1,1,1,29,6,3,0,0,0,0,0,3,1,-1,2014,131CA1222,428045.0,431112.0,-1.575928,53.77559,13,3,2,1,10/12/2014,4,18:00,204,E08000035,E08000035,3,643,2,30.0,0,-1,-1,-1,0,0,1,1,1,0,0,1,1,2,E01011369
5842,2014131CA1225,2014,131CA1225,1,1,2,1,48,8,3,0,0,1,0,0,9,1,-1,2014,131CA1225,428826.0,430302.0,-1.564153,53.768268,13,3,3,1,10/12/2014,4,17:40,204,E08000035,E08000035,6,0,6,30.0,0,-1,-1,-1,0,0,4,1,1,0,0,1,1,2,E01011315
5843,2014131CA1274,2014,131CA1274,1,1,3,1,30,6,1,1,2,0,0,0,0,1,-1,2014,131CA1274,435776.0,436795.0,-1.457964,53.826195,13,1,1,1,10/12/2014,4,18:30,204,E08000035,E08000035,3,6120,6,40.0,3,2,6,0,0,5,4,5,2,0,0,1,1,2,E01011661
5844,2014131CA1291,2014,131CA1291,2,1,1,1,19,4,3,0,0,0,0,0,9,2,-1,2014,131CA1291,435863.0,436433.0,-1.456685,53.822936,13,3,2,2,10/12/2014,4,18:40,204,E08000035,E08000035,3,64,3,30.0,1,4,3,6120,0,0,4,5,2,0,0,1,1,2,E01011720
5845,2014131CA1291,2014,131CA1291,2,2,2,1,9,2,3,0,0,2,0,0,9,2,-1,2014,131CA1291,435863.0,436433.0,-1.456685,53.822936,13,3,2,2,10/12/2014,4,18:40,204,E08000035,E08000035,3,64,3,30.0,1,4,3,6120,0,0,4,5,2,0,0,1,1,2,E01011720
5846,2014131CA1371,2014,131CA1371,1,1,1,1,46,8,3,0,0,0,0,0,9,1,-1,2014,131CA1371,435419.0,436669.0,-1.463402,53.825087,13,3,2,1,10/12/2014,4,19:30,204,E08000035,E08000035,6,0,6,30.0,3,4,6,0,0,0,1,1,1,0,0,1,1,2,E01011659
5847,2014131CA1567,2014,131CA1567,2,1,1,1,29,6,3,0,0,0,0,0,9,1,-1,2014,131CA1567,433154.0,435249.0,-1.497963,53.812474,13,3,2,1,10/12/2014,4,22:15,204,E08000035,E08000035,6,0,3,30.0,6,4,6,0,0,4,4,5,2,0,0,1,1,2,E01011431
5848,2014131CA1568,2014,131CA1568,1,1,2,1,18,4,3,0,0,2,0,0,9,-1,-1,2014,131CA1568,425336.0,440883.0,-1.616232,53.863549,13,3,1,3,10/12/2014,4,22:35,204,E08000035,E08000035,6,0,6,30.0,0,-1,-1,-1,0,0,4,5,2,0,0,1,1,2,E01011377
5849,2014131CA1568,2014,131CA1568,1,2,2,1,18,4,3,0,0,1,0,0,9,-1,-1,2014,131CA1568,425336.0,440883.0,-1.616232,53.863549,13,3,1,3,10/12/2014,4,22:35,204,E08000035,E08000035,6,0,6,30.0,0,-1,-1,-1,0,0,4,5,2,0,0,1,1,2,E01011377
5850,2014131CA1568,2014,131CA1568,1,3,2,1,18,4,3,0,0,2,0,0,9,-1,-1,2014,131CA1568,425336.0,440883.0,-1.616232,53.863549,13,3,1,3,10/12/2014,4,22:35,204,E08000035,E08000035,6,0,6,30.0,0,-1,-1,-1,0,0,4,5,2,0,0,1,1,2,E01011377
5851,2014131CB0548,2014,131CB0548,2,1,1,1,46,8,3,0,0,0,0,0,9,3,-1,2014,131CB0548,422242.0,436768.0,-1.663574,53.826705,13,3,2,1,13/12/2014,7,11:45,204,E08000035,E08000035,3,6120,6,60.0,0,-1,-1,-1,0,0,1,1,1,0,0,2,1,2,E01011589
5852,2014131CB0920,2014,131CB0920,1,1,2,2,93,11,3,0,0,0,3,0,11,1,-1,2014,131CB0920,430195.0,438301.0,-1.542602,53.840084,13,3,2,1,11/12/2014,5,15:45,204,E08000035,E08000035,3,61,6,30.0,0,-1,-1,-1,0,1,4,2,2,0,0,1,1,2,E01011506
5853,2014131CB0981,2014,131CB0981,1,2,1,2,28,6,3,0,0,0,0,0,9,-1,-1,2014,131CB0981,430867.0,434253.0,-1.532795,53.803662,13,3,3,2,11/12/2014,5,16:25,204,E08000035,E08000035,6,0,2,30.0,6,2,3,61,0,0,4,1,1,0,0,1,1,2,E01033003
5854,2014131CB0981,2014,131CB0981,2,1,1,1,39,7,3,0,0,0,0,0,19,-1,-1,2014,131CB0981,430867.0,434253.0,-1.532795,53.803662,13,3,3,2,11/12/2014,5,16:25,204,E08000035,E08000035,6,0,2,30.0,6,2,3,61,0,0,4,1,1,0,0,1,1,2,E01033003
5855,2014131CC0522,2014,131CC0522,1,1,3,1,11,3,3,5,1,0,0,0,0,1,-1,2014,131CC0522,441295.0,433228.0,-1.3746,53.793728,13,3,1,1,12/12/2014,6,08:10,204,E08000035,E08000035,6,0,6,30.0,0,-1,-1,-1,0,0,1,1,1,0,0,1,2,2,E01011397
5856,2014131CC0564,2014,131CC0564,1,1,1,2,53,8,3,0,0,0,0,0,9,1,-1,2014,131CC0564,430814.0,431975.0,-1.533826,53.783191,13,3,2,1,12/12/2014,6,12:23,204,E08000035,E08000035,3,61,6,30.0,0,-1,-1,-1,0,0,1,1,1,0,0,1,1,2,E01011467
5857,2014131CC0911,2014,131CC0911,2,1,2,1,26,6,3,0,0,1,0,0,9,1,-1,2014,131CC0911,431885.0,435549.0,-1.517204,53.815249,13,3,2,2,12/12/2014,6,09:00,204,E08000035,E08000035,6,0,6,30.0,3,4,6,0,0,0,1,2,2,0,0,1,2,2,E01011428
5858,2014131CC0911,2014,131CC0911,2,2,1,1,25,5,3,0,0,0,0,0,9,1,-1,2014,131CC0911,431885.0,435549.0,-1.517204,53.815249,13,3,2,2,12/12/2014,6,09:00,204,E08000035,E08000035,6,0,6,30.0,3,4,6,0,0,0,1,2,2,0,0,1,2,2,E01011428
5859,2014131CC1002,2014,131CC1002,1,1,2,2,33,6,2,0,0,2,0,0,9,1,-1,2014,131CC1002,443654.0,437222.0,-1.338226,53.829433,13,2,4,3,12/12/2014,6,16:30,204,E08000035,E08000035,2,1,3,70.0,0,-1,-1,-1,0,0,4,1,1,0,0,2,1,1,E01011297
5860,2014131CC1002,2014,131CC1002,1,2,2,2,46,8,3,0,0,1,0,0,9,3,-1,2014,131CC1002,443654.0,437222.0,-1.338226,53.829433,13,2,4,3,12/12/2014,6,16:30,204,E08000035,E08000035,2,1,3,70.0,0,-1,-1,-1,0,0,4,1,1,0,0,2,1,1,E01011297
5861,2014131CC1002,2014,131CC1002,1,3,1,2,57,9,3,0,0,0,0,0,9,1,-1,2014,131CC1002,443654.0,437222.0,-1.338226,53.829433,13,2,4,3,12/12/2014,6,16:30,204,E08000035,E08000035,2,1,3,70.0,0,-1,-1,-1,0,0,4,1,1,0,0,2,1,1,E01011297
5862,2014131CC1160,2014,131CC1160,1,1,3,1,15,3,2,8,1,0,0,0,0,1,-1,2014,131CC1160,433408.0,434962.0,-1.494137,53.809878,13,2,1,2,12/12/2014,6,17:51,204,E08000035,E08000035,6,0,6,30.0,0,-1,-1,-1,0,0,4,1,2,0,0,1,1,2,E01011342
5863,2014131CC1160,2014,131CC1160,1,2,3,1,17,4,3,8,1,0,0,0,0,1,-1,2014,131CC1160,433408.0,434962.0,-1.494137,53.809878,13,2,1,2,12/12/2014,6,17:51,204,E08000035,E08000035,6,0,6,30.0,0,-1,-1,-1,0,0,4,1,2,0,0,1,1,2,E01011342
5864,2014131CC1294,2014,131CC1294,1,1,2,2,21,5,3,0,0,1,0,0,9,1,-1,2014,131CC1294,434721.0,438859.0,-1.473759,53.844817,13,3,1,1,12/12/2014,6,19:06,204,E08000035,E08000035,6,0,6,60.0,0,-1,-1,-1,0,0,6,1,2,0,0,2,1,2,E01011311
5865,2014131CD0097,2014,131CD0097,1,1,1,1,55,8,3,0,0,0,0,0,9,1,-1,2014,131CD0097,429389.0,425864.0,-1.556032,53.728348,13,3,2,2,13/12/2014,7,01:30,204,E08000035,E08000035,3,650,6,40.0,3,4,6,0,0,8,4,1,2,0,0,1,1,2,E01011538
5866,2014131CD0097,2014,131CD0097,2,2,1,1,32,6,3,0,0,0,0,0,9,-1,-1,2014,131CD0097,429389.0,425864.0,-1.556032,53.728348,13,3,2,2,13/12/2014,7,01:30,204,E08000035,E08000035,3,650,6,40.0,3,4,6,0,0,8,4,1,2,0,0,1,1,2,E01011538
5867,2014131CD0802,2014,131CD0802,1,2,2,2,68,10,3,0,0,1,0,0,9,1,-1,2014,131CD0802,425802.0,428128.0,-1.610211,53.748886,13,3,2,2,13/12/2014,7,11:43,204,E08000035,E08000035,6,0,6,30.0,3,2,6,0,0,5,1,1,2,0,0,1,1,2,E01011530
5868,2014131CD0802,2014,131CD0802,2,1,1,1,20,4,3,0,0,0,0,0,2,1,-1,2014,131CD0802,425802.0,428128.0,-1.610211,53.748886,13,3,2,2,13/12/2014,7,11:43,204,E08000035,E08000035,6,0,6,30.0,3,2,6,0,0,5,1,1,2,0,0,1,1,2,E01011530
5869,2014131CD0865,2014,131CD0865,1,1,3,2,1,1,3,1,1,0,0,0,0,1,-1,2014,131CD0865,430686.0,436780.0,-1.535292,53.826385,13,3,1,1,13/12/2014,7,13:25,204,E08000035,E08000035,6,0,6,30.0,6,4,6,0,0,4,1,1,1,0,0,1,1,2,E01011352
5870,2014131CD1083,2014,131CD1083,1,1,3,1,52,8,3,1,9,0,0,0,0,-1,-1,2014,131CD1083,432157.0,433604.0,-1.513275,53.797751,13,3,1,1,13/12/2014,7,16:20,204,E08000035,E08000035,3,64,3,40.0,0,-1,-1,-1,0,4,4,2,2,0,0,1,1,2,E01011349
5871,2014131CD1095,2014,131CD1095,2,1,1,2,21,5,3,0,0,0,0,0,9,1,-1,2014,131CD1095,430181.0,426431.0,-1.543973,53.733399,13,3,2,1,13/12/2014,7,16:14,204,E08000035,E08000035,1,62,3,70.0,0,-1,-1,-1,0,0,4,2,2,0,0,1,1,1,E01011538
5872,2014131CD1136,2014,131CD1136,1,1,3,2,31,6,3,5,3,0,0,0,0,1,-1,2014,131CD1136,430386.0,433600.0,-1.540162,53.797821,13,3,1,3,13/12/2014,7,16:40,204,E08000035,E08000035,6,0,6,30.0,3,4,6,0,0,4,4,1,2,0,0,1,1,2,E01033010
5873,2014131CD1136,2014,131CD1136,1,2,2,2,77,11,3,0,0,0,4,0,11,1,-1,2014,131CD1136,430386.0,433600.0,-1.540162,53.797821,13,3,1,3,13/12/2014,7,16:40,204,E08000035,E08000035,6,0,6,30.0,3,4,6,0,0,4,4,1,2,0,0,1,1,2,E01033010
5874,2014131CD1136,2014,131CD1136,1,3,2,2,86,11,3,0,0,0,4,0,11,1,-1,2014,131CD1136,430386.0,433600.0,-1.540162,53.797821,13,3,1,3,13/12/2014,7,16:40,204,E08000035,E08000035,6,0,6,30.0,3,4,6,0,0,4,4,1,2,0,0,1,1,2,E01033010
5875,2014131CE0242,2014,131CE0242,1,1,1,1,41,7,2,0,0,0,0,0,8,1,-1,2014,131CE0242,430933.0,433312.0,-1.531887,53.795201,13,2,2,5,14/12/2014,1,02:50,204,E08000035,E08000035,3,61,3,30.0,3,2,3,61,0,5,4,1,2,0,0,1,1,2,E01033033
5876,2014131CE0242,2014,131CE0242,1,2,2,1,21,5,2,0,0,2,0,0,8,2,-1,2014,131CE0242,430933.0,433312.0,-1.531887,53.795201,13,2,2,5,14/12/2014,1,02:50,204,E08000035,E08000035,3,61,3,30.0,3,2,3,61,0,5,4,1,2,0,0,1,1,2,E01033033
5877,2014131CE0242,2014,131CE0242,1,3,2,1,26,6,2,0,0,2,0,0,8,1,-1,2014,131CE0242,430933.0,433312.0,-1.531887,53.795201,13,2,2,5,14/12/2014,1,02:50,204,E08000035,E08000035,3,61,3,30.0,3,2,3,61,0,5,4,1,2,0,0,1,1,2,E01033033
5878,2014131CE0242,2014,131CE0242,1,4,2,2,21,5,2,0,0,1,0,0,8,1,-1,2014,131CE0242,430933.0,433312.0,-1.531887,53.795201,13,2,2,5,14/12/2014,1,02:50,204,E08000035,E08000035,3,61,3,30.0,3,2,3,61,0,5,4,1,2,0,0,1,1,2,E01033033
5879,2014131CE0242,2014,131CE0242,1,5,2,2,28,6,2,0,0,2,0,0,8,1,-1,2014,131CE0242,430933.0,433312.0,-1.531887,53.795201,13,2,2,5,14/12/2014,1,02:50,204,E08000035,E08000035,3,61,3,30.0,3,2,3,61,0,5,4,1,2,0,0,1,1,2,E01033033
5880,2014131CE0243,2014,131CE0243,1,1,3,1,31,6,2,5,1,0,0,0,0,1,-1,2014,131CE0243,430859.0,433343.0,-1.533007,53.795484,13,2,1,1,14/12/2014,1,02:50,204,E08000035,E08000035,3,61,6,30.0,3,2,6,0,0,5,4,1,1,0,0,1,1,2,E01033033
5881,2014131CE0606,2014,131CE0606,2,1,1,1,21,5,3,0,0,0,0,0,3,1,-1,2014,131CE0606,424759.0,433577.0,-1.625591,53.797912,13,3,2,1,14/12/2014,1,10:57,204,E08000035,E08000035,6,0,6,30.0,3,4,6,0,0,0,1,1,2,0,0,1,1,2,E01011739
5882,2014131CE1140,2014,131CE1140,1,1,2,2,53,8,3,0,0,2,0,0,9,1,-1,2014,131CE1140,433268.0,436242.0,-1.496125,53.821391,13,3,1,1,14/12/2014,1,17:29,204,E08000035,E08000035,3,58,9,30.0,0,-1,-1,-1,0,0,4,1,2,0,0,1,1,2,E01011648
5883,2014131CE1380,2014,131CE1380,1,1,3,2,59,9,2,5,1,0,0,0,0,3,-1,2014,131CE1380,429811.0,432954.0,-1.548954,53.792048,13,2,1,1,14/12/2014,1,19:40,204,E08000035,E08000035,6,0,6,30.0,0,-1,-1,-1,0,0,4,1,2,0,0,1,1,2,E01033016
5884,2014131CF0246,2014,131CF0246,2,1,1,2,51,8,3,0,0,0,0,0,9,3,-1,2014,131CF0246,432210.0,444913.0,-1.511288,53.89939,13,3,2,1,15/12/2014,2,08:15,204,E08000035,E08000035,3,61,6,30.0,0,-1,-1,-1,0,0,1,2,2,0,0,2,1,2,E01011561
5885,2014131CF0721,2014,131CF0721,2,1,1,2,51,8,3,0,0,0,0,0,9,1,-1,2014,131CF0721,426972.0,439836.0,-1.591447,53.854057,13,3,2,2,15/12/2014,2,13:55,204,E08000035,E08000035,3,660,6,40.0,6,2,6,0,0,0,1,1,1,0,0,1,1,2,E01011380
5886,2014131CF0721,2014,131CF0721,2,2,2,1,55,8,3,0,0,1,0,0,9,1,-1,2014,131CF0721,426972.0,439836.0,-1.591447,53.854057,13,3,2,2,15/12/2014,2,13:55,204,E08000035,E08000035,3,660,6,40.0,6,2,6,0,0,0,1,1,1,0,0,1,1,2,E01011380
5887,2014131CF0800,2014,131CF0800,1,1,1,2,46,8,3,0,0,0,0,0,9,1,-1,2014,131CF0800,434652.0,434524.0,-1.475295,53.80586,13,3,2,1,15/12/2014,2,14:26,204,E08000035,E08000035,3,64,3,40.0,0,-1,-1,-1,0,0,1,2,2,0,0,1,1,2,E01011341
5888,2014131CF0877,2014,131CF0877,1,1,3,2,19,4,3,6,9,0,0,0,0,1,-1,2014,131CF0877,427081.0,436955.0,-1.590043,53.828157,13,3,1,1,14/12/2014,1,23:45,204,E08000035,E08000035,6,0,6,20.0,0,-1,-1,-1,0,0,7,1,1,0,0,1,1,2,E01011685
5889,2014131CF1328,2014,131CF1328,1,1,3,1,10,2,2,10,3,0,0,0,0,-1,-1,2014,131CF1328,425059.0,433375.0,-1.621053,53.796082,13,2,1,1,15/12/2014,2,18:40,204,E08000035,E08000035,6,0,6,30.0,1,4,6,0,0,8,4,1,2,0,0,1,1,2,E01011727
5890,2014131CG0265,2014,131CG0265,1,1,1,2,37,7,3,0,0,0,0,0,9,2,-1,2014,131CG0265,443946.0,442722.0,-1.333005,53.878839,13,3,1,1,16/12/2014,3,08:50,204,E08000035,E08000035,6,0,6,60.0,0,-1,-1,-1,0,0,1,1,2,0,0,2,1,2,E01011712
5891,2014131CG0729,2014,131CG0729,2,1,1,2,22,5,3,0,0,0,0,0,9,1,-1,2014,131CG0729,433161.0,435243.0,-1.497857,53.812419,13,3,2,1,16/12/2014,3,14:05,204,E08000035,E08000035,6,0,6,30.0,6,4,6,0,0,0,1,1,1,0,0,1,1,2,E01011431
5892,2014131CG0771,2014,131CG0771,1,1,3,1,21,5,3,1,3,0,0,0,0,1,-1,2014,131CG0771,430701.0,433612.0,-1.535379,53.797911,13,3,1,1,16/12/2014,3,14:41,204,E08000035,E08000035,3,61,3,30.0,0,-1,-1,-1,0,4,1,1,1,0,0,1,1,2,E01033011
5893,2014131CG1251,2014,131CG1251,2,1,1,2,28,6,3,0,0,0,0,0,9,1,-1,2014,131CG1251,426837.0,438055.0,-1.593655,53.838057,13,3,3,1,16/12/2014,3,18:46,204,E08000035,E08000035,3,660,1,40.0,1,4,6,0,0,0,4,1,1,0,0,1,2,2,E01011685
5894,2014131CG1611,2014,131CG1611,2,1,1,1,30,6,3,0,0,0,0,0,1,-1,-1,2014,131CG1611,427569.0,436873.0,-1.582637,53.827395,13,3,2,1,16/12/2014,3,22:50,204,E08000035,E08000035,3,660,6,30.0,3,4,6,0,0,0,4,2,2,0,0,1,1,2,E01011694
5895,2014131CH0233,2014,131CH0233,1,1,3,2,11,3,2,1,3,0,0,0,0,1,-1,2014,131CH0233,430326.0,435936.0,-1.540844,53.81882,13,2,1,1,17/12/2014,4,07:40,204,E08000035,E08000035,3,61,3,40.0,0,-1,-1,-1,0,4,4,1,2,0,0,1,1,2,E01011357
5896,2014131CH0522,2014,131CH0522,1,1,1,1,33,6,3,0,0,0,0,0,9,1,-1,2014,131CH0522,426041.0,436553.0,-1.605878,53.824597,13,3,1,1,17/12/2014,4,11:40,204,E08000035,E08000035,6,0,6,30.0,0,-1,-1,-1,0,0,1,1,2,0,0,1,1,2,E01011485
5897,2014131CH0716,2014,131CH0716,1,1,3,1,85,11,3,4,3,0,0,0,0,1,-1,2014,131CH0716,422278.0,433404.0,-1.66327,53.796468,13,3,1,1,17/12/2014,4,13:45,204,E08000035,E08000035,6,0,6,30.0,6,2,6,0,0,4,1,1,2,0,0,1,1,2,E01011612
5898,2014131CH0930,2014,131CH0930,1,1,3,2,69,10,3,1,4,0,0,0,0,1,-1,2014,131CH0930,431880.0,435714.0,-1.517263,53.816732,13,3,1,1,17/12/2014,4,15:46,204,E08000035,E08000035,3,58,6,30.0,3,2,6,0,0,5,1,1,1,0,0,1,1,2,E01011422
5899,2014131CH1008,2014,131CH1008,1,1,3,1,11,3,3,5,9,0,0,0,0,1,-1,2014,131CH1008,420922.0,433534.0,-1.683847,53.797693,13,3,1,1,17/12/2014,4,16:24,204,E08000035,E08000035,6,0,6,30.0,0,-1,-1,-1,0,0,4,1,2,0,0,1,2,2,E01011613
5900,2014131CH1054,2014,131CH1054,1,1,3,2,11,3,3,5,1,0,0,0,0,1,-1,2014,131CH1054,435020.0,436052.0,-1.469533,53.819569,13,3,1,1,17/12/2014,4,16:42,204,E08000035,E08000035,6,0,6,30.0,0,-1,-1,-1,0,0,4,2,2,0,0,1,1,2,E01011664
5901,2014131CH1402,2014,131CH1402,2,1,1,1,35,6,2,0,0,0,0,0,1,1,-1,2014,131CH1402,426058.0,436619.0,-1.605614,53.82519,13,2,2,1,17/12/2014,4,19:44,204,E08000035,E08000035,6,0,1,30.0,1,4,6,0,0,0,4,2,2,0,0,1,1,2,E01011485
5902,2014131CH1409,2014,131CH1409,1,1,1,2,67,10,3,0,0,0,0,0,9,1,-1,2014,131CH1409,436739.0,433810.0,-1.44369,53.7993,13,3,1,1,17/12/2014,4,19:47,204,E08000035,E08000035,3,6120,6,40.0,0,-1,-1,-1,0,0,4,2,2,0,0,1,1,2,E01011412
5903,2014131CI0839,2014,131CI0839,1,1,2,2,57,9,3,0,0,2,0,0,9,-1,-1,2014,131CI0839,429128.0,433853.0,-1.559237,53.800167,13,3,2,1,18/12/2014,5,13:40,204,E08000035,E08000035,6,0,6,30.0,3,4,6,0,0,0,1,1,2,0,0,1,1,2,E01011678
5904,2014131CI1175,2014,131CI1175,1,1,3,1,34,6,3,5,1,0,0,0,0,1,-1,2014,131CI1175,431044.0,433564.0,-1.530176,53.797459,13,3,1,1,18/12/2014,5,16:51,204,E08000035,E08000035,3,653,7,30.0,3,4,6,0,0,0,4,2,2,0,0,1,1,2,E01033011
5905,2014131CI1253,2014,131CI1253,2,1,1,1,32,6,3,0,0,0,0,0,1,-1,-1,2014,131CI1253,425473.0,437539.0,-1.614425,53.833487,13,3,2,1,18/12/2014,5,17:31,204,E08000035,E08000035,6,0,6,30.0,3,4,6,0,0,0,4,9,2,0,0,1,1,2,E01011686
5906,2014131CI1311,2014,131CI1311,1,1,3,1,20,4,3,5,4,0,0,0,0,-1,-1,2014,131CI1311,428506.0,431275.0,-1.568918,53.77703,13,3,1,1,18/12/2014,5,17:55,204,E08000035,E08000035,6,0,6,30.0,0,-1,-1,-1,0,0,4,2,2,0,0,1,2,2,E01011369
5907,2014131CI1321,2014,131CI1321,2,1,1,1,26,6,3,0,0,0,0,0,9,1,-1,2014,131CI1321,431483.0,435012.0,-1.523364,53.810447,13,3,2,1,18/12/2014,5,18:01,204,E08000035,E08000035,6,0,6,30.0,3,4,6,0,0,0,4,2,2,0,0,1,1,2,E01011673
5908,2014131CI1515,2014,131CI1515,2,1,1,2,56,9,3,0,0,0,0,0,9,1,-1,2014,131CI1515,433164.0,436091.0,-1.497721,53.820041,13,3,2,1,18/12/2014,5,20:00,204,E08000035,E08000035,6,0,6,30.0,0,-1,-1,-1,0,0,4,2,2,0,0,1,1,2,E01011421
5909,2014131CI1594,2014,131CI1594,1,1,3,1,51,8,1,8,9,0,0,0,0,-1,-1,2014,131CI1594,437870.0,432950.0,-1.426625,53.79149,13,1,1,1,18/12/2014,5,20:50,204,E08000035,E08000035,1,1,3,70.0,0,-1,-1,-1,0,0,6,2,2,0,2,2,1,1,E01011402
5910,2014131CI1699,2014,131CI1699,2,1,1,1,25,5,3,0,0,0,0,0,1,1,-1,2014,131CI1699,427471.0,433776.0,-1.584401,53.799565,13,3,2,1,18/12/2014,5,22:15,204,E08000035,E08000035,6,0,6,30.0,0,-1,-1,-1,0,0,4,2,2,0,0,1,1,2,E01011284
5911,2014131CJ0063,2014,131CJ0063,2,1,1,1,34,6,3,0,0,0,0,0,9,1,-1,2014,131CJ0063,429486.0,438077.0,-1.553398,53.838111,13,3,2,3,19/12/2014,6,01:11,204,E08000035,E08000035,6,0,6,30.0,0,-1,-1,-1,0,0,4,2,2,0,0,1,1,2,E01011505
5912,2014131CJ0063,2014,131CJ0063,2,2,2,1,38,7,3,0,0,1,0,0,9,2,-1,2014,131CJ0063,429486.0,438077.0,-1.553398,53.838111,13,3,2,3,19/12/2014,6,01:11,204,E08000035,E08000035,6,0,6,30.0,0,-1,-1,-1,0,0,4,2,2,0,0,1,1,2,E01011505
5913,2014131CJ0063,2014,131CJ0063,2,3,2,1,36,7,3,0,0,2,0,0,9,1,-1,2014,131CJ0063,429486.0,438077.0,-1.553398,53.838111,13,3,2,3,19/12/2014,6,01:11,204,E08000035,E08000035,6,0,6,30.0,0,-1,-1,-1,0,0,4,2,2,0,0,1,1,2,E01011505
5914,2014131CJ0355,2014,131CJ0355,2,1,1,1,34,6,3,0,0,0,0,0,9,1,-1,2014,131CJ0355,420224.0,434835.0,-1.694359,53.809414,13,3,2,1,19/12/2014,6,09:32,204,E08000035,E08000035,6,0,6,30.0,3,4,6,0,0,0,1,2,2,0,0,1,1,2,E01011595
5915,2014131CJ0678,2014,131CJ0678,2,1,1,1,54,8,3,0,0,0,0,0,9,-1,-1,2014,131CJ0678,423869.0,434279.0,-1.639049,53.804263,13,3,2,1,19/12/2014,6,13:15,204,E08000035,E08000035,3,647,6,30.0,3,4,6,0,0,0,1,1,2,0,0,1,1,2,E01011287
5916,2014131CJ0817,2014,131CJ0817,2,1,1,1,33,6,3,0,0,0,0,0,9,1,-1,2014,131CJ0817,430037.0,431028.0,-1.54571,53.774725,13,3,2,1,15/12/2014,2,15:45,204,E08000035,E08000035,3,653,3,40.0,3,4,6,0,0,0,1,2,2,0,0,1,2,2,E01011312
5917,2014131CJ1219,2014,131CJ1219,2,1,1,1,41,7,3,0,0,0,0,0,19,1,-1,2014,131CJ1219,427709.0,426389.0,-1.581448,53.733158,13,3,3,1,19/12/2014,6,16:00,204,E08000035,E08000035,1,62,9,70.0,5,4,3,58,0,0,4,5,2,0,0,1,1,1,E01011540
5918,2014131CJ1944,2014,131CJ1944,1,1,3,1,39,7,3,5,3,0,0,0,0,1,-1,2014,131CJ1944,429942.0,433381.0,-1.546924,53.795878,13,3,1,1,19/12/2014,6,23:35,204,E08000035,E08000035,6,0,3,30.0,0,-1,-1,-1,0,4,4,1,2,0,0,1,1,2,E01033010
5919,2014131CK0283,2014,131CK0283,1,1,1,1,56,9,3,0,0,0,0,0,9,1,-1,2014,131CK0283,432531.0,443201.0,-1.506584,53.883983,13,3,1,1,20/12/2014,7,03:12,204,E08000035,E08000035,3,61,6,60.0,0,-1,-1,-1,0,0,4,1,2,0,0,2,1,2,E01011561
5920,2014131CK1199,2014,131CK1199,1,1,3,1,6,2,3,5,3,0,0,0,0,-1,-1,2014,131CK1199,433334.0,434251.0,-1.495337,53.803492,13,3,1,1,20/12/2014,7,16:32,204,E08000035,E08000035,6,0,6,20.0,0,-1,-1,-1,0,0,4,1,1,0,0,1,1,2,E01011342
5921,2014131CK1248,2014,131CK1248,1,1,2,2,6,2,3,0,0,2,0,0,9,1,-1,2014,131CK1248,430432.0,431268.0,-1.539693,53.776859,13,3,2,1,18/12/2014,5,18:00,204,E08000035,E08000035,6,0,6,30.0,6,4,6,0,0,0,4,1,1,0,0,1,2,2,E01011374
5922,2014131CK1571,2014,131CK1571,1,1,3,1,32,6,3,4,1,0,0,0,0,-1,-1,2014,131CK1571,430338.0,433385.0,-1.540912,53.795892,13,3,1,1,20/12/2014,7,20:25,204,E08000035,E08000035,6,0,2,30.0,0,-1,-1,-1,0,4,4,1,1,0,0,1,1,2,E01033010
5923,2014131CL0443,2014,131CL0443,1,1,2,2,17,4,3,0,0,2,0,0,8,1,-1,2014,131CL0443,423570.0,434696.0,-1.643557,53.808024,13,3,2,2,20/12/2014,7,22:30,204,E08000035,E08000035,6,0,6,30.0,6,4,6,0,0,0,4,1,1,0,0,1,2,2,E01011337
5924,2014131CL0443,2014,131CL0443,1,2,2,2,18,4,3,0,0,2,0,0,8,-1,-1,2014,131CL0443,423570.0,434696.0,-1.643557,53.808024,13,3,2,2,20/12/2014,7,22:30,204,E08000035,E08000035,6,0,6,30.0,6,4,6,0,0,0,4,1,1,0,0,1,2,2,E01011337
5925,2014131CL0648,2014,131CL0648,2,1,2,2,64,9,3,0,0,2,0,0,9,1,-1,2014,131CL0648,431228.0,445744.0,-1.526148,53.906919,13,3,2,1,21/12/2014,1,12:30,204,E08000035,E08000035,3,61,6,60.0,3,4,3,659,0,0,1,1,2,0,0,2,1,2,E01011561
5926,2014131CL0989,2014,131CL0989,1,1,2,2,61,9,3,0,0,2,0,0,8,1,-1,2014,131CL0989,429561.0,431050.0,-1.552931,53.774949,13,3,2,1,21/12/2014,1,16:39,204,E08000035,E08000035,6,0,6,30.0,3,4,6,0,0,0,4,1,1,0,0,1,1,2,E01011375