,accident_index,accident_year_x,accident_reference_x,vehicle_reference,casualty_reference,casualty_class,sex_of_casualty,age_of_casualty,age_band_of_casualty,casualty_severity,pedestrian_location,pedestrian_movement,car_passenger,bus_or_coach_passenger,pedestrian_road_maintenance_worker,casualty_type,casualty_home_area_type,casualty_imd_decile,accident_year_y,accident_reference_y,location_easting_osgr,location_northing_osgr,longitude,latitude,police_force,accident_severity,number_of_vehicles,number_of_casualties,date,day_of_week,time,local_authority_district,local_authority_ons_district,local_authority_highway,first_road_class,first_road_number,road_type,speed_limit,junction_detail,junction_control,second_road_class,second_road_number,pedestrian_crossing_human_control,pedestrian_crossing_physical_facilities,light_conditions,weather_conditions,road_surface_conditions,special_conditions_at_site,carriageway_hazards,urban_or_rural_area,did_police_officer_attend_scene_of_accident,trunk_road_flag,lsoa_of_accident_location
5927,2014131CL1017,2014,131CL1017,1,1,1,2,22,5,3,0,0,0,0,0,9,1,-1,2014,131CL1017,430912.0,428655.0,-1.532671,53.753345,13,3,2,2,21/12/2014,1,17:02,204,E08000035,E08000035,6,0,6,30.0,3,4,6,0,0,0,4,1,1,0,0,1,1,2,E01011466
5928,2014131CL1017,2014,131CL1017,1,2,2,2,60,9,3,0,0,1,0,0,9,1,-1,2014,131CL1017,430912.0,428655.0,-1.532671,53.753345,13,3,2,2,21/12/2014,1,17:02,204,E08000035,E08000035,6,0,6,30.0,3,4,6,0,0,0,4,1,1,0,0,1,1,2,E01011466
5929,2014131CL1308,2014,131CL1308,1,1,1,1,66,10,3,0,0,0,0,0,9,1,-1,2014,131CL1308,430032.0,431022.0,-1.545787,53.774671,13,3,2,3,21/12/2014,1,20:15,204,E08000035,E08000035,3,653,6,30.0,3,4,6,0,0,0,4,1,2,0,0,1,1,2,E01011312
5930,2014131CL1308,2014,131CL1308,1,2,2,1,44,7,3,0,0,1,0,0,9,1,-1,2014,131CL1308,430032.0,431022.0,-1.545787,53.774671,13,3,2,3,21/12/2014,1,20:15,204,E08000035,E08000035,3,653,6,30.0,3,4,6,0,0,0,4,1,2,0,0,1,1,2,E01011312
5931,2014131CL1308,2014,131CL1308,2,3,1,1,32,6,3,0,0,0,0,0,9,1,-1,2014,131CL1308,430032.0,431022.0,-1.545787,53.774671,13,3,2,3,21/12/2014,1,20:15,204,E08000035,E08000035,3,653,6,30.0,3,4,6,0,0,0,4,1,2,0,0,1,1,2,E01011312
5932,2014131CL1483,2014,131CL1483,2,1,1,2,48,8,3,0,0,0,0,0,9,1,-1,2014,131CL1483,430905.0,436562.0,-1.531987,53.824413,13,3,2,3,21/12/2014,1,22:12,204,E08000035,E08000035,4,6159,6,30.0,3,2,6,0,0,4,4,4,2,0,0,1,1,2,E01011356
5933,2014131CL1483,2014,131CL1483,2,2,2,1,18,4,3,0,0,1,0,0,9,1,-1,2014,131CL1483,430905.0,436562.0,-1.531987,53.824413,13,3,2,3,21/12/2014,1,22:12,204,E08000035,E08000035,4,6159,6,30.0,3,2,6,0,0,4,4,4,2,0,0,1,1,2,E01011356
5934,2014131CL1483,2014,131CL1483,2,3,2,2,10,2,3,0,0,2,0,0,9,1,-1,2014,131CL1483,430905.0,436562.0,-1.531987,53.824413,13,3,2,3,21/12/2014,1,22:12,204,E08000035,E08000035,4,6159,6,30.0,3,2,6,0,0,4,4,4,2,0,0,1,1,2,E01011356
5935,2014131CM0248,2014,131CM0248,1,1,3,1,41,7,3,5,1,0,0,0,0,1,-1,2014,131CM0248,425830.0,438647.0,-1.608908,53.843428,13,3,1,1,22/12/2014,2,07:39,204,E08000035,E08000035,6,0,6,30.0,0,-1,-1,-1,0,0,4,4,1,0,0,1,2,2,E01011695
5936,2014131CM0892,2014,131CM0892,2,1,2,1,16,4,3,0,0,1,0,0,9,1,-1,2014,131CM0892,430634.0,431191.0,-1.536636,53.776155,13,3,2,1,22/12/2014,2,14:48,204,E08000035,E08000035,6,0,6,30.0,3,4,6,0,0,0,1,5,2,0,0,1,1,2,E01011468
5937,2014131CM0916,2014,131CM0916,2,1,1,2,34,6,3,0,0,0,0,0,9,1,-1,2014,131CM0916,429006.0,429700.0,-1.561478,53.762847,13,3,2,1,22/12/2014,2,15:01,204,E08000035,E08000035,6,0,6,30.0,3,2,6,0,0,4,1,1,1,0,0,1,1,2,E01011322
5938,2014131CM1165,2014,131CM1165,1,1,3,2,52,8,3,2,1,0,0,0,0,-1,-1,2014,131CM1165,430910.0,435581.0,-1.532009,53.815595,13,3,1,1,22/12/2014,2,17:10,204,E08000035,E08000035,6,0,6,30.0,0,-1,-1,-1,0,4,4,4,2,0,0,1,1,2,E01011360
5939,2014131CM1223,2014,131CM1223,1,1,1,1,28,6,3,0,0,0,0,0,9,1,-1,2014,131CM1223,425397.0,437918.0,-1.615549,53.836897,13,3,1,2,22/12/2014,2,17:56,204,E08000035,E08000035,3,6120,6,40.0,0,-1,-1,-1,0,0,4,4,2,0,0,1,1,2,E01011686
5940,2014131CM1223,2014,131CM1223,1,2,2,1,10,2,3,0,0,2,0,0,9,1,-1,2014,131CM1223,425397.0,437918.0,-1.615549,53.836897,13,3,1,2,22/12/2014,2,17:56,204,E08000035,E08000035,3,6120,6,40.0,0,-1,-1,-1,0,0,4,4,2,0,0,1,1,2,E01011686
5941,2014131CM1273,2014,131CM1273,1,1,2,1,5,1,3,0,0,0,4,0,11,1,-1,2014,131CM1273,430936.0,433389.0,-1.531833,53.795892,13,3,1,1,22/12/2014,2,15:50,204,E08000035,E08000035,3,653,3,30.0,0,-1,-1,-1,0,0,1,4,2,0,0,1,2,2,E01033033
5942,2014131CM1390,2014,131CM1390,2,1,1,1,31,6,3,0,0,0,0,0,3,1,-1,2014,131CM1390,431474.0,431698.0,-1.523838,53.780662,13,3,2,1,22/12/2014,2,19:23,204,E08000035,E08000035,6,0,6,30.0,1,4,6,0,0,0,4,2,2,0,0,1,1,2,E01011467
5943,2014131CM1603,2014,131CM1603,2,1,1,1,20,4,3,0,0,0,0,0,9,1,-1,2014,131CM1603,427493.0,425504.0,-1.584801,53.725215,13,3,2,1,22/12/2014,2,21:30,204,E08000035,E08000035,3,653,3,40.0,6,2,3,6209,0,5,4,1,1,0,0,1,1,2,E01011548
5944,2014131CM1751,2014,131CM1751,1,1,1,1,54,8,2,0,0,0,0,0,3,1,-1,2014,131CM1751,434219.0,433855.0,-1.481944,53.799876,13,2,1,1,22/12/2014,2,23:22,204,E08000035,E08000035,4,6159,6,40.0,0,-1,-1,-1,0,0,4,5,2,0,0,1,1,2,E01011341
5945,2014131CN0652,2014,131CN0652,1,1,2,1,78,11,3,0,0,0,3,0,11,-1,-1,2014,131CN0652,434613.0,434512.0,-1.475888,53.805755,13,3,2,3,23/12/2014,3,11:50,204,E08000035,E08000035,3,64,3,30.0,0,-1,-1,-1,0,0,1,1,2,0,0,1,2,2,E01011341
5946,2014131CN0652,2014,131CN0652,1,2,2,2,77,11,3,0,0,0,4,0,11,-1,-1,2014,131CN0652,434613.0,434512.0,-1.475888,53.805755,13,3,2,3,23/12/2014,3,11:50,204,E08000035,E08000035,3,64,3,30.0,0,-1,-1,-1,0,0,1,1,2,0,0,1,2,2,E01011341
5947,2014131CN0652,2014,131CN0652,1,3,2,2,75,10,3,0,0,0,4,0,11,-1,-1,2014,131CN0652,434613.0,434512.0,-1.475888,53.805755,13,3,2,3,23/12/2014,3,11:50,204,E08000035,E08000035,3,64,3,30.0,0,-1,-1,-1,0,0,1,1,2,0,0,1,2,2,E01011341
5948,2014131CN0767,2014,131CN0767,1,1,2,1,64,9,3,0,0,0,1,0,11,1,-1,2014,131CN0767,430812.0,436622.0,-1.533393,53.824957,13,3,1,1,23/12/2014,3,13:10,204,E08000035,E08000035,6,0,6,30.0,0,-1,-1,-1,0,0,1,1,1,0,0,1,2,2,E01011352
5949,2014131CN1086,2014,131CN1086,1,1,1,2,21,5,3,0,0,0,0,0,9,1,-1,2014,131CN1086,430859.0,424444.0,-1.533893,53.7155,13,3,2,1,23/12/2014,3,17:00,204,E08000035,E08000035,1,1,7,70.0,5,2,3,650,0,0,4,2,2,4,0,1,1,1,E01011537
5950,2014131CN1095,2014,131CN1095,1,1,1,2,29,6,3,0,0,0,0,0,9,1,-1,2014,131CN1095,431817.0,434294.0,-1.518366,53.803973,13,3,2,1,23/12/2014,3,17:00,204,E08000035,E08000035,6,0,6,30.0,3,4,6,0,0,0,4,1,2,0,0,1,2,2,E01011677
5951,2014131CN1112,2014,131CN1112,2,1,2,1,50,8,3,0,0,1,0,0,9,1,-1,2014,131CN1112,429917.0,438776.0,-1.546781,53.844369,13,3,2,1,23/12/2014,3,10:30,204,E08000035,E08000035,6,0,6,30.0,3,4,6,0,0,0,1,1,1,0,0,1,2,2,E01011510
5952,2014131CN1135,2014,131CN1135,1,1,2,2,22,5,3,0,0,2,0,0,8,1,-1,2014,131CN1135,435301.0,435253.0,-1.465357,53.812369,13,3,1,2,23/12/2014,3,17:44,204,E08000035,E08000035,6,0,6,30.0,3,4,6,0,0,0,4,1,2,0,6,1,2,2,E01011667
5953,2014131CN1135,2014,131CN1135,1,2,2,2,22,5,3,0,0,2,0,0,8,1,-1,2014,131CN1135,435301.0,435253.0,-1.465357,53.812369,13,3,1,2,23/12/2014,3,17:44,204,E08000035,E08000035,6,0,6,30.0,3,4,6,0,0,0,4,1,2,0,6,1,2,2,E01011667
5954,2014131CN1174,2014,131CN1174,2,1,1,2,29,6,3,0,0,0,0,0,9,-1,-1,2014,131CN1174,424469.0,433844.0,-1.629973,53.800325,13,3,2,1,23/12/2014,3,18:45,204,E08000035,E08000035,3,6110,3,40.0,0,-1,-1,-1,0,0,4,5,2,0,0,1,1,2,E01011608
5955,2014131CN1299,2014,131CN1299,1,1,1,1,28,6,3,0,0,0,0,0,9,1,-1,2014,131CN1299,428550.0,433012.0,-1.56809,53.79264,13,3,2,2,23/12/2014,3,19:15,204,E08000035,E08000035,3,58,1,40.0,1,4,4,6154,0,0,4,4,1,0,0,1,2,2,E01011363
5956,2014131CN1299,2014,131CN1299,1,2,2,1,55,8,3,0,0,1,0,0,9,1,-1,2014,131CN1299,428550.0,433012.0,-1.56809,53.79264,13,3,2,2,23/12/2014,3,19:15,204,E08000035,E08000035,3,58,1,40.0,1,4,4,6154,0,0,4,4,1,0,0,1,2,2,E01011363
5957,2014131CO0288,2014,131CO0288,1,1,1,1,48,8,3,0,0,0,0,0,9,1,-1,2014,131CO0288,431496.0,433971.0,-1.523273,53.80109,13,3,3,1,24/12/2014,4,08:00,204,E08000035,E08000035,6,0,6,30.0,3,4,6,0,0,1,1,1,1,0,0,1,1,2,E01033031
5958,2014131CO0718,2014,131CO0718,1,1,2,2,12,3,3,0,0,1,0,0,9,-1,-1,2014,131CO0718,419833.0,441195.0,-1.699888,53.866592,13,3,3,1,24/12/2014,4,13:27,204,E08000035,E08000035,3,65,6,30.0,3,2,6,0,0,0,1,1,1,0,0,1,1,2,E01011273
5959,2014131CO0793,2014,131CO0793,1,1,3,2,79,11,2,5,3,0,0,0,0,1,-1,2014,131CO0793,441270.0,431106.0,-1.375263,53.774659,13,2,1,1,24/12/2014,4,13:45,204,E08000035,E08000035,6,0,6,30.0,3,4,6,0,0,0,1,1,1,0,0,1,2,2,E01011300
5960,2014131CO0919,2014,131CO0919,1,1,3,2,25,5,3,1,3,0,0,0,0,-1,-1,2014,131CO0919,430267.0,433754.0,-1.541954,53.799212,13,3,1,1,24/12/2014,4,16:07,204,E08000035,E08000035,6,0,6,30.0,6,2,6,0,0,4,4,1,1,0,0,1,1,2,E01033010
5961,2014131CQ0124,2014,131CQ0124,1,1,1,1,34,6,3,0,0,0,0,0,19,1,-1,2014,131CQ0124,431968.0,435819.0,-1.515915,53.817671,13,3,2,2,26/12/2014,6,01:50,204,E08000035,E08000035,3,58,6,30.0,6,2,4,6159,0,5,4,1,1,0,0,1,1,2,E01011428
5962,2014131CQ0124,2014,131CQ0124,1,2,2,2,24,5,3,0,0,1,0,0,19,1,-1,2014,131CQ0124,431968.0,435819.0,-1.515915,53.817671,13,3,2,2,26/12/2014,6,01:50,204,E08000035,E08000035,3,58,6,30.0,6,2,4,6159,0,5,4,1,1,0,0,1,1,2,E01011428
5963,2014131CQ0293,2014,131CQ0293,1,1,1,2,23,5,3,0,0,0,0,0,9,1,-1,2014,131CQ0293,434120.0,429958.0,-1.483877,53.764857,13,3,1,1,26/12/2014,6,07:45,204,E08000035,E08000035,1,1,3,70.0,0,-1,-1,-1,0,0,1,1,2,0,0,2,1,1,E01011639
5964,2014131CQ0491,2014,131CQ0491,2,1,1,1,29,6,2,0,0,0,0,0,5,3,-1,2014,131CQ0491,433654.0,438995.0,-1.489961,53.84611,13,2,2,1,26/12/2014,6,11:50,204,E08000035,E08000035,3,6120,6,40.0,8,4,6,0,0,0,1,1,2,0,0,2,1,2,E01011649
5965,2014131CQ0518,2014,131CQ0518,2,1,1,2,33,6,3,0,0,0,0,0,9,1,-1,2014,131CQ0518,425680.0,426870.0,-1.612165,53.737585,13,3,2,1,26/12/2014,6,11:00,204,E08000035,E08000035,3,650,6,30.0,3,2,4,6123,0,5,1,1,1,0,0,1,2,2,E01011546
5966,2014131CQ0820,2014,131CQ0820,2,1,1,2,19,4,3,0,0,0,0,0,9,1,-1,2014,131CQ0820,440675.0,447730.0,-1.382094,53.924114,13,3,2,2,26/12/2014,6,16:45,204,E08000035,E08000035,3,168,6,60.0,0,-1,-1,-1,0,0,4,2,2,0,0,1,1,2,E01011704
5967,2014131CQ0820,2014,131CQ0820,2,2,2,2,76,11,3,0,0,1,0,0,9,1,-1,2014,131CQ0820,440675.0,447730.0,-1.382094,53.924114,13,3,2,2,26/12/2014,6,16:45,204,E08000035,E08000035,3,168,6,60.0,0,-1,-1,-1,0,0,4,2,2,0,0,1,1,2,E01011704
5968,2014131CQ0911,2014,131CQ0911,2,1,2,2,17,4,3,0,0,1,0,0,9,1,-1,2014,131CQ0911,427956.0,429368.0,-1.577436,53.75992,13,3,2,1,26/12/2014,6,17:50,204,E08000035,E08000035,6,0,1,30.0,2,4,6,0,0,0,4,1,1,0,0,2,1,2,E01011524
5969,2014131CQ0917,2014,131CQ0917,1,1,3,1,63,9,1,10,9,0,0,0,0,1,-1,2014,131CQ0917,429965.0,427061.0,-1.547186,53.739074,13,1,1,1,26/12/2014,6,17:54,204,E08000035,E08000035,6,0,6,30.0,9,4,6,0,0,0,4,2,2,0,0,1,1,2,E01011492
5970,2014131CQ0968,2014,131CQ0968,1,1,1,1,44,7,3,0,0,0,0,0,1,1,-1,2014,131CQ0968,420220.0,445622.0,-1.693712,53.906367,13,3,2,1,26/12/2014,6,18:30,204,E08000035,E08000035,4,6451,2,30.0,3,4,6,0,0,0,4,3,3,0,0,1,1,2,E01011569
5971,2014131CQ1060,2014,131CQ1060,2,1,1,1,30,6,3,0,0,0,0,0,8,1,-1,2014,131CQ1060,425680.0,426869.0,-1.612165,53.737576,13,3,2,1,26/12/2014,6,19:30,204,E08000035,E08000035,6,0,6,30.0,3,2,6,0,0,0,4,3,2,0,0,1,1,2,E01011546
5972,2014131CR0161,2014,131CR0161,1,1,3,2,27,6,3,9,9,0,0,0,0,-1,-1,2014,131CR0161,424124.0,435026.0,-1.635119,53.810965,13,3,1,1,27/12/2014,7,01:25,204,E08000035,E08000035,6,0,6,30.0,0,-1,-1,-1,0,0,4,1,1,0,0,1,2,2,E01011331
5973,2014131CR1338,2014,131CR1338,1,1,2,1,2,1,3,0,0,2,0,0,9,1,-1,2014,131CR1338,432563.0,435023.0,-1.506962,53.81048,13,3,2,1,27/12/2014,7,19:50,204,E08000035,E08000035,6,0,6,20.0,3,4,6,0,0,0,4,1,2,0,0,1,1,2,E01011432
5974,2014131CR1342,2014,131CR1342,1,1,1,2,20,4,3,0,0,0,0,0,9,1,-1,2014,131CR1342,417978.0,442773.0,-1.728005,53.880842,13,3,2,2,27/12/2014,7,19:55,204,E08000035,E08000035,3,65,6,30.0,8,4,6,0,0,0,4,2,4,0,0,1,1,2,E01011266
5975,2014131CR1342,2014,131CR1342,1,2,2,2,20,4,3,0,0,1,0,0,9,1,-1,2014,131CR1342,417978.0,442773.0,-1.728005,53.880842,13,3,2,2,27/12/2014,7,19:55,204,E08000035,E08000035,3,65,6,30.0,8,4,6,0,0,0,4,2,4,0,0,1,1,2,E01011266
5976,2014131CR1601,2014,131CR1601,1,1,1,1,16,4,2,0,0,0,0,0,9,-1,-1,2014,131CR1601,432007.0,434490.0,-1.515461,53.805723,13,2,2,2,27/12/2014,7,23:30,204,E08000035,E08000035,6,0,6,30.0,3,4,6,0,0,0,4,1,2,0,0,1,1,2,E01011349
5977,2014131CR1601,2014,131CR1601,1,2,2,1,17,4,3,0,0,1,0,0,9,-1,-1,2014,131CR1601,432007.0,434490.0,-1.515461,53.805723,13,2,2,2,27/12/2014,7,23:30,204,E08000035,E08000035,6,0,6,30.0,3,4,6,0,0,0,4,1,2,0,0,1,1,2,E01011349
5978,2014131CS0418,2014,131CS0418,1,1,1,1,45,7,3,0,0,0,0,0,9,-1,-1,2014,131CS0418,440330.0,435697.0,-1.388926,53.815994,13,3,1,1,28/12/2014,1,09:55,204,E08000035,E08000035,6,0,6,60.0,0,-1,-1,-1,0,0,1,1,4,0,0,2,1,2,E01011296
5979,2014131CS0430,2014,131CS0430,1,1,1,2,22,5,3,0,0,0,0,0,9,1,-1,2014,131CS0430,421208.0,434125.0,-1.679464,53.802993,13,3,1,1,28/12/2014,1,10:05,204,E08000035,E08000035,3,647,3,70.0,5,4,6,0,0,0,1,1,4,0,0,1,1,2,E01011599
5980,2014131CS0465,2014,131CS0465,1,1,3,1,86,11,2,4,3,0,0,0,0,-1,-1,2014,131CS0465,429018.0,429439.0,-1.561321,53.7605,13,2,1,1,28/12/2014,1,11:18,204,E08000035,E08000035,6,0,6,30.0,7,2,3,653,0,4,1,1,1,0,0,1,1,2,E01011322
5981,2014131CS0477,2014,131CS0477,1,1,1,2,74,10,3,0,0,0,0,0,9,-1,-1,2014,131CS0477,435574.0,440137.0,-1.460647,53.856246,13,3,1,1,28/12/2014,1,10:55,204,E08000035,E08000035,3,58,6,40.0,0,-1,-1,-1,0,0,1,1,4,0,0,2,1,2,E01011311
5982,2014131CT0467,2014,131CT0467,1,1,1,1,55,8,3,0,0,0,0,0,9,2,-1,2014,131CT0467,426865.0,437535.0,-1.593274,53.833382,13,3,2,3,30/12/2014,3,11:54,204,E08000035,E08000035,3,660,6,30.0,3,4,6,0,0,0,1,1,2,0,0,1,1,2,E01011685
5983,2014131CT0467,2014,131CT0467,2,2,1,1,65,9,3,0,0,0,0,0,9,1,-1,2014,131CT0467,426865.0,437535.0,-1.593274,53.833382,13,3,2,3,30/12/2014,3,11:54,204,E08000035,E08000035,3,660,6,30.0,3,4,6,0,0,0,1,1,2,0,0,1,1,2,E01011685
5984,2014131CT0467,2014,131CT0467,2,3,2,2,62,9,3,0,0,1,0,0,9,1,-1,2014,131CT0467,426865.0,437535.0,-1.593274,53.833382,13,3,2,3,30/12/2014,3,11:54,204,E08000035,E08000035,3,660,6,30.0,3,4,6,0,0,0,1,1,2,0,0,1,1,2,E01011685
5985,2014131CT1319,2014,131CT1319,1,1,1,1,28,6,3,0,0,0,0,0,9,1,-1,2014,131CT1319,425800.0,428414.0,-1.610217,53.751456,13,3,2,1,29/12/2014,2,20:25,204,E08000035,E08000035,4,6126,6,30.0,3,4,6,0,0,0,4,1,2,0,0,1,1,2,E01011532
5986,2014131CU0553,2014,131CU0553,1,1,3,2,73,10,3,5,3,0,0,0,0,1,-1,2014,131CU0553,421674.0,434229.0,-1.672382,53.803909,13,3,1,1,30/12/2014,3,13:35,204,E08000035,E08000035,6,0,6,20.0,0,-1,-1,-1,0,0,1,1,2,0,0,1,1,2,E01011587
5987,2014131CU0802,2014,131CU0802,1,1,1,2,55,8,3,0,0,0,0,0,9,1,-1,2014,131CU0802,429119.0,430977.0,-1.559644,53.774318,13,3,2,1,30/12/2014,3,15:54,204,E08000035,E08000035,6,0,6,20.0,3,4,6,0,0,0,1,1,2,0,0,1,1,2,E01011314
5988,2014131CV0080,2014,131CV0080,1,1,3,1,19,4,2,9,5,0,0,0,0,1,-1,2014,131CV0080,428839.0,433995.0,-1.563611,53.801459,13,2,1,1,31/12/2014,4,01:53,204,E08000035,E08000035,6,0,6,30.0,3,4,6,0,0,4,4,1,2,0,0,1,1,2,E01011678
5989,2014131CV0542,2014,131CV0542,2,1,2,2,15,3,3,0,0,1,0,0,9,1,-1,2014,131CV0542,436092.0,434785.0,-1.453399,53.808108,13,3,2,1,31/12/2014,4,13:10,204,E08000035,E08000035,6,0,3,40.0,0,-1,-1,-1,0,1,1,1,2,0,0,1,1,2,E01011345
5990,2014132130577,2014,132130577,1,1,2,1,71,10,3,0,0,2,0,0,8,1,-1,2014,132130577,426119.0,426906.0,-1.605507,53.737887,13,3,1,1,25/12/2014,5,08:30,204,E08000035,E08000035,6,0,6,30.0,0,-1,-1,-1,0,0,1,1,1,0,0,1,2,2,E01011545
5991,20141321D1298,2014,1321D1298,1,1,3,1,23,5,3,5,3,0,0,0,0,1,-1,2014,1321D1298,430261.0,431186.0,-1.542296,53.776132,13,3,1,1,27/12/2014,7,00:50,204,E08000035,E08000035,6,0,6,30.0,0,-1,-1,-1,0,0,7,1,1,0,0,1,2,2,E01011374
5992,20141325D0630,2014,1325D0630,2,1,1,1,77,11,2,0,0,0,0,0,22,1,-1,2014,1325D0630,430906.0,433484.0,-1.532279,53.796748,13,2,2,1,13/05/2014,3,12:20,204,E08000035,E08000035,6,0,3,30.0,0,-1,-1,-1,0,4,1,1,1,0,0,1,1,2,E01033011
5993,20151313E0037,2015,1313E0037,1,1,1,1,39,7,3,0,0,0,0,0,9,1,-1,2015,1313E0037,429969.0,434187.0,-1.546442,53.803124,13,3,2,1,14/03/2015,7,00:22,204,E08000035,E08000035,6,0,6,30.0,9,4,6,0,0,5,4,1,1,0,0,1,1,2,E01033010
5994,20151319C0493,2015,1319C0493,1,1,1,1,24,5,3,0,0,0,0,0,9,1,-1,2015,1319C0493,445949.0,431172.0,-1.304271,53.774865,13,3,2,2,09/01/2015,6,18:55,204,E08000035,E08000035,4,1222,6,60.0,5,4,3,63,0,0,6,4,2,0,0,2,1,2,E01011299
5995,20151319C0493,2015,1319C0493,1,2,2,2,20,4,3,0,0,1,0,0,9,1,-1,2015,1319C0493,445949.0,431172.0,-1.304271,53.774865,13,3,2,2,09/01/2015,6,18:55,204,E08000035,E08000035,4,1222,6,60.0,5,4,3,63,0,0,6,4,2,0,0,2,1,2,E01011299
5996,2015132110145,2015,132110145,1,1,1,1,26,6,3,0,0,0,0,0,9,1,-1,2015,132110145,430902.0,432293.0,-1.532465,53.786047,13,2,2,3,01/01/2015,5,00:35,204,E08000035,E08000035,3,61,3,30.0,6,2,3,61,0,4,4,1,2,0,0,1,1,2,E01033018
5997,2015132110145,2015,132110145,2,2,1,1,45,7,3,0,0,0,0,0,8,1,-1,2015,132110145,430902.0,432293.0,-1.532465,53.786047,13,2,2,3,01/01/2015,5,00:35,204,E08000035,E08000035,3,61,3,30.0,6,2,3,61,0,4,4,1,2,0,0,1,1,2,E01033018
5998,2015132110145,2015,132110145,2,3,2,2,23,5,2,0,0,2,0,0,8,1,-1,2015,132110145,430902.0,432293.0,-1.532465,53.786047,13,2,2,3,01/01/2015,5,00:35,204,E08000035,E08000035,3,61,3,30.0,6,2,3,61,0,4,4,1,2,0,0,1,1,2,E01033018
5999,2015132111055,2015,132111055,2,1,1,1,60,9,3,0,0,0,0,0,9,1,-1,2015,132111055,431254.0,445733.0,-1.52576,53.906819,13,3,2,1,01/01/2015,5,10:45,204,E08000035,E08000035,3,61,6,40.0,3,4,3,659,0,0,1,1,1,0,0,2,1,2,E01011561
6000,2015132111114,2015,132111114,2,1,1,1,48,8,3,0,0,0,0,0,8,1,-1,2015,132111114,435245.0,428899.0,-1.466938,53.755268,13,3,2,1,01/01/2015,5,11:30,204,E08000035,E08000035,6,0,3,30.0,0,-1,-1,-1,0,0,1,1,1,0,0,1,1,2,E01011627
6001,2015132111672,2015,132111672,1,1,1,1,67,10,2,0,0,0,0,0,9,1,-1,2015,132111672,428479.0,433311.0,-1.569145,53.795334,13,2,1,1,01/01/2015,5,17:50,204,E08000035,E08000035,3,647,3,40.0,0,-1,-1,-1,0,0,4,4,2,0,0,1,1,2,E01011363
6002,2015132120569,2015,132120569,1,1,3,2,73,10,2,5,1,0,0,0,0,1,-1,2015,132120569,425692.0,426859.0,-1.611988,53.737489,13,2,1,1,02/01/2015,6,12:54,204,E08000035,E08000035,3,650,6,40.0,0,-1,-1,-1,0,8,1,1,1,0,0,1,1,2,E01011546
6003,2015132120802,2015,132120802,1,1,2,2,79,11,3,0,0,1,0,0,9,1,-1,2015,132120802,430096.0,437925.0,-1.544149,53.836712,13,3,3,1,02/01/2015,6,15:10,204,E08000035,E08000035,6,0,6,30.0,0,-1,-1,-1,0,0,1,4,1,0,0,1,1,2,E01011506
6004,2015132121559,2015,132121559,1,1,3,2,23,5,3,1,1,0,0,0,0,1,-1,2015,132121559,431729.0,434573.0,-1.51968,53.806489,13,3,1,1,02/01/2015,6,22:39,204,E08000035,E08000035,6,0,6,30.0,0,-1,-1,-1,0,4,4,1,2,0,0,1,1,2,E01011677
6005,2015132130207,2015,132130207,1,1,3,2,31,6,3,6,9,0,0,0,0,1,-1,2015,132130207,430334.0,433342.0,-1.540983,53.795508,13,3,1,1,03/01/2015,7,04:10,204,E08000035,E08000035,6,0,6,30.0,0,-1,-1,-1,0,0,4,1,2,0,0,1,1,2,E01033011
6006,2015132130447,2015,132130447,1,1,1,1,80,11,3,0,0,0,0,0,9,1,-1,2015,132130447,431483.0,435012.0,-1.52337,53.81045,13,3,2,1,03/01/2015,7,11:30,204,E08000035,E08000035,6,0,6,30.0,6,4,6,0,0,0,1,2,2,0,0,1,1,2,E01011673
6007,2015132130502,2015,132130502,2,1,1,2,46,8,2,0,0,0,0,0,9,1,-1,2015,132130502,431002.0,430603.0,-1.531117,53.770852,13,2,2,1,03/01/2015,7,12:10,204,E08000035,E08000035,6,0,3,30.0,3,4,6,0,0,0,1,1,1,0,0,1,1,2,E01011471
6008,2015132130549,2015,132130549,1,1,1,2,25,5,3,0,0,0,0,0,9,1,-1,2015,132130549,431618.0,436143.0,-1.521205,53.820607,13,3,2,4,03/01/2015,7,12:50,204,E08000035,E08000035,6,0,6,30.0,3,4,6,0,0,0,1,1,2,0,0,1,1,2,E01011359
6009,2015132130549,2015,132130549,2,2,1,2,43,7,3,0,0,0,0,0,9,1,-1,2015,132130549,431618.0,436143.0,-1.521205,53.820607,13,3,2,4,03/01/2015,7,12:50,204,E08000035,E08000035,6,0,6,30.0,3,4,6,0,0,0,1,1,2,0,0,1,1,2,E01011359
6010,2015132130549,2015,132130549,2,3,2,2,70,10,3,0,0,1,0,0,9,1,-1,2015,132130549,431618.0,436143.0,-1.521205,53.820607,13,3,2,4,03/01/2015,7,12:50,204,E08000035,E08000035,6,0,6,30.0,3,4,6,0,0,0,1,1,2,0,0,1,1,2,E01011359
6011,2015132130549,2015,132130549,2,4,2,2,63,9,3,0,0,2,0,0,9,1,-1,2015,132130549,431618.0,436143.0,-1.521205,53.820607,13,3,2,4,03/01/2015,7,12:50,204,E08000035,E08000035,6,0,6,30.0,3,4,6,0,0,0,1,1,2,0,0,1,1,2,E01011359
6012,2015132140617,2015,132140617,1,1,3,1,35,6,3,5,1,0,0,0,0,-1,-1,2015,132140617,427393.0,433660.0,-1.5856,53.798529,13,3,1,1,04/01/2015,1,12:21,204,E08000035,E08000035,3,647,6,30.0,0,-1,-1,-1,0,0,1,1,1,0,0,1,1,2,E01011293
6013,2015132140799,2015,132140799,1,1,1,2,33,6,3,0,0,0,0,0,9,1,-1,2015,132140799,433530.0,436008.0,-1.492177,53.819274,13,3,2,1,04/01/2015,1,14:38,204,E08000035,E08000035,6,0,6,30.0,3,4,6,0,0,0,1,1,2,0,0,1,1,2,E01011421