,accident_index,accident_year_x,accident_reference_x,vehicle_reference,casualty_reference,casualty_class,sex_of_casualty,age_of_casualty,age_band_of_casualty,casualty_severity,pedestrian_location,pedestrian_movement,car_passenger,bus_or_coach_passenger,pedestrian_road_maintenance_worker,casualty_type,casualty_home_area_type,casualty_imd_decile,accident_year_y,accident_reference_y,location_easting_osgr,location_northing_osgr,longitude,latitude,police_force,accident_severity,number_of_vehicles,number_of_casualties,date,day_of_week,time,local_authority_district,local_authority_ons_district,local_authority_highway,first_road_class,first_road_number,road_type,speed_limit,junction_detail,junction_control,second_road_class,second_road_number,pedestrian_crossing_human_control,pedestrian_crossing_physical_facilities,light_conditions,weather_conditions,road_surface_conditions,special_conditions_at_site,carriageway_hazards,urban_or_rural_area,did_police_officer_attend_scene_of_accident,trunk_road_flag,lsoa_of_accident_location
6101,20151321G0539,2015,1321G0539,4,4,1,1,36,7,3,0,0,0,0,0,19,1,-1,2015,1321G0539,427798.0,426248.0,-1.580117,53.73189,13,3,5,5,16/01/2015,6,12:05,204,E08000035,E08000035,3,650,3,40.0,0,-1,-1,-1,0,0,1,3,3,0,0,1,1,2,E01011550
6102,20151321G0539,2015,1321G0539,4,5,2,1,27,6,3,0,0,1,0,0,19,1,-1,2015,1321G0539,427798.0,426248.0,-1.580117,53.73189,13,3,5,5,16/01/2015,6,12:05,204,E08000035,E08000035,3,650,3,40.0,0,-1,-1,-1,0,0,1,3,3,0,0,1,1,2,E01011550
6103,20151321G1108,2015,1321G1108,1,1,3,1,68,10,2,10,9,0,0,0,0,1,-1,2015,1321G1108,431142.0,430087.0,-1.529044,53.766206,13,2,1,1,16/01/2015,6,17:32,204,E08000035,E08000035,6,0,6,30.0,0,-1,-1,-1,0,0,4,1,2,0,0,1,1,2,E01011472
6104,20151321H0565,2015,1321H0565,2,1,1,1,49,8,3,0,0,0,0,0,9,1,-1,2015,1321H0565,434602.0,436699.0,-1.475817,53.825414,13,3,2,1,17/01/2015,7,09:30,204,E08000035,E08000035,6,0,6,30.0,0,-1,-1,-1,0,0,1,1,1,0,0,1,2,2,E01011658
6105,20151321H0638,2015,1321H0638,1,1,1,1,33,6,3,0,0,0,0,0,9,1,-1,2015,1321H0638,434254.0,434318.0,-1.481368,53.804038,13,3,2,2,17/01/2015,7,13:15,204,E08000035,E08000035,3,64,3,40.0,0,-1,-1,-1,0,0,1,1,2,0,0,1,1,2,E01011346
6106,20151321H0638,2015,1321H0638,1,2,2,2,28,6,3,0,0,1,0,0,9,1,-1,2015,1321H0638,434254.0,434318.0,-1.481368,53.804038,13,3,2,2,17/01/2015,7,13:15,204,E08000035,E08000035,3,64,3,40.0,0,-1,-1,-1,0,0,1,1,2,0,0,1,1,2,E01011346
6107,20151321I0242,2015,1321I0242,2,1,1,1,17,4,3,0,0,0,0,0,3,1,-1,2015,1321I0242,427328.0,435078.0,-1.586462,53.811277,13,3,2,1,18/01/2015,1,16:45,204,E08000035,E08000035,6,0,6,30.0,0,-1,-1,-1,0,0,1,1,1,0,0,1,2,2,E01011478
6108,20151321I0756,2015,1321I0756,1,1,1,2,18,4,3,0,0,0,0,0,9,1,-1,2015,1321I0756,427322.0,431991.0,-1.586826,53.783532,13,3,2,2,18/01/2015,1,14:21,204,E08000035,E08000035,6,0,6,30.0,3,4,6,0,0,0,1,1,2,0,0,1,1,2,E01011734
6109,20151321I0756,2015,1321I0756,1,2,2,1,8,2,3,0,0,2,0,0,9,1,-1,2015,1321I0756,427322.0,431991.0,-1.586826,53.783532,13,3,2,2,18/01/2015,1,14:21,204,E08000035,E08000035,6,0,6,30.0,3,4,6,0,0,0,1,1,2,0,0,1,1,2,E01011734
6110,20151321I1028,2015,1321I1028,1,1,2,2,73,10,3,0,0,0,3,0,11,1,-1,2015,1321I1028,423369.0,433968.0,-1.646668,53.801493,13,3,1,1,18/01/2015,1,17:49,204,E08000035,E08000035,6,0,6,30.0,0,-1,-1,-1,0,0,4,2,2,0,0,1,2,2,E01011609
6111,20151321J0605,2015,1321J0605,1,1,1,1,18,4,2,0,0,0,0,0,4,1,-1,2015,1321J0605,434543.0,436492.0,-1.476737,53.823558,13,2,2,1,19/01/2015,2,13:25,204,E08000035,E08000035,6,0,6,30.0,3,4,6,0,0,0,1,1,4,0,0,1,1,2,E01011658
6112,20151321J0614,2015,1321J0614,2,1,1,2,50,8,3,0,0,0,0,0,9,1,-1,2015,1321J0614,430517.0,435180.0,-1.538023,53.812017,13,3,2,1,20/01/2015,3,08:30,204,E08000035,E08000035,6,0,3,40.0,0,-1,-1,-1,0,0,1,1,1,0,0,1,2,2,E01011361
6113,20151321K0209,2015,1321K0209,2,1,1,1,36,7,3,0,0,0,0,0,1,1,-1,2015,1321K0209,432549.0,427863.0,-1.507934,53.746132,13,3,2,1,20/01/2015,3,08:00,204,E08000035,E08000035,3,61,6,40.0,0,-1,-1,-1,0,0,1,1,2,0,0,1,1,2,E01011496
6114,20151321K0325,2015,1321K0325,1,1,3,2,24,5,2,1,3,0,0,0,0,1,-1,2015,1321K0325,431729.0,434575.0,-1.51968,53.806507,13,2,1,1,19/01/2015,2,17:30,204,E08000035,E08000035,6,0,6,30.0,0,-1,-1,-1,0,4,4,1,1,0,0,1,1,2,E01011677
6115,20151321K0332,2015,1321K0332,2,1,1,2,41,7,3,0,0,0,0,0,9,1,-1,2015,1321K0332,424460.0,433646.0,-1.630129,53.798549,13,3,2,1,19/01/2015,2,18:45,204,E08000035,E08000035,4,6154,6,30.0,6,2,6,0,0,4,4,2,2,0,0,1,2,2,E01011608
6116,20151321K0584,2015,1321K0584,2,1,1,1,36,7,3,0,0,0,0,0,1,1,-1,2015,1321K0584,423036.0,437648.0,-1.65145,53.834582,13,3,2,1,20/01/2015,3,16:00,204,E08000035,E08000035,3,6120,1,30.0,1,4,3,65,0,0,4,1,4,0,0,2,2,2,E01011452
6117,20151321K0903,2015,1321K0903,1,1,3,1,12,3,3,4,4,0,0,0,0,1,-1,2015,1321K0903,429432.0,437313.0,-1.554297,53.83125,13,3,1,1,20/01/2015,3,16:10,204,E08000035,E08000035,6,0,6,30.0,6,2,6,0,0,5,4,1,2,0,0,1,1,2,E01011688
6118,20151321K0978,2015,1321K0978,1,1,1,2,21,5,3,0,0,0,0,0,9,1,-1,2015,1321K0978,437531.0,431994.0,-1.431895,53.782925,13,3,1,1,20/01/2015,3,16:45,204,E08000035,E08000035,6,0,6,60.0,0,-1,-1,-1,0,0,6,1,2,7,0,2,1,2,E01011411
6119,20151321K1112,2015,1321K1112,1,1,1,1,64,9,3,0,0,0,0,0,9,1,-1,2015,1321K1112,431496.0,433971.0,-1.523279,53.801093,13,3,2,2,20/01/2015,3,17:55,204,E08000035,E08000035,6,0,6,30.0,3,4,6,0,0,0,4,1,2,0,0,1,1,2,E01033031
6120,20151321K1112,2015,1321K1112,2,2,1,1,42,7,3,0,0,0,0,0,9,1,-1,2015,1321K1112,431496.0,433971.0,-1.523279,53.801093,13,3,2,2,20/01/2015,3,17:55,204,E08000035,E08000035,6,0,6,30.0,3,4,6,0,0,0,4,1,2,0,0,1,1,2,E01033031
6121,20151321K1129,2015,1321K1129,2,1,2,2,41,7,3,0,0,1,0,0,9,1,-1,2015,1321K1129,440390.0,433068.0,-1.388368,53.792365,13,3,2,1,20/01/2015,3,18:04,204,E08000035,E08000035,4,6137,6,30.0,0,-1,-1,-1,0,1,4,1,1,0,0,1,1,2,E01011396
6122,20151321L0199,2015,1321L0199,2,1,1,1,50,8,3,0,0,0,0,0,9,3,-1,2015,1321L0199,433502.0,429763.0,-1.493279,53.763148,13,3,2,1,21/01/2015,4,08:07,204,E08000035,E08000035,3,639,3,40.0,1,4,6,0,0,0,1,1,2,0,0,2,2,2,E01011639
6123,20151321L0205,2015,1321L0205,1,1,1,2,28,6,3,0,0,0,0,0,9,1,-1,2015,1321L0205,443586.0,435736.0,-1.33948,53.816086,13,3,1,1,21/01/2015,4,08:15,204,E08000035,E08000035,2,1,3,70.0,0,-1,-1,-1,0,0,1,3,3,0,0,2,1,1,E01011297
6124,20151321L1572,2015,1321L1572,1,1,3,1,45,7,2,5,1,0,0,0,0,1,-1,2015,1321L1572,430033.0,431012.0,-1.545778,53.774584,13,2,1,1,21/01/2015,4,20:05,204,E08000035,E08000035,3,639,6,30.0,3,4,6,0,0,0,4,1,2,0,0,1,1,2,E01011312
6125,20151321M0295,2015,1321M0295,1,1,3,2,36,7,3,6,8,0,0,0,0,1,-1,2015,1321M0295,427437.0,439298.0,-1.584432,53.849199,13,3,1,2,21/01/2015,4,08:30,204,E08000035,E08000035,6,0,6,30.0,0,-1,-1,-1,0,0,1,1,4,0,0,1,2,2,E01011386
6126,20151321M0295,2015,1321M0295,1,2,3,2,8,2,3,6,8,0,0,0,0,1,-1,2015,1321M0295,427437.0,439298.0,-1.584432,53.849199,13,3,1,2,21/01/2015,4,08:30,204,E08000035,E08000035,6,0,6,30.0,0,-1,-1,-1,0,0,1,1,4,0,0,1,2,2,E01011386
6127,20151321M1029,2015,1321M1029,2,1,2,2,30,6,3,0,0,0,2,0,11,1,-1,2015,1321M1029,430429.0,433884.0,-1.539487,53.800374,13,3,2,1,22/01/2015,5,14:10,204,E08000035,E08000035,6,0,6,30.0,0,-1,-1,-1,0,0,1,1,1,0,0,1,2,2,E01033010
6128,20151321M1525,2015,1321M1525,1,1,1,2,20,4,3,0,0,0,0,0,9,1,-1,2015,1321M1525,434410.0,434387.0,-1.478992,53.804648,13,3,2,1,23/01/2015,6,20:44,204,E08000035,E08000035,3,64,6,30.0,6,2,6,0,0,4,4,1,1,0,0,1,2,2,E01011346
6129,20151321N0096,2015,1321N0096,1,1,1,1,32,6,3,0,0,0,0,0,9,1,-1,2015,1321N0096,430489.0,424250.0,-1.539524,53.713783,13,3,2,2,23/01/2015,6,02:54,204,E08000035,E08000035,1,1,3,70.0,0,-1,-1,-1,0,0,6,1,2,4,0,2,1,1,E01011537
6130,20151321N0096,2015,1321N0096,2,2,1,1,28,6,3,0,0,0,0,0,90,3,-1,2015,1321N0096,430489.0,424250.0,-1.539524,53.713783,13,3,2,2,23/01/2015,6,02:54,204,E08000035,E08000035,1,1,3,70.0,0,-1,-1,-1,0,0,6,1,2,4,0,2,1,1,E01011537
6131,20151321N0194,2015,1321N0194,1,1,1,1,52,8,2,0,0,0,0,0,9,1,-1,2015,1321N0194,430098.0,435394.0,-1.544366,53.813965,13,2,2,2,23/01/2015,6,07:29,204,E08000035,E08000035,6,0,6,30.0,0,-1,-1,-1,0,0,1,1,1,0,0,1,1,2,E01011671
6132,20151321N0194,2015,1321N0194,2,2,1,1,68,10,3,0,0,0,0,0,9,1,-1,2015,1321N0194,430098.0,435394.0,-1.544366,53.813965,13,2,2,2,23/01/2015,6,07:29,204,E08000035,E08000035,6,0,6,30.0,0,-1,-1,-1,0,0,1,1,1,0,0,1,1,2,E01011671
6133,20151321N0302,2015,1321N0302,1,1,1,2,22,5,2,0,0,0,0,0,9,-1,-1,2015,1321N0302,425190.0,427268.0,-1.619565,53.74119,13,2,2,1,24/01/2015,7,09:00,204,E08000035,E08000035,3,650,6,30.0,3,4,6,0,0,0,1,1,1,0,0,1,1,2,E01011530
6134,20151321N0922,2015,1321N0922,2,1,1,2,22,5,3,0,0,0,0,0,1,-1,-1,2015,1321N0922,431083.0,434212.0,-1.529525,53.803284,13,3,2,1,23/01/2015,6,15:30,204,E08000035,E08000035,6,0,6,30.0,6,4,6,0,0,0,1,1,1,0,0,1,1,2,E01033031
6135,20151321O0494,2015,1321O0494,1,1,3,2,79,11,2,5,9,0,0,0,0,1,-1,2015,1321O0494,426296.0,427802.0,-1.602752,53.745935,13,2,1,1,24/01/2015,7,10:18,204,E08000035,E08000035,6,0,2,30.0,0,-1,-1,-1,0,0,1,1,2,0,0,1,1,2,E01011541
6136,20151321O0590,2015,1321O0590,1,1,3,2,82,11,3,5,1,0,0,0,0,-1,-1,2015,1321O0590,434769.0,434613.0,-1.473515,53.806655,13,3,1,1,24/01/2015,7,11:30,204,E08000035,E08000035,3,64,6,40.0,8,4,6,0,0,0,1,1,1,0,0,1,1,2,E01011343
6137,20151321O0635,2015,1321O0635,1,1,2,2,70,10,3,0,0,0,2,0,11,1,-1,2015,1321O0635,433464.0,434043.0,-1.493392,53.801618,13,3,2,1,24/01/2015,7,12:04,204,E08000035,E08000035,3,64,3,40.0,3,2,6,0,0,4,1,1,1,0,0,1,1,2,E01011346
6138,20151321O0668,2015,1321O0668,2,1,2,2,38,7,3,0,0,1,0,0,9,-1,-1,2015,1321O0668,432440.0,438770.0,-1.508443,53.844166,13,3,2,2,24/01/2015,7,12:30,204,E08000035,E08000035,6,0,6,30.0,8,4,6,0,0,0,1,1,1,0,0,1,1,2,E01011653
6139,20151321O0668,2015,1321O0668,2,2,1,1,36,7,3,0,0,0,0,0,9,-1,-1,2015,1321O0668,432440.0,438770.0,-1.508443,53.844166,13,3,2,2,24/01/2015,7,12:30,204,E08000035,E08000035,6,0,6,30.0,8,4,6,0,0,0,1,1,1,0,0,1,1,2,E01011653
6140,20151321O0726,2015,1321O0726,1,1,1,1,20,4,3,0,0,0,0,0,9,1,-1,2015,1321O0726,426724.0,433859.0,-1.59574,53.800352,13,3,2,2,24/01/2015,7,13:20,204,E08000035,E08000035,3,647,3,40.0,0,-1,-1,-1,0,0,1,1,1,0,0,1,2,2,E01032499
6141,20151321O0726,2015,1321O0726,1,2,2,2,20,4,3,0,0,1,0,0,9,1,-1,2015,1321O0726,426724.0,433859.0,-1.59574,53.800352,13,3,2,2,24/01/2015,7,13:20,204,E08000035,E08000035,3,647,3,40.0,0,-1,-1,-1,0,0,1,1,1,0,0,1,2,2,E01032499
6142,20151321O1487,2015,1321O1487,1,1,2,1,18,4,3,0,0,2,0,0,9,1,-1,2015,1321O1487,428096.0,434518.0,-1.57485,53.806203,13,3,2,2,24/01/2015,7,21:15,204,E08000035,E08000035,6,0,6,30.0,6,2,6,0,0,0,4,1,1,0,0,1,1,2,E01011481
6143,20151321O1487,2015,1321O1487,1,2,2,2,18,4,3,0,0,2,0,0,9,1,-1,2015,1321O1487,428096.0,434518.0,-1.57485,53.806203,13,3,2,2,24/01/2015,7,21:15,204,E08000035,E08000035,6,0,6,30.0,6,2,6,0,0,0,4,1,1,0,0,1,1,2,E01011481
6144,20151321O1665,2015,1321O1665,1,1,3,1,32,6,3,5,1,0,0,0,0,-1,-1,2015,1321O1665,430113.0,433381.0,-1.544334,53.795872,13,3,1,1,24/01/2015,7,00:15,204,E08000035,E08000035,6,0,6,30.0,0,-1,-1,-1,0,0,4,1,2,0,0,1,1,2,E01033010
6145,20151321O1689,2015,1321O1689,1,1,1,2,57,9,3,0,0,0,0,0,9,1,-1,2015,1321O1689,428561.0,433228.0,-1.567908,53.794584,13,3,2,1,24/01/2015,7,23:15,204,E08000035,E08000035,6,0,3,40.0,1,2,3,58,0,0,4,1,1,0,0,1,2,2,E01011363
6146,20151321P0582,2015,1321P0582,1,3,1,2,55,8,3,0,0,0,0,0,9,-1,-1,2015,1321P0582,442985.0,431666.0,-1.349174,53.779557,13,3,2,3,25/01/2015,1,11:45,204,E08000035,E08000035,3,656,6,60.0,1,4,3,63,0,0,1,1,1,0,0,2,1,2,E01011299
6147,20151321P0582,2015,1321P0582,2,1,2,1,30,6,3,0,0,2,0,0,9,-1,-1,2015,1321P0582,442985.0,431666.0,-1.349174,53.779557,13,3,2,3,25/01/2015,1,11:45,204,E08000035,E08000035,3,656,6,60.0,1,4,3,63,0,0,1,1,1,0,0,2,1,2,E01011299
6148,20151321P0582,2015,1321P0582,2,2,1,1,65,9,3,0,0,0,0,0,9,-1,-1,2015,1321P0582,442985.0,431666.0,-1.349174,53.779557,13,3,2,3,25/01/2015,1,11:45,204,E08000035,E08000035,3,656,6,60.0,1,4,3,63,0,0,1,1,1,0,0,2,1,2,E01011299
6149,20151321P1235,2015,1321P1235,1,1,3,2,37,7,2,5,9,0,0,0,0,1,-1,2015,1321P1235,429470.0,435412.0,-1.553901,53.814162,13,2,1,1,23/01/2015,6,15:30,204,E08000035,E08000035,6,0,6,30.0,0,-1,-1,-1,0,0,1,1,1,0,0,1,2,2,E01011669
6150,20151321Q0276,2015,1321Q0276,1,1,1,1,53,8,3,0,0,0,0,0,9,1,-1,2015,1321Q0276,421555.0,435968.0,-1.67407,53.819546,13,3,2,1,26/01/2015,2,08:20,204,E08000035,E08000035,3,6120,6,60.0,3,4,4,6156,0,0,1,1,2,0,0,2,1,2,E01011593
6151,20151321Q1239,2015,1321Q1239,2,1,1,2,29,6,3,0,0,0,0,0,9,1,-1,2015,1321Q1239,425863.0,428018.0,-1.609299,53.747898,13,3,4,2,26/01/2015,2,17:54,204,E08000035,E08000035,6,0,6,30.0,0,-1,-1,-1,0,0,4,1,1,0,0,1,1,2,E01011530
6152,20151321Q1239,2015,1321Q1239,3,2,1,2,49,8,3,0,0,0,0,0,9,1,-1,2015,1321Q1239,425863.0,428018.0,-1.609299,53.747898,13,3,4,2,26/01/2015,2,17:54,204,E08000035,E08000035,6,0,6,30.0,0,-1,-1,-1,0,0,4,1,1,0,0,1,1,2,E01011530
6153,20151321Q1286,2015,1321Q1286,1,1,2,2,82,11,2,0,0,0,4,0,11,1,-1,2015,1321Q1286,429282.0,433483.0,-1.556939,53.796836,13,2,1,1,27/01/2015,3,16:50,204,E08000035,E08000035,6,0,3,30.0,6,2,6,0,0,5,4,1,1,0,0,1,2,2,E01033015
6154,20151321R0204,2015,1321R0204,2,1,1,1,28,6,3,0,0,0,0,0,1,1,-1,2015,1321R0204,427721.0,434467.0,-1.580548,53.805765,13,3,2,1,27/01/2015,3,08:29,204,E08000035,E08000035,3,65,3,30.0,0,-1,-1,-1,0,0,1,1,2,0,0,1,1,2,E01011483
6155,20151321R0405,2015,1321R0405,1,1,1,2,59,9,3,0,0,0,0,0,9,1,-1,2015,1321R0405,429188.0,431919.0,-1.558514,53.782784,13,3,2,3,26/01/2015,2,12:05,204,E08000035,E08000035,6,0,6,30.0,3,4,6,0,0,0,1,1,2,0,0,1,2,2,E01011368
6156,20151321R0405,2015,1321R0405,1,2,2,2,37,7,3,0,0,1,0,0,9,-1,-1,2015,1321R0405,429188.0,431919.0,-1.558514,53.782784,13,3,2,3,26/01/2015,2,12:05,204,E08000035,E08000035,6,0,6,30.0,3,4,6,0,0,0,1,1,2,0,0,1,2,2,E01011368
6157,20151321R0405,2015,1321R0405,1,3,2,2,17,4,3,0,0,2,0,0,9,-1,-1,2015,1321R0405,429188.0,431919.0,-1.558514,53.782784,13,3,2,3,26/01/2015,2,12:05,204,E08000035,E08000035,6,0,6,30.0,3,4,6,0,0,0,1,1,2,0,0,1,2,2,E01011368
6158,20151321R0538,2015,1321R0538,2,1,1,2,28,6,3,0,0,0,0,0,9,-1,-1,2015,1321R0538,424083.0,435506.0,-1.635708,53.815283,13,3,3,2,27/01/2015,3,11:48,204,E08000035,E08000035,6,0,6,30.0,3,4,6,0,0,0,1,2,2,0,0,1,1,2,E01011323
6159,20151321R0538,2015,1321R0538,2,2,2,2,2,1,3,0,0,2,0,0,9,-1,-1,2015,1321R0538,424083.0,435506.0,-1.635708,53.815283,13,3,3,2,27/01/2015,3,11:48,204,E08000035,E08000035,6,0,6,30.0,3,4,6,0,0,0,1,2,2,0,0,1,1,2,E01011323
6160,20151321R0702,2015,1321R0702,2,1,2,2,33,6,3,0,0,1,0,0,9,1,-1,2015,1321R0702,430064.0,434407.0,-1.544978,53.805096,13,3,2,1,27/01/2015,3,13:17,204,E08000035,E08000035,6,0,7,40.0,5,4,2,58,0,0,1,1,2,0,0,1,1,2,E01033010
6161,20151321R0747,2015,1321R0747,1,1,3,2,22,5,3,6,9,0,0,0,0,1,-1,2015,1321R0747,429953.0,433341.0,-1.546767,53.795521,13,3,1,1,23/01/2015,6,23:50,204,E08000035,E08000035,6,0,2,30.0,0,-1,-1,-1,2,5,4,1,1,0,0,1,2,2,E01033016
6162,20151321R0973,2015,1321R0973,2,1,1,1,44,7,2,0,0,0,0,0,5,1,-1,2015,1321R0973,434925.0,435580.0,-1.471037,53.815336,13,2,2,1,27/01/2015,3,15:40,204,E08000035,E08000035,6,0,6,30.0,3,4,6,0,0,0,1,1,1,0,0,1,1,2,E01011663
6163,20151321R1099,2015,1321R1099,1,1,1,1,35,6,3,0,0,0,0,0,1,-1,-1,2015,1321R1099,430367.0,438562.0,-1.539969,53.842422,13,3,2,1,27/01/2015,3,16:40,204,E08000035,E08000035,3,61,3,40.0,6,2,6,0,0,0,1,1,1,0,0,1,1,2,E01011514
6164,20151321S0284,2015,1321S0284,2,1,1,1,51,8,2,0,0,0,0,0,5,1,-1,2015,1321S0284,427263.0,435169.0,-1.587441,53.812098,13,2,2,1,28/01/2015,4,09:00,204,E08000035,E08000035,6,0,6,30.0,3,4,6,0,0,0,1,2,2,0,0,1,1,2,E01011478
6165,20151321S0562,2015,1321S0562,1,1,3,1,60,9,3,6,9,0,0,0,0,1,-1,2015,1321S0562,429568.0,431581.0,-1.552779,53.779725,13,3,1,1,28/01/2015,4,12:19,204,E08000035,E08000035,6,0,6,30.0,0,-1,-1,-1,0,1,1,5,2,0,0,1,1,2,E01011364
6166,20151321S0621,2015,1321S0621,1,1,3,2,23,5,3,5,1,0,0,0,0,-1,-1,2015,1321S0621,429257.0,435103.0,-1.557165,53.811397,13,3,2,1,28/01/2015,4,12:50,204,E08000035,E08000035,3,660,3,30.0,0,-1,-1,-1,0,0,1,5,2,0,0,1,1,2,E01033005
6167,20151321S1079,2015,1321S1079,2,1,2,1,13,3,3,0,0,1,0,0,9,-1,-1,2015,1321S1079,425664.0,435073.0,-1.611732,53.811316,13,3,2,2,28/01/2015,4,16:38,204,E08000035,E08000035,6,0,6,30.0,3,4,6,0,0,0,4,6,2,0,0,1,1,2,E01011281
6168,20151321S1079,2015,1321S1079,2,2,1,2,45,7,3,0,0,0,0,0,9,-1,-1,2015,1321S1079,425664.0,435073.0,-1.611732,53.811316,13,3,2,2,28/01/2015,4,16:38,204,E08000035,E08000035,6,0,6,30.0,3,4,6,0,0,0,4,6,2,0,0,1,1,2,E01011281
6169,20151321S1315,2015,1321S1315,1,1,3,1,52,8,3,4,3,0,0,0,0,-1,-1,2015,1321S1315,431198.0,431471.0,-1.528056,53.778642,13,3,1,3,28/01/2015,4,18:33,204,E08000035,E08000035,6,0,6,30.0,3,4,6,0,2,4,4,6,3,0,0,1,1,2,E01011467
6170,20151321S1315,2015,1321S1315,1,2,3,1,28,6,3,4,3,0,0,0,0,-1,-1,2015,1321S1315,431198.0,431471.0,-1.528056,53.778642,13,3,1,3,28/01/2015,4,18:33,204,E08000035,E08000035,6,0,6,30.0,3,4,6,0,2,4,4,6,3,0,0,1,1,2,E01011467
6171,20151321S1315,2015,1321S1315,1,3,1,1,70,10,3,0,0,0,0,0,9,-1,-1,2015,1321S1315,431198.0,431471.0,-1.528056,53.778642,13,3,1,3,28/01/2015,4,18:33,204,E08000035,E08000035,6,0,6,30.0,3,4,6,0,2,4,4,6,3,0,0,1,1,2,E01011467
6172,20151321S1721,2015,1321S1721,1,1,1,2,22,5,3,0,0,0,0,0,9,1,-1,2015,1321S1721,431830.0,430451.0,-1.51857,53.769436,13,3,1,1,28/01/2015,4,23:00,204,E08000035,E08000035,1,621,7,50.0,5,4,3,639,0,0,4,1,2,0,0,1,1,1,E01011469
6173,20151321S1733,2015,1321S1733,2,1,2,1,22,5,3,0,0,1,0,0,9,1,-1,2015,1321S1733,432355.0,439006.0,-1.50971,53.846293,13,3,2,1,28/01/2015,4,23:20,204,E08000035,E08000035,6,0,6,30.0,6,4,6,0,0,0,4,6,2,0,0,1,1,2,E01011650
6174,20151321T0198,2015,1321T0198,2,1,1,2,33,6,3,0,0,0,0,0,9,1,-1,2015,1321T0198,429972.0,435408.0,-1.546278,53.814098,13,3,3,1,29/01/2015,5,07:48,204,E08000035,E08000035,6,0,6,30.0,3,4,6,0,0,0,1,1,3,0,0,1,1,2,E01011670
6175,20151321T0327,2015,1321T0327,1,1,1,2,53,8,3,0,0,0,0,0,9,3,-1,2015,1321T0327,440153.0,436591.0,-1.391507,53.824046,13,3,1,1,29/01/2015,5,09:15,204,E08000035,E08000035,6,0,6,60.0,0,-1,-1,-1,0,0,1,1,3,0,0,2,1,2,E01011296
6176,20151321T0379,2015,1321T0379,1,1,1,2,20,4,3,0,0,0,0,0,9,1,-1,2015,1321T0379,439562.0,434121.0,-1.400801,53.801892,13,3,1,1,29/01/2015,5,09:36,204,E08000035,E08000035,1,1,3,70.0,0,-1,-1,-1,0,0,1,3,2,0,0,2,1,1,E01011296
6177,20151321T0436,2015,1321T0436,1,1,1,1,41,7,3,0,0,0,0,0,9,1,-1,2015,1321T0436,441952.0,443793.0,-1.363198,53.888631,13,2,2,3,29/01/2015,5,10:35,204,E08000035,E08000035,2,1,3,70.0,0,-1,-1,-1,0,0,1,1,2,0,0,2,1,1,E01011710
6178,20151321T0436,2015,1321T0436,1,2,2,1,43,7,2,0,0,1,0,0,9,-1,-1,2015,1321T0436,441952.0,443793.0,-1.363198,53.888631,13,2,2,3,29/01/2015,5,10:35,204,E08000035,E08000035,2,1,3,70.0,0,-1,-1,-1,0,0,1,1,2,0,0,2,1,1,E01011710
6179,20151321T0436,2015,1321T0436,2,3,1,1,56,9,3,0,0,0,0,0,9,2,-1,2015,1321T0436,441952.0,443793.0,-1.363198,53.888631,13,2,2,3,29/01/2015,5,10:35,204,E08000035,E08000035,2,1,3,70.0,0,-1,-1,-1,0,0,1,1,2,0,0,2,1,1,E01011710
6180,20151321T0573,2015,1321T0573,2,1,1,2,22,5,3,0,0,0,0,0,9,1,-1,2015,1321T0573,428118.0,426285.0,-1.575263,53.732206,13,3,2,1,30/01/2015,6,12:03,204,E08000035,E08000035,3,650,3,40.0,1,2,3,653,0,5,1,1,2,0,0,1,1,2,E01011550
6181,20151321T0922,2015,1321T0922,1,1,3,2,38,7,3,5,9,0,0,0,0,1,-1,2015,1321T0922,435025.0,435960.0,-1.469475,53.818744,13,3,1,1,29/01/2015,5,15:23,204,E08000035,E08000035,6,0,6,30.0,8,4,6,0,0,0,1,3,3,0,0,1,1,2,E01011664
6182,20151321U0557,2015,1321U0557,1,1,1,1,41,7,3,0,0,0,0,0,21,-1,-1,2015,1321U0557,432990.0,439177.0,-1.50004,53.84779,13,3,2,1,30/01/2015,6,12:30,204,E08000035,E08000035,3,6120,6,50.0,6,2,6,0,0,0,1,1,2,0,0,2,1,2,E01011650
6183,20151321U0856,2015,1321U0856,1,1,1,1,51,8,3,0,0,0,0,0,9,2,-1,2015,1321U0856,426351.0,433095.0,-1.601468,53.793504,13,3,2,2,30/01/2015,6,15:39,204,E08000035,E08000035,4,6154,6,30.0,3,4,6,0,0,0,1,1,2,0,0,1,1,2,E01011729
6184,20151321U0856,2015,1321U0856,2,2,1,1,49,8,3,0,0,0,0,0,9,1,-1,2015,1321U0856,426351.0,433095.0,-1.601468,53.793504,13,3,2,2,30/01/2015,6,15:39,204,E08000035,E08000035,4,6154,6,30.0,3,4,6,0,0,0,1,1,2,0,0,1,1,2,E01011729
6185,20151321U0906,2015,1321U0906,1,1,3,2,38,7,2,5,2,0,0,0,0,2,-1,2015,1321U0906,438491.0,430216.0,-1.417547,53.766876,13,2,1,2,30/01/2015,6,15:30,204,E08000035,E08000035,6,0,6,30.0,0,-1,-1,-1,0,0,1,1,4,0,0,2,1,2,E01011390
6186,20151321U0906,2015,1321U0906,1,2,3,1,8,2,3,5,2,0,0,0,0,2,-1,2015,1321U0906,438491.0,430216.0,-1.417547,53.766876,13,2,1,2,30/01/2015,6,15:30,204,E08000035,E08000035,6,0,6,30.0,0,-1,-1,-1,0,0,1,1,4,0,0,2,1,2,E01011390
6187,20151321U1084,2015,1321U1084,1,1,1,1,18,4,3,0,0,0,0,0,9,1,-1,2015,1321U1084,432259.0,435797.0,-1.511504,53.817458,13,3,1,1,30/01/2015,6,17:50,204,E08000035,E08000035,3,58,3,40.0,0,-1,-1,-1,0,0,4,1,4,0,0,1,1,2,E01011647