,accident_index,accident_year_x,accident_reference_x,vehicle_reference,casualty_reference,casualty_class,sex_of_casualty,age_of_casualty,age_band_of_casualty,casualty_severity,pedestrian_location,pedestrian_movement,car_passenger,bus_or_coach_passenger,pedestrian_road_maintenance_worker,casualty_type,casualty_home_area_type,casualty_imd_decile,accident_year_y,accident_reference_y,location_easting_osgr,location_northing_osgr,longitude,latitude,police_force,accident_severity,number_of_vehicles,number_of_casualties,date,day_of_week,time,local_authority_district,local_authority_ons_district,local_authority_highway,first_road_class,first_road_number,road_type,speed_limit,junction_detail,junction_control,second_road_class,second_road_number,pedestrian_crossing_human_control,pedestrian_crossing_physical_facilities,light_conditions,weather_conditions,road_surface_conditions,special_conditions_at_site,carriageway_hazards,urban_or_rural_area,did_police_officer_attend_scene_of_accident,trunk_road_flag,lsoa_of_accident_location
6188,20151321U1696,2015,1321U1696,1,1,2,1,49,8,3,0,0,2,0,0,8,1,-1,2015,1321U1696,428589.0,432991.0,-1.567505,53.792452,13,3,2,2,30/01/2015,6,23:30,204,E08000035,E08000035,3,58,1,40.0,1,2,3,58,0,0,4,1,2,0,0,1,1,2,E01011363
6189,20151321U1696,2015,1321U1696,1,2,2,2,47,8,3,0,0,2,0,0,8,1,-1,2015,1321U1696,428589.0,432991.0,-1.567505,53.792452,13,3,2,2,30/01/2015,6,23:30,204,E08000035,E08000035,3,58,1,40.0,1,2,3,58,0,0,4,1,2,0,0,1,1,2,E01011363
6190,20151321V0431,2015,1321V0431,1,1,1,2,19,4,3,0,0,0,0,0,9,3,-1,2015,1321V0431,430762.0,424534.0,-1.53536,53.716319,13,3,2,2,31/01/2015,7,08:57,204,E08000035,E08000035,3,650,1,40.0,1,4,1,1,0,0,1,1,2,0,0,2,1,2,E01011537
6191,20151321V0431,2015,1321V0431,1,2,2,1,28,6,3,0,0,1,0,0,9,1,-1,2015,1321V0431,430762.0,424534.0,-1.53536,53.716319,13,3,2,2,31/01/2015,7,08:57,204,E08000035,E08000035,3,650,1,40.0,1,4,1,1,0,0,1,1,2,0,0,2,1,2,E01011537
6192,20151321V0807,2015,1321V0807,1,1,2,2,23,5,3,0,0,0,2,0,11,1,-1,2015,1321V0807,426131.0,439129.0,-1.604297,53.847747,13,3,1,1,30/01/2015,6,19:45,204,E08000035,E08000035,6,0,6,30.0,0,-1,-1,-1,0,0,4,1,1,0,0,1,2,2,E01011695
6193,20151321V0932,2015,1321V0932,2,1,2,1,40,7,3,0,0,1,0,0,9,1,-1,2015,1321V0932,432036.0,435077.0,-1.514966,53.811,13,3,2,1,31/01/2015,7,15:32,204,E08000035,E08000035,6,0,6,30.0,6,4,6,0,0,0,1,1,1,0,0,1,1,2,E01011434
6194,20151321V0945,2015,1321V0945,1,1,2,1,84,11,2,0,0,0,3,0,11,1,-1,2015,1321V0945,431170.0,431454.0,-1.528482,53.77849,13,2,1,1,31/01/2015,7,13:28,204,E08000035,E08000035,6,0,6,30.0,0,-1,-1,-1,0,4,1,1,1,0,0,1,2,2,E01011467
6195,2015132210358,2015,132210358,1,1,1,1,30,6,3,0,0,0,0,0,9,1,-1,2015,132210358,422159.0,440602.0,-1.664564,53.86117,13,3,1,1,01/02/2015,1,05:28,204,E08000035,E08000035,6,0,6,60.0,0,-1,-1,-1,0,0,6,4,2,0,0,2,1,2,E01011580
6196,2015132210619,2015,132210619,1,1,1,1,77,11,2,0,0,0,0,0,5,1,-1,2015,132210619,426971.0,426044.0,-1.59267,53.7301,13,2,1,1,01/02/2015,1,11:25,204,E08000035,E08000035,1,62,3,70.0,0,-1,-1,-1,0,0,1,1,1,0,0,1,1,1,E01011550
6197,2015132210723,2015,132210723,1,1,1,1,80,11,3,0,0,0,0,0,9,1,-1,2015,132210723,426309.0,435518.0,-1.601899,53.815284,13,3,1,1,01/02/2015,1,12:55,204,E08000035,E08000035,3,65,6,30.0,3,2,6,0,0,5,1,1,1,0,0,1,1,2,E01011477
6198,2015132211177,2015,132211177,2,1,1,1,57,9,3,0,0,0,0,0,9,1,-1,2015,132211177,430236.0,433914.0,-1.542414,53.800655,13,3,2,1,01/02/2015,1,21:50,204,E08000035,E08000035,6,0,6,30.0,0,-1,-1,-1,0,0,1,1,1,0,6,1,2,2,E01033010
6199,2015132211277,2015,132211277,1,1,3,1,54,8,3,4,1,0,0,0,0,1,-1,2015,132211277,430093.0,431373.0,-1.544833,53.777826,13,3,1,1,01/02/2015,1,18:50,204,E08000035,E08000035,3,653,6,30.0,0,-1,-1,-1,2,4,4,1,1,0,0,1,1,2,E01011371
6200,2015132211294,2015,132211294,1,1,3,2,18,4,3,5,3,0,0,0,0,1,-1,2015,132211294,430091.0,431324.0,-1.544868,53.777385,13,3,1,1,01/02/2015,1,19:00,204,E08000035,E08000035,3,653,6,30.0,3,4,6,0,0,0,4,1,1,0,2,1,1,2,E01011371
6201,2015132220171,2015,132220171,2,1,1,2,51,8,3,0,0,0,0,0,9,1,-1,2015,132220171,429954.0,436671.0,-1.546429,53.82545,13,3,2,1,02/02/2015,2,06:45,204,E08000035,E08000035,3,61,3,40.0,0,-1,-1,-1,0,4,4,1,1,0,0,1,1,2,E01011350
6202,2015132220302,2015,132220302,2,1,1,1,41,7,3,0,0,0,0,0,1,1,-1,2015,132220302,427857.0,436272.0,-1.578321,53.82198,13,3,3,1,02/02/2015,2,09:16,204,E08000035,E08000035,3,660,6,30.0,0,-1,-1,-1,0,5,1,1,1,0,0,1,1,2,E01011451
6203,2015132220546,2015,132220546,1,1,1,1,21,5,3,0,0,0,0,0,1,1,-1,2015,132220546,422495.0,434672.0,-1.659887,53.807858,13,3,2,1,28/02/2015,7,21:00,204,E08000035,E08000035,6,0,6,30.0,0,-1,-1,-1,0,0,7,1,1,0,0,1,2,2,E01011335
6204,2015132220583,2015,132220583,1,1,1,2,58,9,3,0,0,0,0,0,9,1,-1,2015,132220583,431170.0,440727.0,-1.527546,53.861833,13,3,2,1,02/02/2015,2,12:22,204,E08000035,E08000035,3,61,6,30.0,6,2,6,0,0,5,1,1,1,0,0,1,1,2,E01011562
6205,2015132220985,2015,132220985,2,1,2,2,25,5,3,0,0,1,0,0,9,1,-1,2015,132220985,429780.0,431031.0,-1.549615,53.77477,13,3,2,1,02/02/2015,2,16:00,204,E08000035,E08000035,6,0,6,30.0,3,4,6,0,0,0,1,1,1,0,0,1,1,2,E01011312
6206,2015132221365,2015,132221365,2,1,1,2,51,8,3,0,0,0,0,0,9,1,-1,2015,132221365,432129.0,428989.0,-1.514186,53.756278,13,3,2,2,02/02/2015,2,19:08,204,E08000035,E08000035,1,1,3,70.0,0,-1,-1,-1,0,0,4,1,2,0,0,2,1,1,E01011496
6207,2015132221365,2015,132221365,2,2,2,2,24,5,3,0,0,1,0,0,9,1,-1,2015,132221365,432129.0,428989.0,-1.514186,53.756278,13,3,2,2,02/02/2015,2,19:08,204,E08000035,E08000035,1,1,3,70.0,0,-1,-1,-1,0,0,4,1,2,0,0,2,1,1,E01011496
6208,2015132221378,2015,132221378,2,1,1,2,25,5,3,0,0,0,0,0,9,1,-1,2015,132221378,420954.0,434387.0,-1.683306,53.805361,13,3,3,3,02/02/2015,2,19:15,204,E08000035,E08000035,3,647,3,70.0,0,-1,-1,-1,0,0,4,1,2,0,0,1,1,2,E01011595
6209,2015132221378,2015,132221378,2,2,2,2,23,5,3,0,0,1,0,0,9,1,-1,2015,132221378,420954.0,434387.0,-1.683306,53.805361,13,3,3,3,02/02/2015,2,19:15,204,E08000035,E08000035,3,647,3,70.0,0,-1,-1,-1,0,0,4,1,2,0,0,1,1,2,E01011595
6210,2015132221378,2015,132221378,3,3,1,1,38,7,3,0,0,0,0,0,9,1,-1,2015,132221378,420954.0,434387.0,-1.683306,53.805361,13,3,3,3,02/02/2015,2,19:15,204,E08000035,E08000035,3,647,3,70.0,0,-1,-1,-1,0,0,4,1,2,0,0,1,1,2,E01011595
6211,2015132230178,2015,132230178,3,1,1,1,24,5,3,0,0,0,0,0,1,-1,-1,2015,132230178,431396.0,434774.0,-1.524716,53.808316,13,3,3,1,03/02/2015,3,08:06,204,E08000035,E08000035,6,0,6,30.0,3,4,6,0,0,0,1,1,1,0,0,1,1,2,E01033031
6212,2015132230222,2015,132230222,1,1,3,2,50,8,3,5,1,0,0,0,0,1,-1,2015,132230222,431886.0,435476.0,-1.517203,53.814596,13,3,1,1,03/02/2015,3,08:52,204,E08000035,E08000035,6,0,6,30.0,3,4,6,0,0,0,1,1,1,0,0,1,2,2,E01011428
6213,2015132230528,2015,132230528,2,1,1,1,20,4,3,0,0,0,0,0,2,-1,-1,2015,132230528,431547.0,431656.0,-1.522741,53.780283,13,3,2,1,03/02/2015,3,12:31,204,E08000035,E08000035,6,0,6,30.0,3,4,6,0,0,0,1,1,1,0,0,1,1,2,E01011468
6214,2015132230686,2015,132230686,2,1,1,2,29,6,2,0,0,0,0,0,9,1,-1,2015,132230686,430639.0,434702.0,-1.536218,53.807714,13,2,2,2,03/02/2015,3,14:02,204,E08000035,E08000035,3,58,3,40.0,6,2,3,61,0,5,1,1,1,0,0,1,2,2,E01011671
6215,2015132230686,2015,132230686,2,2,2,2,26,6,3,0,0,1,0,0,9,1,-1,2015,132230686,430639.0,434702.0,-1.536218,53.807714,13,2,2,2,03/02/2015,3,14:02,204,E08000035,E08000035,3,58,3,40.0,6,2,3,61,0,5,1,1,1,0,0,1,2,2,E01011671
6216,2015132231452,2015,132231452,2,1,2,2,21,5,3,0,0,1,0,0,9,1,-1,2015,132231452,427416.0,435989.0,-1.585045,53.81946,13,3,2,1,03/02/2015,3,20:45,204,E08000035,E08000035,6,0,6,30.0,6,4,6,0,0,0,4,1,1,0,0,1,1,2,E01032945
6217,2015132231555,2015,132231555,1,1,1,1,38,7,3,0,0,0,0,0,4,-1,-1,2015,132231555,436174.0,427827.0,-1.452975,53.74557,13,3,1,1,03/02/2015,3,22:00,204,E08000035,E08000035,3,639,3,40.0,0,-1,-1,-1,0,0,4,1,2,0,0,2,1,2,E01011635
6218,2015132240201,2015,132240201,2,1,1,2,40,7,3,0,0,0,0,0,9,1,-1,2015,132240201,429134.0,432107.0,-1.559316,53.784477,13,3,2,1,04/02/2015,4,08:11,204,E08000035,E08000035,6,0,6,30.0,3,4,6,0,0,0,1,1,1,0,0,1,1,2,E01011364
6219,2015132240349,2015,132240349,1,3,1,1,57,9,3,0,0,0,0,0,9,1,-1,2015,132240349,428511.0,432651.0,-1.56872,53.789401,13,3,2,3,04/02/2015,4,10:05,204,E08000035,E08000035,6,0,6,30.0,3,4,6,0,0,0,1,1,1,0,0,1,1,2,E01011363
6220,2015132240349,2015,132240349,2,1,1,2,41,7,3,0,0,0,0,0,9,1,-1,2015,132240349,428511.0,432651.0,-1.56872,53.789401,13,3,2,3,04/02/2015,4,10:05,204,E08000035,E08000035,6,0,6,30.0,3,4,6,0,0,0,1,1,1,0,0,1,1,2,E01011363
6221,2015132240349,2015,132240349,2,2,2,2,14,3,3,0,0,1,0,0,9,1,-1,2015,132240349,428511.0,432651.0,-1.56872,53.789401,13,3,2,3,04/02/2015,4,10:05,204,E08000035,E08000035,6,0,6,30.0,3,4,6,0,0,0,1,1,1,0,0,1,1,2,E01011363
6222,2015132240453,2015,132240453,2,1,1,2,46,8,3,0,0,0,0,0,9,1,-1,2015,132240453,427602.0,431137.0,-1.582652,53.775842,13,3,2,1,04/02/2015,4,11:45,204,E08000035,E08000035,3,6110,1,30.0,9,2,1,621,0,0,1,1,1,0,0,1,1,2,E01011318
6223,2015132240784,2015,132240784,1,1,3,1,6,2,3,5,1,0,0,0,0,1,-1,2015,132240784,435813.0,433195.0,-1.457827,53.79384,13,3,1,1,04/02/2015,4,15:10,204,E08000035,E08000035,6,0,6,20.0,0,-1,-1,-1,0,0,1,1,1,0,0,1,1,2,E01011420
6224,2015132240971,2015,132240971,1,1,3,1,23,5,2,5,1,0,0,0,0,1,-1,2015,132240971,429780.0,433662.0,-1.549362,53.798416,13,2,1,1,31/01/2015,7,13:45,204,E08000035,E08000035,6,0,6,30.0,3,4,6,0,0,0,1,1,1,0,0,1,2,2,E01033008
6225,2015132240975,2015,132240975,2,1,1,2,46,8,3,0,0,0,0,0,9,1,-1,2015,132240975,435870.0,426026.0,-1.457792,53.729404,13,3,2,1,04/02/2015,4,17:00,204,E08000035,E08000035,3,642,3,40.0,1,4,1,62,0,0,1,1,1,0,0,2,1,2,E01011636
6226,2015132241035,2015,132241035,1,1,1,2,59,9,3,0,0,0,0,0,9,3,-1,2015,132241035,428861.0,433957.0,-1.563286,53.801119,13,3,2,2,04/02/2015,4,17:25,204,E08000035,E08000035,6,0,6,30.0,3,4,6,0,0,0,4,1,1,0,0,1,1,2,E01011678
6227,2015132241035,2015,132241035,1,2,2,2,59,9,3,0,0,1,0,0,9,1,-1,2015,132241035,428861.0,433957.0,-1.563286,53.801119,13,3,2,2,04/02/2015,4,17:25,204,E08000035,E08000035,6,0,6,30.0,3,4,6,0,0,0,4,1,1,0,0,1,1,2,E01011678
6228,2015132241082,2015,132241082,2,1,1,1,22,5,3,0,0,0,0,0,5,1,-1,2015,132241082,440582.0,448843.0,-1.383373,53.934125,13,3,2,1,04/02/2015,4,17:45,204,E08000035,E08000035,4,6164,6,30.0,3,4,6,0,0,0,4,1,1,0,0,1,1,2,E01011700
6229,2015132241089,2015,132241089,1,1,3,2,53,8,3,5,1,0,0,0,0,1,-1,2015,132241089,424844.0,434660.0,-1.624218,53.807644,13,3,1,1,04/02/2015,4,18:00,204,E08000035,E08000035,3,657,6,30.0,8,4,6,0,0,0,1,1,1,0,0,1,1,2,E01011336
6230,2015132241529,2015,132241529,1,1,1,1,38,7,3,0,0,0,0,0,9,-1,-1,2015,132241529,432468.0,444999.0,-1.50736,53.900148,13,3,2,3,04/02/2015,4,22:00,204,E08000035,E08000035,3,659,6,30.0,3,4,6,0,0,0,4,1,1,0,0,2,1,2,E01011561
6231,2015132241529,2015,132241529,1,2,2,2,31,6,3,0,0,1,0,0,9,-1,-1,2015,132241529,432468.0,444999.0,-1.50736,53.900148,13,3,2,3,04/02/2015,4,22:00,204,E08000035,E08000035,3,659,6,30.0,3,4,6,0,0,0,4,1,1,0,0,2,1,2,E01011561
6232,2015132241529,2015,132241529,2,3,1,1,27,6,3,0,0,0,0,0,9,-1,-1,2015,132241529,432468.0,444999.0,-1.50736,53.900148,13,3,2,3,04/02/2015,4,22:00,204,E08000035,E08000035,3,659,6,30.0,3,4,6,0,0,0,4,1,1,0,0,2,1,2,E01011561
6233,2015132250183,2015,132250183,1,1,1,1,15,3,3,0,0,0,0,0,1,1,-1,2015,132250183,420401.0,434126.0,-1.69172,53.803037,13,3,2,1,05/02/2015,5,07:00,204,E08000035,E08000035,4,6154,6,30.0,6,4,6,0,0,4,1,1,1,0,0,1,1,2,E01011597
6234,2015132250205,2015,132250205,2,1,1,1,32,6,3,0,0,0,0,0,8,1,-1,2015,132250205,432059.0,427592.0,-1.515392,53.743726,13,3,3,2,05/02/2015,5,07:30,204,E08000035,E08000035,1,1,3,70.0,0,-1,-1,-1,0,0,1,1,1,0,0,2,1,1,E01032496
6235,2015132250205,2015,132250205,3,2,1,2,33,6,3,0,0,0,0,0,8,1,-1,2015,132250205,432059.0,427592.0,-1.515392,53.743726,13,3,3,2,05/02/2015,5,07:30,204,E08000035,E08000035,1,1,3,70.0,0,-1,-1,-1,0,0,1,1,1,0,0,2,1,1,E01032496
6236,2015132250690,2015,132250690,2,1,1,2,25,5,3,0,0,0,0,0,9,1,-1,2015,132250690,437590.0,433203.0,-1.430852,53.793787,13,3,2,1,05/02/2015,5,13:12,204,E08000035,E08000035,3,63,3,40.0,1,2,6,0,0,0,1,2,2,0,0,1,1,2,E01011411
6237,2015132250906,2015,132250906,1,2,2,2,25,5,3,0,0,1,0,0,9,1,-1,2015,132250906,424973.0,435145.0,-1.62222,53.811997,13,2,2,2,05/02/2015,5,15:15,204,E08000035,E08000035,6,0,6,20.0,3,4,6,0,0,0,1,1,1,0,0,1,1,2,E01011332
6238,2015132250906,2015,132250906,2,1,1,2,23,5,2,0,0,0,0,0,9,1,-1,2015,132250906,424973.0,435145.0,-1.62222,53.811997,13,2,2,2,05/02/2015,5,15:15,204,E08000035,E08000035,6,0,6,20.0,3,4,6,0,0,0,1,1,1,0,0,1,1,2,E01011332
6239,2015132251136,2015,132251136,2,1,1,2,54,8,3,0,0,0,0,0,9,1,-1,2015,132251136,434422.0,425884.0,-1.479754,53.728225,13,3,2,1,05/02/2015,5,17:09,204,E08000035,E08000035,1,62,3,70.0,0,-1,-1,-1,0,0,6,1,2,0,0,2,1,1,E01011636
6240,2015132251205,2015,132251205,2,1,1,2,41,7,3,0,0,0,0,0,9,1,-1,2015,132251205,426128.0,437195.0,-1.604506,53.830365,13,3,3,1,05/02/2015,5,17:41,204,E08000035,E08000035,6,0,1,30.0,2,4,6,0,0,0,4,1,2,0,0,1,1,2,E01011485
6241,2015132251620,2015,132251620,1,1,1,1,25,5,3,0,0,0,0,0,9,1,-1,2015,132251620,429069.0,433635.0,-1.560158,53.798214,13,3,2,2,05/02/2015,5,21:30,204,E08000035,E08000035,6,0,3,40.0,1,4,3,58,0,0,4,2,2,0,0,1,2,2,E01011678
6242,2015132251620,2015,132251620,1,2,2,2,17,4,3,0,0,1,0,0,9,1,-1,2015,132251620,429069.0,433635.0,-1.560158,53.798214,13,3,2,2,05/02/2015,5,21:30,204,E08000035,E08000035,6,0,3,40.0,1,4,3,58,0,0,4,2,2,0,0,1,2,2,E01011678
6243,2015132260181,2015,132260181,1,1,1,1,26,6,3,0,0,0,0,0,1,1,-1,2015,132260181,430849.0,433188.0,-1.53318,53.794094,13,3,2,1,06/02/2015,6,06:50,204,E08000035,E08000035,3,61,2,30.0,8,4,6,0,0,0,1,1,2,0,0,1,1,2,E01033034
6244,2015132260452,2015,132260452,2,1,1,1,68,10,3,0,0,0,0,0,9,3,-1,2015,132260452,433326.0,429964.0,-1.495927,53.764966,13,3,2,1,06/02/2015,6,10:52,204,E08000035,E08000035,4,6481,6,40.0,0,-1,-1,-1,0,0,1,1,2,0,0,1,1,2,E01011639
6245,2015132260479,2015,132260479,1,1,1,1,25,5,3,0,0,0,0,0,9,1,-1,2015,132260479,431212.0,436366.0,-1.527349,53.822635,13,3,2,2,06/02/2015,6,11:12,204,E08000035,E08000035,6,0,6,30.0,0,-1,-1,-1,0,0,1,1,1,0,0,1,1,2,E01011359
6246,2015132260479,2015,132260479,1,2,2,1,32,6,3,0,0,1,0,0,9,1,-1,2015,132260479,431212.0,436366.0,-1.527349,53.822635,13,3,2,2,06/02/2015,6,11:12,204,E08000035,E08000035,6,0,6,30.0,0,-1,-1,-1,0,0,1,1,1,0,0,1,1,2,E01011359
6247,2015132261053,2015,132261053,1,1,2,2,66,10,2,0,0,0,3,0,11,1,-1,2015,132261053,427896.0,439768.0,-1.577412,53.853399,13,2,1,1,06/02/2015,6,15:04,204,E08000035,E08000035,6,0,6,30.0,0,-1,-1,-1,0,0,1,1,1,0,0,1,1,2,E01011380
6248,2015132261225,2015,132261225,1,1,3,1,22,5,3,8,1,0,0,0,0,1,-1,2015,132261225,432130.0,435332.0,-1.513512,53.813286,13,3,1,1,06/02/2015,6,18:02,204,E08000035,E08000035,6,0,6,30.0,3,4,6,0,0,0,1,1,1,0,0,1,1,2,E01011430
6249,2015132270632,2015,132270632,2,1,1,2,26,6,3,0,0,0,0,0,1,1,-1,2015,132270632,432507.0,436313.0,-1.507683,53.82208,13,3,2,1,07/02/2015,7,11:35,204,E08000035,E08000035,6,0,6,30.0,3,4,6,0,0,0,1,1,1,0,0,1,2,2,E01011647
6250,2015132270797,2015,132270797,2,1,1,2,54,8,3,0,0,0,0,0,9,1,-1,2015,132270797,432516.0,427322.0,-1.508491,53.741271,13,3,2,1,07/02/2015,7,14:27,204,E08000035,E08000035,3,61,6,30.0,6,2,3,654,0,5,1,1,1,0,0,1,1,2,E01032496
6251,2015132271302,2015,132271302,2,1,1,2,51,8,3,0,0,0,0,0,9,2,-1,2015,132271302,423020.0,437656.0,-1.651692,53.834655,13,3,2,1,07/02/2015,7,19:20,204,E08000035,E08000035,3,6120,6,30.0,1,4,3,65,0,0,4,1,1,0,0,1,1,2,E01011452
6252,2015132280726,2015,132280726,1,1,2,1,19,4,3,0,0,2,0,0,9,1,-1,2015,132280726,420981.0,434344.0,-1.682899,53.804973,13,3,3,1,10/02/2015,3,13:11,204,E08000035,E08000035,3,647,3,70.0,0,-1,-1,-1,0,0,1,1,1,0,0,1,1,2,E01011595
6253,2015132281069,2015,132281069,1,1,1,1,24,5,3,0,0,0,0,0,1,1,-1,2015,132281069,429425.0,435804.0,-1.554547,53.817688,13,3,2,1,08/02/2015,1,16:50,204,E08000035,E08000035,6,0,6,30.0,3,4,6,0,0,0,1,1,1,0,0,1,1,2,E01011668
6254,2015132290230,2015,132290230,1,1,1,1,13,3,3,0,0,0,0,0,1,1,-1,2015,132290230,424999.0,427693.0,-1.622426,53.745019,13,3,2,1,09/02/2015,2,08:30,204,E08000035,E08000035,3,650,6,40.0,0,-1,-1,-1,0,0,1,1,2,0,0,1,1,2,E01011530
6255,2015132290931,2015,132290931,1,1,1,1,63,9,3,0,0,0,0,0,9,1,-1,2015,132290931,429103.0,438861.0,-1.55915,53.845181,13,3,2,4,09/02/2015,2,15:25,204,E08000035,E08000035,6,0,6,30.0,6,4,6,0,0,0,1,1,1,0,0,1,1,2,E01011560
6256,2015132290931,2015,132290931,2,2,1,2,43,7,3,0,0,0,0,0,9,1,-1,2015,132290931,429103.0,438861.0,-1.55915,53.845181,13,3,2,4,09/02/2015,2,15:25,204,E08000035,E08000035,6,0,6,30.0,6,4,6,0,0,0,1,1,1,0,0,1,1,2,E01011560
6257,2015132290931,2015,132290931,2,3,2,1,5,1,3,0,0,2,0,0,9,1,-1,2015,132290931,429103.0,438861.0,-1.55915,53.845181,13,3,2,4,09/02/2015,2,15:25,204,E08000035,E08000035,6,0,6,30.0,6,4,6,0,0,0,1,1,1,0,0,1,1,2,E01011560
6258,2015132290931,2015,132290931,2,4,2,2,9,2,3,0,0,2,0,0,9,1,-1,2015,132290931,429103.0,438861.0,-1.55915,53.845181,13,3,2,4,09/02/2015,2,15:25,204,E08000035,E08000035,6,0,6,30.0,6,4,6,0,0,0,1,1,1,0,0,1,1,2,E01011560
6259,2015132291295,2015,132291295,2,1,1,2,31,6,3,0,0,0,0,0,9,1,-1,2015,132291295,430416.0,432797.0,-1.539792,53.790605,13,3,2,1,09/02/2015,2,18:28,204,E08000035,E08000035,3,653,3,40.0,3,2,3,653,0,0,4,1,1,0,0,1,1,2,E01033016
6260,20151322A0154,2015,1322A0154,2,1,1,1,52,8,3,0,0,0,0,0,9,-1,-1,2015,1322A0154,422458.0,427904.0,-1.660939,53.74703,13,3,2,1,10/02/2015,3,06:55,204,E08000035,E08000035,3,650,6,60.0,3,4,4,6125,0,0,7,1,1,0,0,1,1,2,E01011527
6261,20151322A0175,2015,1322A0175,3,1,1,2,40,7,3,0,0,0,0,0,9,-1,-1,2015,1322A0175,422219.0,433803.0,-1.66414,53.80006,13,3,3,1,10/02/2015,3,07:29,204,E08000035,E08000035,6,0,6,30.0,3,4,6,0,0,0,1,1,1,0,0,1,1,2,E01011587
6262,20151322A0193,2015,1322A0193,2,1,1,1,24,5,3,0,0,0,0,0,5,1,-1,2015,1322A0193,430196.0,435204.0,-1.542896,53.812251,13,3,2,1,10/02/2015,3,07:40,204,E08000035,E08000035,6,0,6,30.0,3,4,6,0,0,0,1,1,2,0,0,1,1,2,E01011671
6263,20151322A0807,2015,1322A0807,2,1,1,2,48,8,3,0,0,0,0,0,9,1,-1,2015,1322A0807,431825.0,438836.0,-1.517783,53.844798,13,3,2,1,10/02/2015,3,14:15,204,E08000035,E08000035,6,0,6,30.0,0,-1,-1,-1,0,4,1,1,1,0,0,1,1,2,E01011508
6264,20151322A0818,2015,1322A0818,1,1,1,2,36,7,3,0,0,0,0,0,9,1,-1,2015,1322A0818,431806.0,430481.0,-1.518931,53.769707,13,3,1,1,10/02/2015,3,14:24,204,E08000035,E08000035,1,621,3,50.0,0,-1,-1,-1,0,0,1,1,1,0,0,1,1,1,E01011469
6265,20151322A1419,2015,1322A1419,1,1,2,2,21,5,3,0,0,2,0,0,8,1,-1,2015,1322A1419,432317.0,436425.0,-1.510558,53.823098,13,3,1,2,10/02/2015,3,17:15,204,E08000035,E08000035,6,0,9,20.0,0,-1,-1,-1,0,0,1,1,1,0,0,1,2,2,E01011647
6266,20151322A1419,2015,1322A1419,1,2,2,1,2,1,3,0,0,2,0,0,8,1,-1,2015,1322A1419,432317.0,436425.0,-1.510558,53.823098,13,3,1,2,10/02/2015,3,17:15,204,E08000035,E08000035,6,0,9,20.0,0,-1,-1,-1,0,0,1,1,1,0,0,1,2,2,E01011647
6267,20151322A1555,2015,1322A1555,2,1,1,1,36,7,3,0,0,0,0,0,9,1,-1,2015,1322A1555,430864.0,434191.0,-1.532852,53.803108,13,3,2,1,10/02/2015,3,20:35,204,E08000035,E08000035,3,61,3,30.0,3,2,6,0,0,0,4,1,1,0,0,1,1,2,E01033003
6268,20151322B0162,2015,1322B0162,1,1,1,1,48,8,3,0,0,0,0,0,1,3,-1,2015,1322B0162,422303.0,428946.0,-1.663214,53.756402,13,3,1,1,11/02/2015,4,08:58,204,E08000035,E08000035,3,58,6,30.0,0,-1,-1,-1,0,0,1,1,2,0,0,1,1,2,E01011521
6269,20151322B0878,2015,1322B0878,1,1,2,2,23,5,2,0,0,1,0,0,8,1,-1,2015,1322B0878,433829.0,437220.0,-1.487503,53.830147,13,2,1,1,11/02/2015,4,15:17,204,E08000035,E08000035,6,0,9,20.0,0,-1,-1,-1,0,0,1,1,1,0,0,1,2,2,E01011644
6270,20151322B1545,2015,1322B1545,1,1,1,2,22,5,3,0,0,0,0,0,9,1,-1,2015,1322B1545,429956.0,425128.0,-1.547515,53.721705,13,3,2,2,11/02/2015,4,21:17,204,E08000035,E08000035,3,650,6,30.0,3,4,6,0,0,0,4,1,2,0,0,1,1,2,E01011537
6271,20151322B1545,2015,1322B1545,2,2,1,2,32,6,3,0,0,0,0,0,9,-1,-1,2015,1322B1545,429956.0,425128.0,-1.547515,53.721705,13,3,2,2,11/02/2015,4,21:17,204,E08000035,E08000035,3,650,6,30.0,3,4,6,0,0,0,4,1,2,0,0,1,1,2,E01011537
6272,20151322C0635,2015,1322C0635,1,1,1,1,23,5,3,0,0,0,0,0,9,1,-1,2015,1322C0635,430934.0,429947.0,-1.532214,53.76496,13,3,2,2,12/02/2015,5,12:44,204,E08000035,E08000035,6,0,1,30.0,1,4,6,0,0,0,1,1,1,0,0,1,1,2,E01011472
6273,20151322C0635,2015,1322C0635,1,2,2,1,22,5,3,0,0,1,0,0,9,-1,-1,2015,1322C0635,430934.0,429947.0,-1.532214,53.76496,13,3,2,2,12/02/2015,5,12:44,204,E08000035,E08000035,6,0,1,30.0,1,4,6,0,0,0,1,1,1,0,0,1,1,2,E01011472
6274,20151322C1019,2015,1322C1019,1,1,2,1,21,5,3,0,0,1,0,0,20,1,-1,2015,1322C1019,433054.0,425927.0,-1.500483,53.7287,13,3,2,2,12/02/2015,5,15:45,204,E08000035,E08000035,1,62,3,70.0,0,-1,-1,-1,0,0,1,1,1,0,0,1,1,1,E01011500
6275,20151322C1019,2015,1322C1019,1,2,2,1,24,5,3,0,0,1,0,0,20,1,-1,2015,1322C1019,433054.0,425927.0,-1.500483,53.7287,13,3,2,2,12/02/2015,5,15:45,204,E08000035,E08000035,1,62,3,70.0,0,-1,-1,-1,0,0,1,1,1,0,0,1,1,1,E01011500