,accident_index,accident_year_x,accident_reference_x,vehicle_reference,casualty_reference,casualty_class,sex_of_casualty,age_of_casualty,age_band_of_casualty,casualty_severity,pedestrian_location,pedestrian_movement,car_passenger,bus_or_coach_passenger,pedestrian_road_maintenance_worker,casualty_type,casualty_home_area_type,casualty_imd_decile,accident_year_y,accident_reference_y,location_easting_osgr,location_northing_osgr,longitude,latitude,police_force,accident_severity,number_of_vehicles,number_of_casualties,date,day_of_week,time,local_authority_district,local_authority_ons_district,local_authority_highway,first_road_class,first_road_number,road_type,speed_limit,junction_detail,junction_control,second_road_class,second_road_number,pedestrian_crossing_human_control,pedestrian_crossing_physical_facilities,light_conditions,weather_conditions,road_surface_conditions,special_conditions_at_site,carriageway_hazards,urban_or_rural_area,did_police_officer_attend_scene_of_accident,trunk_road_flag,lsoa_of_accident_location
6362,20151322Q0461,2015,1322Q0461,1,1,3,1,20,4,2,6,5,0,0,0,0,1,-1,2015,1322Q0461,429562.0,433444.0,-1.552692,53.796469,13,2,1,1,26/02/2015,5,11:07,204,E08000035,E08000035,6,0,6,30.0,0,-1,-1,-1,0,0,1,1,2,0,0,1,1,2,E01033008
6363,20151322Q0596,2015,1322Q0596,1,1,1,1,24,5,3,0,0,0,0,0,19,1,-1,2015,1322Q0596,429805.0,438917.0,-1.548475,53.845645,13,3,2,2,24/02/2015,3,08:45,204,E08000035,E08000035,3,6120,3,40.0,6,4,6,0,0,0,1,1,1,0,0,1,2,2,E01011558
6364,20151322Q0596,2015,1322Q0596,1,2,2,1,31,6,3,0,0,1,0,0,19,1,-1,2015,1322Q0596,429805.0,438917.0,-1.548475,53.845645,13,3,2,2,24/02/2015,3,08:45,204,E08000035,E08000035,3,6120,3,40.0,6,4,6,0,0,0,1,1,1,0,0,1,2,2,E01011558
6365,20151322Q0937,2015,1322Q0937,1,1,1,1,20,4,3,0,0,0,0,0,9,1,-1,2015,1322Q0937,423521.0,434343.0,-1.644332,53.804856,13,3,7,5,26/02/2015,5,16:10,204,E08000035,E08000035,3,647,3,60.0,0,-1,-1,-1,0,0,1,1,1,0,0,1,1,2,E01011337
6366,20151322Q0937,2015,1322Q0937,1,2,2,1,46,8,3,0,0,1,0,0,9,1,-1,2015,1322Q0937,423521.0,434343.0,-1.644332,53.804856,13,3,7,5,26/02/2015,5,16:10,204,E08000035,E08000035,3,647,3,60.0,0,-1,-1,-1,0,0,1,1,1,0,0,1,1,2,E01011337
6367,20151322Q0937,2015,1322Q0937,2,3,1,2,37,7,3,0,0,0,0,0,9,1,-1,2015,1322Q0937,423521.0,434343.0,-1.644332,53.804856,13,3,7,5,26/02/2015,5,16:10,204,E08000035,E08000035,3,647,3,60.0,0,-1,-1,-1,0,0,1,1,1,0,0,1,1,2,E01011337
6368,20151322Q0937,2015,1322Q0937,5,4,1,1,39,7,3,0,0,0,0,0,9,1,-1,2015,1322Q0937,423521.0,434343.0,-1.644332,53.804856,13,3,7,5,26/02/2015,5,16:10,204,E08000035,E08000035,3,647,3,60.0,0,-1,-1,-1,0,0,1,1,1,0,0,1,1,2,E01011337
6369,20151322Q0937,2015,1322Q0937,6,5,2,1,22,5,3,0,0,1,0,0,9,1,-1,2015,1322Q0937,423521.0,434343.0,-1.644332,53.804856,13,3,7,5,26/02/2015,5,16:10,204,E08000035,E08000035,3,647,3,60.0,0,-1,-1,-1,0,0,1,1,1,0,0,1,1,2,E01011337
6370,20151322Q1166,2015,1322Q1166,2,1,2,1,6,2,3,0,0,2,0,0,9,1,-1,2015,1322Q1166,426260.0,427860.0,-1.603293,53.746458,13,3,2,1,26/02/2015,5,18:10,204,E08000035,E08000035,6,0,6,30.0,9,4,6,0,0,0,4,1,1,0,0,1,1,2,E01011533
6371,20151322Q1260,2015,1322Q1260,2,1,1,1,35,6,3,0,0,0,0,0,9,-1,-1,2015,1322Q1260,431980.0,435603.0,-1.515762,53.815731,13,3,2,1,26/02/2015,5,19:06,204,E08000035,E08000035,6,0,6,30.0,3,4,6,0,0,0,4,1,2,0,0,1,1,2,E01011428
6372,20151322R0286,2015,1322R0286,1,1,1,2,45,7,3,0,0,0,0,0,9,1,-1,2015,1322R0286,427897.0,431335.0,-1.578158,53.777606,13,3,3,3,27/02/2015,6,08:41,204,E08000035,E08000035,1,621,3,70.0,0,-1,-1,-1,0,0,1,1,1,0,0,1,1,1,E01011369
6373,20151322R0286,2015,1322R0286,3,2,1,1,28,6,3,0,0,0,0,0,9,1,-1,2015,1322R0286,427897.0,431335.0,-1.578158,53.777606,13,3,3,3,27/02/2015,6,08:41,204,E08000035,E08000035,1,621,3,70.0,0,-1,-1,-1,0,0,1,1,1,0,0,1,1,1,E01011369
6374,20151322R0286,2015,1322R0286,3,3,2,1,25,5,3,0,0,1,0,0,9,1,-1,2015,1322R0286,427897.0,431335.0,-1.578158,53.777606,13,3,3,3,27/02/2015,6,08:41,204,E08000035,E08000035,1,621,3,70.0,0,-1,-1,-1,0,0,1,1,1,0,0,1,1,1,E01011369
6375,20151322R1506,2015,1322R1506,1,1,1,1,48,8,3,0,0,0,0,0,1,-1,-1,2015,1322R1506,430124.0,435390.0,-1.543971,53.813927,13,3,1,1,27/02/2015,6,20:15,204,E08000035,E08000035,6,0,6,30.0,3,4,6,0,0,0,4,1,1,0,0,1,1,2,E01011670
6376,20151322R1697,2015,1322R1697,1,1,1,1,40,7,3,0,0,0,0,0,9,1,-1,2015,1322R1697,422487.0,433980.0,-1.660058,53.801639,13,3,1,1,27/02/2015,6,22:25,204,E08000035,E08000035,3,647,3,70.0,5,4,3,647,0,0,4,1,1,0,0,1,1,2,E01011610
6377,20151322S0252,2015,1322S0252,1,1,3,1,20,4,3,5,4,0,0,0,0,1,-1,2015,1322S0252,428371.0,435023.0,-1.570628,53.810727,13,3,2,1,28/02/2015,7,03:22,204,E08000035,E08000035,6,0,6,30.0,0,-1,-1,-1,0,0,4,1,1,0,0,1,1,2,E01011445
6378,20151322S0753,2015,1322S0753,2,1,1,1,36,7,3,0,0,0,0,0,9,1,-1,2015,1322S0753,430555.0,435102.0,-1.537454,53.811314,13,3,2,1,28/02/2015,7,11:00,204,E08000035,E08000035,3,61,3,30.0,6,2,6,0,0,5,1,1,2,0,0,1,2,2,E01011361
6379,20151322S0907,2015,1322S0907,2,1,1,2,20,4,3,0,0,0,0,0,1,1,-1,2015,1322S0907,428465.0,435252.0,-1.569179,53.81278,13,3,2,1,28/02/2015,7,13:39,204,E08000035,E08000035,6,0,6,30.0,6,3,6,0,0,0,1,1,1,0,0,1,1,2,E01011445
6380,2015132310171,2015,132310171,2,1,1,2,54,8,3,0,0,0,0,0,9,2,-1,2015,132310171,435763.0,425932.0,-1.459425,53.728567,13,3,2,2,01/03/2015,1,01:53,204,E08000035,E08000035,1,62,3,70.0,0,-1,-1,-1,0,0,4,4,1,0,0,2,1,1,E01011636
6381,2015132310171,2015,132310171,2,2,2,2,90,11,3,0,0,2,0,0,9,-1,-1,2015,132310171,435763.0,425932.0,-1.459425,53.728567,13,3,2,2,01/03/2015,1,01:53,204,E08000035,E08000035,1,62,3,70.0,0,-1,-1,-1,0,0,4,4,1,0,0,2,1,1,E01011636
6382,2015132310434,2015,132310434,2,1,1,1,20,4,2,0,0,0,0,0,1,1,-1,2015,132310434,426798.0,438033.0,-1.594254,53.837863,13,2,2,1,01/03/2015,1,08:02,204,E08000035,E08000035,3,6120,1,40.0,1,4,3,660,0,0,1,5,2,0,0,1,1,2,E01011687
6383,2015132310685,2015,132310685,1,1,3,2,90,11,2,6,9,0,0,0,0,1,-1,2015,132310685,422478.0,434670.0,-1.660145,53.807841,13,2,1,1,28/02/2015,7,10:30,204,E08000035,E08000035,6,0,6,30.0,0,-1,-1,-1,0,0,1,1,1,0,0,1,2,2,E01011335
6384,2015132310816,2015,132310816,1,1,3,2,39,7,3,10,9,0,0,0,0,1,-1,2015,132310816,429996.0,428144.0,-1.546617,53.74881,13,3,1,1,01/03/2015,1,13:00,204,E08000035,E08000035,6,0,6,20.0,0,-1,-1,-1,0,0,1,2,1,0,0,1,2,2,E01032498
6385,2015132310981,2015,132310981,3,1,1,2,31,6,3,0,0,0,0,0,9,-1,-1,2015,132310981,433996.0,433979.0,-1.485322,53.801008,13,3,3,2,01/03/2015,1,15:20,204,E08000035,E08000035,4,6159,6,30.0,0,-1,-1,-1,0,0,1,1,2,0,0,1,1,2,E01011341
6386,2015132310981,2015,132310981,3,2,2,2,57,9,3,0,0,1,0,0,9,1,-1,2015,132310981,433996.0,433979.0,-1.485322,53.801008,13,3,3,2,01/03/2015,1,15:20,204,E08000035,E08000035,4,6159,6,30.0,0,-1,-1,-1,0,0,1,1,2,0,0,1,1,2,E01011341
6387,2015132320180,2015,132320180,1,1,1,2,38,7,3,0,0,0,0,0,9,1,-1,2015,132320180,440337.0,435756.0,-1.388821,53.816527,13,3,1,1,02/03/2015,2,07:45,204,E08000035,E08000035,6,0,6,60.0,0,-1,-1,-1,0,0,1,3,3,0,0,2,1,2,E01011296
6388,2015132320213,2015,132320213,2,1,2,1,15,3,3,0,0,2,0,0,8,-1,-1,2015,132320213,429103.0,438857.0,-1.55915,53.845145,13,3,2,2,03/03/2015,3,08:25,204,E08000035,E08000035,6,0,6,30.0,6,4,6,0,0,0,1,5,2,0,0,1,1,2,E01011560
6389,2015132320213,2015,132320213,2,2,1,1,43,7,3,0,0,0,0,0,8,-1,-1,2015,132320213,429103.0,438857.0,-1.55915,53.845145,13,3,2,2,03/03/2015,3,08:25,204,E08000035,E08000035,6,0,6,30.0,6,4,6,0,0,0,1,5,2,0,0,1,1,2,E01011560
6390,2015132320464,2015,132320464,1,1,1,2,60,9,3,0,0,0,0,0,9,-1,-1,2015,132320464,432531.0,443163.0,-1.506596,53.883643,13,2,3,4,02/03/2015,2,11:20,204,E08000035,E08000035,3,61,6,60.0,0,-1,-1,-1,0,0,1,6,3,0,0,2,1,2,E01011561
6391,2015132320464,2015,132320464,2,2,2,2,82,11,2,0,0,1,0,0,9,-1,-1,2015,132320464,432531.0,443163.0,-1.506596,53.883643,13,2,3,4,02/03/2015,2,11:20,204,E08000035,E08000035,3,61,6,60.0,0,-1,-1,-1,0,0,1,6,3,0,0,2,1,2,E01011561
6392,2015132320464,2015,132320464,2,3,1,1,80,11,3,0,0,0,0,0,9,-1,-1,2015,132320464,432531.0,443163.0,-1.506596,53.883643,13,2,3,4,02/03/2015,2,11:20,204,E08000035,E08000035,3,61,6,60.0,0,-1,-1,-1,0,0,1,6,3,0,0,2,1,2,E01011561
6393,2015132320464,2015,132320464,3,4,1,1,44,7,3,0,0,0,0,0,9,-1,-1,2015,132320464,432531.0,443163.0,-1.506596,53.883643,13,2,3,4,02/03/2015,2,11:20,204,E08000035,E08000035,3,61,6,60.0,0,-1,-1,-1,0,0,1,6,3,0,0,2,1,2,E01011561
6394,2015132320601,2015,132320601,1,1,2,1,2,1,3,0,0,2,0,0,9,1,-1,2015,132320601,431804.0,435588.0,-1.518436,53.815607,13,3,2,2,02/03/2015,2,12:41,204,E08000035,E08000035,6,0,6,30.0,3,4,3,58,0,0,1,1,1,0,0,1,2,2,E01011422
6395,2015132320601,2015,132320601,2,2,2,2,91,11,3,0,0,2,0,0,8,1,-1,2015,132320601,431804.0,435588.0,-1.518436,53.815607,13,3,2,2,02/03/2015,2,12:41,204,E08000035,E08000035,6,0,6,30.0,3,4,3,58,0,0,1,1,1,0,0,1,2,2,E01011422
6396,2015132321341,2015,132321341,1,1,3,1,59,9,3,5,1,0,0,0,0,1,-1,2015,132321341,430902.0,435952.0,-1.532099,53.818933,13,3,1,1,02/03/2015,2,19:30,204,E08000035,E08000035,6,0,6,20.0,0,-1,-1,-1,0,0,4,4,2,0,0,1,1,2,E01011357
6397,2015132330259,2015,132330259,1,1,2,1,19,4,3,0,0,1,0,0,9,1,-1,2015,132330259,432580.0,433787.0,-1.506841,53.799373,13,3,5,1,03/03/2015,3,09:09,204,E08000035,E08000035,3,63,3,40.0,0,-1,-1,-1,0,0,1,2,2,0,0,1,1,2,E01011615
6398,2015132330307,2015,132330307,1,1,1,1,24,5,3,0,0,0,0,0,9,-1,-1,2015,132330307,428526.0,431536.0,-1.568595,53.779378,13,3,2,1,03/03/2015,3,09:40,204,E08000035,E08000035,3,643,3,30.0,1,2,1,621,0,0,1,1,1,0,0,1,2,2,E01011366
6399,2015132330617,2015,132330617,1,1,1,2,42,7,3,0,0,0,0,0,9,1,-1,2015,132330617,430679.0,434587.0,-1.535622,53.806678,13,3,2,2,03/03/2015,3,13:03,204,E08000035,E08000035,3,61,3,30.0,6,2,3,58,0,5,1,1,1,0,0,1,1,2,E01011671
6400,2015132330617,2015,132330617,2,2,1,1,83,11,3,0,0,0,0,0,9,3,-1,2015,132330617,430679.0,434587.0,-1.535622,53.806678,13,3,2,2,03/03/2015,3,13:03,204,E08000035,E08000035,3,61,3,30.0,6,2,3,58,0,5,1,1,1,0,0,1,1,2,E01011671
6401,2015132330923,2015,132330923,1,1,2,2,60,9,3,0,0,1,0,0,9,1,-1,2015,132330923,429845.0,434638.0,-1.548281,53.807185,13,3,2,1,03/03/2015,3,15:50,204,E08000035,E08000035,6,0,3,30.0,0,-1,-1,-1,0,0,1,1,1,0,0,1,2,2,E01033005
6402,2015132330970,2015,132330970,1,1,1,1,42,7,3,0,0,0,0,0,3,1,-1,2015,132330970,425685.0,434208.0,-1.611485,53.803541,13,3,2,1,03/03/2015,3,16:36,204,E08000035,E08000035,3,647,3,40.0,3,2,6,0,0,4,1,1,1,0,0,1,1,2,E01011286
6403,2015132340188,2015,132340188,1,1,1,1,62,9,3,0,0,0,0,0,9,1,-1,2015,132340188,436186.0,431165.0,-1.452403,53.77557,13,3,3,2,04/03/2015,4,07:08,204,E08000035,E08000035,1,1,3,70.0,0,-1,-1,-1,0,0,1,1,1,0,0,2,1,1,E01011420
6404,2015132340188,2015,132340188,3,2,1,2,23,5,3,0,0,0,0,0,9,1,-1,2015,132340188,436186.0,431165.0,-1.452403,53.77557,13,3,3,2,04/03/2015,4,07:08,204,E08000035,E08000035,1,1,3,70.0,0,-1,-1,-1,0,0,1,1,1,0,0,2,1,1,E01011420
6405,2015132340225,2015,132340225,2,1,1,1,57,9,3,0,0,0,0,0,9,1,-1,2015,132340225,428609.0,431575.0,-1.567332,53.779724,13,3,2,1,03/03/2015,3,15:35,204,E08000035,E08000035,1,621,7,70.0,1,2,3,643,0,5,1,2,2,0,0,1,2,1,E01011366
6406,2015132340457,2015,132340457,1,1,1,1,82,11,3,0,0,0,0,0,9,1,-1,2015,132340457,421942.0,434350.0,-1.668307,53.804988,13,3,3,1,04/03/2015,4,11:05,204,E08000035,E08000035,4,6157,6,30.0,0,-1,-1,-1,0,0,1,1,1,0,0,1,1,2,E01011587
6407,2015132341058,2015,132341058,2,1,1,1,26,6,3,0,0,0,0,0,1,-1,-1,2015,132341058,427824.0,436518.0,-1.5788,53.824193,13,3,2,1,04/03/2015,4,16:45,204,E08000035,E08000035,4,6157,6,30.0,3,4,6,0,0,0,1,1,1,0,0,1,1,2,E01011692
6408,2015132341183,2015,132341183,2,1,1,2,43,7,3,0,0,0,0,0,9,1,-1,2015,132341183,426544.0,427134.0,-1.599048,53.739918,13,3,2,1,04/03/2015,4,17:52,204,E08000035,E08000035,6,0,6,30.0,0,-1,-1,-1,0,1,1,1,1,0,0,1,1,2,E01011541
6409,2015132341625,2015,132341625,2,1,1,1,50,8,3,0,0,0,0,0,3,1,-1,2015,132341625,434465.0,433702.0,-1.478233,53.798488,13,3,2,1,04/03/2015,4,22:16,204,E08000035,E08000035,4,6159,6,40.0,3,4,6,0,0,0,4,1,1,0,0,1,1,2,E01011616
6410,2015132341666,2015,132341666,2,1,1,2,23,5,3,0,0,0,0,0,9,-1,-1,2015,132341666,429796.0,433924.0,-1.549094,53.80077,13,3,2,1,04/03/2015,4,22:45,204,E08000035,E08000035,6,0,3,30.0,6,2,6,0,0,5,1,1,1,0,0,1,1,2,E01033010
6411,2015132350375,2015,132350375,2,1,1,1,20,4,3,0,0,0,0,0,1,1,-1,2015,132350375,429198.0,435175.0,-1.558055,53.812048,13,3,3,2,05/03/2015,5,09:35,204,E08000035,E08000035,6,0,3,30.0,0,-1,-1,-1,0,0,1,1,1,0,0,1,1,2,E01033005
6412,2015132350375,2015,132350375,3,2,1,2,19,4,3,0,0,0,0,0,1,1,-1,2015,132350375,429198.0,435175.0,-1.558055,53.812048,13,3,3,2,05/03/2015,5,09:35,204,E08000035,E08000035,6,0,3,30.0,0,-1,-1,-1,0,0,1,1,1,0,0,1,1,2,E01033005
6413,2015132350803,2015,132350803,1,1,1,1,25,5,3,0,0,0,0,0,9,1,-1,2015,132350803,429793.0,438921.0,-1.548657,53.845682,13,3,2,1,05/03/2015,5,13:30,204,E08000035,E08000035,3,6120,1,40.0,1,4,6,0,0,0,1,1,1,0,0,1,1,2,E01011558
6414,2015132351208,2015,132351208,1,1,2,2,60,9,3,0,0,0,4,0,11,1,-1,2015,132351208,429853.0,433793.0,-1.548241,53.79959,13,3,1,1,05/03/2015,5,12:00,204,E08000035,E08000035,6,0,6,30.0,0,-1,-1,-1,0,0,1,1,1,0,0,1,1,2,E01033008
6415,2015132351307,2015,132351307,1,1,1,2,60,9,3,0,0,0,0,0,9,1,-1,2015,132351307,423612.0,437965.0,-1.642673,53.837406,13,3,1,1,05/03/2015,5,18:10,204,E08000035,E08000035,6,0,6,30.0,0,-1,-1,-1,0,0,1,1,1,0,0,1,1,2,E01011459
6416,2015132351575,2015,132351575,1,1,2,1,46,8,3,0,0,0,4,0,11,1,-1,2015,132351575,426963.0,439789.0,-1.591593,53.853637,13,3,1,1,05/03/2015,5,17:15,204,E08000035,E08000035,6,0,6,30.0,0,-1,-1,-1,0,0,1,1,1,0,0,1,2,2,E01011380
6417,2015132351681,2015,132351681,1,1,1,2,39,7,3,0,0,0,0,0,9,1,-1,2015,132351681,422247.0,442024.0,-1.663123,53.873947,13,3,2,1,05/03/2015,5,21:50,204,E08000035,E08000035,3,658,6,30.0,0,-1,-1,-1,0,0,4,1,1,0,0,1,2,2,E01032503
6418,2015132360395,2015,132360395,1,1,1,2,43,7,3,0,0,0,0,0,9,1,-1,2015,132360395,432063.0,436089.0,-1.514451,53.820094,13,3,2,2,06/03/2015,6,09:50,204,E08000035,E08000035,6,0,6,30.0,6,4,6,0,0,0,1,1,1,0,0,1,1,2,E01011642
6419,2015132360395,2015,132360395,2,2,1,1,57,9,3,0,0,0,0,0,8,1,-1,2015,132360395,432063.0,436089.0,-1.514451,53.820094,13,3,2,2,06/03/2015,6,09:50,204,E08000035,E08000035,6,0,6,30.0,6,4,6,0,0,0,1,1,1,0,0,1,1,2,E01011642
6420,2015132360564,2015,132360564,1,1,1,1,21,5,2,0,0,0,0,0,9,1,-1,2015,132360564,423539.0,435419.0,-1.643977,53.814526,13,2,2,2,06/03/2015,6,11:38,204,E08000035,E08000035,6,0,6,30.0,6,4,4,6157,0,0,1,1,1,0,0,1,1,2,E01011330
6421,2015132360564,2015,132360564,1,2,2,1,24,5,3,0,0,1,0,0,9,1,-1,2015,132360564,423539.0,435419.0,-1.643977,53.814526,13,2,2,2,06/03/2015,6,11:38,204,E08000035,E08000035,6,0,6,30.0,6,4,4,6157,0,0,1,1,1,0,0,1,1,2,E01011330
6422,2015132361013,2015,132361013,1,1,3,2,3,1,3,5,4,0,0,0,0,1,-1,2015,132361013,440880.0,447976.0,-1.37895,53.92631,13,3,1,1,06/03/2015,6,15:35,204,E08000035,E08000035,6,0,6,30.0,3,4,6,0,0,0,1,1,1,0,0,1,1,2,E01011705
6423,2015132361157,2015,132361157,2,1,1,1,38,7,3,0,0,0,0,0,19,1,-1,2015,132361157,425635.0,433081.0,-1.612338,53.793414,13,3,2,1,06/03/2015,6,16:45,204,E08000035,E08000035,6,0,6,30.0,3,4,4,6154,0,0,1,1,1,0,0,1,1,2,E01011725
6424,2015132361483,2015,132361483,1,1,1,1,26,6,3,0,0,0,0,0,9,3,-1,2015,132361483,428336.0,431507.0,-1.571481,53.779128,13,3,2,1,06/03/2015,6,19:26,204,E08000035,E08000035,6,0,6,30.0,0,-1,-1,-1,0,0,4,1,1,0,0,1,1,2,E01011366
6425,2015132361492,2015,132361492,1,1,3,1,20,4,3,1,3,0,0,0,0,1,-1,2015,132361492,430792.0,433466.0,-1.534018,53.796596,13,3,1,1,06/03/2015,6,19:30,204,E08000035,E08000035,6,0,6,30.0,3,2,6,0,0,5,4,1,1,0,0,1,1,2,E01033011
6426,2015132370884,2015,132370884,1,1,1,1,21,5,2,0,0,0,0,0,9,1,-1,2015,132370884,424535.0,428612.0,-1.629389,53.7533,13,1,1,5,07/03/2015,7,13:50,204,E08000035,E08000035,3,62,6,40.0,0,-1,-1,-1,0,0,1,1,1,0,0,1,1,2,E01011522
6427,2015132370884,2015,132370884,1,2,2,1,14,3,1,0,0,2,0,0,9,1,-1,2015,132370884,424535.0,428612.0,-1.629389,53.7533,13,1,1,5,07/03/2015,7,13:50,204,E08000035,E08000035,3,62,6,40.0,0,-1,-1,-1,0,0,1,1,1,0,0,1,1,2,E01011522
6428,2015132370884,2015,132370884,1,3,2,1,13,3,1,0,0,2,0,0,9,-1,-1,2015,132370884,424535.0,428612.0,-1.629389,53.7533,13,1,1,5,07/03/2015,7,13:50,204,E08000035,E08000035,3,62,6,40.0,0,-1,-1,-1,0,0,1,1,1,0,0,1,1,2,E01011522
6429,2015132370884,2015,132370884,1,4,2,1,15,3,2,0,0,2,0,0,9,1,-1,2015,132370884,424535.0,428612.0,-1.629389,53.7533,13,1,1,5,07/03/2015,7,13:50,204,E08000035,E08000035,3,62,6,40.0,0,-1,-1,-1,0,0,1,1,1,0,0,1,1,2,E01011522
6430,2015132370884,2015,132370884,1,5,2,1,14,3,2,0,0,1,0,0,9,-1,-1,2015,132370884,424535.0,428612.0,-1.629389,53.7533,13,1,1,5,07/03/2015,7,13:50,204,E08000035,E08000035,3,62,6,40.0,0,-1,-1,-1,0,0,1,1,1,0,0,1,1,2,E01011522
6431,2015132371243,2015,132371243,1,1,1,1,29,6,2,0,0,0,0,0,4,1,-1,2015,132371243,431518.0,433635.0,-1.522979,53.798072,13,2,2,1,07/03/2015,7,17:00,204,E08000035,E08000035,3,64,3,40.0,0,-1,-1,-1,0,4,1,1,1,0,0,1,1,2,E01011338
6432,2015132371525,2015,132371525,1,1,2,2,84,11,3,0,0,0,1,0,11,1,-1,2015,132371525,420578.0,433838.0,-1.689052,53.800441,13,3,1,1,07/03/2015,7,11:45,204,E08000035,E08000035,4,6154,6,30.0,0,-1,-1,-1,0,0,1,1,1,0,0,1,2,2,E01011599
6433,2015132380771,2015,132380771,1,1,1,1,46,8,3,0,0,0,0,0,9,1,-1,2015,132380771,419876.0,434085.0,-1.699694,53.802689,13,3,2,1,08/03/2015,1,13:20,204,E08000035,E08000035,3,647,3,40.0,0,-1,-1,-1,0,0,1,4,1,4,0,1,1,2,E01011597
6434,2015132381544,2015,132381544,2,1,1,2,57,9,3,0,0,0,0,0,9,1,-1,2015,132381544,435747.0,435744.0,-1.458534,53.816754,13,3,2,1,08/03/2015,1,21:35,204,E08000035,E08000035,6,0,6,30.0,0,-1,-1,-1,0,0,4,1,1,0,0,1,1,2,E01011663
6435,2015132390864,2015,132390864,2,1,1,2,28,6,3,0,0,0,0,0,1,1,-1,2015,132390864,429560.0,431565.0,-1.552902,53.779582,13,3,2,1,09/03/2015,2,15:25,204,E08000035,E08000035,6,0,6,30.0,3,4,6,0,0,1,1,1,1,0,0,1,1,2,E01011364
6436,2015132391439,2015,132391439,2,1,1,1,49,8,3,0,0,0,0,0,9,1,-1,2015,132391439,429129.0,432682.0,-1.559337,53.789645,13,3,2,1,09/03/2015,2,20:20,204,E08000035,E08000035,6,0,6,30.0,3,4,6,0,0,0,4,1,1,0,0,1,1,2,E01033013
6437,2015132391641,2015,132391641,4,1,2,2,40,7,3,0,0,1,0,0,9,1,-1,2015,132391641,429103.0,434722.0,-1.55954,53.807981,13,3,4,1,09/03/2015,2,23:16,204,E08000035,E08000035,6,0,6,30.0,6,4,6,0,0,0,4,1,1,0,0,1,1,2,E01033006
6438,20151323A0186,2015,1323A0186,1,1,1,1,43,7,3,0,0,0,0,0,1,1,-1,2015,1323A0186,429604.0,432956.0,-1.552101,53.792081,13,3,2,1,10/03/2015,3,07:28,204,E08000035,E08000035,6,0,6,30.0,0,-1,-1,-1,0,0,1,1,1,0,0,1,1,2,E01033015
6439,20151323A0602,2015,1323A0602,2,1,1,1,34,6,3,0,0,0,0,0,19,1,-1,2015,1323A0602,428808.0,432670.0,-1.564211,53.789555,13,3,2,1,10/03/2015,3,11:15,204,E08000035,E08000035,3,58,6,30.0,0,-1,-1,-1,0,0,1,1,1,0,0,1,2,2,E01033013
6440,20151323A1062,2015,1323A1062,2,1,1,1,28,6,3,0,0,0,0,0,1,-1,-1,2015,1323A1062,427942.0,427855.0,-1.577789,53.746326,13,3,2,1,10/03/2015,3,16:25,204,E08000035,E08000035,4,6123,6,30.0,3,4,6,0,2,8,1,1,1,0,0,1,1,2,E01011540
6441,20151323A1241,2015,1323A1241,1,1,1,1,45,7,3,0,0,0,0,0,1,1,-1,2015,1323A1241,429999.0,434159.0,-1.545989,53.802871,13,3,2,1,10/03/2015,3,17:40,204,E08000035,E08000035,3,660,3,30.0,6,2,6,0,2,5,1,1,1,0,0,1,1,2,E01033010
6442,20151323A1267,2015,1323A1267,2,1,1,1,40,7,3,0,0,0,0,0,1,-1,-1,2015,1323A1267,430104.0,431515.0,-1.544652,53.779101,13,3,2,1,10/03/2015,3,17:50,204,E08000035,E08000035,3,653,6,30.0,0,-1,-1,-1,0,0,4,1,1,0,0,1,2,2,E01011371
6443,20151323A1366,2015,1323A1366,1,1,1,1,34,6,3,0,0,0,0,0,5,1,-1,2015,1323A1366,426332.0,435595.0,-1.601543,53.815975,13,3,2,1,10/03/2015,3,18:35,204,E08000035,E08000035,4,6157,6,30.0,6,2,3,65,0,5,4,1,1,0,0,1,1,2,E01011477
6444,20151323A1419,2015,1323A1419,1,1,3,1,32,6,2,10,9,0,0,0,0,-1,-1,2015,1323A1419,431884.0,435185.0,-1.517263,53.81198,13,2,1,1,10/03/2015,3,19:05,204,E08000035,E08000035,6,0,6,30.0,0,-1,-1,-1,0,0,1,1,1,0,0,1,1,2,E01011434
6445,20151323A1457,2015,1323A1457,1,1,1,2,37,7,3,0,0,0,0,0,9,1,-1,2015,1323A1457,427139.0,433683.0,-1.589454,53.798749,13,3,2,2,10/03/2015,3,19:28,204,E08000035,E08000035,3,647,6,30.0,3,4,6,0,0,0,4,1,1,0,0,1,1,2,E01011284
6446,20151323A1457,2015,1323A1457,2,2,2,1,42,7,3,0,0,1,0,0,9,3,-1,2015,1323A1457,427139.0,433683.0,-1.589454,53.798749,13,3,2,2,10/03/2015,3,19:28,204,E08000035,E08000035,3,647,6,30.0,3,4,6,0,0,0,4,1,1,0,0,1,1,2,E01011284
6447,20151323A1605,2015,1323A1605,1,1,3,2,18,4,3,5,4,0,0,0,0,-1,-1,2015,1323A1605,419064.0,441778.0,-1.711549,53.871862,13,3,1,1,10/03/2015,3,21:28,204,E08000035,E08000035,4,6153,6,30.0,0,-1,-1,-1,0,0,4,1,1,0,0,1,1,2,E01011265
6448,20151323B0168,2015,1323B0168,1,1,1,1,36,7,3,0,0,0,0,0,19,1,-1,2015,1323B0168,425817.0,442891.0,-1.608754,53.881574,13,3,2,1,11/03/2015,4,07:00,204,E08000035,E08000035,3,660,6,30.0,3,4,6,0,0,0,1,1,1,0,0,2,1,2,E01032504