,accident_index,accident_year_x,accident_reference_x,vehicle_reference,casualty_reference,casualty_class,sex_of_casualty,age_of_casualty,age_band_of_casualty,casualty_severity,pedestrian_location,pedestrian_movement,car_passenger,bus_or_coach_passenger,pedestrian_road_maintenance_worker,casualty_type,casualty_home_area_type,casualty_imd_decile,accident_year_y,accident_reference_y,location_easting_osgr,location_northing_osgr,longitude,latitude,police_force,accident_severity,number_of_vehicles,number_of_casualties,date,day_of_week,time,local_authority_district,local_authority_ons_district,local_authority_highway,first_road_class,first_road_number,road_type,speed_limit,junction_detail,junction_control,second_road_class,second_road_number,pedestrian_crossing_human_control,pedestrian_crossing_physical_facilities,light_conditions,weather_conditions,road_surface_conditions,special_conditions_at_site,carriageway_hazards,urban_or_rural_area,did_police_officer_attend_scene_of_accident,trunk_road_flag,lsoa_of_accident_location
6449,20151323B0494,2015,1323B0494,2,1,1,2,37,7,3,0,0,0,0,0,9,1,-1,2015,1323B0494,429787.0,438924.0,-1.548748,53.845709,13,3,2,1,11/03/2015,4,11:10,204,E08000035,E08000035,3,6120,6,30.0,0,-1,-1,-1,0,0,1,1,1,0,0,1,2,2,E01011558
6450,20151323B0500,2015,1323B0500,1,1,3,1,14,3,3,5,9,0,0,0,0,1,-1,2015,1323B0500,429144.0,439793.0,-1.558439,53.853555,13,3,1,1,11/03/2015,4,11:42,204,E08000035,E08000035,6,0,6,30.0,0,-1,-1,-1,0,0,1,1,1,0,0,1,2,2,E01011567
6451,20151323B0696,2015,1323B0696,1,1,2,1,33,6,3,0,0,0,0,0,1,1,-1,2015,1323B0696,421376.0,434608.0,-1.676883,53.80733,13,3,1,1,11/03/2015,4,13:13,204,E08000035,E08000035,6,0,6,30.0,0,-1,-1,-1,0,0,1,1,1,0,0,1,2,2,E01011587
6452,20151323C0382,2015,1323C0382,1,1,1,1,17,4,3,0,0,0,0,0,4,1,-1,2015,1323C0382,438786.0,432598.0,-1.412773,53.788262,13,3,1,1,12/03/2015,5,10:35,204,E08000035,E08000035,3,63,3,50.0,0,-1,-1,-1,0,0,1,1,1,0,0,2,1,2,E01011402
6453,20151323C0479,2015,1323C0479,1,1,1,2,34,6,3,0,0,0,0,0,9,1,-1,2015,1323C0479,423820.0,438292.0,-1.639488,53.840335,13,3,2,1,12/03/2015,5,11:33,204,E08000035,E08000035,6,0,6,30.0,6,4,6,0,0,0,1,1,1,0,0,1,1,2,E01011459
6454,20151323C0612,2015,1323C0612,1,1,1,2,52,8,3,0,0,0,0,0,9,2,-1,2015,1323C0612,439405.0,432437.0,-1.403399,53.786769,13,3,2,2,12/03/2015,5,12:20,204,E08000035,E08000035,3,63,1,30.0,1,4,3,642,0,0,1,1,1,0,0,1,2,2,E01011402
6455,20151323C0612,2015,1323C0612,1,2,2,2,47,8,3,0,0,2,0,0,9,1,-1,2015,1323C0612,439405.0,432437.0,-1.403399,53.786769,13,3,2,2,12/03/2015,5,12:20,204,E08000035,E08000035,3,63,1,30.0,1,4,3,642,0,0,1,1,1,0,0,1,2,2,E01011402
6456,20151323C1231,2015,1323C1231,2,1,1,1,43,7,3,0,0,0,0,0,9,1,-1,2015,1323C1231,426560.0,437637.0,-1.597905,53.834316,13,3,2,2,12/03/2015,5,18:33,204,E08000035,E08000035,6,0,6,30.0,6,4,6,0,0,0,4,1,2,0,0,1,1,2,E01011687
6457,20151323C1231,2015,1323C1231,2,2,2,2,43,7,3,0,0,1,0,0,9,1,-1,2015,1323C1231,426560.0,437637.0,-1.597905,53.834316,13,3,2,2,12/03/2015,5,18:33,204,E08000035,E08000035,6,0,6,30.0,6,4,6,0,0,0,4,1,2,0,0,1,1,2,E01011687
6458,20151323D0595,2015,1323D0595,1,1,3,2,26,6,3,5,1,0,0,0,0,3,-1,2015,1323D0595,429881.0,433504.0,-1.547844,53.79699,13,3,1,1,13/03/2015,6,12:16,204,E08000035,E08000035,6,0,6,30.0,0,-1,-1,-1,0,4,1,1,1,0,0,1,1,2,E01033010
6459,20151323D0978,2015,1323D0978,1,1,3,1,7,2,3,5,1,0,0,0,0,1,-1,2015,1323D0978,431105.0,428363.0,-1.529779,53.750713,13,3,1,1,13/03/2015,6,15:49,204,E08000035,E08000035,6,0,6,30.0,0,-1,-1,-1,0,0,1,1,1,0,0,1,1,2,E01011466
6460,20151323D1134,2015,1323D1134,1,1,1,1,29,6,3,0,0,0,0,0,9,-1,-1,2015,1323D1134,431853.0,435790.0,-1.517671,53.81742,13,3,3,2,13/03/2015,6,17:02,204,E08000035,E08000035,6,0,6,30.0,3,4,6,0,0,0,1,1,1,0,0,1,1,2,E01011422
6461,20151323D1134,2015,1323D1134,2,2,1,2,25,5,3,0,0,0,0,0,9,-1,-1,2015,1323D1134,431853.0,435790.0,-1.517671,53.81742,13,3,3,2,13/03/2015,6,17:02,204,E08000035,E08000035,6,0,6,30.0,3,4,6,0,0,0,1,1,1,0,0,1,1,2,E01011422
6462,20151323D1408,2015,1323D1408,1,1,1,1,15,3,2,0,0,0,0,0,2,-1,-1,2015,1323D1408,430395.0,427898.0,-1.540591,53.746576,13,2,2,1,13/03/2015,6,19:33,204,E08000035,E08000035,6,0,6,30.0,3,4,6,0,0,0,4,1,1,0,0,1,1,2,E01011490
6463,20151323D1441,2015,1323D1441,1,1,3,1,30,6,3,5,1,0,0,0,0,-1,-1,2015,1323D1441,429433.0,433471.0,-1.554648,53.796719,13,3,1,1,13/03/2015,6,19:50,204,E08000035,E08000035,6,0,6,30.0,6,2,6,0,0,0,4,1,1,0,0,1,1,2,E01033008
6464,20151323E0663,2015,1323E0663,1,1,2,1,22,5,3,0,0,1,0,0,9,1,-1,2015,1323E0663,420457.0,436485.0,-1.690714,53.824237,13,3,2,1,14/03/2015,7,12:20,204,E08000035,E08000035,6,0,6,30.0,3,4,6,0,0,0,1,1,1,0,0,2,1,2,E01011590
6465,20151323E0930,2015,1323E0930,2,1,1,1,46,8,3,0,0,0,0,0,9,-1,-1,2015,1323E0930,428787.0,433276.0,-1.564473,53.795003,13,3,4,1,13/03/2015,6,09:28,204,E08000035,E08000035,3,58,3,30.0,0,-1,-1,-1,0,0,1,1,1,0,0,1,2,2,E01033013
6466,20151323E1231,2015,1323E1231,1,1,1,1,43,7,3,0,0,0,0,0,1,1,-1,2015,1323E1231,415362.0,442992.0,-1.76779,53.882895,13,3,2,1,14/03/2015,7,17:35,204,E08000035,E08000035,6,0,6,30.0,0,-1,-1,-1,0,0,1,1,1,0,0,2,1,2,E01011270
6467,20151323E1390,2015,1323E1390,2,1,3,2,38,7,3,10,9,0,0,0,0,-1,-1,2015,1323E1390,431020.0,438172.0,-1.530084,53.838878,13,3,2,1,14/03/2015,7,11:00,204,E08000035,E08000035,6,0,6,30.0,0,-1,-1,-1,0,0,1,1,1,0,0,1,2,2,E01011516
6468,20151323F0931,2015,1323F0931,1,1,1,1,72,10,2,0,0,0,0,0,9,1,-1,2015,1323F0931,426644.0,437611.0,-1.596631,53.834078,13,2,2,1,15/03/2015,1,15:45,204,E08000035,E08000035,6,0,6,30.0,0,-1,-1,-1,0,0,1,1,1,0,0,1,1,2,E01011685
6469,20151323G0201,2015,1323G0201,1,1,1,1,24,5,3,0,0,0,0,0,5,1,-1,2015,1323G0201,420987.0,434338.0,-1.682808,53.804919,13,3,2,1,16/03/2015,2,07:21,204,E08000035,E08000035,3,647,3,70.0,0,-1,-1,-1,0,0,1,1,2,0,0,1,1,2,E01011595
6470,20151323G1056,2015,1323G1056,1,1,2,2,19,4,3,0,0,1,0,0,8,1,-1,2015,1323G1056,427203.0,437824.0,-1.588118,53.835964,13,3,1,1,14/03/2015,7,03:15,204,E08000035,E08000035,6,0,6,30.0,0,-1,-1,-1,0,0,4,1,1,0,0,1,2,2,E01032876
6471,20151323G1275,2015,1323G1275,1,1,1,2,54,8,3,0,0,0,0,0,9,1,-1,2015,1323G1275,422553.0,437120.0,-1.658827,53.829858,13,3,2,2,16/03/2015,2,18:55,204,E08000035,E08000035,3,6120,3,70.0,0,-1,-1,-1,0,0,4,1,1,0,7,2,1,2,E01011452
6472,20151323G1275,2015,1323G1275,2,2,1,2,64,9,3,0,0,0,0,0,9,1,-1,2015,1323G1275,422553.0,437120.0,-1.658827,53.829858,13,3,2,2,16/03/2015,2,18:55,204,E08000035,E08000035,3,6120,3,70.0,0,-1,-1,-1,0,0,4,1,1,0,7,2,1,2,E01011452
6473,20151323G1567,2015,1323G1567,1,2,1,1,21,5,3,0,0,0,0,0,9,1,-1,2015,1323G1567,440299.0,434321.0,-1.389585,53.803633,13,3,3,2,16/03/2015,2,22:10,204,E08000035,E08000035,1,1,3,70.0,0,-1,-1,-1,0,0,6,1,1,0,0,2,1,1,E01011296
6474,20151323G1567,2015,1323G1567,3,1,1,1,66,10,3,0,0,0,0,0,9,3,-1,2015,1323G1567,440299.0,434321.0,-1.389585,53.803633,13,3,3,2,16/03/2015,2,22:10,204,E08000035,E08000035,1,1,3,70.0,0,-1,-1,-1,0,0,6,1,1,0,0,2,1,1,E01011296
6475,20151323H0182,2015,1323H0182,2,1,1,1,25,5,3,0,0,0,0,0,1,-1,-1,2015,1323H0182,428792.0,431807.0,-1.564534,53.781799,13,3,2,1,17/03/2015,3,07:25,204,E08000035,E08000035,6,0,6,30.0,3,4,6,0,0,0,1,1,1,0,0,1,1,2,E01011366
6476,20151323H0230,2015,1323H0230,2,1,1,1,58,9,3,0,0,0,0,0,1,-1,-1,2015,1323H0230,425137.0,436550.0,-1.619615,53.824617,13,3,3,1,17/03/2015,3,08:25,204,E08000035,E08000035,3,65,6,40.0,3,4,6,0,0,0,1,1,1,0,0,1,1,2,E01032493
6477,20151323H0399,2015,1323H0399,1,1,2,2,40,7,3,0,0,0,4,0,11,1,-1,2015,1323H0399,430303.0,435997.0,-1.541193,53.819372,13,3,1,1,18/03/2015,4,09:05,204,E08000035,E08000035,3,61,3,40.0,0,-1,-1,-1,0,0,1,1,1,0,0,1,2,2,E01011357
6478,20151323H0425,2015,1323H0425,2,1,1,1,17,4,3,0,0,0,0,0,3,1,-1,2015,1323H0425,426472.0,435776.0,-1.599401,53.817594,13,3,2,1,17/03/2015,3,10:53,204,E08000035,E08000035,6,0,6,30.0,3,4,6,0,0,0,1,1,1,0,0,1,1,2,E01011488
6479,20151323H0621,2015,1323H0621,2,1,1,1,35,6,3,0,0,0,0,0,5,1,-1,2015,1323H0621,432362.0,436364.0,-1.50988,53.822547,13,3,2,1,17/03/2015,3,13:02,204,E08000035,E08000035,5,0,7,40.0,0,-1,-1,-1,0,4,1,1,1,0,0,1,1,2,E01011647
6480,20151323I0977,2015,1323I0977,1,1,3,1,49,8,2,1,1,0,0,0,0,-1,-1,2015,1323I0977,435623.0,435067.0,-1.460496,53.810678,13,2,1,1,18/03/2015,4,15:34,204,E08000035,E08000035,3,64,3,40.0,0,-1,-1,-1,0,4,1,1,1,0,0,1,1,2,E01011666
6481,20151323J0112,2015,1323J0112,1,1,1,1,48,8,2,0,0,0,0,0,19,1,-1,2015,1323J0112,427941.0,435715.0,-1.577095,53.81697,13,2,1,1,19/03/2015,5,03:36,204,E08000035,E08000035,6,0,6,20.0,3,4,6,0,0,0,4,1,1,0,0,1,1,2,E01011441
6482,20151323J1051,2015,1323J1051,2,1,1,1,46,8,3,0,0,0,0,0,1,1,-1,2015,1323J1051,430245.0,431070.0,-1.542556,53.775093,13,3,2,1,19/03/2015,5,16:39,204,E08000035,E08000035,6,0,6,30.0,3,4,6,0,0,0,1,1,1,0,0,1,1,2,E01011312
6483,20151323J1121,2015,1323J1121,1,1,3,2,6,2,3,10,3,0,0,0,0,-1,-1,2015,1323J1121,425480.0,435758.0,-1.61447,53.817482,13,3,1,1,19/03/2015,5,17:05,204,E08000035,E08000035,6,0,6,30.0,0,-1,-1,-1,0,0,1,1,1,0,0,1,1,2,E01011324
6484,20151323J1312,2015,1323J1312,2,1,1,1,23,5,2,0,0,0,0,0,3,-1,-1,2015,1323J1312,426563.0,437724.0,-1.597852,53.835098,13,2,2,1,19/03/2015,5,18:40,204,E08000035,E08000035,3,6120,3,40.0,9,2,6,0,0,0,4,1,1,0,0,2,1,2,E01011685
6485,20151323J1597,2015,1323J1597,1,1,1,1,18,4,3,0,0,0,0,0,9,3,-1,2015,1323J1597,427506.0,425505.0,-1.584608,53.725228,13,2,2,6,19/03/2015,5,22:13,204,E08000035,E08000035,3,653,3,40.0,6,2,6,0,0,5,4,1,1,0,0,1,1,2,E01011548
6486,20151323J1597,2015,1323J1597,1,2,2,2,14,3,2,0,0,2,0,0,9,3,-1,2015,1323J1597,427506.0,425505.0,-1.584608,53.725228,13,2,2,6,19/03/2015,5,22:13,204,E08000035,E08000035,3,653,3,40.0,6,2,6,0,0,5,4,1,1,0,0,1,1,2,E01011548
6487,20151323J1597,2015,1323J1597,1,3,2,1,18,4,3,0,0,1,0,0,9,1,-1,2015,1323J1597,427506.0,425505.0,-1.584608,53.725228,13,2,2,6,19/03/2015,5,22:13,204,E08000035,E08000035,3,653,3,40.0,6,2,6,0,0,5,4,1,1,0,0,1,1,2,E01011548
6488,20151323J1597,2015,1323J1597,1,4,2,1,18,4,3,0,0,2,0,0,9,1,-1,2015,1323J1597,427506.0,425505.0,-1.584608,53.725228,13,2,2,6,19/03/2015,5,22:13,204,E08000035,E08000035,3,653,3,40.0,6,2,6,0,0,5,4,1,1,0,0,1,1,2,E01011548
6489,20151323J1597,2015,1323J1597,1,5,2,2,14,3,3,0,0,2,0,0,9,1,-1,2015,1323J1597,427506.0,425505.0,-1.584608,53.725228,13,2,2,6,19/03/2015,5,22:13,204,E08000035,E08000035,3,653,3,40.0,6,2,6,0,0,5,4,1,1,0,0,1,1,2,E01011548
6490,20151323J1597,2015,1323J1597,2,6,1,1,20,4,3,0,0,0,0,0,9,1,-1,2015,1323J1597,427506.0,425505.0,-1.584608,53.725228,13,2,2,6,19/03/2015,5,22:13,204,E08000035,E08000035,3,653,3,40.0,6,2,6,0,0,5,4,1,1,0,0,1,1,2,E01011548
6491,20151323K1013,2015,1323K1013,2,1,1,1,39,7,3,0,0,0,0,0,1,1,-1,2015,1323K1013,430733.0,433238.0,-1.534936,53.79455,13,3,2,1,20/03/2015,6,14:40,204,E08000035,E08000035,6,0,2,30.0,3,4,6,0,0,0,1,1,1,0,0,1,1,2,E01033011
6492,20151323K1172,2015,1323K1172,1,1,3,1,2,1,3,5,2,0,0,0,0,1,-1,2015,1323K1172,422443.0,433590.0,-1.660755,53.798136,13,3,1,1,20/03/2015,6,16:25,204,E08000035,E08000035,6,0,6,30.0,0,-1,-1,-1,0,0,1,1,1,0,0,1,1,2,E01011612
6493,20151323K1292,2015,1323K1292,1,1,1,2,46,8,3,0,0,0,0,0,9,1,-1,2015,1323K1292,443629.0,436629.0,-1.3387,53.824108,13,3,2,1,20/03/2015,6,17:20,204,E08000035,E08000035,2,1,3,70.0,0,-1,-1,-1,0,0,1,1,1,0,0,2,1,1,E01011297
6494,20151323K1829,2015,1323K1829,1,1,3,1,75,10,2,5,1,0,0,0,0,1,-1,2015,1323K1829,422447.0,432853.0,-1.660747,53.791512,13,2,1,2,20/03/2015,6,21:55,204,E08000035,E08000035,6,0,6,30.0,3,4,6,0,0,0,4,1,1,0,0,1,1,2,E01011604
6495,20151323K1829,2015,1323K1829,1,2,3,2,55,8,3,5,1,0,0,0,0,1,-1,2015,1323K1829,422447.0,432853.0,-1.660747,53.791512,13,2,1,2,20/03/2015,6,21:55,204,E08000035,E08000035,6,0,6,30.0,3,4,6,0,0,0,4,1,1,0,0,1,1,2,E01011604
6496,20151323K1840,2015,1323K1840,1,1,1,1,38,7,3,0,0,0,0,0,19,1,-1,2015,1323K1840,429568.0,423187.0,-1.553579,53.704282,13,3,2,3,20/03/2015,6,22:04,204,E08000035,E08000035,1,1,3,70.0,0,-1,-1,-1,0,0,6,1,1,4,0,2,1,1,E01011536
6497,20151323K1840,2015,1323K1840,2,2,1,1,20,4,3,0,0,0,0,0,9,1,-1,2015,1323K1840,429568.0,423187.0,-1.553579,53.704282,13,3,2,3,20/03/2015,6,22:04,204,E08000035,E08000035,1,1,3,70.0,0,-1,-1,-1,0,0,6,1,1,4,0,2,1,1,E01011536
6498,20151323K1840,2015,1323K1840,2,3,2,2,20,4,3,0,0,1,0,0,9,3,-1,2015,1323K1840,429568.0,423187.0,-1.553579,53.704282,13,3,2,3,20/03/2015,6,22:04,204,E08000035,E08000035,1,1,3,70.0,0,-1,-1,-1,0,0,6,1,1,4,0,2,1,1,E01011536
6499,20151323L0579,2015,1323L0579,1,1,3,2,13,3,3,1,2,0,0,0,0,1,-1,2015,1323L0579,430911.0,433483.0,-1.53221,53.796742,13,3,1,1,21/03/2015,7,11:07,204,E08000035,E08000035,6,0,3,30.0,0,-1,-1,-1,0,4,1,1,1,0,0,1,1,2,E01033011
6500,20151323L1620,2015,1323L1620,2,1,1,2,74,10,2,0,0,0,0,0,9,1,-1,2015,1323L1620,441157.0,433152.0,-1.376714,53.79306,13,2,2,1,21/03/2015,7,21:00,204,E08000035,E08000035,6,0,6,30.0,3,4,6,0,0,0,4,1,1,0,0,1,1,2,E01011403
6501,20151323L1712,2015,1323L1712,1,1,3,1,39,7,2,5,3,0,0,0,0,-1,-1,2015,1323L1712,430337.0,433738.0,-1.540898,53.799067,13,2,1,1,21/03/2015,7,22:05,204,E08000035,E08000035,6,0,3,30.0,0,-1,-1,-1,0,0,4,1,1,0,0,1,1,2,E01033010
6502,20151323M0540,2015,1323M0540,2,1,1,1,29,6,3,0,0,0,0,0,1,1,-1,2015,1323M0540,423540.0,435419.0,-1.643961,53.814526,13,3,2,1,20/03/2015,6,16:45,204,E08000035,E08000035,4,6157,6,40.0,3,4,6,0,0,0,1,1,1,0,0,1,2,2,E01011330
6503,20151323M1113,2015,1323M1113,2,1,1,1,60,9,3,0,0,0,0,0,5,1,-1,2015,1323M1113,424748.0,444400.0,-1.624894,53.895189,13,3,2,1,22/03/2015,1,16:00,204,E08000035,E08000035,3,658,6,40.0,0,-1,-1,-1,0,0,1,1,1,0,0,2,1,2,E01011570
6504,20151323N0335,2015,1323N0335,2,1,2,1,8,2,3,0,0,0,0,0,1,1,-1,2015,1323N0335,425246.0,428923.0,-1.618581,53.756062,13,3,2,1,23/03/2015,2,10:35,204,E08000035,E08000035,6,0,6,30.0,3,4,6,0,0,0,1,1,1,0,0,1,1,2,E01011522
6505,20151323N0374,2015,1323N0374,2,1,1,2,27,6,3,0,0,0,0,0,1,1,-1,2015,1323N0374,429386.0,434947.0,-1.555221,53.809988,13,3,2,1,23/03/2015,2,09:30,204,E08000035,E08000035,3,660,6,30.0,3,4,6,0,0,0,1,1,1,0,0,1,2,2,E01033005
6506,20151323N0612,2015,1323N0612,1,1,1,2,31,6,3,0,0,0,0,0,9,1,-1,2015,1323N0612,423866.0,434265.0,-1.639099,53.804139,13,3,2,3,25/03/2015,4,12:06,204,E08000035,E08000035,3,647,6,30.0,5,4,6,0,0,0,1,1,1,4,0,1,1,2,E01011608
6507,20151323N0612,2015,1323N0612,1,2,2,1,2,1,3,0,0,2,0,0,9,1,-1,2015,1323N0612,423866.0,434265.0,-1.639099,53.804139,13,3,2,3,25/03/2015,4,12:06,204,E08000035,E08000035,3,647,6,30.0,5,4,6,0,0,0,1,1,1,4,0,1,1,2,E01011608
6508,20151323N0612,2015,1323N0612,2,3,1,1,46,8,3,0,0,0,0,0,9,1,-1,2015,1323N0612,423866.0,434265.0,-1.639099,53.804139,13,3,2,3,25/03/2015,4,12:06,204,E08000035,E08000035,3,647,6,30.0,5,4,6,0,0,0,1,1,1,4,0,1,1,2,E01011608
6509,20151323N0837,2015,1323N0837,2,1,1,2,33,6,3,0,0,0,0,0,9,1,-1,2015,1323N0837,432911.0,429583.0,-1.502263,53.761568,13,3,2,1,23/03/2015,2,13:50,204,E08000035,E08000035,1,1,3,70.0,0,-1,-1,-1,0,0,1,1,1,0,0,2,2,1,E01011470
6510,20151323O0636,2015,1323O0636,1,1,3,1,24,5,2,1,1,0,0,0,0,1,-1,2015,1323O0636,429916.0,434261.0,-1.547239,53.803792,13,2,1,1,23/03/2015,2,00:30,204,E08000035,E08000035,6,0,6,30.0,6,2,6,0,0,4,4,1,1,0,0,1,2,2,E01033008
6511,20151323O0692,2015,1323O0692,1,1,1,2,26,6,3,0,0,0,0,0,9,1,-1,2015,1323O0692,428043.0,432831.0,-1.575807,53.791044,13,3,2,2,24/03/2015,3,12:35,204,E08000035,E08000035,6,0,6,30.0,3,4,4,6154,0,0,1,1,1,0,0,1,2,2,E01011362
6512,20151323O0692,2015,1323O0692,1,2,2,1,53,8,3,0,0,1,0,0,9,1,-1,2015,1323O0692,428043.0,432831.0,-1.575807,53.791044,13,3,2,2,24/03/2015,3,12:35,204,E08000035,E08000035,6,0,6,30.0,3,4,4,6154,0,0,1,1,1,0,0,1,2,2,E01011362
6513,20151323O0903,2015,1323O0903,1,1,1,1,39,7,3,0,0,0,0,0,9,1,-1,2015,1323O0903,430747.0,435587.0,-1.53449,53.815661,13,3,2,1,24/03/2015,3,15:50,204,E08000035,E08000035,6,0,6,30.0,6,4,6,0,0,0,1,1,1,0,0,1,1,2,E01011360
6514,20151323O1054,2015,1323O1054,2,1,1,1,56,9,3,0,0,0,0,0,9,1,-1,2015,1323O1054,431063.0,430402.0,-1.530211,53.769042,13,3,3,1,24/03/2015,3,17:00,204,E08000035,E08000035,6,0,6,30.0,0,-1,-1,-1,0,1,1,1,1,0,0,1,1,2,E01011471
6515,20151323P0215,2015,1323P0215,2,1,3,1,69,10,3,6,9,0,0,0,0,1,-1,2015,1323P0215,429949.0,424945.0,-1.547638,53.720061,13,3,2,1,29/03/2015,1,08:30,204,E08000035,E08000035,6,0,6,30.0,3,4,6,0,0,0,1,1,1,0,0,1,1,2,E01011537
6516,20151323P0419,2015,1323P0419,2,1,1,1,30,6,3,0,0,0,0,0,1,1,-1,2015,1323P0419,432473.0,440147.0,-1.507796,53.85654,13,3,2,1,25/03/2015,4,10:30,204,E08000035,E08000035,6,0,6,30.0,3,4,6,0,0,0,1,1,1,0,0,1,1,2,E01011566
6517,20151323P0631,2015,1323P0631,1,1,1,1,57,9,3,0,0,0,0,0,8,1,-1,2015,1323P0631,432467.0,436501.0,-1.508271,53.823772,13,3,2,2,25/03/2015,4,13:07,204,E08000035,E08000035,6,0,6,30.0,0,-1,-1,-1,0,0,1,1,1,0,0,1,1,2,E01011645
6518,20151323P0631,2015,1323P0631,2,2,1,2,27,6,3,0,0,0,0,0,9,1,-1,2015,1323P0631,432467.0,436501.0,-1.508271,53.823772,13,3,2,2,25/03/2015,4,13:07,204,E08000035,E08000035,6,0,6,30.0,0,-1,-1,-1,0,0,1,1,1,0,0,1,1,2,E01011645
6519,20151323P0647,2015,1323P0647,1,1,3,2,86,11,2,10,9,0,0,0,0,1,-1,2015,1323P0647,440020.0,437467.0,-1.393413,53.831929,13,2,1,1,25/03/2015,4,13:15,204,E08000035,E08000035,6,0,9,20.0,3,4,6,0,0,0,1,1,1,0,0,2,1,2,E01011309
6520,20151323P0731,2015,1323P0731,1,1,1,2,20,4,3,0,0,0,0,0,9,1,-1,2015,1323P0731,428825.0,435232.0,-1.563714,53.812581,13,3,2,3,03/03/2015,3,19:00,204,E08000035,E08000035,6,0,6,30.0,3,4,6,0,0,0,4,1,1,0,0,1,2,2,E01011444
6521,20151323P0731,2015,1323P0731,1,2,2,2,23,5,3,0,0,1,0,0,9,1,-1,2015,1323P0731,428825.0,435232.0,-1.563714,53.812581,13,3,2,3,03/03/2015,3,19:00,204,E08000035,E08000035,6,0,6,30.0,3,4,6,0,0,0,4,1,1,0,0,1,2,2,E01011444
6522,20151323P0731,2015,1323P0731,1,3,2,2,18,4,3,0,0,2,0,0,9,1,-1,2015,1323P0731,428825.0,435232.0,-1.563714,53.812581,13,3,2,3,03/03/2015,3,19:00,204,E08000035,E08000035,6,0,6,30.0,3,4,6,0,0,0,4,1,1,0,0,1,2,2,E01011444
6523,20151323P1019,2015,1323P1019,1,1,3,1,67,10,3,6,9,0,0,0,0,1,-1,2015,1323P1019,424226.0,438984.0,-1.633263,53.846536,13,3,1,1,26/03/2015,5,16:52,204,E08000035,E08000035,6,0,6,30.0,0,-1,-1,-1,0,0,1,1,1,0,0,1,1,2,E01011459
6524,20151323P1088,2015,1323P1088,2,1,1,1,23,5,3,0,0,0,0,0,1,1,-1,2015,1323P1088,432887.0,432128.0,-1.502356,53.784443,13,3,2,1,25/03/2015,4,16:10,204,E08000035,E08000035,6,0,6,30.0,8,4,6,0,0,0,1,1,1,0,0,1,1,2,E01011621
6525,20151323Q0531,2015,1323Q0531,1,1,1,1,46,8,3,0,0,0,0,0,9,1,-1,2015,1323Q0531,433645.0,432294.0,-1.490835,53.785887,13,3,2,1,26/03/2015,5,11:35,204,E08000035,E08000035,6,0,6,30.0,0,-1,-1,-1,0,0,1,1,1,0,0,2,1,2,E01011621
6526,20151323Q0577,2015,1323Q0577,1,1,1,1,24,5,3,0,0,0,0,0,1,1,-1,2015,1323Q0577,430052.0,432661.0,-1.54533,53.789404,13,3,2,1,26/03/2015,5,12:00,204,E08000035,E08000035,3,653,3,30.0,0,-1,-1,-1,0,0,1,1,1,0,0,1,1,2,E01033016
6527,20151323Q0780,2015,1323Q0780,2,1,1,1,39,7,3,0,0,0,0,0,9,1,-1,2015,1323Q0780,427472.0,436004.0,-1.584193,53.819592,13,3,3,1,26/03/2015,5,14:07,204,E08000035,E08000035,6,0,6,30.0,3,4,6,0,0,0,1,1,1,0,0,1,1,2,E01011435
6528,20151323Q0798,2015,1323Q0798,1,1,3,2,19,4,3,5,4,0,0,0,0,1,-1,2015,1323Q0798,427762.0,434693.0,-1.579906,53.807794,13,3,1,1,26/03/2015,5,14:55,204,E08000035,E08000035,6,0,6,20.0,0,-1,-1,-1,0,0,1,4,1,0,0,1,1,2,E01011483
6529,20151323Q1449,2015,1323Q1449,1,1,1,2,31,6,3,0,0,0,0,0,9,1,-1,2015,1323Q1449,431955.0,434831.0,-1.516221,53.808794,13,3,2,1,26/03/2015,5,19:35,204,E08000035,E08000035,6,0,6,30.0,3,4,6,0,0,0,4,1,1,0,0,1,1,2,E01011433
6530,20151323R0238,2015,1323R0238,2,1,1,1,35,6,2,0,0,0,0,0,3,1,-1,2015,1323R0238,427378.0,434918.0,-1.585717,53.809836,13,2,2,1,27/03/2015,6,08:10,204,E08000035,E08000035,6,0,6,30.0,6,4,6,0,0,0,1,1,1,0,0,1,1,2,E01011482
6531,20151323R1384,2015,1323R1384,1,1,1,1,28,6,3,0,0,0,0,0,4,-1,-1,2015,1323R1384,430565.0,431807.0,-1.537628,53.781699,13,3,2,2,27/03/2015,6,07:48,204,E08000035,E08000035,1,621,6,30.0,5,2,3,61,0,0,1,1,1,0,0,1,2,2,E01011364
6532,20151323R1384,2015,1323R1384,2,2,1,2,22,5,3,0,0,0,0,0,9,1,-1,2015,1323R1384,430565.0,431807.0,-1.537628,53.781699,13,3,2,2,27/03/2015,6,07:48,204,E08000035,E08000035,1,621,6,30.0,5,2,3,61,0,0,1,1,1,0,0,1,2,2,E01011364
6533,20151323R1537,2015,1323R1537,1,1,1,1,68,10,2,0,0,0,0,0,9,2,-1,2015,1323R1537,443109.0,433214.0,-1.347076,53.793459,13,2,2,5,27/03/2015,6,20:30,204,E08000035,E08000035,3,656,6,60.0,3,4,6,0,0,0,6,1,1,0,0,2,1,2,E01011298
6534,20151323R1537,2015,1323R1537,1,2,2,1,71,10,3,0,0,1,0,0,9,1,-1,2015,1323R1537,443109.0,433214.0,-1.347076,53.793459,13,2,2,5,27/03/2015,6,20:30,204,E08000035,E08000035,3,656,6,60.0,3,4,6,0,0,0,6,1,1,0,0,2,1,2,E01011298
6535,20151323R1537,2015,1323R1537,1,3,2,1,73,10,3,0,0,2,0,0,9,1,-1,2015,1323R1537,443109.0,433214.0,-1.347076,53.793459,13,2,2,5,27/03/2015,6,20:30,204,E08000035,E08000035,3,656,6,60.0,3,4,6,0,0,0,6,1,1,0,0,2,1,2,E01011298