,accident_index,accident_year_x,accident_reference_x,vehicle_reference,casualty_reference,casualty_class,sex_of_casualty,age_of_casualty,age_band_of_casualty,casualty_severity,pedestrian_location,pedestrian_movement,car_passenger,bus_or_coach_passenger,pedestrian_road_maintenance_worker,casualty_type,casualty_home_area_type,casualty_imd_decile,accident_year_y,accident_reference_y,location_easting_osgr,location_northing_osgr,longitude,latitude,police_force,accident_severity,number_of_vehicles,number_of_casualties,date,day_of_week,time,local_authority_district,local_authority_ons_district,local_authority_highway,first_road_class,first_road_number,road_type,speed_limit,junction_detail,junction_control,second_road_class,second_road_number,pedestrian_crossing_human_control,pedestrian_crossing_physical_facilities,light_conditions,weather_conditions,road_surface_conditions,special_conditions_at_site,carriageway_hazards,urban_or_rural_area,did_police_officer_attend_scene_of_accident,trunk_road_flag,lsoa_of_accident_location
6536,20151323R1537,2015,1323R1537,2,4,1,2,21,5,3,0,0,0,0,0,9,3,-1,2015,1323R1537,443109.0,433214.0,-1.347076,53.793459,13,2,2,5,27/03/2015,6,20:30,204,E08000035,E08000035,3,656,6,60.0,3,4,6,0,0,0,6,1,1,0,0,2,1,2,E01011298
6537,20151323R1537,2015,1323R1537,2,5,2,2,19,4,3,0,0,1,0,0,9,1,-1,2015,1323R1537,443109.0,433214.0,-1.347076,53.793459,13,2,2,5,27/03/2015,6,20:30,204,E08000035,E08000035,3,656,6,60.0,3,4,6,0,0,0,6,1,1,0,0,2,1,2,E01011298
6538,20151323S0535,2015,1323S0535,2,1,1,1,25,5,3,0,0,0,0,0,4,-1,-1,2015,1323S0535,433968.0,428869.0,-1.486308,53.755083,13,3,2,1,28/03/2015,7,10:15,204,E08000035,E08000035,6,0,6,30.0,3,4,6,0,0,0,1,2,2,0,0,1,1,2,E01011639
6539,20151323S0679,2015,1323S0679,1,1,1,2,30,6,3,0,0,0,0,0,9,1,-1,2015,1323S0679,424419.0,438120.0,-1.630398,53.838762,13,3,2,2,28/03/2015,7,12:09,204,E08000035,E08000035,6,0,6,20.0,6,4,6,0,0,0,1,1,1,0,0,1,1,2,E01011460
6540,20151323S0679,2015,1323S0679,2,2,1,2,48,8,3,0,0,0,0,0,9,1,-1,2015,1323S0679,424419.0,438120.0,-1.630398,53.838762,13,3,2,2,28/03/2015,7,12:09,204,E08000035,E08000035,6,0,6,20.0,6,4,6,0,0,0,1,1,1,0,0,1,1,2,E01011460
6541,20151323S0782,2015,1323S0782,1,1,1,1,28,6,3,0,0,0,0,0,9,2,-1,2015,1323S0782,432959.0,439233.0,-1.500505,53.848295,13,3,3,1,28/03/2015,7,13:19,204,E08000035,E08000035,3,6120,6,40.0,6,2,6,0,0,0,1,1,1,0,0,2,1,2,E01011650
6542,20151323S1082,2015,1323S1082,1,1,2,1,16,4,3,0,0,0,0,0,5,-1,-1,2015,1323S1082,445458.0,431585.0,-1.31166,53.77862,13,3,1,1,28/03/2015,7,16:30,204,E08000035,E08000035,3,63,3,70.0,0,-1,-1,-1,0,0,1,4,1,0,0,2,1,2,E01011299
6543,20151323S1440,2015,1323S1440,2,1,1,1,34,6,3,0,0,0,0,0,5,1,-1,2015,1323S1440,428948.0,435472.0,-1.561823,53.814731,13,3,2,2,28/03/2015,7,20:15,204,E08000035,E08000035,3,660,6,30.0,6,2,6,0,0,5,4,1,1,0,0,1,1,2,E01011444
6544,20151323S1440,2015,1323S1440,2,2,2,2,29,6,3,0,0,0,0,0,5,1,-1,2015,1323S1440,428948.0,435472.0,-1.561823,53.814731,13,3,2,2,28/03/2015,7,20:15,204,E08000035,E08000035,3,660,6,30.0,6,2,6,0,0,5,4,1,1,0,0,1,1,2,E01011444
6545,20151323S1509,2015,1323S1509,2,1,1,1,39,7,3,0,0,0,0,0,9,1,-1,2015,1323S1509,421074.0,441342.0,-1.68101,53.867866,13,3,2,2,28/03/2015,7,20:57,204,E08000035,E08000035,6,0,6,30.0,0,-1,-1,-1,0,0,4,2,2,0,0,1,1,2,E01011269
6546,20151323S1509,2015,1323S1509,2,2,2,1,39,7,3,0,0,1,0,0,9,1,-1,2015,1323S1509,421074.0,441342.0,-1.68101,53.867866,13,3,2,2,28/03/2015,7,20:57,204,E08000035,E08000035,6,0,6,30.0,0,-1,-1,-1,0,0,4,2,2,0,0,1,1,2,E01011269
6547,20151323T0510,2015,1323T0510,1,1,2,2,18,4,3,0,0,2,0,0,9,1,-1,2015,1323T0510,425264.0,432128.0,-1.618047,53.784867,13,3,2,4,29/03/2015,1,11:40,204,E08000035,E08000035,6,0,6,20.0,0,-1,-1,-1,0,0,1,2,2,0,0,1,1,2,E01011738
6548,20151323T0510,2015,1323T0510,1,2,2,1,2,1,3,0,0,2,0,0,9,1,-1,2015,1323T0510,425264.0,432128.0,-1.618047,53.784867,13,3,2,4,29/03/2015,1,11:40,204,E08000035,E08000035,6,0,6,20.0,0,-1,-1,-1,0,0,1,2,2,0,0,1,1,2,E01011738
6549,20151323T0510,2015,1323T0510,2,3,1,1,30,6,3,0,0,0,0,0,9,-1,-1,2015,1323T0510,425264.0,432128.0,-1.618047,53.784867,13,3,2,4,29/03/2015,1,11:40,204,E08000035,E08000035,6,0,6,20.0,0,-1,-1,-1,0,0,1,2,2,0,0,1,1,2,E01011738
6550,20151323T0510,2015,1323T0510,2,4,2,2,25,5,3,0,0,1,0,0,9,-1,-1,2015,1323T0510,425264.0,432128.0,-1.618047,53.784867,13,3,2,4,29/03/2015,1,11:40,204,E08000035,E08000035,6,0,6,20.0,0,-1,-1,-1,0,0,1,2,2,0,0,1,1,2,E01011738
6551,20151323T0535,2015,1323T0535,2,1,1,1,19,4,3,0,0,0,0,0,1,1,-1,2015,1323T0535,429104.0,432391.0,-1.559744,53.787031,13,3,2,1,29/03/2015,1,12:15,204,E08000035,E08000035,6,0,6,30.0,0,-1,-1,-1,0,0,1,2,2,0,0,1,2,2,E01033013
6552,20151323T0572,2015,1323T0572,2,1,1,1,40,7,3,0,0,0,0,0,1,1,-1,2015,1323T0572,430683.0,432922.0,-1.535726,53.791713,13,3,2,1,29/03/2015,1,12:50,204,E08000035,E08000035,6,0,6,30.0,3,4,6,0,0,0,1,2,2,0,0,1,1,2,E01033018
6553,20151323T0873,2015,1323T0873,1,1,1,1,4,1,3,0,0,0,0,0,1,-1,-1,2015,1323T0873,432784.0,435395.0,-1.503573,53.813812,13,3,2,1,29/03/2015,1,16:20,204,E08000035,E08000035,6,0,6,30.0,6,4,6,0,0,0,1,4,1,0,0,1,1,2,E01011431
6554,20151323T1348,2015,1323T1348,2,1,1,1,16,4,3,0,0,0,0,0,1,1,-1,2015,1323T1348,428486.0,434449.0,-1.568934,53.805562,13,3,2,1,29/03/2015,1,22:41,204,E08000035,E08000035,6,0,6,30.0,3,4,6,0,0,0,1,1,1,0,0,1,2,2,E01011681
6555,20151323U0260,2015,1323U0260,1,1,3,2,22,5,3,5,1,0,0,0,0,1,-1,2015,1323U0260,426034.0,439482.0,-1.605742,53.850925,13,3,1,1,30/03/2015,2,09:00,204,E08000035,E08000035,6,0,6,30.0,0,-1,-1,-1,0,0,1,1,1,0,0,1,2,2,E01011388
6556,20151323U0437,2015,1323U0437,2,1,1,1,20,4,3,0,0,0,0,0,1,1,-1,2015,1323U0437,431042.0,436500.0,-1.529918,53.82385,13,3,2,1,30/03/2015,2,11:00,204,E08000035,E08000035,6,0,6,30.0,0,-1,-1,-1,0,0,1,1,1,0,0,1,2,2,E01011356
6557,20151323U0452,2015,1323U0452,2,1,1,1,25,5,3,0,0,0,0,0,19,2,-1,2015,1323U0452,444763.0,432446.0,-1.322081,53.786418,13,3,2,1,30/03/2015,2,11:10,204,E08000035,E08000035,2,1,3,70.0,0,-1,-1,-1,0,0,1,1,1,0,0,2,1,1,E01011297
6558,20151323U1433,2015,1323U1433,2,1,1,1,56,9,3,0,0,0,0,0,1,1,-1,2015,1323U1433,428014.0,435482.0,-1.576008,53.814872,13,3,2,1,30/03/2015,2,18:25,204,E08000035,E08000035,6,0,6,30.0,3,4,6,0,0,0,1,2,2,0,0,1,2,2,E01011442
6559,20151323V0060,2015,1323V0060,1,1,2,1,47,8,3,0,0,2,0,0,9,1,-1,2015,1323V0060,432175.0,435631.0,-1.512797,53.815971,13,3,2,4,31/03/2015,3,01:04,204,E08000035,E08000035,6,0,6,30.0,0,-1,-1,-1,0,0,4,5,2,0,0,1,1,2,E01011427
6560,20151323V0060,2015,1323V0060,1,2,2,1,23,5,3,0,0,2,0,0,9,1,-1,2015,1323V0060,432175.0,435631.0,-1.512797,53.815971,13,3,2,4,31/03/2015,3,01:04,204,E08000035,E08000035,6,0,6,30.0,0,-1,-1,-1,0,0,4,5,2,0,0,1,1,2,E01011427
6561,20151323V0060,2015,1323V0060,1,3,2,1,15,3,3,0,0,2,0,0,9,1,-1,2015,1323V0060,432175.0,435631.0,-1.512797,53.815971,13,3,2,4,31/03/2015,3,01:04,204,E08000035,E08000035,6,0,6,30.0,0,-1,-1,-1,0,0,4,5,2,0,0,1,1,2,E01011427
6562,20151323V0060,2015,1323V0060,1,4,2,1,18,4,3,0,0,2,0,0,9,1,-1,2015,1323V0060,432175.0,435631.0,-1.512797,53.815971,13,3,2,4,31/03/2015,3,01:04,204,E08000035,E08000035,6,0,6,30.0,0,-1,-1,-1,0,0,4,5,2,0,0,1,1,2,E01011427
6563,20151323V0122,2015,1323V0122,1,1,1,2,41,7,3,0,0,0,0,0,9,1,-1,2015,1323V0122,432021.0,435878.0,-1.515111,53.8182,13,3,1,2,31/03/2015,3,02:24,204,E08000035,E08000035,3,58,3,40.0,3,2,3,58,0,5,4,5,2,0,0,1,1,2,E01011647
6564,20151323V0122,2015,1323V0122,1,2,2,1,39,7,3,0,0,1,0,0,9,1,-1,2015,1323V0122,432021.0,435878.0,-1.515111,53.8182,13,3,1,2,31/03/2015,3,02:24,204,E08000035,E08000035,3,58,3,40.0,3,2,3,58,0,5,4,5,2,0,0,1,1,2,E01011647
6565,20151323V0433,2015,1323V0433,1,1,1,1,31,6,3,0,0,0,0,0,1,1,-1,2015,1323V0433,430868.0,436344.0,-1.532577,53.822458,13,3,2,1,30/03/2015,2,21:20,204,E08000035,E08000035,6,0,6,30.0,3,4,6,0,0,0,4,2,2,0,0,1,2,2,E01011356
6566,20151323V0449,2015,1323V0449,1,1,1,2,23,5,3,0,0,0,0,0,1,1,-1,2015,1323V0449,430954.0,435909.0,-1.531314,53.818543,13,3,2,1,10/03/2015,3,08:30,204,E08000035,E08000035,6,0,6,30.0,9,4,6,0,0,0,1,1,1,0,0,1,2,2,E01011356
6567,20151323V1162,2015,1323V1162,1,1,3,1,39,7,3,10,1,0,0,0,0,1,-1,2015,1323V1162,430113.0,434139.0,-1.54426,53.802684,13,3,1,1,31/03/2015,3,12:00,204,E08000035,E08000035,6,0,6,30.0,0,-1,-1,-1,0,0,1,1,1,0,0,1,2,2,E01033010
6568,20151323V1374,2015,1323V1374,1,1,3,1,54,8,2,9,9,0,0,0,0,1,-1,2015,1323V1374,420537.0,441180.0,-1.689187,53.866431,13,2,2,1,31/03/2015,3,19:35,204,E08000035,E08000035,6,0,6,30.0,0,-1,-1,-1,0,0,1,4,2,0,0,1,1,2,E01011269
6569,20151323V1543,2015,1323V1543,2,1,1,1,32,6,3,0,0,0,0,0,9,1,-1,2015,1323V1543,432672.0,436912.0,-1.505114,53.827453,13,3,2,1,31/03/2015,3,20:10,204,E08000035,E08000035,6,0,6,30.0,7,4,6,0,0,4,4,2,2,0,0,1,1,2,E01011645
6570,2015132410244,2015,132410244,1,1,3,1,29,6,2,5,1,0,0,0,0,1,-1,2015,132410244,428947.0,431095.0,-1.562248,53.775392,13,2,1,1,01/04/2015,4,08:37,204,E08000035,E08000035,6,0,6,30.0,0,-1,-1,-1,0,0,1,2,2,0,0,1,1,2,E01011370
6571,2015132410297,2015,132410297,1,1,1,2,27,6,3,0,0,0,0,0,9,1,-1,2015,132410297,430954.0,435909.0,-1.531314,53.818543,13,3,2,1,01/04/2015,4,09:18,204,E08000035,E08000035,6,0,6,30.0,0,-1,-1,-1,0,0,1,1,1,0,0,1,1,2,E01011356
6572,2015132410323,2015,132410323,2,1,1,2,19,4,3,0,0,0,0,0,9,1,-1,2015,132410323,429939.0,427156.0,-1.547577,53.739933,13,3,2,1,01/04/2015,4,07:20,204,E08000035,E08000035,6,0,6,30.0,0,-1,-1,-1,0,0,1,1,1,0,0,1,2,2,E01011492
6573,2015132410505,2015,132410505,1,1,1,2,36,7,3,0,0,0,0,0,9,3,-1,2015,132410505,440579.0,426178.0,-1.386402,53.730426,13,3,1,3,01/04/2015,4,11:50,204,E08000035,E08000035,3,639,6,60.0,0,-1,-1,-1,0,0,1,4,1,0,0,2,1,2,E01011395
6574,2015132410505,2015,132410505,1,2,2,1,6,2,3,0,0,2,0,0,9,3,-1,2015,132410505,440579.0,426178.0,-1.386402,53.730426,13,3,1,3,01/04/2015,4,11:50,204,E08000035,E08000035,3,639,6,60.0,0,-1,-1,-1,0,0,1,4,1,0,0,2,1,2,E01011395
6575,2015132410505,2015,132410505,1,3,2,1,3,1,3,0,0,2,0,0,9,3,-1,2015,132410505,440579.0,426178.0,-1.386402,53.730426,13,3,1,3,01/04/2015,4,11:50,204,E08000035,E08000035,3,639,6,60.0,0,-1,-1,-1,0,0,1,4,1,0,0,2,1,2,E01011395
6576,2015132410581,2015,132410581,1,1,3,2,75,10,2,1,1,0,0,0,0,-1,-1,2015,132410581,423426.0,437612.0,-1.645527,53.834241,13,2,1,1,01/04/2015,4,12:29,204,E08000035,E08000035,6,0,6,30.0,3,2,4,6120,0,4,1,1,1,0,0,1,1,2,E01011465
6577,2015132410639,2015,132410639,2,1,1,1,25,5,3,0,0,0,0,0,9,1,-1,2015,132410639,422974.0,443050.0,-1.65199,53.883137,13,3,3,2,01/04/2015,4,13:11,204,E08000035,E08000035,3,658,6,40.0,6,2,6,0,0,0,1,2,2,0,0,2,1,2,E01032503
6578,2015132410639,2015,132410639,3,2,1,1,19,4,3,0,0,0,0,0,9,1,-1,2015,132410639,422974.0,443050.0,-1.65199,53.883137,13,3,3,2,01/04/2015,4,13:11,204,E08000035,E08000035,3,658,6,40.0,6,2,6,0,0,0,1,2,2,0,0,2,1,2,E01032503
6579,2015132411078,2015,132411078,2,1,1,1,65,9,3,0,0,0,0,0,9,1,-1,2015,132411078,426560.0,437636.0,-1.597905,53.834307,13,3,2,1,01/04/2015,4,17:10,204,E08000035,E08000035,6,0,6,30.0,6,4,6,0,0,0,1,1,1,3,0,1,1,2,E01011687
6580,2015132411225,2015,132411225,1,2,2,1,8,2,3,0,0,2,0,0,9,2,-1,2015,132411225,433313.0,426326.0,-1.496515,53.732269,13,3,2,2,01/04/2015,4,18:29,204,E08000035,E08000035,6,0,6,30.0,6,4,6,0,0,0,1,2,2,0,0,1,1,2,E01011500
6581,2015132411225,2015,132411225,2,1,1,1,44,7,3,0,0,0,0,0,9,1,-1,2015,132411225,433313.0,426326.0,-1.496515,53.732269,13,3,2,2,01/04/2015,4,18:29,204,E08000035,E08000035,6,0,6,30.0,6,4,6,0,0,0,1,2,2,0,0,1,1,2,E01011500
6582,2015132411393,2015,132411393,2,1,1,1,24,5,3,0,0,0,0,0,9,1,-1,2015,132411393,431402.0,435029.0,-1.524599,53.810607,13,3,3,2,01/04/2015,4,20:05,204,E08000035,E08000035,6,0,6,30.0,6,2,6,0,0,0,4,1,2,0,0,1,1,2,E01011673
6583,2015132411393,2015,132411393,3,2,1,1,25,5,3,0,0,0,0,0,9,1,-1,2015,132411393,431402.0,435029.0,-1.524599,53.810607,13,3,3,2,01/04/2015,4,20:05,204,E08000035,E08000035,6,0,6,30.0,6,2,6,0,0,0,4,1,2,0,0,1,1,2,E01011673
6584,2015132420258,2015,132420258,2,1,1,1,34,6,3,0,0,0,0,0,1,3,-1,2015,132420258,432060.0,435967.0,-1.514509,53.818998,13,3,2,1,02/04/2015,5,08:30,204,E08000035,E08000035,6,0,3,30.0,3,4,6,0,0,5,1,1,1,0,0,1,1,2,E01011647
6585,2015132420283,2015,132420283,1,1,3,2,20,4,3,5,3,0,0,0,0,-1,-1,2015,132420283,427505.0,435442.0,-1.583741,53.814539,13,3,1,1,02/04/2015,5,08:48,204,E08000035,E08000035,6,0,6,20.0,3,4,6,0,0,0,1,1,1,0,0,1,1,2,E01011480
6586,2015132420907,2015,132420907,2,1,1,1,22,5,3,0,0,0,0,0,1,1,-1,2015,132420907,433387.0,436914.0,-1.494251,53.827426,13,3,2,1,01/04/2015,4,17:30,204,E08000035,E08000035,6,0,6,30.0,3,4,6,0,0,0,1,1,1,0,0,1,2,2,E01011643
6587,2015132421224,2015,132421224,2,1,1,1,29,6,3,0,0,0,0,0,1,1,-1,2015,132421224,430849.0,434069.0,-1.533092,53.802012,13,3,2,1,02/04/2015,5,16:45,204,E08000035,E08000035,6,0,6,30.0,8,4,6,0,0,0,1,1,1,0,0,1,2,2,E01033031
6588,2015132421638,2015,132421638,2,1,1,1,38,7,3,0,0,0,0,0,1,1,-1,2015,132421638,423192.0,434656.0,-1.649304,53.807684,13,3,2,1,02/04/2015,5,20:30,204,E08000035,E08000035,6,0,6,30.0,6,2,4,6157,0,0,4,1,1,0,0,1,1,2,E01011337
6589,2015132421679,2015,132421679,1,1,3,1,48,8,2,5,1,0,0,0,0,-1,-1,2015,132421679,431916.0,435768.0,-1.516717,53.817218,13,2,1,1,02/04/2015,5,21:00,204,E08000035,E08000035,3,58,6,30.0,0,-1,-1,-1,0,0,4,1,1,0,0,1,1,2,E01011422
6590,2015132430623,2015,132430623,2,1,1,1,37,7,3,0,0,0,0,0,9,1,-1,2015,132430623,432139.0,435308.0,-1.513378,53.81307,13,3,2,1,03/04/2015,6,12:36,204,E08000035,E08000035,4,6159,6,30.0,0,-1,-1,-1,0,0,1,1,2,0,0,1,2,2,E01011432
6591,2015132441311,2015,132441311,2,1,1,1,44,7,3,0,0,0,0,0,9,1,-1,2015,132441311,430801.0,435344.0,-1.533694,53.813474,13,3,2,1,04/04/2015,7,19:10,204,E08000035,E08000035,6,0,6,30.0,6,4,6,0,0,0,1,1,1,0,0,1,1,2,E01011360
6592,2015132441585,2015,132441585,1,1,1,1,25,5,3,0,0,0,0,0,9,1,-1,2015,132441585,430486.0,437095.0,-1.538305,53.82923,13,2,3,4,04/04/2015,7,21:29,204,E08000035,E08000035,6,0,6,30.0,3,4,6,0,0,0,4,1,1,0,0,1,1,2,E01011352
6593,2015132441585,2015,132441585,2,2,1,2,20,4,3,0,0,0,0,0,9,1,-1,2015,132441585,430486.0,437095.0,-1.538305,53.82923,13,2,3,4,04/04/2015,7,21:29,204,E08000035,E08000035,6,0,6,30.0,3,4,6,0,0,0,4,1,1,0,0,1,1,2,E01011352
6594,2015132441585,2015,132441585,2,3,2,2,20,4,3,0,0,1,0,0,9,-1,-1,2015,132441585,430486.0,437095.0,-1.538305,53.82923,13,2,3,4,04/04/2015,7,21:29,204,E08000035,E08000035,6,0,6,30.0,3,4,6,0,0,0,4,1,1,0,0,1,1,2,E01011352
6595,2015132441585,2015,132441585,2,4,3,2,46,8,2,6,9,0,0,0,0,-1,-1,2015,132441585,430486.0,437095.0,-1.538305,53.82923,13,2,3,4,04/04/2015,7,21:29,204,E08000035,E08000035,6,0,6,30.0,3,4,6,0,0,0,4,1,1,0,0,1,1,2,E01011352
6596,2015132450446,2015,132450446,1,1,1,1,44,7,3,0,0,0,0,0,1,1,-1,2015,132450446,426807.0,438051.0,-1.594116,53.838024,13,3,2,1,05/04/2015,1,09:15,204,E08000035,E08000035,3,660,1,40.0,1,4,3,6120,0,0,1,1,1,0,0,1,1,2,E01011687
6597,2015132450877,2015,132450877,1,1,3,1,29,6,3,10,9,0,0,0,0,1,-1,2015,132450877,430333.0,433353.0,-1.540997,53.795607,13,3,1,1,05/04/2015,1,03:00,204,E08000035,E08000035,6,0,2,30.0,0,-1,-1,-1,0,0,7,1,2,0,0,1,2,2,E01033010
6598,2015132460843,2015,132460843,2,1,2,1,4,1,3,0,0,2,0,0,9,-1,-1,2015,132460843,436044.0,436625.0,-1.45392,53.824652,13,3,3,1,06/04/2015,2,14:35,204,E08000035,E08000035,3,64,3,40.0,0,-1,-1,-1,0,0,1,1,1,0,0,1,1,2,E01011720
6599,2015132460974,2015,132460974,1,1,3,2,26,6,3,9,5,0,0,0,0,1,-1,2015,132460974,430667.0,433033.0,-1.535958,53.792712,13,3,1,1,06/04/2015,2,15:45,204,E08000035,E08000035,3,653,6,30.0,3,4,6,0,0,0,1,1,1,0,0,1,1,2,E01033019
6600,2015132460978,2015,132460978,1,1,1,1,66,10,3,0,0,0,0,0,9,1,-1,2015,132460978,442804.0,430043.0,-1.352145,53.764985,13,3,2,5,06/04/2015,2,15:00,204,E08000035,E08000035,3,656,6,50.0,8,4,6,0,0,0,1,1,1,0,0,2,2,2,E01011303
6601,2015132460978,2015,132460978,1,2,2,2,69,10,3,0,0,1,0,0,9,1,-1,2015,132460978,442804.0,430043.0,-1.352145,53.764985,13,3,2,5,06/04/2015,2,15:00,204,E08000035,E08000035,3,656,6,50.0,8,4,6,0,0,0,1,1,1,0,0,2,2,2,E01011303
6602,2015132460978,2015,132460978,1,3,2,1,32,6,3,0,0,2,0,0,9,1,-1,2015,132460978,442804.0,430043.0,-1.352145,53.764985,13,3,2,5,06/04/2015,2,15:00,204,E08000035,E08000035,3,656,6,50.0,8,4,6,0,0,0,1,1,1,0,0,2,2,2,E01011303
6603,2015132460978,2015,132460978,1,4,2,2,7,2,3,0,0,2,0,0,9,1,-1,2015,132460978,442804.0,430043.0,-1.352145,53.764985,13,3,2,5,06/04/2015,2,15:00,204,E08000035,E08000035,3,656,6,50.0,8,4,6,0,0,0,1,1,1,0,0,2,2,2,E01011303
6604,2015132460978,2015,132460978,1,5,2,2,27,6,3,0,0,2,0,0,9,1,-1,2015,132460978,442804.0,430043.0,-1.352145,53.764985,13,3,2,5,06/04/2015,2,15:00,204,E08000035,E08000035,3,656,6,50.0,8,4,6,0,0,0,1,1,1,0,0,2,2,2,E01011303
6605,2015132461335,2015,132461335,1,1,1,1,19,4,3,0,0,0,0,0,9,1,-1,2015,132461335,435316.0,433760.0,-1.465307,53.798952,13,3,3,2,06/04/2015,2,19:04,204,E08000035,E08000035,6,0,6,30.0,8,4,6,0,0,0,1,1,1,0,0,1,1,2,E01011417
6606,2015132461335,2015,132461335,3,2,2,2,48,8,3,0,0,1,0,0,9,1,-1,2015,132461335,435316.0,433760.0,-1.465307,53.798952,13,3,3,2,06/04/2015,2,19:04,204,E08000035,E08000035,6,0,6,30.0,8,4,6,0,0,0,1,1,1,0,0,1,1,2,E01011417
6607,2015132461649,2015,132461649,1,1,1,1,18,4,3,0,0,0,0,0,9,1,-1,2015,132461649,433143.0,436137.0,-1.498041,53.820458,13,3,2,1,06/04/2015,2,20:35,204,E08000035,E08000035,6,0,3,30.0,0,-1,-1,-1,0,0,1,1,1,0,0,1,2,2,E01011648
6608,2015132461835,2015,132461835,2,1,1,1,40,7,3,0,0,0,0,0,9,1,-1,2015,132461835,431328.0,435459.0,-1.525679,53.814477,13,3,2,2,06/04/2015,2,23:35,204,E08000035,E08000035,6,0,6,30.0,3,4,6,0,0,0,4,1,1,0,0,1,1,2,E01011361
6609,2015132461835,2015,132461835,2,2,2,1,34,6,3,0,0,1,0,0,9,1,-1,2015,132461835,431328.0,435459.0,-1.525679,53.814477,13,3,2,2,06/04/2015,2,23:35,204,E08000035,E08000035,6,0,6,30.0,3,4,6,0,0,0,4,1,1,0,0,1,1,2,E01011361
6610,2015132470212,2015,132470212,1,1,1,1,74,10,3,0,0,0,0,0,10,1,-1,2015,132470212,428477.0,440937.0,-1.568472,53.863874,13,2,3,5,07/04/2015,3,06:50,204,E08000035,E08000035,6,0,6,60.0,0,-1,-1,-1,0,0,1,1,1,0,0,2,1,2,E01011554
6611,2015132470212,2015,132470212,1,2,2,1,63,9,2,0,0,2,0,0,10,1,-1,2015,132470212,428477.0,440937.0,-1.568472,53.863874,13,2,3,5,07/04/2015,3,06:50,204,E08000035,E08000035,6,0,6,60.0,0,-1,-1,-1,0,0,1,1,1,0,0,2,1,2,E01011554
6612,2015132470212,2015,132470212,1,3,2,2,69,10,3,0,0,2,0,0,10,1,-1,2015,132470212,428477.0,440937.0,-1.568472,53.863874,13,2,3,5,07/04/2015,3,06:50,204,E08000035,E08000035,6,0,6,60.0,0,-1,-1,-1,0,0,1,1,1,0,0,2,1,2,E01011554
6613,2015132470212,2015,132470212,2,4,1,1,72,10,3,0,0,0,0,0,9,1,-1,2015,132470212,428477.0,440937.0,-1.568472,53.863874,13,2,3,5,07/04/2015,3,06:50,204,E08000035,E08000035,6,0,6,60.0,0,-1,-1,-1,0,0,1,1,1,0,0,2,1,2,E01011554
6614,2015132470212,2015,132470212,2,5,2,2,70,10,3,0,0,1,0,0,9,1,-1,2015,132470212,428477.0,440937.0,-1.568472,53.863874,13,2,3,5,07/04/2015,3,06:50,204,E08000035,E08000035,6,0,6,60.0,0,-1,-1,-1,0,0,1,1,1,0,0,2,1,2,E01011554
6615,2015132470236,2015,132470236,2,1,1,2,49,8,3,0,0,0,0,0,19,1,-1,2015,132470236,431541.0,425123.0,-1.523496,53.721567,13,3,4,1,07/05/2015,5,07:35,204,E08000035,E08000035,1,1,3,70.0,0,-1,-1,-1,0,0,1,1,1,0,0,2,1,1,E01011551
6616,2015132470302,2015,132470302,2,1,1,2,25,5,3,0,0,0,0,0,9,1,-1,2015,132470302,428408.0,428707.0,-1.570645,53.753958,13,3,3,1,07/04/2015,3,08:50,204,E08000035,E08000035,3,653,1,70.0,1,4,6,0,0,0,1,1,1,0,0,2,1,2,E01011531
6617,2015132471090,2015,132471090,1,1,3,2,20,4,3,1,1,0,0,0,0,-1,-1,2015,132471090,428333.0,429426.0,-1.571717,53.760425,13,3,1,1,07/04/2015,3,15:45,204,E08000035,E08000035,6,0,6,20.0,0,-1,-1,-1,0,1,1,1,1,0,0,1,1,2,E01011531
6618,2015132471402,2015,132471402,1,1,2,1,55,8,3,0,0,0,4,0,11,1,-1,2015,132471402,420360.0,434249.0,-1.692335,53.804144,13,3,1,1,07/04/2015,3,17:10,204,E08000035,E08000035,3,647,3,30.0,1,4,4,6154,0,0,1,1,1,4,0,1,2,2,E01011595
6619,2015132480598,2015,132480598,2,1,1,1,32,6,3,0,0,0,0,0,1,1,-1,2015,132480598,431430.0,435108.0,-1.524165,53.811316,13,3,2,1,08/04/2015,4,12:26,204,E08000035,E08000035,3,58,6,30.0,3,4,6,0,0,4,1,1,1,0,0,1,1,2,E01011429
6620,2015132480749,2015,132480749,1,1,1,2,18,4,2,0,0,0,0,0,9,1,-1,2015,132480749,434883.0,431172.0,-1.472172,53.775721,13,2,3,2,08/04/2015,4,13:52,204,E08000035,E08000035,1,1,3,70.0,0,-1,-1,-1,0,0,1,1,1,0,0,2,1,1,E01011624
6621,2015132480749,2015,132480749,2,2,1,2,52,8,3,0,0,0,0,0,9,1,-1,2015,132480749,434883.0,431172.0,-1.472172,53.775721,13,2,3,2,08/04/2015,4,13:52,204,E08000035,E08000035,1,1,3,70.0,0,-1,-1,-1,0,0,1,1,1,0,0,2,1,1,E01011624
6622,2015132480885,2015,132480885,1,1,1,1,76,11,3,0,0,0,0,0,4,1,-1,2015,132480885,441176.0,448799.0,-1.374332,53.933683,13,3,1,1,08/04/2015,4,14:50,204,E08000035,E08000035,3,168,6,40.0,1,4,6,0,0,0,1,1,1,0,0,1,1,2,E01011700