,accident_index,accident_year_x,accident_reference_x,vehicle_reference,casualty_reference,casualty_class,sex_of_casualty,age_of_casualty,age_band_of_casualty,casualty_severity,pedestrian_location,pedestrian_movement,car_passenger,bus_or_coach_passenger,pedestrian_road_maintenance_worker,casualty_type,casualty_home_area_type,casualty_imd_decile,accident_year_y,accident_reference_y,location_easting_osgr,location_northing_osgr,longitude,latitude,police_force,accident_severity,number_of_vehicles,number_of_casualties,date,day_of_week,time,local_authority_district,local_authority_ons_district,local_authority_highway,first_road_class,first_road_number,road_type,speed_limit,junction_detail,junction_control,second_road_class,second_road_number,pedestrian_crossing_human_control,pedestrian_crossing_physical_facilities,light_conditions,weather_conditions,road_surface_conditions,special_conditions_at_site,carriageway_hazards,urban_or_rural_area,did_police_officer_attend_scene_of_accident,trunk_road_flag,lsoa_of_accident_location
6623,2015132481294,2015,132481294,1,1,1,1,31,6,3,0,0,0,0,0,1,1,-1,2015,132481294,428376.0,434061.0,-1.57064,53.802081,13,3,2,1,08/04/2015,4,08:00,204,E08000035,E08000035,3,65,3,30.0,3,4,6,0,0,0,1,1,1,0,0,1,2,2,E01011681
6624,2015132481330,2015,132481330,1,1,1,1,28,6,2,0,0,0,0,0,3,1,-1,2015,132481330,427964.0,435659.0,-1.576751,53.816465,13,2,2,1,08/04/2015,4,18:14,204,E08000035,E08000035,6,0,6,30.0,8,4,6,0,0,0,1,1,1,0,0,1,1,2,E01011442
6625,2015132481683,2015,132481683,1,1,1,1,43,7,3,0,0,0,0,0,5,1,-1,2015,132481683,439524.0,426178.0,-1.402392,53.730507,13,3,1,1,08/04/2015,4,20:50,204,E08000035,E08000035,3,639,6,40.0,0,-1,-1,-1,0,0,4,1,1,0,0,2,1,2,E01011395
6626,2015132491283,2015,132491283,1,1,2,2,26,6,3,0,0,1,0,0,9,1,-1,2015,132491283,424390.0,428121.0,-1.631627,53.748894,13,3,2,1,09/04/2015,5,18:30,204,E08000035,E08000035,3,650,6,40.0,0,-1,-1,-1,0,0,1,1,1,0,0,1,2,2,E01011523
6627,20151324A1196,2015,1324A1196,1,1,1,2,48,8,3,0,0,0,0,0,4,3,-1,2015,1324A1196,443052.0,445597.0,-1.34621,53.904754,13,3,1,1,10/04/2015,6,17:24,204,E08000035,E08000035,6,0,6,30.0,3,4,6,0,0,0,1,1,1,5,0,2,1,2,E01011711
6628,20151324A1424,2015,1324A1424,1,1,1,1,41,7,2,0,0,0,0,0,9,-1,-1,2015,1324A1424,421067.0,434231.0,-1.681601,53.803954,13,2,1,1,10/04/2015,6,19:00,204,E08000035,E08000035,3,647,3,70.0,0,-1,-1,-1,0,0,1,1,1,0,0,1,1,2,E01011599
6629,20151324A1503,2015,1324A1503,2,1,1,1,58,9,3,0,0,0,0,0,4,1,-1,2015,1324A1503,425962.0,434813.0,-1.607228,53.808965,13,3,2,1,10/04/2015,6,19:37,204,E08000035,E08000035,6,0,6,30.0,0,-1,-1,-1,0,0,1,1,1,0,0,1,2,2,E01011281
6630,20151324A1627,2015,1324A1627,1,1,3,1,35,6,3,5,2,0,0,0,0,1,-1,2015,1324A1627,433797.0,434675.0,-1.488268,53.807276,13,3,1,1,10/04/2015,6,20:43,204,E08000035,E08000035,6,0,6,30.0,0,-1,-1,-1,0,0,4,1,1,0,0,1,1,2,E01011346
6631,20151324B0116,2015,1324B0116,1,1,2,2,18,4,3,0,0,2,0,0,8,1,-1,2015,1324B0116,430033.0,431028.0,-1.545777,53.774728,13,3,2,2,11/04/2015,7,01:21,204,E08000035,E08000035,3,653,2,30.0,6,4,6,0,0,0,4,1,1,0,0,1,1,2,E01011312
6632,20151324B0116,2015,1324B0116,1,2,2,1,33,6,3,0,0,2,0,0,8,1,-1,2015,1324B0116,430033.0,431028.0,-1.545777,53.774728,13,3,2,2,11/04/2015,7,01:21,204,E08000035,E08000035,3,653,2,30.0,6,4,6,0,0,0,4,1,1,0,0,1,1,2,E01011312
6633,20151324B0407,2015,1324B0407,1,1,1,1,38,7,3,0,0,0,0,0,1,1,-1,2015,1324B0407,430715.0,433742.0,-1.535159,53.799081,13,3,2,1,10/04/2015,6,12:40,204,E08000035,E08000035,3,61,3,30.0,0,-1,-1,-1,0,0,1,1,1,0,0,1,2,2,E01033011
6634,20151324B0765,2015,1324B0765,1,1,1,2,23,5,3,0,0,0,0,0,9,1,-1,2015,1324B0765,428111.0,435240.0,-1.574556,53.812691,13,3,2,1,11/04/2015,7,14:10,204,E08000035,E08000035,6,0,6,30.0,0,-1,-1,-1,0,0,1,1,1,0,0,1,1,2,E01011446
6635,20151324C0720,2015,1324C0720,1,1,1,2,23,5,3,0,0,0,0,0,9,1,-1,2015,1324C0720,440671.0,446022.0,-1.382391,53.908765,13,3,1,1,12/04/2015,1,13:20,204,E08000035,E08000035,2,1,3,70.0,0,-1,-1,-1,0,0,1,5,2,0,0,2,1,1,E01011707
6636,20151324D0142,2015,1324D0142,1,1,1,1,37,7,3,0,0,0,0,0,8,1,-1,2015,1324D0142,435790.0,436358.0,-1.45781,53.822269,13,3,2,2,13/04/2015,2,06:10,204,E08000035,E08000035,6,0,7,30.0,1,4,3,64,0,0,1,1,1,0,0,1,1,2,E01011661
6637,20151324D0142,2015,1324D0142,2,2,1,1,38,7,3,0,0,0,0,0,9,2,-1,2015,1324D0142,435790.0,436358.0,-1.45781,53.822269,13,3,2,2,13/04/2015,2,06:10,204,E08000035,E08000035,6,0,7,30.0,1,4,3,64,0,0,1,1,1,0,0,1,1,2,E01011661
6638,20151324D0548,2015,1324D0548,1,1,1,2,82,11,3,0,0,0,0,0,9,1,-1,2015,1324D0548,429653.0,438791.0,-1.550797,53.844521,13,3,2,2,13/04/2015,2,12:15,204,E08000035,E08000035,3,6120,3,70.0,0,-1,-1,-1,0,0,1,1,1,0,0,1,1,2,E01011559
6639,20151324D0548,2015,1324D0548,2,2,1,2,23,5,3,0,0,0,0,0,9,-1,-1,2015,1324D0548,429653.0,438791.0,-1.550797,53.844521,13,3,2,2,13/04/2015,2,12:15,204,E08000035,E08000035,3,6120,3,70.0,0,-1,-1,-1,0,0,1,1,1,0,0,1,1,2,E01011559
6640,20151324D1285,2015,1324D1285,2,1,1,1,58,9,2,0,0,0,0,0,1,1,-1,2015,1324D1285,418050.0,442626.0,-1.72692,53.879519,13,2,2,1,13/04/2015,2,18:40,204,E08000035,E08000035,3,65,6,30.0,0,-1,-1,-1,0,0,1,1,1,0,0,1,1,2,E01011280
6641,20151324E0244,2015,1324E0244,1,1,1,1,26,6,3,0,0,0,0,0,19,1,-1,2015,1324E0244,422811.0,437414.0,-1.654886,53.832489,13,3,4,4,14/04/2015,3,08:25,204,E08000035,E08000035,3,6120,6,40.0,0,-1,-1,-1,0,0,1,1,1,0,0,2,1,2,E01011452
6642,20151324E0244,2015,1324E0244,2,2,1,1,44,7,3,0,0,0,0,0,9,1,-1,2015,1324E0244,422811.0,437414.0,-1.654886,53.832489,13,3,4,4,14/04/2015,3,08:25,204,E08000035,E08000035,3,6120,6,40.0,0,-1,-1,-1,0,0,1,1,1,0,0,2,1,2,E01011452
6643,20151324E0244,2015,1324E0244,3,3,1,2,44,7,3,0,0,0,0,0,9,1,-1,2015,1324E0244,422811.0,437414.0,-1.654886,53.832489,13,3,4,4,14/04/2015,3,08:25,204,E08000035,E08000035,3,6120,6,40.0,0,-1,-1,-1,0,0,1,1,1,0,0,2,1,2,E01011452
6644,20151324E0244,2015,1324E0244,4,4,1,2,47,8,3,0,0,0,0,0,9,2,-1,2015,1324E0244,422811.0,437414.0,-1.654886,53.832489,13,3,4,4,14/04/2015,3,08:25,204,E08000035,E08000035,3,6120,6,40.0,0,-1,-1,-1,0,0,1,1,1,0,0,2,1,2,E01011452
6645,20151324E0669,2015,1324E0669,1,2,1,1,78,11,3,0,0,0,0,0,19,1,-1,2015,1324E0669,420804.0,439746.0,-1.685223,53.853532,13,3,3,2,14/04/2015,3,13:30,204,E08000035,E08000035,3,65,6,40.0,0,-1,-1,-1,0,0,1,1,1,0,0,1,1,2,E01011278
6646,20151324E0669,2015,1324E0669,2,1,1,2,57,9,3,0,0,0,0,0,9,1,-1,2015,1324E0669,420804.0,439746.0,-1.685223,53.853532,13,3,3,2,14/04/2015,3,13:30,204,E08000035,E08000035,3,65,6,40.0,0,-1,-1,-1,0,0,1,1,1,0,0,1,1,2,E01011278
6647,20151324E1093,2015,1324E1093,2,1,2,1,9,2,3,0,0,2,0,0,9,1,-1,2015,1324E1093,427019.0,433118.0,-1.591326,53.793677,13,3,2,1,14/04/2015,3,17:10,204,E08000035,E08000035,6,0,6,20.0,3,4,4,6154,0,0,1,1,1,0,0,1,1,2,E01011292
6648,20151324E1213,2015,1324E1213,1,1,1,2,25,5,3,0,0,0,0,0,9,1,-1,2015,1324E1213,433867.0,436536.0,-1.487001,53.823998,13,3,2,2,14/04/2015,3,18:10,204,E08000035,E08000035,3,58,3,40.0,0,-1,-1,-1,0,4,1,1,1,0,0,1,1,2,E01011646
6649,20151324E1213,2015,1324E1213,2,2,1,1,33,6,3,0,0,0,0,0,9,1,-1,2015,1324E1213,433867.0,436536.0,-1.487001,53.823998,13,3,2,2,14/04/2015,3,18:10,204,E08000035,E08000035,3,58,3,40.0,0,-1,-1,-1,0,4,1,1,1,0,0,1,1,2,E01011646
6650,20151324F0250,2015,1324F0250,2,1,1,2,42,7,3,0,0,0,0,0,9,-1,-1,2015,1324F0250,430550.0,431104.0,-1.537925,53.775381,13,3,2,1,15/04/2015,4,08:41,204,E08000035,E08000035,3,61,1,40.0,1,4,6,0,0,0,1,1,1,0,0,1,1,2,E01011468
6651,20151324F0417,2015,1324F0417,2,1,1,1,25,5,3,0,0,0,0,0,1,-1,-1,2015,1324F0417,432713.0,438564.0,-1.504315,53.842298,13,3,2,1,15/04/2015,4,10:53,204,E08000035,E08000035,6,0,6,30.0,3,4,6,0,0,0,1,1,1,0,0,1,1,2,E01011653
6652,20151324F1130,2015,1324F1130,1,1,1,2,37,7,3,0,0,0,0,0,9,1,-1,2015,1324F1130,423698.0,442160.0,-1.641044,53.875105,13,3,1,1,15/04/2015,4,17:31,204,E08000035,E08000035,6,0,6,60.0,0,-1,-1,-1,0,0,1,1,1,0,0,2,1,2,E01032503
6653,20151324G0374,2015,1324G0374,2,1,2,2,20,4,3,0,0,1,0,0,9,-1,-1,2015,1324G0374,430397.0,437894.0,-1.539578,53.836416,13,3,2,1,15/04/2015,4,10:00,204,E08000035,E08000035,6,0,6,30.0,3,4,6,0,0,0,1,1,1,0,0,1,1,2,E01011515
6654,20151324G0531,2015,1324G0531,2,1,1,1,27,6,3,0,0,0,0,0,9,1,-1,2015,1324G0531,428067.0,431126.0,-1.575598,53.775718,13,3,3,2,16/04/2015,5,11:38,204,E08000035,E08000035,3,643,6,30.0,6,2,6,0,0,0,1,1,1,0,0,1,1,2,E01011369
6655,20151324G0531,2015,1324G0531,2,2,2,1,30,6,3,0,0,1,0,0,9,1,-1,2015,1324G0531,428067.0,431126.0,-1.575598,53.775718,13,3,3,2,16/04/2015,5,11:38,204,E08000035,E08000035,3,643,6,30.0,6,2,6,0,0,0,1,1,1,0,0,1,1,2,E01011369
6656,20151324G0760,2015,1324G0760,2,1,1,2,51,8,3,0,0,0,0,0,1,1,-1,2015,1324G0760,434791.0,437966.0,-1.472803,53.836789,13,3,2,1,16/04/2015,5,13:58,204,E08000035,E08000035,3,58,6,30.0,1,4,3,6120,0,0,1,1,1,0,0,2,1,2,E01011650
6657,20151324G0886,2015,1324G0886,1,1,1,2,47,8,3,0,0,0,0,0,9,-1,-1,2015,1324G0886,424393.0,445320.0,-1.630223,53.903474,13,3,2,1,16/04/2015,5,14:55,204,E08000035,E08000035,3,658,6,30.0,3,4,6,0,0,0,1,1,1,0,0,2,1,2,E01011570
6658,20151324G1083,2015,1324G1083,2,1,2,1,2,1,3,0,0,0,3,0,11,1,-1,2015,1324G1083,428934.0,433424.0,-1.562228,53.796325,13,3,2,2,16/04/2015,5,14:45,204,E08000035,E08000035,6,0,3,40.0,5,4,2,58,0,0,1,1,1,0,0,1,2,2,E01033015
6659,20151324G1083,2015,1324G1083,2,2,2,2,19,4,3,0,0,0,3,0,11,1,-1,2015,1324G1083,428934.0,433424.0,-1.562228,53.796325,13,3,2,2,16/04/2015,5,14:45,204,E08000035,E08000035,6,0,3,40.0,5,4,2,58,0,0,1,1,1,0,0,1,2,2,E01033015
6660,20151324G1091,2015,1324G1091,1,1,1,1,32,6,3,0,0,0,0,0,9,-1,-1,2015,1324G1091,418483.0,443818.0,-1.720263,53.890218,13,3,1,1,16/04/2015,5,16:35,204,E08000035,E08000035,6,0,6,60.0,0,-1,-1,-1,0,0,1,1,1,0,0,2,1,2,E01011279
6661,20151324G1173,2015,1324G1173,1,1,2,2,87,11,3,0,0,2,0,0,9,1,-1,2015,1324G1173,431034.0,437896.0,-1.529899,53.836397,13,3,1,1,16/04/2015,5,14:15,204,E08000035,E08000035,6,0,6,30.0,0,-1,-1,-1,0,0,1,1,1,0,0,1,2,2,E01011517
6662,20151324G1597,2015,1324G1597,1,1,2,2,17,4,3,0,0,2,0,0,9,-1,-1,2015,1324G1597,434696.0,434565.0,-1.474629,53.806229,13,3,2,1,16/04/2015,5,20:30,204,E08000035,E08000035,3,64,3,40.0,3,2,6,0,0,5,1,1,1,0,0,1,1,2,E01011341
6663,20151324H0684,2015,1324H0684,1,1,1,2,67,10,3,0,0,0,0,0,9,1,-1,2015,1324H0684,422230.0,435514.0,-1.66385,53.815437,13,3,2,1,17/04/2015,6,13:15,204,E08000035,E08000035,6,0,6,30.0,0,-1,-1,-1,0,0,1,1,1,0,0,1,1,2,E01011593
6664,20151324H0866,2015,1324H0866,2,1,1,2,25,5,3,0,0,0,0,0,9,-1,-1,2015,1324H0866,428116.0,426280.0,-1.575294,53.732161,13,3,2,2,17/04/2015,6,14:42,204,E08000035,E08000035,3,653,1,40.0,1,2,3,650,0,4,1,1,1,0,0,1,1,2,E01011550
6665,20151324H0866,2015,1324H0866,2,2,2,2,5,1,3,0,0,1,0,0,9,-1,-1,2015,1324H0866,428116.0,426280.0,-1.575294,53.732161,13,3,2,2,17/04/2015,6,14:42,204,E08000035,E08000035,3,653,1,40.0,1,2,3,650,0,4,1,1,1,0,0,1,1,2,E01011550
6666,20151324H0925,2015,1324H0925,2,1,1,2,33,6,3,0,0,0,0,0,9,1,-1,2015,1324H0925,428893.0,425994.0,-1.563543,53.729548,13,3,3,1,17/04/2015,6,14:30,204,E08000035,E08000035,3,650,6,30.0,6,2,3,654,0,5,1,1,1,0,0,1,1,2,E01011538
6667,20151324H1015,2015,1324H1015,1,1,1,1,37,7,2,0,0,0,0,0,9,3,-1,2015,1324H1015,438495.0,430408.0,-1.417463,53.768601,13,2,2,3,17/04/2015,6,15:53,204,E08000035,E08000035,3,642,6,30.0,3,4,6,0,0,0,1,1,1,0,0,2,1,2,E01011390
6668,20151324H1015,2015,1324H1015,2,2,1,1,24,5,2,0,0,0,0,0,9,1,-1,2015,1324H1015,438495.0,430408.0,-1.417463,53.768601,13,2,2,3,17/04/2015,6,15:53,204,E08000035,E08000035,3,642,6,30.0,3,4,6,0,0,0,1,1,1,0,0,2,1,2,E01011390
6669,20151324H1015,2015,1324H1015,2,3,2,2,16,4,2,0,0,1,0,0,9,1,-1,2015,1324H1015,438495.0,430408.0,-1.417463,53.768601,13,2,2,3,17/04/2015,6,15:53,204,E08000035,E08000035,3,642,6,30.0,3,4,6,0,0,0,1,1,1,0,0,2,1,2,E01011390
6670,20151324H1115,2015,1324H1115,1,1,1,1,61,9,3,0,0,0,0,0,5,1,-1,2015,1324H1115,424732.0,434896.0,-1.6259,53.80977,13,3,2,1,17/04/2015,6,16:40,204,E08000035,E08000035,6,0,6,30.0,0,-1,-1,-1,0,0,1,1,1,0,0,1,1,2,E01011282
6671,20151324H1125,2015,1324H1125,1,1,3,2,31,6,3,5,1,0,0,0,0,1,-1,2015,1324H1125,424586.0,434644.0,-1.628137,53.807512,13,3,1,1,17/04/2015,6,16:47,204,E08000035,E08000035,6,0,6,30.0,0,-1,-1,-1,0,0,1,1,1,0,0,1,1,2,E01011336
6672,20151324H1185,2015,1324H1185,2,1,1,2,34,6,3,0,0,0,0,0,9,2,-1,2015,1324H1185,429330.0,433810.0,-1.55618,53.799772,13,3,2,1,17/04/2015,6,10:45,204,E08000035,E08000035,6,0,6,30.0,0,-1,-1,-1,0,0,1,1,1,0,0,1,2,2,E01011678
6673,20151324H1280,2015,1324H1280,2,1,1,2,33,6,3,0,0,0,0,0,9,1,-1,2015,1324H1280,436054.0,428299.0,-1.454739,53.74982,13,3,2,1,17/04/2015,6,17:57,204,E08000035,E08000035,6,0,6,30.0,3,4,6,0,0,0,1,1,1,0,0,1,1,2,E01011635
6674,20151324H1400,2015,1324H1400,2,1,1,2,12,3,3,0,0,0,0,0,1,1,-1,2015,1324H1400,432700.0,433838.0,-1.505014,53.799823,13,3,2,1,17/04/2015,6,13:30,204,E08000035,E08000035,3,64,6,30.0,8,4,6,0,0,0,1,1,1,0,0,1,2,2,E01011615
6675,20151324I1142,2015,1324I1142,1,1,3,1,3,1,3,1,1,0,0,0,0,1,-1,2015,1324I1142,430479.0,433954.0,-1.538721,53.801,13,3,1,1,18/04/2015,7,16:56,204,E08000035,E08000035,6,0,2,30.0,0,-1,-1,-1,0,4,1,1,1,0,0,1,1,2,E01033002
6676,20151324J0248,2015,1324J0248,1,1,1,1,32,6,3,0,0,0,0,0,9,1,-1,2015,1324J0248,433446.0,426578.0,-1.494472,53.734526,13,3,1,1,19/04/2015,1,02:55,204,E08000035,E08000035,6,0,6,30.0,0,-1,-1,-1,0,0,4,1,1,0,0,2,1,2,E01011634
6677,20151324J1015,2015,1324J1015,1,1,3,1,3,1,3,9,6,0,0,0,0,1,-1,2015,1324J1015,430231.0,439102.0,-1.541982,53.847283,13,3,1,1,19/04/2015,1,15:30,204,E08000035,E08000035,6,0,6,30.0,0,-1,-1,-1,0,0,1,1,1,0,0,1,2,2,E01011510
6678,20151324J1094,2015,1324J1094,1,1,3,1,7,2,2,5,1,0,0,0,0,1,-1,2015,1324J1094,424010.0,433985.0,-1.636935,53.801616,13,2,1,1,19/04/2015,1,16:41,204,E08000035,E08000035,6,0,6,30.0,0,-1,-1,-1,0,0,1,1,1,0,0,1,1,2,E01011608
6679,20151324K1310,2015,1324K1310,1,1,2,2,12,3,3,0,0,1,0,0,9,-1,-1,2015,1324K1310,428621.0,436944.0,-1.566653,53.827979,13,3,2,1,20/04/2015,2,18:35,204,E08000035,E08000035,4,6157,6,30.0,3,4,6,0,0,0,1,1,1,0,0,1,1,2,E01011693
6680,20151324K1326,2015,1324K1326,2,1,1,1,38,7,3,0,0,0,0,0,1,3,-1,2015,1324K1326,428437.0,435708.0,-1.569562,53.81688,13,3,2,1,20/04/2015,2,18:46,204,E08000035,E08000035,3,660,6,30.0,3,4,6,0,0,0,1,1,1,0,0,1,1,2,E01032946
6681,20151324K1671,2015,1324K1671,1,1,2,1,35,6,3,0,0,0,4,0,11,1,-1,2015,1324K1671,429938.0,433392.0,-1.546989,53.795981,13,3,1,3,20/04/2015,2,17:20,204,E08000035,E08000035,6,0,3,30.0,0,-1,-1,-1,0,4,1,1,1,0,6,1,2,2,E01033010
6682,20151324K1671,2015,1324K1671,1,2,2,2,80,11,3,0,0,0,4,0,11,1,-1,2015,1324K1671,429938.0,433392.0,-1.546989,53.795981,13,3,1,3,20/04/2015,2,17:20,204,E08000035,E08000035,6,0,3,30.0,0,-1,-1,-1,0,4,1,1,1,0,6,1,2,2,E01033010
6683,20151324K1671,2015,1324K1671,1,3,2,2,25,5,3,0,0,0,4,0,11,1,-1,2015,1324K1671,429938.0,433392.0,-1.546989,53.795981,13,3,1,3,20/04/2015,2,17:20,204,E08000035,E08000035,6,0,3,30.0,0,-1,-1,-1,0,4,1,1,1,0,6,1,2,2,E01033010
6684,20151324L0178,2015,1324L0178,1,1,1,1,63,9,3,0,0,0,0,0,9,1,-1,2015,1324L0178,433168.0,435237.0,-1.497758,53.812368,13,3,2,1,21/04/2015,3,07:25,204,E08000035,E08000035,6,0,3,30.0,6,4,6,0,0,0,1,1,1,0,0,1,1,2,E01011339
6685,20151324L0295,2015,1324L0295,2,1,1,1,55,8,3,0,0,0,0,0,1,1,-1,2015,1324L0295,433814.0,433502.0,-1.488138,53.796733,13,3,2,1,21/04/2015,3,06:45,204,E08000035,E08000035,6,0,6,30.0,3,4,6,0,0,0,1,1,1,0,0,1,2,2,E01011622
6686,20151324L0653,2015,1324L0653,1,1,1,1,30,6,3,0,0,0,0,0,9,1,-1,2015,1324L0653,425435.0,431280.0,-1.615521,53.777237,13,3,2,1,21/04/2015,3,12:41,204,E08000035,E08000035,3,58,6,40.0,0,-1,-1,-1,0,0,1,1,1,0,0,1,1,2,E01011738
6687,20151324L0986,2015,1324L0986,2,1,1,1,42,7,3,0,0,0,0,0,1,3,-1,2015,1324L0986,424254.0,445392.0,-1.632333,53.904128,13,3,2,1,21/04/2015,3,15:42,204,E08000035,E08000035,3,659,6,40.0,3,4,3,659,0,0,1,1,1,0,0,2,1,2,E01011570
6688,20151324L1279,2015,1324L1279,2,1,1,2,51,8,3,0,0,0,0,0,9,1,-1,2015,1324L1279,424049.0,435490.0,-1.636226,53.815141,13,3,2,1,21/04/2015,3,17:50,204,E08000035,E08000035,6,0,6,30.0,3,2,6,0,0,5,1,1,1,0,0,1,2,2,E01011329
6689,20151324L1298,2015,1324L1298,1,1,3,1,11,3,2,5,1,0,0,0,0,-1,-1,2015,1324L1298,421539.0,433443.0,-1.674489,53.796853,13,2,1,1,21/04/2015,3,17:58,204,E08000035,E08000035,6,0,6,20.0,0,-1,-1,-1,0,0,1,1,1,0,0,1,1,2,E01011602
6690,20151324M0203,2015,1324M0203,1,1,3,2,53,8,2,5,1,0,0,0,0,1,-1,2015,1324M0203,428354.0,437572.0,-1.570652,53.833637,13,2,1,1,22/04/2015,4,07:30,204,E08000035,E08000035,6,0,6,30.0,3,4,6,0,0,0,1,1,1,0,0,1,2,2,E01011689
6691,20151324M0220,2015,1324M0220,2,1,2,2,51,8,3,0,0,0,4,0,11,1,-1,2015,1324M0220,435674.0,434799.0,-1.459752,53.808266,13,3,2,1,22/04/2015,4,07:59,204,E08000035,E08000035,6,0,3,40.0,6,4,6,0,0,4,1,1,1,0,0,1,1,2,E01011343
6692,20151324M0233,2015,1324M0233,1,1,1,2,23,5,3,0,0,0,0,0,9,1,-1,2015,1324M0233,435683.0,437259.0,-1.459331,53.830374,13,3,3,3,22/04/2015,4,08:40,204,E08000035,E08000035,6,0,6,40.0,0,-1,-1,-1,0,0,1,1,1,0,0,1,1,2,E01011720
6693,20151324M0233,2015,1324M0233,2,2,1,2,27,6,3,0,0,0,0,0,9,1,-1,2015,1324M0233,435683.0,437259.0,-1.459331,53.830374,13,3,3,3,22/04/2015,4,08:40,204,E08000035,E08000035,6,0,6,40.0,0,-1,-1,-1,0,0,1,1,1,0,0,1,1,2,E01011720
6694,20151324M0233,2015,1324M0233,3,3,1,2,37,7,3,0,0,0,0,0,9,2,-1,2015,1324M0233,435683.0,437259.0,-1.459331,53.830374,13,3,3,3,22/04/2015,4,08:40,204,E08000035,E08000035,6,0,6,40.0,0,-1,-1,-1,0,0,1,1,1,0,0,1,1,2,E01011720
6695,20151324M0559,2015,1324M0559,1,1,1,1,18,4,3,0,0,0,0,0,3,1,-1,2015,1324M0559,429610.0,435877.0,-1.551731,53.818334,13,3,2,1,22/04/2015,4,12:30,204,E08000035,E08000035,6,0,6,30.0,0,-1,-1,-1,0,0,1,1,1,0,0,1,1,2,E01011669
6696,20151324M0937,2015,1324M0937,2,1,1,2,19,4,3,0,0,0,0,0,9,1,-1,2015,1324M0937,431175.0,431860.0,-1.528365,53.782139,13,3,2,2,22/04/2015,4,15:10,204,E08000035,E08000035,3,639,6,30.0,0,-1,-1,-1,0,4,1,1,1,0,0,1,1,2,E01011467
6697,20151324M0937,2015,1324M0937,2,2,2,2,18,4,3,0,0,1,0,0,9,1,-1,2015,1324M0937,431175.0,431860.0,-1.528365,53.782139,13,3,2,2,22/04/2015,4,15:10,204,E08000035,E08000035,3,639,6,30.0,0,-1,-1,-1,0,4,1,1,1,0,0,1,1,2,E01011467
6698,20151324M1106,2015,1324M1106,2,1,1,2,31,6,3,0,0,0,0,0,9,1,-1,2015,1324M1106,427125.0,432791.0,-1.589745,53.790733,13,3,3,2,22/04/2015,4,16:30,204,E08000035,E08000035,6,0,6,30.0,3,4,6,0,1,0,1,1,1,0,0,1,1,2,E01011732
6699,20151324M1106,2015,1324M1106,2,2,2,2,9,2,3,0,0,2,0,0,9,1,-1,2015,1324M1106,427125.0,432791.0,-1.589745,53.790733,13,3,3,2,22/04/2015,4,16:30,204,E08000035,E08000035,6,0,6,30.0,3,4,6,0,1,0,1,1,1,0,0,1,1,2,E01011732
6700,20151324M1338,2015,1324M1338,2,1,1,1,59,9,2,0,0,0,0,0,1,1,-1,2015,1324M1338,423921.0,434305.0,-1.638261,53.804496,13,2,2,1,22/04/2015,4,18:15,204,E08000035,E08000035,6,0,6,30.0,9,4,6,0,0,0,1,1,1,0,0,1,1,2,E01011287
6701,20151324M1346,2015,1324M1346,1,1,2,2,44,7,3,0,0,0,4,0,11,1,-1,2015,1324M1346,427148.0,433087.0,-1.58937,53.793392,13,3,1,1,22/04/2015,4,17:34,204,E08000035,E08000035,4,6154,6,30.0,0,-1,-1,-1,0,0,1,1,1,0,7,1,2,2,E01011292
6702,20151324M1388,2015,1324M1388,1,1,1,1,20,4,2,0,0,0,0,0,3,1,-1,2015,1324M1388,419976.0,446751.0,-1.697356,53.916523,13,2,1,1,22/04/2015,4,18:40,204,E08000035,E08000035,6,0,6,30.0,0,-1,-1,-1,0,0,1,1,1,0,0,1,1,2,E01011583
6703,20151324N0184,2015,1324N0184,2,1,1,1,49,8,3,0,0,0,0,0,19,1,-1,2015,1324N0184,428864.0,433733.0,-1.563261,53.799106,13,3,2,1,23/04/2015,5,07:20,204,E08000035,E08000035,3,65,3,30.0,0,-1,-1,-1,0,0,1,1,1,0,0,1,1,2,E01011678
6704,20151324N0512,2015,1324N0512,2,1,2,2,53,8,3,0,0,0,4,0,11,-1,-1,2015,1324N0512,429185.0,431924.0,-1.558559,53.782829,13,3,2,2,23/04/2015,5,11:25,204,E08000035,E08000035,6,0,6,30.0,3,4,6,0,0,0,1,1,1,0,0,1,1,2,E01011368
6705,20151324N0512,2015,1324N0512,2,2,2,2,57,9,3,0,0,0,4,0,11,1,-1,2015,1324N0512,429185.0,431924.0,-1.558559,53.782829,13,3,2,2,23/04/2015,5,11:25,204,E08000035,E08000035,6,0,6,30.0,3,4,6,0,0,0,1,1,1,0,0,1,1,2,E01011368
6706,20151324N0570,2015,1324N0570,1,1,1,2,83,11,3,0,0,0,0,0,9,1,-1,2015,1324N0570,424345.0,429253.0,-1.63222,53.759071,13,3,3,1,23/04/2015,5,11:59,204,E08000035,E08000035,6,0,1,30.0,1,4,6,0,0,0,1,1,1,0,0,1,1,2,E01011519
6707,20151324N0821,2015,1324N0821,2,1,1,1,16,4,2,0,0,0,0,0,1,1,-1,2015,1324N0821,425062.0,433367.0,-1.621012,53.796012,13,2,2,1,23/04/2015,5,14:25,204,E08000035,E08000035,6,0,6,30.0,1,4,4,6154,0,0,1,1,1,0,0,1,1,2,E01011739
6708,20151324N0835,2015,1324N0835,1,1,1,1,54,8,3,0,0,0,0,0,9,1,-1,2015,1324N0835,431449.0,434180.0,-1.523971,53.802974,13,3,3,2,23/04/2015,5,14:30,204,E08000035,E08000035,6,0,6,30.0,9,2,6,0,0,0,1,1,1,0,0,1,2,2,E01033035
6709,20151324N0835,2015,1324N0835,3,2,2,1,42,7,3,0,0,1,0,0,9,1,-1,2015,1324N0835,431449.0,434180.0,-1.523971,53.802974,13,3,3,2,23/04/2015,5,14:30,204,E08000035,E08000035,6,0,6,30.0,9,2,6,0,0,0,1,1,1,0,0,1,2,2,E01033035