,accident_index,accident_year_x,accident_reference_x,vehicle_reference,casualty_reference,casualty_class,sex_of_casualty,age_of_casualty,age_band_of_casualty,casualty_severity,pedestrian_location,pedestrian_movement,car_passenger,bus_or_coach_passenger,pedestrian_road_maintenance_worker,casualty_type,casualty_home_area_type,casualty_imd_decile,accident_year_y,accident_reference_y,location_easting_osgr,location_northing_osgr,longitude,latitude,police_force,accident_severity,number_of_vehicles,number_of_casualties,date,day_of_week,time,local_authority_district,local_authority_ons_district,local_authority_highway,first_road_class,first_road_number,road_type,speed_limit,junction_detail,junction_control,second_road_class,second_road_number,pedestrian_crossing_human_control,pedestrian_crossing_physical_facilities,light_conditions,weather_conditions,road_surface_conditions,special_conditions_at_site,carriageway_hazards,urban_or_rural_area,did_police_officer_attend_scene_of_accident,trunk_road_flag,lsoa_of_accident_location
6884,20151325I0280,2015,1325I0280,1,1,1,2,30,6,3,0,0,0,0,0,9,1,-1,2015,1325I0280,422668.0,428763.0,-1.657692,53.754742,13,3,3,2,18/05/2015,2,09:11,204,E08000035,E08000035,4,6135,6,30.0,3,4,6,0,0,0,1,2,2,0,0,1,1,2,E01011521
6885,20151325I0280,2015,1325I0280,2,2,1,1,57,9,3,0,0,0,0,0,9,3,-1,2015,1325I0280,422668.0,428763.0,-1.657692,53.754742,13,3,3,2,18/05/2015,2,09:11,204,E08000035,E08000035,4,6135,6,30.0,3,4,6,0,0,0,1,2,2,0,0,1,1,2,E01011521
6886,20151325I0464,2015,1325I0464,1,1,3,1,86,11,3,8,8,0,0,0,0,-1,-1,2015,1325I0464,440468.0,448359.0,-1.385173,53.929784,13,3,1,1,18/05/2015,2,11:26,204,E08000035,E08000035,6,0,6,30.0,9,4,6,0,0,0,1,1,1,0,0,1,1,2,E01011704
6887,20151325I0612,2015,1325I0612,1,1,1,2,46,8,3,0,0,0,0,0,9,1,-1,2015,1325I0612,436983.0,425881.0,-1.440941,53.728023,13,3,2,1,18/05/2015,2,13:09,204,E08000035,E08000035,1,62,3,70.0,0,-1,-1,-1,0,0,1,1,1,0,0,2,1,1,E01011636
6888,20151325I0622,2015,1325I0622,1,1,1,1,85,11,3,0,0,0,0,0,9,3,-1,2015,1325I0622,430700.0,434587.0,-1.535303,53.806677,13,3,2,2,18/05/2015,2,13:15,204,E08000035,E08000035,3,61,6,30.0,6,2,6,0,0,5,1,1,2,0,0,1,1,2,E01033003
6889,20151325I0622,2015,1325I0622,2,2,2,2,17,4,3,0,0,0,4,0,11,1,-1,2015,1325I0622,430700.0,434587.0,-1.535303,53.806677,13,3,2,2,18/05/2015,2,13:15,204,E08000035,E08000035,3,61,6,30.0,6,2,6,0,0,5,1,1,2,0,0,1,1,2,E01033003
6890,20151325I0669,2015,1325I0669,2,1,1,1,46,8,3,0,0,0,0,0,3,1,-1,2015,1325I0669,428386.0,426124.0,-1.571215,53.730744,13,3,2,1,18/05/2015,2,13:51,204,E08000035,E08000035,3,650,3,30.0,0,-1,-1,-1,0,0,1,2,2,0,0,1,1,2,E01011553
6891,20151325I0846,2015,1325I0846,1,1,3,1,6,2,3,5,1,0,0,0,0,1,-1,2015,1325I0846,431543.0,434330.0,-1.522529,53.804317,13,3,1,1,18/05/2015,2,15:46,204,E08000035,E08000035,6,0,6,30.0,3,4,6,0,1,0,1,1,1,0,0,1,1,2,E01033035
6892,20151325I1018,2015,1325I1018,1,1,3,1,16,4,3,9,5,0,0,0,0,1,-1,2015,1325I1018,432229.0,435572.0,-1.511983,53.815437,13,3,1,1,18/05/2015,2,17:05,204,E08000035,E08000035,6,0,6,30.0,0,-1,-1,-1,0,0,1,1,1,0,0,1,1,2,E01011430
6893,20151325J0225,2015,1325J0225,1,1,1,2,31,6,3,0,0,0,0,0,9,-1,-1,2015,1325J0225,421957.0,434243.0,-1.668087,53.804025,13,3,1,1,19/05/2015,3,08:50,204,E08000035,E08000035,6,0,6,30.0,0,-1,-1,-1,0,0,1,2,2,0,0,1,1,2,E01011587
6894,20151325J0935,2015,1325J0935,1,1,1,1,22,5,3,0,0,0,0,0,3,1,-1,2015,1325J0935,431289.0,432078.0,-1.526613,53.784092,13,3,1,1,19/05/2015,3,16:35,204,E08000035,E08000035,6,0,1,30.0,1,4,6,0,0,0,1,2,2,0,0,1,1,2,E01011467
6895,20151325J1004,2015,1325J1004,1,1,3,1,15,3,2,5,2,0,0,0,0,-1,-1,2015,1325J1004,428578.0,434733.0,-1.567511,53.808109,13,2,1,1,19/05/2015,3,17:05,204,E08000035,E08000035,6,0,6,30.0,3,4,6,0,0,0,1,1,2,0,0,1,1,2,E01011448
6896,20151325J1099,2015,1325J1099,1,1,3,2,21,5,3,5,2,0,0,0,0,-1,-1,2015,1325J1099,429360.0,434964.0,-1.555614,53.810142,13,3,1,1,19/05/2015,3,18:00,204,E08000035,E08000035,3,660,3,30.0,0,-1,-1,-1,0,0,1,1,1,0,0,1,1,2,E01033005
6897,20151325J1174,2015,1325J1174,2,1,1,1,59,9,3,0,0,0,0,0,1,1,-1,2015,1325J1174,426313.0,435519.0,-1.601838,53.815293,13,3,2,1,19/05/2015,3,17:00,204,E08000035,E08000035,3,65,6,30.0,3,2,6,0,0,5,1,1,1,0,0,1,2,2,E01011477
6898,20151325J1336,2015,1325J1336,2,1,2,2,8,2,3,0,0,2,0,0,9,1,-1,2015,1325J1336,432960.0,435673.0,-1.500871,53.816299,13,3,2,2,19/05/2015,3,20:31,204,E08000035,E08000035,6,0,6,30.0,6,4,6,0,0,0,1,1,1,0,0,1,1,2,E01011424
6899,20151325J1336,2015,1325J1336,2,2,2,2,6,2,3,0,0,2,0,0,9,1,-1,2015,1325J1336,432960.0,435673.0,-1.500871,53.816299,13,3,2,2,19/05/2015,3,20:31,204,E08000035,E08000035,6,0,6,30.0,6,4,6,0,0,0,1,1,1,0,0,1,1,2,E01011424
6900,20151325K0724,2015,1325K0724,1,1,2,2,45,7,3,0,0,2,0,0,9,-1,-1,2015,1325K0724,428463.0,431349.0,-1.569569,53.777701,13,3,2,2,20/05/2015,4,14:22,204,E08000035,E08000035,6,0,6,30.0,6,2,3,643,0,5,1,1,1,0,0,1,1,2,E01011369
6901,20151325K0724,2015,1325K0724,1,2,2,2,24,5,3,0,0,1,0,0,9,-1,-1,2015,1325K0724,428463.0,431349.0,-1.569569,53.777701,13,3,2,2,20/05/2015,4,14:22,204,E08000035,E08000035,6,0,6,30.0,6,2,3,643,0,5,1,1,1,0,0,1,1,2,E01011369
6902,20151325K0986,2015,1325K0986,2,1,1,1,40,7,3,0,0,0,0,0,9,-1,-1,2015,1325K0986,438312.0,430243.0,-1.420259,53.767132,13,3,4,1,20/05/2015,4,16:23,204,E08000035,E08000035,3,642,6,30.0,0,-1,-1,-1,0,0,1,1,1,0,0,2,1,2,E01011391
6903,20151325K0995,2015,1325K0995,2,1,2,2,6,2,3,0,0,2,0,0,9,1,-1,2015,1325K0995,432376.0,433723.0,-1.509945,53.79881,13,3,5,3,20/05/2015,4,16:25,204,E08000035,E08000035,6,0,6,30.0,1,4,6,0,0,0,1,1,1,0,0,1,1,2,E01011348
6904,20151325K0995,2015,1325K0995,3,2,1,2,27,6,3,0,0,0,0,0,9,1,-1,2015,1325K0995,432376.0,433723.0,-1.509945,53.79881,13,3,5,3,20/05/2015,4,16:25,204,E08000035,E08000035,6,0,6,30.0,1,4,6,0,0,0,1,1,1,0,0,1,1,2,E01011348
6905,20151325K0995,2015,1325K0995,4,3,1,2,23,5,3,0,0,0,0,0,9,2,-1,2015,1325K0995,432376.0,433723.0,-1.509945,53.79881,13,3,5,3,20/05/2015,4,16:25,204,E08000035,E08000035,6,0,6,30.0,1,4,6,0,0,0,1,1,1,0,0,1,1,2,E01011348
6906,20151325K1283,2015,1325K1283,1,1,1,1,25,5,1,0,0,0,0,0,9,1,-1,2015,1325K1283,431511.0,435138.0,-1.522932,53.81158,13,1,3,2,20/05/2015,4,19:02,204,E08000035,E08000035,6,0,6,30.0,3,4,6,0,0,0,1,1,1,0,0,1,1,2,E01011429
6907,20151325K1283,2015,1325K1283,3,2,1,2,46,8,2,0,0,0,0,0,9,1,-1,2015,1325K1283,431511.0,435138.0,-1.522932,53.81158,13,1,3,2,20/05/2015,4,19:02,204,E08000035,E08000035,6,0,6,30.0,3,4,6,0,0,0,1,1,1,0,0,1,1,2,E01011429
6908,20151325K1317,2015,1325K1317,2,1,1,1,29,6,3,0,0,0,0,0,3,1,-1,2015,1325K1317,428940.0,429856.0,-1.56247,53.764256,13,3,3,1,20/05/2015,4,19:20,204,E08000035,E08000035,3,653,6,30.0,3,2,6,0,0,5,1,1,1,0,0,1,1,2,E01011320
6909,20151325K1442,2015,1325K1442,1,1,1,1,21,5,2,0,0,0,0,0,5,-1,-1,2015,1325K1442,445306.0,427942.0,-1.3145,53.745892,13,2,2,1,20/05/2015,4,21:35,204,E08000035,E08000035,6,0,6,60.0,0,-1,-1,-1,0,0,6,1,1,0,0,2,1,2,E01011299
6910,20151325K1537,2015,1325K1537,1,1,1,1,19,4,3,0,0,0,0,0,9,1,-1,2015,1325K1537,430620.0,434640.0,-1.536513,53.807158,13,3,2,2,20/05/2015,4,21:35,204,E08000035,E08000035,3,58,3,40.0,0,-1,-1,-1,0,0,4,9,2,0,0,1,1,2,E01011671
6911,20151325K1537,2015,1325K1537,2,2,1,1,22,5,3,0,0,0,0,0,9,1,-1,2015,1325K1537,430620.0,434640.0,-1.536513,53.807158,13,3,2,2,20/05/2015,4,21:35,204,E08000035,E08000035,3,58,3,40.0,0,-1,-1,-1,0,0,4,9,2,0,0,1,1,2,E01011671
6912,20151325L0017,2015,1325L0017,2,1,1,1,27,6,3,0,0,0,0,0,9,1,-1,2015,1325L0017,420237.0,439506.0,-1.693858,53.851397,13,3,2,1,21/05/2015,5,00:14,204,E08000035,E08000035,3,658,6,30.0,3,2,4,6152,0,0,4,1,1,0,0,1,1,2,E01011278
6913,20151325L0189,2015,1325L0189,1,1,1,1,24,5,3,0,0,0,0,0,9,1,-1,2015,1325L0189,430174.0,426446.0,-1.544083,53.733538,13,3,2,1,21/05/2015,5,07:25,204,E08000035,E08000035,1,62,3,70.0,0,-1,-1,-1,0,0,1,1,1,0,0,1,1,1,E01011538
6914,20151325L0207,2015,1325L0207,2,1,1,2,60,9,3,0,0,0,0,0,9,1,-1,2015,1325L0207,428490.0,431578.0,-1.569138,53.779758,13,3,2,1,21/05/2015,5,07:50,204,E08000035,E08000035,3,643,3,40.0,0,-1,-1,-1,0,0,1,1,1,0,0,1,1,2,E01011366
6915,20151325L0873,2015,1325L0873,1,1,1,1,27,6,3,0,0,0,0,0,9,1,-1,2015,1325L0873,427008.0,440071.0,-1.590885,53.856169,13,3,2,1,21/05/2015,5,15:15,204,E08000035,E08000035,3,660,6,40.0,3,4,6,0,0,0,1,1,1,0,0,1,1,2,-1
6916,20151325L0908,2015,1325L0908,1,1,1,1,23,5,3,0,0,0,0,0,2,1,-1,2015,1325L0908,428139.0,426248.0,-1.574948,53.731872,13,3,1,1,21/05/2015,5,15:41,204,E08000035,E08000035,3,650,3,40.0,1,4,3,653,0,0,1,1,1,0,0,1,1,2,E01011550
6917,20151325L1017,2015,1325L1017,2,1,1,2,55,8,3,0,0,0,0,0,9,1,-1,2015,1325L1017,427991.0,430310.0,-1.576825,53.768388,13,3,2,1,21/05/2015,5,15:41,204,E08000035,E08000035,3,6110,1,40.0,1,4,3,6110,0,0,1,1,1,0,0,1,1,2,E01011317
6918,20151325L1071,2015,1325L1071,1,1,1,1,63,9,3,0,0,0,0,0,19,1,-1,2015,1325L1071,432940.0,425954.0,-1.502208,53.72895,13,3,2,2,21/05/2015,5,16:48,204,E08000035,E08000035,1,62,9,70.0,0,-1,-1,-1,0,0,1,1,1,0,0,2,1,1,E01011500
6919,20151325L1071,2015,1325L1071,1,2,2,2,50,8,3,0,0,1,0,0,19,1,-1,2015,1325L1071,432940.0,425954.0,-1.502208,53.72895,13,3,2,2,21/05/2015,5,16:48,204,E08000035,E08000035,1,62,9,70.0,0,-1,-1,-1,0,0,1,1,1,0,0,2,1,1,E01011500
6920,20151325L1075,2015,1325L1075,1,1,1,2,31,6,3,0,0,0,0,0,2,1,-1,2015,1325L1075,432749.0,434340.0,-1.504217,53.804332,13,3,1,1,21/05/2015,5,16:45,204,E08000035,E08000035,6,0,6,30.0,0,-1,-1,-1,0,0,1,1,1,0,0,1,1,2,E01011347
6921,20151325M0803,2015,1325M0803,2,1,2,2,34,6,3,0,0,0,4,0,11,-1,-1,2015,1325M0803,427453.0,425472.0,-1.585414,53.724934,13,3,2,1,20/05/2015,4,08:20,204,E08000035,E08000035,3,653,3,40.0,0,-1,-1,-1,0,5,1,9,1,0,0,1,2,2,E01011548
6922,20151325M0962,2015,1325M0962,1,1,3,2,34,6,2,1,1,0,0,0,0,1,-1,2015,1325M0962,430369.0,433493.0,-1.540437,53.796863,13,2,1,1,22/05/2015,6,15:57,204,E08000035,E08000035,6,0,6,30.0,9,2,6,0,0,4,1,1,1,0,0,1,1,2,E01033010
6923,20151325M1131,2015,1325M1131,1,1,1,1,17,4,3,0,0,0,0,0,9,1,-1,2015,1325M1131,431672.0,435366.0,-1.520464,53.81362,13,3,4,4,22/05/2015,6,17:35,204,E08000035,E08000035,3,58,6,30.0,0,-1,-1,-1,0,4,1,1,1,0,0,1,1,2,E01011429
6924,20151325M1131,2015,1325M1131,2,2,1,1,32,6,3,0,0,0,0,0,9,-1,-1,2015,1325M1131,431672.0,435366.0,-1.520464,53.81362,13,3,4,4,22/05/2015,6,17:35,204,E08000035,E08000035,3,58,6,30.0,0,-1,-1,-1,0,4,1,1,1,0,0,1,1,2,E01011429
6925,20151325M1131,2015,1325M1131,3,3,1,2,36,7,3,0,0,0,0,0,9,1,-1,2015,1325M1131,431672.0,435366.0,-1.520464,53.81362,13,3,4,4,22/05/2015,6,17:35,204,E08000035,E08000035,3,58,6,30.0,0,-1,-1,-1,0,4,1,1,1,0,0,1,1,2,E01011429
6926,20151325M1131,2015,1325M1131,4,4,1,2,55,8,3,0,0,0,0,0,9,1,-1,2015,1325M1131,431672.0,435366.0,-1.520464,53.81362,13,3,4,4,22/05/2015,6,17:35,204,E08000035,E08000035,3,58,6,30.0,0,-1,-1,-1,0,4,1,1,1,0,0,1,1,2,E01011429
6927,20151325N0442,2015,1325N0442,1,1,1,1,28,6,2,0,0,0,0,0,9,-1,-1,2015,1325N0442,425806.0,433073.0,-1.609743,53.793334,13,2,6,1,23/05/2015,7,09:32,204,E08000035,E08000035,4,6154,6,30.0,0,-1,-1,-1,0,0,1,1,1,0,0,1,1,2,E01011725
6928,20151325N0803,2015,1325N0803,1,1,1,1,30,6,3,0,0,0,0,0,1,1,-1,2015,1325N0803,431827.0,436440.0,-1.517999,53.823263,13,3,1,1,23/05/2015,7,13:40,204,E08000035,E08000035,6,0,6,40.0,0,-1,-1,-1,0,0,1,1,1,0,0,1,2,2,E01011642
6929,20151325N0964,2015,1325N0964,1,1,1,1,64,9,3,0,0,0,0,0,1,1,-1,2015,1325N0964,441742.0,439869.0,-1.366925,53.853381,13,3,2,2,23/05/2015,7,15:15,204,E08000035,E08000035,3,64,6,60.0,0,-1,-1,-1,0,0,1,1,1,0,0,2,1,2,E01011309
6930,20151325N0964,2015,1325N0964,2,2,1,1,48,8,3,0,0,0,0,0,3,3,-1,2015,1325N0964,441742.0,439869.0,-1.366925,53.853381,13,3,2,2,23/05/2015,7,15:15,204,E08000035,E08000035,3,64,6,60.0,0,-1,-1,-1,0,0,1,1,1,0,0,2,1,2,E01011309
6931,20151325N0970,2015,1325N0970,1,1,1,1,37,7,2,0,0,0,0,0,19,1,-1,2015,1325N0970,427411.0,435856.0,-1.585132,53.818265,13,2,2,1,22/05/2015,6,21:00,204,E08000035,E08000035,6,0,6,30.0,3,4,6,0,0,0,1,1,1,0,0,1,2,2,E01032945
6932,20151325O0406,2015,1325O0406,1,1,1,1,24,5,2,0,0,0,0,0,9,1,-1,2015,1325O0406,428303.0,429632.0,-1.572153,53.762278,13,2,1,1,24/05/2015,1,05:36,204,E08000035,E08000035,3,6110,3,30.0,1,4,6,0,0,0,4,1,1,0,0,1,1,2,E01011321
6933,20151325O0515,2015,1325O0515,2,1,1,1,44,7,3,0,0,0,0,0,1,1,-1,2015,1325O0515,424729.0,445090.0,-1.625128,53.901391,13,3,2,1,24/05/2015,1,09:15,204,E08000035,E08000035,3,659,6,30.0,0,-1,-1,-1,0,0,1,1,1,0,0,2,2,2,E01011570
6934,20151325O0779,2015,1325O0779,2,1,1,2,65,9,3,0,0,0,0,0,9,1,-1,2015,1325O0779,428758.0,437153.0,-1.564552,53.82985,13,3,2,1,24/05/2015,1,12:58,204,E08000035,E08000035,4,6157,6,30.0,3,4,6,0,0,0,1,1,1,0,0,1,1,2,E01011691
6935,20151325O0866,2015,1325O0866,2,1,2,2,50,8,3,0,0,1,0,0,9,1,-1,2015,1325O0866,432188.0,445001.0,-1.511621,53.900183,13,3,3,1,24/05/2015,1,14:00,204,E08000035,E08000035,3,61,3,30.0,3,2,6,0,0,4,1,1,1,0,0,2,1,2,E01011561
6936,20151325O1593,2015,1325O1593,1,1,1,1,20,4,3,0,0,0,0,0,9,1,-1,2015,1325O1593,435195.0,442112.0,-1.466191,53.874024,13,2,1,3,24/05/2015,1,21:00,204,E08000035,E08000035,6,0,6,30.0,0,-1,-1,-1,0,0,1,1,1,0,0,2,1,2,E01011713
6937,20151325O1593,2015,1325O1593,1,2,2,1,18,4,3,0,0,2,0,0,9,2,-1,2015,1325O1593,435195.0,442112.0,-1.466191,53.874024,13,2,1,3,24/05/2015,1,21:00,204,E08000035,E08000035,6,0,6,30.0,0,-1,-1,-1,0,0,1,1,1,0,0,2,1,2,E01011713
6938,20151325O1593,2015,1325O1593,1,3,2,1,16,4,2,0,0,1,0,0,9,2,-1,2015,1325O1593,435195.0,442112.0,-1.466191,53.874024,13,2,1,3,24/05/2015,1,21:00,204,E08000035,E08000035,6,0,6,30.0,0,-1,-1,-1,0,0,1,1,1,0,0,2,1,2,E01011713
6939,20151325P1005,2015,1325P1005,2,1,1,2,24,5,3,0,0,0,0,0,1,1,-1,2015,1325P1005,428582.0,437045.0,-1.567236,53.828889,13,3,2,1,25/05/2015,2,15:59,204,E08000035,E08000035,6,0,6,30.0,9,4,6,0,0,0,1,1,1,0,0,1,2,2,E01011689
6940,20151325P1198,2015,1325P1198,2,1,1,1,43,7,3,0,0,0,0,0,1,1,-1,2015,1325P1198,436088.0,434818.0,-1.453463,53.808408,13,3,2,1,25/05/2015,2,17:35,204,E08000035,E08000035,6,0,1,40.0,1,4,3,6120,0,1,1,1,1,0,0,1,1,2,E01011666
6941,20151325P1670,2015,1325P1670,1,1,2,1,24,5,2,0,0,2,0,0,9,1,-1,2015,1325P1670,422569.0,434703.0,-1.658761,53.808134,13,2,1,1,25/05/2015,2,22:50,204,E08000035,E08000035,4,6157,6,30.0,3,4,6,0,0,0,4,1,1,0,0,1,1,2,E01011335
6942,20151325Q0144,2015,1325Q0144,1,1,3,1,24,5,3,5,3,0,0,0,0,1,-1,2015,1325Q0144,429218.0,433496.0,-1.55791,53.796956,13,3,1,1,26/05/2015,3,03:51,204,E08000035,E08000035,6,0,3,30.0,0,-1,-1,-1,0,0,1,1,1,0,0,1,1,2,E01033015
6943,20151325Q0385,2015,1325Q0385,2,1,1,1,62,9,3,0,0,0,0,0,19,1,-1,2015,1325Q0385,427354.0,434825.0,-1.586089,53.809002,13,3,2,1,26/05/2015,3,10:26,204,E08000035,E08000035,6,0,6,30.0,6,4,6,0,0,0,1,1,1,0,0,1,1,2,E01011482
6944,20151325Q0540,2015,1325Q0540,1,1,1,1,52,8,3,0,0,0,0,0,9,1,-1,2015,1325Q0540,431914.0,434804.0,-1.516847,53.808554,13,3,2,1,26/05/2015,3,10:53,204,E08000035,E08000035,6,0,6,30.0,3,4,6,0,0,0,1,1,1,0,0,1,2,2,E01011677
6945,20151325Q0557,2015,1325Q0557,1,1,3,1,7,2,3,5,1,0,0,0,0,1,-1,2015,1325Q0557,432219.0,434956.0,-1.5122,53.809902,13,3,1,1,26/05/2015,3,12:16,204,E08000035,E08000035,6,0,6,30.0,0,-1,-1,-1,0,0,1,1,1,0,0,1,1,2,E01011434
6946,20151325Q0587,2015,1325Q0587,1,1,2,2,23,5,3,0,0,2,0,0,8,-1,-1,2015,1325Q0587,430065.0,433812.0,-1.545021,53.799748,13,3,1,1,25/05/2015,2,00:30,204,E08000035,E08000035,6,0,6,30.0,0,-1,-1,-1,0,4,4,1,1,0,0,1,1,2,E01033010
6947,20151325Q1087,2015,1325Q1087,1,1,3,2,2,1,2,10,9,0,0,0,0,1,-1,2015,1325Q1087,429529.0,430760.0,-1.553449,53.772348,13,2,1,1,26/05/2015,3,16:00,204,E08000035,E08000035,6,0,6,30.0,0,-1,-1,-1,0,0,1,1,1,0,0,1,1,2,E01011375
6948,20151325Q1104,2015,1325Q1104,1,1,1,1,56,9,3,0,0,0,0,0,9,1,-1,2015,1325Q1104,429556.0,431562.0,-1.552963,53.779555,13,3,2,4,26/05/2015,3,17:00,204,E08000035,E08000035,6,0,6,30.0,3,4,6,0,0,1,1,1,1,0,0,1,1,2,E01011364
6949,20151325Q1104,2015,1325Q1104,1,2,2,2,54,8,3,0,0,1,0,0,9,1,-1,2015,1325Q1104,429556.0,431562.0,-1.552963,53.779555,13,3,2,4,26/05/2015,3,17:00,204,E08000035,E08000035,6,0,6,30.0,3,4,6,0,0,1,1,1,1,0,0,1,1,2,E01011364
6950,20151325Q1104,2015,1325Q1104,1,3,2,2,16,4,3,0,0,2,0,0,9,1,-1,2015,1325Q1104,429556.0,431562.0,-1.552963,53.779555,13,3,2,4,26/05/2015,3,17:00,204,E08000035,E08000035,6,0,6,30.0,3,4,6,0,0,1,1,1,1,0,0,1,1,2,E01011364
6951,20151325Q1104,2015,1325Q1104,1,4,2,1,21,5,3,0,0,2,0,0,9,1,-1,2015,1325Q1104,429556.0,431562.0,-1.552963,53.779555,13,3,2,4,26/05/2015,3,17:00,204,E08000035,E08000035,6,0,6,30.0,3,4,6,0,0,1,1,1,1,0,0,1,1,2,E01011364
6952,20151325Q1233,2015,1325Q1233,2,1,1,1,29,6,3,0,0,0,0,0,1,1,-1,2015,1325Q1233,427569.0,434540.0,-1.58285,53.806429,13,3,2,1,26/05/2015,3,18:00,204,E08000035,E08000035,3,65,6,30.0,3,4,6,0,0,0,1,1,1,0,0,1,1,2,E01011482
6953,20151325Q1525,2015,1325Q1525,2,1,1,2,24,5,3,0,0,0,0,0,9,1,-1,2015,1325Q1525,435825.0,435763.0,-1.457347,53.816919,13,3,2,2,26/05/2015,3,15:10,204,E08000035,E08000035,6,0,6,30.0,3,4,6,0,0,0,1,1,1,0,0,1,2,2,E01011665
6954,20151325Q1525,2015,1325Q1525,2,2,2,2,25,5,3,0,0,1,0,0,9,1,-1,2015,1325Q1525,435825.0,435763.0,-1.457347,53.816919,13,3,2,2,26/05/2015,3,15:10,204,E08000035,E08000035,6,0,6,30.0,3,4,6,0,0,0,1,1,1,0,0,1,2,2,E01011665
6955,20151325Q1662,2015,1325Q1662,2,1,1,1,51,8,3,0,0,0,0,0,3,3,-1,2015,1325Q1662,436277.0,445443.0,-1.449342,53.903887,13,3,2,1,26/05/2015,3,22:45,204,E08000035,E08000035,6,0,6,40.0,3,4,6,0,0,0,6,1,1,0,0,2,1,2,E01011708
6956,20151325R0871,2015,1325R0871,1,1,1,2,38,7,3,0,0,0,0,0,9,1,-1,2015,1325R0871,443282.0,439110.0,-1.343623,53.846434,13,3,1,1,27/05/2015,4,15:00,204,E08000035,E08000035,2,1,3,70.0,0,-1,-1,-1,0,0,1,1,1,0,0,2,1,1,E01011309
6957,20151325R0982,2015,1325R0982,1,1,3,1,21,5,3,8,9,0,0,1,0,1,-1,2015,1325R0982,422694.0,432251.0,-1.657042,53.78609,13,3,1,1,27/05/2015,4,15:45,204,E08000035,E08000035,6,0,6,30.0,0,-1,-1,-1,0,0,1,1,1,4,0,1,2,2,E01011607
6958,20151325R1039,2015,1325R1039,1,1,1,1,24,5,3,0,0,0,0,0,1,-1,-1,2015,1325R1039,427392.0,434635.0,-1.585529,53.807292,13,3,2,1,27/05/2015,4,16:25,204,E08000035,E08000035,3,65,6,30.0,3,4,6,0,0,0,1,1,1,0,0,1,1,2,E01011482
6959,20151325R1167,2015,1325R1167,1,1,3,1,31,6,3,5,1,0,0,0,0,1,-1,2015,1325R1167,432585.0,434916.0,-1.506646,53.809519,13,3,1,1,27/05/2015,4,15:44,204,E08000035,E08000035,6,0,6,20.0,3,4,6,0,0,0,1,1,1,0,0,1,2,2,E01011433
6960,20151325R1226,2015,1325R1226,1,1,1,2,32,6,3,0,0,0,0,0,9,1,-1,2015,1325R1226,424985.0,434254.0,-1.62211,53.803988,13,3,3,2,27/05/2015,4,18:09,204,E08000035,E08000035,3,647,3,40.0,0,-1,-1,-1,0,0,1,1,1,0,0,1,1,2,E01032606
6961,20151325R1226,2015,1325R1226,2,2,1,2,28,6,3,0,0,0,0,0,9,1,-1,2015,1325R1226,424985.0,434254.0,-1.62211,53.803988,13,3,3,2,27/05/2015,4,18:09,204,E08000035,E08000035,3,647,3,40.0,0,-1,-1,-1,0,0,1,1,1,0,0,1,1,2,E01032606
6962,20151325R1247,2015,1325R1247,1,1,1,1,35,6,3,0,0,0,0,0,5,1,-1,2015,1325R1247,432124.0,432883.0,-1.513858,53.791276,13,3,1,1,27/05/2015,4,18:05,204,E08000035,E08000035,6,0,6,30.0,0,-1,-1,-1,0,0,1,1,1,6,0,1,2,2,E01011625
6963,20151325R1340,2015,1325R1340,1,1,1,1,55,8,2,0,0,0,0,0,21,1,-1,2015,1325R1340,431767.0,430481.0,-1.519523,53.769709,13,2,1,1,27/05/2015,4,19:22,204,E08000035,E08000035,1,621,7,50.0,0,-1,-1,-1,0,0,1,8,2,6,0,1,1,1,E01011469
6964,20151325S0382,2015,1325S0382,2,1,1,2,52,8,3,0,0,0,0,0,9,-1,-1,2015,1325S0382,429743.0,434519.0,-1.549841,53.806121,13,3,2,1,28/05/2015,5,10:40,204,E08000035,E08000035,3,660,6,30.0,6,2,6,0,0,5,1,1,1,0,0,1,1,2,E01033005
6965,20151325S0610,2015,1325S0610,1,1,2,2,53,8,3,0,0,0,4,0,11,1,-1,2015,1325S0610,430867.0,436266.0,-1.5326,53.821757,13,3,1,1,28/05/2015,5,10:58,204,E08000035,E08000035,3,61,6,30.0,3,4,6,0,0,0,1,1,1,0,0,1,2,2,E01011356
6966,20151325S0655,2015,1325S0655,1,1,1,1,12,3,3,0,0,0,0,0,1,-1,-1,2015,1325S0655,428232.0,440385.0,-1.572248,53.858926,13,3,2,1,28/05/2015,5,13:50,204,E08000035,E08000035,6,0,1,60.0,0,-1,-1,-1,0,0,1,1,1,0,0,2,1,2,E01011554
6967,20151325S0964,2015,1325S0964,2,1,1,1,20,4,3,0,0,0,0,0,3,1,-1,2015,1325S0964,421572.0,434397.0,-1.673922,53.805426,13,3,2,1,28/05/2015,5,16:32,204,E08000035,E08000035,4,6157,6,30.0,8,4,6,0,0,0,1,1,1,0,0,1,1,2,E01011587
6968,20151325S1123,2015,1325S1123,1,1,1,1,29,6,3,0,0,0,0,0,9,3,-1,2015,1325S1123,438025.0,425861.0,-1.425151,53.727769,13,3,2,2,28/05/2015,5,17:40,204,E08000035,E08000035,4,6135,6,40.0,3,4,6,0,0,0,1,1,1,0,0,2,1,2,E01011395
6969,20151325S1123,2015,1325S1123,2,2,1,2,19,4,3,0,0,0,0,0,9,3,-1,2015,1325S1123,438025.0,425861.0,-1.425151,53.727769,13,3,2,2,28/05/2015,5,17:40,204,E08000035,E08000035,4,6135,6,40.0,3,4,6,0,0,0,1,1,1,0,0,2,1,2,E01011395
6970,20151325T0653,2015,1325T0653,1,1,2,2,85,11,3,0,0,0,1,0,11,1,-1,2015,1325T0653,424108.0,435492.0,-1.635329,53.815156,13,3,1,1,29/05/2015,6,12:20,204,E08000035,E08000035,3,657,6,30.0,0,-1,-1,-1,0,0,1,1,1,0,0,1,2,2,E01011323