,accident_index,accident_year_x,accident_reference_x,vehicle_reference,casualty_reference,casualty_class,sex_of_casualty,age_of_casualty,age_band_of_casualty,casualty_severity,pedestrian_location,pedestrian_movement,car_passenger,bus_or_coach_passenger,pedestrian_road_maintenance_worker,casualty_type,casualty_home_area_type,casualty_imd_decile,accident_year_y,accident_reference_y,location_easting_osgr,location_northing_osgr,longitude,latitude,police_force,accident_severity,number_of_vehicles,number_of_casualties,date,day_of_week,time,local_authority_district,local_authority_ons_district,local_authority_highway,first_road_class,first_road_number,road_type,speed_limit,junction_detail,junction_control,second_road_class,second_road_number,pedestrian_crossing_human_control,pedestrian_crossing_physical_facilities,light_conditions,weather_conditions,road_surface_conditions,special_conditions_at_site,carriageway_hazards,urban_or_rural_area,did_police_officer_attend_scene_of_accident,trunk_road_flag,lsoa_of_accident_location
7058,20151326A1659,2015,1326A1659,1,1,3,1,36,7,3,9,9,0,0,0,0,1,-1,2015,1326A1659,420676.0,445650.0,-1.686773,53.906601,13,3,1,1,10/06/2015,4,21:15,204,E08000035,E08000035,6,0,6,30.0,0,-1,-1,-1,0,0,1,1,1,0,0,1,1,2,E01011569
7059,20151326B0597,2015,1326B0597,1,1,2,2,3,1,3,0,0,0,2,0,11,-1,-1,2015,1326B0597,420141.0,434179.0,-1.695665,53.803523,13,3,1,1,11/06/2015,5,10:41,204,E08000035,E08000035,3,647,3,40.0,0,-1,-1,-1,0,0,1,1,1,0,0,1,2,2,E01011597
7060,20151326B0948,2015,1326B0948,1,1,3,2,28,6,3,5,1,0,0,0,0,-1,-1,2015,1326B0948,430344.0,433430.0,-1.540822,53.796299,13,3,1,1,11/06/2015,5,12:30,204,E08000035,E08000035,6,0,6,30.0,0,-1,-1,-1,0,4,1,1,1,0,0,1,2,2,E01033010
7061,20151326B1004,2015,1326B1004,1,1,3,1,11,3,3,5,3,0,0,0,0,1,-1,2015,1326B1004,432476.0,434793.0,-1.508314,53.808421,13,3,1,1,11/06/2015,5,16:00,204,E08000035,E08000035,4,6159,6,30.0,0,-1,-1,-1,0,0,1,1,1,0,0,1,1,2,E01011344
7062,20151326B1121,2015,1326B1121,1,1,1,1,11,3,3,0,0,0,0,0,1,2,-1,2015,1326B1121,438308.0,430239.0,-1.42032,53.767096,13,3,2,1,11/06/2015,5,17:00,204,E08000035,E08000035,3,642,6,30.0,0,-1,-1,-1,0,0,1,1,1,0,0,2,1,2,E01011391
7063,20151326B1200,2015,1326B1200,1,2,2,2,89,11,3,0,0,1,0,0,9,1,-1,2015,1326B1200,432494.0,436612.0,-1.507849,53.824768,13,3,3,2,11/06/2015,5,17:30,204,E08000035,E08000035,6,0,6,40.0,0,-1,-1,-1,0,0,1,1,1,0,0,1,1,2,E01011645
7064,20151326B1200,2015,1326B1200,3,1,1,1,47,8,3,0,0,0,0,0,9,1,-1,2015,1326B1200,432494.0,436612.0,-1.507849,53.824768,13,3,3,2,11/06/2015,5,17:30,204,E08000035,E08000035,6,0,6,40.0,0,-1,-1,-1,0,0,1,1,1,0,0,1,1,2,E01011645
7065,20151326B1663,2015,1326B1663,1,1,1,2,29,6,3,0,0,0,0,0,9,1,-1,2015,1326B1663,430083.0,431215.0,-1.545,53.776406,13,3,2,2,10/06/2015,4,10:30,204,E08000035,E08000035,3,653,6,30.0,3,2,6,0,0,5,1,9,1,0,0,1,2,2,E01011371
7066,20151326B1663,2015,1326B1663,1,2,2,2,26,6,3,0,0,1,0,0,9,1,-1,2015,1326B1663,430083.0,431215.0,-1.545,53.776406,13,3,2,2,10/06/2015,4,10:30,204,E08000035,E08000035,3,653,6,30.0,3,2,6,0,0,5,1,9,1,0,0,1,2,2,E01011371
7067,20151326B1678,2015,1326B1678,1,1,1,2,43,7,3,0,0,0,0,0,9,1,-1,2015,1326B1678,432698.0,438584.0,-1.504541,53.842479,13,3,1,1,11/06/2015,5,21:10,204,E08000035,E08000035,6,0,6,30.0,0,-1,-1,-1,0,8,1,1,1,0,0,1,1,2,E01011653
7068,20151326B1713,2015,1326B1713,2,1,1,2,44,7,3,0,0,0,0,0,1,-1,-1,2015,1326B1713,440552.0,448563.0,-1.383867,53.931611,13,3,2,1,10/06/2015,4,20:30,204,E08000035,E08000035,6,0,6,30.0,6,4,6,0,0,0,1,1,1,0,0,1,2,2,E01011704
7069,20151326C0245,2015,1326C0245,1,1,1,1,43,7,2,0,0,0,0,0,5,1,-1,2015,1326C0245,439263.0,432415.0,-1.405557,53.786582,13,2,1,1,12/06/2015,6,07:25,204,E08000035,E08000035,3,63,3,40.0,1,4,3,642,0,0,1,1,1,0,0,2,1,2,E01011402
7070,20151326C0738,2015,1326C0738,3,1,1,1,47,8,3,0,0,0,0,0,21,1,-1,2015,1326C0738,431023.0,424688.0,-1.53139,53.717688,13,3,3,1,12/06/2015,6,12:55,204,E08000035,E08000035,1,1,3,50.0,0,-1,-1,-1,0,0,1,1,1,4,0,2,1,1,E01011537
7071,20151326C0763,2015,1326C0763,1,1,1,2,28,6,3,0,0,0,0,0,9,1,-1,2015,1326C0763,428628.0,436976.0,-1.566544,53.828266,13,3,2,1,12/06/2015,6,13:11,204,E08000035,E08000035,4,6157,3,30.0,3,2,6,0,0,5,1,1,1,0,0,1,1,2,E01011693
7072,20151326C0867,2015,1326C0867,2,1,1,2,34,6,3,0,0,0,0,0,9,1,-1,2015,1326C0867,430062.0,431110.0,-1.545329,53.775464,13,3,3,1,12/06/2015,6,14:30,204,E08000035,E08000035,3,653,6,30.0,0,-1,-1,-1,0,0,1,1,1,0,0,1,2,2,E01011371
7073,20151326C1198,2015,1326C1198,2,1,1,1,44,7,3,0,0,0,0,0,9,1,-1,2015,1326C1198,428921.0,430406.0,-1.562707,53.769201,13,3,2,1,12/06/2015,6,17:14,204,E08000035,E08000035,6,0,6,20.0,3,4,6,0,0,0,1,1,1,0,0,1,1,2,E01011315
7074,20151326C1509,2015,1326C1509,1,1,2,1,5,1,3,0,0,2,0,0,9,1,-1,2015,1326C1509,434653.0,435165.0,-1.475215,53.811624,13,3,1,2,12/06/2015,6,19:26,204,E08000035,E08000035,6,0,6,30.0,0,-1,-1,-1,0,0,1,1,1,0,0,1,1,2,E01011667
7075,20151326C1509,2015,1326C1509,1,2,2,2,7,2,3,0,0,2,0,0,9,1,-1,2015,1326C1509,434653.0,435165.0,-1.475215,53.811624,13,3,1,2,12/06/2015,6,19:26,204,E08000035,E08000035,6,0,6,30.0,0,-1,-1,-1,0,0,1,1,1,0,0,1,1,2,E01011667
7076,20151326D0053,2015,1326D0053,1,1,3,1,26,6,3,6,9,0,0,0,0,1,-1,2015,1326D0053,430381.0,433427.0,-1.540261,53.79627,13,3,1,1,13/06/2015,7,00:30,204,E08000035,E08000035,6,0,6,30.0,0,-1,-1,-1,0,0,4,1,1,0,0,1,2,2,E01033011
7077,20151326D0197,2015,1326D0197,1,1,3,2,19,4,3,5,3,0,0,0,0,1,-1,2015,1326D0197,427963.0,436086.0,-1.576727,53.820303,13,3,1,1,13/06/2015,7,02:00,204,E08000035,E08000035,3,660,6,30.0,0,-1,-1,-1,0,0,4,1,1,0,0,1,2,2,E01011451
7078,20151326D0672,2015,1326D0672,1,1,1,2,47,8,3,0,0,0,0,0,9,1,-1,2015,1326D0672,421490.0,433086.0,-1.675258,53.793646,13,3,1,1,13/06/2015,7,12:40,204,E08000035,E08000035,4,6154,6,30.0,3,4,6,0,0,0,1,1,2,0,0,1,1,2,E01011605
7079,20151326D0695,2015,1326D0695,1,1,1,1,24,5,2,0,0,0,0,0,3,-1,-1,2015,1326D0695,427349.0,430725.0,-1.586528,53.772152,13,2,1,1,13/06/2015,7,13:01,204,E08000035,E08000035,6,0,6,30.0,0,-1,-1,-1,0,0,1,1,1,0,0,1,1,2,E01011318
7080,20151326D0838,2015,1326D0838,2,1,1,1,23,5,3,0,0,0,0,0,1,-1,-1,2015,1326D0838,427615.0,436707.0,-1.581958,53.825903,13,3,2,1,13/06/2015,7,14:31,204,E08000035,E08000035,3,660,6,30.0,3,4,6,0,0,0,1,1,1,0,0,1,1,2,E01011694
7081,20151326D0996,2015,1326D0996,1,1,3,1,8,2,3,5,2,0,0,0,0,1,-1,2015,1326D0996,417459.0,441468.0,-1.735976,53.869132,13,3,1,1,13/06/2015,7,16:00,204,E08000035,E08000035,6,0,6,30.0,3,4,6,0,0,0,1,1,2,0,0,1,1,2,E01011270
7082,20151326D1022,2015,1326D1022,2,1,1,1,48,8,3,0,0,0,0,0,5,1,-1,2015,1326D1022,433310.0,426330.0,-1.49656,53.732306,13,3,2,1,13/06/2015,7,16:20,204,E08000035,E08000035,4,6135,7,30.0,6,4,6,0,0,0,1,1,1,0,0,1,1,2,E01011500
7083,20151326D1157,2015,1326D1157,1,1,1,2,28,6,3,0,0,0,0,0,9,3,-1,2015,1326D1157,429199.0,431930.0,-1.558346,53.782882,13,3,2,2,13/06/2015,7,17:25,204,E08000035,E08000035,1,621,7,50.0,0,-1,-1,-1,0,0,1,1,1,0,0,1,2,1,E01011368
7084,20151326D1157,2015,1326D1157,2,2,1,2,39,7,3,0,0,0,0,0,9,1,-1,2015,1326D1157,429199.0,431930.0,-1.558346,53.782882,13,3,2,2,13/06/2015,7,17:25,204,E08000035,E08000035,1,621,7,50.0,0,-1,-1,-1,0,0,1,1,1,0,0,1,2,1,E01011368
7085,20151326D1230,2015,1326D1230,1,1,1,1,30,6,3,0,0,0,0,0,9,1,-1,2015,1326D1230,429396.0,433845.0,-1.555174,53.800083,13,3,1,1,13/06/2015,7,17:45,204,E08000035,E08000035,3,58,3,40.0,3,2,6,0,0,0,1,1,1,0,0,1,1,2,E01011678
7086,20151326E0844,2015,1326E0844,1,1,1,1,51,8,3,0,0,0,0,0,9,1,-1,2015,1326E0844,421399.0,434070.0,-1.676571,53.802494,13,3,1,2,14/06/2015,1,14:14,204,E08000035,E08000035,6,0,6,30.0,0,-1,-1,-1,0,0,1,1,2,5,0,1,1,2,E01011587
7087,20151326E0844,2015,1326E0844,1,2,2,2,61,9,3,0,0,1,0,0,9,1,-1,2015,1326E0844,421399.0,434070.0,-1.676571,53.802494,13,3,1,2,14/06/2015,1,14:14,204,E08000035,E08000035,6,0,6,30.0,0,-1,-1,-1,0,0,1,1,2,5,0,1,1,2,E01011587
7088,20151326E1022,2015,1326E1022,1,1,3,1,36,7,3,6,9,0,0,0,0,1,-1,2015,1326E1022,428598.0,431156.0,-1.567538,53.775959,13,3,3,1,14/06/2015,1,16:03,204,E08000035,E08000035,6,0,2,30.0,0,-1,-1,-1,0,0,1,1,1,0,0,1,1,2,E01011369
7089,20151326E1453,2015,1326E1453,1,1,3,1,84,11,3,5,1,0,0,0,0,1,-1,2015,1326E1453,429958.0,433327.0,-1.546692,53.795395,13,3,1,1,14/06/2015,1,20:15,204,E08000035,E08000035,6,0,6,30.0,0,-1,-1,-1,0,0,1,1,1,0,0,1,1,2,E01033016
7090,20151326F0205,2015,1326F0205,1,1,1,2,48,8,3,0,0,0,0,0,9,-1,-1,2015,1326F0205,422850.0,433733.0,-1.654565,53.799403,13,3,2,1,15/06/2015,2,07:20,204,E08000035,E08000035,6,0,6,30.0,3,4,6,0,0,0,1,1,1,0,0,1,1,2,E01011610
7091,20151326F0254,2015,1326F0254,2,1,1,1,39,7,3,0,0,0,0,0,1,-1,-1,2015,1326F0254,430840.0,434004.0,-1.533235,53.801429,13,3,2,1,15/06/2015,2,08:20,204,E08000035,E08000035,3,61,3,30.0,3,4,6,0,0,0,1,1,1,0,0,1,1,2,E01033031
7092,20151326F0268,2015,1326F0268,2,1,1,1,26,6,3,0,0,0,0,0,1,1,-1,2015,1326F0268,430674.0,434359.0,-1.535721,53.804629,13,3,2,1,15/06/2015,2,08:36,204,E08000035,E08000035,6,0,6,30.0,0,-1,-1,-1,0,0,1,1,1,0,0,1,1,2,E01033002
7093,20151326F0665,2015,1326F0665,1,1,1,1,51,8,2,0,0,0,0,0,4,1,-1,2015,1326F0665,428655.0,429774.0,-1.566801,53.763535,13,2,2,1,15/06/2015,2,12:50,204,E08000035,E08000035,6,0,6,20.0,0,-1,-1,-1,0,0,1,1,1,0,0,1,1,2,E01011321
7094,20151326F0808,2015,1326F0808,2,1,2,2,73,10,3,0,0,0,4,0,11,1,-1,2015,1326F0808,425225.0,436513.0,-1.618281,53.82428,13,3,2,1,15/06/2015,2,14:14,204,E08000035,E08000035,3,65,3,40.0,0,-1,-1,-1,0,0,1,1,1,0,0,1,1,2,E01032493
7095,20151326F0826,2015,1326F0826,1,1,3,1,43,7,2,5,3,0,0,0,0,1,-1,2015,1326F0826,429334.0,433483.0,-1.55615,53.796833,13,2,1,1,15/06/2015,2,14:25,204,E08000035,E08000035,6,0,3,30.0,0,-1,-1,-1,0,0,1,1,1,0,0,1,1,2,E01033015
7096,20151326F1272,2015,1326F1272,2,1,1,2,41,7,3,0,0,0,0,0,9,1,-1,2015,1326F1272,423019.0,437676.0,-1.651706,53.834835,13,3,2,1,15/06/2015,2,17:55,204,E08000035,E08000035,3,65,1,30.0,1,4,3,6120,0,0,1,1,1,0,0,1,1,2,E01011452
7097,20151326F1396,2015,1326F1396,1,1,1,2,21,5,3,0,0,0,0,0,9,1,-1,2015,1326F1396,427069.0,435702.0,-1.59034,53.816899,13,3,2,2,15/06/2015,2,18:00,204,E08000035,E08000035,6,0,6,30.0,0,-1,-1,-1,0,0,1,1,1,0,0,1,2,2,E01011477
7098,20151326F1396,2015,1326F1396,1,2,2,1,21,5,3,0,0,1,0,0,9,1,-1,2015,1326F1396,427069.0,435702.0,-1.59034,53.816899,13,3,2,2,15/06/2015,2,18:00,204,E08000035,E08000035,6,0,6,30.0,0,-1,-1,-1,0,0,1,1,1,0,0,1,2,2,E01011477
7099,20151326F1417,2015,1326F1417,1,1,1,2,18,4,3,0,0,0,0,0,9,2,-1,2015,1326F1417,435939.0,434817.0,-1.455726,53.808409,13,3,2,2,11/06/2015,5,22:15,204,E08000035,E08000035,6,0,3,40.0,0,-1,-1,-1,0,0,4,1,1,0,0,1,2,2,E01011666
7100,20151326F1417,2015,1326F1417,1,2,2,1,47,8,3,0,0,1,0,0,9,-1,-1,2015,1326F1417,435939.0,434817.0,-1.455726,53.808409,13,3,2,2,11/06/2015,5,22:15,204,E08000035,E08000035,6,0,3,40.0,0,-1,-1,-1,0,0,4,1,1,0,0,1,2,2,E01011666
7101,20151326G0512,2015,1326G0512,1,1,1,2,39,7,3,0,0,0,0,0,9,1,-1,2015,1326G0512,431999.0,425550.0,-1.516512,53.725377,13,3,2,1,16/06/2015,3,11:22,204,E08000035,E08000035,1,1,7,70.0,5,4,1,1,0,0,1,1,1,4,0,2,1,1,E01011499
7102,20151326G0960,2015,1326G0960,2,1,2,2,30,6,2,0,0,1,0,0,9,1,-1,2015,1326G0960,431413.0,428535.0,-1.525091,53.752241,13,2,2,1,16/06/2015,3,15:14,204,E08000035,E08000035,6,0,1,30.0,1,4,6,0,0,0,1,1,1,0,0,1,2,2,E01011466
7103,20151326G1531,2015,1326G1531,1,1,1,2,36,7,3,0,0,0,0,0,9,1,-1,2015,1326G1531,428248.0,431552.0,-1.572813,53.779537,13,3,2,5,16/06/2015,3,20:05,204,E08000035,E08000035,1,621,7,50.0,0,-1,-1,-1,0,0,1,1,1,0,0,1,1,1,E01011369
7104,20151326G1531,2015,1326G1531,2,2,1,2,26,6,3,0,0,0,0,0,9,1,-1,2015,1326G1531,428248.0,431552.0,-1.572813,53.779537,13,3,2,5,16/06/2015,3,20:05,204,E08000035,E08000035,1,621,7,50.0,0,-1,-1,-1,0,0,1,1,1,0,0,1,1,1,E01011369
7105,20151326G1531,2015,1326G1531,2,3,2,2,26,6,3,0,0,1,0,0,9,1,-1,2015,1326G1531,428248.0,431552.0,-1.572813,53.779537,13,3,2,5,16/06/2015,3,20:05,204,E08000035,E08000035,1,621,7,50.0,0,-1,-1,-1,0,0,1,1,1,0,0,1,1,1,E01011369
7106,20151326G1531,2015,1326G1531,2,4,2,2,24,5,3,0,0,2,0,0,9,1,-1,2015,1326G1531,428248.0,431552.0,-1.572813,53.779537,13,3,2,5,16/06/2015,3,20:05,204,E08000035,E08000035,1,621,7,50.0,0,-1,-1,-1,0,0,1,1,1,0,0,1,1,1,E01011369
7107,20151326G1531,2015,1326G1531,2,5,2,2,25,5,3,0,0,2,0,0,9,1,-1,2015,1326G1531,428248.0,431552.0,-1.572813,53.779537,13,3,2,5,16/06/2015,3,20:05,204,E08000035,E08000035,1,621,7,50.0,0,-1,-1,-1,0,0,1,1,1,0,0,1,1,1,E01011369
7108,20151326G1667,2015,1326G1667,1,1,3,1,20,4,3,5,3,0,0,0,0,1,-1,2015,1326G1667,429219.0,431646.0,-1.558069,53.780329,13,3,1,1,16/06/2015,3,21:13,204,E08000035,E08000035,6,0,6,20.0,3,4,6,0,0,0,1,1,1,0,0,1,1,2,E01011368
7109,20151326H0327,2015,1326H0327,2,1,1,1,14,3,3,0,0,0,0,0,1,1,-1,2015,1326H0327,436655.0,436203.0,-1.444689,53.820816,13,3,2,1,17/06/2015,4,07:55,204,E08000035,E08000035,6,0,6,30.0,0,-1,-1,-1,0,0,1,1,1,0,0,1,2,2,E01011723
7110,20151326H0686,2015,1326H0686,1,1,2,2,17,4,3,0,0,1,0,0,9,1,-1,2015,1326H0686,431380.0,428527.0,-1.525592,53.752171,13,3,2,3,17/06/2015,4,13:19,204,E08000035,E08000035,6,0,6,20.0,9,4,6,0,0,0,1,2,2,0,0,1,1,2,E01011502
7111,20151326H0686,2015,1326H0686,1,2,2,2,19,4,3,0,0,2,0,0,9,1,-1,2015,1326H0686,431380.0,428527.0,-1.525592,53.752171,13,3,2,3,17/06/2015,4,13:19,204,E08000035,E08000035,6,0,6,20.0,9,4,6,0,0,0,1,2,2,0,0,1,1,2,E01011502
7112,20151326H0686,2015,1326H0686,1,3,2,2,16,4,3,0,0,2,0,0,9,2,-1,2015,1326H0686,431380.0,428527.0,-1.525592,53.752171,13,3,2,3,17/06/2015,4,13:19,204,E08000035,E08000035,6,0,6,20.0,9,4,6,0,0,0,1,2,2,0,0,1,1,2,E01011502
7113,20151326H0907,2015,1326H0907,1,1,1,1,11,3,3,0,0,0,0,0,1,1,-1,2015,1326H0907,432399.0,434430.0,-1.509521,53.805163,13,3,2,1,17/06/2015,4,15:31,204,E08000035,E08000035,6,0,6,30.0,3,4,6,0,0,0,1,1,1,0,0,1,1,2,E01011347
7114,20151326H0965,2015,1326H0965,1,1,2,2,67,10,3,0,0,0,4,0,11,-1,-1,2015,1326H0965,430683.0,433601.0,-1.535659,53.797816,13,3,2,1,18/06/2015,5,15:45,204,E08000035,E08000035,6,0,2,20.0,5,2,6,0,0,0,1,1,1,0,0,1,1,2,E01033011
7115,20151326H1237,2015,1326H1237,1,1,3,1,3,1,3,1,1,0,0,0,0,-1,-1,2015,1326H1237,433561.0,435941.0,-1.491714,53.81867,13,3,1,1,17/06/2015,4,18:00,204,E08000035,E08000035,6,0,6,30.0,0,-1,-1,-1,2,4,1,1,1,0,0,1,1,2,E01011421
7116,20151326I0282,2015,1326I0282,2,1,1,1,33,6,2,0,0,0,0,0,1,1,-1,2015,1326I0282,427322.0,437205.0,-1.586365,53.830394,13,2,2,1,18/06/2015,5,08:35,204,E08000035,E08000035,3,660,6,30.0,3,4,6,0,0,4,1,1,1,0,0,1,1,2,E01011690
7117,20151326I0292,2015,1326I0292,1,1,1,1,49,8,3,0,0,0,0,0,3,1,-1,2015,1326I0292,426968.0,437466.0,-1.59172,53.832758,13,3,2,1,19/06/2015,6,08:45,204,E08000035,E08000035,3,660,6,30.0,0,-1,-1,-1,0,0,1,1,1,0,0,1,1,2,E01011685
7118,20151326I0374,2015,1326I0374,2,1,1,1,64,9,3,0,0,0,0,0,9,1,-1,2015,1326I0374,431569.0,425150.0,-1.523069,53.721808,13,3,2,1,18/06/2015,5,09:55,204,E08000035,E08000035,1,1,3,70.0,0,-1,-1,-1,0,0,1,1,1,0,0,2,1,1,E01011551
7119,20151326I0602,2015,1326I0602,2,1,1,1,14,3,3,0,0,0,0,0,1,1,-1,2015,1326I0602,425081.0,427745.0,-1.621179,53.745482,13,3,2,1,18/06/2015,5,15:45,204,E08000035,E08000035,3,643,6,30.0,3,4,6,0,0,0,1,1,1,0,0,1,2,2,E01011530
7120,20151326J0404,2015,1326J0404,2,1,1,2,38,7,3,0,0,0,0,0,9,1,-1,2015,1326J0404,429405.0,433918.0,-1.555031,53.800738,13,3,2,1,19/06/2015,6,14:30,204,E08000035,E08000035,3,58,6,40.0,5,4,3,58,0,0,1,1,1,0,0,1,2,2,E01011678
7121,20151326J0461,2015,1326J0461,1,1,1,2,30,6,3,0,0,0,0,0,9,1,-1,2015,1326J0461,430875.0,433474.0,-1.532757,53.796663,13,3,3,11,19/06/2015,6,10:30,204,E08000035,E08000035,6,0,3,30.0,3,4,6,0,0,0,1,1,1,0,0,1,1,2,E01033011
7122,20151326J0461,2015,1326J0461,3,2,2,2,53,8,3,0,0,0,4,0,11,2,-1,2015,1326J0461,430875.0,433474.0,-1.532757,53.796663,13,3,3,11,19/06/2015,6,10:30,204,E08000035,E08000035,6,0,3,30.0,3,4,6,0,0,0,1,1,1,0,0,1,1,2,E01033011
7123,20151326J0461,2015,1326J0461,3,3,2,2,57,9,3,0,0,0,4,0,11,2,-1,2015,1326J0461,430875.0,433474.0,-1.532757,53.796663,13,3,3,11,19/06/2015,6,10:30,204,E08000035,E08000035,6,0,3,30.0,3,4,6,0,0,0,1,1,1,0,0,1,1,2,E01033011
7124,20151326J0461,2015,1326J0461,3,4,2,2,61,9,3,0,0,0,4,0,11,3,-1,2015,1326J0461,430875.0,433474.0,-1.532757,53.796663,13,3,3,11,19/06/2015,6,10:30,204,E08000035,E08000035,6,0,3,30.0,3,4,6,0,0,0,1,1,1,0,0,1,1,2,E01033011
7125,20151326J0461,2015,1326J0461,3,5,2,2,77,11,3,0,0,0,4,0,11,2,-1,2015,1326J0461,430875.0,433474.0,-1.532757,53.796663,13,3,3,11,19/06/2015,6,10:30,204,E08000035,E08000035,6,0,3,30.0,3,4,6,0,0,0,1,1,1,0,0,1,1,2,E01033011
7126,20151326J0461,2015,1326J0461,3,6,2,2,68,10,3,0,0,0,4,0,11,1,-1,2015,1326J0461,430875.0,433474.0,-1.532757,53.796663,13,3,3,11,19/06/2015,6,10:30,204,E08000035,E08000035,6,0,3,30.0,3,4,6,0,0,0,1,1,1,0,0,1,1,2,E01033011
7127,20151326J0461,2015,1326J0461,3,7,2,1,88,11,3,0,0,0,4,0,11,1,-1,2015,1326J0461,430875.0,433474.0,-1.532757,53.796663,13,3,3,11,19/06/2015,6,10:30,204,E08000035,E08000035,6,0,3,30.0,3,4,6,0,0,0,1,1,1,0,0,1,1,2,E01033011
7128,20151326J0461,2015,1326J0461,3,8,2,2,72,10,3,0,0,0,4,0,11,2,-1,2015,1326J0461,430875.0,433474.0,-1.532757,53.796663,13,3,3,11,19/06/2015,6,10:30,204,E08000035,E08000035,6,0,3,30.0,3,4,6,0,0,0,1,1,1,0,0,1,1,2,E01033011
7129,20151326J0461,2015,1326J0461,3,9,2,2,56,9,3,0,0,0,4,0,11,-1,-1,2015,1326J0461,430875.0,433474.0,-1.532757,53.796663,13,3,3,11,19/06/2015,6,10:30,204,E08000035,E08000035,6,0,3,30.0,3,4,6,0,0,0,1,1,1,0,0,1,1,2,E01033011
7130,20151326J0461,2015,1326J0461,3,10,2,2,58,9,3,0,0,0,4,0,11,-1,-1,2015,1326J0461,430875.0,433474.0,-1.532757,53.796663,13,3,3,11,19/06/2015,6,10:30,204,E08000035,E08000035,6,0,3,30.0,3,4,6,0,0,0,1,1,1,0,0,1,1,2,E01033011
7131,20151326J0461,2015,1326J0461,3,11,2,1,52,8,3,0,0,0,4,0,11,-1,-1,2015,1326J0461,430875.0,433474.0,-1.532757,53.796663,13,3,3,11,19/06/2015,6,10:30,204,E08000035,E08000035,6,0,3,30.0,3,4,6,0,0,0,1,1,1,0,0,1,1,2,E01033011
7132,20151326J0691,2015,1326J0691,1,1,2,2,93,11,2,0,0,0,1,0,11,1,-1,2015,1326J0691,425363.0,437476.0,-1.616106,53.832929,13,2,1,1,19/06/2015,6,13:10,204,E08000035,E08000035,6,0,6,30.0,0,-1,-1,-1,0,0,1,1,1,0,0,1,2,2,E01032494
7133,20151326J0996,2015,1326J0996,1,1,3,2,16,4,3,9,9,0,0,0,0,1,-1,2015,1326J0996,433752.0,433788.0,-1.489048,53.799307,13,3,1,1,19/06/2015,6,15:30,204,E08000035,E08000035,6,0,6,30.0,0,-1,-1,-1,0,0,1,1,1,0,0,1,1,2,E01011617
7134,20151326J1049,2015,1326J1049,1,1,1,1,37,7,2,0,0,0,0,0,1,1,-1,2015,1326J1049,422397.0,432685.0,-1.661519,53.790004,13,2,2,1,19/06/2015,6,15:45,204,E08000035,E08000035,6,0,6,30.0,3,4,6,0,0,0,1,1,1,0,0,1,1,2,E01011604
7135,20151326J1155,2015,1326J1155,2,1,1,1,44,7,3,0,0,0,0,0,1,1,-1,2015,1326J1155,426703.0,431764.0,-1.596239,53.781524,13,3,2,1,19/06/2015,6,16:46,204,E08000035,E08000035,3,58,1,30.0,1,4,3,6110,0,0,1,1,1,0,0,1,1,2,E01011736
7136,20151326J1182,2015,1326J1182,1,1,2,1,53,8,3,0,0,0,1,0,11,1,-1,2015,1326J1182,428140.0,429437.0,-1.574643,53.760534,13,3,1,1,19/06/2015,6,13:30,204,E08000035,E08000035,6,0,9,20.0,0,-1,-1,-1,0,0,1,1,1,0,0,1,2,2,E01011531
7137,20151326J1367,2015,1326J1367,1,1,1,1,26,6,3,0,0,0,0,0,9,1,-1,2015,1326J1367,427416.0,436000.0,-1.585044,53.819559,13,3,2,2,19/06/2015,6,18:24,204,E08000035,E08000035,6,0,6,20.0,0,-1,-1,-1,0,0,1,1,1,0,0,1,1,2,E01032945
7138,20151326J1367,2015,1326J1367,2,2,1,1,89,11,3,0,0,0,0,0,9,3,-1,2015,1326J1367,427416.0,436000.0,-1.585044,53.819559,13,3,2,2,19/06/2015,6,18:24,204,E08000035,E08000035,6,0,6,20.0,0,-1,-1,-1,0,0,1,1,1,0,0,1,1,2,E01032945
7139,20151326J1509,2015,1326J1509,1,1,2,2,21,5,3,0,0,0,3,0,11,1,-1,2015,1326J1509,428330.0,429611.0,-1.571746,53.762088,13,3,1,2,19/06/2015,6,14:00,204,E08000035,E08000035,3,6110,3,30.0,1,4,3,653,0,0,1,1,1,0,0,1,2,2,E01011321
7140,20151326J1509,2015,1326J1509,1,2,2,2,78,11,3,0,0,0,3,0,11,1,-1,2015,1326J1509,428330.0,429611.0,-1.571746,53.762088,13,3,1,2,19/06/2015,6,14:00,204,E08000035,E08000035,3,6110,3,30.0,1,4,3,653,0,0,1,1,1,0,0,1,2,2,E01011321
7141,20151326K0228,2015,1326K0228,1,1,2,1,22,5,2,0,0,1,0,0,9,1,-1,2015,1326K0228,430532.0,440750.0,-1.537244,53.862077,13,2,1,1,20/06/2015,7,02:54,204,E08000035,E08000035,6,0,6,30.0,3,4,6,0,0,0,4,1,2,0,0,1,1,2,E01011563
7142,20151326K0533,2015,1326K0533,2,1,1,1,19,4,3,0,0,0,0,0,3,1,-1,2015,1326K0533,428843.0,430208.0,-1.563909,53.767425,13,3,2,1,20/06/2015,7,10:40,204,E08000035,E08000035,6,0,6,30.0,3,4,6,0,0,0,1,1,1,0,0,1,1,2,E01011320
7143,20151326K0580,2015,1326K0580,2,1,1,1,30,6,3,0,0,0,0,0,1,1,-1,2015,1326K0580,426711.0,433480.0,-1.59597,53.796946,13,3,2,1,20/06/2015,7,11:25,204,E08000035,E08000035,6,0,6,30.0,8,4,6,0,0,0,1,1,2,0,0,1,1,2,E01032500
7144,20151326K0659,2015,1326K0659,2,1,1,1,12,3,3,0,0,0,0,0,1,1,-1,2015,1326K0659,429104.0,436720.0,-1.559337,53.825939,13,3,2,1,20/06/2015,7,12:00,204,E08000035,E08000035,6,0,6,30.0,0,-1,-1,-1,0,0,1,1,2,0,0,1,2,2,E01011450