,accident_index,accident_year_x,accident_reference_x,vehicle_reference,casualty_reference,casualty_class,sex_of_casualty,age_of_casualty,age_band_of_casualty,casualty_severity,pedestrian_location,pedestrian_movement,car_passenger,bus_or_coach_passenger,pedestrian_road_maintenance_worker,casualty_type,casualty_home_area_type,casualty_imd_decile,accident_year_y,accident_reference_y,location_easting_osgr,location_northing_osgr,longitude,latitude,police_force,accident_severity,number_of_vehicles,number_of_casualties,date,day_of_week,time,local_authority_district,local_authority_ons_district,local_authority_highway,first_road_class,first_road_number,road_type,speed_limit,junction_detail,junction_control,second_road_class,second_road_number,pedestrian_crossing_human_control,pedestrian_crossing_physical_facilities,light_conditions,weather_conditions,road_surface_conditions,special_conditions_at_site,carriageway_hazards,urban_or_rural_area,did_police_officer_attend_scene_of_accident,trunk_road_flag,lsoa_of_accident_location
7145,20151326K0953,2015,1326K0953,2,1,2,2,54,8,3,0,0,2,0,0,8,1,-1,2015,1326K0953,429137.0,433091.0,-1.559177,53.793321,13,3,2,1,20/06/2015,7,16:30,204,E08000035,E08000035,3,58,6,30.0,3,4,6,0,0,0,1,1,1,0,0,1,2,2,E01033013
7146,20151326K1148,2015,1326K1148,1,1,1,1,40,7,3,0,0,0,0,0,5,3,-1,2015,1326K1148,430651.0,434685.0,-1.536037,53.80756,13,3,2,1,20/06/2015,7,17:01,204,E08000035,E08000035,3,58,3,30.0,3,2,3,61,0,5,1,1,1,0,0,1,1,2,E01011671
7147,20151326K1191,2015,1326K1191,1,1,1,1,48,8,3,0,0,0,0,0,9,3,-1,2015,1326K1191,429542.0,431239.0,-1.553206,53.776653,13,3,2,3,20/06/2015,7,17:15,204,E08000035,E08000035,6,0,6,30.0,6,4,6,0,0,0,1,1,1,0,0,1,1,2,E01011373
7148,20151326K1191,2015,1326K1191,1,2,2,1,11,3,3,0,0,2,0,0,9,3,-1,2015,1326K1191,429542.0,431239.0,-1.553206,53.776653,13,3,2,3,20/06/2015,7,17:15,204,E08000035,E08000035,6,0,6,30.0,6,4,6,0,0,0,1,1,1,0,0,1,1,2,E01011373
7149,20151326K1191,2015,1326K1191,2,3,1,1,24,5,3,0,0,0,0,0,9,1,-1,2015,1326K1191,429542.0,431239.0,-1.553206,53.776653,13,3,2,3,20/06/2015,7,17:15,204,E08000035,E08000035,6,0,6,30.0,6,4,6,0,0,0,1,1,1,0,0,1,1,2,E01011373
7150,20151326L0021,2015,1326L0021,1,1,3,1,42,7,2,8,7,0,0,0,0,1,-1,2015,1326L0021,430925.0,433950.0,-1.53195,53.800938,13,2,2,1,21/06/2015,1,00:15,204,E08000035,E08000035,6,0,6,20.0,0,-1,-1,-1,0,0,5,1,1,0,0,1,1,2,E01033031
7151,20151326L0484,2015,1326L0484,2,1,1,1,26,6,3,0,0,0,0,0,19,1,-1,2015,1326L0484,431157.0,438378.0,-1.527981,53.840722,13,3,2,2,21/06/2015,1,09:56,204,E08000035,E08000035,6,0,6,30.0,3,4,6,0,0,0,1,1,1,0,0,1,1,2,E01011512
7152,20151326L0484,2015,1326L0484,2,2,2,1,19,4,3,0,0,1,0,0,19,1,-1,2015,1326L0484,431157.0,438378.0,-1.527981,53.840722,13,3,2,2,21/06/2015,1,09:56,204,E08000035,E08000035,6,0,6,30.0,3,4,6,0,0,0,1,1,1,0,0,1,1,2,E01011512
7153,20151326L0730,2015,1326L0730,2,1,2,1,55,8,3,0,0,1,0,0,9,-1,-1,2015,1326L0730,435788.0,425981.0,-1.45904,53.729005,13,3,2,1,21/06/2015,1,13:10,204,E08000035,E08000035,1,62,6,60.0,1,4,3,642,0,0,1,1,1,0,0,2,1,1,E01011636
7154,20151326L0939,2015,1326L0939,2,1,1,1,58,9,3,0,0,0,0,0,4,1,-1,2015,1326L0939,428737.0,433251.0,-1.565234,53.794781,13,3,2,1,21/06/2015,1,15:27,204,E08000035,E08000035,3,58,3,30.0,3,4,6,0,0,0,1,1,1,0,0,1,1,2,E01011363
7155,20151326L1046,2015,1326L1046,1,1,2,2,78,11,3,0,0,0,4,0,11,1,-1,2015,1326L1046,429889.0,435204.0,-1.547558,53.812269,13,3,1,2,21/06/2015,1,14:55,204,E08000035,E08000035,6,0,6,30.0,3,4,6,0,0,0,1,1,1,0,0,1,1,2,E01033005
7156,20151326L1046,2015,1326L1046,1,2,2,2,79,11,3,0,0,0,4,0,11,1,-1,2015,1326L1046,429889.0,435204.0,-1.547558,53.812269,13,3,1,2,21/06/2015,1,14:55,204,E08000035,E08000035,6,0,6,30.0,3,4,6,0,0,0,1,1,1,0,0,1,1,2,E01033005
7157,20151326L1146,2015,1326L1146,1,1,1,1,17,4,3,0,0,0,0,0,9,-1,-1,2015,1326L1146,431497.0,436592.0,-1.522997,53.824649,13,3,3,1,21/06/2015,1,17:15,204,E08000035,E08000035,6,0,6,20.0,0,-1,-1,-1,0,0,1,1,1,0,0,1,2,2,E01011353
7158,20151326L1283,2015,1326L1283,2,1,1,1,45,7,2,0,0,0,0,0,1,1,-1,2015,1326L1283,431717.0,434548.0,-1.519865,53.806265,13,2,2,1,21/06/2015,1,18:43,204,E08000035,E08000035,6,0,6,30.0,0,-1,-1,-1,0,5,1,1,1,0,0,1,1,2,E01011677
7159,20151326L1645,2015,1326L1645,1,1,1,1,19,4,3,0,0,0,0,0,9,1,-1,2015,1326L1645,427434.0,438600.0,-1.584539,53.842926,13,3,1,1,21/06/2015,1,22:35,204,E08000035,E08000035,3,6120,3,70.0,0,-1,-1,-1,0,0,4,2,2,0,0,2,1,2,E01032876
7160,20151326L1698,2015,1326L1698,1,1,3,1,28,6,3,9,8,0,0,0,0,1,-1,2015,1326L1698,438510.0,430220.0,-1.417258,53.76691,13,3,1,1,21/06/2015,1,23:30,204,E08000035,E08000035,6,0,6,30.0,6,4,6,0,0,0,6,2,2,0,0,2,1,2,E01011390
7161,20151326M0246,2015,1326M0246,2,1,1,2,33,6,2,0,0,0,0,0,1,1,-1,2015,1326M0246,432055.0,435968.0,-1.514585,53.819007,13,2,2,1,22/06/2015,2,08:00,204,E08000035,E08000035,6,0,6,30.0,3,4,6,0,0,0,1,1,1,0,0,1,1,2,E01011647
7162,20151326M0766,2015,1326M0766,2,1,1,2,55,8,3,0,0,0,0,0,9,1,-1,2015,1326M0766,429927.0,427548.0,-1.547721,53.743457,13,3,2,1,22/06/2015,2,14:01,204,E08000035,E08000035,6,0,6,30.0,0,-1,-1,-1,0,0,1,1,1,0,0,1,2,2,E01011497
7163,20151326M0785,2015,1326M0785,2,1,1,1,39,7,3,0,0,0,0,0,9,1,-1,2015,1326M0785,429105.0,426413.0,-1.56029,53.733302,13,3,2,1,22/06/2015,2,14:14,204,E08000035,E08000035,1,62,9,70.0,0,-1,-1,-1,0,0,1,1,1,0,0,2,2,1,E01011538
7164,20151326M1114,2015,1326M1114,2,1,1,2,72,10,3,0,0,0,0,0,9,1,-1,2015,1326M1114,439077.0,446067.0,-1.406648,53.909292,13,3,2,1,22/06/2015,2,17:05,204,E08000035,E08000035,3,58,6,40.0,0,-1,-1,-1,0,0,1,1,1,0,0,1,1,2,E01011706
7165,20151326N0240,2015,1326N0240,2,1,1,2,30,6,3,0,0,0,0,0,9,1,-1,2015,1326N0240,435904.0,425849.0,-1.457297,53.727811,13,3,2,1,23/06/2015,3,08:35,204,E08000035,E08000035,3,642,1,70.0,1,4,1,62,0,0,1,1,1,4,0,2,1,2,E01011636
7166,20151326N0594,2015,1326N0594,2,1,2,2,79,11,2,0,0,0,3,0,11,-1,-1,2015,1326N0594,428622.0,436968.0,-1.566636,53.828194,13,2,2,1,23/06/2015,3,12:39,204,E08000035,E08000035,4,6157,6,30.0,9,4,6,0,0,0,1,1,1,0,0,1,1,2,E01011693
7167,20151326N0764,2015,1326N0764,2,1,1,1,26,6,3,0,0,0,0,0,9,3,-1,2015,1326N0764,420950.0,436847.0,-1.6832,53.827471,13,3,2,1,23/06/2015,3,14:51,204,E08000035,E08000035,3,657,6,30.0,0,-1,-1,-1,0,0,1,1,1,0,0,1,1,2,E01011589
7168,20151326N0954,2015,1326N0954,1,1,1,2,34,6,3,0,0,0,0,0,11,1,-1,2015,1326N0954,420312.0,445410.0,-1.692329,53.904458,13,3,2,1,23/06/2015,3,16:18,204,E08000035,E08000035,6,0,6,30.0,0,-1,-1,-1,0,0,1,1,1,0,0,1,2,2,E01011569
7169,20151326N0994,2015,1326N0994,2,1,1,1,68,10,3,0,0,0,0,0,9,1,-1,2015,1326N0994,431229.0,445931.0,-1.526121,53.9086,13,3,2,1,23/06/2015,3,16:30,204,E08000035,E08000035,3,61,6,60.0,0,-1,-1,-1,0,0,1,1,1,0,0,2,1,2,E01011561
7170,20151326N1257,2015,1326N1257,1,1,1,1,44,7,3,0,0,0,0,0,9,1,-1,2015,1326N1257,431951.0,431235.0,-1.516654,53.776475,13,3,1,1,23/06/2015,3,18:40,204,E08000035,E08000035,3,639,6,30.0,6,2,6,0,0,5,1,1,1,0,0,1,1,2,E01011468
7171,20151326N1347,2015,1326N1347,2,1,1,2,26,6,3,0,0,0,0,0,1,-1,-1,2015,1326N1347,420924.0,434425.0,-1.683759,53.805704,13,3,2,1,23/06/2015,3,19:00,204,E08000035,E08000035,3,647,1,30.0,1,2,3,647,0,0,1,1,1,0,0,1,2,2,E01011595
7172,20151326N1521,2015,1326N1521,1,1,1,1,11,3,2,0,0,0,0,0,1,1,-1,2015,1326N1521,430960.0,428233.0,-1.531991,53.749554,13,2,2,1,23/06/2015,3,20:40,204,E08000035,E08000035,6,0,6,30.0,1,4,6,0,0,8,1,1,1,0,0,1,1,2,E01011490
7173,20151326N1577,2015,1326N1577,2,1,1,1,60,9,2,0,0,0,0,0,5,1,-1,2015,1326N1577,422027.0,440633.0,-1.666568,53.861454,13,2,2,1,23/06/2015,3,21:15,204,E08000035,E08000035,6,0,6,60.0,3,4,6,0,0,0,1,1,1,0,0,2,1,2,E01011580
7174,20151326N1703,2015,1326N1703,2,1,2,2,68,10,3,0,0,2,0,0,9,1,-1,2015,1326N1703,431149.0,424771.0,-1.529472,53.718427,13,3,2,3,23/06/2015,3,22:33,204,E08000035,E08000035,1,1,3,50.0,0,-1,-1,-1,0,0,6,1,1,4,0,2,1,1,E01011537
7175,20151326N1703,2015,1326N1703,2,2,2,2,42,7,3,0,0,2,0,0,9,1,-1,2015,1326N1703,431149.0,424771.0,-1.529472,53.718427,13,3,2,3,23/06/2015,3,22:33,204,E08000035,E08000035,1,1,3,50.0,0,-1,-1,-1,0,0,6,1,1,4,0,2,1,1,E01011537
7176,20151326N1703,2015,1326N1703,2,3,2,2,32,6,3,0,0,1,0,0,9,1,-1,2015,1326N1703,431149.0,424771.0,-1.529472,53.718427,13,3,2,3,23/06/2015,3,22:33,204,E08000035,E08000035,1,1,3,50.0,0,-1,-1,-1,0,0,6,1,1,4,0,2,1,1,E01011537
7177,20151326N1743,2015,1326N1743,2,1,1,1,51,8,3,0,0,0,0,0,1,1,-1,2015,1326N1743,423653.0,443836.0,-1.6416,53.89017,13,3,2,1,23/06/2015,3,22:58,204,E08000035,E08000035,3,658,6,40.0,0,-1,-1,-1,0,0,1,1,1,0,0,2,1,2,E01032503
7178,20151326O0315,2015,1326O0315,2,1,1,1,31,6,3,0,0,0,0,0,9,1,-1,2015,1326O0315,431758.0,434889.0,-1.519207,53.809328,13,3,2,1,24/06/2015,4,08:50,204,E08000035,E08000035,6,0,6,30.0,6,4,6,0,0,0,1,1,1,0,0,1,1,2,E01011677
7179,20151326O0318,2015,1326O0318,2,1,1,2,24,5,3,0,0,0,0,0,1,1,-1,2015,1326O0318,425697.0,432088.0,-1.611479,53.784486,13,3,2,1,24/06/2015,4,08:54,204,E08000035,E08000035,6,0,6,30.0,0,-1,-1,-1,0,0,1,1,1,0,0,1,2,2,E01011735
7180,20151326O0447,2015,1326O0447,1,1,1,1,87,11,3,0,0,0,0,0,9,1,-1,2015,1326O0447,429074.0,439892.0,-1.559493,53.854449,13,3,3,1,24/06/2015,4,10:34,204,E08000035,E08000035,6,0,6,20.0,0,-1,-1,-1,0,0,1,1,1,0,0,1,1,2,E01011567
7181,20151326O0552,2015,1326O0552,2,1,1,1,27,6,3,0,0,0,0,0,1,1,-1,2015,1326O0552,429907.0,434006.0,-1.547401,53.801501,13,3,2,1,24/06/2015,4,15:10,204,E08000035,E08000035,6,0,6,30.0,0,-1,-1,-1,0,0,1,1,1,0,0,1,2,2,E01033010
7182,20151326O0739,2015,1326O0739,1,1,1,2,32,6,3,0,0,0,0,0,9,1,-1,2015,1326O0739,432173.0,426122.0,-1.513816,53.730507,13,3,2,2,24/06/2015,4,13:30,204,E08000035,E08000035,1,1,1,50.0,1,2,1,62,0,0,1,1,1,0,0,2,1,1,E01011499
7183,20151326O0739,2015,1326O0739,1,2,2,2,22,5,3,0,0,1,0,0,9,-1,-1,2015,1326O0739,432173.0,426122.0,-1.513816,53.730507,13,3,2,2,24/06/2015,4,13:30,204,E08000035,E08000035,1,1,1,50.0,1,2,1,62,0,0,1,1,1,0,0,2,1,1,E01011499
7184,20151326O0772,2015,1326O0772,1,1,1,1,53,8,3,0,0,0,0,0,9,1,-1,2015,1326O0772,426087.0,430014.0,-1.605735,53.765826,13,3,1,1,24/06/2015,4,13:55,204,E08000035,E08000035,3,62,6,50.0,0,-1,-1,-1,0,0,1,1,1,0,0,1,1,2,E01011522
7185,20151326O0987,2015,1326O0987,2,1,1,1,25,5,3,0,0,0,0,0,1,1,-1,2015,1326O0987,427404.0,434903.0,-1.585323,53.8097,13,3,2,1,24/06/2015,4,15:50,204,E08000035,E08000035,6,0,6,30.0,3,4,6,0,0,0,1,1,1,0,0,1,1,2,E01011478
7186,20151326O1142,2015,1326O1142,1,1,1,2,31,6,3,0,0,0,0,0,9,1,-1,2015,1326O1142,434619.0,441230.0,-1.47505,53.866136,13,3,2,3,24/06/2015,4,17:00,204,E08000035,E08000035,6,0,6,60.0,6,4,6,0,0,0,1,1,1,0,0,2,1,2,E01011713
7187,20151326O1142,2015,1326O1142,1,3,2,2,27,6,3,0,0,1,0,0,9,1,-1,2015,1326O1142,434619.0,441230.0,-1.47505,53.866136,13,3,2,3,24/06/2015,4,17:00,204,E08000035,E08000035,6,0,6,60.0,6,4,6,0,0,0,1,1,1,0,0,2,1,2,E01011713
7188,20151326O1142,2015,1326O1142,2,2,1,2,42,7,3,0,0,0,0,0,9,3,-1,2015,1326O1142,434619.0,441230.0,-1.47505,53.866136,13,3,2,3,24/06/2015,4,17:00,204,E08000035,E08000035,6,0,6,60.0,6,4,6,0,0,0,1,1,1,0,0,2,1,2,E01011713
7189,20151326O1434,2015,1326O1434,1,1,1,1,24,5,3,0,0,0,0,0,1,1,-1,2015,1326O1434,430018.0,434081.0,-1.545708,53.802169,13,3,1,1,24/06/2015,4,19:24,204,E08000035,E08000035,6,0,3,30.0,0,-1,-1,-1,0,0,1,1,1,0,0,1,1,2,E01033010
7190,20151326P0028,2015,1326P0028,1,1,1,1,38,7,3,0,0,0,0,0,1,1,-1,2015,1326P0028,423775.0,435718.0,-1.640369,53.817203,13,3,2,1,25/06/2015,5,00:13,204,E08000035,E08000035,6,0,6,30.0,0,-1,-1,-1,0,0,4,1,1,0,0,1,1,2,E01011330
7191,20151326P0292,2015,1326P0292,2,1,1,1,37,7,3,0,0,0,0,0,9,-1,-1,2015,1326P0292,426914.0,430193.0,-1.593174,53.767393,13,3,4,2,25/06/2015,5,08:30,204,E08000035,E08000035,1,621,3,70.0,0,-1,-1,-1,0,0,1,1,1,0,0,1,1,1,E01011734
7192,20151326P0292,2015,1326P0292,3,2,1,2,19,4,3,0,0,0,0,0,9,-1,-1,2015,1326P0292,426914.0,430193.0,-1.593174,53.767393,13,3,4,2,25/06/2015,5,08:30,204,E08000035,E08000035,1,621,3,70.0,0,-1,-1,-1,0,0,1,1,1,0,0,1,1,1,E01011734
7193,20151326P0420,2015,1326P0420,2,1,1,1,25,5,3,0,0,0,0,0,1,1,-1,2015,1326P0420,427996.0,435578.0,-1.576272,53.815735,13,3,2,1,25/06/2015,5,21:00,204,E08000035,E08000035,6,0,6,30.0,3,4,6,0,0,0,1,1,1,0,0,1,2,2,E01011442
7194,20151326Q0412,2015,1326Q0412,2,1,1,1,28,6,3,0,0,0,0,0,3,-1,-1,2015,1326Q0412,425797.0,428422.0,-1.610266,53.751532,13,3,2,1,26/06/2015,6,10:15,204,E08000035,E08000035,6,0,6,30.0,3,4,6,0,0,0,1,1,1,0,0,1,1,2,E01011532
7195,20151326Q0554,2015,1326Q0554,3,1,1,1,48,8,2,0,0,0,0,0,1,1,-1,2015,1326Q0554,420472.0,446287.0,-1.689836,53.912334,13,2,3,1,26/06/2015,6,11:45,204,E08000035,E08000035,4,6451,6,30.0,0,-1,-1,-1,0,0,1,1,1,0,0,1,1,2,E01011584
7196,20151326Q0881,2015,1326Q0881,2,1,1,2,21,5,3,0,0,0,0,0,9,2,-1,2015,1326Q0881,428267.0,431558.0,-1.572524,53.77959,13,3,2,4,26/06/2015,6,15:04,204,E08000035,E08000035,1,621,7,50.0,5,4,6,0,0,0,1,1,1,0,0,1,1,1,E01011369
7197,20151326Q0881,2015,1326Q0881,2,2,2,1,21,5,3,0,0,1,0,0,9,1,-1,2015,1326Q0881,428267.0,431558.0,-1.572524,53.77959,13,3,2,4,26/06/2015,6,15:04,204,E08000035,E08000035,1,621,7,50.0,5,4,6,0,0,0,1,1,1,0,0,1,1,1,E01011369
7198,20151326Q0881,2015,1326Q0881,2,3,2,1,21,5,3,0,0,2,0,0,9,1,-1,2015,1326Q0881,428267.0,431558.0,-1.572524,53.77959,13,3,2,4,26/06/2015,6,15:04,204,E08000035,E08000035,1,621,7,50.0,5,4,6,0,0,0,1,1,1,0,0,1,1,1,E01011369
7199,20151326Q0881,2015,1326Q0881,2,4,2,2,21,5,3,0,0,2,0,0,9,1,-1,2015,1326Q0881,428267.0,431558.0,-1.572524,53.77959,13,3,2,4,26/06/2015,6,15:04,204,E08000035,E08000035,1,621,7,50.0,5,4,6,0,0,0,1,1,1,0,0,1,1,1,E01011369
7200,20151326Q0919,2015,1326Q0919,1,1,3,1,12,3,3,5,4,0,0,0,0,1,-1,2015,1326Q0919,433157.0,436418.0,-1.497799,53.822983,13,3,1,1,26/06/2015,6,15:30,204,E08000035,E08000035,6,0,6,30.0,0,-1,-1,-1,0,0,1,1,1,0,0,1,1,2,E01011646
7201,20151326Q1013,2015,1326Q1013,1,1,1,1,16,4,3,0,0,0,0,0,1,-1,-1,2015,1326Q1013,428972.0,435464.0,-1.56146,53.814658,13,3,2,1,26/06/2015,6,16:05,204,E08000035,E08000035,3,660,3,30.0,6,4,3,660,0,5,1,1,1,0,0,1,1,2,E01033005
7202,20151326Q1040,2015,1326Q1040,2,1,1,2,22,5,3,0,0,0,0,0,9,1,-1,2015,1326Q1040,426797.0,434986.0,-1.594534,53.810478,13,3,3,3,26/06/2015,6,16:25,204,E08000035,E08000035,3,65,6,30.0,0,-1,-1,-1,0,0,1,1,1,0,0,1,1,2,E01011482
7203,20151326Q1040,2015,1326Q1040,2,2,2,2,67,10,3,0,0,1,0,0,9,1,-1,2015,1326Q1040,426797.0,434986.0,-1.594534,53.810478,13,3,3,3,26/06/2015,6,16:25,204,E08000035,E08000035,3,65,6,30.0,0,-1,-1,-1,0,0,1,1,1,0,0,1,1,2,E01011482
7204,20151326Q1040,2015,1326Q1040,3,3,1,1,26,6,3,0,0,0,0,0,9,3,-1,2015,1326Q1040,426797.0,434986.0,-1.594534,53.810478,13,3,3,3,26/06/2015,6,16:25,204,E08000035,E08000035,3,65,6,30.0,0,-1,-1,-1,0,0,1,1,1,0,0,1,1,2,E01011482
7205,20151326Q1064,2015,1326Q1064,2,1,1,1,22,5,3,0,0,0,0,0,1,1,-1,2015,1326Q1064,428140.0,435853.0,-1.57406,53.818199,13,3,2,1,26/06/2015,6,16:30,204,E08000035,E08000035,3,660,6,30.0,3,4,6,0,0,0,1,1,1,0,0,1,1,2,E01032946
7206,20151326Q1087,2015,1326Q1087,2,1,1,1,52,8,3,0,0,0,0,0,9,-1,-1,2015,1326Q1087,427786.0,431707.0,-1.579809,53.780955,13,3,2,2,26/06/2015,6,08:20,204,E08000035,E08000035,3,62,6,30.0,0,-1,-1,-1,0,0,1,1,1,0,0,1,2,2,E01011362
7207,20151326Q1087,2015,1326Q1087,2,2,2,2,46,8,3,0,0,1,0,0,9,1,-1,2015,1326Q1087,427786.0,431707.0,-1.579809,53.780955,13,3,2,2,26/06/2015,6,08:20,204,E08000035,E08000035,3,62,6,30.0,0,-1,-1,-1,0,0,1,1,1,0,0,1,2,2,E01011362
7208,20151326Q1200,2015,1326Q1200,2,1,1,1,49,8,3,0,0,0,0,0,9,1,-1,2015,1326Q1200,428096.0,434666.0,-1.574836,53.807533,13,3,2,2,26/06/2015,6,17:30,204,E08000035,E08000035,6,0,6,30.0,3,4,6,0,0,0,1,1,1,0,0,1,2,2,E01011481
7209,20151326Q1200,2015,1326Q1200,2,2,2,1,24,5,3,0,0,1,0,0,9,1,-1,2015,1326Q1200,428096.0,434666.0,-1.574836,53.807533,13,3,2,2,26/06/2015,6,17:30,204,E08000035,E08000035,6,0,6,30.0,3,4,6,0,0,0,1,1,1,0,0,1,2,2,E01011481
7210,20151326Q1380,2015,1326Q1380,1,1,2,2,48,8,3,0,0,0,1,0,11,1,-1,2015,1326Q1380,437505.0,433074.0,-1.432158,53.792634,13,3,1,1,26/06/2015,6,12:16,204,E08000035,E08000035,6,0,6,30.0,0,-1,-1,-1,0,0,1,1,1,0,0,1,2,2,E01011411
7211,20151326Q1394,2015,1326Q1394,1,1,3,2,13,3,2,5,1,0,0,0,0,1,-1,2015,1326Q1394,419791.0,434071.0,-1.700986,53.802566,13,2,1,1,26/06/2015,6,19:05,204,E08000035,E08000035,3,647,3,40.0,3,4,6,0,0,0,1,1,1,0,0,1,1,2,E01011597
7212,20151326Q1617,2015,1326Q1617,2,1,1,1,20,4,3,0,0,0,0,0,3,1,-1,2015,1326Q1617,430998.0,440111.0,-1.530223,53.856307,13,3,2,1,26/06/2015,6,21:05,204,E08000035,E08000035,3,61,6,40.0,3,4,6,0,0,0,1,1,2,0,0,1,2,2,E01011557
7213,20151326R0284,2015,1326R0284,1,1,2,1,24,5,2,0,0,1,0,0,9,-1,-1,2015,1326R0284,423968.0,434365.0,-1.637543,53.805034,13,2,1,1,28/06/2015,1,03:15,204,E08000035,E08000035,6,0,6,30.0,0,-1,-1,-1,0,0,1,1,1,0,0,1,2,2,E01011334
7214,20151326R0374,2015,1326R0374,1,1,2,1,22,5,2,0,0,1,0,0,9,-1,-1,2015,1326R0374,424839.0,432201.0,-1.624491,53.785543,13,2,1,2,27/06/2015,7,05:10,204,E08000035,E08000035,6,0,6,30.0,0,-1,-1,-1,0,0,4,1,1,0,0,1,2,2,-1
7215,20151326R0374,2015,1326R0374,1,2,2,1,25,5,3,0,0,2,0,0,9,-1,-1,2015,1326R0374,424839.0,432201.0,-1.624491,53.785543,13,2,1,2,27/06/2015,7,05:10,204,E08000035,E08000035,6,0,6,30.0,0,-1,-1,-1,0,0,4,1,1,0,0,1,2,2,-1
7216,20151326R0657,2015,1326R0657,1,1,1,1,64,9,3,0,0,0,0,0,1,2,-1,2015,1326R0657,430501.0,445445.0,-1.53725,53.904275,13,3,2,1,27/06/2015,7,11:15,204,E08000035,E08000035,3,659,6,60.0,0,-1,-1,-1,0,0,1,1,1,0,0,2,1,2,E01011561
7217,20151326R0726,2015,1326R0726,1,1,1,1,42,7,2,0,0,0,0,0,5,1,-1,2015,1326R0726,435036.0,434687.0,-1.469453,53.807302,13,2,2,1,27/06/2015,7,12:09,204,E08000035,E08000035,3,64,3,40.0,9,4,6,0,0,0,1,1,1,0,0,1,1,2,E01011343
7218,20151326R1154,2015,1326R1154,2,1,1,1,32,6,3,0,0,0,0,0,9,1,-1,2015,1326R1154,431959.0,435824.0,-1.516058,53.817719,13,3,3,1,27/06/2015,7,16:40,204,E08000035,E08000035,6,0,6,30.0,0,-1,-1,-1,0,0,1,1,1,0,0,1,1,2,E01011422
7219,20151326S1214,2015,1326S1214,1,1,1,2,73,10,3,0,0,0,0,0,9,1,-1,2015,1326S1214,419123.0,442183.0,-1.710626,53.8755,13,3,1,1,28/06/2015,1,16:39,204,E08000035,E08000035,6,0,6,30.0,0,-1,-1,-1,0,1,1,1,1,0,0,1,1,2,E01011279
7220,20151326T1020,2015,1326T1020,1,1,3,1,8,2,3,5,4,0,0,0,0,-1,-1,2015,1326T1020,430830.0,439636.0,-1.532825,53.852047,13,3,1,2,29/06/2015,2,15:55,204,E08000035,E08000035,3,61,3,40.0,0,-1,-1,-1,0,0,1,1,1,0,0,1,1,2,E01011557
7221,20151326T1020,2015,1326T1020,1,2,3,1,6,2,3,5,4,0,0,0,0,-1,-1,2015,1326T1020,430830.0,439636.0,-1.532825,53.852047,13,3,1,2,29/06/2015,2,15:55,204,E08000035,E08000035,3,61,3,40.0,0,-1,-1,-1,0,0,1,1,1,0,0,1,1,2,E01011557
7222,20151326T1075,2015,1326T1075,2,1,1,1,54,8,3,0,0,0,0,0,21,1,-1,2015,1326T1075,431487.0,426453.0,-1.52418,53.733524,13,3,2,1,29/06/2015,2,16:22,204,E08000035,E08000035,1,62,3,70.0,0,-1,-1,-1,0,0,1,1,1,0,0,2,1,1,E01011499
7223,20151326T1193,2015,1326T1193,1,1,1,1,28,6,3,0,0,0,0,0,9,1,-1,2015,1326T1193,434423.0,434378.0,-1.478795,53.804566,13,3,2,3,29/06/2015,2,17:10,204,E08000035,E08000035,3,64,3,40.0,3,2,6,0,0,5,1,1,1,0,0,1,1,2,E01011341
7224,20151326T1193,2015,1326T1193,2,2,2,2,60,9,3,0,0,2,0,0,8,-1,-1,2015,1326T1193,434423.0,434378.0,-1.478795,53.804566,13,3,2,3,29/06/2015,2,17:10,204,E08000035,E08000035,3,64,3,40.0,3,2,6,0,0,5,1,1,1,0,0,1,1,2,E01011341
7225,20151326T1193,2015,1326T1193,2,3,1,1,41,7,3,0,0,0,0,0,8,1,-1,2015,1326T1193,434423.0,434378.0,-1.478795,53.804566,13,3,2,3,29/06/2015,2,17:10,204,E08000035,E08000035,3,64,3,40.0,3,2,6,0,0,5,1,1,1,0,0,1,1,2,E01011341
7226,20151326U0292,2015,1326U0292,1,1,3,2,13,3,3,5,1,0,0,0,0,-1,-1,2015,1326U0292,430506.0,438550.0,-1.537857,53.842306,13,3,1,1,30/06/2015,3,07:49,204,E08000035,E08000035,6,0,6,40.0,0,-1,-1,-1,0,0,1,1,1,0,0,1,1,2,E01011514
7227,20151326U1001,2015,1326U1001,2,1,2,2,71,10,3,0,0,1,0,0,9,1,-1,2015,1326U1001,434997.0,425904.0,-1.471038,53.728367,13,3,2,1,30/06/2015,3,14:56,204,E08000035,E08000035,1,62,3,70.0,0,-1,-1,-1,0,0,1,1,1,0,0,2,1,1,E01011636
7228,20151326U1308,2015,1326U1308,2,1,1,2,60,9,3,0,0,0,0,0,9,2,-1,2015,1326U1308,431206.0,440891.0,-1.526982,53.863304,13,3,4,1,30/06/2015,3,17:15,204,E08000035,E08000035,3,61,6,30.0,0,-1,-1,-1,0,0,1,1,1,0,0,1,1,2,E01011562
7229,20151326U1462,2015,1326U1462,2,1,2,2,23,5,3,0,0,0,3,0,11,1,-1,2015,1326U1462,430412.0,433721.0,-1.539761,53.79891,13,3,2,1,30/06/2015,3,17:20,204,E08000035,E08000035,6,0,3,30.0,6,2,6,0,0,5,1,1,1,0,0,1,2,2,E01033010
7230,20151326U1636,2015,1326U1636,1,1,1,1,47,8,3,0,0,0,0,0,1,1,-1,2015,1326U1636,428742.0,438566.0,-1.564664,53.84255,13,3,2,1,30/06/2015,3,19:40,204,E08000035,E08000035,3,6120,3,70.0,0,-1,-1,-1,0,0,1,1,1,0,0,2,1,2,E01011513
7231,20151326U2121,2015,1326U2121,1,1,1,1,28,6,2,0,0,0,0,0,9,1,-1,2015,1326U2121,434786.0,437577.0,-1.472923,53.833293,13,2,3,1,30/06/2015,3,23:50,204,E08000035,E08000035,6,0,6,30.0,3,4,6,0,0,0,4,1,1,0,0,1,1,2,E01011656