,accident_index,accident_year_x,accident_reference_x,vehicle_reference,casualty_reference,casualty_class,sex_of_casualty,age_of_casualty,age_band_of_casualty,casualty_severity,pedestrian_location,pedestrian_movement,car_passenger,bus_or_coach_passenger,pedestrian_road_maintenance_worker,casualty_type,casualty_home_area_type,casualty_imd_decile,accident_year_y,accident_reference_y,location_easting_osgr,location_northing_osgr,longitude,latitude,police_force,accident_severity,number_of_vehicles,number_of_casualties,date,day_of_week,time,local_authority_district,local_authority_ons_district,local_authority_highway,first_road_class,first_road_number,road_type,speed_limit,junction_detail,junction_control,second_road_class,second_road_number,pedestrian_crossing_human_control,pedestrian_crossing_physical_facilities,light_conditions,weather_conditions,road_surface_conditions,special_conditions_at_site,carriageway_hazards,urban_or_rural_area,did_police_officer_attend_scene_of_accident,trunk_road_flag,lsoa_of_accident_location
7232,2015132710614,2015,132710614,1,1,1,1,80,11,3,0,0,0,0,0,9,1,-1,2015,132710614,433562.0,436350.0,-1.491654,53.822346,13,3,2,1,01/07/2015,4,11:32,204,E08000035,E08000035,3,58,3,40.0,6,4,6,0,0,0,1,1,1,0,0,1,1,2,E01011421
7233,2015132710687,2015,132710687,2,1,1,1,59,9,3,0,0,0,0,0,5,1,-1,2015,132710687,428580.0,434974.0,-1.567458,53.810275,13,3,2,1,01/07/2015,4,12:12,204,E08000035,E08000035,6,0,6,30.0,6,4,6,0,0,0,1,1,1,0,0,1,1,2,E01011448
7234,2015132711200,2015,132711200,1,1,1,1,13,3,3,0,0,0,0,0,1,1,-1,2015,132711200,435058.0,435039.0,-1.469079,53.810464,13,3,2,1,01/07/2015,4,16:40,204,E08000035,E08000035,6,0,1,30.0,2,4,6,0,0,0,1,1,1,0,0,1,1,2,E01011667
7235,2015132711299,2015,132711299,2,1,1,1,59,9,3,0,0,0,0,0,9,1,-1,2015,132711299,431853.0,434722.0,-1.517782,53.807821,13,3,3,1,02/07/2015,5,17:25,204,E08000035,E08000035,6,0,6,30.0,0,-1,-1,-1,0,0,1,1,1,0,0,1,1,2,E01011677
7236,2015132711490,2015,132711490,1,1,1,2,28,6,3,0,0,0,0,0,9,1,-1,2015,132711490,421921.0,436471.0,-1.668475,53.824052,13,3,2,2,01/07/2015,4,18:20,204,E08000035,E08000035,3,6120,3,50.0,0,-1,-1,-1,0,0,1,1,1,0,0,1,2,2,E01011588
7237,2015132711490,2015,132711490,1,2,2,2,29,6,3,0,0,1,0,0,9,1,-1,2015,132711490,421921.0,436471.0,-1.668475,53.824052,13,3,2,2,01/07/2015,4,18:20,204,E08000035,E08000035,3,6120,3,50.0,0,-1,-1,-1,0,0,1,1,1,0,0,1,2,2,E01011588
7238,2015132711658,2015,132711658,1,1,3,1,9,2,3,5,3,0,0,0,0,1,-1,2015,132711658,420396.0,433882.0,-1.691812,53.800844,13,3,1,1,01/07/2015,4,20:06,204,E08000035,E08000035,6,0,6,20.0,0,-1,-1,-1,0,0,1,1,1,0,0,1,1,2,E01011586
7239,2015132711974,2015,132711974,1,1,3,1,24,5,3,4,3,0,0,0,0,-1,-1,2015,132711974,432445.0,434824.0,-1.508781,53.808701,13,3,1,1,01/07/2015,4,22:25,204,E08000035,E08000035,4,6159,6,30.0,3,4,6,0,0,4,1,1,1,0,0,1,1,2,E01011344
7240,2015132720302,2015,132720302,2,1,1,2,6,2,3,0,0,0,0,0,1,1,-1,2015,132720302,434422.0,428873.0,-1.479423,53.755089,13,3,2,1,02/07/2015,5,16:30,204,E08000035,E08000035,6,0,6,30.0,8,4,6,0,0,0,1,1,1,0,0,1,2,2,E01011628
7241,2015132720387,2015,132720387,2,1,1,1,29,6,3,0,0,0,0,0,5,1,-1,2015,132720387,422183.0,428750.0,-1.665048,53.754646,13,3,2,1,02/07/2015,5,09:22,204,E08000035,E08000035,6,0,6,30.0,6,4,6,0,0,0,1,1,1,0,0,1,1,2,E01011521
7242,2015132720574,2015,132720574,1,1,1,2,34,6,3,0,0,0,0,0,9,1,-1,2015,132720574,432215.0,435565.0,-1.512197,53.815375,13,3,2,2,02/07/2015,5,08:30,204,E08000035,E08000035,6,0,6,30.0,0,-1,-1,-1,0,0,1,1,1,0,0,1,2,2,E01011430
7243,2015132720574,2015,132720574,1,2,2,2,34,6,3,0,0,1,0,0,9,1,-1,2015,132720574,432215.0,435565.0,-1.512197,53.815375,13,3,2,2,02/07/2015,5,08:30,204,E08000035,E08000035,6,0,6,30.0,0,-1,-1,-1,0,0,1,1,1,0,0,1,2,2,E01011430
7244,2015132720583,2015,132720583,1,1,1,1,81,11,3,0,0,0,0,0,22,1,-1,2015,132720583,429026.0,431994.0,-1.560965,53.783467,13,3,2,1,02/07/2015,5,11:34,204,E08000035,E08000035,6,0,6,30.0,6,4,6,0,0,0,1,1,1,0,0,1,1,2,E01011368
7245,2015132720612,2015,132720612,2,1,1,1,43,7,3,0,0,0,0,0,21,-1,-1,2015,132720612,439632.0,448219.0,-1.397922,53.92859,13,3,2,1,02/07/2015,5,11:45,204,E08000035,E08000035,6,0,2,30.0,0,-1,-1,-1,0,0,1,1,1,0,0,1,1,2,E01011702
7246,2015132720883,2015,132720883,1,1,2,1,60,9,3,0,0,1,0,0,21,1,-1,2015,132720883,443663.0,436862.0,-1.338151,53.826199,13,3,3,1,02/07/2015,5,14:30,204,E08000035,E08000035,2,1,3,70.0,0,-1,-1,-1,0,0,1,1,1,0,0,2,1,1,E01011297
7247,2015132721134,2015,132721134,2,1,1,1,48,8,3,0,0,0,0,0,1,-1,-1,2015,132721134,427888.0,426259.0,-1.578751,53.731984,13,3,2,1,02/07/2015,5,16:35,204,E08000035,E08000035,3,650,3,40.0,0,-1,-1,-1,0,0,1,1,1,0,0,2,1,2,E01011550
7248,2015132721347,2015,132721347,2,1,1,2,48,8,3,0,0,0,0,0,1,1,-1,2015,132721347,442244.0,429934.0,-1.360654,53.764051,13,3,2,1,02/07/2015,5,06:45,204,E08000035,E08000035,4,6137,6,50.0,3,4,6,0,0,0,1,1,1,0,0,1,2,2,E01011303
7249,2015132721410,2015,132721410,1,1,3,2,27,6,3,5,3,0,0,0,0,1,-1,2015,132721410,420781.0,441136.0,-1.685479,53.866026,13,3,1,1,02/07/2015,5,17:40,204,E08000035,E08000035,6,0,6,30.0,3,4,6,0,0,0,1,2,2,0,0,1,2,2,E01011274
7250,2015132721500,2015,132721500,1,1,2,2,27,6,3,0,0,2,0,0,8,1,-1,2015,132721500,430485.0,433282.0,-1.538696,53.79496,13,3,2,1,02/07/2015,5,18:30,204,E08000035,E08000035,6,0,2,30.0,3,4,6,0,0,0,1,1,2,0,0,1,2,2,E01033011
7251,2015132730610,2015,132730610,1,1,1,1,20,4,3,0,0,0,0,0,9,1,-1,2015,132730610,429041.0,436497.0,-1.560315,53.823938,13,3,1,1,03/07/2015,6,13:30,204,E08000035,E08000035,6,0,6,30.0,0,-1,-1,-1,0,0,1,1,1,0,0,1,2,2,E01011450
7252,2015132730939,2015,132730939,2,1,1,2,39,7,3,0,0,0,0,0,1,-1,-1,2015,132730939,432519.0,436680.0,-1.507462,53.825378,13,3,2,1,03/07/2015,6,14:35,204,E08000035,E08000035,6,0,6,30.0,0,-1,-1,-1,0,0,1,1,1,0,0,1,1,2,E01011645
7253,2015132731172,2015,132731172,2,1,1,1,26,6,3,0,0,0,0,0,1,1,-1,2015,132731172,429959.0,433224.0,-1.546687,53.794469,13,3,2,1,02/07/2015,5,17:05,204,E08000035,E08000035,6,0,6,30.0,0,-1,-1,-1,0,0,7,1,1,0,0,1,2,2,E01033016
7254,2015132731213,2015,132731213,1,1,1,1,45,7,2,0,0,0,0,0,1,-1,-1,2015,132731213,432759.0,427522.0,-1.504786,53.743054,13,2,2,1,03/07/2015,6,16:41,204,E08000035,E08000035,6,0,6,30.0,3,4,6,0,0,0,1,1,1,0,0,1,1,2,E01011496
7255,2015132731512,2015,132731512,2,1,1,1,36,7,3,0,0,0,0,0,9,1,-1,2015,132731512,431977.0,426301.0,-1.516768,53.732128,13,3,2,1,03/07/2015,6,14:30,204,E08000035,E08000035,1,62,7,70.0,5,2,1,62,0,0,1,1,1,0,0,2,2,1,E01011499
7256,2015132740708,2015,132740708,1,1,1,1,45,7,3,0,0,0,0,0,19,-1,-1,2015,132740708,428922.0,430240.0,-1.562707,53.767709,13,3,2,1,04/07/2015,7,11:10,204,E08000035,E08000035,6,0,6,20.0,0,-1,-1,-1,0,0,1,1,1,0,0,1,1,2,E01011315
7257,2015132740793,2015,132740793,2,1,1,2,46,8,3,0,0,0,0,0,1,1,-1,2015,132740793,426008.0,428229.0,-1.607083,53.749787,13,3,2,1,03/07/2015,6,15:30,204,E08000035,E08000035,3,643,6,30.0,0,-1,-1,-1,0,1,1,1,1,0,0,1,2,2,E01011525
7258,2015132740949,2015,132740949,2,1,1,1,19,4,2,0,0,0,0,0,9,1,-1,2015,132740949,428967.0,433871.0,-1.561685,53.80034,13,2,3,2,04/07/2015,7,13:34,204,E08000035,E08000035,6,0,6,30.0,0,-1,-1,-1,0,4,1,1,1,0,0,1,1,2,E01011678
7259,2015132740949,2015,132740949,3,2,1,1,38,7,3,0,0,0,0,0,19,1,-1,2015,132740949,428967.0,433871.0,-1.561685,53.80034,13,2,3,2,04/07/2015,7,13:34,204,E08000035,E08000035,6,0,6,30.0,0,-1,-1,-1,0,4,1,1,1,0,0,1,1,2,E01011678
7260,2015132742206,2015,132742206,2,1,1,1,62,9,3,0,0,0,0,0,8,1,-1,2015,132742206,430801.0,435344.0,-1.533694,53.813474,13,3,2,2,04/07/2015,7,23:50,204,E08000035,E08000035,6,0,6,30.0,3,4,6,0,0,0,4,1,1,0,0,1,1,2,E01011360
7261,2015132742206,2015,132742206,2,2,2,1,38,7,3,0,0,1,0,0,8,1,-1,2015,132742206,430801.0,435344.0,-1.533694,53.813474,13,3,2,2,04/07/2015,7,23:50,204,E08000035,E08000035,6,0,6,30.0,3,4,6,0,0,0,4,1,1,0,0,1,1,2,E01011360
7262,2015132751100,2015,132751100,2,1,1,1,59,9,3,0,0,0,0,0,5,-1,-1,2015,132751100,420513.0,445573.0,-1.689259,53.905915,13,3,2,2,05/07/2015,1,16:30,204,E08000035,E08000035,3,659,6,30.0,6,4,6,0,0,0,1,2,2,0,0,1,1,2,E01011574
7263,2015132751100,2015,132751100,2,2,2,2,56,9,3,0,0,0,0,0,5,-1,-1,2015,132751100,420513.0,445573.0,-1.689259,53.905915,13,3,2,2,05/07/2015,1,16:30,204,E08000035,E08000035,3,659,6,30.0,6,4,6,0,0,0,1,2,2,0,0,1,1,2,E01011574
7264,2015132751543,2015,132751543,1,1,1,1,23,5,3,0,0,0,0,0,3,-1,-1,2015,132751543,420462.0,434288.0,-1.690783,53.80449,13,3,2,1,05/07/2015,1,20:38,204,E08000035,E08000035,3,647,3,40.0,0,-1,-1,-1,0,0,1,1,1,0,0,1,1,2,E01011595
7265,2015132751580,2015,132751580,1,1,3,1,21,5,3,5,1,0,0,0,0,-1,-1,2015,132751580,430576.0,434780.0,-1.537167,53.808418,13,3,1,1,05/07/2015,1,21:03,204,E08000035,E08000035,6,0,2,30.0,0,-1,-1,-1,0,0,1,1,1,0,0,1,1,2,E01011671
7266,2015132760551,2015,132760551,3,1,1,1,48,8,3,0,0,0,0,0,9,3,-1,2015,132760551,424878.0,443536.0,-1.622986,53.887417,13,3,4,1,06/07/2015,2,11:00,204,E08000035,E08000035,3,660,6,40.0,3,4,6,0,0,0,1,1,1,0,0,2,1,2,E01032503
7267,2015132761336,2015,132761336,2,1,1,1,59,9,3,0,0,0,0,0,1,1,-1,2015,132761336,432055.0,435968.0,-1.514585,53.819007,13,3,2,1,02/07/2015,5,08:00,204,E08000035,E08000035,6,0,2,30.0,3,4,3,58,0,0,1,1,1,0,0,1,2,2,E01011647
7268,2015132761703,2015,132761703,1,1,1,1,19,4,3,0,0,0,0,0,3,1,-1,2015,132761703,434378.0,434456.0,-1.47947,53.80527,13,3,1,1,06/07/2015,2,21:40,204,E08000035,E08000035,6,0,6,30.0,0,-1,-1,-1,0,0,1,9,2,0,0,1,2,2,E01011341
7269,2015132761861,2015,132761861,1,1,1,1,26,6,3,0,0,0,0,0,3,1,-1,2015,132761861,425680.0,434799.0,-1.611512,53.808853,13,3,1,1,06/07/2015,2,23:45,204,E08000035,E08000035,6,0,6,30.0,0,-1,-1,-1,0,0,4,5,2,0,0,1,1,2,E01011281
7270,2015132770273,2015,132770273,2,1,1,2,25,5,3,0,0,0,0,0,1,1,-1,2015,132770273,432663.0,436931.0,-1.505248,53.827624,13,3,2,1,07/07/2015,3,07:45,204,E08000035,E08000035,6,0,3,30.0,3,4,6,0,0,0,1,1,1,0,0,1,2,2,E01011644
7271,2015132770543,2015,132770543,1,1,2,2,66,10,3,0,0,0,4,0,11,1,-1,2015,132770543,432653.0,436950.0,-1.505398,53.827796,13,3,1,1,07/07/2015,3,10:45,204,E08000035,E08000035,6,0,6,30.0,0,-1,-1,-1,0,0,1,1,1,0,0,1,2,2,E01011644
7272,2015132771109,2015,132771109,1,1,2,1,33,6,3,0,0,1,0,0,9,1,-1,2015,132771109,426416.0,428501.0,-1.600873,53.752211,13,3,2,1,07/07/2015,3,17:15,204,E08000035,E08000035,3,643,6,30.0,3,4,6,0,0,0,1,1,1,0,0,1,1,2,E01011528
7273,2015132771166,2015,132771166,1,1,1,1,20,4,3,0,0,0,0,0,9,1,-1,2015,132771166,433188.0,425906.0,-1.498455,53.728503,13,3,2,1,07/07/2015,3,17:45,204,E08000035,E08000035,1,62,3,70.0,0,-1,-1,-1,0,0,1,1,2,0,0,1,1,1,E01011500
7274,2015132771612,2015,132771612,1,1,1,1,41,7,3,0,0,0,0,0,9,1,-1,2015,132771612,425288.0,432688.0,-1.617637,53.789899,13,3,1,1,07/07/2015,3,21:29,204,E08000035,E08000035,6,0,6,30.0,0,-1,-1,-1,0,0,4,5,2,0,0,1,1,2,E01011730
7275,2015132771973,2015,132771973,1,1,2,2,39,7,2,0,0,1,0,0,9,1,-1,2015,132771973,436073.0,428721.0,-1.454402,53.753612,13,2,4,1,07/07/2015,3,23:40,204,E08000035,E08000035,6,0,6,30.0,0,-1,-1,-1,0,0,4,2,2,0,0,1,1,2,E01032487
7276,2015132780311,2015,132780311,2,1,1,1,54,8,3,0,0,0,0,0,5,1,-1,2015,132780311,424174.0,428150.0,-1.6349,53.749165,13,3,2,1,08/07/2015,4,09:25,204,E08000035,E08000035,3,650,1,30.0,1,2,3,62,0,5,1,1,1,0,0,1,1,1,E01011523
7277,2015132780790,2015,132780790,2,1,1,2,35,6,3,0,0,0,0,0,19,1,-1,2015,132780790,424053.0,427952.0,-1.63675,53.747391,13,3,2,1,08/07/2015,4,14:26,204,E08000035,E08000035,1,62,6,30.0,0,-1,-1,-1,0,0,1,1,1,0,0,1,2,1,E01011523
7278,2015132781106,2015,132781106,1,1,3,2,14,3,3,10,1,0,0,0,0,-1,-1,2015,132781106,430841.0,434008.0,-1.53322,53.801464,13,3,1,1,08/07/2015,4,17:02,204,E08000035,E08000035,3,61,6,30.0,3,4,6,0,0,0,1,1,1,0,0,1,2,2,E01033031
7279,2015132781255,2015,132781255,2,1,1,2,34,6,3,0,0,0,0,0,9,1,-1,2015,132781255,441247.0,434629.0,-1.375151,53.806327,13,3,2,1,08/07/2015,4,12:55,204,E08000035,E08000035,1,1,3,70.0,0,-1,-1,-1,0,0,1,1,1,0,0,2,2,1,E01011297
7280,2015132790012,2015,132790012,2,1,1,1,34,6,3,0,0,0,0,0,90,1,-1,2015,132790012,429921.0,437009.0,-1.546897,53.82849,13,3,2,1,09/07/2015,5,00:40,204,E08000035,E08000035,3,61,1,30.0,1,4,6,0,0,0,4,1,1,0,0,1,1,2,E01011355
7281,2015132790045,2015,132790045,1,1,1,2,31,6,3,0,0,0,0,0,9,-1,-1,2015,132790045,420937.0,434447.0,-1.68356,53.805901,13,3,2,1,09/07/2015,5,00:10,204,E08000035,E08000035,3,647,1,30.0,1,2,4,6157,0,0,4,1,1,0,0,1,1,2,E01011595
7282,2015132790202,2015,132790202,2,1,1,2,39,7,3,0,0,0,0,0,9,1,-1,2015,132790202,420319.0,434220.0,-1.692959,53.803885,13,3,2,1,09/07/2015,5,06:50,204,E08000035,E08000035,3,647,6,30.0,6,4,6,0,0,0,1,1,1,0,0,1,2,2,E01011597
7283,2015132790214,2015,132790214,2,1,1,2,43,7,3,0,0,0,0,0,1,1,-1,2015,132790214,430469.0,433461.0,-1.538922,53.79657,13,3,2,1,09/07/2015,5,07:20,204,E08000035,E08000035,6,0,2,30.0,0,-1,-1,-1,0,0,1,1,1,0,0,1,2,2,E01033010
7284,2015132790234,2015,132790234,1,3,1,2,24,5,3,0,0,0,0,0,9,1,-1,2015,132790234,435148.0,425912.0,-1.468748,53.728429,13,3,3,3,09/07/2015,5,07:57,204,E08000035,E08000035,1,62,3,70.0,0,-1,-1,-1,0,0,1,1,1,0,0,2,1,1,E01011636
7285,2015132790234,2015,132790234,2,2,1,2,19,4,3,0,0,0,0,0,9,1,-1,2015,132790234,435148.0,425912.0,-1.468748,53.728429,13,3,3,3,09/07/2015,5,07:57,204,E08000035,E08000035,1,62,3,70.0,0,-1,-1,-1,0,0,1,1,1,0,0,2,1,1,E01011636
7286,2015132790234,2015,132790234,3,1,1,2,25,5,3,0,0,0,0,0,9,1,-1,2015,132790234,435148.0,425912.0,-1.468748,53.728429,13,3,3,3,09/07/2015,5,07:57,204,E08000035,E08000035,1,62,3,70.0,0,-1,-1,-1,0,0,1,1,1,0,0,2,1,1,E01011636
7287,2015132790252,2015,132790252,1,1,3,1,11,3,2,9,7,0,0,0,0,-1,-1,2015,132790252,432217.0,426323.0,-1.513128,53.732311,13,2,1,1,09/07/2015,5,08:15,204,E08000035,E08000035,4,6135,6,40.0,0,-1,-1,-1,0,0,1,1,1,0,0,2,1,2,E01011499
7288,2015132790324,2015,132790324,1,1,3,1,30,6,3,4,4,0,0,0,0,1,-1,2015,132790324,428959.0,429802.0,-1.562187,53.76377,13,3,1,1,09/07/2015,5,09:10,204,E08000035,E08000035,6,0,6,30.0,6,2,3,653,0,5,1,1,1,0,0,1,1,2,E01011320
7289,2015132790508,2015,132790508,2,1,1,2,22,5,2,0,0,0,0,0,1,1,-1,2015,132790508,428792.0,435576.0,-1.564183,53.815674,13,2,2,1,09/07/2015,5,11:15,204,E08000035,E08000035,3,660,6,30.0,3,4,6,0,0,0,1,1,1,0,0,1,1,2,E01032946
7290,2015132790575,2015,132790575,1,1,2,2,33,6,3,0,0,1,0,0,9,-1,-1,2015,132790575,424924.0,434464.0,-1.623019,53.805879,13,3,2,2,09/07/2015,5,12:04,204,E08000035,E08000035,3,657,6,30.0,0,-1,-1,-1,0,1,1,1,1,0,0,1,1,2,E01011336
7291,2015132790575,2015,132790575,2,2,2,1,2,1,3,0,0,2,0,0,9,1,-1,2015,132790575,424924.0,434464.0,-1.623019,53.805879,13,3,2,2,09/07/2015,5,12:04,204,E08000035,E08000035,3,657,6,30.0,0,-1,-1,-1,0,1,1,1,1,0,0,1,1,2,E01011336
7292,2015132790984,2015,132790984,1,1,3,1,39,7,3,10,9,0,0,0,0,-1,-1,2015,132790984,424353.0,434764.0,-1.631666,53.808602,13,3,1,1,09/07/2015,5,16:05,204,E08000035,E08000035,6,0,6,30.0,3,4,6,0,0,0,1,1,1,0,0,1,1,2,E01011334
7293,2015132791086,2015,132791086,2,1,1,1,36,7,3,0,0,0,0,0,9,1,-1,2015,132791086,430489.0,437179.0,-1.538251,53.829985,13,3,2,1,09/07/2015,5,16:48,204,E08000035,E08000035,4,6159,6,30.0,0,-1,-1,-1,0,0,1,1,1,0,0,1,1,2,E01011352
7294,2015132791139,2015,132791139,2,1,1,1,25,5,3,0,0,0,0,0,1,1,-1,2015,132791139,428150.0,435641.0,-1.573928,53.816293,13,3,2,1,09/07/2015,5,17:11,204,E08000035,E08000035,6,0,6,30.0,0,-1,-1,-1,0,0,1,1,1,0,0,1,1,2,E01032946
7295,2015132791287,2015,132791287,2,1,1,2,22,5,3,0,0,0,0,0,9,3,-1,2015,132791287,424471.0,437775.0,-1.629635,53.835658,13,3,2,1,09/07/2015,5,18:15,204,E08000035,E08000035,3,6120,6,40.0,0,-1,-1,-1,0,0,1,1,1,0,0,1,1,2,E01011462
7296,2015132791712,2015,132791712,1,1,3,2,10,2,3,7,3,0,0,0,0,1,-1,2015,132791712,430380.0,428424.0,-1.540767,53.751304,13,3,1,1,09/07/2015,5,21:44,204,E08000035,E08000035,6,0,1,30.0,0,-1,-1,-1,0,8,1,1,1,0,0,1,2,2,E01032497
7297,2015132791877,2015,132791877,1,1,1,1,21,5,3,0,0,0,0,0,9,1,-1,2015,132791877,434993.0,425884.0,-1.4711,53.728187,13,3,1,1,09/07/2015,5,23:31,204,E08000035,E08000035,1,62,6,50.0,0,-1,-1,-1,0,0,4,1,1,0,0,2,1,1,E01011636
7298,2015132791886,2015,132791886,2,1,1,1,37,7,3,0,0,0,0,0,1,1,-1,2015,132791886,417908.0,443283.0,-1.729042,53.885429,13,3,2,1,09/07/2015,5,16:40,204,E08000035,E08000035,3,65,6,30.0,8,4,6,0,0,0,1,9,1,0,0,2,2,2,E01011280
7299,20151327A0275,2015,1327A0275,2,1,1,1,90,11,3,0,0,0,0,0,9,-1,-1,2015,1327A0275,433100.0,436445.0,-1.498662,53.823229,13,3,2,1,10/07/2015,6,07:49,204,E08000035,E08000035,6,0,2,30.0,0,-1,-1,-1,0,0,1,1,1,0,0,1,1,2,E01011646
7300,20151327A0356,2015,1327A0356,1,1,1,1,19,4,3,0,0,0,0,0,1,1,-1,2015,1327A0356,431920.0,434398.0,-1.516798,53.804905,13,3,2,1,10/07/2015,6,08:57,204,E08000035,E08000035,6,0,6,30.0,0,-1,-1,-1,0,0,1,1,1,0,0,1,2,2,E01011349
7301,20151327A0989,2015,1327A0989,1,1,2,1,82,11,3,0,0,0,3,0,11,-1,-1,2015,1327A0989,434207.0,436563.0,-1.481833,53.824218,13,3,1,1,10/07/2015,6,13:10,204,E08000035,E08000035,6,0,2,30.0,0,-1,-1,-1,0,0,1,1,1,0,0,1,2,2,E01011658
7302,20151327A1308,2015,1327A1308,1,1,3,1,11,3,3,5,1,0,0,0,0,-1,-1,2015,1327A1308,434969.0,436415.0,-1.470274,53.822837,13,3,1,1,10/07/2015,6,17:00,204,E08000035,E08000035,6,0,6,30.0,0,-1,-1,-1,0,0,1,1,1,0,0,1,1,2,E01011659
7303,20151327A1349,2015,1327A1349,1,1,1,2,27,6,3,0,0,0,0,0,9,1,-1,2015,1327A1349,425011.0,436080.0,-1.621567,53.820399,13,3,2,1,10/07/2015,6,18:20,204,E08000035,E08000035,4,6157,6,40.0,0,-1,-1,-1,0,0,1,1,1,0,0,1,1,2,E01011326
7304,20151327A1402,2015,1327A1402,1,1,3,2,16,4,3,5,3,0,0,0,0,-1,-1,2015,1327A1402,435786.0,436743.0,-1.457826,53.82573,13,3,1,1,10/07/2015,6,18:44,204,E08000035,E08000035,3,6120,6,40.0,3,2,6,0,0,0,1,1,1,0,0,1,1,2,E01011661
7305,20151327A1570,2015,1327A1570,1,1,1,1,19,4,3,0,0,0,0,0,9,1,-1,2015,1327A1570,429464.0,433847.0,-1.554142,53.800097,13,3,1,1,10/07/2015,6,19:55,204,E08000035,E08000035,2,58,7,30.0,5,2,3,58,0,0,1,1,1,0,0,1,1,2,E01033008
7306,20151327B0112,2015,1327B0112,1,1,3,1,22,5,3,7,3,0,0,0,0,1,-1,2015,1327B0112,430267.0,433395.0,-1.541995,53.795989,13,3,1,1,11/07/2015,7,01:10,204,E08000035,E08000035,6,0,3,30.0,0,-1,-1,-1,0,5,4,1,2,0,0,1,1,2,E01033010
7307,20151327B0507,2015,1327B0507,1,1,1,1,36,7,3,0,0,0,0,0,9,1,-1,2015,1327B0507,433057.0,435014.0,-1.499468,53.81037,13,3,5,1,11/07/2015,7,08:50,204,E08000035,E08000035,6,0,6,30.0,3,4,6,0,0,0,1,1,1,0,0,1,1,2,E01011340
7308,20151327B0838,2015,1327B0838,1,1,1,1,55,8,3,0,0,0,0,0,5,1,-1,2015,1327B0838,445223.0,447175.0,-1.312936,53.918751,13,3,1,1,11/07/2015,7,13:05,204,E08000035,E08000035,6,0,6,60.0,0,-1,-1,-1,0,0,1,1,1,0,0,2,1,2,E01011697
7309,20151327B1158,2015,1327B1158,2,1,1,2,25,5,3,0,0,0,0,0,9,1,-1,2015,1327B1158,431521.0,435147.0,-1.52278,53.811661,13,3,2,2,11/07/2015,7,16:00,204,E08000035,E08000035,6,0,3,40.0,3,4,6,0,0,0,1,1,1,0,0,1,1,2,E01011429
7310,20151327B1158,2015,1327B1158,2,2,2,1,28,6,3,0,0,1,0,0,9,1,-1,2015,1327B1158,431521.0,435147.0,-1.52278,53.811661,13,3,2,2,11/07/2015,7,16:00,204,E08000035,E08000035,6,0,3,40.0,3,4,6,0,0,0,1,1,1,0,0,1,1,2,E01011429
7311,20151327B1173,2015,1327B1173,1,1,1,2,22,5,3,0,0,0,0,0,9,1,-1,2015,1327B1173,432246.0,426279.0,-1.512693,53.731914,13,3,2,1,11/07/2015,7,15:35,204,E08000035,E08000035,1,1,1,70.0,1,2,1,62,0,0,1,1,1,0,0,2,1,1,E01011499
7312,20151327B1936,2015,1327B1936,1,1,1,2,52,8,2,0,0,0,0,0,9,-1,-1,2015,1327B1936,425654.0,429532.0,-1.612343,53.761516,13,2,1,3,11/07/2015,7,23:15,204,E08000035,E08000035,3,62,6,50.0,0,-1,-1,-1,0,0,4,1,1,0,0,1,1,2,E01011522
7313,20151327B1936,2015,1327B1936,1,2,2,2,28,6,3,0,0,1,0,0,9,-1,-1,2015,1327B1936,425654.0,429532.0,-1.612343,53.761516,13,2,1,3,11/07/2015,7,23:15,204,E08000035,E08000035,3,62,6,50.0,0,-1,-1,-1,0,0,4,1,1,0,0,1,1,2,E01011522
7314,20151327B1936,2015,1327B1936,1,3,2,1,33,6,3,0,0,2,0,0,9,-1,-1,2015,1327B1936,425654.0,429532.0,-1.612343,53.761516,13,2,1,3,11/07/2015,7,23:15,204,E08000035,E08000035,3,62,6,50.0,0,-1,-1,-1,0,0,4,1,1,0,0,1,1,2,E01011522
7315,20151327C1014,2015,1327C1014,1,1,1,1,47,8,2,0,0,0,0,0,3,1,-1,2015,1327C1014,426812.0,431692.0,-1.594591,53.780871,13,2,1,1,12/07/2015,1,14:54,204,E08000035,E08000035,3,6110,3,40.0,0,-1,-1,-1,0,4,1,1,1,0,0,1,1,2,E01011734
7316,20151327C1065,2015,1327C1065,2,1,1,1,48,8,2,0,0,0,0,0,9,-1,-1,2015,1327C1065,422910.0,437538.0,-1.653373,53.833599,13,2,2,1,12/07/2015,1,15:28,204,E08000035,E08000035,3,6120,6,30.0,3,4,6,0,0,0,1,1,1,0,0,2,1,2,E01011452
7317,20151327C1568,2015,1327C1568,1,1,1,2,58,9,3,0,0,0,0,0,9,1,-1,2015,1327C1568,420646.0,436684.0,-1.68783,53.826018,13,3,2,1,12/07/2015,1,19:40,204,E08000035,E08000035,6,0,6,30.0,0,-1,-1,-1,0,0,1,1,1,0,0,1,1,2,E01011588
7318,20151327C1603,2015,1327C1603,2,1,1,1,54,8,3,0,0,0,0,0,9,1,-1,2015,1327C1603,420839.0,434417.0,-1.68505,53.805635,13,3,2,2,12/07/2015,1,20:00,204,E08000035,E08000035,3,647,3,40.0,0,-1,-1,-1,0,0,1,1,1,0,0,1,1,2,E01011595