,accident_index,accident_year_x,accident_reference_x,vehicle_reference,casualty_reference,casualty_class,sex_of_casualty,age_of_casualty,age_band_of_casualty,casualty_severity,pedestrian_location,pedestrian_movement,car_passenger,bus_or_coach_passenger,pedestrian_road_maintenance_worker,casualty_type,casualty_home_area_type,casualty_imd_decile,accident_year_y,accident_reference_y,location_easting_osgr,location_northing_osgr,longitude,latitude,police_force,accident_severity,number_of_vehicles,number_of_casualties,date,day_of_week,time,local_authority_district,local_authority_ons_district,local_authority_highway,first_road_class,first_road_number,road_type,speed_limit,junction_detail,junction_control,second_road_class,second_road_number,pedestrian_crossing_human_control,pedestrian_crossing_physical_facilities,light_conditions,weather_conditions,road_surface_conditions,special_conditions_at_site,carriageway_hazards,urban_or_rural_area,did_police_officer_attend_scene_of_accident,trunk_road_flag,lsoa_of_accident_location
7493,2015132880803,2015,132880803,2,1,1,1,46,8,3,0,0,0,0,0,5,1,-1,2015,132880803,441346.0,445094.0,-1.372242,53.900372,13,3,2,1,08/08/2015,7,12:15,204,E08000035,E08000035,2,1,3,70.0,0,-1,-1,-1,0,0,1,1,1,0,0,2,1,1,E01011707
7494,2015132880909,2015,132880909,2,1,1,1,39,7,3,0,0,0,0,0,1,1,-1,2015,132880909,427744.0,436450.0,-1.580021,53.823586,13,3,2,1,08/08/2015,7,20:25,204,E08000035,E08000035,3,660,6,30.0,3,4,4,6157,0,0,1,1,1,0,0,1,2,2,E01011692
7495,2015132881570,2015,132881570,1,1,1,1,34,6,3,0,0,0,0,0,9,-1,-1,2015,132881570,427084.0,432526.0,-1.590391,53.788353,13,3,3,1,08/08/2015,7,20:03,204,E08000035,E08000035,6,0,6,30.0,0,-1,-1,-1,0,0,1,1,1,0,0,1,1,2,E01011732
7496,2015132881871,2015,132881871,1,1,3,2,22,5,3,5,1,0,0,0,0,-1,-1,2015,132881871,431225.0,435476.0,-1.527241,53.814635,13,3,1,1,08/08/2015,7,22:25,204,E08000035,E08000035,6,0,6,30.0,0,-1,-1,-1,0,0,4,1,1,0,0,1,1,2,E01011361
7497,2015132890778,2015,132890778,1,1,2,1,16,4,3,0,0,2,0,0,9,1,-1,2015,132890778,432768.0,436182.0,-1.503733,53.820886,13,3,2,3,09/08/2015,1,12:15,204,E08000035,E08000035,6,0,6,30.0,6,4,6,0,0,0,1,1,1,0,0,1,1,2,E01011648
7498,2015132890778,2015,132890778,1,2,2,1,17,4,3,0,0,2,0,0,9,1,-1,2015,132890778,432768.0,436182.0,-1.503733,53.820886,13,3,2,3,09/08/2015,1,12:15,204,E08000035,E08000035,6,0,6,30.0,6,4,6,0,0,0,1,1,1,0,0,1,1,2,E01011648
7499,2015132890778,2015,132890778,2,3,1,2,27,6,3,0,0,0,0,0,9,1,-1,2015,132890778,432768.0,436182.0,-1.503733,53.820886,13,3,2,3,09/08/2015,1,12:15,204,E08000035,E08000035,6,0,6,30.0,6,4,6,0,0,0,1,1,1,0,0,1,1,2,E01011648
7500,2015132890804,2015,132890804,1,1,1,1,26,6,2,0,0,0,0,0,5,1,-1,2015,132890804,424061.0,428051.0,-1.636621,53.74828,13,2,2,2,09/08/2015,1,12:31,204,E08000035,E08000035,3,62,3,30.0,3,2,1,62,2,5,1,1,1,0,0,1,1,1,E01011523
7501,2015132890804,2015,132890804,2,2,1,2,39,7,3,0,0,0,0,0,9,1,-1,2015,132890804,424061.0,428051.0,-1.636621,53.74828,13,2,2,2,09/08/2015,1,12:31,204,E08000035,E08000035,3,62,3,30.0,3,2,1,62,2,5,1,1,1,0,0,1,1,1,E01011523
7502,20151328A0761,2015,1328A0761,2,1,2,2,61,9,3,0,0,1,0,0,9,-1,-1,2015,1328A0761,441226.0,445346.0,-1.374035,53.902646,13,3,2,2,10/08/2015,2,14:11,204,E08000035,E08000035,2,1,3,70.0,0,-1,-1,-1,0,0,1,2,2,0,0,2,1,1,E01011707
7503,20151328A0761,2015,1328A0761,2,2,2,2,57,9,3,0,0,2,0,0,9,-1,-1,2015,1328A0761,441226.0,445346.0,-1.374035,53.902646,13,3,2,2,10/08/2015,2,14:11,204,E08000035,E08000035,2,1,3,70.0,0,-1,-1,-1,0,0,1,2,2,0,0,2,1,1,E01011707
7504,20151328A1122,2015,1328A1122,2,1,1,2,32,6,3,0,0,0,0,0,1,1,-1,2015,1328A1122,427786.0,436379.0,-1.57939,53.822946,13,3,2,1,10/08/2015,2,16:32,204,E08000035,E08000035,6,0,6,30.0,3,4,3,660,0,0,1,1,1,0,0,1,2,2,E01011440
7505,20151328A1253,2015,1328A1253,1,1,1,1,11,3,3,0,0,0,0,0,1,-1,-1,2015,1328A1253,431057.0,430936.0,-1.530249,53.773842,13,3,2,1,10/08/2015,2,18:27,204,E08000035,E08000035,6,0,6,30.0,3,4,6,0,0,0,1,1,1,0,0,1,1,2,E01011468
7506,20151328B0254,2015,1328B0254,2,1,1,1,43,7,3,0,0,0,0,0,21,1,-1,2015,1328B0254,426472.0,444748.0,-1.598631,53.898232,13,3,2,1,11/08/2015,3,07:09,204,E08000035,E08000035,3,659,6,30.0,0,-1,-1,-1,0,0,1,1,1,0,0,2,1,2,E01011576
7507,20151328B0271,2015,1328B0271,2,1,1,1,27,6,3,0,0,0,0,0,1,1,-1,2015,1328B0271,427127.0,434793.0,-1.589539,53.808726,13,3,2,1,11/08/2015,3,07:49,204,E08000035,E08000035,3,65,6,30.0,3,4,6,0,0,0,1,1,1,0,0,1,1,2,E01011482
7508,20151328B0277,2015,1328B0277,1,1,1,1,18,4,3,0,0,0,0,0,3,1,-1,2015,1328B0277,421366.0,433144.0,-1.677136,53.794172,13,3,2,1,11/08/2015,3,07:30,204,E08000035,E08000035,4,6154,6,30.0,3,4,4,6154,0,0,1,1,1,0,0,1,1,2,E01011605
7509,20151328B0524,2015,1328B0524,3,1,1,2,28,6,3,0,0,0,0,0,9,1,-1,2015,1328B0524,426322.0,435515.0,-1.601702,53.815256,13,3,3,1,11/08/2015,3,15:45,204,E08000035,E08000035,3,65,6,30.0,3,2,6,0,0,0,1,1,1,0,0,1,2,2,E01011477
7510,20151328B0526,2015,1328B0526,1,1,1,2,74,10,3,0,0,0,0,0,9,1,-1,2015,1328B0526,427615.0,437092.0,-1.581923,53.829363,13,3,2,1,11/08/2015,3,11:00,204,E08000035,E08000035,6,0,6,30.0,3,4,6,0,0,4,1,1,1,0,0,1,1,2,E01011690
7511,20151328B0652,2015,1328B0652,1,1,1,2,18,4,3,0,0,0,0,0,9,1,-1,2015,1328B0652,426638.0,433093.0,-1.597111,53.793472,13,3,2,2,11/08/2015,3,12:27,204,E08000035,E08000035,4,6154,6,30.0,6,2,6,0,0,5,1,1,1,0,0,1,1,2,E01032607
7512,20151328B0652,2015,1328B0652,1,2,2,1,59,9,3,0,0,1,0,0,9,2,-1,2015,1328B0652,426638.0,433093.0,-1.597111,53.793472,13,3,2,2,11/08/2015,3,12:27,204,E08000035,E08000035,4,6154,6,30.0,6,2,6,0,0,5,1,1,1,0,0,1,1,2,E01032607
7513,20151328B0655,2015,1328B0655,1,1,1,2,51,8,3,0,0,0,0,0,9,-1,-1,2015,1328B0655,429146.0,431791.0,-1.559163,53.781636,13,3,2,5,11/08/2015,3,12:32,204,E08000035,E08000035,6,0,6,30.0,3,4,1,621,0,0,1,1,1,0,0,1,1,2,E01011366
7514,20151328B0655,2015,1328B0655,2,2,1,2,33,6,3,0,0,0,0,0,9,1,-1,2015,1328B0655,429146.0,431791.0,-1.559163,53.781636,13,3,2,5,11/08/2015,3,12:32,204,E08000035,E08000035,6,0,6,30.0,3,4,1,621,0,0,1,1,1,0,0,1,1,2,E01011366
7515,20151328B0655,2015,1328B0655,2,3,2,2,1,1,3,0,0,1,0,0,9,1,-1,2015,1328B0655,429146.0,431791.0,-1.559163,53.781636,13,3,2,5,11/08/2015,3,12:32,204,E08000035,E08000035,6,0,6,30.0,3,4,1,621,0,0,1,1,1,0,0,1,1,2,E01011366
7516,20151328B0655,2015,1328B0655,2,4,2,1,5,1,3,0,0,2,0,0,9,1,-1,2015,1328B0655,429146.0,431791.0,-1.559163,53.781636,13,3,2,5,11/08/2015,3,12:32,204,E08000035,E08000035,6,0,6,30.0,3,4,1,621,0,0,1,1,1,0,0,1,1,2,E01011366
7517,20151328B0655,2015,1328B0655,2,5,2,1,10,2,3,0,0,2,0,0,9,1,-1,2015,1328B0655,429146.0,431791.0,-1.559163,53.781636,13,3,2,5,11/08/2015,3,12:32,204,E08000035,E08000035,6,0,6,30.0,3,4,1,621,0,0,1,1,1,0,0,1,1,2,E01011366
7518,20151328B0825,2015,1328B0825,1,1,1,1,29,6,3,0,0,0,0,0,9,1,-1,2015,1328B0825,428112.0,426283.0,-1.575354,53.732188,13,3,2,3,11/08/2015,3,14:02,204,E08000035,E08000035,3,653,1,40.0,3,2,3,650,0,0,1,1,1,0,0,1,1,2,E01011550
7519,20151328B0825,2015,1328B0825,2,2,1,2,53,8,3,0,0,0,0,0,9,3,-1,2015,1328B0825,428112.0,426283.0,-1.575354,53.732188,13,3,2,3,11/08/2015,3,14:02,204,E08000035,E08000035,3,653,1,40.0,3,2,3,650,0,0,1,1,1,0,0,1,1,2,E01011550
7520,20151328B0825,2015,1328B0825,2,3,2,2,2,1,3,0,0,2,0,0,9,1,-1,2015,1328B0825,428112.0,426283.0,-1.575354,53.732188,13,3,2,3,11/08/2015,3,14:02,204,E08000035,E08000035,3,653,1,40.0,3,2,3,650,0,0,1,1,1,0,0,1,1,2,E01011550
7521,20151328B0900,2015,1328B0900,1,1,1,2,20,4,3,0,0,0,0,0,9,2,-1,2015,1328B0900,431754.0,435518.0,-1.519203,53.814981,13,3,2,1,11/08/2015,3,16:45,204,E08000035,E08000035,3,58,6,30.0,3,4,6,0,0,0,1,1,1,0,0,1,2,2,E01011429
7522,20151328B0951,2015,1328B0951,3,1,1,2,86,11,3,0,0,0,0,0,9,1,-1,2015,1328B0951,431559.0,434355.0,-1.522283,53.80454,13,3,3,1,11/08/2015,3,15:10,204,E08000035,E08000035,6,0,6,30.0,0,-1,-1,-1,0,0,1,1,1,0,0,1,1,2,E01033035
7523,20151328B1090,2015,1328B1090,1,1,1,1,23,5,3,0,0,0,0,0,1,-1,-1,2015,1328B1090,438681.0,445842.0,-1.412704,53.907299,13,3,2,1,11/08/2015,3,16:29,204,E08000035,E08000035,3,58,6,30.0,0,-1,-1,-1,0,0,1,1,1,0,0,1,2,2,E01011706
7524,20151328B1275,2015,1328B1275,1,1,3,1,9,2,3,5,2,0,0,0,0,1,-1,2015,1328B1275,435998.0,434797.0,-1.454832,53.808226,13,3,1,1,11/08/2015,3,17:49,204,E08000035,E08000035,6,0,3,40.0,0,-1,-1,-1,0,0,1,1,1,0,0,1,1,2,E01011345
7525,20151328C0509,2015,1328C0509,1,1,3,1,3,1,3,1,1,0,0,0,0,1,-1,2015,1328C0509,423090.0,437694.0,-1.650626,53.834993,13,3,1,1,12/08/2015,4,11:11,204,E08000035,E08000035,3,6120,6,40.0,9,4,6,0,0,4,1,1,1,0,0,1,1,2,E01011465
7526,20151328C0603,2015,1328C0603,1,1,1,1,45,7,3,0,0,0,0,0,9,1,-1,2015,1328C0603,431885.0,435553.0,-1.51721,53.815288,13,3,2,1,12/08/2015,4,12:00,204,E08000035,E08000035,6,0,6,30.0,0,-1,-1,-1,0,0,1,1,1,0,0,1,1,2,E01011428
7527,20151328C0619,2015,1328C0619,2,1,1,2,32,6,2,0,0,0,0,0,1,3,-1,2015,1328C0619,426856.0,438042.0,-1.593372,53.837941,13,2,2,1,12/08/2015,4,12:27,204,E08000035,E08000035,3,660,1,40.0,1,4,3,6120,0,0,1,1,1,0,0,1,1,2,E01011685
7528,20151328C0746,2015,1328C0746,2,1,1,1,24,5,3,0,0,0,0,0,19,1,-1,2015,1328C0746,430894.0,436421.0,-1.532174,53.823148,13,3,2,1,12/08/2015,4,12:45,204,E08000035,E08000035,6,0,6,30.0,0,-1,-1,-1,0,0,1,1,1,0,0,1,2,2,E01011356
7529,20151328C1081,2015,1328C1081,2,1,1,1,6,2,3,0,0,0,0,0,1,1,-1,2015,1328C1081,441883.0,430161.0,-1.366099,53.766121,13,3,2,1,12/08/2015,4,16:00,204,E08000035,E08000035,4,6137,6,30.0,0,-1,-1,-1,0,0,1,1,1,0,0,1,1,2,E01011304
7530,20151328C1608,2015,1328C1608,1,1,3,2,44,7,3,5,3,0,0,0,0,1,-1,2015,1328C1608,429470.0,433620.0,-1.554072,53.798056,13,3,1,1,11/08/2015,3,10:30,204,E08000035,E08000035,6,0,6,30.0,3,4,6,0,0,0,1,1,1,0,0,1,2,2,E01033008
7531,20151328C1627,2015,1328C1627,1,1,1,1,18,4,3,0,0,0,0,0,2,1,-1,2015,1328C1627,429053.0,430470.0,-1.560698,53.769768,13,3,2,1,12/08/2015,4,20:54,204,E08000035,E08000035,6,0,1,30.0,1,4,6,0,0,0,1,1,1,0,0,1,1,2,E01011313
7532,20151328C1656,2015,1328C1656,1,1,2,2,60,9,3,0,0,0,2,0,11,1,-1,2015,1328C1656,429862.0,433524.0,-1.54813,53.797171,13,3,1,1,12/08/2015,4,16:56,204,E08000035,E08000035,6,0,6,30.0,0,-1,-1,-1,0,0,1,1,1,0,0,1,2,2,E01033010
7533,20151328D0153,2015,1328D0153,1,1,1,1,66,10,3,0,0,0,0,0,9,1,-1,2015,1328D0153,432543.0,442835.0,-1.506448,53.880694,13,3,1,1,13/08/2015,5,03:30,204,E08000035,E08000035,3,61,2,60.0,0,-1,-1,-1,0,0,6,1,1,0,0,2,1,2,E01011561
7534,20151328D0380,2015,1328D0380,1,1,3,1,90,11,3,5,3,0,0,0,0,1,-1,2015,1328D0380,418962.0,441738.0,-1.713102,53.871506,13,3,1,1,13/08/2015,5,10:02,204,E08000035,E08000035,4,6153,6,30.0,6,4,6,0,0,0,1,1,1,0,0,1,1,2,E01011265
7535,20151328D1126,2015,1328D1126,1,1,3,1,10,2,2,5,2,0,0,0,0,1,-1,2015,1328D1126,432105.0,435417.0,-1.513883,53.814052,13,2,1,1,13/08/2015,5,17:18,204,E08000035,E08000035,6,0,6,30.0,0,-1,-1,-1,0,0,1,1,1,0,0,1,1,2,E01011430
7536,20151328D1243,2015,1328D1243,2,1,1,1,21,5,3,0,0,0,0,0,3,1,-1,2015,1328D1243,427377.0,434919.0,-1.585732,53.809845,13,3,2,1,13/08/2015,5,18:10,204,E08000035,E08000035,6,0,6,30.0,6,4,6,0,0,0,1,2,2,0,0,1,1,2,E01011482
7537,20151328D1274,2015,1328D1274,1,1,2,1,23,5,3,0,0,2,0,0,8,1,-1,2015,1328D1274,431591.0,430912.0,-1.522149,53.773594,13,3,2,2,13/08/2015,5,14:30,204,E08000035,E08000035,6,0,6,30.0,0,-1,-1,-1,0,0,1,1,1,0,0,1,2,2,-1
7538,20151328D1274,2015,1328D1274,1,2,2,2,21,5,3,0,0,2,0,0,8,1,-1,2015,1328D1274,431591.0,430912.0,-1.522149,53.773594,13,3,2,2,13/08/2015,5,14:30,204,E08000035,E08000035,6,0,6,30.0,0,-1,-1,-1,0,0,1,1,1,0,0,1,2,2,-1
7539,20151328D1457,2015,1328D1457,1,1,1,1,21,5,3,0,0,0,0,0,9,1,-1,2015,1328D1457,440172.0,433414.0,-1.391632,53.795491,13,3,2,2,13/08/2015,5,19:59,204,E08000035,E08000035,3,642,6,40.0,3,4,6,0,0,0,1,1,1,0,0,1,1,2,E01011396
7540,20151328D1457,2015,1328D1457,2,2,1,2,70,10,3,0,0,0,0,0,9,1,-1,2015,1328D1457,440172.0,433414.0,-1.391632,53.795491,13,3,2,2,13/08/2015,5,19:59,204,E08000035,E08000035,3,642,6,40.0,3,4,6,0,0,0,1,1,1,0,0,1,1,2,E01011396
7541,20151328E0566,2015,1328E0566,1,1,3,2,20,4,3,6,9,0,0,0,0,1,-1,2015,1328E0566,432543.0,435255.0,-1.507248,53.812569,13,3,1,1,14/08/2015,6,11:40,204,E08000035,E08000035,6,0,6,30.0,0,-1,-1,-1,0,0,1,2,2,0,0,1,1,2,E01011431
7542,20151328E0626,2015,1328E0626,1,1,1,2,44,7,3,0,0,0,0,0,9,1,-1,2015,1328E0626,434156.0,428669.0,-1.483479,53.753273,13,3,2,3,14/08/2015,6,12:21,204,E08000035,E08000035,6,0,6,30.0,3,4,6,0,0,0,1,2,2,0,0,1,1,2,E01011639
7543,20151328E0626,2015,1328E0626,1,2,2,2,18,4,3,0,0,1,0,0,9,3,-1,2015,1328E0626,434156.0,428669.0,-1.483479,53.753273,13,3,2,3,14/08/2015,6,12:21,204,E08000035,E08000035,6,0,6,30.0,3,4,6,0,0,0,1,2,2,0,0,1,1,2,E01011639
7544,20151328E0626,2015,1328E0626,1,3,2,1,19,4,3,0,0,2,0,0,9,1,-1,2015,1328E0626,434156.0,428669.0,-1.483479,53.753273,13,3,2,3,14/08/2015,6,12:21,204,E08000035,E08000035,6,0,6,30.0,3,4,6,0,0,0,1,2,2,0,0,1,1,2,E01011639
7545,20151328E0675,2015,1328E0675,2,1,1,2,49,8,3,0,0,0,0,0,9,1,-1,2015,1328E0675,431183.0,431861.0,-1.528244,53.782148,13,3,2,1,14/08/2015,6,12:50,204,E08000035,E08000035,3,653,6,30.0,8,4,6,0,0,4,1,2,2,0,0,1,1,2,E01011467
7546,20151328E1032,2015,1328E1032,1,1,3,2,36,7,3,7,3,0,0,0,0,-1,-1,2015,1328E1032,432516.0,436686.0,-1.507507,53.825432,13,3,1,1,14/08/2015,6,15:25,204,E08000035,E08000035,6,0,6,30.0,0,-1,-1,-1,0,8,1,1,1,0,0,1,2,2,E01011645
7547,20151328E1105,2015,1328E1105,1,1,3,2,24,5,3,1,1,0,0,0,0,1,-1,2015,1328E1105,431732.0,434572.0,-1.519634,53.80648,13,3,1,1,14/08/2015,6,16:45,204,E08000035,E08000035,6,0,6,30.0,0,-1,-1,-1,0,4,1,2,2,0,0,1,2,2,E01011677
7548,20151328E1134,2015,1328E1134,2,1,1,2,34,6,3,0,0,0,0,0,9,1,-1,2015,1328E1134,428549.0,431412.0,-1.568258,53.778263,13,3,2,1,14/08/2015,6,17:05,204,E08000035,E08000035,3,643,6,30.0,9,4,3,643,0,0,1,2,2,0,0,1,1,2,E01011369
7549,20151328E1461,2015,1328E1461,1,1,1,1,46,8,3,0,0,0,0,0,9,1,-1,2015,1328E1461,422297.0,440473.0,-1.662475,53.860005,13,3,2,5,14/08/2015,6,20:19,204,E08000035,E08000035,6,0,6,40.0,3,4,6,0,0,0,1,2,2,0,0,2,1,2,-1
7550,20151328E1461,2015,1328E1461,1,2,2,1,75,10,3,0,0,1,0,0,9,1,-1,2015,1328E1461,422297.0,440473.0,-1.662475,53.860005,13,3,2,5,14/08/2015,6,20:19,204,E08000035,E08000035,6,0,6,40.0,3,4,6,0,0,0,1,2,2,0,0,2,1,2,-1
7551,20151328E1461,2015,1328E1461,1,3,2,1,35,6,3,0,0,2,0,0,9,1,-1,2015,1328E1461,422297.0,440473.0,-1.662475,53.860005,13,3,2,5,14/08/2015,6,20:19,204,E08000035,E08000035,6,0,6,40.0,3,4,6,0,0,0,1,2,2,0,0,2,1,2,-1
7552,20151328E1461,2015,1328E1461,2,4,1,1,31,6,3,0,0,0,0,0,9,1,-1,2015,1328E1461,422297.0,440473.0,-1.662475,53.860005,13,3,2,5,14/08/2015,6,20:19,204,E08000035,E08000035,6,0,6,40.0,3,4,6,0,0,0,1,2,2,0,0,2,1,2,-1
7553,20151328E1461,2015,1328E1461,2,5,2,2,3,1,3,0,0,2,0,0,9,1,-1,2015,1328E1461,422297.0,440473.0,-1.662475,53.860005,13,3,2,5,14/08/2015,6,20:19,204,E08000035,E08000035,6,0,6,40.0,3,4,6,0,0,0,1,2,2,0,0,2,1,2,-1
7554,20151328E1468,2015,1328E1468,1,1,1,2,28,6,3,0,0,0,0,0,9,1,-1,2015,1328E1468,431812.0,430459.0,-1.518843,53.769509,13,3,1,1,14/08/2015,6,20:15,204,E08000035,E08000035,1,621,7,50.0,0,-1,-1,-1,0,0,1,2,2,0,0,1,1,1,E01011469
7555,20151328F0233,2015,1328F0233,1,1,1,1,26,6,3,0,0,0,0,0,9,-1,-1,2015,1328F0233,426861.0,433797.0,-1.593665,53.799788,13,3,1,1,15/08/2015,7,02:41,204,E08000035,E08000035,3,647,3,40.0,0,-1,-1,-1,0,0,1,1,1,0,0,1,1,2,E01032499
7556,20151328F0609,2015,1328F0609,2,1,1,2,36,7,3,0,0,0,0,0,1,1,-1,2015,1328F0609,426089.0,431603.0,-1.605571,53.780108,13,3,2,1,15/08/2015,7,21:30,204,E08000035,E08000035,3,58,6,30.0,0,-1,-1,-1,0,0,1,1,2,0,0,1,2,2,E01011737
7557,20151328F0973,2015,1328F0973,2,1,1,2,58,9,3,0,0,0,0,0,9,1,-1,2015,1328F0973,430003.0,438579.0,-1.545499,53.842596,13,3,2,1,15/08/2015,7,15:05,204,E08000035,E08000035,6,0,6,30.0,3,4,4,6157,0,0,1,1,1,0,0,1,1,2,E01011514
7558,20151328F1263,2015,1328F1263,1,1,1,1,18,4,2,0,0,0,0,0,3,1,-1,2015,1328F1263,421596.0,439398.0,-1.673208,53.850372,13,2,1,1,15/08/2015,7,18:25,204,E08000035,E08000035,6,0,6,30.0,0,-1,-1,-1,0,0,1,1,1,0,0,1,1,2,E01011457
7559,20151328G0519,2015,1328G0519,1,1,1,2,61,9,3,0,0,0,0,0,5,1,-1,2015,1328G0519,441686.0,448925.0,-1.366547,53.934775,13,3,1,1,16/08/2015,1,09:55,204,E08000035,E08000035,5,0,6,40.0,3,4,6,0,0,0,1,1,1,0,0,2,1,2,E01011704
7560,20151328G0583,2015,1328G0583,2,1,1,1,21,5,3,0,0,0,0,0,9,3,-1,2015,1328G0583,428983.0,439125.0,-1.560949,53.847561,13,3,2,2,16/08/2015,1,10:50,204,E08000035,E08000035,6,0,6,30.0,6,4,6,0,0,0,1,1,1,0,0,1,1,2,E01011560
7561,20151328G0583,2015,1328G0583,2,2,2,1,26,6,3,0,0,1,0,0,9,1,-1,2015,1328G0583,428983.0,439125.0,-1.560949,53.847561,13,3,2,2,16/08/2015,1,10:50,204,E08000035,E08000035,6,0,6,30.0,6,4,6,0,0,0,1,1,1,0,0,1,1,2,E01011560
7562,20151328G1096,2015,1328G1096,1,1,1,1,78,11,3,0,0,0,0,0,9,1,-1,2015,1328G1096,420343.0,436252.0,-1.692461,53.822147,13,3,1,2,16/08/2015,1,16:20,204,E08000035,E08000035,6,0,6,40.0,0,-1,-1,-1,0,0,1,1,1,0,0,2,1,2,E01011590
7563,20151328G1096,2015,1328G1096,1,2,2,1,43,7,3,0,0,1,0,0,9,1,-1,2015,1328G1096,420343.0,436252.0,-1.692461,53.822147,13,3,1,2,16/08/2015,1,16:20,204,E08000035,E08000035,6,0,6,40.0,0,-1,-1,-1,0,0,1,1,1,0,0,2,1,2,E01011590
7564,20151328G1201,2015,1328G1201,2,1,2,2,64,9,2,0,0,1,0,0,9,1,-1,2015,1328G1201,427784.0,430722.0,-1.579928,53.772102,13,2,3,2,16/08/2015,1,17:15,204,E08000035,E08000035,3,6110,3,40.0,3,2,3,643,0,4,1,1,1,0,0,1,1,2,E01011369
7565,20151328G1201,2015,1328G1201,3,2,1,2,23,5,3,0,0,0,0,0,9,1,-1,2015,1328G1201,427784.0,430722.0,-1.579928,53.772102,13,2,3,2,16/08/2015,1,17:15,204,E08000035,E08000035,3,6110,3,40.0,3,2,3,643,0,4,1,1,1,0,0,1,1,2,E01011369
7566,20151328G1408,2015,1328G1408,1,1,3,2,27,6,3,9,9,0,0,0,0,1,-1,2015,1328G1408,422826.0,432541.0,-1.655018,53.788691,13,3,1,1,16/08/2015,1,19:12,204,E08000035,E08000035,6,0,3,30.0,0,-1,-1,-1,0,0,1,1,1,0,0,1,2,2,E01011607
7567,20151328H0312,2015,1328H0312,1,1,3,1,10,2,2,5,1,0,0,0,0,1,-1,2015,1328H0312,425152.0,437563.0,-1.619305,53.833721,13,2,1,1,17/08/2015,2,08:50,204,E08000035,E08000035,6,0,6,30.0,0,-1,-1,-1,0,0,1,1,1,0,0,1,1,2,E01011464
7568,20151328H0373,2015,1328H0373,2,1,1,2,32,6,3,0,0,0,0,0,9,-1,-1,2015,1328H0373,426283.0,435588.0,-1.602288,53.815914,13,3,2,1,17/08/2015,2,09:34,204,E08000035,E08000035,3,65,6,30.0,6,2,6,0,0,0,1,1,1,0,0,1,1,2,E01011488
7569,20151328H0677,2015,1328H0677,1,1,1,1,31,6,2,0,0,0,0,0,1,-1,-1,2015,1328H0677,436819.0,443884.0,-1.44128,53.889837,13,2,2,1,17/08/2015,2,12:38,204,E08000035,E08000035,6,0,2,30.0,0,-1,-1,-1,0,0,1,1,1,5,0,2,1,2,E01011713
7570,20151328H0763,2015,1328H0763,2,1,1,1,41,7,3,0,0,0,0,0,9,1,-1,2015,1328H0763,428722.0,429698.0,-1.565792,53.762848,13,3,2,1,14/08/2015,6,16:35,204,E08000035,E08000035,6,0,3,40.0,3,4,6,0,0,0,1,1,1,0,0,1,2,2,E01011321
7571,20151328H0788,2015,1328H0788,1,1,2,2,28,6,3,0,0,1,0,0,9,1,-1,2015,1328H0788,428808.0,432670.0,-1.564211,53.789555,13,3,2,1,17/08/2015,2,13:30,204,E08000035,E08000035,3,58,1,30.0,1,4,3,643,0,0,1,1,1,0,0,1,2,2,E01033013
7572,20151328H1072,2015,1328H1072,2,1,1,1,48,8,3,0,0,0,0,0,1,1,-1,2015,1328H1072,430233.0,435116.0,-1.542342,53.811458,13,3,2,1,17/08/2015,2,16:00,204,E08000035,E08000035,6,0,3,40.0,3,2,6,0,0,5,1,1,1,0,0,1,1,2,E01011671
7573,20151328H1115,2015,1328H1115,2,1,2,2,40,7,3,0,0,2,0,0,10,1,-1,2015,1328H1115,419771.0,441329.0,-1.700825,53.8678,13,3,2,2,17/08/2015,2,16:28,204,E08000035,E08000035,3,65,6,30.0,0,-1,-1,-1,0,0,1,1,1,0,0,1,1,2,E01011273
7574,20151328H1115,2015,1328H1115,2,2,2,1,68,10,3,0,0,2,0,0,10,1,-1,2015,1328H1115,419771.0,441329.0,-1.700825,53.8678,13,3,2,2,17/08/2015,2,16:28,204,E08000035,E08000035,3,65,6,30.0,0,-1,-1,-1,0,0,1,1,1,0,0,1,1,2,E01011273
7575,20151328H1370,2015,1328H1370,1,1,1,2,47,8,3,0,0,0,0,0,9,1,-1,2015,1328H1370,432115.0,427471.0,-1.514555,53.742635,13,3,3,3,17/08/2015,2,18:54,204,E08000035,E08000035,1,1,3,70.0,0,-1,-1,-1,0,0,1,1,1,0,0,2,1,1,E01032496
7576,20151328H1370,2015,1328H1370,1,2,2,1,58,9,3,0,0,1,0,0,9,1,-1,2015,1328H1370,432115.0,427471.0,-1.514555,53.742635,13,3,3,3,17/08/2015,2,18:54,204,E08000035,E08000035,1,1,3,70.0,0,-1,-1,-1,0,0,1,1,1,0,0,2,1,1,E01032496
7577,20151328H1370,2015,1328H1370,3,3,1,2,51,8,3,0,0,0,0,0,9,1,-1,2015,1328H1370,432115.0,427471.0,-1.514555,53.742635,13,3,3,3,17/08/2015,2,18:54,204,E08000035,E08000035,1,1,3,70.0,0,-1,-1,-1,0,0,1,1,1,0,0,2,1,1,E01032496
7578,20151328I0514,2015,1328I0514,2,1,1,2,35,6,3,0,0,0,0,0,9,1,-1,2015,1328I0514,436981.0,433592.0,-1.44005,53.797327,13,3,4,3,18/08/2015,3,11:50,204,E08000035,E08000035,3,6120,3,40.0,0,-1,-1,-1,0,4,1,2,2,0,0,1,1,2,E01011418
7579,20151328I0514,2015,1328I0514,3,2,1,1,50,8,3,0,0,0,0,0,9,1,-1,2015,1328I0514,436981.0,433592.0,-1.44005,53.797327,13,3,4,3,18/08/2015,3,11:50,204,E08000035,E08000035,3,6120,3,40.0,0,-1,-1,-1,0,4,1,2,2,0,0,1,1,2,E01011418