,accident_index,accident_year_x,accident_reference_x,vehicle_reference,casualty_reference,casualty_class,sex_of_casualty,age_of_casualty,age_band_of_casualty,casualty_severity,pedestrian_location,pedestrian_movement,car_passenger,bus_or_coach_passenger,pedestrian_road_maintenance_worker,casualty_type,casualty_home_area_type,casualty_imd_decile,accident_year_y,accident_reference_y,location_easting_osgr,location_northing_osgr,longitude,latitude,police_force,accident_severity,number_of_vehicles,number_of_casualties,date,day_of_week,time,local_authority_district,local_authority_ons_district,local_authority_highway,first_road_class,first_road_number,road_type,speed_limit,junction_detail,junction_control,second_road_class,second_road_number,pedestrian_crossing_human_control,pedestrian_crossing_physical_facilities,light_conditions,weather_conditions,road_surface_conditions,special_conditions_at_site,carriageway_hazards,urban_or_rural_area,did_police_officer_attend_scene_of_accident,trunk_road_flag,lsoa_of_accident_location
7754,20151329A1185,2015,1329A1185,1,1,3,1,54,8,3,6,9,0,0,0,0,1,-1,2015,1329A1185,430368.0,427966.0,-1.540994,53.747188,13,3,1,1,10/09/2015,5,17:30,204,E08000035,E08000035,6,0,6,30.0,0,-1,-1,-1,0,0,1,1,1,0,0,1,2,2,E01011492
7755,20151329A1232,2015,1329A1232,1,1,1,1,18,4,2,0,0,0,0,0,3,1,-1,2015,1329A1232,433840.0,427713.0,-1.488376,53.744702,13,2,1,1,10/09/2015,5,18:05,204,E08000035,E08000035,3,654,6,30.0,0,-1,-1,-1,0,0,1,1,1,0,0,2,1,2,E01011634
7756,20151329A1314,2015,1329A1314,1,1,2,2,83,11,2,0,0,0,3,0,11,1,-1,2015,1329A1314,429915.0,433797.0,-1.547299,53.799622,13,2,1,1,10/09/2015,5,17:00,204,E08000035,E08000035,6,0,6,30.0,0,-1,-1,-1,0,0,1,1,1,0,0,1,2,2,E01033010
7757,20151329B0203,2015,1329B0203,1,1,1,2,45,7,3,0,0,0,0,0,9,1,-1,2015,1329B0203,434333.0,425851.0,-1.481107,53.727934,13,3,1,2,11/09/2015,6,06:00,204,E08000035,E08000035,6,0,6,30.0,0,-1,-1,-1,0,0,1,1,1,0,0,2,1,2,E01011634
7758,20151329B0203,2015,1329B0203,1,2,2,1,21,5,3,0,0,1,0,0,9,1,-1,2015,1329B0203,434333.0,425851.0,-1.481107,53.727934,13,3,1,2,11/09/2015,6,06:00,204,E08000035,E08000035,6,0,6,30.0,0,-1,-1,-1,0,0,1,1,1,0,0,2,1,2,E01011634
7759,20151329B0237,2015,1329B0237,1,1,3,2,31,6,3,5,2,0,0,0,0,1,-1,2015,1329B0237,420579.0,445267.0,-1.688275,53.903162,13,3,1,1,11/09/2015,6,07:18,204,E08000035,E08000035,6,0,6,30.0,0,-1,-1,-1,0,0,1,2,2,0,0,1,1,2,E01011574
7760,20151329B0288,2015,1329B0288,2,1,1,1,35,6,3,0,0,0,0,0,1,-1,-1,2015,1329B0288,431833.0,435987.0,-1.517955,53.819191,13,3,2,1,11/09/2015,6,08:16,204,E08000035,E08000035,4,6159,6,30.0,3,4,6,0,0,0,1,1,1,0,0,1,1,2,E01011422
7761,20151329B0532,2015,1329B0532,1,1,1,1,30,6,3,0,0,0,0,0,9,1,-1,2015,1329B0532,437356.0,430142.0,-1.434774,53.766293,13,3,1,1,11/09/2015,6,11:07,204,E08000035,E08000035,6,0,6,60.0,3,4,6,0,0,0,1,1,1,0,0,2,1,2,E01011402
7762,20151329B0557,2015,1329B0557,1,1,1,2,33,6,3,0,0,0,0,0,9,1,-1,2015,1329B0557,430356.0,438557.0,-1.540136,53.842378,13,3,2,2,11/09/2015,6,11:20,204,E08000035,E08000035,3,61,3,40.0,6,2,6,0,0,5,1,1,1,0,0,1,1,2,E01011514
7763,20151329B0557,2015,1329B0557,2,2,1,2,40,7,3,0,0,0,0,0,9,1,-1,2015,1329B0557,430356.0,438557.0,-1.540136,53.842378,13,3,2,2,11/09/2015,6,11:20,204,E08000035,E08000035,3,61,3,40.0,6,2,6,0,0,5,1,1,1,0,0,1,1,2,E01011514
7764,20151329B0695,2015,1329B0695,1,1,1,1,20,4,3,0,0,0,0,0,3,1,-1,2015,1329B0695,431518.0,429235.0,-1.523427,53.758526,13,3,2,1,11/09/2015,6,11:00,204,E08000035,E08000035,6,0,6,20.0,3,4,6,0,0,0,1,1,1,0,0,1,2,2,E01011475
7765,20151329B0793,2015,1329B0793,2,1,1,1,41,7,3,0,0,0,0,0,1,1,-1,2015,1329B0793,428743.0,432714.0,-1.565193,53.789954,13,3,2,1,11/09/2015,6,13:41,204,E08000035,E08000035,6,0,1,30.0,1,4,3,643,0,0,1,1,1,0,0,1,1,2,E01033013
7766,20151329B0999,2015,1329B0999,1,1,1,2,20,4,3,0,0,0,0,0,9,1,-1,2015,1329B0999,423664.0,433428.0,-1.64223,53.796626,13,3,3,1,11/09/2015,6,15:27,204,E08000035,E08000035,6,0,6,30.0,0,-1,-1,-1,0,0,1,1,1,0,0,1,1,2,E01011614
7767,20151329B1119,2015,1329B1119,1,1,1,1,52,8,2,0,0,0,0,0,5,1,-1,2015,1329B1119,440133.0,445949.0,-1.39059,53.908151,13,2,1,1,11/09/2015,6,16:26,204,E08000035,E08000035,3,659,6,50.0,0,-1,-1,-1,0,0,1,1,1,0,0,2,1,2,E01011696
7768,20151329B1209,2015,1329B1209,1,1,1,1,59,9,3,0,0,0,0,0,5,2,-1,2015,1329B1209,433009.0,425935.0,-1.501165,53.728774,13,3,2,1,11/09/2015,6,17:08,204,E08000035,E08000035,1,62,3,70.0,0,-1,-1,-1,0,0,1,1,1,0,0,1,1,1,E01011500
7769,20151329B1368,2015,1329B1368,3,1,1,1,25,5,3,0,0,0,0,0,3,-1,-1,2015,1329B1368,429702.0,434348.0,-1.55048,53.804586,13,3,3,1,11/09/2015,6,18:40,204,E08000035,E08000035,2,58,3,40.0,0,-1,-1,-1,0,0,1,1,1,4,0,1,1,2,E01033005
7770,20151329B1442,2015,1329B1442,1,1,1,1,23,5,3,0,0,0,0,0,17,3,-1,2015,1329B1442,445372.0,446876.0,-1.310712,53.916051,13,3,1,2,11/09/2015,6,19:20,204,E08000035,E08000035,6,0,1,30.0,1,4,6,0,0,0,1,1,1,0,0,2,1,2,E01011697
7771,20151329B1442,2015,1329B1442,1,2,2,2,17,4,3,0,0,1,0,0,17,1,-1,2015,1329B1442,445372.0,446876.0,-1.310712,53.916051,13,3,1,2,11/09/2015,6,19:20,204,E08000035,E08000035,6,0,1,30.0,1,4,6,0,0,0,1,1,1,0,0,2,1,2,E01011697
7772,20151329B1877,2015,1329B1877,1,1,3,2,39,7,3,10,9,0,0,0,0,1,-1,2015,1329B1877,421665.0,433865.0,-1.672547,53.80064,13,3,1,1,11/09/2015,6,23:30,204,E08000035,E08000035,6,0,6,30.0,0,-1,-1,-1,0,0,4,1,1,0,0,1,2,2,E01011585
7773,20151329C0164,2015,1329C0164,1,1,3,1,28,6,3,5,1,0,0,0,0,1,-1,2015,1329C0164,430060.0,433991.0,-1.545079,53.801357,13,3,1,1,12/09/2015,7,02:00,204,E08000035,E08000035,3,660,3,30.0,0,-1,-1,-1,0,0,1,1,1,0,0,1,1,2,E01033010
7774,20151329C0363,2015,1329C0363,1,1,1,1,26,6,3,0,0,0,0,0,9,1,-1,2015,1329C0363,424441.0,442060.0,-1.629752,53.874172,13,3,1,1,12/09/2015,7,07:41,204,E08000035,E08000035,6,0,6,60.0,0,-1,-1,-1,0,0,1,2,2,0,0,2,1,2,E01032503
7775,20151329C1032,2015,1329C1032,1,1,1,2,32,6,3,0,0,0,0,0,9,1,-1,2015,1329C1032,426224.0,433074.0,-1.603397,53.793322,13,3,2,1,12/09/2015,7,16:09,204,E08000035,E08000035,4,6154,6,30.0,3,4,6,0,0,0,1,1,1,0,0,1,1,2,E01011729
7776,20151329C1141,2015,1329C1141,2,1,2,2,84,11,3,0,0,0,4,0,11,-1,-1,2015,1329C1141,432552.0,433803.0,-1.507264,53.799518,13,3,2,1,12/09/2015,7,17:11,204,E08000035,E08000035,3,64,3,40.0,5,2,6,0,0,4,1,1,1,0,0,1,1,2,E01011348
7777,20151329C1267,2015,1329C1267,1,1,1,1,16,4,2,0,0,0,0,0,1,-1,-1,2015,1329C1267,428209.0,434608.0,-1.573126,53.807006,13,2,2,1,14/09/2015,2,18:30,204,E08000035,E08000035,6,0,2,20.0,3,4,6,0,0,0,1,1,1,0,0,1,1,2,E01011481
7778,20151329C1467,2015,1329C1467,1,1,1,2,21,5,3,0,0,0,0,0,9,1,-1,2015,1329C1467,425950.0,426791.0,-1.608082,53.736865,13,3,2,1,12/09/2015,7,20:38,204,E08000035,E08000035,3,650,3,30.0,3,2,6,0,0,5,4,1,1,0,0,1,1,2,E01011546
7779,20151329C1490,2015,1329C1490,1,1,1,2,55,8,3,0,0,0,0,0,9,1,-1,2015,1329C1490,431711.0,435435.0,-1.519865,53.814238,13,3,3,2,12/09/2015,7,20:45,204,E08000035,E08000035,3,58,6,30.0,3,4,6,0,0,0,4,1,1,0,0,1,1,2,E01011429
7780,20151329C1490,2015,1329C1490,2,2,1,2,46,8,3,0,0,0,0,0,9,-1,-1,2015,1329C1490,431711.0,435435.0,-1.519865,53.814238,13,3,3,2,12/09/2015,7,20:45,204,E08000035,E08000035,3,58,6,30.0,3,4,6,0,0,0,4,1,1,0,0,1,1,2,E01011429
7781,20151329D0126,2015,1329D0126,1,1,2,2,18,4,3,0,0,2,0,0,9,-1,-1,2015,1329D0126,429900.0,435437.0,-1.547368,53.814363,13,3,1,2,13/09/2015,1,02:45,204,E08000035,E08000035,6,0,6,30.0,0,-1,-1,-1,0,0,4,1,1,0,0,1,1,2,E01011670
7782,20151329D0126,2015,1329D0126,1,2,2,2,18,4,3,0,0,2,0,0,9,-1,-1,2015,1329D0126,429900.0,435437.0,-1.547368,53.814363,13,3,1,2,13/09/2015,1,02:45,204,E08000035,E08000035,6,0,6,30.0,0,-1,-1,-1,0,0,4,1,1,0,0,1,1,2,E01011670
7783,20151329D0492,2015,1329D0492,2,1,1,1,33,6,3,0,0,0,0,0,9,1,-1,2015,1329D0492,425997.0,428216.0,-1.607251,53.749671,13,3,2,5,13/09/2015,1,10:34,204,E08000035,E08000035,3,643,1,30.0,1,4,4,6126,0,1,1,1,1,0,0,1,1,2,E01011525
7784,20151329D0492,2015,1329D0492,2,2,2,2,25,5,3,0,0,1,0,0,9,1,-1,2015,1329D0492,425997.0,428216.0,-1.607251,53.749671,13,3,2,5,13/09/2015,1,10:34,204,E08000035,E08000035,3,643,1,30.0,1,4,4,6126,0,1,1,1,1,0,0,1,1,2,E01011525
7785,20151329D0492,2015,1329D0492,2,3,2,2,9,2,3,0,0,2,0,0,9,1,-1,2015,1329D0492,425997.0,428216.0,-1.607251,53.749671,13,3,2,5,13/09/2015,1,10:34,204,E08000035,E08000035,3,643,1,30.0,1,4,4,6126,0,1,1,1,1,0,0,1,1,2,E01011525
7786,20151329D0492,2015,1329D0492,2,4,2,1,6,2,3,0,0,2,0,0,9,1,-1,2015,1329D0492,425997.0,428216.0,-1.607251,53.749671,13,3,2,5,13/09/2015,1,10:34,204,E08000035,E08000035,3,643,1,30.0,1,4,4,6126,0,1,1,1,1,0,0,1,1,2,E01011525
7787,20151329D0492,2015,1329D0492,2,5,2,1,1,1,3,0,0,2,0,0,9,1,-1,2015,1329D0492,425997.0,428216.0,-1.607251,53.749671,13,3,2,5,13/09/2015,1,10:34,204,E08000035,E08000035,3,643,1,30.0,1,4,4,6126,0,1,1,1,1,0,0,1,1,2,E01011525
7788,20151329D0509,2015,1329D0509,2,1,2,2,54,8,3,0,0,2,0,0,9,1,-1,2015,1329D0509,436797.0,443822.0,-1.441622,53.889282,13,3,3,1,13/09/2015,1,10:45,204,E08000035,E08000035,3,58,6,50.0,0,-1,-1,-1,0,0,1,1,1,0,0,2,1,2,E01011713
7789,20151329D0855,2015,1329D0855,1,1,1,1,83,11,3,0,0,0,0,0,9,1,-1,2015,1329D0855,429481.0,432217.0,-1.554039,53.785446,13,3,2,1,13/09/2015,1,14:48,204,E08000035,E08000035,6,0,6,30.0,0,-1,-1,-1,0,0,1,1,1,0,0,1,1,2,E01033032
7790,20151329D1016,2015,1329D1016,1,1,1,1,26,6,3,0,0,0,0,0,5,1,-1,2015,1329D1016,430481.0,424268.0,-1.539643,53.713945,13,3,2,1,13/09/2015,1,16:15,204,E08000035,E08000035,1,1,3,50.0,0,-1,-1,-1,0,0,1,1,1,4,0,2,1,1,E01011537
7791,20151329D1278,2015,1329D1278,1,1,1,1,51,8,3,0,0,0,0,0,9,1,-1,2015,1329D1278,434713.0,428888.0,-1.475008,53.755205,13,3,2,2,13/09/2015,1,18:39,204,E08000035,E08000035,6,0,6,30.0,6,4,6,0,0,0,1,1,2,0,0,1,1,2,E01011628
7792,20151329D1278,2015,1329D1278,2,2,1,1,40,7,3,0,0,0,0,0,11,-1,-1,2015,1329D1278,434713.0,428888.0,-1.475008,53.755205,13,3,2,2,13/09/2015,1,18:39,204,E08000035,E08000035,6,0,6,30.0,6,4,6,0,0,0,1,1,2,0,0,1,1,2,E01011628
7793,20151329E0874,2015,1329E0874,2,1,1,1,26,6,3,0,0,0,0,0,2,1,-1,2015,1329E0874,431966.0,430483.0,-1.516504,53.769715,13,3,2,1,14/09/2015,2,15:30,204,E08000035,E08000035,3,61,1,50.0,1,4,3,639,0,0,1,1,1,0,0,2,1,2,E01011470
7794,20151329E1059,2015,1329E1059,1,1,3,1,9,2,3,5,4,0,0,0,0,1,-1,2015,1329E1059,431610.0,434429.0,-1.521501,53.805202,13,3,1,1,14/09/2015,2,17:06,204,E08000035,E08000035,5,0,6,30.0,0,-1,-1,-1,0,0,1,1,1,0,0,1,1,2,E01033035
7795,20151329E1196,2015,1329E1196,1,1,3,1,55,8,3,5,1,0,0,0,0,-1,-1,2015,1329E1196,431626.0,436139.0,-1.521083,53.82057,13,3,1,1,14/09/2015,2,18:25,204,E08000035,E08000035,4,6159,6,30.0,3,4,6,0,0,0,1,1,1,0,0,1,1,2,E01011359
7796,20151329F0015,2015,1329F0015,1,1,2,2,21,5,3,0,0,2,0,0,9,1,-1,2015,1329F0015,426829.0,438036.0,-1.593783,53.837888,13,3,2,1,15/09/2015,3,00:20,204,E08000035,E08000035,3,6110,1,40.0,1,4,3,660,0,0,4,2,2,0,0,1,2,2,E01011687
7797,20151329F0031,2015,1329F0031,2,1,1,1,21,5,3,0,0,0,0,0,9,1,-1,2015,1329F0031,428045.0,432829.0,-1.575777,53.791026,13,3,2,1,15/09/2015,3,00:52,204,E08000035,E08000035,4,6154,6,30.0,3,4,6,0,0,0,4,1,2,0,0,1,1,2,E01011362
7798,20151329F0104,2015,1329F0104,1,1,1,1,24,5,3,0,0,0,0,0,9,1,-1,2015,1329F0104,424932.0,427648.0,-1.623446,53.744617,13,3,2,2,15/09/2015,3,04:05,204,E08000035,E08000035,3,650,6,40.0,6,2,3,643,0,4,4,2,2,0,0,1,1,2,E01011530
7799,20151329F0104,2015,1329F0104,2,2,1,2,37,7,3,0,0,0,0,0,9,1,-1,2015,1329F0104,424932.0,427648.0,-1.623446,53.744617,13,3,2,2,15/09/2015,3,04:05,204,E08000035,E08000035,3,650,6,40.0,6,2,3,643,0,4,4,2,2,0,0,1,1,2,E01011530
7800,20151329F0215,2015,1329F0215,1,1,1,2,37,7,3,0,0,0,0,0,9,1,-1,2015,1329F0215,418982.0,443894.0,-1.712666,53.890883,13,3,2,1,15/09/2015,3,08:33,204,E08000035,E08000035,6,0,6,60.0,3,4,6,0,0,0,1,1,2,0,0,2,1,2,E01011279
7801,20151329F0880,2015,1329F0880,2,1,1,1,27,6,3,0,0,0,0,0,3,1,-1,2015,1329F0880,424968.0,427556.0,-1.622907,53.743789,13,3,2,1,15/09/2015,3,15:15,204,E08000035,E08000035,6,0,3,30.0,3,4,6,0,0,0,1,1,1,0,0,1,1,2,E01011530
7802,20151329F1021,2015,1329F1021,1,1,3,1,13,3,2,5,1,0,0,0,0,1,-1,2015,1329F1021,435779.0,436767.0,-1.45793,53.825946,13,2,1,1,15/09/2015,3,16:25,204,E08000035,E08000035,3,6120,3,40.0,0,-1,-1,-1,0,0,1,1,1,0,0,1,1,2,E01011661
7803,20151329G0199,2015,1329G0199,1,1,1,1,27,6,2,0,0,0,0,0,3,1,-1,2015,1329G0199,432311.0,427593.0,-1.511571,53.74372,13,2,2,1,16/09/2015,4,07:51,204,E08000035,E08000035,6,0,6,30.0,3,4,6,0,0,0,1,1,1,0,0,1,1,2,E01011502
7804,20151329G0265,2015,1329G0265,1,1,3,1,10,2,2,4,2,0,0,0,0,1,-1,2015,1329G0265,428836.0,440125.0,-1.56309,53.856556,13,2,2,1,16/09/2015,4,08:41,204,E08000035,E08000035,6,0,6,30.0,3,4,6,0,0,1,1,1,1,0,0,2,1,2,E01011554
7805,20151329G0450,2015,1329G0450,2,1,1,2,29,6,3,0,0,0,0,0,1,1,-1,2015,1329G0450,426813.0,438102.0,-1.59402,53.838482,13,3,2,1,16/09/2015,4,10:44,204,E08000035,E08000035,3,660,3,40.0,0,-1,-1,-1,0,0,1,1,1,0,0,1,1,2,E01011684
7806,20151329G1010,2015,1329G1010,2,1,1,1,64,9,3,0,0,0,0,0,9,1,-1,2015,1329G1010,432640.0,435858.0,-1.505711,53.817982,13,3,2,1,16/09/2015,4,15:10,204,E08000035,E08000035,6,0,3,30.0,3,4,6,0,0,0,1,1,1,0,0,1,2,2,E01011424
7807,20151329G1226,2015,1329G1226,3,1,1,1,27,6,2,0,0,0,0,0,3,1,-1,2015,1329G1226,422226.0,441978.0,-1.663446,53.873534,13,2,3,1,16/09/2015,4,17:30,204,E08000035,E08000035,3,658,6,40.0,3,4,6,0,0,0,1,1,1,0,0,1,1,2,E01032503
7808,20151329G1335,2015,1329G1335,1,1,1,1,55,8,2,0,0,0,0,0,1,1,-1,2015,1329G1335,431995.0,435769.0,-1.515517,53.817222,13,2,2,1,16/09/2015,4,18:34,204,E08000035,E08000035,6,0,6,30.0,3,4,6,0,0,0,1,1,1,0,0,1,1,2,E01011428
7809,20151329H0537,2015,1329H0537,2,1,1,2,40,7,3,0,0,0,0,0,9,1,-1,2015,1329H0537,424391.0,428123.0,-1.631611,53.748912,13,3,2,1,17/09/2015,5,11:35,204,E08000035,E08000035,3,650,3,40.0,0,-1,-1,-1,0,0,1,1,1,0,0,1,1,2,E01011523
7810,20151329H0584,2015,1329H0584,1,1,1,1,40,7,1,0,0,0,0,0,5,3,-1,2015,1329H0584,440032.0,439599.0,-1.392954,53.851089,13,1,2,1,17/09/2015,5,12:12,204,E08000035,E08000035,3,64,6,60.0,3,4,6,0,0,0,1,1,1,0,0,2,1,2,E01011309
7811,20151329H0917,2015,1329H0917,1,1,3,1,36,7,3,1,3,0,0,0,0,1,-1,2015,1329H0917,428957.0,435474.0,-1.561687,53.814748,13,3,1,1,17/09/2015,5,15:15,204,E08000035,E08000035,3,660,6,30.0,6,2,6,0,0,5,1,1,1,0,0,1,2,2,E01011443
7812,20151329H0945,2015,1329H0945,2,1,2,2,30,6,3,0,0,0,4,0,11,-1,-1,2015,1329H0945,430850.0,435449.0,-1.532939,53.814415,13,3,2,1,17/09/2015,5,08:00,204,E08000035,E08000035,6,0,6,30.0,6,4,6,0,0,0,1,1,1,0,0,1,1,2,E01011360
7813,20151329H1050,2015,1329H1050,2,1,1,1,41,7,3,0,0,0,0,0,1,1,-1,2015,1329H1050,430861.0,434159.0,-1.532901,53.80282,13,3,2,1,17/09/2015,5,14:00,204,E08000035,E08000035,3,61,6,30.0,0,-1,-1,-1,0,0,1,1,1,0,0,1,1,2,E01033031
7814,20151329H1123,2015,1329H1123,1,1,1,2,59,9,3,0,0,0,0,0,9,3,-1,2015,1329H1123,424185.0,438896.0,-1.633893,53.845747,13,3,2,1,17/09/2015,5,17:00,204,E08000035,E08000035,6,0,6,30.0,3,4,6,0,0,0,1,1,1,0,0,1,1,2,E01011459
7815,20151329H1238,2015,1329H1238,1,1,1,2,54,8,3,0,0,0,0,0,9,-1,-1,2015,1329H1238,426292.0,435590.0,-1.602151,53.815932,13,3,2,1,17/09/2015,5,17:52,204,E08000035,E08000035,3,65,6,30.0,6,2,4,6157,0,5,1,1,1,0,0,1,1,2,E01011477
7816,20151329I0228,2015,1329I0228,2,1,1,1,46,8,3,0,0,0,0,0,1,-1,-1,2015,1329I0228,432524.0,427558.0,-1.508345,53.743392,13,3,2,1,18/09/2015,6,07:43,204,E08000035,E08000035,3,61,2,40.0,6,2,6,0,0,0,1,1,1,0,0,1,1,2,E01011496
7817,20151329I0565,2015,1329I0565,1,2,1,1,71,10,3,0,0,0,0,0,9,1,-1,2015,1329I0565,426565.0,431853.0,-1.598326,53.782331,13,2,2,2,18/09/2015,6,11:54,204,E08000035,E08000035,3,6110,3,40.0,3,4,6,0,0,0,1,1,1,0,0,1,1,2,E01011736
7818,20151329I0565,2015,1329I0565,2,1,1,1,47,8,2,0,0,0,0,0,5,1,-1,2015,1329I0565,426565.0,431853.0,-1.598326,53.782331,13,2,2,2,18/09/2015,6,11:54,204,E08000035,E08000035,3,6110,3,40.0,3,4,6,0,0,0,1,1,1,0,0,1,1,2,E01011736
7819,20151329I0752,2015,1329I0752,1,1,1,1,25,5,3,0,0,0,0,0,9,1,-1,2015,1329I0752,428855.0,425992.0,-1.564119,53.729532,13,3,2,2,18/09/2015,6,12:55,204,E08000035,E08000035,3,650,6,40.0,3,2,6,0,0,0,1,1,1,0,0,1,2,2,E01011538
7820,20151329I0752,2015,1329I0752,1,2,2,2,18,4,3,0,0,1,0,0,9,1,-1,2015,1329I0752,428855.0,425992.0,-1.564119,53.729532,13,3,2,2,18/09/2015,6,12:55,204,E08000035,E08000035,3,650,6,40.0,3,2,6,0,0,0,1,1,1,0,0,1,2,2,E01011538
7821,20151329I0871,2015,1329I0871,2,1,1,2,41,7,3,0,0,0,0,0,9,1,-1,2015,1329I0871,426498.0,431868.0,-1.599341,53.782469,13,3,2,1,18/09/2015,6,14:50,204,E08000035,E08000035,3,6110,3,40.0,0,-1,-1,-1,0,0,1,1,1,0,0,1,1,2,E01011734
7822,20151329I1126,2015,1329I1126,2,1,1,1,53,8,3,0,0,0,0,0,1,3,-1,2015,1329I1126,425577.0,443074.0,-1.61239,53.883231,13,3,2,1,18/09/2015,6,16:48,204,E08000035,E08000035,3,660,6,30.0,3,4,6,0,0,0,1,1,1,0,0,2,1,2,E01011576
7823,20151329I1263,2015,1329I1263,2,1,1,2,11,3,3,0,0,0,0,0,1,1,-1,2015,1329I1263,436997.0,435940.0,-1.439526,53.818428,13,3,2,1,18/09/2015,6,17:40,204,E08000035,E08000035,6,0,6,30.0,3,4,6,0,0,0,1,2,2,0,0,1,2,2,E01011722
7824,20151329I1271,2015,1329I1271,1,1,1,1,53,8,3,0,0,0,0,0,9,1,-1,2015,1329I1271,425169.0,434220.0,-1.619319,53.803674,13,3,2,1,18/09/2015,6,16:30,204,E08000035,E08000035,6,0,6,30.0,3,4,6,0,0,0,1,1,1,0,0,1,2,2,E01011286
7825,20151329I1418,2015,1329I1418,1,1,1,1,22,5,3,0,0,0,0,0,5,2,-1,2015,1329I1418,445337.0,431640.0,-1.313488,53.779124,13,3,2,1,18/09/2015,6,19:19,204,E08000035,E08000035,3,63,6,60.0,1,4,6,0,0,0,4,1,1,0,0,2,1,2,E01011299
7826,20151329I1693,2015,1329I1693,1,1,1,1,49,8,3,0,0,0,0,0,9,1,-1,2015,1329I1693,435719.0,436233.0,-1.458903,53.821151,13,3,2,2,18/09/2015,6,21:45,204,E08000035,E08000035,6,0,6,30.0,0,-1,-1,-1,0,0,4,1,1,0,0,1,1,2,E01011661
7827,20151329I1693,2015,1329I1693,2,2,2,1,41,7,3,0,0,0,4,0,11,1,-1,2015,1329I1693,435719.0,436233.0,-1.458903,53.821151,13,3,2,2,18/09/2015,6,21:45,204,E08000035,E08000035,6,0,6,30.0,0,-1,-1,-1,0,0,4,1,1,0,0,1,1,2,E01011661
7828,20151329J0315,2015,1329J0315,1,1,1,1,46,8,3,0,0,0,0,0,9,1,-1,2015,1329J0315,430431.0,433760.0,-1.539469,53.79926,13,3,2,1,19/09/2015,7,05:15,204,E08000035,E08000035,6,0,6,30.0,3,4,6,0,0,0,4,1,1,0,0,1,2,2,E01033010
7829,20151329J0358,2015,1329J0358,2,1,1,2,47,8,3,0,0,0,0,0,9,1,-1,2015,1329J0358,432197.0,444977.0,-1.511486,53.899967,13,3,2,1,19/09/2015,7,06:50,204,E08000035,E08000035,3,659,6,30.0,3,2,3,61,0,5,1,1,1,0,0,2,1,2,E01011561
7830,20151329J0836,2015,1329J0836,1,1,1,1,94,11,3,0,0,0,0,0,9,1,-1,2015,1329J0836,432240.0,439375.0,-1.511419,53.849616,13,3,3,1,19/09/2015,7,13:44,204,E08000035,E08000035,3,6120,6,40.0,3,4,6,0,0,0,1,1,1,0,0,1,1,2,E01011651
7831,20151329J0924,2015,1329J0924,1,3,1,1,42,7,3,0,0,0,0,0,9,1,-1,2015,1329J0924,429884.0,426397.0,-1.548484,53.733115,13,3,3,4,19/09/2015,7,14:35,204,E08000035,E08000035,1,62,3,70.0,0,-1,-1,-1,0,0,1,1,1,0,0,2,1,1,E01011538
7832,20151329J0924,2015,1329J0924,1,4,2,2,37,7,3,0,0,1,0,0,9,1,-1,2015,1329J0924,429884.0,426397.0,-1.548484,53.733115,13,3,3,4,19/09/2015,7,14:35,204,E08000035,E08000035,1,62,3,70.0,0,-1,-1,-1,0,0,1,1,1,0,0,2,1,1,E01011538
7833,20151329J0924,2015,1329J0924,2,1,1,1,41,7,3,0,0,0,0,0,9,2,-1,2015,1329J0924,429884.0,426397.0,-1.548484,53.733115,13,3,3,4,19/09/2015,7,14:35,204,E08000035,E08000035,1,62,3,70.0,0,-1,-1,-1,0,0,1,1,1,0,0,2,1,1,E01011538
7834,20151329J0924,2015,1329J0924,2,2,2,1,39,7,3,0,0,1,0,0,9,1,-1,2015,1329J0924,429884.0,426397.0,-1.548484,53.733115,13,3,3,4,19/09/2015,7,14:35,204,E08000035,E08000035,1,62,3,70.0,0,-1,-1,-1,0,0,1,1,1,0,0,2,1,1,E01011538
7835,20151329J1389,2015,1329J1389,2,1,1,2,30,6,3,0,0,0,0,0,9,3,-1,2015,1329J1389,428855.0,425992.0,-1.564119,53.729532,13,3,2,2,19/09/2015,7,19:00,204,E08000035,E08000035,3,650,3,40.0,3,2,6,0,0,5,1,1,1,0,0,1,1,2,E01011538
7836,20151329J1389,2015,1329J1389,2,2,2,1,1,1,3,0,0,2,0,0,9,3,-1,2015,1329J1389,428855.0,425992.0,-1.564119,53.729532,13,3,2,2,19/09/2015,7,19:00,204,E08000035,E08000035,3,650,3,40.0,3,2,6,0,0,5,1,1,1,0,0,1,1,2,E01011538
7837,20151329K0492,2015,1329K0492,1,1,1,1,26,6,3,0,0,0,0,0,4,1,-1,2015,1329K0492,425641.0,434241.0,-1.61215,53.80384,13,3,2,1,20/09/2015,1,08:50,204,E08000035,E08000035,3,647,3,40.0,3,2,6,0,0,0,1,1,1,4,0,1,1,2,E01011283
7838,20151329K0871,2015,1329K0871,2,1,2,2,78,11,3,0,0,1,0,0,9,1,-1,2015,1329K0871,419542.0,441601.0,-1.70429,53.870253,13,3,2,2,20/09/2015,1,13:20,204,E08000035,E08000035,3,65,6,30.0,3,2,6,0,0,4,1,1,1,0,0,1,1,2,E01011265
7839,20151329K0871,2015,1329K0871,2,2,1,2,56,9,3,0,0,0,0,0,9,1,-1,2015,1329K0871,419542.0,441601.0,-1.70429,53.870253,13,3,2,2,20/09/2015,1,13:20,204,E08000035,E08000035,3,65,6,30.0,3,2,6,0,0,4,1,1,1,0,0,1,1,2,E01011265
7840,20151329K0893,2015,1329K0893,1,1,3,2,25,5,3,4,2,0,0,0,0,1,-1,2015,1329K0893,434173.0,433874.0,-1.482647,53.800053,13,3,1,1,20/09/2015,1,13:35,204,E08000035,E08000035,3,63,3,40.0,3,2,6,0,0,5,1,1,1,0,0,1,1,2,E01011341