,accident_index,accident_year_x,accident_reference_x,vehicle_reference,casualty_reference,casualty_class,sex_of_casualty,age_of_casualty,age_band_of_casualty,casualty_severity,pedestrian_location,pedestrian_movement,car_passenger,bus_or_coach_passenger,pedestrian_road_maintenance_worker,casualty_type,casualty_home_area_type,casualty_imd_decile,accident_year_y,accident_reference_y,location_easting_osgr,location_northing_osgr,longitude,latitude,police_force,accident_severity,number_of_vehicles,number_of_casualties,date,day_of_week,time,local_authority_district,local_authority_ons_district,local_authority_highway,first_road_class,first_road_number,road_type,speed_limit,junction_detail,junction_control,second_road_class,second_road_number,pedestrian_crossing_human_control,pedestrian_crossing_physical_facilities,light_conditions,weather_conditions,road_surface_conditions,special_conditions_at_site,carriageway_hazards,urban_or_rural_area,did_police_officer_attend_scene_of_accident,trunk_road_flag,lsoa_of_accident_location
7928,2015132A40920,2015,132A40920,2,1,1,2,64,9,3,0,0,0,0,0,9,1,-1,2015,132A40920,435568.0,436777.0,-1.461134,53.82605,13,3,2,1,04/10/2015,1,14:00,204,E08000035,E08000035,6,0,6,30.0,3,4,6,0,0,0,1,1,1,0,0,1,1,2,E01011661
7929,2015132A41070,2015,132A41070,2,1,1,1,50,8,3,0,0,0,0,0,11,1,-1,2015,132A41070,430084.0,432872.0,-1.544824,53.791299,13,3,2,1,04/10/2015,1,13:25,204,E08000035,E08000035,3,653,3,30.0,3,2,3,653,0,0,1,1,1,0,0,1,2,2,E01033016
7930,2015132A41245,2015,132A41245,2,1,1,1,16,4,2,0,0,0,0,0,2,1,-1,2015,132A41245,429896.0,433409.0,-1.547625,53.796136,13,2,2,1,04/10/2015,1,17:20,204,E08000035,E08000035,6,0,6,30.0,0,-1,-1,-1,0,4,1,1,1,0,0,1,2,2,E01033016
7931,2015132A50234,2015,132A50234,1,1,3,2,50,8,3,5,2,0,0,0,0,-1,-1,2015,132A50234,434517.0,434425.0,-1.477363,53.804982,13,3,1,1,05/10/2015,2,08:43,204,E08000035,E08000035,3,64,3,40.0,0,-1,-1,-1,0,0,1,2,2,0,0,1,1,2,E01011341
7932,2015132A50696,2015,132A50696,1,1,1,1,54,8,3,0,0,0,0,0,9,3,-1,2015,132A50696,428865.0,429791.0,-1.563614,53.763676,13,3,2,2,05/10/2015,2,13:55,204,E08000035,E08000035,3,653,3,40.0,0,-1,-1,-1,0,8,1,1,2,0,0,1,1,2,E01011320
7933,2015132A50696,2015,132A50696,2,2,1,1,63,9,3,0,0,0,0,0,9,1,-1,2015,132A50696,428865.0,429791.0,-1.563614,53.763676,13,3,2,2,05/10/2015,2,13:55,204,E08000035,E08000035,3,653,3,40.0,0,-1,-1,-1,0,8,1,1,2,0,0,1,1,2,E01011320
7934,2015132A50872,2015,132A50872,2,1,1,1,48,8,3,0,0,0,0,0,10,1,-1,2015,132A50872,442607.0,434522.0,-1.354516,53.805256,13,3,2,1,05/10/2015,2,15:35,204,E08000035,E08000035,1,1,7,70.0,5,4,1,1,0,0,1,1,2,0,0,2,1,1,E01011297
7935,2015132A51409,2015,132A51409,1,1,1,1,21,5,3,0,0,0,0,0,9,1,-1,2015,132A51409,428557.0,434262.0,-1.567873,53.803877,13,3,2,3,05/10/2015,2,20:28,204,E08000035,E08000035,6,0,6,30.0,0,-1,-1,-1,0,0,4,2,2,0,0,1,1,2,E01011681
7936,2015132A51409,2015,132A51409,1,2,2,1,23,5,3,0,0,1,0,0,9,1,-1,2015,132A51409,428557.0,434262.0,-1.567873,53.803877,13,3,2,3,05/10/2015,2,20:28,204,E08000035,E08000035,6,0,6,30.0,0,-1,-1,-1,0,0,4,2,2,0,0,1,1,2,E01011681
7937,2015132A51409,2015,132A51409,2,3,1,1,33,6,3,0,0,0,0,0,9,1,-1,2015,132A51409,428557.0,434262.0,-1.567873,53.803877,13,3,2,3,05/10/2015,2,20:28,204,E08000035,E08000035,6,0,6,30.0,0,-1,-1,-1,0,0,4,2,2,0,0,1,1,2,E01011681
7938,2015132A60236,2015,132A60236,1,1,3,2,86,11,2,1,1,0,0,0,0,1,-1,2015,132A60236,420642.0,434362.0,-1.688045,53.805148,13,2,1,1,06/10/2015,3,08:36,204,E08000035,E08000035,3,647,3,40.0,0,-1,-1,-1,0,4,1,1,2,0,0,1,1,2,E01011595
7939,2015132A60248,2015,132A60248,1,1,1,2,44,7,3,0,0,0,0,0,9,1,-1,2015,132A60248,431506.0,430620.0,-1.523468,53.770975,13,3,1,1,06/10/2015,3,08:45,204,E08000035,E08000035,6,0,6,40.0,0,-1,-1,-1,0,0,1,1,2,0,0,1,1,2,E01011470
7940,2015132A60478,2015,132A60478,1,1,1,1,23,5,3,0,0,0,0,0,9,1,-1,2015,132A60478,424207.0,428249.0,-1.634392,53.750053,13,3,2,1,06/10/2015,3,11:15,204,E08000035,E08000035,3,650,3,30.0,1,2,3,62,0,0,1,1,1,0,0,1,1,1,E01011523
7941,2015132A60899,2015,132A60899,1,1,1,2,50,8,3,0,0,0,0,0,9,-1,-1,2015,132A60899,430785.0,433346.0,-1.534136,53.795518,13,3,2,3,06/10/2015,3,15:30,204,E08000035,E08000035,6,0,6,30.0,9,2,6,0,0,5,1,2,2,0,0,1,1,2,E01033011
7942,2015132A60899,2015,132A60899,1,2,2,1,37,7,3,0,0,1,0,0,9,-1,-1,2015,132A60899,430785.0,433346.0,-1.534136,53.795518,13,3,2,3,06/10/2015,3,15:30,204,E08000035,E08000035,6,0,6,30.0,9,2,6,0,0,5,1,2,2,0,0,1,1,2,E01033011
7943,2015132A60899,2015,132A60899,2,3,1,1,30,6,3,0,0,0,0,0,19,-1,-1,2015,132A60899,430785.0,433346.0,-1.534136,53.795518,13,3,2,3,06/10/2015,3,15:30,204,E08000035,E08000035,6,0,6,30.0,9,2,6,0,0,5,1,2,2,0,0,1,1,2,E01033011
7944,2015132A61073,2015,132A61073,1,1,1,2,53,8,3,0,0,0,0,0,9,1,-1,2015,132A61073,431305.0,437098.0,-1.525862,53.829209,13,3,2,1,06/10/2015,3,16:45,204,E08000035,E08000035,6,0,6,30.0,0,-1,-1,-1,0,1,1,2,2,0,0,1,2,2,E01011353
7945,2015132A61193,2015,132A61193,1,1,1,1,24,5,3,0,0,0,0,0,9,-1,-1,2015,132A61193,433938.0,427690.0,-1.486892,53.744488,13,3,3,3,06/10/2015,3,17:45,204,E08000035,E08000035,3,654,6,30.0,0,-1,-1,-1,0,0,1,1,2,0,0,1,1,2,E01011633
7946,2015132A61193,2015,132A61193,1,2,2,1,17,4,3,0,0,1,0,0,9,-1,-1,2015,132A61193,433938.0,427690.0,-1.486892,53.744488,13,3,3,3,06/10/2015,3,17:45,204,E08000035,E08000035,3,654,6,30.0,0,-1,-1,-1,0,0,1,1,2,0,0,1,1,2,E01011633
7947,2015132A61193,2015,132A61193,2,3,1,2,61,9,3,0,0,0,0,0,9,1,-1,2015,132A61193,433938.0,427690.0,-1.486892,53.744488,13,3,3,3,06/10/2015,3,17:45,204,E08000035,E08000035,3,654,6,30.0,0,-1,-1,-1,0,0,1,1,2,0,0,1,1,2,E01011633
7948,2015132A61395,2015,132A61395,1,1,3,2,66,10,2,5,1,0,0,0,0,1,-1,2015,132A61395,421719.0,432926.0,-1.671793,53.792198,13,2,1,2,06/10/2015,3,19:30,204,E08000035,E08000035,6,0,6,30.0,3,3,4,6154,0,0,4,2,2,0,0,1,1,2,E01011602
7949,2015132A61395,2015,132A61395,1,2,3,1,68,10,2,5,1,0,0,0,0,1,-1,2015,132A61395,421719.0,432926.0,-1.671793,53.792198,13,2,1,2,06/10/2015,3,19:30,204,E08000035,E08000035,6,0,6,30.0,3,3,4,6154,0,0,4,2,2,0,0,1,1,2,E01011602
7950,2015132A61452,2015,132A61452,1,1,1,1,43,7,3,0,0,0,0,0,9,1,-1,2015,132A61452,428601.0,430771.0,-1.567528,53.772499,13,3,2,2,06/10/2015,3,20:00,204,E08000035,E08000035,6,0,6,30.0,0,-1,-1,-1,0,0,4,1,2,0,0,1,1,2,E01011369
7951,2015132A61452,2015,132A61452,2,2,1,2,23,5,3,0,0,0,0,0,9,-1,-1,2015,132A61452,428601.0,430771.0,-1.567528,53.772499,13,3,2,2,06/10/2015,3,20:00,204,E08000035,E08000035,6,0,6,30.0,0,-1,-1,-1,0,0,4,1,2,0,0,1,1,2,E01011369
7952,2015132A70269,2015,132A70269,2,1,1,1,51,8,3,0,0,0,0,0,1,-1,-1,2015,132A70269,426105.0,433597.0,-1.60516,53.798029,13,3,3,1,07/10/2015,4,08:35,204,E08000035,E08000035,6,0,6,30.0,3,4,6,0,0,0,1,1,2,0,0,1,1,2,E01032608
7953,2015132A70698,2015,132A70698,1,1,3,1,39,7,3,10,9,0,0,0,0,1,-1,2015,132A70698,424547.0,429015.0,-1.629175,53.756922,13,3,1,1,07/10/2015,4,09:45,204,E08000035,E08000035,6,0,6,30.0,0,-1,-1,-1,0,0,1,2,2,0,0,1,2,2,E01011523
7954,2015132A70703,2015,132A70703,2,1,1,1,27,6,3,0,0,0,0,0,9,1,-1,2015,132A70703,431292.0,437138.0,-1.526055,53.829569,13,3,2,3,07/10/2015,4,13:40,204,E08000035,E08000035,6,0,6,40.0,6,4,6,0,0,0,1,2,2,0,0,1,1,2,E01011504
7955,2015132A70703,2015,132A70703,2,2,2,1,21,5,3,0,0,1,0,0,9,1,-1,2015,132A70703,431292.0,437138.0,-1.526055,53.829569,13,3,2,3,07/10/2015,4,13:40,204,E08000035,E08000035,6,0,6,40.0,6,4,6,0,0,0,1,2,2,0,0,1,1,2,E01011504
7956,2015132A70703,2015,132A70703,2,3,2,1,23,5,3,0,0,2,0,0,9,1,-1,2015,132A70703,431292.0,437138.0,-1.526055,53.829569,13,3,2,3,07/10/2015,4,13:40,204,E08000035,E08000035,6,0,6,40.0,6,4,6,0,0,0,1,2,2,0,0,1,1,2,E01011504
7957,2015132A70752,2015,132A70752,1,1,1,2,76,11,2,0,0,0,0,0,9,1,-1,2015,132A70752,438488.0,427256.0,-1.41796,53.740273,13,2,2,4,07/10/2015,4,14:00,204,E08000035,E08000035,3,639,6,40.0,0,-1,-1,-1,0,0,1,2,2,0,2,2,1,2,E01011393
7958,2015132A70752,2015,132A70752,1,2,2,1,74,10,2,0,0,1,0,0,9,1,-1,2015,132A70752,438488.0,427256.0,-1.41796,53.740273,13,2,2,4,07/10/2015,4,14:00,204,E08000035,E08000035,3,639,6,40.0,0,-1,-1,-1,0,0,1,2,2,0,2,2,1,2,E01011393
7959,2015132A70752,2015,132A70752,2,3,1,1,50,8,3,0,0,0,0,0,9,1,-1,2015,132A70752,438488.0,427256.0,-1.41796,53.740273,13,2,2,4,07/10/2015,4,14:00,204,E08000035,E08000035,3,639,6,40.0,0,-1,-1,-1,0,0,1,2,2,0,2,2,1,2,E01011393
7960,2015132A70752,2015,132A70752,2,4,2,1,56,9,3,0,0,1,0,0,9,1,-1,2015,132A70752,438488.0,427256.0,-1.41796,53.740273,13,2,2,4,07/10/2015,4,14:00,204,E08000035,E08000035,3,639,6,40.0,0,-1,-1,-1,0,0,1,2,2,0,2,2,1,2,E01011393
7961,2015132A71031,2015,132A71031,1,1,1,1,14,3,3,0,0,0,0,0,1,-1,-1,2015,132A71031,423267.0,434694.0,-1.648162,53.808022,13,3,2,2,07/10/2015,4,16:47,204,E08000035,E08000035,6,0,6,30.0,0,-1,-1,-1,0,0,1,1,1,0,0,1,2,2,E01011335
7962,2015132A71031,2015,132A71031,1,2,2,1,14,3,3,0,0,0,0,0,1,-1,-1,2015,132A71031,423267.0,434694.0,-1.648162,53.808022,13,3,2,2,07/10/2015,4,16:47,204,E08000035,E08000035,6,0,6,30.0,0,-1,-1,-1,0,0,1,1,1,0,0,1,2,2,E01011335
7963,2015132A71118,2015,132A71118,2,1,1,2,36,7,3,0,0,0,0,0,9,1,-1,2015,132A71118,430464.0,431103.0,-1.53923,53.775377,13,3,2,1,07/10/2015,4,17:24,204,E08000035,E08000035,1,621,3,50.0,0,-1,-1,-1,0,0,1,1,1,0,0,1,1,1,E01011468
7964,2015132A80044,2015,132A80044,2,1,1,1,44,7,2,0,0,0,0,0,1,1,-1,2015,132A80044,420467.0,440317.0,-1.690308,53.858678,13,2,2,1,07/10/2015,4,22:43,204,E08000035,E08000035,3,65,6,30.0,3,4,6,0,0,4,4,1,1,0,0,1,2,2,E01011278
7965,2015132A80237,2015,132A80237,2,1,1,1,51,8,3,0,0,0,0,0,10,1,-1,2015,132A80237,434561.0,425892.0,-1.477647,53.728288,13,3,3,1,08/10/2015,5,08:26,204,E08000035,E08000035,1,62,3,70.0,0,-1,-1,-1,0,0,1,1,1,0,0,2,1,1,E01011636
7966,2015132A80246,2015,132A80246,2,1,1,1,26,6,3,0,0,0,0,0,9,1,-1,2015,132A80246,438293.0,432224.0,-1.420302,53.784937,13,3,2,1,08/10/2015,5,08:30,204,E08000035,E08000035,6,0,6,40.0,3,4,6,0,0,0,1,1,1,5,0,2,1,2,E01011402
7967,2015132A80670,2015,132A80670,1,1,3,2,88,11,3,5,9,0,0,0,0,1,-1,2015,132A80670,426289.0,427273.0,-1.602903,53.741181,13,3,1,1,08/10/2015,5,12:55,204,E08000035,E08000035,6,0,6,30.0,3,4,6,0,0,0,1,1,1,0,0,1,1,2,E01011541
7968,2015132A81559,2015,132A81559,1,1,1,1,19,4,2,0,0,0,0,0,3,1,-1,2015,132A81559,436377.0,428379.0,-1.449832,53.750517,13,2,2,1,08/10/2015,5,20:25,204,E08000035,E08000035,6,0,6,30.0,3,4,3,642,0,0,4,1,2,0,0,1,1,2,E01032487
7969,2015132A90632,2015,132A90632,2,1,1,1,21,5,3,0,0,0,0,0,1,1,-1,2015,132A90632,427996.0,436017.0,-1.576232,53.819681,13,3,2,1,09/10/2015,6,12:05,204,E08000035,E08000035,3,660,6,30.0,3,4,6,0,0,0,1,1,1,0,0,1,1,2,E01011440
7970,2015132A90651,2015,132A90651,2,1,1,1,38,7,3,0,0,0,0,0,17,1,-1,2015,132A90651,429832.0,439181.0,-1.548039,53.848016,13,3,2,1,09/10/2015,6,12:20,204,E08000035,E08000035,6,0,6,30.0,6,4,6,0,0,0,1,1,1,0,0,1,1,2,E01011559
7971,2015132A90714,2015,132A90714,2,1,2,2,59,9,3,0,0,0,4,0,11,-1,-1,2015,132A90714,433179.0,434013.0,-1.497723,53.801366,13,3,2,1,09/10/2015,6,10:31,204,E08000035,E08000035,3,64,3,40.0,3,2,6,0,0,4,1,1,1,0,0,1,2,2,E01011617
7972,2015132A90740,2015,132A90740,1,1,1,1,51,8,2,0,0,0,0,0,8,-1,-1,2015,132A90740,436268.0,435078.0,-1.450699,53.810732,13,2,2,1,09/10/2015,6,13:21,204,E08000035,E08000035,6,0,6,30.0,0,-1,-1,-1,0,0,1,1,1,0,0,1,1,2,E01011408
7973,2015132A90876,2015,132A90876,1,1,3,1,11,3,3,1,1,0,0,0,0,1,-1,2015,132A90876,440389.0,433345.0,-1.388346,53.794854,13,3,1,1,09/10/2015,6,11:30,204,E08000035,E08000035,6,0,6,30.0,0,-1,-1,-1,0,1,1,1,1,0,0,1,2,2,E01011396
7974,2015132A90950,2015,132A90950,1,1,1,2,86,11,3,0,0,0,0,0,9,2,-1,2015,132A90950,442020.0,445791.0,-1.36189,53.906582,13,3,2,2,09/10/2015,6,15:00,204,E08000035,E08000035,3,659,6,30.0,3,4,6,0,0,0,1,1,1,0,0,2,1,2,E01011707
7975,2015132A90950,2015,132A90950,2,2,1,2,40,7,3,0,0,0,0,0,9,2,-1,2015,132A90950,442020.0,445791.0,-1.36189,53.906582,13,3,2,2,09/10/2015,6,15:00,204,E08000035,E08000035,3,659,6,30.0,3,4,6,0,0,0,1,1,1,0,0,2,1,2,E01011707
7976,2015132A91011,2015,132A91011,2,1,1,2,64,9,3,0,0,0,0,0,9,1,-1,2015,132A91011,434798.0,429057.0,-1.4737,53.756718,13,3,3,1,09/10/2015,6,15:30,204,E08000035,E08000035,6,0,6,30.0,9,2,3,639,0,5,1,1,1,0,0,1,1,2,E01011628
7977,2015132A91513,2015,132A91513,1,1,1,1,45,7,2,0,0,0,0,0,5,1,-1,2015,132A91513,424916.0,434422.0,-1.623144,53.805502,13,2,2,1,09/10/2015,6,19:25,204,E08000035,E08000035,6,0,6,30.0,1,4,3,657,0,1,4,1,1,0,0,1,1,2,E01032606
7978,2015132A91554,2015,132A91554,1,1,3,1,14,3,3,5,3,0,0,0,0,1,-1,2015,132A91554,419828.0,434056.0,-1.700425,53.80243,13,3,1,1,07/10/2015,4,18:44,204,E08000035,E08000035,3,647,3,40.0,0,-1,-1,-1,0,0,4,1,1,0,0,1,2,2,E01011597
7979,2015132AA0285,2015,132AA0285,1,1,3,2,2,1,3,1,1,0,0,0,0,1,-1,2015,132AA0285,423164.0,433823.0,-1.649791,53.800198,13,3,1,1,10/10/2015,7,08:32,204,E08000035,E08000035,6,0,6,30.0,0,-1,-1,-1,1,1,1,1,1,0,0,1,1,2,E01011609
7980,2015132AA0651,2015,132AA0651,2,1,1,1,70,10,3,0,0,0,0,0,9,1,-1,2015,132AA0651,442622.0,426481.0,-1.355395,53.732987,13,3,2,2,10/10/2015,7,11:00,204,E08000035,E08000035,3,656,6,30.0,9,4,6,0,0,0,1,1,1,0,0,2,1,2,E01011299
7981,2015132AA0651,2015,132AA0651,2,2,2,2,68,10,3,0,0,1,0,0,9,1,-1,2015,132AA0651,442622.0,426481.0,-1.355395,53.732987,13,3,2,2,10/10/2015,7,11:00,204,E08000035,E08000035,3,656,6,30.0,9,4,6,0,0,0,1,1,1,0,0,2,1,2,E01011299
7982,2015132AA0712,2015,132AA0712,1,1,2,2,28,6,3,0,0,0,3,0,11,1,-1,2015,132AA0712,430040.0,431778.0,-1.545598,53.781469,13,3,1,1,10/10/2015,7,09:40,204,E08000035,E08000035,6,0,6,30.0,0,-1,-1,-1,0,0,1,1,1,0,0,1,2,2,E01011364
7983,2015132AA0734,2015,132AA0734,2,1,1,1,39,7,3,0,0,0,0,0,1,-1,-1,2015,132AA0734,419912.0,445376.0,-1.69842,53.904168,13,3,2,1,10/10/2015,7,12:10,204,E08000035,E08000035,6,0,6,30.0,3,4,6,0,0,0,1,1,1,0,0,1,1,2,E01011574
7984,2015132AB0107,2015,132AB0107,1,1,3,1,19,4,3,10,9,0,0,0,0,1,-1,2015,132AB0107,428337.0,435747.0,-1.571078,53.817236,13,3,1,1,11/10/2015,1,01:09,204,E08000035,E08000035,3,660,6,30.0,3,4,6,0,0,0,4,1,1,0,0,1,1,2,E01011442
7985,2015132AB0401,2015,132AB0401,1,1,1,1,23,5,3,0,0,0,0,0,9,1,-1,2015,132AB0401,424567.0,433733.0,-1.628498,53.799326,13,3,1,1,11/10/2015,1,06:50,204,E08000035,E08000035,3,6110,3,40.0,0,-1,-1,-1,0,0,1,1,2,0,0,1,1,2,E01011739
7986,2015132AB0929,2015,132AB0929,2,1,1,1,24,5,3,0,0,0,0,0,9,1,-1,2015,132AB0929,427479.0,431311.0,-1.584503,53.777412,13,3,2,1,11/10/2015,1,15:10,204,E08000035,E08000035,3,62,6,40.0,6,2,3,6110,0,5,1,1,1,0,0,1,2,2,E01011318
7987,2015132AB1240,2015,132AB1240,2,1,1,1,39,7,2,0,0,0,0,0,9,1,-1,2015,132AB1240,441091.0,433567.0,-1.377661,53.796795,13,2,2,2,11/10/2015,1,18:33,204,E08000035,E08000035,6,0,1,30.0,1,4,3,642,0,0,1,1,1,0,0,1,1,2,E01011400
7988,2015132AB1240,2015,132AB1240,2,2,2,1,40,7,3,0,0,1,0,0,9,1,-1,2015,132AB1240,441091.0,433567.0,-1.377661,53.796795,13,2,2,2,11/10/2015,1,18:33,204,E08000035,E08000035,6,0,1,30.0,1,4,3,642,0,0,1,1,1,0,0,1,1,2,E01011400
7989,2015132AC0875,2015,132AC0875,2,1,1,1,11,3,2,0,0,0,0,0,1,1,-1,2015,132AC0875,429130.0,429517.0,-1.55962,53.761199,13,2,2,1,12/10/2015,2,14:55,204,E08000035,E08000035,6,0,6,20.0,0,-1,-1,-1,0,0,1,1,1,0,0,1,1,2,E01011322
7990,2015132AC1023,2015,132AC1023,2,1,2,2,58,9,3,0,0,1,0,0,9,1,-1,2015,132AC1023,429586.0,434728.0,-1.552205,53.808008,13,3,2,1,12/10/2015,2,16:09,204,E08000035,E08000035,3,660,6,30.0,0,-1,-1,-1,0,4,1,1,1,0,0,1,1,2,E01033006
7991,2015132AC1034,2015,132AC1034,4,1,1,1,34,6,3,0,0,0,0,0,9,1,-1,2015,132AC1034,434637.0,425891.0,-1.476495,53.728274,13,3,5,1,12/10/2015,2,16:13,204,E08000035,E08000035,1,62,3,70.0,0,-1,-1,-1,0,0,1,1,1,0,0,2,1,1,E01011636
7992,2015132AC1053,2015,132AC1053,2,1,1,1,53,8,2,0,0,0,0,0,1,1,-1,2015,132AC1053,431248.0,429667.0,-1.527479,53.762425,13,2,2,1,12/10/2015,2,08:30,204,E08000035,E08000035,6,0,6,30.0,6,4,6,0,0,0,1,1,1,0,0,1,2,2,E01011473
7993,2015132AC1188,2015,132AC1188,2,1,1,2,41,7,3,0,0,0,0,0,9,-1,-1,2015,132AC1188,429965.0,435402.0,-1.546385,53.814044,13,3,2,2,12/10/2015,2,17:50,204,E08000035,E08000035,6,0,6,30.0,3,4,6,0,0,0,1,1,1,0,0,1,1,2,E01011670
7994,2015132AC1188,2015,132AC1188,2,2,2,2,3,1,3,0,0,2,0,0,9,-1,-1,2015,132AC1188,429965.0,435402.0,-1.546385,53.814044,13,3,2,2,12/10/2015,2,17:50,204,E08000035,E08000035,6,0,6,30.0,3,4,6,0,0,0,1,1,1,0,0,1,1,2,E01011670
7995,2015132AC1190,2015,132AC1190,2,1,1,2,48,8,3,0,0,0,0,0,9,3,-1,2015,132AC1190,431954.0,430321.0,-1.516702,53.76826,13,3,3,2,12/10/2015,2,17:45,204,E08000035,E08000035,1,621,1,40.0,1,4,3,61,0,0,1,1,1,0,0,2,1,2,E01011469
7996,2015132AC1190,2015,132AC1190,3,2,1,1,28,6,3,0,0,0,0,0,9,1,-1,2015,132AC1190,431954.0,430321.0,-1.516702,53.76826,13,3,3,2,12/10/2015,2,17:45,204,E08000035,E08000035,1,621,1,40.0,1,4,3,61,0,0,1,1,1,0,0,2,1,2,E01011469
7997,2015132AC1253,2015,132AC1253,1,1,1,1,38,7,3,0,0,0,0,0,9,1,-1,2015,132AC1253,435899.0,436390.0,-1.45615,53.822549,13,3,1,2,12/10/2015,2,18:20,204,E08000035,E08000035,3,6120,1,40.0,1,4,3,64,0,0,1,1,1,0,0,1,2,2,E01011720
7998,2015132AC1253,2015,132AC1253,1,2,2,1,9,2,3,0,0,1,0,0,9,1,-1,2015,132AC1253,435899.0,436390.0,-1.45615,53.822549,13,3,1,2,12/10/2015,2,18:20,204,E08000035,E08000035,3,6120,1,40.0,1,4,3,64,0,0,1,1,1,0,0,1,2,2,E01011720
7999,2015132AD0104,2015,132AD0104,1,1,1,1,24,5,3,0,0,0,0,0,9,1,-1,2015,132AD0104,427934.0,426303.0,-1.57805,53.732377,13,3,2,1,13/10/2015,3,03:15,204,E08000035,E08000035,3,650,1,30.0,1,2,6,0,0,4,4,1,1,0,0,2,1,2,E01011550
8000,2015132AD0298,2015,132AD0298,1,1,1,2,65,9,3,0,0,0,0,0,9,3,-1,2015,132AD0298,434708.0,434566.0,-1.474447,53.806237,13,3,3,3,13/10/2015,3,09:30,204,E08000035,E08000035,3,64,3,40.0,3,2,6,0,0,0,1,1,1,0,0,1,1,2,E01011341
8001,2015132AD0298,2015,132AD0298,2,2,1,1,47,8,3,0,0,0,0,0,9,3,-1,2015,132AD0298,434708.0,434566.0,-1.474447,53.806237,13,3,3,3,13/10/2015,3,09:30,204,E08000035,E08000035,3,64,3,40.0,3,2,6,0,0,0,1,1,1,0,0,1,1,2,E01011341
8002,2015132AD0298,2015,132AD0298,3,3,1,1,33,6,3,0,0,0,0,0,9,1,-1,2015,132AD0298,434708.0,434566.0,-1.474447,53.806237,13,3,3,3,13/10/2015,3,09:30,204,E08000035,E08000035,3,64,3,40.0,3,2,6,0,0,0,1,1,1,0,0,1,1,2,E01011341
8003,2015132AD0524,2015,132AD0524,1,1,1,2,29,6,3,0,0,0,0,0,9,1,-1,2015,132AD0524,434023.0,429403.0,-1.485416,53.759879,13,3,2,1,13/10/2015,3,12:05,204,E08000035,E08000035,3,639,3,40.0,0,-1,-1,-1,0,0,1,1,1,0,0,2,1,2,E01011639
8004,2015132AD1171,2015,132AD1171,2,1,1,1,23,5,3,0,0,0,0,0,3,1,-1,2015,132AD1171,427895.0,436199.0,-1.57775,53.821322,13,3,2,1,13/10/2015,3,17:40,204,E08000035,E08000035,3,660,6,30.0,6,4,4,6157,0,0,1,1,1,0,0,1,1,2,E01011451
8005,2015132AD1570,2015,132AD1570,1,1,1,1,23,5,3,0,0,0,0,0,9,1,-1,2015,132AD1570,420535.0,434324.0,-1.689673,53.804811,13,3,1,3,13/10/2015,3,21:15,204,E08000035,E08000035,3,647,3,60.0,3,4,6,0,0,0,4,1,1,0,0,1,1,2,E01011595
8006,2015132AD1570,2015,132AD1570,1,2,2,1,21,5,3,0,0,1,0,0,9,1,-1,2015,132AD1570,420535.0,434324.0,-1.689673,53.804811,13,3,1,3,13/10/2015,3,21:15,204,E08000035,E08000035,3,647,3,60.0,3,4,6,0,0,0,4,1,1,0,0,1,1,2,E01011595
8007,2015132AD1570,2015,132AD1570,1,3,2,1,16,4,3,0,0,2,0,0,9,1,-1,2015,132AD1570,420535.0,434324.0,-1.689673,53.804811,13,3,1,3,13/10/2015,3,21:15,204,E08000035,E08000035,3,647,3,60.0,3,4,6,0,0,0,4,1,1,0,0,1,1,2,E01011595
8008,2015132AD1760,2015,132AD1760,1,1,1,1,26,6,3,0,0,0,0,0,9,-1,-1,2015,132AD1760,428445.0,428687.0,-1.570086,53.753777,13,3,1,1,13/10/2015,3,23:45,204,E08000035,E08000035,3,653,3,40.0,0,-1,-1,-1,0,0,4,1,1,0,0,2,1,2,E01011493
8009,2015132AE0178,2015,132AE0178,1,1,1,1,32,6,3,0,0,0,0,0,9,1,-1,2015,132AE0178,430263.0,431974.0,-1.542194,53.783217,13,3,4,4,14/10/2015,4,07:15,204,E08000035,E08000035,1,621,7,50.0,5,4,3,61,0,0,1,1,1,0,0,1,1,1,E01011364
8010,2015132AE0178,2015,132AE0178,2,2,1,2,49,8,3,0,0,0,0,0,9,1,-1,2015,132AE0178,430263.0,431974.0,-1.542194,53.783217,13,3,4,4,14/10/2015,4,07:15,204,E08000035,E08000035,1,621,7,50.0,5,4,3,61,0,0,1,1,1,0,0,1,1,1,E01011364
8011,2015132AE0178,2015,132AE0178,3,3,1,1,70,10,3,0,0,0,0,0,9,1,-1,2015,132AE0178,430263.0,431974.0,-1.542194,53.783217,13,3,4,4,14/10/2015,4,07:15,204,E08000035,E08000035,1,621,7,50.0,5,4,3,61,0,0,1,1,1,0,0,1,1,1,E01011364
8012,2015132AE0178,2015,132AE0178,4,4,1,2,43,7,3,0,0,0,0,0,9,1,-1,2015,132AE0178,430263.0,431974.0,-1.542194,53.783217,13,3,4,4,14/10/2015,4,07:15,204,E08000035,E08000035,1,621,7,50.0,5,4,3,61,0,0,1,1,1,0,0,1,1,1,E01011364
8013,2015132AE0206,2015,132AE0206,1,1,3,2,41,7,3,1,1,0,0,0,0,1,-1,2015,132AE0206,428475.0,426079.0,-1.56987,53.730335,13,3,1,1,14/10/2015,4,08:00,204,E08000035,E08000035,3,650,6,40.0,0,-1,-1,-1,0,4,1,1,1,0,0,1,1,2,E01011553
8014,2015132AE0251,2015,132AE0251,2,1,1,2,35,6,3,0,0,0,0,0,1,-1,-1,2015,132AE0251,436155.0,435548.0,-1.45236,53.814964,13,3,2,1,14/10/2015,4,08:30,204,E08000035,E08000035,6,0,6,30.0,0,-1,-1,-1,0,0,1,1,1,0,0,1,1,2,E01011406