,accident_index,accident_year_x,accident_reference_x,vehicle_reference,casualty_reference,casualty_class,sex_of_casualty,age_of_casualty,age_band_of_casualty,casualty_severity,pedestrian_location,pedestrian_movement,car_passenger,bus_or_coach_passenger,pedestrian_road_maintenance_worker,casualty_type,casualty_home_area_type,casualty_imd_decile,accident_year_y,accident_reference_y,location_easting_osgr,location_northing_osgr,longitude,latitude,police_force,accident_severity,number_of_vehicles,number_of_casualties,date,day_of_week,time,local_authority_district,local_authority_ons_district,local_authority_highway,first_road_class,first_road_number,road_type,speed_limit,junction_detail,junction_control,second_road_class,second_road_number,pedestrian_crossing_human_control,pedestrian_crossing_physical_facilities,light_conditions,weather_conditions,road_surface_conditions,special_conditions_at_site,carriageway_hazards,urban_or_rural_area,did_police_officer_attend_scene_of_accident,trunk_road_flag,lsoa_of_accident_location
8015,2015132AE0404,2015,132AE0404,1,1,1,2,30,6,3,0,0,0,0,0,9,3,-1,2015,132AE0404,431999.0,428440.0,-1.516214,53.751351,13,3,3,1,20/10/2015,3,16:30,204,E08000035,E08000035,1,1,3,50.0,0,-1,-1,-1,0,0,1,1,1,0,0,2,2,1,E01011502
8016,2015132AE0799,2015,132AE0799,1,1,3,2,54,8,2,4,1,0,0,0,0,1,-1,2015,132AE0799,423489.0,437599.0,-1.64457,53.834122,13,2,1,1,14/10/2015,4,14:34,204,E08000035,E08000035,3,6120,6,40.0,3,4,6,0,0,4,1,1,1,0,0,1,1,2,E01011465
8017,2015132AE0804,2015,132AE0804,2,1,1,2,52,8,3,0,0,0,0,0,9,-1,-1,2015,132AE0804,426281.0,435634.0,-1.602315,53.816328,13,3,2,1,14/10/2015,4,14:35,204,E08000035,E08000035,3,65,6,30.0,0,-1,-1,-1,0,0,1,1,1,0,0,1,1,2,E01011488
8018,2015132AE0900,2015,132AE0900,1,1,3,1,5,1,2,1,1,0,0,0,0,-1,-1,2015,132AE0900,428650.0,430793.0,-1.566783,53.772694,13,2,1,1,14/10/2015,4,15:30,204,E08000035,E08000035,6,0,6,30.0,3,2,6,0,0,5,1,1,1,0,0,1,1,2,E01011369
8019,2015132AE1073,2015,132AE1073,1,1,3,2,44,7,3,10,9,0,0,0,0,1,-1,2015,132AE1073,431293.0,434132.0,-1.526345,53.802552,13,3,1,1,14/10/2015,4,16:51,204,E08000035,E08000035,6,0,6,30.0,0,-1,-1,-1,0,4,1,1,1,0,0,1,1,2,E01033035
8020,2015132AF0300,2015,132AF0300,1,1,1,1,19,4,2,0,0,0,0,0,3,-1,-1,2015,132AF0300,427369.0,438564.0,-1.58553,53.842606,13,2,1,1,15/10/2015,5,09:15,204,E08000035,E08000035,3,6120,3,70.0,0,-1,-1,-1,0,0,1,2,2,0,0,2,1,2,E01032876
8021,2015132AF0324,2015,132AF0324,1,1,1,1,30,6,2,0,0,0,0,0,9,-1,-1,2015,132AF0324,430517.0,427594.0,-1.538771,53.743836,13,2,1,2,15/10/2015,5,09:36,204,E08000035,E08000035,6,0,6,30.0,6,4,6,0,0,0,1,5,2,0,0,1,1,2,E01011492
8022,2015132AF0324,2015,132AF0324,1,2,2,2,35,6,3,0,0,1,0,0,9,1,-1,2015,132AF0324,430517.0,427594.0,-1.538771,53.743836,13,2,1,2,15/10/2015,5,09:36,204,E08000035,E08000035,6,0,6,30.0,6,4,6,0,0,0,1,5,2,0,0,1,1,2,E01011492
8023,2015132AF0371,2015,132AF0371,1,1,1,2,44,7,3,0,0,0,0,0,9,1,-1,2015,132AF0371,443465.0,434991.0,-1.341422,53.8094,13,3,1,1,15/10/2015,5,10:09,204,E08000035,E08000035,1,1,3,70.0,0,-1,-1,-1,0,0,1,2,2,0,0,2,1,1,E01011297
8024,2015132AF0910,2015,132AF0910,1,1,3,2,42,7,2,9,5,0,0,0,0,1,-1,2015,132AF0910,426864.0,435189.0,-1.593499,53.812299,13,2,2,2,15/10/2015,5,15:30,204,E08000035,E08000035,6,0,6,30.0,0,-1,-1,-1,0,0,1,1,1,0,0,1,1,2,E01011480
8025,2015132AF0910,2015,132AF0910,1,2,3,1,4,1,2,9,5,0,0,0,0,1,-1,2015,132AF0910,426864.0,435189.0,-1.593499,53.812299,13,2,2,2,15/10/2015,5,15:30,204,E08000035,E08000035,6,0,6,30.0,0,-1,-1,-1,0,0,1,1,1,0,0,1,1,2,E01011480
8026,2015132AF1281,2015,132AF1281,2,1,1,1,23,5,3,0,0,0,0,0,1,-1,-1,2015,132AF1281,428194.0,435790.0,-1.573246,53.81763,13,3,2,1,15/10/2015,5,18:36,204,E08000035,E08000035,3,660,2,30.0,3,4,6,0,0,0,4,1,2,0,0,1,1,2,E01032946
8027,2015132AF1595,2015,132AF1595,2,1,1,1,41,7,3,0,0,0,0,0,1,1,-1,2015,132AF1595,430839.0,434003.0,-1.533251,53.80142,13,3,2,1,15/10/2015,5,16:30,204,E08000035,E08000035,3,61,6,30.0,3,4,6,0,0,0,1,1,1,0,0,1,2,2,E01033031
8028,2015132AG0029,2015,132AG0029,2,1,1,1,23,5,3,0,0,0,0,0,1,1,-1,2015,132AG0029,432368.0,436367.0,-1.509789,53.822574,13,3,2,1,16/10/2015,6,00:09,204,E08000035,E08000035,6,0,6,40.0,3,4,6,0,0,0,4,1,1,0,0,1,2,2,E01011647
8029,2015132AG1083,2015,132AG1083,1,1,1,2,50,8,3,0,0,0,0,0,9,1,-1,2015,132AG1083,425020.0,433161.0,-1.621667,53.794163,13,3,3,1,16/10/2015,6,16:21,204,E08000035,E08000035,3,6110,6,30.0,1,4,6,0,0,0,1,1,1,0,0,1,1,2,E01011727
8030,2015132AG1095,2015,132AG1095,1,1,3,2,24,5,3,6,9,0,0,0,0,1,-1,2015,132AG1095,427039.0,435697.0,-1.590796,53.816855,13,3,1,1,14/10/2015,4,19:00,204,E08000035,E08000035,6,0,6,30.0,0,-1,-1,-1,0,0,4,1,1,0,0,1,2,2,E01011477
8031,2015132AG1407,2015,132AG1407,2,1,1,1,26,6,3,0,0,0,0,0,3,-1,-1,2015,132AG1407,428864.0,429785.0,-1.56363,53.763622,13,3,2,1,16/10/2015,6,19:00,204,E08000035,E08000035,3,653,3,30.0,0,-1,-1,-1,0,0,7,1,1,0,0,1,2,2,E01011320
8032,2015132AG1456,2015,132AG1456,2,1,1,2,29,6,3,0,0,0,0,0,9,1,-1,2015,132AG1456,432199.0,427256.0,-1.513304,53.740698,13,3,2,1,16/10/2015,6,19:30,204,E08000035,E08000035,1,1,3,70.0,9,4,1,62,0,0,1,1,1,0,0,2,2,1,E01032495
8033,2015132AG1546,2015,132AG1546,1,1,3,2,64,9,2,8,1,0,0,0,0,-1,-1,2015,132AG1546,420261.0,445051.0,-1.693129,53.901233,13,2,1,1,16/10/2015,6,20:20,204,E08000035,E08000035,6,0,6,30.0,9,4,6,0,0,0,6,1,1,0,0,1,1,2,E01011574
8034,2015132AH0439,2015,132AH0439,1,1,3,2,82,11,1,6,9,0,0,0,0,3,-1,2015,132AH0439,441634.0,431830.0,-1.369652,53.781141,13,1,1,1,17/10/2015,7,08:35,204,E08000035,E08000035,3,63,6,40.0,3,4,6,0,0,0,1,1,2,0,0,2,1,2,E01011302
8035,2015132AH0626,2015,132AH0626,2,1,1,2,27,6,3,0,0,0,0,0,9,1,-1,2015,132AH0626,428510.0,433053.0,-1.568699,53.793014,13,3,2,1,17/10/2015,7,06:45,204,E08000035,E08000035,6,0,1,30.0,1,4,3,643,0,0,1,1,1,0,0,1,2,2,E01011363
8036,2015132AH1152,2015,132AH1152,1,1,3,1,36,7,3,10,7,0,0,0,0,1,-1,2015,132AH1152,428827.0,431592.0,-1.564023,53.779865,13,3,1,1,17/10/2015,7,17:20,204,E08000035,E08000035,6,0,6,30.0,0,-1,-1,-1,0,0,1,1,1,0,0,1,1,2,E01011366
8037,2015132AI0023,2015,132AI0023,1,1,3,1,26,6,3,1,3,0,0,0,0,1,-1,2015,132AI0023,429970.0,433307.0,-1.546512,53.795215,13,3,1,1,18/10/2015,1,00:13,204,E08000035,E08000035,6,0,6,30.0,0,-1,-1,-1,0,4,4,1,1,0,0,1,1,2,E01033016
8038,2015132AI0037,2015,132AI0037,1,1,3,1,19,4,2,1,3,0,0,0,0,-1,-1,2015,132AI0037,430477.0,433951.0,-1.538752,53.800974,13,2,1,1,18/10/2015,1,00:21,204,E08000035,E08000035,3,64,3,30.0,0,-1,-1,-1,0,5,4,1,1,0,0,1,1,2,E01033002
8039,2015132AI0163,2015,132AI0163,1,1,1,2,18,4,3,0,0,0,0,0,9,1,-1,2015,132AI0163,430065.0,433775.0,-1.545024,53.799416,13,3,2,1,18/10/2015,1,01:27,204,E08000035,E08000035,6,0,6,30.0,6,2,6,0,0,4,4,1,1,0,0,1,1,2,E01033010
8040,2015132AI0812,2015,132AI0812,2,1,1,2,24,5,3,0,0,0,0,0,9,1,-1,2015,132AI0812,427861.0,435837.0,-1.578299,53.81807,13,3,3,2,18/10/2015,1,13:22,204,E08000035,E08000035,6,0,6,30.0,0,-1,-1,-1,0,0,1,1,1,0,0,1,1,2,-1
8041,2015132AI0812,2015,132AI0812,2,2,2,2,29,6,3,0,0,1,0,0,9,1,-1,2015,132AI0812,427861.0,435837.0,-1.578299,53.81807,13,3,3,2,18/10/2015,1,13:22,204,E08000035,E08000035,6,0,6,30.0,0,-1,-1,-1,0,0,1,1,1,0,0,1,1,2,-1
8042,2015132AI1048,2015,132AI1048,2,1,1,2,21,5,3,0,0,0,0,0,9,1,-1,2015,132AI1048,428955.0,433877.0,-1.561866,53.800395,13,3,2,1,17/10/2015,7,19:10,204,E08000035,E08000035,6,0,6,30.0,0,-1,-1,-1,0,4,4,2,2,0,0,1,2,2,E01011678
8043,2015132AI1359,2015,132AI1359,1,1,3,1,33,6,3,5,3,0,0,0,0,-1,-1,2015,132AI1359,434656.0,435482.0,-1.475134,53.814473,13,3,1,1,18/10/2015,1,18:30,204,E08000035,E08000035,6,0,6,20.0,0,-1,-1,-1,0,0,4,1,1,0,0,1,1,2,E01011662
8044,2015132AI1422,2015,132AI1422,2,1,1,1,22,5,3,0,0,0,0,0,1,1,-1,2015,132AI1422,427744.0,434081.0,-1.580234,53.802294,13,3,2,1,18/10/2015,1,19:00,204,E08000035,E08000035,6,0,6,30.0,0,-1,-1,-1,0,0,6,1,1,0,0,1,1,2,E01011284
8045,2015132AJ0230,2015,132AJ0230,2,1,1,2,25,5,3,0,0,0,0,0,3,-1,-1,2015,132AJ0230,425652.0,435732.0,-1.61186,53.81724,13,3,2,1,19/10/2015,2,08:20,204,E08000035,E08000035,4,6157,6,30.0,3,4,6,0,0,0,1,1,1,0,0,2,1,2,E01011324
8046,2015132AJ0618,2015,132AJ0618,1,1,1,1,45,7,3,0,0,0,0,0,5,-1,-1,2015,132AJ0618,432919.0,444983.0,-1.500498,53.899976,13,3,1,1,19/10/2015,2,12:20,204,E08000035,E08000035,3,659,6,60.0,0,-1,-1,-1,0,0,1,1,2,7,0,2,1,2,E01011561
8047,2015132AJ1602,2015,132AJ1602,2,1,1,1,44,7,3,0,0,0,0,0,1,1,-1,2015,132AJ1602,429381.0,433470.0,-1.555438,53.796713,13,3,2,1,19/10/2015,2,05:25,204,E08000035,E08000035,6,0,6,30.0,3,4,6,0,0,0,4,1,1,0,0,1,1,2,E01033015
8048,2015132AK0270,2015,132AK0270,1,1,3,2,15,3,3,5,2,0,0,0,0,1,-1,2015,132AK0270,426017.0,437500.0,-1.606167,53.833112,13,3,1,1,20/10/2015,3,08:30,204,E08000035,E08000035,6,0,6,30.0,3,4,6,0,0,0,1,1,1,0,0,1,1,2,E01011686
8049,2015132AK0404,2015,132AK0404,2,1,1,2,58,9,3,0,0,0,0,0,9,3,-1,2015,132AK0404,443626.0,435548.0,-1.338899,53.814393,13,3,3,1,14/10/2015,4,16:31,204,E08000035,E08000035,1,1,3,70.0,0,-1,-1,-1,0,0,1,1,1,0,0,2,2,1,E01011297
8050,2015132AK0412,2015,132AK0412,2,1,1,2,56,9,3,0,0,0,0,0,9,1,-1,2015,132AK0412,434513.0,445062.0,-1.476232,53.900582,13,3,2,1,20/10/2015,3,10:03,204,E08000035,E08000035,3,659,6,30.0,0,-1,-1,-1,0,0,1,1,1,0,0,2,1,2,E01011708
8051,2015132AK0624,2015,132AK0624,2,1,1,2,32,6,3,0,0,0,0,0,9,1,-1,2015,132AK0624,434144.0,425871.0,-1.483969,53.728126,13,3,2,2,20/10/2015,3,12:15,204,E08000035,E08000035,1,62,3,70.0,0,-1,-1,-1,0,0,1,1,1,0,0,1,1,1,E01011634
8052,2015132AK0624,2015,132AK0624,2,2,2,2,1,1,3,0,0,1,0,0,9,1,-1,2015,132AK0624,434144.0,425871.0,-1.483969,53.728126,13,3,2,2,20/10/2015,3,12:15,204,E08000035,E08000035,1,62,3,70.0,0,-1,-1,-1,0,0,1,1,1,0,0,1,1,1,E01011634
8053,2015132AK0631,2015,132AK0631,1,1,1,1,23,5,3,0,0,0,0,0,9,1,-1,2015,132AK0631,434023.0,425868.0,-1.485803,53.728107,13,3,2,2,20/10/2015,3,12:19,204,E08000035,E08000035,1,62,3,70.0,0,-1,-1,-1,0,0,1,1,1,0,0,2,1,1,E01011634
8054,2015132AK0631,2015,132AK0631,2,2,1,1,31,6,3,0,0,0,0,0,19,-1,-1,2015,132AK0631,434023.0,425868.0,-1.485803,53.728107,13,3,2,2,20/10/2015,3,12:19,204,E08000035,E08000035,1,62,3,70.0,0,-1,-1,-1,0,0,1,1,1,0,0,2,1,1,E01011634
8055,2015132AK0748,2015,132AK0748,2,1,1,1,49,8,3,0,0,0,0,0,9,-1,-1,2015,132AK0748,432587.0,434442.0,-1.506665,53.805259,13,3,3,2,20/10/2015,3,13:20,204,E08000035,E08000035,6,0,6,30.0,3,4,6,0,0,0,1,1,1,0,0,1,1,2,E01011347
8056,2015132AK0748,2015,132AK0748,3,2,1,2,33,6,3,0,0,0,0,0,9,-1,-1,2015,132AK0748,432587.0,434442.0,-1.506665,53.805259,13,3,3,2,20/10/2015,3,13:20,204,E08000035,E08000035,6,0,6,30.0,3,4,6,0,0,0,1,1,1,0,0,1,1,2,E01011347
8057,2015132AK0796,2015,132AK0796,2,1,1,2,52,8,3,0,0,0,0,0,9,1,-1,2015,132AK0796,423666.0,437574.0,-1.641883,53.833889,13,3,2,1,20/10/2015,3,14:00,204,E08000035,E08000035,3,6120,6,30.0,3,4,6,0,0,0,1,1,1,0,0,1,1,2,E01011465
8058,2015132AK0961,2015,132AK0961,1,1,1,1,15,3,2,0,0,0,0,0,1,1,-1,2015,132AK0961,424906.0,427696.0,-1.623836,53.74505,13,2,2,1,20/10/2015,3,15:20,204,E08000035,E08000035,3,650,3,30.0,0,-1,-1,-1,0,0,1,1,1,0,0,1,1,2,E01011530
8059,2015132AK1084,2015,132AK1084,2,1,1,2,40,7,3,0,0,0,0,0,9,1,-1,2015,132AK1084,437175.0,433462.0,-1.437121,53.796145,13,3,5,2,20/10/2015,3,16:15,204,E08000035,E08000035,3,6120,3,30.0,0,-1,-1,-1,0,0,1,1,1,0,0,1,1,2,E01011418
8060,2015132AK1084,2015,132AK1084,4,2,1,2,36,7,3,0,0,0,0,0,9,1,-1,2015,132AK1084,437175.0,433462.0,-1.437121,53.796145,13,3,5,2,20/10/2015,3,16:15,204,E08000035,E08000035,3,6120,3,30.0,0,-1,-1,-1,0,0,1,1,1,0,0,1,1,2,E01011418
8061,2015132AL0121,2015,132AL0121,2,1,2,2,53,8,3,0,0,2,0,0,9,1,-1,2015,132AL0121,426801.0,438043.0,-1.594208,53.837953,13,3,2,2,21/10/2015,4,04:00,204,E08000035,E08000035,3,660,1,40.0,1,4,3,6120,0,0,4,1,1,0,0,1,2,2,E01011687
8062,2015132AL0121,2015,132AL0121,2,2,2,1,45,7,3,0,0,2,0,0,9,1,-1,2015,132AL0121,426801.0,438043.0,-1.594208,53.837953,13,3,2,2,21/10/2015,4,04:00,204,E08000035,E08000035,3,660,1,40.0,1,4,3,6120,0,0,4,1,1,0,0,1,2,2,E01011687
8063,2015132AL0728,2015,132AL0728,1,1,1,1,27,6,3,0,0,0,0,0,3,1,-1,2015,132AL0728,428791.0,435161.0,-1.564237,53.811944,13,3,3,1,21/10/2015,4,13:45,204,E08000035,E08000035,6,0,6,30.0,3,4,6,0,0,0,1,1,1,0,0,1,1,2,E01011444
8064,2015132AL1191,2015,132AL1191,1,1,1,1,62,9,2,0,0,0,0,0,5,1,-1,2015,132AL1191,427928.0,431350.0,-1.577687,53.777739,13,2,1,1,21/10/2015,4,16:18,204,E08000035,E08000035,1,621,3,50.0,0,-1,-1,-1,0,0,1,1,1,0,0,1,1,1,E01011369
8065,2015132AL1245,2015,132AL1245,1,1,1,2,23,5,3,0,0,0,0,0,9,-1,-1,2015,132AL1245,421813.0,436319.0,-1.670127,53.82269,13,3,2,2,21/10/2015,4,18:00,204,E08000035,E08000035,3,6120,3,60.0,0,-1,-1,-1,0,0,4,1,1,0,0,2,1,2,E01011588
8066,2015132AL1245,2015,132AL1245,2,2,1,1,34,6,3,0,0,0,0,0,9,-1,-1,2015,132AL1245,421813.0,436319.0,-1.670127,53.82269,13,3,2,2,21/10/2015,4,18:00,204,E08000035,E08000035,3,6120,3,60.0,0,-1,-1,-1,0,0,4,1,1,0,0,2,1,2,E01011588
8067,2015132AM0246,2015,132AM0246,1,1,1,1,48,8,2,0,0,0,0,0,1,1,-1,2015,132AM0246,424608.0,437003.0,-1.627615,53.828713,13,2,1,1,22/10/2015,5,07:35,204,E08000035,E08000035,3,65,6,40.0,0,-1,-1,-1,0,0,1,1,1,0,0,2,1,2,E01032494
8068,2015132AM0849,2015,132AM0849,1,1,1,1,26,6,3,0,0,0,0,0,9,1,-1,2015,132AM0849,419642.0,433866.0,-1.703261,53.800729,13,3,2,1,22/10/2015,5,14:00,204,E08000035,E08000035,6,0,9,20.0,0,-1,-1,-1,0,0,1,1,1,0,0,1,1,2,E01011597
8069,2015132AM0942,2015,132AM0942,1,1,1,2,27,6,2,0,0,0,0,0,9,1,-1,2015,132AM0942,424172.0,438671.0,-1.634109,53.843725,13,2,3,1,22/10/2015,5,14:45,204,E08000035,E08000035,6,0,6,30.0,0,-1,-1,-1,0,0,1,1,1,0,0,1,1,2,E01011459
8070,2015132AM1211,2015,132AM1211,1,1,1,2,42,7,3,0,0,0,0,0,9,1,-1,2015,132AM1211,428501.0,434555.0,-1.568697,53.806514,13,3,2,1,22/10/2015,5,16:30,204,E08000035,E08000035,5,0,6,30.0,3,4,6,0,0,0,1,1,1,0,0,1,2,2,E01011448
8071,2015132AM1432,2015,132AM1432,1,1,1,1,37,7,3,0,0,0,0,0,1,1,-1,2015,132AM1432,434263.0,433849.0,-1.481283,53.799822,13,3,3,1,22/10/2015,5,19:02,204,E08000035,E08000035,6,0,3,40.0,0,-1,-1,-1,0,0,4,1,1,0,0,1,1,2,E01011341
8072,2015132AN0465,2015,132AN0465,1,1,2,2,28,6,3,0,0,1,0,0,9,1,-1,2015,132AN0465,429907.0,433957.0,-1.547405,53.80106,13,3,2,1,23/10/2015,6,10:56,204,E08000035,E08000035,6,0,6,30.0,0,-1,-1,-1,0,0,1,1,1,0,0,1,1,2,E01033010
8073,2015132AN0938,2015,132AN0938,3,1,2,2,35,6,3,0,0,0,3,0,11,1,-1,2015,132AN0938,430044.0,434041.0,-1.545317,53.801808,13,3,3,2,23/10/2015,6,15:15,204,E08000035,E08000035,6,0,6,30.0,0,-1,-1,-1,0,0,1,1,1,0,0,1,1,2,E01033010
8074,2015132AN0938,2015,132AN0938,3,2,2,2,5,1,3,0,0,0,3,0,11,1,-1,2015,132AN0938,430044.0,434041.0,-1.545317,53.801808,13,3,3,2,23/10/2015,6,15:15,204,E08000035,E08000035,6,0,6,30.0,0,-1,-1,-1,0,0,1,1,1,0,0,1,1,2,E01033010
8075,2015132AN0992,2015,132AN0992,1,1,2,2,44,7,3,0,0,1,0,0,9,1,-1,2015,132AN0992,425217.0,437871.0,-1.618292,53.836486,13,3,3,1,23/10/2015,6,15:35,204,E08000035,E08000035,3,6120,3,30.0,0,-1,-1,-1,0,0,1,1,1,0,0,1,1,2,E01011464
8076,2015132AN1235,2015,132AN1235,2,1,1,2,31,6,3,0,0,0,0,0,1,-1,-1,2015,132AN1235,429147.0,433846.0,-1.558954,53.800106,13,3,2,1,23/10/2015,6,17:35,204,E08000035,E08000035,6,0,6,30.0,3,4,6,0,0,0,4,1,1,0,0,1,1,2,E01011678
8077,2015132AN1475,2015,132AN1475,1,1,1,1,26,6,3,0,0,0,0,0,9,1,-1,2015,132AN1475,430951.0,427707.0,-1.53218,53.744826,13,3,2,2,23/10/2015,6,19:30,204,E08000035,E08000035,6,0,6,30.0,3,4,6,0,0,0,4,1,1,0,0,2,1,2,E01032495
8078,2015132AN1475,2015,132AN1475,2,2,1,2,23,5,3,0,0,0,0,0,9,1,-1,2015,132AN1475,430951.0,427707.0,-1.53218,53.744826,13,3,2,2,23/10/2015,6,19:30,204,E08000035,E08000035,6,0,6,30.0,3,4,6,0,0,0,4,1,1,0,0,2,1,2,E01032495
8079,2015132AN1780,2015,132AN1780,2,1,1,2,50,8,3,0,0,0,0,0,1,1,-1,2015,132AN1780,429474.0,433665.0,-1.554007,53.798461,13,3,2,1,23/10/2015,6,22:11,204,E08000035,E08000035,6,0,6,30.0,9,4,6,0,0,1,4,1,1,0,0,1,1,2,E01033008
8080,2015132AO0245,2015,132AO0245,1,1,1,1,32,6,3,0,0,0,0,0,19,1,-1,2015,132AO0245,421765.0,439066.0,-1.670662,53.847381,13,3,1,1,24/10/2015,7,02:42,204,E08000035,E08000035,3,65,6,30.0,3,4,6,0,0,0,4,1,1,0,0,1,2,2,E01011457
8081,2015132AO0398,2015,132AO0398,2,1,1,1,22,5,2,0,0,0,0,0,3,1,-1,2015,132AO0398,423419.0,437626.0,-1.645632,53.834368,13,2,2,1,24/10/2015,7,06:35,204,E08000035,E08000035,3,6120,6,40.0,3,2,6,0,0,5,4,1,2,0,0,1,1,2,E01011465
8082,2015132AO0536,2015,132AO0536,1,1,3,2,85,11,3,5,1,0,0,0,0,1,-1,2015,132AO0536,431525.0,440091.0,-1.522214,53.856095,13,3,1,1,24/10/2015,7,09:57,204,E08000035,E08000035,6,0,6,30.0,3,4,6,0,0,0,1,2,2,0,0,1,1,2,E01011562
8083,2015132AO1520,2015,132AO1520,1,1,3,2,51,8,3,4,3,0,0,0,0,1,-1,2015,132AO1520,427089.0,433506.0,-1.590229,53.797161,13,3,1,1,24/10/2015,7,22:00,204,E08000035,E08000035,6,0,6,30.0,3,4,6,0,0,4,4,1,1,0,0,1,1,2,E01011293
8084,2015132AP0422,2015,132AP0422,1,1,1,2,56,9,3,0,0,0,0,0,9,1,-1,2015,132AP0422,430372.0,437936.0,-1.539954,53.836795,13,3,2,3,25/10/2015,1,07:35,204,E08000035,E08000035,6,0,6,30.0,3,4,6,0,0,8,1,1,1,0,0,1,2,2,E01011515
8085,2015132AP0422,2015,132AP0422,2,2,1,1,54,8,3,0,0,0,0,0,9,1,-1,2015,132AP0422,430372.0,437936.0,-1.539954,53.836795,13,3,2,3,25/10/2015,1,07:35,204,E08000035,E08000035,6,0,6,30.0,3,4,6,0,0,8,1,1,1,0,0,1,2,2,E01011515
8086,2015132AP0422,2015,132AP0422,2,3,2,2,74,10,3,0,0,1,0,0,9,1,-1,2015,132AP0422,430372.0,437936.0,-1.539954,53.836795,13,3,2,3,25/10/2015,1,07:35,204,E08000035,E08000035,6,0,6,30.0,3,4,6,0,0,8,1,1,1,0,0,1,2,2,E01011515
8087,2015132AP0599,2015,132AP0599,1,1,3,2,18,4,3,6,9,0,0,0,0,1,-1,2015,132AP0599,430314.0,433056.0,-1.541314,53.792939,13,3,1,2,25/10/2015,1,10:43,204,E08000035,E08000035,6,0,6,30.0,0,-1,-1,-1,0,0,1,1,1,0,0,1,1,2,E01033016
8088,2015132AP0599,2015,132AP0599,1,2,3,1,25,5,3,6,9,0,0,0,0,-1,-1,2015,132AP0599,430314.0,433056.0,-1.541314,53.792939,13,3,1,2,25/10/2015,1,10:43,204,E08000035,E08000035,6,0,6,30.0,0,-1,-1,-1,0,0,1,1,1,0,0,1,1,2,E01033016
8089,2015132AP0933,2015,132AP0933,1,1,1,1,16,4,3,0,0,0,0,0,2,1,-1,2015,132AP0933,423779.0,434893.0,-1.640372,53.809788,13,3,2,1,25/10/2015,1,14:00,204,E08000035,E08000035,6,0,6,30.0,0,-1,-1,-1,0,0,1,1,1,0,0,1,2,2,E01011337
8090,2015132AP1028,2015,132AP1028,2,1,1,1,49,8,2,0,0,0,0,0,5,1,-1,2015,132AP1028,430591.0,431123.0,-1.537301,53.77555,13,2,2,1,25/10/2015,1,15:02,204,E08000035,E08000035,6,0,1,30.0,1,4,6,0,0,0,1,1,1,0,0,1,1,2,E01011468
8091,2015132AP1151,2015,132AP1151,2,1,2,2,27,6,3,0,0,1,0,0,9,-1,-1,2015,132AP1151,431098.0,433562.0,-1.529363,53.797441,13,3,3,1,25/10/2015,1,16:13,204,E08000035,E08000035,3,653,3,30.0,0,-1,-1,-1,0,0,1,1,1,0,0,1,1,2,E01033011
8092,2015132AP1898,2015,132AP1898,2,1,1,1,46,8,3,0,0,0,0,0,9,1,-1,2015,132AP1898,429782.0,433926.0,-1.549306,53.800789,13,3,6,4,25/10/2015,1,23:14,204,E08000035,E08000035,6,0,2,30.0,6,2,6,0,0,5,4,1,1,0,0,1,1,2,E01033010
8093,2015132AP1898,2015,132AP1898,3,2,1,1,52,8,3,0,0,0,0,0,9,1,-1,2015,132AP1898,429782.0,433926.0,-1.549306,53.800789,13,3,6,4,25/10/2015,1,23:14,204,E08000035,E08000035,6,0,2,30.0,6,2,6,0,0,5,4,1,1,0,0,1,1,2,E01033010
8094,2015132AP1898,2015,132AP1898,3,3,2,2,26,6,3,0,0,1,0,0,9,1,-1,2015,132AP1898,429782.0,433926.0,-1.549306,53.800789,13,3,6,4,25/10/2015,1,23:14,204,E08000035,E08000035,6,0,2,30.0,6,2,6,0,0,5,4,1,1,0,0,1,1,2,E01033010
8095,2015132AP1898,2015,132AP1898,3,4,2,2,17,4,3,0,0,2,0,0,9,1,-1,2015,132AP1898,429782.0,433926.0,-1.549306,53.800789,13,3,6,4,25/10/2015,1,23:14,204,E08000035,E08000035,6,0,2,30.0,6,2,6,0,0,5,4,1,1,0,0,1,1,2,E01033010
8096,2015132AQ0078,2015,132AQ0078,1,1,1,1,33,6,3,0,0,0,0,0,8,1,-1,2015,132AQ0078,428138.0,432794.0,-1.574369,53.790706,13,3,2,3,26/10/2015,2,01:55,204,E08000035,E08000035,6,0,6,30.0,3,4,4,6154,0,0,4,1,5,0,0,1,2,2,E01011363
8097,2015132AQ0078,2015,132AQ0078,2,2,1,2,20,4,3,0,0,0,0,0,9,1,-1,2015,132AQ0078,428138.0,432794.0,-1.574369,53.790706,13,3,2,3,26/10/2015,2,01:55,204,E08000035,E08000035,6,0,6,30.0,3,4,4,6154,0,0,4,1,5,0,0,1,2,2,E01011363
8098,2015132AQ0078,2015,132AQ0078,2,3,2,1,18,4,3,0,0,1,0,0,9,1,-1,2015,132AQ0078,428138.0,432794.0,-1.574369,53.790706,13,3,2,3,26/10/2015,2,01:55,204,E08000035,E08000035,6,0,6,30.0,3,4,4,6154,0,0,4,1,5,0,0,1,2,2,E01011363
8099,2015132AQ0480,2015,132AQ0480,2,1,1,1,17,4,3,0,0,0,0,0,1,1,-1,2015,132AQ0480,430216.0,434924.0,-1.542619,53.809734,13,3,3,1,26/10/2015,2,11:13,204,E08000035,E08000035,6,0,6,30.0,3,4,6,0,0,0,1,1,1,0,0,1,1,2,E01011671
8100,2015132AQ0522,2015,132AQ0522,1,1,3,2,27,6,2,4,1,0,0,0,0,1,-1,2015,132AQ0522,430653.0,434281.0,-1.536047,53.803929,13,2,1,1,26/10/2015,2,11:33,204,E08000035,E08000035,6,0,6,30.0,0,-1,-1,-1,0,4,1,1,1,0,0,1,1,2,E01033002
8101,2015132AQ1086,2015,132AQ1086,1,1,1,1,50,8,3,0,0,0,0,0,9,1,-1,2015,132AQ1086,424075.0,434514.0,-1.635907,53.806368,13,3,2,1,26/10/2015,2,14:50,204,E08000035,E08000035,6,0,6,30.0,6,2,6,0,0,5,1,1,1,0,0,1,2,2,E01011334