,accident_index,accident_year_x,accident_reference_x,vehicle_reference,casualty_reference,casualty_class,sex_of_casualty,age_of_casualty,age_band_of_casualty,casualty_severity,pedestrian_location,pedestrian_movement,car_passenger,bus_or_coach_passenger,pedestrian_road_maintenance_worker,casualty_type,casualty_home_area_type,casualty_imd_decile,accident_year_y,accident_reference_y,location_easting_osgr,location_northing_osgr,longitude,latitude,police_force,accident_severity,number_of_vehicles,number_of_casualties,date,day_of_week,time,local_authority_district,local_authority_ons_district,local_authority_highway,first_road_class,first_road_number,road_type,speed_limit,junction_detail,junction_control,second_road_class,second_road_number,pedestrian_crossing_human_control,pedestrian_crossing_physical_facilities,light_conditions,weather_conditions,road_surface_conditions,special_conditions_at_site,carriageway_hazards,urban_or_rural_area,did_police_officer_attend_scene_of_accident,trunk_road_flag,lsoa_of_accident_location
8102,2015132AQ1110,2015,132AQ1110,2,1,1,2,40,7,3,0,0,0,0,0,9,-1,-1,2015,132AQ1110,441159.0,445445.0,-1.375041,53.903541,13,3,3,1,26/10/2015,2,11:10,204,E08000035,E08000035,2,1,3,70.0,0,-1,-1,-1,0,0,1,1,1,0,0,2,1,1,E01011707
8103,2015132AR0304,2015,132AR0304,1,1,2,1,4,1,3,0,0,2,0,0,9,1,-1,2015,132AR0304,440554.0,448563.0,-1.383836,53.931611,13,3,2,1,27/10/2015,3,08:40,204,E08000035,E08000035,6,0,6,30.0,6,4,6,0,0,0,1,1,2,0,0,1,1,2,E01011704
8104,2015132AR0752,2015,132AR0752,2,1,1,2,82,11,3,0,0,0,0,0,9,1,-1,2015,132AR0752,423855.0,435738.0,-1.639153,53.817379,13,3,2,1,27/10/2015,3,13:55,204,E08000035,E08000035,4,6157,6,30.0,3,4,6,0,0,0,1,1,1,0,0,1,1,2,E01011330
8105,2015132AR0762,2015,132AR0762,1,1,3,1,68,10,3,10,9,0,0,0,0,1,-1,2015,132AR0762,420317.0,445472.0,-1.692249,53.905015,13,3,1,1,27/10/2015,3,12:05,204,E08000035,E08000035,6,0,6,30.0,0,-1,-1,-1,0,0,1,1,1,0,0,1,1,2,E01011569
8106,2015132AR0878,2015,132AR0878,1,1,1,1,24,5,3,0,0,0,0,0,9,1,-1,2015,132AR0878,430786.0,431375.0,-1.534317,53.777803,13,3,2,2,27/10/2015,3,15:04,204,E08000035,E08000035,6,0,6,30.0,0,-1,-1,-1,0,0,1,1,1,0,0,1,1,2,E01011468
8107,2015132AR0878,2015,132AR0878,2,2,1,1,26,6,3,0,0,0,0,0,9,1,-1,2015,132AR0878,430786.0,431375.0,-1.534317,53.777803,13,3,2,2,27/10/2015,3,15:04,204,E08000035,E08000035,6,0,6,30.0,0,-1,-1,-1,0,0,1,1,1,0,0,1,1,2,E01011468
8108,2015132AR1157,2015,132AR1157,1,1,1,2,55,8,3,0,0,0,0,0,9,-1,-1,2015,132AR1157,431081.0,434211.0,-1.529556,53.803275,13,3,2,5,27/10/2015,3,17:25,204,E08000035,E08000035,6,0,2,30.0,3,4,6,0,0,0,1,1,2,0,0,1,1,2,E01033031
8109,2015132AR1157,2015,132AR1157,1,2,2,2,26,6,3,0,0,1,0,0,9,-1,-1,2015,132AR1157,431081.0,434211.0,-1.529556,53.803275,13,3,2,5,27/10/2015,3,17:25,204,E08000035,E08000035,6,0,2,30.0,3,4,6,0,0,0,1,1,2,0,0,1,1,2,E01033031
8110,2015132AR1157,2015,132AR1157,1,3,2,2,19,4,3,0,0,1,0,0,9,-1,-1,2015,132AR1157,431081.0,434211.0,-1.529556,53.803275,13,3,2,5,27/10/2015,3,17:25,204,E08000035,E08000035,6,0,2,30.0,3,4,6,0,0,0,1,1,2,0,0,1,1,2,E01033031
8111,2015132AR1157,2015,132AR1157,1,4,2,1,10,2,3,0,0,1,0,0,9,-1,-1,2015,132AR1157,431081.0,434211.0,-1.529556,53.803275,13,3,2,5,27/10/2015,3,17:25,204,E08000035,E08000035,6,0,2,30.0,3,4,6,0,0,0,1,1,2,0,0,1,1,2,E01033031
8112,2015132AR1157,2015,132AR1157,2,5,1,2,29,6,3,0,0,0,0,0,9,-1,-1,2015,132AR1157,431081.0,434211.0,-1.529556,53.803275,13,3,2,5,27/10/2015,3,17:25,204,E08000035,E08000035,6,0,2,30.0,3,4,6,0,0,0,1,1,2,0,0,1,1,2,E01033031
8113,2015132AR1216,2015,132AR1216,1,1,1,2,18,4,3,0,0,0,0,0,9,-1,-1,2015,132AR1216,432713.0,429624.0,-1.505262,53.761949,13,3,2,3,27/10/2015,3,17:56,204,E08000035,E08000035,6,0,6,30.0,0,-1,-1,-1,0,0,1,1,2,0,0,2,1,2,E01011470
8114,2015132AR1216,2015,132AR1216,2,2,1,1,23,5,3,0,0,0,0,0,9,-1,-1,2015,132AR1216,432713.0,429624.0,-1.505262,53.761949,13,3,2,3,27/10/2015,3,17:56,204,E08000035,E08000035,6,0,6,30.0,0,-1,-1,-1,0,0,1,1,2,0,0,2,1,2,E01011470
8115,2015132AR1216,2015,132AR1216,2,3,2,1,45,7,3,0,0,1,0,0,9,-1,-1,2015,132AR1216,432713.0,429624.0,-1.505262,53.761949,13,3,2,3,27/10/2015,3,17:56,204,E08000035,E08000035,6,0,6,30.0,0,-1,-1,-1,0,0,1,1,2,0,0,2,1,2,E01011470
8116,2015132AR1244,2015,132AR1244,1,1,1,1,47,8,3,0,0,0,0,0,9,1,-1,2015,132AR1244,432157.0,429652.0,-1.513692,53.762235,13,3,2,2,27/10/2015,3,18:05,204,E08000035,E08000035,1,621,3,70.0,0,-1,-1,-1,0,0,4,1,1,0,0,2,1,1,E01011469
8117,2015132AR1244,2015,132AR1244,1,2,2,2,13,3,3,0,0,1,0,0,9,1,-1,2015,132AR1244,432157.0,429652.0,-1.513692,53.762235,13,3,2,2,27/10/2015,3,18:05,204,E08000035,E08000035,1,621,3,70.0,0,-1,-1,-1,0,0,4,1,1,0,0,2,1,1,E01011469
8118,2015132AR1826,2015,132AR1826,1,1,2,1,21,5,3,0,0,1,0,0,9,-1,-1,2015,132AR1826,435807.0,428991.0,-1.458405,53.756057,13,3,1,1,27/10/2015,3,23:50,204,E08000035,E08000035,6,0,1,30.0,1,4,6,0,0,0,4,2,2,0,0,1,1,2,E01032488
8119,2015132AS0154,2015,132AS0154,1,1,1,1,29,6,2,0,0,0,0,0,9,1,-1,2015,132AS0154,431772.0,439386.0,-1.518531,53.849744,13,2,1,1,28/10/2015,4,05:00,204,E08000035,E08000035,3,6120,6,60.0,0,-1,-1,-1,0,0,4,2,2,0,7,1,1,2,E01011508
8120,2015132AS0246,2015,132AS0246,2,1,1,2,54,8,3,0,0,0,0,0,1,1,-1,2015,132AS0246,429140.0,435253.0,-1.558928,53.812752,13,3,2,1,28/10/2015,4,08:40,204,E08000035,E08000035,3,660,3,30.0,3,4,6,0,0,0,1,2,2,0,0,1,1,2,E01033005
8121,2015132AS0441,2015,132AS0441,1,1,1,1,21,5,3,0,0,0,0,0,3,3,-1,2015,132AS0441,431519.0,435144.0,-1.52281,53.811634,13,3,2,1,28/10/2015,4,11:26,204,E08000035,E08000035,6,0,3,30.0,3,4,3,58,0,0,1,2,2,0,0,1,1,2,E01011429
8122,2015132AS0812,2015,132AS0812,1,1,1,2,31,6,3,0,0,0,0,0,9,1,-1,2015,132AS0812,429608.0,434238.0,-1.551918,53.803603,13,3,2,1,01/10/2015,5,16:00,204,E08000035,E08000035,6,0,6,30.0,0,-1,-1,-1,0,1,1,1,1,4,0,1,2,2,E01033008
8123,2015132AS0994,2015,132AS0994,1,1,3,1,20,4,2,9,9,0,0,0,0,1,-1,2015,132AS0994,430002.0,433384.0,-1.546019,53.795905,13,2,1,1,20/10/2015,3,17:30,204,E08000035,E08000035,6,0,6,30.0,0,-1,-1,-1,0,0,4,1,1,0,0,1,2,2,E01033010
8124,2015132AS1021,2015,132AS1021,2,1,1,1,21,5,3,0,0,0,0,0,19,1,-1,2015,132AS1021,436413.0,425957.0,-1.44957,53.728746,13,3,2,1,28/10/2015,4,17:20,204,E08000035,E08000035,1,62,7,70.0,5,4,3,642,0,0,6,2,2,0,0,2,1,1,E01011636
8125,2015132AS1149,2015,132AS1149,2,1,1,1,15,3,3,0,0,0,0,0,1,1,-1,2015,132AS1149,435179.0,436737.0,-1.467048,53.825717,13,3,2,1,28/10/2015,4,18:32,204,E08000035,E08000035,6,0,6,20.0,0,-1,-1,-1,0,0,4,1,2,0,0,1,1,2,E01011659
8126,2015132AT0250,2015,132AT0250,2,1,1,2,38,7,3,0,0,0,0,0,9,1,-1,2015,132AT0250,432060.0,436092.0,-1.514496,53.820121,13,3,2,1,29/10/2015,5,07:10,204,E08000035,E08000035,6,0,6,30.0,6,4,6,0,0,0,1,2,1,0,0,1,1,2,E01011642
8127,2015132AT0331,2015,132AT0331,1,1,3,1,60,9,3,5,1,0,0,0,0,1,-1,2015,132AT0331,429263.0,431485.0,-1.557417,53.778879,13,3,1,1,29/10/2015,5,09:30,204,E08000035,E08000035,6,0,6,30.0,0,-1,-1,-1,0,0,1,1,2,0,0,1,1,2,E01011373
8128,2015132AT0372,2015,132AT0372,1,1,2,2,64,9,3,0,0,1,0,0,8,1,-1,2015,132AT0372,426824.0,434979.0,-1.594124,53.810413,13,3,2,2,29/10/2015,5,14:30,204,E08000035,E08000035,3,65,6,30.0,3,4,6,0,0,8,1,2,2,0,0,1,1,2,E01011482
8129,2015132AT0372,2015,132AT0372,2,2,2,2,75,10,3,0,0,1,4,0,11,1,-1,2015,132AT0372,426824.0,434979.0,-1.594124,53.810413,13,3,2,2,29/10/2015,5,14:30,204,E08000035,E08000035,3,65,6,30.0,3,4,6,0,0,8,1,2,2,0,0,1,1,2,E01011482
8130,2015132AT0824,2015,132AT0824,1,1,2,1,28,6,3,0,0,1,0,0,9,-1,-1,2015,132AT0824,432308.0,426163.0,-1.511765,53.730867,13,3,2,1,29/10/2015,5,07:45,204,E08000035,E08000035,1,1,1,70.0,1,2,1,62,0,0,1,2,2,0,0,2,2,1,E01011499
8131,2015132AT0827,2015,132AT0827,1,1,1,2,20,4,3,0,0,0,0,0,1,1,-1,2015,132AT0827,427399.0,437109.0,-1.585203,53.829527,13,3,2,1,28/10/2015,4,12:45,204,E08000035,E08000035,3,660,6,30.0,0,-1,-1,-1,0,0,1,2,2,0,0,1,2,2,E01011690
8132,2015132AT1316,2015,132AT1316,2,1,1,1,19,4,3,0,0,0,0,0,9,1,-1,2015,132AT1316,431010.0,430599.0,-1.530996,53.770815,13,3,2,2,29/10/2015,5,18:30,204,E08000035,E08000035,6,0,6,30.0,3,4,1,621,0,0,1,1,1,0,0,1,1,2,E01011471
8133,2015132AT1316,2015,132AT1316,2,2,2,2,18,4,3,0,0,1,0,0,9,1,-1,2015,132AT1316,431010.0,430599.0,-1.530996,53.770815,13,3,2,2,29/10/2015,5,18:30,204,E08000035,E08000035,6,0,6,30.0,3,4,1,621,0,0,1,1,1,0,0,1,1,2,E01011471
8134,2015132AT1371,2015,132AT1371,2,1,1,1,20,4,3,0,0,0,0,0,9,-1,-1,2015,132AT1371,423253.0,435777.0,-1.648293,53.817757,13,3,2,1,29/10/2015,5,18:59,204,E08000035,E08000035,6,0,6,30.0,3,4,6,0,0,0,1,1,1,0,0,2,1,2,E01011330
8135,2015132AT1451,2015,132AT1451,1,1,1,1,16,4,3,0,0,0,0,0,3,1,-1,2015,132AT1451,435809.0,435760.0,-1.457591,53.816894,13,3,2,1,29/10/2015,5,19:40,204,E08000035,E08000035,6,0,6,30.0,3,4,6,0,0,0,4,1,2,0,0,1,1,2,E01011665
8136,2015132AT1745,2015,132AT1745,1,1,1,1,28,6,3,0,0,0,0,0,9,1,-1,2015,132AT1745,431961.0,430492.0,-1.516579,53.769797,13,3,2,2,29/10/2015,5,22:45,204,E08000035,E08000035,3,639,1,40.0,1,4,3,61,0,0,4,1,1,0,0,2,1,2,E01011470
8137,2015132AT1745,2015,132AT1745,1,2,2,2,19,4,3,0,0,2,0,0,9,1,-1,2015,132AT1745,431961.0,430492.0,-1.516579,53.769797,13,3,2,2,29/10/2015,5,22:45,204,E08000035,E08000035,3,639,1,40.0,1,4,3,61,0,0,4,1,1,0,0,2,1,2,E01011470
8138,2015132AT1901,2015,132AT1901,2,1,1,1,20,4,2,0,0,0,0,0,3,1,-1,2015,132AT1901,426113.0,433141.0,-1.605077,53.79393,13,2,2,1,29/10/2015,5,16:30,204,E08000035,E08000035,6,0,6,30.0,3,4,6,0,0,1,4,1,2,0,0,1,1,2,E01011729
8139,2015132AU0393,2015,132AU0393,1,1,1,1,28,6,2,0,0,0,0,0,1,-1,-1,2015,132AU0393,430963.0,435790.0,-1.531189,53.817473,13,2,2,1,30/10/2015,6,09:45,204,E08000035,E08000035,6,0,6,30.0,6,2,6,0,0,0,1,1,1,0,0,1,1,2,E01011356
8140,2015132AU0793,2015,132AU0793,1,1,1,1,24,5,3,0,0,0,0,0,9,1,-1,2015,132AU0793,431342.0,428708.0,-1.52615,53.7538,13,3,2,1,30/10/2015,6,14:17,204,E08000035,E08000035,6,0,3,30.0,0,-1,-1,-1,0,0,1,1,2,0,0,1,1,2,E01011466
8141,2015132AU0824,2015,132AU0824,1,1,1,1,22,5,2,0,0,0,0,0,3,1,-1,2015,132AU0824,415316.0,442963.0,-1.768491,53.882636,13,2,1,1,30/10/2015,6,14:45,204,E08000035,E08000035,6,0,6,40.0,0,-1,-1,-1,0,0,1,1,1,0,0,2,1,2,E01011270
8142,2015132AU0836,2015,132AU0836,2,1,2,2,13,3,3,0,0,2,0,0,9,-1,-1,2015,132AU0836,431624.0,436995.0,-1.521026,53.828264,13,3,2,2,30/10/2015,6,14:30,204,E08000035,E08000035,6,0,6,30.0,0,-1,-1,-1,0,0,1,1,1,0,0,1,2,2,E01011641
8143,2015132AU0836,2015,132AU0836,2,2,2,2,12,3,3,0,0,2,0,0,9,-1,-1,2015,132AU0836,431624.0,436995.0,-1.521026,53.828264,13,3,2,2,30/10/2015,6,14:30,204,E08000035,E08000035,6,0,6,30.0,0,-1,-1,-1,0,0,1,1,1,0,0,1,2,2,E01011641
8144,2015132AU0880,2015,132AU0880,1,1,2,1,46,8,3,0,0,0,3,0,11,-1,-1,2015,132AU0880,428989.0,428385.0,-1.561864,53.751033,13,3,1,1,30/10/2015,6,11:20,204,E08000035,E08000035,6,0,6,30.0,0,-1,-1,-1,0,0,1,2,2,0,0,1,1,2,E01011493
8145,2015132AU0886,2015,132AU0886,1,1,2,1,80,11,3,0,0,0,4,0,11,1,-1,2015,132AU0886,430465.0,435281.0,-1.538803,53.812928,13,3,2,2,30/10/2015,6,14:00,204,E08000035,E08000035,6,0,6,30.0,0,-1,-1,-1,0,0,1,1,1,0,0,1,2,2,E01011357
8146,2015132AU0886,2015,132AU0886,1,2,2,2,70,10,3,0,0,0,4,0,11,1,-1,2015,132AU0886,430465.0,435281.0,-1.538803,53.812928,13,3,2,2,30/10/2015,6,14:00,204,E08000035,E08000035,6,0,6,30.0,0,-1,-1,-1,0,0,1,1,1,0,0,1,2,2,E01011357
8147,2015132AU1192,2015,132AU1192,1,1,1,2,28,6,3,0,0,0,0,0,3,1,-1,2015,132AU1192,430518.0,431158.0,-1.538405,53.775869,13,3,1,1,30/10/2015,6,17:35,204,E08000035,E08000035,6,0,3,30.0,1,4,6,0,0,0,4,1,1,0,0,1,1,2,E01011468
8148,2015132AU1781,2015,132AU1781,1,1,1,1,24,5,3,0,0,0,0,0,9,3,-1,2015,132AU1781,432001.0,442111.0,-1.514767,53.874221,13,3,1,1,30/10/2015,6,22:00,204,E08000035,E08000035,3,61,6,60.0,0,-1,-1,-1,0,0,6,1,2,0,0,2,1,2,E01011561
8149,2015132AV0692,2015,132AV0692,2,1,1,2,25,5,3,0,0,0,0,0,9,1,-1,2015,132AV0692,422163.0,434010.0,-1.664976,53.801923,13,3,2,1,31/10/2015,7,11:10,204,E08000035,E08000035,4,6155,6,30.0,6,2,3,647,0,0,1,1,1,0,0,1,2,2,E01011587
8150,2015132AV0995,2015,132AV0995,1,1,3,1,30,6,3,9,5,0,0,0,0,1,-1,2015,132AV0995,430435.0,433584.0,-1.539426,53.797677,13,3,2,1,31/10/2015,7,14:27,204,E08000035,E08000035,6,0,6,30.0,3,4,6,0,0,0,1,1,1,0,0,1,1,2,E01033010
8151,2015132AV1192,2015,132AV1192,1,1,3,2,23,5,3,5,1,0,0,0,0,1,-1,2015,132AV1192,429588.0,434723.0,-1.552175,53.807963,13,3,1,1,31/10/2015,7,15:30,204,E08000035,E08000035,3,660,6,30.0,0,-1,-1,-1,0,0,1,1,1,0,0,1,1,2,E01033006
8152,2015132AV1359,2015,132AV1359,1,1,3,2,33,6,3,5,2,0,0,0,0,-1,-1,2015,132AV1359,431287.0,434867.0,-1.526362,53.809158,13,3,1,1,31/10/2015,7,17:38,204,E08000035,E08000035,6,0,6,30.0,0,-1,-1,-1,0,0,4,1,1,0,0,1,1,2,E01011673
8153,2015132AV1365,2015,132AV1365,1,1,2,1,50,8,3,0,0,2,0,0,9,1,-1,2015,132AV1365,421519.0,433981.0,-1.674755,53.801689,13,3,2,1,31/10/2015,7,17:40,204,E08000035,E08000035,3,647,7,70.0,0,-1,-1,-1,0,0,4,1,2,0,0,1,1,2,E01011585
8154,2015132AV1600,2015,132AV1600,1,1,2,1,8,2,3,0,0,1,0,0,9,1,-1,2015,132AV1600,427808.0,431256.0,-1.579516,53.776901,13,3,5,1,31/10/2015,7,19:35,204,E08000035,E08000035,1,621,7,50.0,5,4,6,0,0,0,4,1,1,0,0,1,1,1,E01011369
8155,2015132B10037,2015,132B10037,2,1,1,1,23,5,2,0,0,0,0,0,1,1,-1,2015,132B10037,429921.0,434318.0,-1.547158,53.804304,13,2,2,1,31/10/2015,7,16:30,204,E08000035,E08000035,3,660,3,30.0,3,2,6,0,0,0,1,1,1,0,0,1,2,2,E01033010
8156,2015132B10054,2015,132B10054,1,1,3,1,28,6,3,1,1,0,0,0,0,1,-1,2015,132B10054,429764.0,433596.0,-1.549611,53.797824,13,3,1,1,02/11/2015,2,00:20,204,E08000035,E08000035,6,0,6,30.0,6,2,6,0,0,5,4,1,2,0,0,1,1,2,E01033008
8157,2015132B10318,2015,132B10318,1,1,3,1,22,5,1,10,9,0,0,0,0,-1,-1,2015,132B10318,443306.0,435473.0,-1.343769,53.813745,13,1,1,1,01/11/2015,1,02:56,204,E08000035,E08000035,4,1217,6,60.0,6,4,6,0,0,0,4,7,2,0,0,2,1,2,E01011297
8158,2015132B10700,2015,132B10700,1,1,2,1,27,6,3,0,0,1,0,0,9,1,-1,2015,132B10700,420327.0,445621.0,-1.692087,53.906354,13,3,2,1,01/11/2015,1,10:06,204,E08000035,E08000035,6,0,6,20.0,6,4,6,0,0,0,1,1,1,0,0,1,1,2,E01011569
8159,2015132B11038,2015,132B11038,1,1,1,1,45,7,3,0,0,0,0,0,9,1,-1,2015,132B11038,428430.0,428733.0,-1.570309,53.754191,13,3,2,2,31/10/2015,7,14:49,204,E08000035,E08000035,3,653,1,40.0,1,4,3,653,0,0,1,1,1,0,0,2,1,2,E01011493
8160,2015132B11038,2015,132B11038,2,2,1,1,36,7,3,0,0,0,0,0,9,1,-1,2015,132B11038,428430.0,428733.0,-1.570309,53.754191,13,3,2,2,31/10/2015,7,14:49,204,E08000035,E08000035,3,653,1,40.0,1,4,3,653,0,0,1,1,1,0,0,2,1,2,E01011493
8161,2015132B11467,2015,132B11467,1,1,3,1,13,3,3,10,9,0,0,0,0,-1,-1,2015,132B11467,422424.0,434796.0,-1.660956,53.808976,13,3,1,1,01/11/2015,1,18:10,204,E08000035,E08000035,6,0,6,30.0,0,-1,-1,-1,0,0,1,1,1,0,0,1,2,2,E01011335
8162,2015132B20217,2015,132B20217,1,1,1,2,38,7,3,0,0,0,0,0,9,1,-1,2015,132B20217,435433.0,425914.0,-1.464428,53.728427,13,3,4,3,02/11/2015,2,07:49,204,E08000035,E08000035,1,62,3,70.0,0,-1,-1,-1,0,0,1,1,1,0,0,2,1,1,E01011636
8163,2015132B20217,2015,132B20217,2,2,1,1,47,8,3,0,0,0,0,0,21,1,-1,2015,132B20217,435433.0,425914.0,-1.464428,53.728427,13,3,4,3,02/11/2015,2,07:49,204,E08000035,E08000035,1,62,3,70.0,0,-1,-1,-1,0,0,1,1,1,0,0,2,1,1,E01011636
8164,2015132B20217,2015,132B20217,3,3,1,1,45,7,3,0,0,0,0,0,9,1,-1,2015,132B20217,435433.0,425914.0,-1.464428,53.728427,13,3,4,3,02/11/2015,2,07:49,204,E08000035,E08000035,1,62,3,70.0,0,-1,-1,-1,0,0,1,1,1,0,0,2,1,1,E01011636
8165,2015132B21170,2015,132B21170,1,1,1,1,53,8,3,0,0,0,0,0,9,3,-1,2015,132B21170,443625.0,436569.0,-1.338769,53.823569,13,3,3,2,02/11/2015,2,17:14,204,E08000035,E08000035,2,1,3,70.0,0,-1,-1,-1,0,0,4,7,2,0,0,2,1,1,E01011297
8166,2015132B21170,2015,132B21170,2,2,1,1,43,7,3,0,0,0,0,0,9,2,-1,2015,132B21170,443625.0,436569.0,-1.338769,53.823569,13,3,3,2,02/11/2015,2,17:14,204,E08000035,E08000035,2,1,3,70.0,0,-1,-1,-1,0,0,4,7,2,0,0,2,1,1,E01011297
8167,2015132B21198,2015,132B21198,3,1,1,2,19,4,3,0,0,0,0,0,9,1,-1,2015,132B21198,443569.0,438008.0,-1.339417,53.836506,13,3,3,1,02/11/2015,2,17:30,204,E08000035,E08000035,2,1,3,70.0,0,-1,-1,-1,0,0,4,7,2,0,0,2,1,1,E01011309
8168,2015132B21295,2015,132B21295,1,1,3,1,14,3,3,6,9,0,0,0,0,1,-1,2015,132B21295,422111.0,433552.0,-1.665798,53.797808,13,3,1,2,02/11/2015,2,16:30,204,E08000035,E08000035,6,0,6,30.0,3,4,6,0,0,0,4,7,1,0,0,1,2,2,E01011587
8169,2015132B21295,2015,132B21295,1,2,3,1,15,3,3,6,9,0,0,0,0,1,-1,2015,132B21295,422111.0,433552.0,-1.665798,53.797808,13,3,1,2,02/11/2015,2,16:30,204,E08000035,E08000035,6,0,6,30.0,3,4,6,0,0,0,4,7,1,0,0,1,2,2,E01011587
8170,2015132B30024,2015,132B30024,1,1,1,1,38,7,3,0,0,0,0,0,9,1,-1,2015,132B30024,432164.0,427226.0,-1.513838,53.74043,13,3,2,1,03/11/2015,3,00:33,204,E08000035,E08000035,1,1,3,70.0,0,-1,-1,-1,0,0,4,7,2,0,0,2,1,1,E01032495
8171,2015132B30168,2015,132B30168,1,1,1,1,20,4,3,0,0,0,0,0,9,1,-1,2015,132B30168,421497.0,428511.0,-1.675469,53.752526,13,3,2,1,03/11/2015,3,06:35,204,E08000035,E08000035,3,58,1,40.0,1,4,3,650,0,0,1,1,2,0,0,1,1,2,E01011527
8172,2015132B30205,2015,132B30205,2,1,1,1,23,5,3,0,0,0,0,0,9,1,-1,2015,132B30205,425223.0,437872.0,-1.618201,53.836494,13,3,2,1,03/11/2015,3,07:41,204,E08000035,E08000035,3,6120,6,30.0,3,4,6,0,0,0,1,1,2,0,0,1,1,2,E01011464
8173,2015132B30390,2015,132B30390,1,1,1,1,36,7,3,0,0,0,0,0,1,1,-1,2015,132B30390,419957.0,434112.0,-1.698463,53.802928,13,3,2,1,03/11/2015,3,09:50,204,E08000035,E08000035,3,647,3,40.0,3,4,6,0,0,0,1,7,2,0,0,1,2,2,E01011597
8174,2015132B31033,2015,132B31033,1,1,1,2,83,11,3,0,0,0,0,0,9,-1,-1,2015,132B31033,425411.0,440435.0,-1.615133,53.859521,13,3,2,1,03/11/2015,3,15:55,204,E08000035,E08000035,6,0,6,30.0,3,4,6,0,0,0,1,1,2,0,0,1,1,2,E01011377
8175,2015132B31062,2015,132B31062,1,1,1,1,33,6,3,0,0,0,0,0,9,1,-1,2015,132B31062,430650.0,434694.0,-1.536052,53.807641,13,3,1,1,03/11/2015,3,16:00,204,E08000035,E08000035,3,58,3,30.0,3,2,3,61,0,5,1,1,2,0,0,1,2,2,E01011671
8176,2015132B31235,2015,132B31235,2,1,1,1,55,8,3,0,0,0,0,0,9,1,-1,2015,132B31235,434507.0,434433.0,-1.477514,53.805055,13,3,2,1,03/11/2015,3,05:30,204,E08000035,E08000035,3,64,3,40.0,0,-1,-1,-1,0,0,4,1,1,0,0,1,2,2,E01011341
8177,2015132B31360,2015,132B31360,2,1,1,1,30,6,3,0,0,0,0,0,1,1,-1,2015,132B31360,422323.0,436361.0,-1.662377,53.823046,13,3,2,1,03/11/2015,3,18:30,204,E08000035,E08000035,3,657,6,30.0,6,4,6,0,0,0,4,1,1,0,0,1,1,2,E01011591
8178,2015132B40247,2015,132B40247,2,1,2,1,18,4,3,0,0,2,0,0,8,1,-1,2015,132B40247,430926.0,434129.0,-1.531917,53.802547,13,3,2,1,04/11/2015,4,08:20,204,E08000035,E08000035,6,0,6,30.0,0,-1,-1,-1,0,0,1,1,1,0,0,1,2,2,E01033031
8179,2015132B40948,2015,132B40948,1,1,1,1,57,9,3,0,0,0,0,0,11,-1,-1,2015,132B40948,430002.0,438589.0,-1.545513,53.842686,13,3,2,2,04/11/2015,4,15:42,204,E08000035,E08000035,6,0,6,30.0,3,4,6,0,0,0,1,1,1,0,0,1,1,2,E01011514
8180,2015132B40948,2015,132B40948,2,2,1,2,45,7,3,0,0,0,0,0,9,-1,-1,2015,132B40948,430002.0,438589.0,-1.545513,53.842686,13,3,2,2,04/11/2015,4,15:42,204,E08000035,E08000035,6,0,6,30.0,3,4,6,0,0,0,1,1,1,0,0,1,1,2,E01011514
8181,2015132B41115,2015,132B41115,2,1,1,1,24,5,3,0,0,0,0,0,9,1,-1,2015,132B41115,430899.0,436562.0,-1.532084,53.824415,13,3,2,1,04/11/2015,4,17:10,204,E08000035,E08000035,4,6159,6,30.0,3,2,4,6159,0,5,4,1,1,0,0,1,1,2,E01011356
8182,2015132B41157,2015,132B41157,2,1,1,1,40,7,3,0,0,0,0,0,1,-1,-1,2015,132B41157,427974.0,431950.0,-1.576934,53.783129,13,3,2,1,04/11/2015,4,17:35,204,E08000035,E08000035,3,62,6,40.0,3,4,6,0,0,0,4,1,1,0,0,1,1,2,E01011362
8183,2015132B41445,2015,132B41445,2,1,2,1,16,4,3,0,0,2,0,0,9,-1,-1,2015,132B41445,436564.0,435579.0,-1.446145,53.815214,13,3,2,1,04/11/2015,4,19:05,204,E08000035,E08000035,6,0,6,30.0,6,2,6,0,0,5,4,1,1,0,0,1,1,2,E01011406
8184,2015132B50207,2015,132B50207,1,1,2,2,62,9,3,0,0,0,3,0,11,1,-1,2015,132B50207,427125.0,435708.0,-1.589489,53.81695,13,3,1,1,04/11/2015,4,17:10,204,E08000035,E08000035,6,0,6,30.0,6,2,6,0,0,5,4,1,1,0,0,1,2,2,E01032945
8185,2015132B50287,2015,132B50287,1,1,1,1,31,6,3,0,0,0,0,0,9,1,-1,2015,132B50287,424993.0,432898.0,-1.622098,53.791801,13,3,2,1,05/11/2015,5,07:00,204,E08000035,E08000035,6,0,6,30.0,6,2,6,0,0,0,1,1,2,0,0,1,2,2,E01011727
8186,2015132B50528,2015,132B50528,1,1,3,1,71,10,2,1,1,0,0,0,0,1,-1,2015,132B50528,433179.0,434037.0,-1.49772,53.801582,13,2,1,1,05/11/2015,5,11:12,204,E08000035,E08000035,3,64,3,40.0,0,-1,-1,-1,0,5,1,1,1,0,0,1,1,2,E01011340
8187,2015132B50991,2015,132B50991,1,1,1,1,75,10,1,0,0,0,0,0,9,2,-1,2015,132B50991,437339.0,437841.0,-1.434101,53.835489,13,1,2,2,05/11/2015,5,15:14,204,E08000035,E08000035,3,64,6,40.0,0,-1,-1,-1,0,0,1,2,2,0,0,2,1,2,E01011715
8188,2015132B50991,2015,132B50991,1,2,2,2,72,10,2,0,0,1,0,0,9,2,-1,2015,132B50991,437339.0,437841.0,-1.434101,53.835489,13,1,2,2,05/11/2015,5,15:14,204,E08000035,E08000035,3,64,6,40.0,0,-1,-1,-1,0,0,1,2,2,0,0,2,1,2,E01011715