,accident_index,accident_year_x,accident_reference_x,vehicle_reference,casualty_reference,casualty_class,sex_of_casualty,age_of_casualty,age_band_of_casualty,casualty_severity,pedestrian_location,pedestrian_movement,car_passenger,bus_or_coach_passenger,pedestrian_road_maintenance_worker,casualty_type,casualty_home_area_type,casualty_imd_decile,accident_year_y,accident_reference_y,location_easting_osgr,location_northing_osgr,longitude,latitude,police_force,accident_severity,number_of_vehicles,number_of_casualties,date,day_of_week,time,local_authority_district,local_authority_ons_district,local_authority_highway,first_road_class,first_road_number,road_type,speed_limit,junction_detail,junction_control,second_road_class,second_road_number,pedestrian_crossing_human_control,pedestrian_crossing_physical_facilities,light_conditions,weather_conditions,road_surface_conditions,special_conditions_at_site,carriageway_hazards,urban_or_rural_area,did_police_officer_attend_scene_of_accident,trunk_road_flag,lsoa_of_accident_location
8276,2015132BF0288,2015,132BF0288,1,2,2,1,21,5,2,0,0,1,0,0,9,-1,-1,2015,132BF0288,428498.0,434548.0,-1.568743,53.806451,13,2,1,2,15/11/2015,1,04:55,204,E08000035,E08000035,6,0,6,30.0,3,4,6,0,0,0,4,5,2,0,0,1,1,2,E01011483
8277,2015132BF0776,2015,132BF0776,1,1,1,1,30,6,3,0,0,0,0,0,9,1,-1,2015,132BF0776,433580.0,435853.0,-1.491435,53.817878,13,3,2,7,15/11/2015,1,12:30,204,E08000035,E08000035,6,0,6,30.0,3,4,6,0,0,0,1,2,2,0,0,1,1,2,E01011421
8278,2015132BF0776,2015,132BF0776,1,2,2,2,34,6,3,0,0,1,0,0,9,1,-1,2015,132BF0776,433580.0,435853.0,-1.491435,53.817878,13,3,2,7,15/11/2015,1,12:30,204,E08000035,E08000035,6,0,6,30.0,3,4,6,0,0,0,1,2,2,0,0,1,1,2,E01011421
8279,2015132BF0776,2015,132BF0776,1,3,2,1,9,2,3,0,0,2,0,0,9,1,-1,2015,132BF0776,433580.0,435853.0,-1.491435,53.817878,13,3,2,7,15/11/2015,1,12:30,204,E08000035,E08000035,6,0,6,30.0,3,4,6,0,0,0,1,2,2,0,0,1,1,2,E01011421
8280,2015132BF0776,2015,132BF0776,1,4,2,2,4,1,3,0,0,2,0,0,9,1,-1,2015,132BF0776,433580.0,435853.0,-1.491435,53.817878,13,3,2,7,15/11/2015,1,12:30,204,E08000035,E08000035,6,0,6,30.0,3,4,6,0,0,0,1,2,2,0,0,1,1,2,E01011421
8281,2015132BF0776,2015,132BF0776,2,5,1,1,53,8,3,0,0,0,0,0,9,1,-1,2015,132BF0776,433580.0,435853.0,-1.491435,53.817878,13,3,2,7,15/11/2015,1,12:30,204,E08000035,E08000035,6,0,6,30.0,3,4,6,0,0,0,1,2,2,0,0,1,1,2,E01011421
8282,2015132BF0776,2015,132BF0776,2,6,2,2,53,8,3,0,0,1,0,0,9,1,-1,2015,132BF0776,433580.0,435853.0,-1.491435,53.817878,13,3,2,7,15/11/2015,1,12:30,204,E08000035,E08000035,6,0,6,30.0,3,4,6,0,0,0,1,2,2,0,0,1,1,2,E01011421
8283,2015132BF0776,2015,132BF0776,2,7,2,2,23,5,3,0,0,2,0,0,9,1,-1,2015,132BF0776,433580.0,435853.0,-1.491435,53.817878,13,3,2,7,15/11/2015,1,12:30,204,E08000035,E08000035,6,0,6,30.0,3,4,6,0,0,0,1,2,2,0,0,1,1,2,E01011421
8284,2015132BF1123,2015,132BF1123,1,1,3,2,8,2,3,5,3,0,0,0,0,-1,-1,2015,132BF1123,433722.0,428556.0,-1.490073,53.752286,13,3,1,1,15/11/2015,1,15:45,204,E08000035,E08000035,6,0,6,30.0,3,4,6,0,0,0,1,5,2,0,0,1,1,2,E01011632
8285,2015132BG0075,2015,132BG0075,1,1,2,2,17,4,2,0,0,2,0,0,9,-1,-1,2015,132BG0075,429918.0,430403.0,-1.547582,53.769118,13,2,1,1,16/11/2015,2,01:42,204,E08000035,E08000035,6,0,6,30.0,0,-1,-1,-1,0,0,4,1,2,0,0,1,1,2,E01011322
8286,2015132BG1050,2015,132BG1050,1,1,3,1,5,1,3,1,1,0,0,0,0,1,-1,2015,132BG1050,427501.0,425512.0,-1.584684,53.725291,13,3,1,2,16/11/2015,2,15:20,204,E08000035,E08000035,3,653,3,40.0,6,2,3,6029,0,5,1,1,1,0,0,1,2,2,E01011548
8287,2015132BG1050,2015,132BG1050,1,2,3,2,33,6,3,1,1,0,0,0,0,1,-1,2015,132BG1050,427501.0,425512.0,-1.584684,53.725291,13,3,1,2,16/11/2015,2,15:20,204,E08000035,E08000035,3,653,3,40.0,6,2,3,6029,0,5,1,1,1,0,0,1,2,2,E01011548
8288,2015132BG1141,2015,132BG1141,1,1,1,2,39,7,3,0,0,0,0,0,9,-1,-1,2015,132BG1141,431012.0,432318.0,-1.530793,53.786265,13,3,1,1,16/11/2015,2,16:36,204,E08000035,E08000035,3,653,3,30.0,0,-1,-1,-1,0,0,1,1,2,0,0,1,1,2,E01033018
8289,2015132BG1160,2015,132BG1160,1,1,1,1,22,5,3,0,0,0,0,0,9,-1,-1,2015,132BG1160,430518.0,431245.0,-1.538396,53.77665,13,3,2,2,16/11/2015,2,16:45,204,E08000035,E08000035,1,621,3,50.0,0,-1,-1,-1,0,0,1,1,1,0,0,1,1,1,E01011374
8290,2015132BG1160,2015,132BG1160,2,2,1,1,19,4,3,0,0,0,0,0,19,1,-1,2015,132BG1160,430518.0,431245.0,-1.538396,53.77665,13,3,2,2,16/11/2015,2,16:45,204,E08000035,E08000035,1,621,3,50.0,0,-1,-1,-1,0,0,1,1,1,0,0,1,1,1,E01011374
8291,2015132BH0300,2015,132BH0300,2,1,1,1,44,7,3,0,0,0,0,0,1,1,-1,2015,132BH0300,431440.0,431608.0,-1.524369,53.779858,13,3,2,1,13/11/2015,6,17:50,204,E08000035,E08000035,3,639,6,30.0,3,4,6,0,0,0,4,5,2,0,0,1,2,2,E01011468
8292,2015132BH0484,2015,132BH0484,3,1,1,1,31,6,3,0,0,0,0,0,19,1,-1,2015,132BH0484,427062.0,431803.0,-1.590788,53.781856,13,3,3,1,17/11/2015,3,10:44,204,E08000035,E08000035,3,58,6,30.0,3,4,6,0,0,0,1,5,2,0,0,1,1,2,E01011736
8293,2015132BH0810,2015,132BH0810,1,1,2,2,31,6,3,0,0,0,4,0,11,1,-1,2015,132BH0810,428045.0,432829.0,-1.575777,53.791026,13,3,1,1,04/11/2015,4,17:45,204,E08000035,E08000035,4,6154,6,30.0,3,4,6,0,0,0,4,1,1,0,0,1,2,2,E01011362
8294,2015132BH1229,2015,132BH1229,1,1,3,2,3,1,3,1,1,0,0,0,0,1,-1,2015,132BH1229,430086.0,431334.0,-1.544943,53.777475,13,3,1,2,17/11/2015,3,17:54,204,E08000035,E08000035,3,653,6,30.0,0,-1,-1,-1,0,4,4,5,2,0,0,1,1,2,E01011371
8295,2015132BH1229,2015,132BH1229,1,2,3,2,4,1,3,1,1,0,0,0,0,1,-1,2015,132BH1229,430086.0,431334.0,-1.544943,53.777475,13,3,1,2,17/11/2015,3,17:54,204,E08000035,E08000035,3,653,6,30.0,0,-1,-1,-1,0,4,4,5,2,0,0,1,1,2,E01011371
8296,2015132BH1389,2015,132BH1389,1,1,1,2,27,6,3,0,0,0,0,0,9,1,-1,2015,132BH1389,427007.0,440385.0,-1.590872,53.858991,13,3,2,2,17/11/2015,3,19:10,204,E08000035,E08000035,3,660,6,30.0,8,4,6,0,0,0,4,1,1,0,0,1,1,2,E01011381
8297,2015132BH1389,2015,132BH1389,2,2,1,2,30,6,3,0,0,0,0,0,9,3,-1,2015,132BH1389,427007.0,440385.0,-1.590872,53.858991,13,3,2,2,17/11/2015,3,19:10,204,E08000035,E08000035,3,660,6,30.0,8,4,6,0,0,0,4,1,1,0,0,1,1,2,E01011381
8298,2015132BH1707,2015,132BH1707,1,1,1,1,32,6,3,0,0,0,0,0,9,1,-1,2015,132BH1707,431812.0,430459.0,-1.518843,53.769509,13,3,1,1,17/11/2015,3,22:30,204,E08000035,E08000035,1,621,9,50.0,0,-1,-1,-1,0,0,4,5,2,0,0,1,1,1,E01011469
8299,2015132BI0170,2015,132BI0170,1,1,1,1,23,5,3,0,0,0,0,0,9,1,-1,2015,132BI0170,434993.0,425884.0,-1.4711,53.728187,13,3,1,1,18/11/2015,4,06:40,204,E08000035,E08000035,1,62,9,70.0,0,-1,-1,-1,0,0,1,1,1,0,0,2,1,1,E01011636
8300,2015132BI0187,2015,132BI0187,1,1,1,1,23,5,3,0,0,0,0,0,9,-1,-1,2015,132BI0187,441820.0,427813.0,-1.367372,53.745023,13,3,2,5,18/11/2015,4,07:15,204,E08000035,E08000035,6,0,6,30.0,0,-1,-1,-1,0,0,1,1,1,0,0,1,1,2,E01011307
8301,2015132BI0187,2015,132BI0187,2,2,1,1,45,7,3,0,0,0,0,0,11,-1,-1,2015,132BI0187,441820.0,427813.0,-1.367372,53.745023,13,3,2,5,18/11/2015,4,07:15,204,E08000035,E08000035,6,0,6,30.0,0,-1,-1,-1,0,0,1,1,1,0,0,1,1,2,E01011307
8302,2015132BI0187,2015,132BI0187,2,3,2,1,53,8,3,0,0,0,4,0,11,-1,-1,2015,132BI0187,441820.0,427813.0,-1.367372,53.745023,13,3,2,5,18/11/2015,4,07:15,204,E08000035,E08000035,6,0,6,30.0,0,-1,-1,-1,0,0,1,1,1,0,0,1,1,2,E01011307
8303,2015132BI0187,2015,132BI0187,2,4,2,2,36,7,3,0,0,0,4,0,11,-1,-1,2015,132BI0187,441820.0,427813.0,-1.367372,53.745023,13,3,2,5,18/11/2015,4,07:15,204,E08000035,E08000035,6,0,6,30.0,0,-1,-1,-1,0,0,1,1,1,0,0,1,1,2,E01011307
8304,2015132BI0187,2015,132BI0187,2,5,2,2,43,7,3,0,0,0,4,0,11,-1,-1,2015,132BI0187,441820.0,427813.0,-1.367372,53.745023,13,3,2,5,18/11/2015,4,07:15,204,E08000035,E08000035,6,0,6,30.0,0,-1,-1,-1,0,0,1,1,1,0,0,1,1,2,E01011307
8305,2015132BI0260,2015,132BI0260,2,1,1,1,47,8,2,0,0,0,0,0,1,1,-1,2015,132BI0260,430892.0,438631.0,-1.531983,53.843011,13,2,2,1,18/11/2015,4,08:34,204,E08000035,E08000035,6,0,6,30.0,3,4,6,0,0,0,1,5,2,0,0,1,2,2,E01011512
8306,2015132BI0836,2015,132BI0836,1,1,1,2,55,8,3,0,0,0,0,0,9,1,-1,2015,132BI0836,429000.0,436847.0,-1.560905,53.827086,13,3,2,2,18/11/2015,4,14:33,204,E08000035,E08000035,6,0,6,30.0,6,2,6,0,0,0,1,1,1,0,0,1,1,2,E01011691
8307,2015132BI0836,2015,132BI0836,2,2,1,1,26,6,3,0,0,0,0,0,9,1,-1,2015,132BI0836,429000.0,436847.0,-1.560905,53.827086,13,3,2,2,18/11/2015,4,14:33,204,E08000035,E08000035,6,0,6,30.0,6,2,6,0,0,0,1,1,1,0,0,1,1,2,E01011691
8308,2015132BI0875,2015,132BI0875,1,1,3,2,83,11,2,5,3,0,0,0,0,3,-1,2015,132BI0875,440643.0,448250.0,-1.382522,53.928791,13,2,1,1,18/11/2015,4,14:59,204,E08000035,E08000035,6,0,6,20.0,0,-1,-1,-1,0,0,1,5,2,0,0,1,1,2,E01011705
8309,2015132BI1085,2015,132BI1085,2,1,1,1,17,4,2,0,0,0,0,0,1,1,-1,2015,132BI1085,429238.0,425698.0,-1.558342,53.726869,13,2,2,1,19/11/2015,5,16:15,204,E08000035,E08000035,6,0,6,30.0,3,4,6,0,0,0,1,1,2,0,0,1,2,2,E01011552
8310,2015132BI1134,2015,132BI1134,1,1,3,2,46,8,3,1,3,0,0,0,0,1,-1,2015,132BI1134,431660.0,437523.0,-1.520425,53.833007,13,3,1,1,18/11/2015,4,17:17,204,E08000035,E08000035,6,0,6,30.0,0,-1,-1,-1,0,4,4,5,2,0,0,1,1,2,E01011504
8311,2015132BI1443,2015,132BI1443,1,1,1,2,24,5,3,0,0,0,0,0,9,-1,-1,2015,132BI1443,427418.0,435988.0,-1.585014,53.819451,13,3,2,1,18/11/2015,4,19:45,204,E08000035,E08000035,6,0,6,40.0,3,4,6,0,0,0,4,2,2,0,0,1,1,2,E01032945
8312,2015132BI1494,2015,132BI1494,1,1,1,2,38,7,3,0,0,0,0,0,9,2,-1,2015,132BI1494,435433.0,425914.0,-1.464428,53.728427,13,3,2,1,18/11/2015,4,19:25,204,E08000035,E08000035,1,62,3,50.0,0,-1,-1,-1,0,0,7,5,2,0,0,2,2,1,E01011636
8313,2015132BI1508,2015,132BI1508,1,1,3,2,30,6,3,9,5,0,0,0,0,1,-1,2015,132BI1508,440631.0,448059.0,-1.38273,53.927075,13,3,1,1,19/11/2015,5,19:20,204,E08000035,E08000035,6,0,6,30.0,0,-1,-1,-1,0,0,4,5,2,0,0,1,1,2,E01011704
8314,2015132BI1536,2015,132BI1536,1,1,3,1,14,3,3,5,1,0,0,0,0,1,-1,2015,132BI1536,431375.0,433950.0,-1.525118,53.800911,13,3,1,1,18/11/2015,4,20:40,204,E08000035,E08000035,6,0,6,30.0,0,-1,-1,-1,0,0,4,5,2,0,0,1,1,2,E01033031
8315,2015132BI1595,2015,132BI1595,2,1,1,2,33,6,3,0,0,0,0,0,9,1,-1,2015,132BI1595,427385.0,430844.0,-1.585971,53.77322,13,3,3,1,18/11/2015,4,21:24,204,E08000035,E08000035,1,621,3,70.0,0,-1,-1,-1,0,0,4,8,4,0,0,1,1,1,E01011318
8316,2015132BI1762,2015,132BI1762,2,1,2,2,80,11,3,0,0,1,0,0,9,1,-1,2015,132BI1762,427374.0,430840.0,-1.586138,53.773184,13,3,2,1,18/11/2015,4,21:25,204,E08000035,E08000035,1,621,3,70.0,0,-1,-1,-1,0,0,4,8,4,0,3,1,1,1,E01011318
8317,2015132BJ0203,2015,132BJ0203,2,1,1,1,27,6,3,0,0,0,0,0,3,1,-1,2015,132BJ0203,427896.0,436200.0,-1.577735,53.821331,13,3,2,1,19/11/2015,5,07:15,204,E08000035,E08000035,3,660,6,30.0,6,2,6,0,0,5,4,1,1,0,0,1,1,2,E01011451
8318,2015132BJ0235,2015,132BJ0235,2,1,1,1,39,7,3,0,0,0,0,0,9,1,-1,2015,132BJ0235,428905.0,429928.0,-1.562994,53.764905,13,3,2,3,19/11/2015,5,08:10,204,E08000035,E08000035,6,0,6,30.0,3,4,6,0,0,0,1,4,1,0,0,1,2,2,E01011320
8319,2015132BJ0235,2015,132BJ0235,2,2,2,2,15,3,3,0,0,2,0,0,9,1,-1,2015,132BJ0235,428905.0,429928.0,-1.562994,53.764905,13,3,2,3,19/11/2015,5,08:10,204,E08000035,E08000035,6,0,6,30.0,3,4,6,0,0,0,1,4,1,0,0,1,2,2,E01011320
8320,2015132BJ0235,2015,132BJ0235,2,3,2,2,12,3,3,0,0,2,0,0,9,1,-1,2015,132BJ0235,428905.0,429928.0,-1.562994,53.764905,13,3,2,3,19/11/2015,5,08:10,204,E08000035,E08000035,6,0,6,30.0,3,4,6,0,0,0,1,4,1,0,0,1,2,2,E01011320
8321,2015132BJ0466,2015,132BJ0466,1,1,1,2,70,10,3,0,0,0,0,0,9,-1,-1,2015,132BJ0466,426284.0,435583.0,-1.602273,53.815869,13,3,2,2,19/11/2015,5,10:56,204,E08000035,E08000035,4,6157,6,30.0,6,2,4,6157,2,5,1,5,2,0,0,1,1,2,E01011488
8322,2015132BJ0466,2015,132BJ0466,2,2,1,1,30,6,3,0,0,0,0,0,9,-1,-1,2015,132BJ0466,426284.0,435583.0,-1.602273,53.815869,13,3,2,2,19/11/2015,5,10:56,204,E08000035,E08000035,4,6157,6,30.0,6,2,4,6157,2,5,1,5,2,0,0,1,1,2,E01011488
8323,2015132BJ1200,2015,132BJ1200,1,1,3,2,9,2,3,5,4,0,0,0,0,1,-1,2015,132BJ1200,431276.0,433844.0,-1.526632,53.799965,13,3,1,1,19/11/2015,5,17:50,204,E08000035,E08000035,6,0,6,30.0,0,-1,-1,-1,0,8,4,2,2,0,0,1,1,2,E01033031
8324,2015132BJ1323,2015,132BJ1323,2,1,1,1,44,7,3,0,0,0,0,0,9,1,-1,2015,132BJ1323,436082.0,434821.0,-1.453554,53.808435,13,3,2,1,19/11/2015,5,19:15,204,E08000035,E08000035,6,0,1,40.0,1,4,6,0,0,0,4,2,2,0,0,1,1,2,E01011666
8325,2015132BJ1340,2015,132BJ1340,1,1,1,2,19,4,3,0,0,0,0,0,9,1,-1,2015,132BJ1340,430894.0,436566.0,-1.532159,53.824452,13,3,2,1,19/11/2015,5,19:20,204,E08000035,E08000035,6,0,6,30.0,7,2,4,6159,0,0,4,1,1,0,0,1,1,2,E01011356
8326,2015132BK0205,2015,132BK0205,1,1,1,2,35,6,3,0,0,0,0,0,2,1,-1,2015,132BK0205,430111.0,431741.0,-1.544524,53.781132,13,3,2,1,20/11/2015,6,06:38,204,E08000035,E08000035,3,653,6,30.0,6,2,6,0,0,4,4,1,1,0,0,1,1,2,E01011371
8327,2015132BK0414,2015,132BK0414,1,1,3,2,42,7,3,10,9,0,0,0,0,1,-1,2015,132BK0414,434547.0,434521.0,-1.476896,53.805843,13,3,1,1,25/11/2015,4,10:05,204,E08000035,E08000035,6,0,6,30.0,0,-1,-1,-1,0,0,1,1,2,0,0,1,1,2,E01011341
8328,2015132BK0930,2015,132BK0930,1,1,1,1,51,8,3,0,0,0,0,0,9,1,-1,2015,132BK0930,430611.0,434566.0,-1.536657,53.806493,13,3,3,2,20/11/2015,6,15:10,204,E08000035,E08000035,3,58,6,40.0,3,2,6,0,0,0,1,2,2,0,0,1,1,2,E01011671
8329,2015132BK0930,2015,132BK0930,3,2,1,1,46,8,3,0,0,0,0,0,9,-1,-1,2015,132BK0930,430611.0,434566.0,-1.536657,53.806493,13,3,3,2,20/11/2015,6,15:10,204,E08000035,E08000035,3,58,6,40.0,3,2,6,0,0,0,1,2,2,0,0,1,1,2,E01011671
8330,2015132BK1188,2015,132BK1188,2,1,1,1,38,7,3,0,0,0,0,0,9,1,-1,2015,132BK1188,431321.0,429000.0,-1.526439,53.756426,13,3,2,1,20/11/2015,6,17:05,204,E08000035,E08000035,6,0,3,30.0,0,-1,-1,-1,0,0,4,2,2,0,0,1,2,2,E01011475
8331,2015132BK1222,2015,132BK1222,1,1,3,1,21,5,3,1,3,0,0,0,0,1,-1,2015,132BK1222,430171.0,432846.0,-1.543506,53.79106,13,3,1,1,20/11/2015,6,17:24,204,E08000035,E08000035,3,653,3,30.0,6,2,6,0,0,5,4,2,2,0,0,1,1,2,E01033016
8332,2015132BL0890,2015,132BL0890,1,1,1,2,24,5,3,0,0,0,0,0,9,1,-1,2015,132BL0890,435309.0,431299.0,-1.465694,53.776834,13,3,1,1,21/11/2015,7,14:00,204,E08000035,E08000035,1,1,3,70.0,0,-1,-1,-1,0,0,1,4,1,0,0,2,1,1,E01011420
8333,2015132BL0963,2015,132BL0963,1,1,1,1,36,7,3,0,0,0,0,0,9,2,-1,2015,132BL0963,442878.0,430634.0,-1.35094,53.770291,13,3,2,3,21/11/2015,7,15:10,204,E08000035,E08000035,3,656,6,50.0,3,4,6,0,0,0,1,1,2,0,0,2,1,2,E01011299
8334,2015132BL0963,2015,132BL0963,2,2,1,1,71,10,3,0,0,0,0,0,9,3,-1,2015,132BL0963,442878.0,430634.0,-1.35094,53.770291,13,3,2,3,21/11/2015,7,15:10,204,E08000035,E08000035,3,656,6,50.0,3,4,6,0,0,0,1,1,2,0,0,2,1,2,E01011299
8335,2015132BL0963,2015,132BL0963,2,3,2,2,66,10,3,0,0,1,0,0,9,3,-1,2015,132BL0963,442878.0,430634.0,-1.35094,53.770291,13,3,2,3,21/11/2015,7,15:10,204,E08000035,E08000035,3,656,6,50.0,3,4,6,0,0,0,1,1,2,0,0,2,1,2,E01011299
8336,2015132BL1032,2015,132BL1032,1,1,3,1,11,3,3,5,4,0,0,0,0,1,-1,2015,132BL1032,430982.0,433819.0,-1.531098,53.799757,13,3,1,1,21/11/2015,7,15:38,204,E08000035,E08000035,6,0,6,20.0,0,-1,-1,-1,0,0,1,1,2,0,0,1,1,2,E01033031
8337,2015132BL1175,2015,132BL1175,1,1,3,2,14,3,2,5,3,0,0,0,0,-1,-1,2015,132BL1175,429938.0,427199.0,-1.547588,53.74032,13,2,1,2,21/11/2015,7,16:50,204,E08000035,E08000035,6,0,6,30.0,0,-1,-1,-1,0,0,4,1,1,0,0,1,1,2,E01011492
8338,2015132BL1175,2015,132BL1175,1,2,1,1,18,4,3,0,0,0,0,0,3,-1,-1,2015,132BL1175,429938.0,427199.0,-1.547588,53.74032,13,2,1,2,21/11/2015,7,16:50,204,E08000035,E08000035,6,0,6,30.0,0,-1,-1,-1,0,0,4,1,1,0,0,1,1,2,E01011492
8339,2015132BL1215,2015,132BL1215,1,1,2,2,11,3,3,0,0,2,0,0,9,-1,-1,2015,132BL1215,424330.0,437178.0,-1.631825,53.830299,13,3,3,1,21/11/2015,7,17:10,204,E08000035,E08000035,3,65,6,40.0,0,-1,-1,-1,0,0,4,1,1,0,0,1,1,2,E01011453
8340,2015132BL1480,2015,132BL1480,3,1,1,2,51,8,3,0,0,0,0,0,9,1,-1,2015,132BL1480,423529.0,437895.0,-1.64394,53.83678,13,3,3,1,21/11/2015,7,20:00,204,E08000035,E08000035,6,0,6,30.0,3,4,6,0,0,0,4,1,2,0,0,1,1,2,E01011465
8341,2015132BM0042,2015,132BM0042,2,1,1,1,30,6,3,0,0,0,0,0,9,-1,-1,2015,132BM0042,431962.0,435833.0,-1.516011,53.817799,13,3,2,2,22/11/2015,1,00:24,204,E08000035,E08000035,4,6159,2,30.0,6,4,3,58,0,0,4,1,2,0,0,1,1,2,E01011422
8342,2015132BM0042,2015,132BM0042,2,2,2,2,19,4,3,0,0,2,0,0,9,-1,-1,2015,132BM0042,431962.0,435833.0,-1.516011,53.817799,13,3,2,2,22/11/2015,1,00:24,204,E08000035,E08000035,4,6159,2,30.0,6,4,3,58,0,0,4,1,2,0,0,1,1,2,E01011422
8343,2015132BM0566,2015,132BM0566,1,1,1,1,18,4,3,0,0,0,0,0,9,1,-1,2015,132BM0566,432748.0,436873.0,-1.503963,53.827098,13,3,3,1,22/11/2015,1,11:00,204,E08000035,E08000035,6,0,6,30.0,0,-1,-1,-1,0,4,1,1,1,0,0,1,1,2,E01011643
8344,2015132BM0768,2015,132BM0768,1,1,1,1,28,6,3,0,0,0,0,0,9,1,-1,2015,132BM0768,433988.0,435146.0,-1.485316,53.811497,13,3,2,1,22/11/2015,1,14:00,204,E08000035,E08000035,6,0,1,30.0,2,4,6,0,0,0,1,1,1,0,0,1,2,2,E01011339
8345,2015132BN0158,2015,132BN0158,1,1,1,1,23,5,3,0,0,0,0,0,9,1,-1,2015,132BN0158,437885.0,433000.0,-1.426399,53.791941,13,3,1,1,23/11/2015,2,07:01,204,E08000035,E08000035,1,1,3,70.0,0,-1,-1,-1,0,0,4,1,1,0,0,2,1,1,E01011402
8346,2015132BN1013,2015,132BN1013,1,1,2,2,33,6,3,0,0,1,0,0,9,1,-1,2015,132BN1013,428998.0,433540.0,-1.561245,53.797364,13,3,2,2,23/11/2015,2,16:20,204,E08000035,E08000035,3,65,3,30.0,0,-1,-1,-1,0,0,1,1,2,0,0,1,1,2,E01011363
8347,2015132BN1013,2015,132BN1013,1,2,2,2,14,3,3,0,0,2,0,0,9,1,-1,2015,132BN1013,428998.0,433540.0,-1.561245,53.797364,13,3,2,2,23/11/2015,2,16:20,204,E08000035,E08000035,3,65,3,30.0,0,-1,-1,-1,0,0,1,1,2,0,0,1,1,2,E01011363
8348,2015132BN1292,2015,132BN1292,1,1,1,1,55,8,3,0,0,0,0,0,8,1,-1,2015,132BN1292,431912.0,434798.0,-1.516878,53.8085,13,3,2,1,23/11/2015,2,18:28,204,E08000035,E08000035,6,0,1,30.0,1,4,6,0,0,0,4,1,1,0,0,1,2,2,E01011677
8349,2015132BN1303,2015,132BN1303,1,1,3,2,56,9,3,5,9,0,0,0,0,1,-1,2015,132BN1303,426397.0,435875.0,-1.600532,53.818488,13,3,1,1,23/11/2015,2,19:00,204,E08000035,E08000035,6,0,6,30.0,3,4,6,0,0,0,4,2,2,0,0,1,1,2,E01011488
8350,2015132BN1348,2015,132BN1348,1,1,1,1,27,6,3,0,0,0,0,0,1,1,-1,2015,132BN1348,421613.0,434396.0,-1.673299,53.805415,13,3,2,1,23/11/2015,2,19:20,204,E08000035,E08000035,4,6157,6,30.0,3,4,6,0,0,0,4,1,2,0,0,1,1,2,E01011598
8351,2015132BO0148,2015,132BO0148,1,1,1,1,47,8,2,0,0,0,0,0,1,1,-1,2015,132BO0148,433142.0,426326.0,-1.499107,53.73228,13,2,2,1,24/11/2015,3,05:25,204,E08000035,E08000035,3,61,6,40.0,6,4,6,0,0,0,4,1,2,0,0,1,1,2,E01011500
8352,2015132BO0180,2015,132BO0180,2,1,1,1,24,5,3,0,0,0,0,0,9,1,-1,2015,132BO0180,425059.0,433375.0,-1.621057,53.796085,13,3,2,1,24/11/2015,3,06:48,204,E08000035,E08000035,6,0,1,30.0,1,4,4,6154,0,0,4,2,2,0,0,1,1,2,E01011727
8353,2015132BO0258,2015,132BO0258,1,2,1,1,54,8,3,0,0,0,0,0,19,1,-1,2015,132BO0258,434074.0,429952.0,-1.484582,53.76481,13,3,3,2,24/11/2015,3,08:39,204,E08000035,E08000035,1,1,3,70.0,0,-1,-1,-1,0,0,1,1,2,0,2,2,1,1,E01011639
8354,2015132BO0258,2015,132BO0258,3,1,1,1,53,8,3,0,0,0,0,0,19,1,-1,2015,132BO0258,434074.0,429952.0,-1.484582,53.76481,13,3,3,2,24/11/2015,3,08:39,204,E08000035,E08000035,1,1,3,70.0,0,-1,-1,-1,0,0,1,1,2,0,2,2,1,1,E01011639
8355,2015132BO0324,2015,132BO0324,2,1,1,2,24,5,3,0,0,0,0,0,9,-1,-1,2015,132BO0324,435811.0,425811.0,-1.458711,53.727476,13,3,2,1,24/11/2015,3,09:30,204,E08000035,E08000035,3,642,3,40.0,1,4,1,62,0,0,1,1,2,0,0,2,1,2,E01011636
8356,2015132BO0396,2015,132BO0396,2,1,1,2,37,7,3,0,0,0,0,0,9,1,-1,2015,132BO0396,424184.0,432478.0,-1.634411,53.788064,13,3,2,1,24/11/2015,3,10:15,204,E08000035,E08000035,6,0,6,40.0,3,4,6,0,0,0,1,1,1,0,0,1,1,2,E01011728
8357,2015132BO0556,2015,132BO0556,1,1,1,1,36,7,3,0,0,0,0,0,1,1,-1,2015,132BO0556,432296.0,430888.0,-1.511455,53.773335,13,3,2,1,24/11/2015,3,11:58,204,E08000035,E08000035,4,6481,6,30.0,0,-1,-1,-1,0,0,1,2,2,0,0,1,1,2,E01011470
8358,2015132BO0557,2015,132BO0557,2,1,1,2,37,7,3,0,0,0,0,0,11,1,-1,2015,132BO0557,430120.0,431833.0,-1.544378,53.781958,13,3,2,2,24/11/2015,3,09:50,204,E08000035,E08000035,3,653,6,30.0,0,-1,-1,-1,0,0,1,2,2,0,0,1,2,2,E01011364
8359,2015132BO0557,2015,132BO0557,2,2,2,1,20,4,3,0,0,0,4,0,11,-1,-1,2015,132BO0557,430120.0,431833.0,-1.544378,53.781958,13,3,2,2,24/11/2015,3,09:50,204,E08000035,E08000035,3,653,6,30.0,0,-1,-1,-1,0,0,1,2,2,0,0,1,2,2,E01011364
8360,2015132BO0767,2015,132BO0767,1,1,3,1,32,6,3,6,9,0,0,0,0,1,-1,2015,132BO0767,433005.0,432644.0,-1.500511,53.789073,13,3,1,1,24/11/2015,3,13:05,204,E08000035,E08000035,6,0,6,30.0,0,-1,-1,-1,0,0,1,1,2,0,0,1,2,2,E01011621
8361,2015132BO1148,2015,132BO1148,2,1,1,2,27,6,3,0,0,0,0,0,9,1,-1,2015,132BO1148,427435.0,433446.0,-1.584982,53.796603,13,3,2,1,23/11/2015,2,14:50,204,E08000035,E08000035,6,0,6,30.0,3,4,6,0,0,0,1,1,1,0,0,1,2,2,E01011293
8362,2015132BO1175,2015,132BO1175,1,1,1,2,61,9,3,0,0,0,0,0,9,1,-1,2015,132BO1175,436976.0,433594.0,-1.440126,53.797345,13,3,2,2,24/11/2015,3,17:47,204,E08000035,E08000035,3,6120,3,40.0,0,-1,-1,-1,0,0,4,1,1,0,0,1,1,2,E01011418