,accident_index,accident_year_x,accident_reference_x,vehicle_reference,casualty_reference,casualty_class,sex_of_casualty,age_of_casualty,age_band_of_casualty,casualty_severity,pedestrian_location,pedestrian_movement,car_passenger,bus_or_coach_passenger,pedestrian_road_maintenance_worker,casualty_type,casualty_home_area_type,casualty_imd_decile,accident_year_y,accident_reference_y,location_easting_osgr,location_northing_osgr,longitude,latitude,police_force,accident_severity,number_of_vehicles,number_of_casualties,date,day_of_week,time,local_authority_district,local_authority_ons_district,local_authority_highway,first_road_class,first_road_number,road_type,speed_limit,junction_detail,junction_control,second_road_class,second_road_number,pedestrian_crossing_human_control,pedestrian_crossing_physical_facilities,light_conditions,weather_conditions,road_surface_conditions,special_conditions_at_site,carriageway_hazards,urban_or_rural_area,did_police_officer_attend_scene_of_accident,trunk_road_flag,lsoa_of_accident_location
8450,2015132C31320,2015,132C31320,2,2,1,1,30,6,3,0,0,0,0,0,9,1,-1,2015,132C31320,426489.0,433249.0,-1.59936,53.794882,13,3,2,2,03/12/2015,5,18:46,204,E08000035,E08000035,6,0,6,30.0,0,-1,-1,-1,0,0,4,5,2,0,0,1,1,2,E01032607
8451,2015132C31335,2015,132C31335,1,1,1,1,48,8,3,0,0,0,0,0,9,1,-1,2015,132C31335,426888.0,426039.0,-1.593928,53.730059,13,3,4,3,03/12/2015,5,18:54,204,E08000035,E08000035,1,62,3,70.0,0,-1,-1,-1,0,0,4,2,2,0,0,1,1,1,E01011550
8452,2015132C31335,2015,132C31335,3,2,1,1,29,6,3,0,0,0,0,0,9,2,-1,2015,132C31335,426888.0,426039.0,-1.593928,53.730059,13,3,4,3,03/12/2015,5,18:54,204,E08000035,E08000035,1,62,3,70.0,0,-1,-1,-1,0,0,4,2,2,0,0,1,1,1,E01011550
8453,2015132C31335,2015,132C31335,3,3,2,2,26,6,3,0,0,1,0,0,9,2,-1,2015,132C31335,426888.0,426039.0,-1.593928,53.730059,13,3,4,3,03/12/2015,5,18:54,204,E08000035,E08000035,1,62,3,70.0,0,-1,-1,-1,0,0,4,2,2,0,0,1,1,1,E01011550
8454,2015132C31377,2015,132C31377,1,1,1,1,23,5,3,0,0,0,0,0,9,1,-1,2015,132C31377,421312.0,434068.0,-1.677892,53.802479,13,3,3,1,03/12/2015,5,19:00,204,E08000035,E08000035,3,647,3,70.0,0,-1,-1,-1,0,0,4,1,1,0,0,1,2,2,E01011585
8455,2015132C40221,2015,132C40221,1,1,2,2,75,10,3,0,0,1,0,0,9,-1,-1,2015,132C40221,430982.0,433151.0,-1.531165,53.793754,13,3,2,3,04/12/2015,6,07:30,204,E08000035,E08000035,3,61,3,30.0,3,2,3,61,0,0,1,1,1,0,0,1,1,2,E01033033
8456,2015132C40221,2015,132C40221,1,2,1,1,75,10,3,0,0,0,0,0,9,-1,-1,2015,132C40221,430982.0,433151.0,-1.531165,53.793754,13,3,2,3,04/12/2015,6,07:30,204,E08000035,E08000035,3,61,3,30.0,3,2,3,61,0,0,1,1,1,0,0,1,1,2,E01033033
8457,2015132C40221,2015,132C40221,2,3,1,1,55,8,3,0,0,0,0,0,9,-1,-1,2015,132C40221,430982.0,433151.0,-1.531165,53.793754,13,3,2,3,04/12/2015,6,07:30,204,E08000035,E08000035,3,61,3,30.0,3,2,3,61,0,0,1,1,1,0,0,1,1,2,E01033033
8458,2015132C40377,2015,132C40377,1,1,3,2,59,9,3,10,9,0,0,0,0,1,-1,2015,132C40377,434382.0,433423.0,-1.479524,53.795986,13,3,1,1,04/12/2015,6,09:40,204,E08000035,E08000035,6,0,6,30.0,0,-1,-1,-1,0,0,1,1,1,0,0,1,2,2,E01011616
8459,2015132C40837,2015,132C40837,2,1,1,2,30,6,3,0,0,0,0,0,9,-1,-1,2015,132C40837,432028.0,430984.0,-1.515511,53.774214,13,3,2,2,05/12/2015,7,14:30,204,E08000035,E08000035,3,639,6,30.0,3,2,6,0,0,0,1,1,1,0,0,1,1,2,E01011468
8460,2015132C40837,2015,132C40837,2,2,2,2,1,1,3,0,0,2,0,0,9,-1,-1,2015,132C40837,432028.0,430984.0,-1.515511,53.774214,13,3,2,2,05/12/2015,7,14:30,204,E08000035,E08000035,3,639,6,30.0,3,2,6,0,0,0,1,1,1,0,0,1,1,2,E01011468
8461,2015132C40998,2015,132C40998,1,1,3,2,14,3,3,5,3,0,0,0,0,1,-1,2015,132C40998,431953.0,435849.0,-1.516147,53.817944,13,3,1,1,04/12/2015,6,15:50,204,E08000035,E08000035,4,6159,6,30.0,0,-1,-1,-1,0,5,1,1,1,0,0,1,1,2,E01011422
8462,2015132C41132,2015,132C41132,1,1,3,1,62,9,3,9,5,0,0,0,0,1,-1,2015,132C41132,428777.0,430890.0,-1.564847,53.773559,13,3,1,1,04/12/2015,6,18:51,204,E08000035,E08000035,6,0,6,30.0,3,4,6,0,0,0,4,4,1,0,0,1,1,2,E01011370
8463,2015132C41528,2015,132C41528,1,1,1,1,23,5,3,0,0,0,0,0,1,-1,-1,2015,132C41528,429972.0,434197.0,-1.546395,53.803214,13,3,2,1,04/12/2015,6,20:57,204,E08000035,E08000035,3,660,6,30.0,3,4,6,0,0,0,4,4,1,0,0,1,1,2,E01033010
8464,2015132C41715,2015,132C41715,1,1,2,1,20,4,2,0,0,0,0,0,3,1,-1,2015,132C41715,435874.0,436060.0,-1.456569,53.819585,13,2,2,2,04/12/2015,6,22:57,204,E08000035,E08000035,6,0,6,30.0,6,4,6,0,0,0,4,4,1,0,0,1,1,2,E01011661
8465,2015132C41715,2015,132C41715,1,2,1,1,19,4,2,0,0,0,0,0,3,1,-1,2015,132C41715,435874.0,436060.0,-1.456569,53.819585,13,2,2,2,04/12/2015,6,22:57,204,E08000035,E08000035,6,0,6,30.0,6,4,6,0,0,0,4,4,1,0,0,1,1,2,E01011661
8466,2015132C50683,2015,132C50683,1,3,1,2,30,6,3,0,0,0,0,0,9,-1,-1,2015,132C50683,425228.0,437874.0,-1.618125,53.836512,13,3,2,3,05/12/2015,7,11:50,204,E08000035,E08000035,3,6120,6,40.0,9,4,6,0,0,0,1,4,2,0,0,1,1,2,E01011464
8467,2015132C50683,2015,132C50683,2,1,1,2,30,6,3,0,0,0,0,0,9,-1,-1,2015,132C50683,425228.0,437874.0,-1.618125,53.836512,13,3,2,3,05/12/2015,7,11:50,204,E08000035,E08000035,3,6120,6,40.0,9,4,6,0,0,0,1,4,2,0,0,1,1,2,E01011464
8468,2015132C50683,2015,132C50683,2,2,2,2,40,7,3,0,0,2,0,0,9,-1,-1,2015,132C50683,425228.0,437874.0,-1.618125,53.836512,13,3,2,3,05/12/2015,7,11:50,204,E08000035,E08000035,3,6120,6,40.0,9,4,6,0,0,0,1,4,2,0,0,1,1,2,E01011464
8469,2015132C50690,2015,132C50690,1,1,1,1,22,5,3,0,0,0,0,0,9,1,-1,2015,132C50690,428094.0,434857.0,-1.574849,53.80925,13,3,2,2,05/12/2015,7,12:00,204,E08000035,E08000035,6,0,6,30.0,3,4,6,0,0,0,1,1,2,0,0,1,1,2,E01011447
8470,2015132C50690,2015,132C50690,2,2,1,1,26,6,3,0,0,0,0,0,9,1,-1,2015,132C50690,428094.0,434857.0,-1.574849,53.80925,13,3,2,2,05/12/2015,7,12:00,204,E08000035,E08000035,6,0,6,30.0,3,4,6,0,0,0,1,1,2,0,0,1,1,2,E01011447
8471,2015132C51096,2015,132C51096,2,1,1,1,25,5,3,0,0,0,0,0,9,1,-1,2015,132C51096,429294.0,435223.0,-1.556592,53.812474,13,3,2,1,05/12/2015,7,15:45,204,E08000035,E08000035,6,0,6,30.0,3,4,6,0,0,0,1,1,2,0,0,1,1,2,E01033005
8472,2015132C51261,2015,132C51261,1,1,1,1,20,4,3,0,0,0,0,0,9,1,-1,2015,132C51261,425469.0,429290.0,-1.615169,53.75935,13,3,1,2,05/12/2015,7,17:47,204,E08000035,E08000035,3,58,6,40.0,0,-1,-1,-1,0,0,4,4,2,0,0,1,1,2,E01011522
8473,2015132C51261,2015,132C51261,1,2,2,1,18,4,3,0,0,1,0,0,9,1,-1,2015,132C51261,425469.0,429290.0,-1.615169,53.75935,13,3,1,2,05/12/2015,7,17:47,204,E08000035,E08000035,3,58,6,40.0,0,-1,-1,-1,0,0,4,4,2,0,0,1,1,2,E01011522
8474,2015132C51300,2015,132C51300,2,1,1,2,23,5,3,0,0,0,0,0,1,1,-1,2015,132C51300,428140.0,435853.0,-1.57406,53.818199,13,3,2,1,05/12/2015,7,18:15,204,E08000035,E08000035,3,660,6,40.0,3,4,6,0,0,0,4,4,1,0,0,1,1,2,E01032946
8475,2015132C60906,2015,132C60906,1,1,3,2,14,3,3,4,1,0,0,0,0,1,-1,2015,132C60906,430536.0,433407.0,-1.53791,53.796081,13,3,1,1,06/12/2015,1,15:10,204,E08000035,E08000035,6,0,6,30.0,0,-1,-1,-1,0,4,1,1,1,0,0,1,1,2,E01033011
8476,2015132C61101,2015,132C61101,1,1,1,2,27,6,3,0,0,0,0,0,9,1,-1,2015,132C61101,432542.0,442817.0,-1.506465,53.880533,13,3,1,1,06/12/2015,1,17:10,204,E08000035,E08000035,3,61,6,50.0,0,-1,-1,-1,0,0,6,4,1,0,0,2,1,2,E01011561
8477,2015132C61285,2015,132C61285,1,1,1,1,63,9,3,0,0,0,0,0,9,1,-1,2015,132C61285,420894.0,436914.0,-1.684047,53.828075,13,3,2,1,06/12/2015,1,19:15,204,E08000035,E08000035,3,657,6,30.0,3,4,6,0,0,0,4,1,1,0,0,1,1,2,E01011589
8478,2015132C70305,2015,132C70305,1,1,2,1,9,2,3,0,0,2,0,0,9,-1,-1,2015,132C70305,427511.0,435902.0,-1.583609,53.818673,13,3,1,1,07/12/2015,2,08:54,204,E08000035,E08000035,6,0,6,30.0,0,-1,-1,-1,0,0,1,1,2,0,0,1,1,2,E01032945
8479,2015132C71035,2015,132C71035,2,1,2,1,16,4,3,0,0,1,0,0,9,1,-1,2015,132C71035,425210.0,433524.0,-1.618753,53.797416,13,3,2,1,07/12/2015,2,16:00,204,E08000035,E08000035,6,0,6,30.0,8,4,6,0,0,0,7,1,1,0,0,1,2,2,E01011725
8480,2015132C71294,2015,132C71294,1,1,2,2,90,11,3,0,0,2,0,0,9,1,-1,2015,132C71294,442308.0,439968.0,-1.358308,53.854226,13,3,2,1,07/12/2015,2,18:14,204,E08000035,E08000035,3,64,6,50.0,8,4,6,0,0,0,6,1,2,0,0,2,1,2,E01011309
8481,2015132C71319,2015,132C71319,2,1,1,2,27,6,3,0,0,0,0,0,1,1,-1,2015,132C71319,428400.0,434390.0,-1.570245,53.805036,13,3,2,1,07/12/2015,2,18:20,204,E08000035,E08000035,6,0,6,30.0,3,4,6,0,0,0,4,1,1,0,0,1,1,2,E01011681
8482,2015132C71717,2015,132C71717,3,1,1,1,46,8,3,0,0,0,0,0,9,1,-1,2015,132C71717,428443.0,426406.0,-1.570325,53.733276,13,3,3,1,07/12/2015,2,21:40,204,E08000035,E08000035,1,62,3,70.0,5,4,1,62,0,0,4,1,2,0,0,1,1,1,E01011553
8483,2015132C71780,2015,132C71780,1,1,2,1,18,4,2,0,0,1,0,0,9,-1,-1,2015,132C71780,431082.0,434211.0,-1.52954,53.803275,13,2,2,3,07/12/2015,2,22:25,204,E08000035,E08000035,6,0,6,30.0,6,4,6,0,0,0,4,1,2,0,0,1,1,2,E01033031
8484,2015132C71780,2015,132C71780,2,2,1,1,18,4,3,0,0,0,0,0,9,1,-1,2015,132C71780,431082.0,434211.0,-1.52954,53.803275,13,2,2,3,07/12/2015,2,22:25,204,E08000035,E08000035,6,0,6,30.0,6,4,6,0,0,0,4,1,2,0,0,1,1,2,E01033031
8485,2015132C71780,2015,132C71780,2,3,2,2,18,4,3,0,0,1,0,0,9,1,-1,2015,132C71780,431082.0,434211.0,-1.52954,53.803275,13,2,2,3,07/12/2015,2,22:25,204,E08000035,E08000035,6,0,6,30.0,6,4,6,0,0,0,4,1,2,0,0,1,1,2,E01033031
8486,2015132C80140,2015,132C80140,2,1,1,1,36,7,3,0,0,0,0,0,9,1,-1,2015,132C80140,427525.0,433024.0,-1.583653,53.792806,13,3,2,1,08/12/2015,3,04:25,204,E08000035,E08000035,4,6154,6,40.0,3,4,6,0,0,0,4,2,2,0,0,1,1,2,E01011292
8487,2015132C80224,2015,132C80224,1,1,3,1,13,3,3,1,4,0,0,0,0,1,-1,2015,132C80224,419992.0,440922.0,-1.697491,53.864134,13,3,1,1,08/12/2015,3,07:40,204,E08000035,E08000035,3,65,6,30.0,0,-1,-1,-1,0,4,4,9,1,0,0,1,1,2,E01011275
8488,2015132C80693,2015,132C80693,1,1,2,2,64,9,3,0,0,0,4,0,11,1,-1,2015,132C80693,429764.0,435449.0,-1.549433,53.814478,13,3,1,1,08/12/2015,3,13:30,204,E08000035,E08000035,6,0,6,30.0,3,4,6,0,0,0,1,1,1,0,0,1,1,2,E01011670
8489,2015132C80757,2015,132C80757,1,1,1,1,28,6,3,0,0,0,0,0,1,-1,-1,2015,132C80757,436947.0,434716.0,-1.440432,53.807431,13,3,2,1,08/12/2015,3,14:07,204,E08000035,E08000035,6,0,6,30.0,8,4,6,0,0,0,1,1,2,0,0,1,1,2,E01011409
8490,2015132C80917,2015,132C80917,1,1,3,1,37,7,3,1,1,0,0,0,0,-1,-1,2015,132C80917,432679.0,435878.0,-1.505117,53.818159,13,3,1,1,08/12/2015,3,15:30,204,E08000035,E08000035,3,58,3,40.0,3,4,6,0,0,4,1,1,1,0,0,1,1,2,E01011424
8491,2015132C80921,2015,132C80921,1,1,1,2,35,6,3,0,0,0,0,0,9,2,-1,2015,132C80921,420572.0,444910.0,-1.688406,53.899954,13,3,2,1,08/12/2015,3,15:35,204,E08000035,E08000035,6,0,6,30.0,0,-1,-1,-1,0,0,1,1,2,0,0,1,1,2,E01011569
8492,2015132C81064,2015,132C81064,1,1,2,1,2,1,3,0,0,2,0,0,9,-1,-1,2015,132C81064,427664.0,431151.0,-1.58171,53.775964,13,3,2,2,08/12/2015,3,16:50,204,E08000035,E08000035,3,6110,3,40.0,1,2,3,6110,0,0,4,2,2,0,0,1,1,2,E01011369
8493,2015132C81064,2015,132C81064,1,2,1,2,36,7,3,0,0,0,0,0,9,-1,-1,2015,132C81064,427664.0,431151.0,-1.58171,53.775964,13,3,2,2,08/12/2015,3,16:50,204,E08000035,E08000035,3,6110,3,40.0,1,2,3,6110,0,0,4,2,2,0,0,1,1,2,E01011369
8494,2015132C81114,2015,132C81114,2,1,2,2,11,3,3,0,0,1,0,0,9,1,-1,2015,132C81114,435433.0,425914.0,-1.464428,53.728427,13,3,4,1,08/12/2015,3,17:19,204,E08000035,E08000035,1,62,3,70.0,0,-1,-1,-1,0,0,4,1,2,0,0,2,1,1,E01011636
8495,2015132C90884,2015,132C90884,1,1,3,1,14,3,2,5,1,0,0,0,0,-1,-1,2015,132C90884,436093.0,436589.0,-1.45318,53.824325,13,2,1,1,09/12/2015,4,15:25,204,E08000035,E08000035,6,0,6,20.0,0,-1,-1,-1,0,0,1,4,1,0,0,1,1,2,E01011720
8496,2015132C90959,2015,132C90959,2,1,1,1,23,5,3,0,0,0,0,0,10,1,-1,2015,132C90959,428907.0,433719.0,-1.56261,53.798978,13,3,2,1,09/12/2015,4,07:30,204,E08000035,E08000035,3,65,3,30.0,3,4,6,0,0,0,1,1,1,0,0,1,2,2,E01011678
8497,2015132C91008,2015,132C91008,1,1,1,1,42,7,3,0,0,0,0,0,9,-1,-1,2015,132C91008,432429.0,433586.0,-1.509154,53.797575,13,3,2,1,09/12/2015,4,16:36,204,E08000035,E08000035,6,0,6,30.0,6,4,6,0,0,0,4,1,2,0,0,1,1,2,E01011618
8498,2015132CA0204,2015,132CA0204,1,1,1,1,18,4,3,0,0,0,0,0,1,1,-1,2015,132CA0204,428746.0,432716.0,-1.565147,53.789972,13,3,2,1,10/12/2015,5,06:58,204,E08000035,E08000035,6,0,7,30.0,1,4,6,0,0,0,4,5,2,0,0,1,1,2,E01033013
8499,2015132CA0225,2015,132CA0225,2,1,1,2,22,5,2,0,0,0,0,0,1,1,-1,2015,132CA0225,425543.0,439941.0,-1.613167,53.855074,13,2,2,1,10/12/2015,5,07:14,204,E08000035,E08000035,6,0,6,30.0,3,4,6,0,0,0,7,5,2,0,0,1,1,2,E01011377
8500,2015132CA0494,2015,132CA0494,1,1,1,1,36,7,3,0,0,0,0,0,9,1,-1,2015,132CA0494,423851.0,434261.0,-1.639327,53.804104,13,2,2,2,09/12/2015,4,16:15,204,E08000035,E08000035,6,0,6,30.0,2,4,3,647,0,0,1,1,1,0,0,1,2,2,E01011608
8501,2015132CA0494,2015,132CA0494,2,2,1,2,26,6,2,0,0,0,0,0,9,1,-1,2015,132CA0494,423851.0,434261.0,-1.639327,53.804104,13,2,2,2,09/12/2015,4,16:15,204,E08000035,E08000035,6,0,6,30.0,2,4,3,647,0,0,1,1,1,0,0,1,2,2,E01011608
8502,2015132CA0671,2015,132CA0671,2,1,1,2,21,5,3,0,0,0,0,0,9,1,-1,2015,132CA0671,428598.0,432796.0,-1.567386,53.790699,13,3,2,1,10/12/2015,5,12:40,204,E08000035,E08000035,3,643,3,40.0,5,4,6,0,0,7,1,1,1,0,0,1,1,2,E01011363
8503,2015132CA0787,2015,132CA0787,2,1,1,2,27,6,3,0,0,0,0,0,9,1,-1,2015,132CA0787,430407.0,433467.0,-1.539862,53.796628,13,3,2,1,04/12/2015,6,17:40,204,E08000035,E08000035,6,0,6,30.0,0,-1,-1,-1,0,0,4,2,2,0,0,1,2,2,E01033011
8504,2015132CA0814,2015,132CA0814,1,1,2,2,88,11,3,0,0,0,3,0,11,1,-1,2015,132CA0814,430032.0,434105.0,-1.545493,53.802383,13,3,1,1,10/12/2015,5,14:16,204,E08000035,E08000035,3,660,6,30.0,0,-1,-1,-1,0,4,1,1,1,0,0,1,2,2,E01033010
8505,2015132CA0861,2015,132CA0861,1,1,1,1,35,6,3,0,0,0,0,0,9,1,-1,2015,132CA0861,436015.0,434796.0,-1.454574,53.808215,13,3,3,2,10/12/2015,5,14:35,204,E08000035,E08000035,6,0,3,40.0,3,4,6,0,0,0,1,1,2,0,0,1,1,2,E01011345
8506,2015132CA0861,2015,132CA0861,2,2,2,1,36,7,3,0,0,1,0,0,9,1,-1,2015,132CA0861,436015.0,434796.0,-1.454574,53.808215,13,3,3,2,10/12/2015,5,14:35,204,E08000035,E08000035,6,0,3,40.0,3,4,6,0,0,0,1,1,2,0,0,1,1,2,E01011345
8507,2015132CA0926,2015,132CA0926,3,1,1,2,60,9,3,0,0,0,0,0,9,3,-1,2015,132CA0926,433002.0,436054.0,-1.500192,53.819721,13,3,4,1,10/12/2015,5,15:21,204,E08000035,E08000035,3,58,3,40.0,3,4,6,0,0,0,1,1,1,0,0,1,1,2,E01011648
8508,2015132CA1397,2015,132CA1397,1,1,3,1,51,8,2,9,8,0,0,0,0,1,-1,2015,132CA1397,430041.0,434037.0,-1.545363,53.801772,13,2,1,1,10/12/2015,5,19:55,204,E08000035,E08000035,6,0,6,30.0,9,2,6,0,0,5,4,8,2,0,0,1,1,2,E01033010
8509,2015132CA1703,2015,132CA1703,2,1,1,1,69,10,3,0,0,0,0,0,9,-1,-1,2015,132CA1703,430775.0,434664.0,-1.534157,53.807364,13,3,3,4,10/12/2015,5,23:47,204,E08000035,E08000035,3,61,3,40.0,3,2,3,58,0,0,4,1,2,0,0,1,1,2,E01011671
8510,2015132CA1703,2015,132CA1703,2,2,2,1,67,10,3,0,0,1,0,0,9,-1,-1,2015,132CA1703,430775.0,434664.0,-1.534157,53.807364,13,3,3,4,10/12/2015,5,23:47,204,E08000035,E08000035,3,61,3,40.0,3,2,3,58,0,0,4,1,2,0,0,1,1,2,E01011671
8511,2015132CA1703,2015,132CA1703,2,3,2,1,29,6,3,0,0,2,0,0,9,-1,-1,2015,132CA1703,430775.0,434664.0,-1.534157,53.807364,13,3,3,4,10/12/2015,5,23:47,204,E08000035,E08000035,3,61,3,40.0,3,2,3,58,0,0,4,1,2,0,0,1,1,2,E01011671
8512,2015132CA1703,2015,132CA1703,2,4,2,1,79,11,3,0,0,2,0,0,9,-1,-1,2015,132CA1703,430775.0,434664.0,-1.534157,53.807364,13,3,3,4,10/12/2015,5,23:47,204,E08000035,E08000035,3,61,3,40.0,3,2,3,58,0,0,4,1,2,0,0,1,1,2,E01011671
8513,2015132CB0222,2015,132CB0222,1,1,1,1,19,4,3,0,0,0,0,0,9,1,-1,2015,132CB0222,429189.0,431919.0,-1.558499,53.782784,13,3,2,2,11/12/2015,6,07:42,204,E08000035,E08000035,6,0,6,30.0,3,4,6,0,0,0,1,1,1,0,0,1,1,2,E01011368
8514,2015132CB0222,2015,132CB0222,1,2,2,1,19,4,3,0,0,1,0,0,9,1,-1,2015,132CB0222,429189.0,431919.0,-1.558499,53.782784,13,3,2,2,11/12/2015,6,07:42,204,E08000035,E08000035,6,0,6,30.0,3,4,6,0,0,0,1,1,1,0,0,1,1,2,E01011368
8515,2015132CB0443,2015,132CB0443,1,1,3,1,60,9,2,1,1,0,0,0,0,1,-1,2015,132CB0443,431002.0,433143.0,-1.530862,53.793681,13,2,1,1,11/12/2015,6,10:45,204,E08000035,E08000035,3,61,3,30.0,3,2,6,0,0,4,1,1,1,0,0,1,1,2,E01033034
8516,2015132CB0493,2015,132CB0493,1,1,2,1,83,11,3,0,0,0,3,0,11,1,-1,2015,132CB0493,421485.0,434460.0,-1.675238,53.805995,13,3,1,1,11/12/2015,6,10:00,204,E08000035,E08000035,6,0,6,30.0,0,-1,-1,-1,0,0,1,1,1,0,0,1,2,2,E01011587
8517,2015132CB0688,2015,132CB0688,1,1,1,2,25,5,3,0,0,0,0,0,9,1,-1,2015,132CB0688,432542.0,443036.0,-1.506442,53.882501,13,3,2,1,11/12/2015,6,13:19,204,E08000035,E08000035,3,61,6,40.0,0,-1,-1,-1,0,0,1,1,2,0,0,2,1,2,E01011561
8518,2015132CB1167,2015,132CB1167,1,1,2,2,35,6,3,0,0,0,2,0,11,-1,-1,2015,132CB1167,426596.0,436242.0,-1.597478,53.821776,13,3,1,1,11/12/2015,6,13:50,204,E08000035,E08000035,6,0,6,30.0,0,-1,-1,-1,0,0,1,1,1,0,0,1,2,2,E01011489
8519,2015132CB1207,2015,132CB1207,1,1,3,2,19,4,3,2,1,0,0,0,0,1,-1,2015,132CB1207,425005.0,433180.0,-1.621893,53.794335,13,3,1,1,11/12/2015,6,18:36,204,E08000035,E08000035,3,6110,3,40.0,2,4,6,0,0,1,4,2,2,0,0,1,1,2,E01011727
8520,2015132CB1494,2015,132CB1494,1,1,1,2,37,7,3,0,0,0,0,0,9,1,-1,2015,132CB1494,428023.0,434262.0,-1.575981,53.803906,13,3,2,1,11/12/2015,6,21:45,204,E08000035,E08000035,6,0,2,30.0,8,4,6,0,0,0,4,1,1,0,0,1,1,2,E01011483
8521,2015132CB1705,2015,132CB1705,1,1,2,2,19,4,3,0,0,2,0,0,9,1,-1,2015,132CB1705,424744.0,434979.0,-1.625711,53.810516,13,3,1,1,10/12/2015,5,00:50,204,E08000035,E08000035,6,0,6,30.0,0,-1,-1,-1,0,0,7,1,1,0,0,1,2,2,E01011282
8522,2015132CC0066,2015,132CC0066,3,1,1,2,26,6,3,0,0,0,0,0,9,1,-1,2015,132CC0066,429432.0,433462.0,-1.554664,53.796638,13,3,3,1,12/12/2015,7,00:39,204,E08000035,E08000035,6,0,3,30.0,3,2,6,0,0,0,4,1,1,0,0,1,1,2,E01033015
8523,2015132CC0588,2015,132CC0588,2,1,2,1,16,4,3,0,0,2,0,0,8,-1,-1,2015,132CC0588,426145.0,435591.0,-1.604384,53.815948,13,3,2,2,12/12/2015,7,11:20,204,E08000035,E08000035,4,6157,6,30.0,3,2,6,0,0,0,1,2,2,0,0,1,1,2,E01011477
8524,2015132CC0588,2015,132CC0588,2,2,2,1,21,5,3,0,0,2,0,0,8,-1,-1,2015,132CC0588,426145.0,435591.0,-1.604384,53.815948,13,3,2,2,12/12/2015,7,11:20,204,E08000035,E08000035,4,6157,6,30.0,3,2,6,0,0,0,1,2,2,0,0,1,1,2,E01011477
8525,2015132CC0687,2015,132CC0687,2,1,1,1,17,4,3,0,0,0,0,0,1,-1,-1,2015,132CC0687,431803.0,433161.0,-1.518701,53.793794,13,3,2,1,12/12/2015,7,12:30,204,E08000035,E08000035,6,0,6,30.0,0,-1,-1,-1,0,0,1,1,2,0,0,1,2,2,E01033021
8526,2015132CC0878,2015,132CC0878,1,1,1,2,39,7,3,0,0,0,0,0,9,1,-1,2015,132CC0878,428749.0,426005.0,-1.565724,53.729655,13,3,2,3,12/12/2015,7,14:45,204,E08000035,E08000035,3,650,6,30.0,0,-1,-1,-1,0,0,1,5,2,0,0,1,1,2,E01011552
8527,2015132CC0878,2015,132CC0878,1,3,2,1,16,4,3,0,0,1,0,0,9,1,-1,2015,132CC0878,428749.0,426005.0,-1.565724,53.729655,13,3,2,3,12/12/2015,7,14:45,204,E08000035,E08000035,3,650,6,30.0,0,-1,-1,-1,0,0,1,5,2,0,0,1,1,2,E01011552
8528,2015132CC0878,2015,132CC0878,2,2,1,1,40,7,3,0,0,0,0,0,9,1,-1,2015,132CC0878,428749.0,426005.0,-1.565724,53.729655,13,3,2,3,12/12/2015,7,14:45,204,E08000035,E08000035,3,650,6,30.0,0,-1,-1,-1,0,0,1,5,2,0,0,1,1,2,E01011552
8529,2015132CC1312,2015,132CC1312,1,1,1,1,18,4,3,0,0,0,0,0,9,1,-1,2015,132CC1312,442158.0,443130.0,-1.360155,53.882655,13,3,1,1,12/12/2015,7,18:55,204,E08000035,E08000035,6,0,6,40.0,0,-1,-1,-1,0,0,1,5,2,0,0,2,2,2,E01011712
8530,2015132CD0019,2015,132CD0019,1,1,1,1,32,6,3,0,0,0,0,0,9,1,-1,2015,132CD0019,431307.0,428718.0,-1.52668,53.753892,13,3,2,1,13/12/2015,1,00:05,204,E08000035,E08000035,6,0,9,20.0,0,-1,-1,-1,0,0,7,1,1,0,0,1,2,2,E01011466
8531,2015132CD0162,2015,132CD0162,1,1,3,2,49,8,3,5,3,0,0,0,0,1,-1,2015,132CD0162,429788.0,433696.0,-1.549237,53.798721,13,3,1,1,13/12/2015,1,01:39,204,E08000035,E08000035,6,0,6,30.0,3,4,6,0,0,0,4,1,2,0,0,1,1,2,E01033008
8532,2015132CD1209,2015,132CD1209,1,1,1,1,58,9,3,0,0,0,0,0,9,2,-1,2015,132CD1209,438952.0,431558.0,-1.410385,53.778903,13,3,2,2,13/12/2015,1,18:47,204,E08000035,E08000035,3,642,6,60.0,3,4,6,0,0,0,6,7,2,0,0,2,1,2,E01011402
8533,2015132CD1209,2015,132CD1209,2,2,1,1,24,5,3,0,0,0,0,0,3,1,-1,2015,132CD1209,438952.0,431558.0,-1.410385,53.778903,13,3,2,2,13/12/2015,1,18:47,204,E08000035,E08000035,3,642,6,60.0,3,4,6,0,0,0,6,7,2,0,0,2,1,2,E01011402
8534,2015132CD1381,2015,132CD1381,1,1,3,1,18,4,3,5,9,0,0,0,0,-1,-1,2015,132CD1381,420239.0,445372.0,-1.693443,53.904119,13,3,1,1,13/12/2015,1,21:25,204,E08000035,E08000035,6,0,6,30.0,0,-1,-1,-1,0,0,4,1,2,0,0,1,1,2,E01011569
8535,2015132CE0274,2015,132CE0274,1,1,2,1,8,2,3,0,0,2,0,0,9,1,-1,2015,132CE0274,429087.0,431248.0,-1.56011,53.776759,13,3,2,2,14/12/2015,2,08:51,204,E08000035,E08000035,6,0,6,30.0,3,4,6,0,0,0,1,1,2,0,0,1,1,2,E01011370
8536,2015132CE0274,2015,132CE0274,2,2,1,2,36,7,3,0,0,0,0,0,9,1,-1,2015,132CE0274,429087.0,431248.0,-1.56011,53.776759,13,3,2,2,14/12/2015,2,08:51,204,E08000035,E08000035,6,0,6,30.0,3,4,6,0,0,0,1,1,2,0,0,1,1,2,E01011370