,accident_index,accident_year_x,accident_reference_x,vehicle_reference,casualty_reference,casualty_class,sex_of_casualty,age_of_casualty,age_band_of_casualty,casualty_severity,pedestrian_location,pedestrian_movement,car_passenger,bus_or_coach_passenger,pedestrian_road_maintenance_worker,casualty_type,casualty_home_area_type,casualty_imd_decile,accident_year_y,accident_reference_y,location_easting_osgr,location_northing_osgr,longitude,latitude,police_force,accident_severity,number_of_vehicles,number_of_casualties,date,day_of_week,time,local_authority_district,local_authority_ons_district,local_authority_highway,first_road_class,first_road_number,road_type,speed_limit,junction_detail,junction_control,second_road_class,second_road_number,pedestrian_crossing_human_control,pedestrian_crossing_physical_facilities,light_conditions,weather_conditions,road_surface_conditions,special_conditions_at_site,carriageway_hazards,urban_or_rural_area,did_police_officer_attend_scene_of_accident,trunk_road_flag,lsoa_of_accident_location
8537,2015132CE1022,2015,132CE1022,2,1,1,2,20,4,3,0,0,0,0,0,9,1,-1,2015,132CE1022,427757.0,430772.0,-1.580333,53.772553,13,3,3,1,14/12/2015,2,16:15,204,E08000035,E08000035,3,6110,3,40.0,0,-1,-1,-1,0,0,1,4,1,0,0,1,1,2,E01011318
8538,2015132CE1231,2015,132CE1231,1,1,1,2,37,7,3,0,0,0,0,0,9,1,-1,2015,132CE1231,429028.0,431994.0,-1.560935,53.783467,13,3,3,1,14/12/2015,2,18:05,204,E08000035,E08000035,6,0,6,30.0,6,4,6,0,0,0,4,1,2,0,0,1,1,2,E01011368
8539,2015132CE1364,2015,132CE1364,2,1,1,1,50,8,3,0,0,0,0,0,1,1,-1,2015,132CE1364,420203.0,445376.0,-1.693991,53.904157,13,3,2,1,14/12/2015,2,19:10,204,E08000035,E08000035,6,0,6,30.0,3,4,6,0,0,5,4,1,1,0,0,1,1,2,E01011569
8540,2015132CF0356,2015,132CF0356,2,1,1,1,24,5,2,0,0,0,0,0,1,1,-1,2015,132CF0356,429627.0,433789.0,-1.551672,53.799566,13,2,2,1,15/12/2015,3,09:50,204,E08000035,E08000035,6,0,3,30.0,0,-1,-1,-1,0,0,1,2,2,0,0,1,1,2,E01033008
8541,2015132CF0612,2015,132CF0612,2,1,1,1,29,6,3,0,0,0,0,0,8,1,-1,2015,132CF0612,431046.0,435189.0,-1.529989,53.812067,13,3,2,1,15/12/2015,3,12:45,204,E08000035,E08000035,6,0,6,30.0,0,-1,-1,-1,0,0,1,1,1,0,0,1,1,2,E01011361
8542,2015132CF0862,2015,132CF0862,1,1,1,1,39,7,3,0,0,0,0,0,9,1,-1,2015,132CF0862,432099.0,435537.0,-1.513961,53.815131,13,3,2,1,14/12/2015,2,20:25,204,E08000035,E08000035,4,6159,6,30.0,3,4,6,0,0,0,7,1,1,0,0,1,2,2,E01011430
8543,2015132CF0912,2015,132CF0912,2,1,1,1,25,5,3,0,0,0,0,0,9,-1,-1,2015,132CF0912,432509.0,434338.0,-1.507861,53.804329,13,3,2,3,15/12/2015,3,15:28,204,E08000035,E08000035,6,0,6,30.0,0,-1,-1,-1,0,0,1,7,2,0,0,1,1,2,E01011347
8544,2015132CF0912,2015,132CF0912,2,2,2,1,62,9,3,0,0,2,0,0,9,-1,-1,2015,132CF0912,432509.0,434338.0,-1.507861,53.804329,13,3,2,3,15/12/2015,3,15:28,204,E08000035,E08000035,6,0,6,30.0,0,-1,-1,-1,0,0,1,7,2,0,0,1,1,2,E01011347
8545,2015132CF0912,2015,132CF0912,2,3,2,2,21,5,3,0,0,1,0,0,9,-1,-1,2015,132CF0912,432509.0,434338.0,-1.507861,53.804329,13,3,2,3,15/12/2015,3,15:28,204,E08000035,E08000035,6,0,6,30.0,0,-1,-1,-1,0,0,1,7,2,0,0,1,1,2,E01011347
8546,2015132CF0993,2015,132CF0993,2,1,1,1,34,6,3,0,0,0,0,0,1,1,-1,2015,132CF0993,431078.0,431992.0,-1.529824,53.783331,13,3,2,1,15/12/2015,3,16:16,204,E08000035,E08000035,3,61,6,30.0,3,4,6,0,0,0,4,7,2,0,0,1,1,2,E01011467
8547,2015132CF1137,2015,132CF1137,1,1,1,1,59,9,3,0,0,0,0,0,9,1,-1,2015,132CF1137,438405.0,430332.0,-1.418837,53.767925,13,3,3,1,15/12/2015,3,17:36,204,E08000035,E08000035,3,642,6,30.0,0,-1,-1,-1,0,0,4,1,2,0,0,2,1,2,E01011390
8548,2015132CF1571,2015,132CF1571,2,1,3,2,47,8,3,10,9,0,0,0,0,1,-1,2015,132CF1571,426150.0,437489.0,-1.604147,53.833007,13,3,2,1,15/12/2015,3,21:57,204,E08000035,E08000035,6,0,6,30.0,0,-1,-1,-1,0,0,4,1,2,0,0,1,1,2,E01011484
8549,2015132CG0376,2015,132CG0376,1,1,1,2,26,6,3,0,0,0,0,0,9,1,-1,2015,132CG0376,428836.0,436574.0,-1.563421,53.824641,13,3,2,2,16/12/2015,4,09:45,204,E08000035,E08000035,6,0,6,30.0,6,2,4,6159,0,5,1,1,2,0,0,1,1,2,E01011691
8550,2015132CG0376,2015,132CG0376,2,2,1,1,49,8,3,0,0,0,0,0,9,1,-1,2015,132CG0376,428836.0,436574.0,-1.563421,53.824641,13,3,2,2,16/12/2015,4,09:45,204,E08000035,E08000035,6,0,6,30.0,6,2,4,6159,0,5,1,1,2,0,0,1,1,2,E01011691
8551,2015132CG0387,2015,132CG0387,1,1,1,1,62,9,3,0,0,0,0,0,9,1,-1,2015,132CG0387,427322.0,437205.0,-1.586365,53.830394,13,3,2,1,15/12/2015,3,13:00,204,E08000035,E08000035,3,660,6,30.0,3,4,6,0,0,0,1,1,2,0,0,1,2,2,E01011690
8552,2015132CG0477,2015,132CG0477,1,1,1,1,48,8,3,0,0,0,0,0,9,1,-1,2015,132CG0477,431855.0,430429.0,-1.518193,53.769237,13,3,1,1,16/12/2015,4,11:00,204,E08000035,E08000035,1,621,7,50.0,1,4,3,61,0,0,1,2,2,0,0,2,1,1,E01011469
8553,2015132CG0587,2015,132CG0587,2,1,2,1,54,8,3,0,0,1,0,0,9,-1,-1,2015,132CG0587,433008.0,433993.0,-1.500321,53.801197,13,3,2,1,16/12/2015,4,12:10,204,E08000035,E08000035,3,64,3,40.0,0,-1,-1,-1,0,0,1,1,1,4,0,1,1,2,E01011348
8554,2015132CH0471,2015,132CH0471,1,1,2,2,81,11,2,0,0,0,3,0,11,1,-1,2015,132CH0471,430820.0,438604.0,-1.53308,53.842773,13,2,1,1,16/12/2015,4,14:10,204,E08000035,E08000035,3,61,6,30.0,0,-1,-1,-1,0,0,1,1,1,0,0,1,2,2,E01011512
8555,2015132CH0481,2015,132CH0481,1,3,1,1,43,7,3,0,0,0,0,0,9,1,-1,2015,132CH0481,430953.0,435057.0,-1.531414,53.810886,13,2,2,3,17/12/2015,5,10:20,204,E08000035,E08000035,3,58,6,30.0,0,-1,-1,-1,0,0,1,1,1,0,0,1,1,2,E01011361
8556,2015132CH0481,2015,132CH0481,2,1,1,1,66,10,3,0,0,0,0,0,8,1,-1,2015,132CH0481,430953.0,435057.0,-1.531414,53.810886,13,2,2,3,17/12/2015,5,10:20,204,E08000035,E08000035,3,58,6,30.0,0,-1,-1,-1,0,0,1,1,1,0,0,1,1,2,E01011361
8557,2015132CH0481,2015,132CH0481,2,2,2,2,21,5,2,0,0,2,0,0,8,1,-1,2015,132CH0481,430953.0,435057.0,-1.531414,53.810886,13,2,2,3,17/12/2015,5,10:20,204,E08000035,E08000035,3,58,6,30.0,0,-1,-1,-1,0,0,1,1,1,0,0,1,1,2,E01011361
8558,2015132CH1122,2015,132CH1122,1,1,1,2,51,8,3,0,0,0,0,0,9,1,-1,2015,132CH1122,431952.0,428444.0,-1.516926,53.75139,13,3,2,1,17/12/2015,5,16:40,204,E08000035,E08000035,1,1,3,70.0,0,-1,-1,-1,0,0,4,1,1,0,0,2,1,1,E01011502
8559,2015132CH1219,2015,132CH1219,2,1,1,2,31,6,3,0,0,0,0,0,9,1,-1,2015,132CH1219,436721.0,429138.0,-1.444526,53.757315,13,3,2,1,17/12/2015,5,17:20,204,E08000035,E08000035,6,0,6,30.0,0,-1,-1,-1,0,0,4,1,2,0,0,1,1,2,E01011637
8560,2015132CI0293,2015,132CI0293,1,1,1,2,47,8,3,0,0,0,0,0,9,1,-1,2015,132CI0293,428939.0,429857.0,-1.562485,53.764265,13,3,2,2,18/12/2015,6,08:31,204,E08000035,E08000035,3,653,6,30.0,6,2,6,0,0,0,1,4,1,0,0,1,1,2,E01011320
8561,2015132CI0293,2015,132CI0293,2,2,1,2,30,6,3,0,0,0,0,0,9,1,-1,2015,132CI0293,428939.0,429857.0,-1.562485,53.764265,13,3,2,2,18/12/2015,6,08:31,204,E08000035,E08000035,3,653,6,30.0,6,2,6,0,0,0,1,4,1,0,0,1,1,2,E01011320
8562,2015132CI0385,2015,132CI0385,1,1,3,2,85,11,2,5,1,0,0,0,0,1,-1,2015,132CI0385,436482.0,429188.0,-1.448144,53.757781,13,2,1,1,18/12/2015,6,09:50,204,E08000035,E08000035,6,0,6,30.0,0,-1,-1,-1,0,0,1,1,1,0,0,1,1,2,E01011638
8563,2015132CI0779,2015,132CI0779,2,1,1,2,26,6,2,0,0,0,0,0,1,1,-1,2015,132CI0779,431379.0,435084.0,-1.524942,53.811103,13,2,2,1,18/12/2015,6,13:55,204,E08000035,E08000035,3,58,6,30.0,0,-1,-1,-1,0,0,1,4,1,0,0,1,1,2,E01011429
8564,2015132CI1228,2015,132CI1228,2,1,2,1,51,8,3,0,0,1,0,0,9,-1,-1,2015,132CI1228,429309.0,430711.0,-1.556792,53.77192,13,3,2,1,18/12/2015,6,17:36,204,E08000035,E08000035,6,0,6,30.0,3,4,6,0,0,0,4,1,2,0,0,1,1,2,E01011316
8565,2015132CJ1718,2015,132CJ1718,1,1,2,1,47,8,3,0,0,1,0,0,9,-1,-1,2015,132CJ1718,420838.0,434753.0,-1.685043,53.808655,13,3,2,3,19/12/2015,7,20:28,204,E08000035,E08000035,3,6120,6,60.0,0,-1,-1,-1,0,0,4,1,2,0,0,2,1,2,E01011595
8566,2015132CJ1718,2015,132CJ1718,2,2,2,1,64,9,3,0,0,1,0,0,9,-1,-1,2015,132CJ1718,420838.0,434753.0,-1.685043,53.808655,13,3,2,3,19/12/2015,7,20:28,204,E08000035,E08000035,3,6120,6,60.0,0,-1,-1,-1,0,0,4,1,2,0,0,2,1,2,E01011595
8567,2015132CJ1718,2015,132CJ1718,2,3,2,1,67,10,3,0,0,2,0,0,9,-1,-1,2015,132CJ1718,420838.0,434753.0,-1.685043,53.808655,13,3,2,3,19/12/2015,7,20:28,204,E08000035,E08000035,3,6120,6,60.0,0,-1,-1,-1,0,0,4,1,2,0,0,2,1,2,E01011595
8568,2015132CK0136,2015,132CK0136,1,1,1,1,22,5,3,0,0,0,0,0,3,1,-1,2015,132CK0136,424237.0,428246.0,-1.633937,53.750025,13,3,2,1,20/12/2015,1,01:07,204,E08000035,E08000035,3,62,6,30.0,1,2,3,650,0,5,4,8,2,0,0,1,1,1,E01011523
8569,2015132CK0498,2015,132CK0498,2,1,1,1,52,8,3,0,0,0,0,0,1,-1,-1,2015,132CK0498,429768.0,433292.0,-1.54958,53.795092,13,3,2,1,19/12/2015,7,15:10,204,E08000035,E08000035,6,0,6,30.0,0,-1,-1,-1,0,0,1,1,1,0,0,1,2,2,E01033016
8570,2015132CK0544,2015,132CK0544,1,1,3,2,44,7,3,5,1,0,0,0,0,1,-1,2015,132CK0544,430031.0,433374.0,-1.545579,53.795813,13,3,1,2,20/12/2015,1,09:22,204,E08000035,E08000035,6,0,6,30.0,3,4,6,0,0,4,1,1,1,0,0,1,1,2,E01033010
8571,2015132CK0544,2015,132CK0544,1,2,3,1,65,9,3,5,1,0,0,0,0,1,-1,2015,132CK0544,430031.0,433374.0,-1.545579,53.795813,13,3,1,2,20/12/2015,1,09:22,204,E08000035,E08000035,6,0,6,30.0,3,4,6,0,0,4,1,1,1,0,0,1,1,2,E01033010
8572,2015132CK0711,2015,132CK0711,1,1,3,1,81,11,2,5,1,0,0,0,0,1,-1,2015,132CK0711,426156.0,427655.0,-1.604887,53.744621,13,2,1,1,20/12/2015,1,11:45,204,E08000035,E08000035,6,0,6,30.0,3,4,6,0,0,0,4,1,1,0,0,1,1,2,E01011541
8573,2015132CK1147,2015,132CK1147,1,1,2,2,17,4,3,0,0,1,0,0,9,-1,-1,2015,132CK1147,429564.0,430340.0,-1.552958,53.768571,13,3,3,1,20/12/2015,1,16:20,204,E08000035,E08000035,3,653,3,40.0,3,4,6,0,0,0,4,1,2,0,0,1,1,2,E01011319
8574,2015132CK1600,2015,132CK1600,2,1,2,2,52,8,3,0,0,1,0,0,9,1,-1,2015,132CK1600,432580.0,434904.0,-1.506723,53.809412,13,3,3,1,20/12/2015,1,21:00,204,E08000035,E08000035,6,0,6,30.0,3,4,6,0,0,0,4,1,1,0,0,1,1,2,E01011433
8575,2015132CL0035,2015,132CL0035,1,1,2,2,13,3,3,0,0,1,0,0,9,1,-1,2015,132CL0035,443614.0,436435.0,-1.338955,53.822366,13,3,1,1,21/12/2015,2,00:36,204,E08000035,E08000035,2,1,3,70.0,0,-1,-1,-1,0,0,4,4,1,0,0,2,1,1,E01011297
8576,2015132CL0447,2015,132CL0447,1,1,2,2,80,11,3,0,0,0,4,0,11,1,-1,2015,132CL0447,428500.0,428280.0,-1.569289,53.750116,13,3,2,1,21/12/2015,2,11:10,204,E08000035,E08000035,3,653,3,40.0,0,-1,-1,-1,0,0,1,1,1,0,0,2,1,2,E01011540
8577,2015132CL0448,2015,132CL0448,1,1,3,2,14,3,3,10,1,0,0,0,0,1,-1,2015,132CL0448,423517.0,437590.0,-1.644146,53.83404,13,3,1,1,21/12/2015,2,11:10,204,E08000035,E08000035,3,6120,6,40.0,0,-1,-1,-1,0,0,1,1,2,0,0,1,1,2,E01011465
8578,2015132CL0741,2015,132CL0741,3,1,1,2,58,9,3,0,0,0,0,0,9,1,-1,2015,132CL0741,428418.0,434025.0,-1.570006,53.801755,13,3,4,1,21/12/2015,2,14:00,204,E08000035,E08000035,3,65,3,30.0,0,-1,-1,-1,0,4,1,1,2,0,0,1,1,2,E01011681
8579,2015132CL0787,2015,132CL0787,1,1,1,2,42,7,3,0,0,0,0,0,9,1,-1,2015,132CL0787,433168.0,435237.0,-1.497758,53.812368,13,3,2,1,21/12/2015,2,14:20,204,E08000035,E08000035,6,0,6,30.0,3,4,6,0,0,4,1,1,2,0,0,1,1,2,E01011339
8580,2015132CL0875,2015,132CL0875,1,1,1,2,44,7,3,0,0,0,0,0,9,1,-1,2015,132CL0875,435490.0,426742.0,-1.46347,53.735865,13,3,2,2,21/12/2015,2,15:14,204,E08000035,E08000035,6,0,6,30.0,3,4,6,0,0,0,1,1,2,3,0,2,1,2,E01011636
8581,2015132CL0875,2015,132CL0875,2,2,1,1,69,10,3,0,0,0,0,0,9,3,-1,2015,132CL0875,435490.0,426742.0,-1.46347,53.735865,13,3,2,2,21/12/2015,2,15:14,204,E08000035,E08000035,6,0,6,30.0,3,4,6,0,0,0,1,1,2,3,0,2,1,2,E01011636
8582,2015132CL0977,2015,132CL0977,2,1,1,1,35,6,3,0,0,0,0,0,19,1,-1,2015,132CL0977,422342.0,433468.0,-1.662297,53.797044,13,3,2,1,21/12/2015,2,16:15,204,E08000035,E08000035,6,0,6,30.0,0,-1,-1,-1,0,0,4,1,1,0,0,1,1,2,E01011612
8583,2015132CM0419,2015,132CM0419,1,1,3,1,9,2,2,5,2,0,0,0,0,1,-1,2015,132CM0419,431882.0,435291.0,-1.517283,53.812933,13,2,2,1,22/12/2015,3,10:25,204,E08000035,E08000035,6,0,6,30.0,3,4,6,0,0,8,1,1,1,0,0,1,1,2,E01011428
8584,2015132CM0840,2015,132CM0840,3,1,2,2,47,8,3,0,0,2,0,0,8,1,-1,2015,132CM0840,427649.0,430977.0,-1.581954,53.774401,13,3,3,1,22/12/2015,3,14:50,204,E08000035,E08000035,3,6110,3,70.0,1,2,1,621,0,0,1,1,2,0,0,1,1,2,E01011318
8585,2015132CM0978,2015,132CM0978,1,1,3,2,68,10,3,5,3,0,0,0,0,1,-1,2015,132CM0978,426589.0,427686.0,-1.598319,53.744877,13,3,1,1,22/12/2015,3,16:05,204,E08000035,E08000035,6,0,6,30.0,6,4,6,0,0,0,4,2,2,0,0,1,1,2,E01032492
8586,2015132CM1097,2015,132CM1097,2,1,1,2,49,8,3,0,0,0,0,0,9,1,-1,2015,132CM1097,429239.0,433655.0,-1.557576,53.798384,13,3,2,1,22/12/2015,3,17:15,204,E08000035,E08000035,2,58,3,40.0,0,-1,-1,-1,0,0,1,1,2,0,0,1,1,2,E01033008
8587,2015132CM1178,2015,132CM1178,2,1,1,1,27,6,3,0,0,0,0,0,1,-1,-1,2015,132CM1178,428520.0,434985.0,-1.568369,53.810377,13,3,2,1,22/12/2015,3,18:05,204,E08000035,E08000035,6,0,6,30.0,3,4,6,0,0,0,4,1,2,0,0,1,1,2,E01011448
8588,2015132CM1419,2015,132CM1419,1,1,2,1,7,2,3,0,0,0,2,0,11,1,-1,2015,132CM1419,425432.0,440019.0,-1.614848,53.855781,13,3,1,1,22/12/2015,3,16:31,204,E08000035,E08000035,6,0,6,30.0,0,-1,-1,-1,0,0,4,2,2,0,0,1,2,2,E01011377
8589,2015132CM1638,2015,132CM1638,1,1,3,1,45,7,2,5,3,0,0,0,0,-1,-1,2015,132CM1638,427985.0,434203.0,-1.576564,53.803378,13,2,1,1,22/12/2015,3,22:53,204,E08000035,E08000035,6,0,6,30.0,3,4,6,0,0,0,4,1,2,0,0,1,1,2,E01011483
8590,2015132CN0238,2015,132CN0238,1,1,1,1,24,5,3,0,0,0,0,0,9,1,-1,2015,132CN0238,424993.0,432898.0,-1.622098,53.791801,13,3,2,2,23/12/2015,4,07:19,204,E08000035,E08000035,6,0,6,30.0,6,2,6,0,0,5,1,1,2,0,0,1,1,2,E01011727
8591,2015132CN0238,2015,132CN0238,2,2,1,1,36,7,3,0,0,0,0,0,9,-1,-1,2015,132CN0238,424993.0,432898.0,-1.622098,53.791801,13,3,2,2,23/12/2015,4,07:19,204,E08000035,E08000035,6,0,6,30.0,6,2,6,0,0,5,1,1,2,0,0,1,1,2,E01011727
8592,2015132CN0342,2015,132CN0342,2,1,1,1,30,6,3,0,0,0,0,0,3,1,-1,2015,132CN0342,423730.0,435623.0,-1.64106,53.816351,13,3,2,1,23/12/2015,4,09:43,204,E08000035,E08000035,4,6157,6,30.0,6,2,3,657,0,0,1,1,2,0,0,1,1,2,E01011330
8593,2015132CN0441,2015,132CN0441,1,1,3,1,70,10,3,10,9,0,0,0,0,-1,-1,2015,132CN0441,429689.0,438939.0,-1.550236,53.845849,13,3,1,1,23/12/2015,4,10:20,204,E08000035,E08000035,6,0,9,20.0,0,-1,-1,-1,0,0,1,1,1,0,0,1,2,2,E01011559
8594,2015132CN0448,2015,132CN0448,1,1,1,1,49,8,3,0,0,0,0,0,8,1,-1,2015,132CN0448,426538.0,435388.0,-1.598432,53.814104,13,3,2,2,23/12/2015,4,11:00,204,E08000035,E08000035,6,0,6,30.0,3,4,6,0,0,0,1,1,1,0,0,1,1,2,E01011477
8595,2015132CN0448,2015,132CN0448,2,2,1,2,54,8,3,0,0,0,0,0,9,1,-1,2015,132CN0448,426538.0,435388.0,-1.598432,53.814104,13,3,2,2,23/12/2015,4,11:00,204,E08000035,E08000035,6,0,6,30.0,3,4,6,0,0,0,1,1,1,0,0,1,1,2,E01011477
8596,2015132CN0714,2015,132CN0714,1,1,2,1,6,2,3,0,0,0,1,0,11,1,-1,2015,132CN0714,435973.0,436533.0,-1.45501,53.82383,13,3,1,1,23/12/2015,4,13:50,204,E08000035,E08000035,3,64,3,30.0,0,-1,-1,-1,0,0,1,1,1,0,0,1,2,2,E01011720
8597,2015132CN0871,2015,132CN0871,1,1,3,2,15,3,3,5,1,0,0,0,0,1,-1,2015,132CN0871,427907.0,431010.0,-1.578036,53.774684,13,3,1,1,23/12/2015,4,14:00,204,E08000035,E08000035,3,643,6,30.0,0,-1,-1,-1,0,0,1,1,1,0,0,1,2,2,E01011369
8598,2015132CN1006,2015,132CN1006,1,1,1,1,24,5,3,0,0,0,0,0,9,1,-1,2015,132CN1006,431483.0,435011.0,-1.523371,53.810441,13,3,2,2,23/12/2015,4,16:21,204,E08000035,E08000035,6,0,6,30.0,6,4,6,0,0,0,4,1,1,0,0,1,1,2,E01011673
8599,2015132CN1006,2015,132CN1006,2,2,1,2,52,8,3,0,0,0,0,0,9,-1,-1,2015,132CN1006,431483.0,435011.0,-1.523371,53.810441,13,3,2,2,23/12/2015,4,16:21,204,E08000035,E08000035,6,0,6,30.0,6,4,6,0,0,0,4,1,1,0,0,1,1,2,E01011673
8600,2015132CN1062,2015,132CN1062,1,1,3,2,42,7,3,1,3,0,0,0,0,1,-1,2015,132CN1062,431907.0,435729.0,-1.516858,53.816868,13,3,1,1,23/12/2015,4,16:20,204,E08000035,E08000035,6,0,6,30.0,3,2,3,58,0,5,4,2,2,0,0,1,2,2,E01011428
8601,2015132CN1090,2015,132CN1090,1,1,3,1,9,2,3,5,1,0,0,0,0,-1,-1,2015,132CN1090,426990.0,433440.0,-1.591738,53.796573,13,3,1,1,23/12/2015,4,17:00,204,E08000035,E08000035,6,0,6,30.0,3,4,6,0,0,0,1,1,2,0,0,1,1,2,E01011293
8602,2015132CN1204,2015,132CN1204,1,1,1,2,30,6,3,0,0,0,0,0,9,1,-1,2015,132CN1204,428502.0,433279.0,-1.568799,53.795045,13,3,5,8,23/12/2015,4,18:15,204,E08000035,E08000035,3,647,3,40.0,0,-1,-1,-1,0,0,4,1,1,0,0,1,1,2,E01011363
8603,2015132CN1204,2015,132CN1204,1,2,2,2,28,6,3,0,0,1,0,0,9,1,-1,2015,132CN1204,428502.0,433279.0,-1.568799,53.795045,13,3,5,8,23/12/2015,4,18:15,204,E08000035,E08000035,3,647,3,40.0,0,-1,-1,-1,0,0,4,1,1,0,0,1,1,2,E01011363
8604,2015132CN1204,2015,132CN1204,2,3,1,1,37,7,3,0,0,0,0,0,9,1,-1,2015,132CN1204,428502.0,433279.0,-1.568799,53.795045,13,3,5,8,23/12/2015,4,18:15,204,E08000035,E08000035,3,647,3,40.0,0,-1,-1,-1,0,0,4,1,1,0,0,1,1,2,E01011363
8605,2015132CN1204,2015,132CN1204,2,4,2,1,14,3,3,0,0,1,0,0,9,1,-1,2015,132CN1204,428502.0,433279.0,-1.568799,53.795045,13,3,5,8,23/12/2015,4,18:15,204,E08000035,E08000035,3,647,3,40.0,0,-1,-1,-1,0,0,4,1,1,0,0,1,1,2,E01011363
8606,2015132CN1204,2015,132CN1204,3,5,1,2,18,4,3,0,0,0,0,0,9,1,-1,2015,132CN1204,428502.0,433279.0,-1.568799,53.795045,13,3,5,8,23/12/2015,4,18:15,204,E08000035,E08000035,3,647,3,40.0,0,-1,-1,-1,0,0,4,1,1,0,0,1,1,2,E01011363
8607,2015132CN1204,2015,132CN1204,4,6,1,1,35,6,3,0,0,0,0,0,9,1,-1,2015,132CN1204,428502.0,433279.0,-1.568799,53.795045,13,3,5,8,23/12/2015,4,18:15,204,E08000035,E08000035,3,647,3,40.0,0,-1,-1,-1,0,0,4,1,1,0,0,1,1,2,E01011363
8608,2015132CN1204,2015,132CN1204,5,7,1,1,31,6,3,0,0,0,0,0,9,1,-1,2015,132CN1204,428502.0,433279.0,-1.568799,53.795045,13,3,5,8,23/12/2015,4,18:15,204,E08000035,E08000035,3,647,3,40.0,0,-1,-1,-1,0,0,4,1,1,0,0,1,1,2,E01011363
8609,2015132CN1204,2015,132CN1204,5,8,2,2,31,6,3,0,0,1,0,0,9,1,-1,2015,132CN1204,428502.0,433279.0,-1.568799,53.795045,13,3,5,8,23/12/2015,4,18:15,204,E08000035,E08000035,3,647,3,40.0,0,-1,-1,-1,0,0,4,1,1,0,0,1,1,2,E01011363
8610,2015132CN1711,2015,132CN1711,2,1,1,1,40,7,3,0,0,0,0,0,9,1,-1,2015,132CN1711,430920.0,435615.0,-1.53186,53.815903,13,3,2,1,23/12/2015,4,22:55,204,E08000035,E08000035,6,0,6,30.0,3,4,6,0,0,0,4,1,2,0,0,1,1,2,E01011360
8611,2015132CO0389,2015,132CO0389,2,1,1,2,57,9,3,0,0,0,0,0,9,1,-1,2015,132CO0389,430524.0,431159.0,-1.538314,53.775877,13,3,2,1,24/12/2015,5,09:38,204,E08000035,E08000035,6,0,1,30.0,1,4,6,0,0,7,1,2,2,0,0,1,1,2,E01011468
8612,2015132CO0673,2015,132CO0673,1,1,2,2,58,9,3,0,0,1,0,0,9,1,-1,2015,132CO0673,429448.0,433778.0,-1.554391,53.799478,13,3,2,1,24/12/2015,5,13:10,204,E08000035,E08000035,3,58,3,40.0,3,2,6,0,0,0,1,1,1,0,0,1,1,2,E01033008
8613,2015132CO0853,2015,132CO0853,2,1,1,2,46,8,3,0,0,0,0,0,9,1,-1,2015,132CO0853,423045.0,437665.0,-1.651312,53.834735,13,3,2,1,24/12/2015,5,15:08,204,E08000035,E08000035,3,6120,1,40.0,1,2,3,65,0,5,1,1,1,0,0,1,1,2,E01011452
8614,2015132CO0979,2015,132CO0979,2,1,2,2,42,7,3,0,0,1,0,0,9,1,-1,2015,132CO0979,424885.0,434430.0,-1.623614,53.805575,13,3,2,1,24/12/2015,5,16:40,204,E08000035,E08000035,3,647,6,30.0,3,4,6,0,0,0,4,1,1,0,0,1,1,2,E01032606
8615,2015132CO1392,2015,132CO1392,1,1,3,2,17,4,3,6,9,0,0,0,0,-1,-1,2015,132CO1392,436073.0,438337.0,-1.45328,53.840036,13,3,1,2,24/12/2015,5,21:42,204,E08000035,E08000035,6,0,6,60.0,0,-1,-1,-1,0,0,6,1,2,0,0,2,1,2,E01011714
8616,2015132CO1392,2015,132CO1392,1,2,3,1,17,4,3,6,9,0,0,0,0,-1,-1,2015,132CO1392,436073.0,438337.0,-1.45328,53.840036,13,3,1,2,24/12/2015,5,21:42,204,E08000035,E08000035,6,0,6,60.0,0,-1,-1,-1,0,0,6,1,2,0,0,2,1,2,E01011714
8617,2015132CP0484,2015,132CP0484,2,1,1,2,44,7,2,0,0,0,0,0,3,1,-1,2015,132CP0484,435542.0,438370.0,-1.461345,53.840369,13,2,3,1,25/12/2015,6,12:05,204,E08000035,E08000035,6,0,6,30.0,6,4,6,0,0,0,1,2,2,0,0,1,1,2,E01011714
8618,2015132CP0705,2015,132CP0705,1,1,1,1,37,7,3,0,0,0,0,0,9,1,-1,2015,132CP0705,436167.0,431152.0,-1.452693,53.775454,13,3,1,2,25/12/2015,6,16:46,204,E08000035,E08000035,1,1,3,70.0,0,-1,-1,-1,0,0,6,2,2,0,0,2,1,1,E01011420
8619,2015132CP0705,2015,132CP0705,1,2,2,2,55,8,3,0,0,1,0,0,9,1,-1,2015,132CP0705,436167.0,431152.0,-1.452693,53.775454,13,3,1,2,25/12/2015,6,16:46,204,E08000035,E08000035,1,1,3,70.0,0,-1,-1,-1,0,0,6,2,2,0,0,2,1,1,E01011420
8620,2015132CP0706,2015,132CP0706,2,1,1,1,55,8,3,0,0,0,0,0,9,1,-1,2015,132CP0706,436058.0,431193.0,-1.454342,53.77583,13,3,2,1,25/12/2015,6,17:00,204,E08000035,E08000035,1,1,3,70.0,0,-1,-1,-1,0,0,6,2,2,0,3,2,1,1,E01011420
8621,2015132CP0945,2015,132CP0945,1,1,2,2,19,4,3,0,0,2,0,0,9,1,-1,2015,132CP0945,431824.0,430456.0,-1.518661,53.769481,13,3,1,1,25/12/2015,6,20:04,204,E08000035,E08000035,1,621,7,50.0,0,-1,-1,-1,0,0,4,2,2,0,0,1,1,1,E01011469
8622,2015132CQ0155,2015,132CQ0155,1,1,1,1,30,6,3,0,0,0,0,0,9,-1,-1,2015,132CQ0155,429829.0,431493.0,-1.548827,53.778919,13,3,2,1,26/12/2015,7,02:05,204,E08000035,E08000035,6,0,6,20.0,0,-1,-1,-1,0,0,4,2,2,0,0,1,1,2,E01011371
8623,2015132CQ0615,2015,132CQ0615,1,1,1,1,43,7,3,0,0,0,0,0,90,1,-1,2015,132CQ0615,432029.0,435855.0,-1.514992,53.817993,13,3,2,4,26/12/2015,7,11:00,204,E08000035,E08000035,6,0,3,30.0,3,2,3,58,0,5,1,2,2,0,0,1,1,2,-1