,accident_index,accident_year_x,accident_reference_x,vehicle_reference,casualty_reference,casualty_class,sex_of_casualty,age_of_casualty,age_band_of_casualty,casualty_severity,pedestrian_location,pedestrian_movement,car_passenger,bus_or_coach_passenger,pedestrian_road_maintenance_worker,casualty_type,casualty_home_area_type,casualty_imd_decile,accident_year_y,accident_reference_y,location_easting_osgr,location_northing_osgr,longitude,latitude,police_force,accident_severity,number_of_vehicles,number_of_casualties,date,day_of_week,time,local_authority_district,local_authority_ons_district,local_authority_highway,first_road_class,first_road_number,road_type,speed_limit,junction_detail,junction_control,second_road_class,second_road_number,pedestrian_crossing_human_control,pedestrian_crossing_physical_facilities,light_conditions,weather_conditions,road_surface_conditions,special_conditions_at_site,carriageway_hazards,urban_or_rural_area,did_police_officer_attend_scene_of_accident,trunk_road_flag,lsoa_of_accident_location
8624,2015132CQ0615,2015,132CQ0615,1,2,2,1,39,7,3,0,0,1,0,0,90,1,-1,2015,132CQ0615,432029.0,435855.0,-1.514992,53.817993,13,3,2,4,26/12/2015,7,11:00,204,E08000035,E08000035,6,0,3,30.0,3,2,3,58,0,5,1,2,2,0,0,1,1,2,-1
8625,2015132CQ0615,2015,132CQ0615,2,3,1,1,40,7,3,0,0,0,0,0,9,1,-1,2015,132CQ0615,432029.0,435855.0,-1.514992,53.817993,13,3,2,4,26/12/2015,7,11:00,204,E08000035,E08000035,6,0,3,30.0,3,2,3,58,0,5,1,2,2,0,0,1,1,2,-1
8626,2015132CQ0615,2015,132CQ0615,2,4,2,2,34,6,3,0,0,1,0,0,9,1,-1,2015,132CQ0615,432029.0,435855.0,-1.514992,53.817993,13,3,2,4,26/12/2015,7,11:00,204,E08000035,E08000035,6,0,3,30.0,3,2,3,58,0,5,1,2,2,0,0,1,1,2,-1
8627,2015132CQ0643,2015,132CQ0643,2,1,2,2,48,8,3,0,0,0,3,0,11,1,-1,2015,132CQ0643,429939.0,433786.0,-1.546936,53.799522,13,3,2,1,26/12/2015,7,11:20,204,E08000035,E08000035,6,0,2,20.0,6,2,6,0,0,5,1,1,2,0,0,1,1,2,E01033010
8628,2015132CQ0796,2015,132CQ0796,1,1,1,2,59,9,3,0,0,0,0,0,9,1,-1,2015,132CQ0796,430740.0,433546.0,-1.534799,53.797318,13,3,1,1,26/12/2015,7,12:45,204,E08000035,E08000035,3,61,3,30.0,0,-1,-1,-1,0,0,1,2,2,0,0,1,1,2,E01033011
8629,2015132CQ0836,2015,132CQ0836,1,1,1,2,41,7,3,0,0,0,0,0,9,2,-1,2015,132CQ0836,440572.0,446161.0,-1.38388,53.910022,13,3,1,2,26/12/2015,7,13:20,204,E08000035,E08000035,2,1,3,70.0,0,-1,-1,-1,0,0,1,2,2,0,0,2,1,1,E01011704
8630,2015132CQ0836,2015,132CQ0836,1,2,2,1,12,3,3,0,0,2,0,0,9,2,-1,2015,132CQ0836,440572.0,446161.0,-1.38388,53.910022,13,3,1,2,26/12/2015,7,13:20,204,E08000035,E08000035,2,1,3,70.0,0,-1,-1,-1,0,0,1,2,2,0,0,2,1,1,E01011704
8631,2015132CQ0972,2015,132CQ0972,1,1,3,2,4,1,3,5,3,0,0,0,0,-1,-1,2015,132CQ0972,430576.0,433604.0,-1.537283,53.797849,13,3,1,1,26/12/2015,7,14:25,204,E08000035,E08000035,6,0,2,20.0,0,-1,-1,-1,0,0,1,5,2,0,0,1,1,2,E01033010
8632,2015132CQ1139,2015,132CQ1139,1,1,1,1,43,7,2,0,0,0,0,0,3,1,-1,2015,132CQ1139,432438.0,435044.0,-1.508865,53.810679,13,2,2,1,26/12/2015,7,16:04,204,E08000035,E08000035,6,0,6,30.0,6,4,6,0,0,0,4,1,1,0,0,1,1,2,E01011432
8633,2015132CQ1393,2015,132CQ1393,1,1,1,1,34,6,3,0,0,0,0,0,9,1,-1,2015,132CQ1393,421940.0,441462.0,-1.667832,53.868909,13,3,3,2,26/12/2015,7,18:40,204,E08000035,E08000035,3,658,3,40.0,0,-1,-1,-1,0,0,4,5,2,0,0,2,1,2,E01011578
8634,2015132CQ1393,2015,132CQ1393,3,2,1,1,33,6,3,0,0,0,0,0,9,1,-1,2015,132CQ1393,421940.0,441462.0,-1.667832,53.868909,13,3,3,2,26/12/2015,7,18:40,204,E08000035,E08000035,3,658,3,40.0,0,-1,-1,-1,0,0,4,5,2,0,0,2,1,2,E01011578
8635,2015132CQ1505,2015,132CQ1505,2,1,2,2,1,1,3,0,0,2,0,0,9,-1,-1,2015,132CQ1505,425254.0,432973.0,-1.61813,53.792462,13,3,2,2,26/12/2015,7,19:48,204,E08000035,E08000035,3,6110,3,40.0,6,2,4,6154,0,5,4,2,2,0,0,1,1,2,E01011727
8636,2015132CQ1505,2015,132CQ1505,2,2,2,2,21,5,3,0,0,2,0,0,9,-1,-1,2015,132CQ1505,425254.0,432973.0,-1.61813,53.792462,13,3,2,2,26/12/2015,7,19:48,204,E08000035,E08000035,3,6110,3,40.0,6,2,4,6154,0,5,4,2,2,0,0,1,1,2,E01011727
8637,2015132CR1128,2015,132CR1128,1,1,1,1,21,5,3,0,0,0,0,0,9,2,-1,2015,132CR1128,443068.0,441002.0,-1.346611,53.863456,13,3,1,1,27/12/2015,1,15:38,204,E08000035,E08000035,2,1,3,70.0,0,-1,-1,-1,0,0,1,2,2,0,0,2,1,1,E01011712
8638,2015132CS0359,2015,132CS0359,1,1,1,2,22,5,3,0,0,0,0,0,9,1,-1,2015,132CS0359,430032.0,431022.0,-1.545792,53.774674,13,3,2,1,28/12/2015,2,11:00,204,E08000035,E08000035,3,653,6,30.0,3,4,6,0,0,4,1,1,2,0,0,1,1,2,E01011312
8639,2015132CT0716,2015,132CT0716,2,1,1,1,46,8,2,0,0,0,0,0,5,1,-1,2015,132CT0716,438941.0,431535.0,-1.410555,53.778697,13,2,2,1,29/12/2015,3,13:45,204,E08000035,E08000035,3,642,3,30.0,3,4,6,0,0,0,1,1,2,0,0,2,1,2,E01011402
8640,2015132CT1455,2015,132CT1455,1,1,1,1,24,5,3,0,0,0,0,0,9,1,-1,2015,132CT1455,433149.0,425902.0,-1.499046,53.728469,13,3,1,1,29/12/2015,3,20:44,204,E08000035,E08000035,1,62,3,70.0,0,-1,-1,-1,0,0,4,1,2,0,0,1,1,1,E01011500
8641,2015132CU0971,2015,132CU0971,1,1,3,2,61,9,3,5,9,0,0,0,0,1,-1,2015,132CU0971,427873.0,434381.0,-1.578248,53.804984,13,3,1,1,30/12/2015,4,15:00,204,E08000035,E08000035,3,65,6,30.0,3,4,6,0,0,0,1,2,2,0,0,1,2,2,E01011483
8642,2015132CU1159,2015,132CU1159,1,1,3,2,75,10,3,1,3,0,0,0,0,1,-1,2015,132CU1159,437458.0,433290.0,-1.432845,53.794579,13,3,1,1,30/12/2015,4,17:58,204,E08000035,E08000035,3,63,3,40.0,0,-1,-1,-1,0,4,4,1,2,0,0,1,1,2,E01011411
8643,2015132CU1359,2015,132CU1359,1,1,3,1,61,9,2,5,3,0,0,0,0,1,-1,2015,132CU1359,426075.0,435596.0,-1.605446,53.815997,13,2,1,1,30/12/2015,4,20:10,204,E08000035,E08000035,6,0,6,30.0,0,-1,-1,-1,0,0,1,2,2,0,0,1,1,2,E01011477
8644,2015132CV0400,2015,132CV0400,1,1,1,2,83,11,3,0,0,0,0,0,9,1,-1,2015,132CV0400,432065.0,436093.0,-1.51442,53.82013,13,3,2,1,31/12/2015,5,10:31,204,E08000035,E08000035,6,0,6,30.0,6,4,6,0,0,8,1,1,2,0,0,1,1,2,E01011642
8645,2015132CV0503,2015,132CV0503,2,1,1,1,46,8,3,0,0,0,0,0,20,1,-1,2015,132CV0503,432002.0,433573.0,-1.515638,53.797485,13,3,2,1,30/12/2015,4,15:55,204,E08000035,E08000035,3,64,3,40.0,0,-1,-1,-1,0,0,4,1,2,0,0,1,2,2,E01011623
8646,2015132CV0848,2015,132CV0848,1,1,2,2,89,11,3,0,0,0,1,0,11,1,-1,2015,132CV0848,419854.0,446481.0,-1.699231,53.914101,13,3,1,1,31/12/2015,5,14:20,204,E08000035,E08000035,6,0,6,20.0,0,-1,-1,-1,0,0,1,1,2,0,0,1,2,2,E01011583
8647,2015132CV1152,2015,132CV1152,1,1,1,1,30,6,3,0,0,0,0,0,8,-1,-1,2015,132CV1152,430942.0,435672.0,-1.53152,53.816414,13,3,3,6,31/12/2015,5,19:08,204,E08000035,E08000035,5,0,6,30.0,3,4,6,0,0,0,4,2,2,0,0,1,1,2,E01011361
8648,2015132CV1152,2015,132CV1152,1,3,2,1,23,5,3,0,0,1,0,0,8,1,-1,2015,132CV1152,430942.0,435672.0,-1.53152,53.816414,13,3,3,6,31/12/2015,5,19:08,204,E08000035,E08000035,5,0,6,30.0,3,4,6,0,0,0,4,2,2,0,0,1,1,2,E01011361
8649,2015132CV1152,2015,132CV1152,1,4,2,2,21,5,3,0,0,2,0,0,8,1,-1,2015,132CV1152,430942.0,435672.0,-1.53152,53.816414,13,3,3,6,31/12/2015,5,19:08,204,E08000035,E08000035,5,0,6,30.0,3,4,6,0,0,0,4,2,2,0,0,1,1,2,E01011361
8650,2015132CV1152,2015,132CV1152,1,5,2,1,4,1,3,0,0,2,0,0,8,1,-1,2015,132CV1152,430942.0,435672.0,-1.53152,53.816414,13,3,3,6,31/12/2015,5,19:08,204,E08000035,E08000035,5,0,6,30.0,3,4,6,0,0,0,4,2,2,0,0,1,1,2,E01011361
8651,2015132CV1152,2015,132CV1152,1,6,2,2,4,1,3,0,0,2,0,0,8,1,-1,2015,132CV1152,430942.0,435672.0,-1.53152,53.816414,13,3,3,6,31/12/2015,5,19:08,204,E08000035,E08000035,5,0,6,30.0,3,4,6,0,0,0,4,2,2,0,0,1,1,2,E01011361
8652,2015132CV1152,2015,132CV1152,2,2,1,1,26,6,3,0,0,0,0,0,9,1,-1,2015,132CV1152,430942.0,435672.0,-1.53152,53.816414,13,3,3,6,31/12/2015,5,19:08,204,E08000035,E08000035,5,0,6,30.0,3,4,6,0,0,0,4,2,2,0,0,1,1,2,E01011361
8653,2015132CV1424,2015,132CV1424,1,1,1,2,23,5,3,0,0,0,0,0,9,-1,-1,2015,132CV1424,431965.0,435834.0,-1.515966,53.817808,13,3,2,2,31/12/2015,5,22:08,204,E08000035,E08000035,3,58,3,30.0,6,1,4,6159,0,4,4,1,1,0,0,1,1,2,E01011422
8654,2015132CV1424,2015,132CV1424,1,2,2,2,23,5,3,0,0,1,0,0,9,1,-1,2015,132CV1424,431965.0,435834.0,-1.515966,53.817808,13,3,2,2,31/12/2015,5,22:08,204,E08000035,E08000035,3,58,3,30.0,6,1,4,6159,0,4,4,1,1,0,0,1,1,2,E01011422
8655,20151331F0582,2015,1331F0582,1,1,3,2,76,11,3,5,9,0,0,0,0,1,-1,2015,1331F0582,430278.0,434811.0,-1.541689,53.808714,13,3,1,1,27/11/2015,6,16:00,204,E08000035,E08000035,6,0,6,30.0,3,4,6,0,0,0,4,1,1,0,0,1,2,2,E01011671
8656,20151331H1381,2015,1331H1381,1,1,1,1,55,8,3,0,0,0,0,0,1,1,-1,2015,1331H1381,424719.0,434444.0,-1.626133,53.805709,13,3,2,1,21/12/2015,2,16:50,204,E08000035,E08000035,6,0,3,40.0,3,4,6,0,0,0,4,1,1,0,0,1,2,2,E01011336
8657,2016132181280,2016,132181280,2,1,1,1,38,7,2,0,0,0,0,0,5,1,8,2016,132181280,418241.0,442351.0,-1.724029,53.87704,13,2,2,1,08/01/2016,6,19:05,204,E08000035,E08000035,3,659,9,30.0,0,-1,-1,-1,0,0,4,1,1,0,0,1,1,2,E01011266
8658,2016132191037,2016,132191037,2,1,1,2,50,8,3,0,0,0,0,0,9,3,6,2016,132191037,424993.0,432898.0,-1.622094,53.791798,13,3,2,1,09/01/2016,7,16:15,204,E08000035,E08000035,6,0,6,30.0,6,2,6,0,0,5,4,1,1,0,0,1,2,2,E01011727
8659,2016132CQ0870,2016,132CQ0870,2,1,1,1,26,6,3,0,0,0,0,0,9,1,3,2016,132CQ0870,431159.0,436397.0,-1.528145,53.822915,13,3,2,2,15/01/2016,6,16:45,204,E08000035,E08000035,6,0,6,30.0,3,4,6,0,0,4,1,1,1,0,0,1,2,2,E01011359
8660,2016132CQ0870,2016,132CQ0870,2,2,2,2,22,5,3,0,0,1,0,0,9,1,7,2016,132CQ0870,431159.0,436397.0,-1.528145,53.822915,13,3,2,2,15/01/2016,6,16:45,204,E08000035,E08000035,6,0,6,30.0,3,4,6,0,0,4,1,1,1,0,0,1,2,2,E01011359
8661,2016133111091,2016,133111091,2,1,1,1,57,9,3,0,0,0,0,0,1,1,9,2016,133111091,439313.0,432376.0,-1.404795,53.786224,13,3,2,1,01/01/2016,6,09:56,204,E08000035,E08000035,3,63,1,40.0,1,4,6,0,0,0,1,1,2,0,0,2,1,2,E01011402
8662,2016133111178,2016,133111178,2,1,1,1,59,9,2,0,0,0,0,0,1,1,9,2016,133111178,426994.0,439957.0,-1.591102,53.855143,13,2,2,1,01/01/2016,6,11:15,204,E08000035,E08000035,3,660,6,30.0,0,-1,-1,-1,0,0,1,1,1,0,0,1,1,2,E01011380
8663,2016133111395,2016,133111395,1,1,1,2,53,8,2,0,0,0,0,0,9,1,2,2016,133111395,427813.0,431257.0,-1.579435,53.776906,13,2,1,1,01/01/2016,6,13:52,204,E08000035,E08000035,1,621,7,50.0,5,4,1,621,0,0,1,1,2,0,0,1,1,1,E01011369
8664,2016133111981,2016,133111981,1,1,2,2,22,5,3,0,0,1,0,0,9,1,2,2016,133111981,431496.0,432727.0,-1.5234,53.789909,13,3,2,1,01/01/2016,6,20:15,204,E08000035,E08000035,6,0,6,30.0,3,4,6,0,0,0,4,2,2,0,0,1,1,2,E01011626
8665,2016133120560,2016,133120560,2,1,2,2,20,4,3,0,0,1,0,0,9,1,6,2016,133120560,431880.0,430498.0,-1.517801,53.769852,13,3,2,1,02/01/2016,7,11:10,204,E08000035,E08000035,1,621,6,30.0,3,4,3,61,0,0,1,1,2,0,0,2,2,1,E01011470
8666,2016133120872,2016,133120872,1,1,1,1,22,5,3,0,0,0,0,0,9,1,1,2016,133120872,429425.0,433999.0,-1.554714,53.801462,13,3,1,2,02/01/2016,7,16:38,204,E08000035,E08000035,2,58,3,40.0,0,-1,-1,-1,0,0,4,2,2,0,0,1,1,2,E01011678
8667,2016133120872,2016,133120872,1,2,2,2,26,6,3,0,0,1,0,0,9,1,1,2016,133120872,429425.0,433999.0,-1.554714,53.801462,13,3,1,2,02/01/2016,7,16:38,204,E08000035,E08000035,2,58,3,40.0,0,-1,-1,-1,0,0,4,2,2,0,0,1,1,2,E01011678
8668,2016133130442,2016,133130442,2,1,1,1,35,6,3,0,0,0,0,0,9,1,1,2016,133130442,435325.0,433760.0,-1.465163,53.798948,13,3,5,3,03/01/2016,1,11:50,204,E08000035,E08000035,6,0,6,30.0,3,4,6,0,0,0,1,2,2,0,0,1,1,2,E01011417
8669,2016133130442,2016,133130442,2,2,2,2,21,5,3,0,0,2,0,0,9,1,1,2016,133130442,435325.0,433760.0,-1.465163,53.798948,13,3,5,3,03/01/2016,1,11:50,204,E08000035,E08000035,6,0,6,30.0,3,4,6,0,0,0,1,2,2,0,0,1,1,2,E01011417
8670,2016133130442,2016,133130442,2,3,2,1,28,6,3,0,0,2,0,0,9,1,1,2016,133130442,435325.0,433760.0,-1.465163,53.798948,13,3,5,3,03/01/2016,1,11:50,204,E08000035,E08000035,6,0,6,30.0,3,4,6,0,0,0,1,2,2,0,0,1,1,2,E01011417
8671,2016133130444,2016,133130444,2,1,1,1,53,8,3,0,0,0,0,0,5,1,1,2016,133130444,429147.0,431999.0,-1.559123,53.783502,13,3,2,1,03/01/2016,1,11:54,204,E08000035,E08000035,6,0,6,30.0,3,4,6,0,0,0,1,2,2,0,0,1,1,2,E01011368
8672,2016133130532,2016,133130532,1,1,3,2,18,4,3,10,5,0,0,0,0,1,1,2016,133130532,427651.0,433421.0,-1.5817,53.796364,13,3,1,1,03/01/2016,1,12:52,204,E08000035,E08000035,6,0,6,30.0,0,-1,-1,-1,0,0,1,2,2,0,0,1,1,2,E01011294
8673,2016133130769,2016,133130769,1,1,1,2,47,8,3,0,0,0,0,0,9,1,2,2016,133130769,440619.0,446100.0,-1.383163,53.909469,13,3,1,1,03/01/2016,1,15:43,204,E08000035,E08000035,2,1,3,70.0,0,-1,-1,-1,0,0,6,2,2,0,0,2,1,1,E01011707
8674,2016133130786,2016,133130786,2,1,1,2,30,6,3,0,0,0,0,0,9,1,2,2016,133130786,433130.0,436116.0,-1.498234,53.820267,13,3,2,2,03/01/2016,1,15:55,204,E08000035,E08000035,3,58,3,30.0,3,4,6,0,0,0,4,2,2,0,0,1,1,2,E01011421
8675,2016133130786,2016,133130786,2,2,2,1,8,2,3,0,0,2,0,0,9,1,2,2016,133130786,433130.0,436116.0,-1.498234,53.820267,13,3,2,2,03/01/2016,1,15:55,204,E08000035,E08000035,3,58,3,30.0,3,4,6,0,0,0,4,2,2,0,0,1,1,2,E01011421
8676,2016133130805,2016,133130805,2,1,1,1,39,7,3,0,0,0,0,0,9,1,8,2016,133130805,428943.0,433430.0,-1.562085,53.796375,13,3,2,2,03/01/2016,1,16:15,204,E08000035,E08000035,6,0,3,40.0,5,4,3,58,0,0,4,2,2,0,0,1,2,2,E01033015
8677,2016133130805,2016,133130805,2,2,2,2,39,7,3,0,0,1,0,0,9,1,8,2016,133130805,428943.0,433430.0,-1.562085,53.796375,13,3,2,2,03/01/2016,1,16:15,204,E08000035,E08000035,6,0,3,40.0,5,4,3,58,0,0,4,2,2,0,0,1,2,2,E01033015
8678,2016133130885,2016,133130885,1,1,3,1,42,7,3,5,9,0,0,0,0,1,1,2016,133130885,431884.0,435070.0,-1.517269,53.810944,13,3,1,1,03/01/2016,1,16:50,204,E08000035,E08000035,6,0,6,20.0,3,4,6,0,0,0,4,1,2,0,0,1,1,2,E01011673
8679,2016133140260,2016,133140260,2,1,1,1,26,6,3,0,0,0,0,0,1,1,5,2016,133140260,422045.0,434280.0,-1.666745,53.804352,13,3,2,1,04/01/2016,2,17:30,204,E08000035,E08000035,4,6155,6,30.0,3,4,6,0,0,0,4,2,2,0,0,1,2,2,E01011587
8680,2016133140730,2016,133140730,1,1,1,1,58,9,3,0,0,0,0,0,3,-1,-1,2016,133140730,443157.0,448516.0,-1.34419,53.930978,13,3,1,1,04/01/2016,2,14:13,204,E08000035,E08000035,6,0,6,30.0,0,-1,-1,-1,0,0,1,1,1,0,0,2,1,2,E01011697
8681,2016133141054,2016,133141054,1,1,1,2,29,6,3,0,0,0,0,0,9,1,2,2016,133141054,431210.0,439310.0,-1.527075,53.849093,13,3,2,2,04/01/2016,2,17:00,204,E08000035,E08000035,3,6120,3,40.0,6,2,6,0,0,5,4,2,2,1,0,1,1,2,E01011556
8682,2016133141054,2016,133141054,2,2,1,1,33,6,3,0,0,0,0,0,8,1,2,2016,133141054,431210.0,439310.0,-1.527075,53.849093,13,3,2,2,04/01/2016,2,17:00,204,E08000035,E08000035,3,6120,3,40.0,6,2,6,0,0,5,4,2,2,1,0,1,1,2,E01011556
8683,2016133151110,2016,133151110,2,1,1,1,43,7,3,0,0,0,0,0,1,1,10,2016,133151110,420945.0,439962.0,-1.683062,53.855466,13,3,2,1,05/01/2016,3,17:52,204,E08000035,E08000035,4,6152,6,30.0,3,4,6,0,0,0,4,2,2,0,0,1,1,2,E01011278
8684,2016133151301,2016,133151301,1,1,3,1,60,9,3,5,3,0,0,0,0,1,1,2016,133151301,436574.0,435725.0,-1.445968,53.816523,13,3,1,1,05/01/2016,3,19:30,204,E08000035,E08000035,6,0,6,30.0,6,2,6,0,0,0,1,1,2,0,0,1,1,2,E01011723
8685,2016133160260,2016,133160260,2,1,1,1,52,8,3,0,0,0,0,0,5,1,6,2016,133160260,432960.0,440281.0,-1.500371,53.857712,13,3,2,1,06/01/2016,4,08:15,204,E08000035,E08000035,6,0,6,50.0,3,4,6,0,0,0,1,1,1,0,0,1,1,2,E01011561
8686,2016133160311,2016,133160311,1,1,3,1,33,6,3,1,1,0,0,0,0,1,1,2016,133160311,431925.0,434792.0,-1.516675,53.808443,13,3,1,1,06/01/2016,4,08:00,204,E08000035,E08000035,6,0,6,30.0,0,-1,-1,-1,0,8,4,1,1,0,0,1,2,2,E01011677
8687,2016133160793,2016,133160793,2,1,1,1,25,5,3,0,0,0,0,0,1,1,3,2016,133160793,426228.0,431783.0,-1.603442,53.781716,13,3,2,1,06/01/2016,4,14:10,204,E08000035,E08000035,6,0,6,30.0,3,4,6,0,0,0,1,2,2,0,0,1,1,2,E01011737
8688,2016133161000,2016,133161000,1,1,3,2,49,8,3,6,9,0,0,0,0,1,1,2016,133161000,429741.0,436518.0,-1.549673,53.824085,13,3,1,1,06/01/2016,4,15:20,204,E08000035,E08000035,6,0,6,30.0,8,4,6,0,0,0,7,2,2,0,0,1,2,2,E01011355
8689,2016133161098,2016,133161098,2,1,1,1,39,7,3,0,0,0,0,0,1,1,2,2016,133161098,429959.0,433326.0,-1.546671,53.795383,13,3,2,1,06/01/2016,4,17:23,204,E08000035,E08000035,6,0,3,30.0,0,-1,-1,-1,0,0,4,1,1,0,0,1,1,2,E01033016
8690,2016133161298,2016,133161298,1,1,1,1,27,6,3,0,0,0,0,0,9,1,1,2016,133161298,428511.0,433054.0,-1.568678,53.79302,13,3,2,2,06/01/2016,4,13:55,204,E08000035,E08000035,4,6154,9,30.0,1,4,4,6154,0,0,1,1,2,0,0,1,2,2,E01011363
8691,2016133161298,2016,133161298,1,2,2,2,55,8,3,0,0,1,0,0,9,1,1,2016,133161298,428511.0,433054.0,-1.568678,53.79302,13,3,2,2,06/01/2016,4,13:55,204,E08000035,E08000035,4,6154,9,30.0,1,4,4,6154,0,0,1,1,2,0,0,1,2,2,E01011363
8692,2016133161323,2016,133161323,1,1,1,1,72,10,3,0,0,0,0,0,9,1,7,2016,133161323,430562.0,436939.0,-1.53716,53.827821,13,3,2,1,06/01/2016,4,19:19,204,E08000035,E08000035,6,0,2,30.0,0,-1,-1,-1,0,0,1,1,2,0,0,1,1,2,E01011352
8693,2016133161328,2016,133161328,2,1,1,1,36,7,3,0,0,0,0,0,9,1,1,2016,133161328,427362.0,433970.0,-1.586039,53.801314,13,3,2,2,06/01/2016,4,19:15,204,E08000035,E08000035,6,0,6,30.0,3,4,6,0,0,0,4,2,2,0,0,1,1,2,E01011284
8694,2016133161328,2016,133161328,2,2,2,1,38,7,3,0,0,1,0,0,9,1,2,2016,133161328,427362.0,433970.0,-1.586039,53.801314,13,3,2,2,06/01/2016,4,19:15,204,E08000035,E08000035,6,0,6,30.0,3,4,6,0,0,0,4,2,2,0,0,1,1,2,E01011284
8695,2016133170622,2016,133170622,2,1,2,2,2,1,3,0,0,2,0,0,9,1,4,2016,133170622,436173.0,427637.0,-1.453005,53.743858,13,3,2,2,07/01/2016,5,13:00,204,E08000035,E08000035,3,642,6,30.0,3,4,6,0,0,0,1,1,1,0,0,1,1,2,E01011635
8696,2016133170622,2016,133170622,2,2,2,2,28,6,3,0,0,2,0,0,9,1,4,2016,133170622,436173.0,427637.0,-1.453005,53.743858,13,3,2,2,07/01/2016,5,13:00,204,E08000035,E08000035,3,642,6,30.0,3,4,6,0,0,0,1,1,1,0,0,1,1,2,E01011635
8697,2016133170694,2016,133170694,1,1,1,1,43,7,3,0,0,0,0,0,21,1,3,2016,133170694,440850.0,434501.0,-1.381187,53.805205,13,3,1,1,07/01/2016,5,13:50,204,E08000035,E08000035,1,1,3,70.0,0,-1,-1,-1,0,0,1,4,2,0,0,2,1,1,E01011297
8698,2016133170743,2016,133170743,2,1,1,2,44,7,3,0,0,0,0,0,9,-1,-1,2016,133170743,431467.0,432679.0,-1.523845,53.789479,13,3,2,1,07/01/2016,5,14:35,204,E08000035,E08000035,6,0,3,30.0,3,2,3,61,0,0,1,1,2,0,0,1,1,2,E01011626
8699,2016133170766,2016,133170766,1,1,2,2,81,11,3,0,0,0,3,0,11,1,2,2016,133170766,429766.0,433410.0,-1.549593,53.796149,13,3,1,1,07/01/2016,5,12:20,204,E08000035,E08000035,6,0,6,30.0,6,2,6,0,0,5,1,2,2,0,0,1,2,2,E01033016
8700,2016133170948,2016,133170948,1,1,1,2,45,7,3,0,0,0,0,0,9,1,5,2016,133170948,428638.0,433182.0,-1.566738,53.794163,13,3,3,2,07/01/2016,5,16:07,204,E08000035,E08000035,6,0,3,40.0,0,-1,-1,-1,0,0,4,1,1,0,0,1,2,2,E01011363
8701,2016133170948,2016,133170948,1,2,2,1,21,5,3,0,0,1,0,0,9,1,5,2016,133170948,428638.0,433182.0,-1.566738,53.794163,13,3,3,2,07/01/2016,5,16:07,204,E08000035,E08000035,6,0,3,40.0,0,-1,-1,-1,0,0,4,1,1,0,0,1,2,2,E01011363
8702,2016133171039,2016,133171039,1,1,1,2,34,6,3,0,0,0,0,0,9,1,6,2016,133171039,438950.0,431555.0,-1.410407,53.778872,13,3,2,2,07/01/2016,5,16:43,204,E08000035,E08000035,3,642,6,30.0,3,4,6,0,0,0,6,1,1,0,0,2,1,2,E01011402
8703,2016133171039,2016,133171039,2,2,1,2,37,7,3,0,0,0,0,0,9,1,7,2016,133171039,438950.0,431555.0,-1.410407,53.778872,13,3,2,2,07/01/2016,5,16:43,204,E08000035,E08000035,3,642,6,30.0,3,4,6,0,0,0,6,1,1,0,0,2,1,2,E01011402
8704,2016133171722,2016,133171722,1,1,1,1,26,6,3,0,0,0,0,0,9,1,1,2016,133171722,424108.0,431567.0,-1.635631,53.779876,13,3,1,1,07/01/2016,5,23:45,204,E08000035,E08000035,6,0,6,50.0,0,-1,-1,-1,0,0,6,2,2,0,0,2,1,2,E01011728
8705,2016133180831,2016,133180831,1,1,3,1,78,11,1,5,1,0,0,0,0,1,1,2016,133180831,427023.0,424758.0,-1.591989,53.718534,13,1,1,1,08/01/2016,6,14:35,204,E08000035,E08000035,6,0,6,40.0,3,4,3,653,0,0,1,1,2,0,0,1,1,2,E01011548
8706,2016133181079,2016,133181079,2,1,1,1,56,9,3,0,0,0,0,0,4,1,9,2016,133181079,431351.0,435059.0,-1.525364,53.810877,13,3,2,1,08/01/2016,6,17:06,204,E08000035,E08000035,3,58,6,30.0,3,4,6,0,0,4,4,1,1,0,0,1,1,2,E01011673
8707,2016133181260,2016,133181260,1,1,3,2,11,3,3,5,1,0,0,0,0,1,1,2016,133181260,434969.0,436415.0,-1.470267,53.822835,13,3,1,1,08/01/2016,6,18:35,204,E08000035,E08000035,6,0,6,30.0,0,-1,-1,-1,0,0,4,1,2,0,0,1,2,2,E01011659
8708,2016133181333,2016,133181333,1,1,1,2,18,4,3,0,0,0,0,0,9,1,5,2016,133181333,427496.0,425485.0,-1.584757,53.725044,13,3,2,3,08/01/2016,6,19:36,204,E08000035,E08000035,3,653,6,30.0,3,4,6,0,0,0,4,1,1,0,0,1,1,2,E01011548
8709,2016133181333,2016,133181333,1,2,2,1,26,6,3,0,0,1,0,0,9,1,5,2016,133181333,427496.0,425485.0,-1.584757,53.725044,13,3,2,3,08/01/2016,6,19:36,204,E08000035,E08000035,3,653,6,30.0,3,4,6,0,0,0,4,1,1,0,0,1,1,2,E01011548
8710,2016133181333,2016,133181333,2,3,1,1,42,7,3,0,0,0,0,0,9,1,2,2016,133181333,427496.0,425485.0,-1.584757,53.725044,13,3,2,3,08/01/2016,6,19:36,204,E08000035,E08000035,3,653,6,30.0,3,4,6,0,0,0,4,1,1,0,0,1,1,2,E01011548
8711,2016133190305,2016,133190305,2,1,1,1,45,7,2,0,0,0,0,0,1,-1,-1,2016,133190305,420396.0,445354.0,-1.691051,53.903951,13,2,2,1,09/01/2016,7,05:05,204,E08000035,E08000035,6,0,6,30.0,3,4,6,0,0,0,4,7,2,0,0,1,2,2,E01011569