,accident_index,accident_year_x,accident_reference_x,vehicle_reference,casualty_reference,casualty_class,sex_of_casualty,age_of_casualty,age_band_of_casualty,casualty_severity,pedestrian_location,pedestrian_movement,car_passenger,bus_or_coach_passenger,pedestrian_road_maintenance_worker,casualty_type,casualty_home_area_type,casualty_imd_decile,accident_year_y,accident_reference_y,location_easting_osgr,location_northing_osgr,longitude,latitude,police_force,accident_severity,number_of_vehicles,number_of_casualties,date,day_of_week,time,local_authority_district,local_authority_ons_district,local_authority_highway,first_road_class,first_road_number,road_type,speed_limit,junction_detail,junction_control,second_road_class,second_road_number,pedestrian_crossing_human_control,pedestrian_crossing_physical_facilities,light_conditions,weather_conditions,road_surface_conditions,special_conditions_at_site,carriageway_hazards,urban_or_rural_area,did_police_officer_attend_scene_of_accident,trunk_road_flag,lsoa_of_accident_location
8712,2016133190541,2016,133190541,1,1,1,1,25,5,3,0,0,0,0,0,3,1,1,2016,133190541,430549.0,427292.0,-1.53831,53.741116,13,3,2,1,09/01/2016,7,11:44,204,E08000035,E08000035,6,0,6,30.0,0,-1,-1,-1,0,0,1,2,2,0,0,1,1,2,E01032495
8713,2016133190903,2016,133190903,2,1,1,2,54,8,3,0,0,0,0,0,9,1,9,2016,133190903,437677.0,425385.0,-1.430475,53.723511,13,3,3,3,09/01/2016,7,15:12,204,E08000035,E08000035,1,62,3,70.0,0,-1,-1,-1,0,0,1,1,2,0,0,2,1,1,E01011395
8714,2016133190903,2016,133190903,2,2,2,1,55,8,3,0,0,1,0,0,9,1,9,2016,133190903,437677.0,425385.0,-1.430475,53.723511,13,3,3,3,09/01/2016,7,15:12,204,E08000035,E08000035,1,62,3,70.0,0,-1,-1,-1,0,0,1,1,2,0,0,2,1,1,E01011395
8715,2016133190903,2016,133190903,3,3,2,2,31,6,3,0,0,1,0,0,9,1,8,2016,133190903,437677.0,425385.0,-1.430475,53.723511,13,3,3,3,09/01/2016,7,15:12,204,E08000035,E08000035,1,62,3,70.0,0,-1,-1,-1,0,0,1,1,2,0,0,2,1,1,E01011395
8716,2016133191196,2016,133191196,1,1,1,2,40,7,3,0,0,0,0,0,9,1,7,2016,133191196,441059.0,432040.0,-1.37834,53.78307,13,3,4,3,09/01/2016,7,12:30,204,E08000035,E08000035,3,63,6,30.0,3,2,6,0,0,5,1,1,1,0,0,2,2,2,E01011405
8717,2016133191196,2016,133191196,1,2,2,1,15,3,3,0,0,1,0,0,9,1,7,2016,133191196,441059.0,432040.0,-1.37834,53.78307,13,3,4,3,09/01/2016,7,12:30,204,E08000035,E08000035,3,63,6,30.0,3,2,6,0,0,5,1,1,1,0,0,2,2,2,E01011405
8718,2016133191196,2016,133191196,2,3,1,2,30,6,3,0,0,0,0,0,9,1,5,2016,133191196,441059.0,432040.0,-1.37834,53.78307,13,3,4,3,09/01/2016,7,12:30,204,E08000035,E08000035,3,63,6,30.0,3,2,6,0,0,5,1,1,1,0,0,2,2,2,E01011405
8719,2016133191206,2016,133191206,1,1,1,1,23,5,3,0,0,0,0,0,9,1,2,2016,133191206,430876.0,434256.0,-1.532658,53.803688,13,3,2,2,09/01/2016,7,18:10,204,E08000035,E08000035,3,61,3,30.0,6,2,6,0,0,0,4,2,2,0,0,1,1,2,E01033003
8720,2016133191206,2016,133191206,2,2,1,2,29,6,3,0,0,0,0,0,9,1,5,2016,133191206,430876.0,434256.0,-1.532658,53.803688,13,3,2,2,09/01/2016,7,18:10,204,E08000035,E08000035,3,61,3,30.0,6,2,6,0,0,0,4,2,2,0,0,1,1,2,E01033003
8721,2016133191223,2016,133191223,1,1,3,2,60,9,2,5,1,0,0,0,0,1,4,2016,133191223,427527.0,434393.0,-1.583496,53.805107,13,2,1,1,09/01/2016,7,17:55,204,E08000035,E08000035,6,0,9,20.0,0,-1,-1,-1,0,0,4,2,2,0,0,1,2,2,E01011482
8722,2016133191315,2016,133191315,1,1,3,2,47,8,3,1,3,0,0,0,0,1,9,2016,133191315,426474.0,428544.0,-1.599985,53.752591,13,3,1,1,09/01/2016,7,19:30,204,E08000035,E08000035,3,643,6,30.0,0,-1,-1,-1,0,1,4,2,2,0,0,1,1,2,E01011528
8723,2016133191376,2016,133191376,1,1,3,1,63,9,3,9,9,0,0,0,0,1,1,2016,133191376,429199.0,431548.0,-1.558376,53.779446,13,3,1,1,09/01/2016,7,20:13,204,E08000035,E08000035,6,0,6,30.0,0,-1,-1,-1,0,0,4,1,1,0,0,1,2,2,E01011373
8724,20161331A0692,2016,1331A0692,1,1,1,2,29,6,3,0,0,0,0,0,9,-1,-1,2016,1331A0692,427379.0,438571.0,-1.585373,53.842666,13,3,4,2,10/01/2016,1,13:30,204,E08000035,E08000035,3,6120,3,70.0,0,-1,-1,-1,0,0,1,4,2,0,0,2,1,2,E01032876
8725,20161331A0692,2016,1331A0692,3,2,2,1,6,2,3,0,0,2,0,0,9,-1,-1,2016,1331A0692,427379.0,438571.0,-1.585373,53.842666,13,3,4,2,10/01/2016,1,13:30,204,E08000035,E08000035,3,6120,3,70.0,0,-1,-1,-1,0,0,1,4,2,0,0,2,1,2,E01032876
8726,20161331A0736,2016,1331A0736,1,1,1,2,80,11,3,0,0,0,0,0,9,1,8,2016,1331A0736,420319.0,445361.0,-1.692223,53.904017,13,3,2,1,10/01/2016,1,14:00,204,E08000035,E08000035,6,0,6,30.0,3,4,6,0,0,4,1,1,1,0,0,1,2,2,E01011569
8727,20161331B0226,2016,1331B0226,1,1,2,1,57,9,3,0,0,0,0,0,5,1,9,2016,1331B0226,431554.0,430540.0,-1.522742,53.770249,13,3,2,1,11/01/2016,2,08:14,204,E08000035,E08000035,1,621,3,50.0,0,-1,-1,-1,0,0,1,1,2,0,0,1,1,1,E01011470
8728,20161331B0246,2016,1331B0246,2,1,1,1,36,7,2,0,0,0,0,0,1,1,10,2016,1331B0246,427569.0,434540.0,-1.582845,53.806426,13,2,2,1,11/01/2016,2,07:40,204,E08000035,E08000035,3,65,6,30.0,3,4,6,0,0,0,1,1,2,0,0,1,2,2,E01011482
8729,20161331B0266,2016,1331B0266,1,1,3,2,49,8,3,1,3,0,0,0,0,1,6,2016,1331B0266,431661.0,437523.0,-1.520403,53.833005,13,3,1,1,11/01/2016,2,08:53,204,E08000035,E08000035,6,0,6,30.0,0,-1,-1,-1,0,1,1,1,2,0,0,1,1,2,E01011504
8730,20161331B0488,2016,1331B0488,2,1,1,2,80,11,2,0,0,0,0,0,9,1,2,2016,1331B0488,424994.0,432563.0,-1.622106,53.788787,13,2,2,1,11/01/2016,2,11:40,204,E08000035,E08000035,6,0,6,30.0,3,4,6,0,0,0,1,1,1,0,0,1,1,2,E01011726
8731,20161331B1060,2016,1331B1060,3,1,1,1,60,9,3,0,0,0,0,0,9,3,8,2016,1331B1060,429933.0,432767.0,-1.54712,53.79036,13,3,4,1,11/01/2016,2,17:36,204,E08000035,E08000035,3,653,3,30.0,5,4,6,0,0,0,4,1,2,0,0,1,1,2,E01033016
8732,20161331B1310,2016,1331B1310,2,1,1,1,29,6,3,0,0,0,0,0,3,1,1,2016,1331B1310,428473.0,434341.0,-1.569136,53.804589,13,3,2,1,11/01/2016,2,20:05,204,E08000035,E08000035,6,0,6,30.0,0,-1,-1,-1,0,0,4,1,2,0,0,1,1,2,E01011681
8733,20161331C0236,2016,1331C0236,2,1,1,1,45,7,2,0,0,0,0,0,1,1,10,2016,1331C0236,427127.0,434793.0,-1.589534,53.808723,13,2,2,1,12/01/2016,3,09:05,204,E08000035,E08000035,3,65,6,30.0,3,4,6,0,0,0,1,1,2,0,0,1,1,2,E01011482
8734,20161331C0900,2016,1331C0900,2,1,2,2,50,8,3,0,0,1,0,0,9,-1,-1,2016,1331C0900,424579.0,433688.0,-1.628315,53.798918,13,3,2,1,12/01/2016,3,16:18,204,E08000035,E08000035,3,6110,3,30.0,0,-1,-1,-1,0,0,4,1,1,0,0,1,1,2,E01011608
8735,20161331D0289,2016,1331D0289,1,1,3,1,47,8,3,10,9,0,0,0,0,1,1,2016,1331D0289,430237.0,433264.0,-1.542457,53.79481,13,3,1,1,07/01/2016,5,21:55,204,E08000035,E08000035,6,0,6,30.0,3,4,6,0,0,0,4,1,1,0,0,1,1,2,E01033016
8736,20161331D0487,2016,1331D0487,1,1,1,2,54,8,3,0,0,0,0,0,9,-1,-1,2016,1331D0487,426639.0,433017.0,-1.597098,53.792786,13,3,2,1,13/01/2016,4,12:00,204,E08000035,E08000035,6,0,6,30.0,0,-1,-1,-1,0,0,1,1,1,0,0,1,1,2,E01011729
8737,20161331D0503,2016,1331D0503,2,1,1,1,51,8,2,0,0,0,0,0,1,1,3,2016,1331D0503,426060.0,431588.0,-1.606008,53.779971,13,2,2,1,12/07/2016,3,08:00,204,E08000035,E08000035,3,58,6,30.0,0,-1,-1,-1,0,0,1,1,1,0,0,2,2,2,E01011737
8738,20161331D0885,2016,1331D0885,1,1,3,1,11,3,3,5,1,0,0,0,0,-1,-1,2016,1331D0885,431529.0,433104.0,-1.52286,53.793295,13,3,1,1,13/01/2016,4,15:10,204,E08000035,E08000035,6,0,6,30.0,0,-1,-1,-1,0,0,1,1,1,0,0,1,2,2,E01033021
8739,20161331D1135,2016,1331D1135,2,1,1,1,40,7,3,0,0,0,0,0,9,1,10,2016,1331D1135,436642.0,425938.0,-1.446095,53.728555,13,3,3,2,13/01/2016,4,17:20,204,E08000035,E08000035,1,62,3,70.0,0,-1,-1,-1,0,0,6,1,2,0,0,2,1,1,E01011636
8740,20161331D1135,2016,1331D1135,3,2,1,1,22,5,3,0,0,0,0,0,9,1,1,2016,1331D1135,436642.0,425938.0,-1.446095,53.728555,13,3,3,2,13/01/2016,4,17:20,204,E08000035,E08000035,1,62,3,70.0,0,-1,-1,-1,0,0,6,1,2,0,0,2,1,1,E01011636
8741,20161331D1322,2016,1331D1322,1,1,2,1,20,4,2,0,0,2,0,0,9,-1,-1,2016,1331D1322,428460.0,431348.0,-1.569609,53.777689,13,2,2,3,13/01/2016,4,18:50,204,E08000035,E08000035,3,643,6,30.0,6,2,6,0,0,5,4,2,2,0,0,1,1,2,E01011369
8742,20161331D1322,2016,1331D1322,1,2,2,1,20,4,3,0,0,1,0,0,9,-1,-1,2016,1331D1322,428460.0,431348.0,-1.569609,53.777689,13,2,2,3,13/01/2016,4,18:50,204,E08000035,E08000035,3,643,6,30.0,6,2,6,0,0,5,4,2,2,0,0,1,1,2,E01011369
8743,20161331D1322,2016,1331D1322,2,3,1,1,33,6,3,0,0,0,0,0,9,-1,-1,2016,1331D1322,428460.0,431348.0,-1.569609,53.777689,13,2,2,3,13/01/2016,4,18:50,204,E08000035,E08000035,3,643,6,30.0,6,2,6,0,0,5,4,2,2,0,0,1,1,2,E01011369
8744,20161331E0257,2016,1331E0257,1,1,1,1,30,6,3,0,0,0,0,0,9,1,8,2016,1331E0257,425976.0,427855.0,-1.607595,53.746423,13,3,3,2,14/01/2016,5,08:44,204,E08000035,E08000035,6,0,6,30.0,0,-1,-1,-1,0,0,1,6,4,0,0,1,1,2,E01011533
8745,20161331E0257,2016,1331E0257,3,2,1,2,35,6,3,0,0,0,0,0,9,-1,-1,2016,1331E0257,425976.0,427855.0,-1.607595,53.746423,13,3,3,2,14/01/2016,5,08:44,204,E08000035,E08000035,6,0,6,30.0,0,-1,-1,-1,0,0,1,6,4,0,0,1,1,2,E01011533
8746,20161331E0436,2016,1331E0436,1,1,3,2,30,6,3,5,1,0,0,0,0,1,4,2016,1331E0436,430113.0,434139.0,-1.544254,53.802681,13,3,1,1,13/01/2016,4,17:05,204,E08000035,E08000035,6,0,6,30.0,0,-1,-1,-1,0,0,4,1,1,0,0,1,2,2,E01033010
8747,20161331E0606,2016,1331E0606,1,1,3,1,20,4,3,1,3,0,0,0,0,1,1,2016,1331E0606,433391.0,434055.0,-1.494493,53.801727,13,3,1,1,14/01/2016,5,12:45,204,E08000035,E08000035,3,64,6,30.0,0,-1,-1,-1,0,4,1,1,1,0,0,1,2,2,E01011346
8748,20161331E0658,2016,1331E0658,1,1,1,2,62,9,3,0,0,0,0,0,9,1,7,2016,1331E0658,421753.0,432698.0,-1.67129,53.790145,13,3,2,1,14/01/2016,5,13:34,204,E08000035,E08000035,6,0,6,30.0,3,4,6,0,0,0,1,1,1,0,0,1,1,2,E01011603
8749,20161331E0963,2016,1331E0963,1,1,1,1,36,7,3,0,0,0,0,0,9,1,8,2016,1331E0963,432820.0,432033.0,-1.503377,53.78359,13,3,1,1,14/01/2016,5,16:23,204,E08000035,E08000035,6,0,6,30.0,0,-1,-1,-1,0,0,4,1,2,0,0,1,2,2,E01011621
8750,20161331E0981,2016,1331E0981,1,1,1,1,68,10,2,0,0,0,0,0,9,1,3,2016,1331E0981,435033.0,434695.0,-1.46949,53.807372,13,2,2,1,14/01/2016,5,16:45,204,E08000035,E08000035,3,64,3,40.0,9,4,3,64,0,0,4,1,1,0,0,1,1,2,E01011343
8751,20161331E1090,2016,1331E1090,2,1,1,1,23,5,3,0,0,0,0,0,1,1,7,2016,1331E1090,429097.0,434722.0,-1.559626,53.807979,13,3,2,1,14/01/2016,5,15:45,204,E08000035,E08000035,6,0,6,30.0,6,2,6,0,0,0,4,1,1,0,0,1,2,2,E01033006
8752,20161331E1099,2016,1331E1099,1,1,1,1,27,6,3,0,0,0,0,0,9,1,1,2016,1331E1099,432287.0,434644.0,-1.511193,53.80709,13,3,2,2,14/01/2016,5,17:45,204,E08000035,E08000035,6,0,6,30.0,0,-1,-1,-1,0,0,4,1,1,0,0,1,2,2,E01011344
8753,20161331E1099,2016,1331E1099,1,2,2,2,21,5,3,0,0,1,0,0,9,1,1,2016,1331E1099,432287.0,434644.0,-1.511193,53.80709,13,3,2,2,14/01/2016,5,17:45,204,E08000035,E08000035,6,0,6,30.0,0,-1,-1,-1,0,0,4,1,1,0,0,1,2,2,E01011344
8754,20161331F0333,2016,1331F0333,2,1,1,1,52,8,3,0,0,0,0,0,1,1,7,2016,1331F0333,420214.0,445629.0,-1.693803,53.90643,13,3,2,1,14/01/2016,5,12:15,204,E08000035,E08000035,6,0,6,30.0,3,2,6,0,0,0,1,2,2,0,2,1,2,2,E01011569
8755,20161331F0855,2016,1331F0855,1,1,1,1,57,9,3,0,0,0,0,0,1,1,1,2016,1331F0855,429145.0,431748.0,-1.559177,53.781246,13,3,1,2,15/01/2016,6,14:42,204,E08000035,E08000035,6,0,6,30.0,3,4,6,0,0,0,1,1,2,0,0,1,1,2,E01011366
8756,20161331F0855,2016,1331F0855,1,2,3,1,26,6,3,5,1,0,0,0,0,1,1,2016,1331F0855,429145.0,431748.0,-1.559177,53.781246,13,3,1,2,15/01/2016,6,14:42,204,E08000035,E08000035,6,0,6,30.0,3,4,6,0,0,0,1,1,2,0,0,1,1,2,E01011366
8757,20161331F1081,2016,1331F1081,1,1,1,2,17,4,3,0,0,0,0,0,2,1,5,2016,1331F1081,424569.0,434444.0,-1.628407,53.805713,13,3,1,1,15/01/2016,6,16:50,204,E08000035,E08000035,6,0,6,30.0,3,4,6,0,0,0,4,1,4,0,0,1,1,2,E01011336
8758,20161331F1111,2016,1331F1111,2,1,1,2,31,6,3,0,0,0,0,0,9,1,1,2016,1331F1111,431874.0,435948.0,-1.51733,53.818836,13,3,2,1,15/01/2016,6,17:00,204,E08000035,E08000035,4,6159,2,30.0,6,2,6,0,0,5,4,2,2,0,6,1,1,2,E01011422
8759,20161331F1272,2016,1331F1272,1,1,1,1,37,7,3,0,0,0,0,0,9,-1,-1,2016,1331F1272,432061.0,435963.0,-1.514488,53.818959,13,3,2,1,15/01/2016,6,18:37,204,E08000035,E08000035,6,0,6,30.0,3,4,6,0,0,0,4,1,2,0,0,1,1,2,E01011647
8760,20161331F1687,2016,1331F1687,1,1,2,2,26,6,2,0,0,1,0,0,9,1,5,2016,1331F1687,424982.0,432677.0,-1.622279,53.789812,13,2,2,3,15/01/2016,6,22:16,204,E08000035,E08000035,6,0,6,30.0,3,4,6,0,0,0,1,2,2,0,0,1,1,2,E01011726
8761,20161331F1687,2016,1331F1687,1,2,2,1,7,2,3,0,0,2,0,0,9,1,5,2016,1331F1687,424982.0,432677.0,-1.622279,53.789812,13,2,2,3,15/01/2016,6,22:16,204,E08000035,E08000035,6,0,6,30.0,3,4,6,0,0,0,1,2,2,0,0,1,1,2,E01011726
8762,20161331F1687,2016,1331F1687,1,3,2,1,7,2,3,0,0,2,0,0,9,1,1,2016,1331F1687,424982.0,432677.0,-1.622279,53.789812,13,2,2,3,15/01/2016,6,22:16,204,E08000035,E08000035,6,0,6,30.0,3,4,6,0,0,0,1,2,2,0,0,1,1,2,E01011726
8763,20161331G0345,2016,1331G0345,1,1,1,2,23,5,3,0,0,0,0,0,9,1,2,2016,1331G0345,429683.0,439068.0,-1.550309,53.847007,13,3,1,1,16/01/2016,7,08:50,204,E08000035,E08000035,6,0,6,30.0,0,-1,-1,-1,0,8,1,1,1,0,0,1,1,2,E01011558
8764,20161331G0363,2016,1331G0363,2,1,1,1,28,6,3,0,0,0,0,0,9,-1,-1,2016,1331G0363,430907.0,432292.0,-1.532383,53.786034,13,3,2,1,16/01/2016,7,08:50,204,E08000035,E08000035,3,61,3,30.0,3,2,3,653,0,0,1,1,2,0,0,1,1,2,E01033018
8765,20161331G0477,2016,1331G0477,2,1,1,2,84,11,3,0,0,0,0,0,22,1,1,2016,1331G0477,429767.0,438911.0,-1.549047,53.845591,13,3,2,1,16/01/2016,7,11:00,204,E08000035,E08000035,6,0,6,30.0,0,-1,-1,-1,0,8,1,1,1,0,0,1,1,2,E01011558
8766,20161331G0824,2016,1331G0824,1,1,1,1,47,8,3,0,0,0,0,0,9,3,10,2016,1331G0824,423746.0,444348.0,-1.640141,53.894767,13,3,2,2,16/01/2016,7,14:15,204,E08000035,E08000035,3,660,6,60.0,3,4,6,0,0,0,1,1,1,0,0,2,1,2,E01011570
8767,20161331G0824,2016,1331G0824,2,2,1,1,41,7,3,0,0,0,0,0,9,1,1,2016,1331G0824,423746.0,444348.0,-1.640141,53.894767,13,3,2,2,16/01/2016,7,14:15,204,E08000035,E08000035,3,660,6,60.0,3,4,6,0,0,0,1,1,1,0,0,2,1,2,E01011570
8768,20161331G1257,2016,1331G1257,1,1,1,2,53,8,3,0,0,0,0,0,9,1,4,2016,1331G1257,426200.0,431900.0,-1.603857,53.782769,13,3,2,1,16/01/2016,7,12:57,204,E08000035,E08000035,3,6110,3,40.0,6,2,6,0,0,5,1,1,2,0,0,1,2,2,E01011737
8769,20161331G1285,2016,1331G1285,1,1,2,1,11,3,2,0,0,0,3,0,11,1,1,2016,1331G1285,431912.0,434798.0,-1.516871,53.808498,13,2,1,1,16/01/2016,7,16:00,204,E08000035,E08000035,6,0,1,30.0,1,4,6,0,0,0,1,1,1,0,0,1,2,2,E01011677
8770,20161331G1463,2016,1331G1463,1,1,1,1,19,4,3,0,0,0,0,0,2,-1,-1,2016,1331G1463,428987.0,437127.0,-1.56107,53.829601,13,3,1,1,16/01/2016,7,19:39,204,E08000035,E08000035,6,0,6,30.0,0,-1,-1,-1,0,0,4,3,3,0,0,1,1,2,E01011688
8771,20161331I0172,2016,1331I0172,2,1,1,1,26,6,3,0,0,0,0,0,1,1,3,2016,1331I0172,428087.0,434526.0,-1.574981,53.806273,13,3,2,1,18/01/2016,2,06:20,204,E08000035,E08000035,6,0,6,30.0,6,2,6,0,0,0,4,1,1,0,0,1,2,2,E01011481
8772,20161331I1016,2016,1331I1016,2,1,1,2,48,8,3,0,0,0,0,0,9,1,5,2016,1331I1016,432064.0,428597.0,-1.515206,53.752755,13,3,2,1,18/01/2016,2,15:57,204,E08000035,E08000035,1,1,3,70.0,0,-1,-1,-1,0,0,4,1,1,0,0,2,1,1,E01011496
8773,20161331I1110,2016,1331I1110,1,1,1,2,58,9,2,0,0,0,0,0,9,1,5,2016,1331I1110,426248.0,438496.0,-1.602568,53.84205,13,2,2,1,18/01/2016,2,16:49,204,E08000035,E08000035,6,0,6,30.0,3,4,6,0,0,0,1,2,2,0,0,1,1,2,E01011684
8774,20161331I1123,2016,1331I1123,1,1,1,2,40,7,2,0,0,0,0,0,1,-1,-1,2016,1331I1123,430813.0,433940.0,-1.533646,53.800852,13,2,2,1,18/01/2016,2,16:52,204,E08000035,E08000035,3,61,3,30.0,3,4,6,0,0,0,4,1,2,0,0,1,1,2,E01033031
8775,20161331I1222,2016,1331I1222,1,1,1,1,49,8,3,0,0,0,0,0,1,1,6,2016,1331I1222,430947.0,433304.0,-1.531675,53.795128,13,3,2,1,18/01/2016,2,17:40,204,E08000035,E08000035,6,0,3,30.0,6,2,3,61,0,5,4,8,2,0,0,1,1,2,E01033033
8776,20161331I1266,2016,1331I1266,2,1,1,2,26,6,3,0,0,0,0,0,9,1,2,2016,1331I1266,426507.0,437848.0,-1.598687,53.836213,13,3,2,2,18/01/2016,2,16:20,204,E08000035,E08000035,6,0,6,30.0,3,4,6,0,0,0,4,1,2,0,0,1,2,2,E01011687
8777,20161331I1266,2016,1331I1266,2,2,2,2,14,3,3,0,0,2,0,0,9,1,1,2016,1331I1266,426507.0,437848.0,-1.598687,53.836213,13,3,2,2,18/01/2016,2,16:20,204,E08000035,E08000035,6,0,6,30.0,3,4,6,0,0,0,4,1,2,0,0,1,2,2,E01011687
8778,20161331J0507,2016,1331J0507,1,1,3,1,17,4,3,1,9,0,0,0,0,1,1,2016,1331J0507,429187.0,433851.0,-1.558341,53.800146,13,3,2,1,19/01/2016,3,08:30,204,E08000035,E08000035,6,0,6,30.0,0,-1,-1,-1,0,4,1,9,2,0,0,1,2,2,E01011678
8779,20161331J0604,2016,1331J0604,1,1,3,2,42,7,2,10,9,0,0,0,0,1,1,2016,1331J0604,427484.0,434917.0,-1.584102,53.809819,13,2,1,1,19/01/2016,3,12:26,204,E08000035,E08000035,6,0,6,30.0,0,-1,-1,-1,0,0,1,1,1,0,0,1,1,2,E01011478
8780,20161331J1102,2016,1331J1102,1,1,3,2,12,3,3,5,4,0,0,0,0,1,1,2016,1331J1102,432257.0,435098.0,-1.511601,53.811173,13,3,1,1,19/01/2016,3,16:56,204,E08000035,E08000035,6,0,6,30.0,0,-1,-1,-1,0,0,4,1,2,0,0,1,1,2,E01011432
8781,20161331J1219,2016,1331J1219,2,1,1,1,27,6,3,0,0,0,0,0,9,1,8,2016,1331J1219,431496.0,432640.0,-1.523409,53.789127,13,3,2,4,19/01/2016,3,18:05,204,E08000035,E08000035,3,61,3,40.0,3,2,3,61,0,5,4,1,1,0,0,1,1,2,E01011626
8782,20161331J1219,2016,1331J1219,2,2,2,1,31,6,3,0,0,1,0,0,9,1,8,2016,1331J1219,431496.0,432640.0,-1.523409,53.789127,13,3,2,4,19/01/2016,3,18:05,204,E08000035,E08000035,3,61,3,40.0,3,2,3,61,0,5,4,1,1,0,0,1,1,2,E01011626
8783,20161331J1219,2016,1331J1219,2,3,2,1,29,6,3,0,0,2,0,0,9,1,1,2016,1331J1219,431496.0,432640.0,-1.523409,53.789127,13,3,2,4,19/01/2016,3,18:05,204,E08000035,E08000035,3,61,3,40.0,3,2,3,61,0,5,4,1,1,0,0,1,1,2,E01011626
8784,20161331J1219,2016,1331J1219,2,4,2,1,28,6,3,0,0,2,0,0,9,1,2,2016,1331J1219,431496.0,432640.0,-1.523409,53.789127,13,3,2,4,19/01/2016,3,18:05,204,E08000035,E08000035,3,61,3,40.0,3,2,3,61,0,5,4,1,1,0,0,1,1,2,E01011626
8785,20161331K1170,2016,1331K1170,1,1,1,2,40,7,3,0,0,0,0,0,1,-1,-1,2016,1331K1170,419359.0,441836.0,-1.707056,53.872371,13,3,2,1,20/01/2016,4,17:40,204,E08000035,E08000035,6,0,6,30.0,3,4,6,0,0,0,4,9,1,0,0,1,1,2,E01011265
8786,20161331K1255,2016,1331K1255,1,1,1,1,32,6,3,0,0,0,0,0,1,1,5,2016,1331K1255,430901.0,436559.0,-1.532048,53.824386,13,3,2,1,20/01/2016,4,08:05,204,E08000035,E08000035,4,6159,6,30.0,3,2,6,0,0,5,1,9,1,0,0,1,2,2,E01011356
8787,20161331K1386,2016,1331K1386,1,1,1,1,73,10,1,0,0,0,0,0,9,-1,-1,2016,1331K1386,437040.0,438286.0,-1.438583,53.839508,13,1,2,2,20/01/2016,4,19:35,204,E08000035,E08000035,6,0,6,60.0,3,4,6,0,0,0,6,1,2,0,0,2,1,2,E01011715
8788,20161331K1386,2016,1331K1386,2,2,1,1,47,8,3,0,0,0,0,0,9,-1,-1,2016,1331K1386,437040.0,438286.0,-1.438583,53.839508,13,1,2,2,20/01/2016,4,19:35,204,E08000035,E08000035,6,0,6,60.0,3,4,6,0,0,0,6,1,2,0,0,2,1,2,E01011715
8789,20161331K1457,2016,1331K1457,2,1,2,1,33,6,3,0,0,1,0,0,9,-1,-1,2016,1331K1457,431892.0,434947.0,-1.51716,53.809838,13,3,2,1,20/01/2016,4,20:15,204,E08000035,E08000035,6,0,6,30.0,3,4,6,0,0,0,4,1,1,0,0,1,1,2,E01011677
8790,20161331K1516,2016,1331K1516,1,1,3,2,15,3,3,6,7,0,0,0,0,3,6,2016,1331K1516,443265.0,445843.0,-1.342923,53.906946,13,3,1,1,20/01/2016,4,07:50,204,E08000035,E08000035,6,0,6,30.0,0,-1,-1,-1,0,0,1,2,2,0,0,2,2,2,E01011697
8791,20161331K1591,2016,1331K1591,1,1,1,1,25,5,3,0,0,0,0,0,9,1,4,2016,1331K1591,430490.0,426386.0,-1.539294,53.732976,13,3,1,1,20/01/2016,4,21:30,204,E08000035,E08000035,6,0,6,30.0,9,4,6,0,0,0,4,8,2,0,0,2,1,2,E01011551
8792,20161331K1618,2016,1331K1618,2,1,1,2,27,6,3,0,0,0,0,0,9,1,7,2016,1331K1618,427298.0,433638.0,-1.58704,53.798333,13,3,2,1,20/01/2016,4,20:00,204,E08000035,E08000035,6,0,6,30.0,6,2,6,0,0,5,4,1,2,0,0,1,2,2,E01011293
8793,20161331L0241,2016,1331L0241,1,1,1,1,16,4,3,0,0,0,0,0,2,1,1,2016,1331L0241,436008.0,437469.0,-1.454361,53.832237,13,3,1,1,21/01/2016,5,08:15,204,E08000035,E08000035,6,0,6,30.0,0,-1,-1,-1,0,0,1,1,4,0,0,1,1,2,E01011718
8794,20161331L0274,2016,1331L0274,1,1,3,2,52,8,3,5,3,0,0,0,0,1,2,2016,1331L0274,431113.0,430719.0,-1.529415,53.771884,13,3,1,1,21/01/2016,5,08:45,204,E08000035,E08000035,6,0,6,30.0,3,4,6,0,0,0,1,1,4,0,0,1,1,2,E01011472
8795,20161331L0335,2016,1331L0335,1,1,3,1,33,6,3,9,5,0,0,0,0,1,3,2016,1331L0335,429614.0,439792.0,-1.551288,53.853518,13,3,1,1,21/01/2016,5,09:34,204,E08000035,E08000035,6,0,6,20.0,0,-1,-1,-1,0,0,1,1,4,0,0,1,1,2,E01011555
8796,20161331L0756,2016,1331L0756,1,1,1,1,62,9,3,0,0,0,0,0,9,1,8,2016,1331L0756,422015.0,433952.0,-1.667224,53.801405,13,3,2,1,21/01/2016,5,14:30,204,E08000035,E08000035,3,647,3,70.0,3,4,6,0,0,0,1,9,2,0,0,1,1,2,E01011587
8797,20161331L0811,2016,1331L0811,1,1,3,1,12,3,3,5,1,0,0,0,0,1,6,2016,1331L0811,423019.0,433730.0,-1.651996,53.799366,13,3,1,1,21/01/2016,5,15:05,204,E08000035,E08000035,6,0,6,30.0,0,-1,-1,-1,0,0,4,2,2,0,0,1,1,2,E01011610
8798,20161331L1040,2016,1331L1040,1,1,3,1,43,7,3,6,9,0,0,0,0,-1,-1,2016,1331L1040,428607.0,435259.0,-1.567017,53.812833,13,3,1,1,21/01/2016,5,17:08,204,E08000035,E08000035,6,0,6,30.0,0,-1,-1,-1,0,0,4,2,2,0,0,1,1,2,E01011444