,accident_index,accident_year_x,accident_reference_x,vehicle_reference,casualty_reference,casualty_class,sex_of_casualty,age_of_casualty,age_band_of_casualty,casualty_severity,pedestrian_location,pedestrian_movement,car_passenger,bus_or_coach_passenger,pedestrian_road_maintenance_worker,casualty_type,casualty_home_area_type,casualty_imd_decile,accident_year_y,accident_reference_y,location_easting_osgr,location_northing_osgr,longitude,latitude,police_force,accident_severity,number_of_vehicles,number_of_casualties,date,day_of_week,time,local_authority_district,local_authority_ons_district,local_authority_highway,first_road_class,first_road_number,road_type,speed_limit,junction_detail,junction_control,second_road_class,second_road_number,pedestrian_crossing_human_control,pedestrian_crossing_physical_facilities,light_conditions,weather_conditions,road_surface_conditions,special_conditions_at_site,carriageway_hazards,urban_or_rural_area,did_police_officer_attend_scene_of_accident,trunk_road_flag,lsoa_of_accident_location
8799,20161331L1163,2016,1331L1163,1,1,1,1,22,5,2,0,0,0,0,0,9,1,2,2016,1331L1163,423301.0,434736.0,-1.647639,53.808396,13,2,2,1,21/01/2016,5,18:07,204,E08000035,E08000035,6,0,6,20.0,6,4,6,0,0,0,4,2,2,0,0,1,1,2,E01011335
8800,20161331L1270,2016,1331L1270,2,1,1,2,64,9,3,0,0,0,0,0,9,1,8,2016,1331L1270,428256.0,434151.0,-1.572449,53.802893,13,3,2,2,21/01/2016,5,19:10,204,E08000035,E08000035,3,65,3,30.0,0,-1,-1,-1,0,4,4,1,2,0,0,1,2,2,E01011681
8801,20161331L1270,2016,1331L1270,2,2,2,2,15,3,3,0,0,1,0,0,9,-1,-1,2016,1331L1270,428256.0,434151.0,-1.572449,53.802893,13,3,2,2,21/01/2016,5,19:10,204,E08000035,E08000035,3,65,3,30.0,0,-1,-1,-1,0,4,4,1,2,0,0,1,2,2,E01011681
8802,20161331M0236,2016,1331M0236,2,1,1,2,51,8,3,0,0,0,0,0,9,1,5,2016,1331M0236,428509.0,433061.0,-1.568708,53.793083,13,3,2,1,22/01/2016,6,08:15,204,E08000035,E08000035,4,6154,1,30.0,1,4,3,58,0,0,1,2,2,0,0,1,1,2,E01011363
8803,20161331M0925,2016,1331M0925,1,1,3,1,10,2,3,5,3,0,0,0,0,-1,-1,2016,1331M0925,426505.0,435684.0,-1.598903,53.816763,13,3,1,1,22/01/2016,6,15:52,204,E08000035,E08000035,6,0,6,30.0,0,-1,-1,-1,0,0,1,1,1,0,0,1,1,2,E01011477
8804,20161331M1173,2016,1331M1173,2,1,1,1,21,5,3,0,0,0,0,0,1,1,2,2016,1331M1173,427994.0,435196.0,-1.576332,53.8123,13,3,2,1,22/01/2016,6,17:46,204,E08000035,E08000035,6,0,6,30.0,3,4,6,0,0,0,4,9,2,0,0,1,2,2,E01011446
8805,20161331M1189,2016,1331M1189,1,1,1,1,15,3,3,0,0,0,0,0,1,1,1,2016,1331M1189,427014.0,431619.0,-1.591528,53.780201,13,3,2,1,22/01/2016,6,18:00,204,E08000035,E08000035,3,6110,3,40.0,1,4,6,0,0,0,4,1,2,0,0,1,1,2,E01011734
8806,20161331N1341,2016,1331N1341,1,1,1,2,25,5,3,0,0,0,0,0,9,1,10,2016,1331N1341,431512.0,435123.0,-1.522912,53.811443,13,3,2,3,23/01/2016,7,19:00,204,E08000035,E08000035,3,58,6,30.0,3,4,6,0,0,0,4,2,2,0,0,1,1,2,E01011673
8807,20161331N1341,2016,1331N1341,1,2,2,1,21,5,3,0,0,1,0,0,9,1,10,2016,1331N1341,431512.0,435123.0,-1.522912,53.811443,13,3,2,3,23/01/2016,7,19:00,204,E08000035,E08000035,3,58,6,30.0,3,4,6,0,0,0,4,2,2,0,0,1,1,2,E01011673
8808,20161331N1341,2016,1331N1341,2,3,1,1,33,6,3,0,0,0,0,0,9,1,8,2016,1331N1341,431512.0,435123.0,-1.522912,53.811443,13,3,2,3,23/01/2016,7,19:00,204,E08000035,E08000035,3,58,6,30.0,3,4,6,0,0,0,4,2,2,0,0,1,1,2,E01011673
8809,20161331N1501,2016,1331N1501,1,1,3,1,42,7,2,5,1,0,0,0,0,-1,-1,2016,1331N1501,427099.0,433296.0,-1.590091,53.79527,13,2,1,1,23/01/2016,7,20:35,204,E08000035,E08000035,6,0,6,30.0,3,4,6,0,0,0,4,1,2,0,0,1,1,2,E01011292
8810,20161331N1522,2016,1331N1522,1,1,2,1,25,5,2,0,0,1,0,0,9,1,2,2016,1331N1522,423560.0,434338.0,-1.643736,53.804807,13,2,1,1,23/01/2016,7,20:46,204,E08000035,E08000035,3,647,3,60.0,0,-1,-1,-1,0,0,4,2,2,0,0,1,1,2,E01011609
8811,20161331N1675,2016,1331N1675,2,1,1,1,31,6,3,0,0,0,0,0,9,1,4,2016,1331N1675,426292.0,435586.0,-1.602147,53.815893,13,3,2,1,23/01/2016,7,22:35,204,E08000035,E08000035,3,65,3,30.0,6,2,4,6157,0,5,4,1,2,0,0,1,1,2,E01011477
8812,20161331O0822,2016,1331O0822,1,1,1,1,63,9,3,0,0,0,0,0,9,1,8,2016,1331O0822,434421.0,438350.0,-1.478375,53.840262,13,3,3,1,24/01/2016,1,13:50,204,E08000035,E08000035,3,6120,6,40.0,0,-1,-1,-1,0,0,1,1,2,0,0,2,1,2,E01011716
8813,20161331O1246,2016,1331O1246,1,1,1,1,40,7,3,0,0,0,0,0,1,1,1,2016,1331O1246,429424.0,431366.0,-1.554979,53.777797,13,3,2,1,24/01/2016,1,17:59,204,E08000035,E08000035,6,0,6,20.0,0,-1,-1,-1,0,0,4,1,2,0,0,1,1,2,E01011373
8814,20161331P0243,2016,1331P0243,1,1,3,2,27,6,3,10,9,0,0,0,0,1,4,2016,1331P0243,426612.0,433094.0,-1.597501,53.793479,13,3,1,1,25/01/2016,2,07:45,204,E08000035,E08000035,4,6154,6,30.0,6,2,6,0,0,5,1,1,1,0,0,1,2,2,E01011729
8815,20161331P0247,2016,1331P0247,1,1,1,2,63,9,3,0,0,0,0,0,9,1,8,2016,1331P0247,426820.0,434978.0,-1.59418,53.810402,13,3,2,1,25/01/2016,2,08:36,204,E08000035,E08000035,3,65,6,30.0,3,4,6,0,0,0,1,1,1,0,0,1,1,2,E01011482
8816,20161331P0315,2016,1331P0315,2,1,2,1,20,4,3,0,0,1,0,0,9,1,7,2016,1331P0315,430554.0,433739.0,-1.537598,53.799061,13,3,2,1,25/01/2016,2,09:25,204,E08000035,E08000035,6,0,2,30.0,3,4,6,0,0,0,1,1,1,0,0,1,1,2,E01033010
8817,20161331P0683,2016,1331P0683,2,1,1,2,66,10,3,0,0,0,0,0,9,1,4,2016,1331P0683,426782.0,433631.0,-1.594874,53.798297,13,3,2,1,25/01/2016,2,13:05,204,E08000035,E08000035,6,0,6,30.0,3,4,6,0,0,0,1,1,1,0,0,1,1,2,E01032500
8818,20161331Q0218,2016,1331Q0218,1,1,3,1,28,6,3,2,1,0,0,0,0,1,8,2016,1331Q0218,427302.0,435777.0,-1.58679,53.817558,13,3,1,1,26/01/2016,3,08:25,204,E08000035,E08000035,6,0,6,30.0,0,-1,-1,-1,0,1,1,2,2,0,0,1,1,2,E01032945
8819,20161331Q0748,2016,1331Q0748,1,1,3,1,21,5,3,9,9,0,0,1,0,2,3,2016,1331Q0748,426197.0,433182.0,-1.603794,53.794291,13,3,1,1,26/01/2016,3,14:00,204,E08000035,E08000035,6,0,6,30.0,0,-1,-1,-1,0,0,1,9,1,4,0,1,2,2,E01011729
8820,20161331Q1048,2016,1331Q1048,2,1,1,2,59,9,3,0,0,0,0,0,9,1,5,2016,1331Q1048,429848.0,432293.0,-1.548456,53.786105,13,3,2,1,26/01/2016,3,16:40,204,E08000035,E08000035,6,0,6,30.0,6,2,6,0,0,5,4,1,1,0,0,1,1,2,E01033032
8821,20161331Q1371,2016,1331Q1371,1,1,2,2,46,8,3,0,0,0,2,0,11,1,1,2016,1331Q1371,431285.0,433868.0,-1.526487,53.800177,13,3,1,1,26/01/2016,3,10:21,204,E08000035,E08000035,6,0,6,30.0,0,-1,-1,-1,0,0,1,1,2,0,0,1,2,2,E01033031
8822,20161331R1032,2016,1331R1032,1,1,2,2,19,4,3,0,0,1,0,0,9,1,7,2016,1331R1032,428639.0,435192.0,-1.566537,53.812229,13,3,2,3,26/01/2016,3,10:50,204,E08000035,E08000035,6,0,6,30.0,0,-1,-1,-1,0,0,1,9,1,0,0,1,2,2,E01011444
8823,20161331R1032,2016,1331R1032,1,2,2,1,19,4,3,0,0,2,0,0,9,2,6,2016,1331R1032,428639.0,435192.0,-1.566537,53.812229,13,3,2,3,26/01/2016,3,10:50,204,E08000035,E08000035,6,0,6,30.0,0,-1,-1,-1,0,0,1,9,1,0,0,1,2,2,E01011444
8824,20161331R1032,2016,1331R1032,1,3,2,2,19,4,3,0,0,2,0,0,9,-1,-1,2016,1331R1032,428639.0,435192.0,-1.566537,53.812229,13,3,2,3,26/01/2016,3,10:50,204,E08000035,E08000035,6,0,6,30.0,0,-1,-1,-1,0,0,1,9,1,0,0,1,2,2,E01011444
8825,20161331R1458,2016,1331R1458,1,1,2,2,43,7,3,0,0,2,0,0,9,1,3,2016,1331R1458,422870.0,432283.0,-1.654365,53.786367,13,3,2,1,27/01/2016,4,20:15,204,E08000035,E08000035,6,0,6,30.0,0,-1,-1,-1,0,0,1,9,1,0,0,1,2,2,E01011601
8826,20161331R1533,2016,1331R1533,2,1,1,1,40,7,3,0,0,0,0,0,9,1,6,2016,1331R1533,440744.0,428684.0,-1.383563,53.752932,13,3,2,1,27/01/2016,4,20:05,204,E08000035,E08000035,6,0,6,30.0,3,4,6,0,0,0,1,1,1,0,0,1,2,2,E01011308
8827,20161331R1561,2016,1331R1561,1,1,1,2,28,6,3,0,0,0,0,0,9,3,9,2016,1331R1561,428866.0,431649.0,-1.56342,53.780372,13,3,2,1,27/01/2016,4,21:22,204,E08000035,E08000035,1,621,3,50.0,0,-1,-1,-1,0,0,4,1,1,0,0,1,1,1,E01011366
8828,20161331S0136,2016,1331S0136,2,1,1,1,41,7,2,0,0,0,0,0,1,1,6,2016,1331S0136,430554.0,431061.0,-1.537863,53.774991,13,2,2,1,28/01/2016,5,02:54,204,E08000035,E08000035,6,0,6,30.0,0,-1,-1,-1,0,0,4,1,1,0,0,1,2,2,E01011468
8829,20161331S0469,2016,1331S0469,2,1,1,1,50,8,3,0,0,0,0,0,1,-1,-1,2016,1331S0469,435929.0,435500.0,-1.455791,53.814546,13,3,2,1,28/01/2016,5,10:23,204,E08000035,E08000035,6,0,6,30.0,3,4,6,0,0,0,1,1,2,0,0,1,1,2,E01011665
8830,20161331S1052,2016,1331S1052,1,1,3,2,14,3,3,9,9,0,0,0,0,1,6,2016,1331S1052,428041.0,435078.0,-1.575629,53.811236,13,3,1,1,08/01/2016,6,07:35,204,E08000035,E08000035,6,0,6,30.0,0,-1,-1,-1,0,0,4,9,1,0,0,1,2,2,E01011446
8831,20161331S1218,2016,1331S1218,2,1,1,1,48,8,3,0,0,0,0,0,9,1,1,2016,1331S1218,432689.0,433854.0,-1.505172,53.799965,13,3,2,2,28/01/2016,5,17:30,204,E08000035,E08000035,3,64,3,40.0,0,-1,-1,-1,0,0,4,5,2,0,0,1,1,2,E01011615
8832,20161331S1218,2016,1331S1218,2,2,2,2,36,7,3,0,0,1,0,0,9,1,1,2016,1331S1218,432689.0,433854.0,-1.505172,53.799965,13,3,2,2,28/01/2016,5,17:30,204,E08000035,E08000035,3,64,3,40.0,0,-1,-1,-1,0,0,4,5,2,0,0,1,1,2,E01011615
8833,20161331S1231,2016,1331S1231,1,1,3,2,30,6,2,1,3,0,0,0,0,1,7,2016,1331S1231,428231.0,436525.0,-1.572611,53.824232,13,2,1,1,28/01/2016,5,17:40,204,E08000035,E08000035,4,6159,3,30.0,3,4,6,0,0,1,4,9,1,0,0,1,1,2,E01011692
8834,20161331S1268,2016,1331S1268,2,1,1,1,21,5,3,0,0,0,0,0,1,1,9,2016,1331S1268,429309.0,435021.0,-1.556378,53.810655,13,3,2,1,28/01/2016,5,16:10,204,E08000035,E08000035,3,660,3,30.0,3,2,6,0,0,4,1,1,2,0,0,1,1,2,E01033006
8835,20161331S1341,2016,1331S1341,2,1,1,2,43,7,3,0,0,0,0,0,1,-1,-1,2016,1331S1341,432284.0,435051.0,-1.511196,53.810749,13,3,2,1,28/01/2016,5,18:39,204,E08000035,E08000035,6,0,6,30.0,6,2,4,6159,0,5,4,2,2,0,0,1,1,2,E01011432
8836,20161331S1591,2016,1331S1591,1,1,1,1,60,9,3,0,0,0,0,0,9,1,1,2016,1331S1591,431863.0,430421.0,-1.518067,53.769161,13,3,2,1,22/01/2016,6,13:10,204,E08000035,E08000035,3,61,6,30.0,1,4,1,621,0,0,1,1,2,0,0,2,2,2,E01011469
8837,20161331S1678,2016,1331S1678,1,1,3,1,20,4,3,1,1,0,0,0,0,1,1,2016,1331S1678,429788.0,433491.0,-1.549251,53.796876,13,3,1,1,28/01/2016,5,22:19,204,E08000035,E08000035,6,0,2,30.0,0,-1,-1,-1,0,5,4,1,2,0,0,1,1,2,E01033016
8838,20161331T0239,2016,1331T0239,1,1,1,1,18,4,3,0,0,0,0,0,2,1,5,2016,1331T0239,425235.0,432958.0,-1.618415,53.792325,13,3,2,1,29/01/2016,6,07:40,204,E08000035,E08000035,6,0,6,30.0,0,-1,-1,-1,0,0,1,1,2,0,0,1,1,2,E01011727
8839,20161331T0267,2016,1331T0267,1,1,1,2,22,5,3,0,0,0,0,0,9,1,8,2016,1331T0267,436483.0,435032.0,-1.447432,53.810301,13,3,3,1,29/01/2016,6,08:00,204,E08000035,E08000035,6,0,6,30.0,3,4,6,0,0,0,4,1,1,0,0,1,2,2,E01011406
8840,20161331T0287,2016,1331T0287,1,1,1,1,26,6,3,0,0,0,0,0,3,1,8,2016,1331T0287,430535.0,433451.0,-1.537915,53.796473,13,3,1,1,29/01/2016,6,08:15,204,E08000035,E08000035,6,0,6,30.0,0,-1,-1,-1,0,0,4,9,1,0,0,1,1,2,E01033010
8841,20161331T0329,2016,1331T0329,2,1,1,1,47,8,3,0,0,0,0,0,1,1,9,2016,1331T0329,427821.0,436511.0,-1.578841,53.824128,13,3,2,1,28/01/2016,5,19:40,204,E08000035,E08000035,4,6159,6,30.0,3,4,4,6157,0,0,4,9,1,0,0,1,2,2,E01011440
8842,20161331T0338,2016,1331T0338,1,1,3,2,22,5,3,5,4,0,0,0,0,1,3,2016,1331T0338,429810.0,434420.0,-1.548828,53.805224,13,3,1,1,29/01/2016,6,08:59,204,E08000035,E08000035,3,660,2,30.0,0,-1,-1,-1,0,0,1,1,2,0,0,1,1,2,E01033005
8843,20161331T0435,2016,1331T0435,1,1,1,2,29,6,3,0,0,0,0,0,9,1,5,2016,1331T0435,424679.0,433610.0,-1.626803,53.798212,13,3,2,1,29/01/2016,6,10:07,204,E08000035,E08000035,6,0,3,30.0,1,3,3,6110,0,0,1,5,2,0,0,1,1,2,E01011727
8844,20161331T0591,2016,1331T0591,1,1,1,2,38,7,3,0,0,0,0,0,9,1,1,2016,1331T0591,431324.0,431708.0,-1.526114,53.780761,13,3,2,1,29/01/2016,6,11:45,204,E08000035,E08000035,3,61,3,30.0,0,-1,-1,-1,0,0,1,4,2,0,0,1,1,2,E01011467
8845,20161331T0680,2016,1331T0680,1,1,3,1,26,6,3,4,4,0,0,0,0,1,6,2016,1331T0680,428972.0,435484.0,-1.561452,53.814835,13,3,1,1,27/01/2016,4,15:29,204,E08000035,E08000035,6,0,6,30.0,0,-1,-1,-1,0,5,1,9,1,0,0,1,2,2,E01011443
8846,20161331T1056,2016,1331T1056,2,1,1,1,21,5,3,0,0,0,0,0,1,1,1,2016,1331T1056,432945.0,433980.0,-1.501272,53.801081,13,3,2,1,29/01/2016,6,15:40,204,E08000035,E08000035,6,0,6,30.0,3,4,3,64,0,0,1,4,1,0,0,1,1,2,E01011348
8847,20161331T1234,2016,1331T1234,1,1,1,2,25,5,3,0,0,0,0,0,9,1,7,2016,1331T1234,443097.0,440631.0,-1.346211,53.860117,13,3,4,4,29/01/2016,6,17:11,204,E08000035,E08000035,2,1,3,70.0,0,-1,-1,-1,0,0,6,1,2,0,0,2,1,1,E01011712
8848,20161331T1234,2016,1331T1234,2,2,1,1,41,7,3,0,0,0,0,0,9,2,8,2016,1331T1234,443097.0,440631.0,-1.346211,53.860117,13,3,4,4,29/01/2016,6,17:11,204,E08000035,E08000035,2,1,3,70.0,0,-1,-1,-1,0,0,6,1,2,0,0,2,1,1,E01011712
8849,20161331T1234,2016,1331T1234,3,3,1,1,23,5,3,0,0,0,0,0,9,1,5,2016,1331T1234,443097.0,440631.0,-1.346211,53.860117,13,3,4,4,29/01/2016,6,17:11,204,E08000035,E08000035,2,1,3,70.0,0,-1,-1,-1,0,0,6,1,2,0,0,2,1,1,E01011712
8850,20161331T1234,2016,1331T1234,4,4,1,2,24,5,3,0,0,0,0,0,9,1,8,2016,1331T1234,443097.0,440631.0,-1.346211,53.860117,13,3,4,4,29/01/2016,6,17:11,204,E08000035,E08000035,2,1,3,70.0,0,-1,-1,-1,0,0,6,1,2,0,0,2,1,1,E01011712
8851,20161331T1394,2016,1331T1394,1,1,1,1,24,5,3,0,0,0,0,0,1,1,7,2016,1331T1394,432291.0,436287.0,-1.51096,53.821857,13,3,2,1,29/01/2016,6,18:26,204,E08000035,E08000035,6,0,6,30.0,3,4,6,0,0,0,4,9,1,0,0,1,2,2,E01011647
8852,20161331T1516,2016,1331T1516,1,1,3,1,70,10,3,5,1,0,0,0,0,-1,-1,2016,1331T1516,428534.0,437104.0,-1.567955,53.829419,13,3,1,1,29/01/2016,6,19:30,204,E08000035,E08000035,6,0,6,30.0,3,4,6,0,0,8,4,4,1,0,0,1,1,2,E01011689
8853,20161331T1712,2016,1331T1712,2,1,1,1,33,6,3,0,0,0,0,0,8,1,1,2016,1331T1712,422903.0,434711.0,-1.653685,53.808189,13,3,2,1,29/01/2016,6,21:10,204,E08000035,E08000035,4,6157,6,30.0,3,4,6,0,0,0,4,9,1,0,0,1,1,2,E01011328
8854,20161331U0278,2016,1331U0278,1,1,1,1,35,6,2,0,0,0,0,0,19,1,1,2016,1331U0278,426797.0,433071.0,-1.594695,53.793263,13,2,1,1,30/01/2016,7,04:30,204,E08000035,E08000035,4,6154,6,30.0,3,4,6,0,0,0,7,9,1,0,0,1,1,2,E01011729
8855,20161331U0525,2016,1331U0525,1,1,3,2,81,11,3,5,9,0,0,0,0,2,9,2016,1331U0525,422627.0,433537.0,-1.657962,53.797649,13,3,1,1,30/01/2016,7,10:40,204,E08000035,E08000035,4,6154,6,30.0,8,4,6,0,0,0,1,1,2,0,0,1,1,2,E01011610
8856,20161331U0881,2016,1331U0881,1,1,1,1,33,6,3,0,0,0,0,0,1,1,1,2016,1331U0881,435951.0,435475.0,-1.455459,53.814319,13,3,2,1,30/01/2016,7,12:45,204,E08000035,E08000035,3,64,3,30.0,3,4,6,0,0,4,1,6,2,0,0,1,2,2,E01011665
8857,20161331U1291,2016,1331U1291,1,1,1,1,48,8,3,0,0,0,0,0,9,1,9,2016,1331U1291,431825.0,430454.0,-1.51864,53.76946,13,3,1,1,30/01/2016,7,18:55,204,E08000035,E08000035,1,621,7,50.0,5,4,3,61,0,0,4,3,2,0,0,2,1,1,E01011469
8858,20161331V0635,2016,1331V0635,1,1,1,2,37,7,3,0,0,0,0,0,9,1,2,2016,1331V0635,431404.0,435028.0,-1.524562,53.810596,13,3,2,5,31/01/2016,1,11:55,204,E08000035,E08000035,6,0,6,30.0,6,2,6,0,0,5,1,1,2,2,0,1,1,2,E01011673
8859,20161331V0635,2016,1331V0635,2,2,1,1,28,6,3,0,0,0,0,0,9,1,7,2016,1331V0635,431404.0,435028.0,-1.524562,53.810596,13,3,2,5,31/01/2016,1,11:55,204,E08000035,E08000035,6,0,6,30.0,6,2,6,0,0,5,1,1,2,2,0,1,1,2,E01011673
8860,20161331V0635,2016,1331V0635,2,3,2,2,20,4,3,0,0,1,0,0,9,1,7,2016,1331V0635,431404.0,435028.0,-1.524562,53.810596,13,3,2,5,31/01/2016,1,11:55,204,E08000035,E08000035,6,0,6,30.0,6,2,6,0,0,5,1,1,2,2,0,1,1,2,E01011673
8861,20161331V0635,2016,1331V0635,2,4,2,2,7,2,3,0,0,2,0,0,9,1,1,2016,1331V0635,431404.0,435028.0,-1.524562,53.810596,13,3,2,5,31/01/2016,1,11:55,204,E08000035,E08000035,6,0,6,30.0,6,2,6,0,0,5,1,1,2,2,0,1,1,2,E01011673
8862,20161331V0635,2016,1331V0635,2,5,2,1,6,2,3,0,0,2,0,0,9,1,1,2016,1331V0635,431404.0,435028.0,-1.524562,53.810596,13,3,2,5,31/01/2016,1,11:55,204,E08000035,E08000035,6,0,6,30.0,6,2,6,0,0,5,1,1,2,2,0,1,1,2,E01011673
8863,20161331V0671,2016,1331V0671,1,1,3,1,28,6,3,5,1,0,0,0,0,1,7,2016,1331V0671,420275.0,445365.0,-1.692892,53.904055,13,3,1,1,31/01/2016,1,11:46,204,E08000035,E08000035,6,0,6,30.0,3,4,6,0,0,0,1,1,2,0,0,1,1,2,E01011569
8864,20161331V0877,2016,1331V0877,2,1,1,1,41,7,3,0,0,0,0,0,1,1,3,2016,1331V0877,425664.0,439612.0,-1.61135,53.85211,13,3,2,1,31/01/2016,1,14:50,204,E08000035,E08000035,6,0,6,40.0,0,-1,-1,-1,0,0,1,1,1,0,0,1,1,2,E01011379
8865,20161331V1126,2016,1331V1126,1,1,1,1,64,9,3,0,0,0,0,0,9,1,1,2016,1331V1126,429948.0,436664.0,-1.546515,53.825385,13,3,1,1,31/01/2016,1,17:34,204,E08000035,E08000035,3,61,3,40.0,1,4,6,0,0,4,4,1,2,0,0,1,1,2,E01011350
8866,20161331V1251,2016,1331V1251,1,1,3,1,20,4,3,10,9,0,0,0,0,1,5,2016,1331V1251,430036.0,434078.0,-1.545429,53.802138,13,3,1,1,31/01/2016,1,15:35,204,E08000035,E08000035,6,0,6,30.0,0,-1,-1,-1,0,4,1,4,1,0,0,1,2,2,E01033010
8867,2016133210161,2016,133210161,1,1,1,1,34,6,3,0,0,0,0,0,9,-1,-1,2016,133210161,440272.0,449564.0,-1.38799,53.940629,13,3,2,1,01/02/2016,2,05:00,204,E08000035,E08000035,6,0,6,30.0,0,-1,-1,-1,0,0,4,4,2,0,0,1,1,2,E01011698
8868,2016133210421,2016,133210421,2,1,1,2,23,5,3,0,0,0,0,0,9,1,5,2016,133210421,429812.0,438919.0,-1.548363,53.845661,13,3,2,1,29/01/2016,6,18:00,204,E08000035,E08000035,3,6120,3,30.0,1,4,6,0,0,0,4,9,1,0,0,1,2,2,E01011558
8869,2016133210475,2016,133210475,1,1,3,1,28,6,3,1,1,0,0,0,0,-1,-1,2016,133210475,431026.0,433540.0,-1.530452,53.797244,13,3,1,1,01/02/2016,2,10:39,204,E08000035,E08000035,6,0,3,30.0,3,2,3,653,0,5,1,1,2,0,0,1,1,2,E01033011
8870,2016133210607,2016,133210607,1,1,1,2,52,8,3,0,0,0,0,0,9,1,6,2016,133210607,435675.0,434795.0,-1.45973,53.808227,13,3,3,2,01/02/2016,2,12:05,204,E08000035,E08000035,6,0,3,40.0,6,4,6,0,0,0,1,4,1,0,0,1,1,2,E01011343
8871,2016133210607,2016,133210607,2,2,1,2,66,10,3,0,0,0,0,0,9,1,6,2016,133210607,435675.0,434795.0,-1.45973,53.808227,13,3,3,2,01/02/2016,2,12:05,204,E08000035,E08000035,6,0,3,40.0,6,4,6,0,0,0,1,4,1,0,0,1,1,2,E01011343
8872,2016133210942,2016,133210942,1,1,3,2,85,11,3,5,3,0,0,0,0,-1,-1,2016,133210942,431881.0,435453.0,-1.517275,53.814386,13,3,1,1,01/02/2016,2,15:30,204,E08000035,E08000035,6,0,6,30.0,3,4,6,0,0,8,1,4,1,0,0,1,1,2,E01011429
8873,2016133210980,2016,133210980,1,1,2,1,6,2,3,0,0,2,0,0,9,1,1,2016,133210980,432858.0,435382.0,-1.502444,53.813688,13,3,2,3,01/02/2016,2,15:45,204,E08000035,E08000035,6,0,6,30.0,6,4,6,0,0,0,1,9,1,0,0,1,1,2,E01011424
8874,2016133210980,2016,133210980,1,2,2,2,9,2,3,0,0,2,0,0,9,1,1,2016,133210980,432858.0,435382.0,-1.502444,53.813688,13,3,2,3,01/02/2016,2,15:45,204,E08000035,E08000035,6,0,6,30.0,6,4,6,0,0,0,1,9,1,0,0,1,1,2,E01011424
8875,2016133210980,2016,133210980,1,3,2,2,10,2,3,0,0,2,0,0,9,1,1,2016,133210980,432858.0,435382.0,-1.502444,53.813688,13,3,2,3,01/02/2016,2,15:45,204,E08000035,E08000035,6,0,6,30.0,6,4,6,0,0,0,1,9,1,0,0,1,1,2,E01011424
8876,2016133211478,2016,133211478,1,1,3,2,26,6,3,6,9,0,0,0,0,1,2,2016,133211478,426743.0,427878.0,-1.595963,53.746591,13,3,1,1,01/02/2016,2,15:10,204,E08000035,E08000035,6,0,6,30.0,0,-1,-1,-1,1,0,1,1,1,0,0,1,2,2,E01032489
8877,2016133220231,2016,133220231,2,1,1,1,31,6,3,0,0,0,0,0,9,1,3,2016,133220231,432173.0,425966.0,-1.513826,53.729101,13,3,2,1,02/02/2016,3,08:10,204,E08000035,E08000035,1,1,3,70.0,5,4,1,1,0,0,1,4,1,0,0,2,1,1,E01011499
8878,2016133220493,2016,133220493,1,1,1,2,73,10,3,0,0,0,0,0,9,1,1,2016,133220493,430785.0,424533.0,-1.535006,53.716304,13,3,2,1,02/02/2016,3,11:26,204,E08000035,E08000035,1,1,7,70.0,1,2,3,650,0,4,1,1,1,0,0,2,1,1,E01011537
8879,2016133221429,2016,133221429,2,1,1,1,41,7,3,0,0,0,0,0,1,2,9,2016,133221429,427896.0,436200.0,-1.57773,53.821329,13,3,2,1,02/02/2016,3,18:00,204,E08000035,E08000035,3,660,6,30.0,6,2,6,0,0,4,4,9,2,0,0,1,2,2,E01011451
8880,2016133221533,2016,133221533,2,1,1,1,24,5,3,0,0,0,0,0,4,1,1,2016,133221533,431966.0,435835.0,-1.515944,53.817815,13,3,2,1,02/02/2016,3,22:05,204,E08000035,E08000035,6,0,6,30.0,3,2,6,0,0,5,4,8,2,0,0,1,1,2,E01011422
8881,2016133230659,2016,133230659,1,1,2,2,28,6,3,0,0,1,0,0,9,-1,-1,2016,133230659,429466.0,427604.0,-1.5547,53.743982,13,3,2,2,03/02/2016,4,13:06,204,E08000035,E08000035,6,0,6,30.0,0,-1,-1,-1,0,0,1,1,1,0,0,1,1,2,E01011493
8882,2016133230659,2016,133230659,2,2,1,1,48,8,3,0,0,0,0,0,9,-1,-1,2016,133230659,429466.0,427604.0,-1.5547,53.743982,13,3,2,2,03/02/2016,4,13:06,204,E08000035,E08000035,6,0,6,30.0,0,-1,-1,-1,0,0,1,1,1,0,0,1,1,2,E01011493
8883,2016133230661,2016,133230661,2,1,2,2,47,8,3,0,0,1,0,0,9,1,1,2016,133230661,429373.0,433781.0,-1.555524,53.799506,13,3,3,1,03/02/2016,4,13:19,204,E08000035,E08000035,3,58,7,30.0,6,2,6,0,0,5,1,1,1,0,0,1,1,2,E01011678
8884,2016133230666,2016,133230666,1,1,3,2,24,5,3,5,3,0,0,0,0,-1,-1,2016,133230666,439049.0,426668.0,-1.409522,53.734942,13,3,1,1,03/02/2016,4,13:21,204,E08000035,E08000035,3,639,6,30.0,0,-1,-1,-1,0,0,1,1,1,0,0,2,2,2,E01011393
8885,2016133230777,2016,133230777,1,1,3,2,86,11,2,5,3,0,0,0,0,1,6,2016,133230777,426013.0,433936.0,-1.606523,53.801077,13,2,1,1,03/02/2016,4,12:15,204,E08000035,E08000035,6,0,6,20.0,3,4,6,0,0,0,1,1,1,0,0,1,1,2,E01032499
8886,2016133230848,2016,133230848,1,1,1,2,80,11,3,0,0,0,0,0,9,1,10,2016,133230848,420428.0,440372.0,-1.690895,53.859172,13,2,3,3,03/02/2016,4,15:07,204,E08000035,E08000035,3,65,6,30.0,3,4,6,0,0,0,1,9,1,0,0,1,1,2,E01011277