,accident_index,accident_year_x,accident_reference_x,vehicle_reference,casualty_reference,casualty_class,sex_of_casualty,age_of_casualty,age_band_of_casualty,casualty_severity,pedestrian_location,pedestrian_movement,car_passenger,bus_or_coach_passenger,pedestrian_road_maintenance_worker,casualty_type,casualty_home_area_type,casualty_imd_decile,accident_year_y,accident_reference_y,location_easting_osgr,location_northing_osgr,longitude,latitude,police_force,accident_severity,number_of_vehicles,number_of_casualties,date,day_of_week,time,local_authority_district,local_authority_ons_district,local_authority_highway,first_road_class,first_road_number,road_type,speed_limit,junction_detail,junction_control,second_road_class,second_road_number,pedestrian_crossing_human_control,pedestrian_crossing_physical_facilities,light_conditions,weather_conditions,road_surface_conditions,special_conditions_at_site,carriageway_hazards,urban_or_rural_area,did_police_officer_attend_scene_of_accident,trunk_road_flag,lsoa_of_accident_location
8887,2016133230848,2016,133230848,1,2,2,2,83,11,2,0,0,1,0,0,9,1,10,2016,133230848,420428.0,440372.0,-1.690895,53.859172,13,2,3,3,03/02/2016,4,15:07,204,E08000035,E08000035,3,65,6,30.0,3,4,6,0,0,0,1,9,1,0,0,1,1,2,E01011277
8888,2016133230848,2016,133230848,3,3,1,1,42,7,3,0,0,0,0,0,9,3,7,2016,133230848,420428.0,440372.0,-1.690895,53.859172,13,2,3,3,03/02/2016,4,15:07,204,E08000035,E08000035,3,65,6,30.0,3,4,6,0,0,0,1,9,1,0,0,1,1,2,E01011277
8889,2016133230884,2016,133230884,2,1,1,1,24,5,2,0,0,0,0,0,1,1,10,2016,133230884,422305.0,443629.0,-1.662121,53.888369,13,2,2,1,03/02/2016,4,09:20,204,E08000035,E08000035,6,0,6,30.0,3,4,6,0,0,0,1,1,2,0,0,2,2,2,E01032503
8890,2016133230901,2016,133230901,1,1,3,2,86,11,3,6,9,0,0,0,0,-1,-1,2016,133230901,419911.0,445189.0,-1.698444,53.902487,13,3,1,1,03/02/2016,4,11:45,204,E08000035,E08000035,6,0,9,20.0,0,-1,-1,-1,0,0,1,1,2,0,0,1,2,2,E01011574
8891,2016133231158,2016,133231158,2,1,1,2,41,7,3,0,0,0,0,0,9,1,10,2016,133231158,431027.0,430577.0,-1.530734,53.770613,13,3,3,1,03/02/2016,4,17:47,204,E08000035,E08000035,1,621,3,50.0,0,-1,-1,-1,0,0,4,1,1,0,0,1,1,1,E01011471
8892,2016133231217,2016,133231217,1,1,2,1,77,11,3,0,0,0,4,0,11,1,4,2016,133231217,432844.0,434994.0,-1.502698,53.810201,13,3,2,1,03/02/2016,4,15:13,204,E08000035,E08000035,6,0,6,30.0,0,-1,-1,-1,0,0,1,1,2,0,0,1,2,2,E01011431
8893,2016133231235,2016,133231235,2,1,1,2,32,6,3,0,0,0,0,0,9,1,2,2016,133231235,429109.0,433552.0,-1.559554,53.797463,13,3,2,1,03/02/2016,4,16:20,204,E08000035,E08000035,3,58,6,30.0,7,4,6,0,0,5,1,9,1,0,0,1,2,2,E01033008
8894,2016133231343,2016,133231343,2,1,1,1,36,7,3,0,0,0,0,0,8,1,5,2016,133231343,429464.0,433392.0,-1.554179,53.796005,13,3,3,1,02/02/2016,3,06:45,204,E08000035,E08000035,6,0,6,30.0,0,-1,-1,-1,0,0,1,1,1,0,0,1,2,2,E01033015
8895,2016133240129,2016,133240129,1,1,3,1,20,4,2,4,1,0,0,0,0,1,5,2016,133240129,429514.0,433793.0,-1.553382,53.799606,13,2,1,2,04/02/2016,5,04:00,204,E08000035,E08000035,6,0,3,30.0,3,2,3,58,0,5,4,2,2,0,0,1,1,2,E01033008
8896,2016133240129,2016,133240129,1,2,2,2,19,4,3,0,0,2,0,0,8,1,4,2016,133240129,429514.0,433793.0,-1.553382,53.799606,13,2,1,2,04/02/2016,5,04:00,204,E08000035,E08000035,6,0,3,30.0,3,2,3,58,0,5,4,2,2,0,0,1,1,2,E01033008
8897,2016133240312,2016,133240312,1,1,1,2,30,6,3,0,0,0,0,0,9,1,1,2016,133240312,431583.0,429064.0,-1.522453,53.756981,13,3,2,1,03/02/2016,4,08:45,204,E08000035,E08000035,6,0,6,30.0,0,-1,-1,-1,0,0,1,1,2,0,0,1,2,2,E01011476
8898,2016133241275,2016,133241275,2,1,2,1,8,2,3,0,0,2,0,0,9,1,2,2016,133241275,432823.0,435217.0,-1.502993,53.812207,13,3,2,1,04/02/2016,5,18:04,204,E08000035,E08000035,6,0,6,30.0,3,4,6,0,0,0,1,1,1,0,0,1,1,2,E01011431
8899,2016133241773,2016,133241773,2,1,2,2,31,6,3,0,0,1,0,0,9,1,1,2016,133241773,429146.0,433505.0,-1.558996,53.797038,13,3,3,2,04/02/2016,5,23:05,204,E08000035,E08000035,6,0,6,30.0,0,-1,-1,-1,0,0,4,1,1,0,0,1,1,2,E01033015
8900,2016133241773,2016,133241773,3,2,2,2,23,5,3,0,0,1,0,0,9,1,2,2016,133241773,429146.0,433505.0,-1.558996,53.797038,13,3,3,2,04/02/2016,5,23:05,204,E08000035,E08000035,6,0,6,30.0,0,-1,-1,-1,0,0,4,1,1,0,0,1,1,2,E01033015
8901,2016133250020,2016,133250020,1,1,3,1,22,5,2,5,3,0,0,0,0,3,7,2016,133250020,429937.0,433040.0,-1.547033,53.792814,13,2,1,1,05/02/2016,6,00:05,204,E08000035,E08000035,6,0,3,30.0,0,-1,-1,-1,0,0,4,1,1,0,0,1,1,2,E01033016
8902,2016133250482,2016,133250482,1,1,1,1,29,6,3,0,0,0,0,0,9,-1,-1,2016,133250482,445958.0,431183.0,-1.304122,53.774959,13,3,2,2,09/01/2016,7,18:55,204,E08000035,E08000035,4,1222,6,30.0,3,4,3,63,0,0,6,4,2,0,0,2,2,2,E01011299
8903,2016133250482,2016,133250482,1,2,2,2,29,6,3,0,0,1,0,0,9,-1,-1,2016,133250482,445958.0,431183.0,-1.304122,53.774959,13,3,2,2,09/01/2016,7,18:55,204,E08000035,E08000035,4,1222,6,30.0,3,4,3,63,0,0,6,4,2,0,0,2,2,2,E01011299
8904,2016133250763,2016,133250763,1,1,1,1,22,5,2,0,0,0,0,0,3,1,1,2016,133250763,427967.0,435720.0,-1.576695,53.817011,13,2,1,3,05/02/2016,6,13:37,204,E08000035,E08000035,6,0,6,30.0,0,-1,-1,-1,0,0,1,1,1,0,0,1,1,2,E01011440
8905,2016133250763,2016,133250763,1,2,3,2,52,8,3,6,9,0,0,0,0,-1,-1,2016,133250763,427967.0,435720.0,-1.576695,53.817011,13,2,1,3,05/02/2016,6,13:37,204,E08000035,E08000035,6,0,6,30.0,0,-1,-1,-1,0,0,1,1,1,0,0,1,1,2,E01011440
8906,2016133250763,2016,133250763,1,3,3,2,38,7,3,6,9,0,0,0,0,1,6,2016,133250763,427967.0,435720.0,-1.576695,53.817011,13,2,1,3,05/02/2016,6,13:37,204,E08000035,E08000035,6,0,6,30.0,0,-1,-1,-1,0,0,1,1,1,0,0,1,1,2,E01011440
8907,2016133250808,2016,133250808,2,1,1,1,50,8,3,0,0,0,0,0,9,1,8,2016,133250808,427749.0,436433.0,-1.579942,53.823431,13,3,2,1,05/02/2016,6,13:59,204,E08000035,E08000035,3,660,6,30.0,6,2,6,0,0,5,1,1,1,0,0,1,1,2,E01011435
8908,2016133250909,2016,133250909,1,1,1,1,29,6,3,0,0,0,0,0,9,1,3,2016,133250909,427283.0,433766.0,-1.587256,53.799485,13,3,2,2,05/02/2016,6,14:45,204,E08000035,E08000035,6,0,6,30.0,6,4,6,0,0,0,1,1,1,0,0,1,1,2,E01011284
8909,2016133250909,2016,133250909,2,2,1,1,52,8,3,0,0,0,0,0,9,1,3,2016,133250909,427283.0,433766.0,-1.587256,53.799485,13,3,2,2,05/02/2016,6,14:45,204,E08000035,E08000035,6,0,6,30.0,6,4,6,0,0,0,1,1,1,0,0,1,1,2,E01011284
8910,2016133251140,2016,133251140,2,1,1,1,24,5,3,0,0,0,0,0,1,1,2,2016,133251140,429461.0,436019.0,-1.553974,53.819616,13,3,2,1,05/02/2016,6,16:39,204,E08000035,E08000035,6,0,6,30.0,6,2,4,6159,0,4,4,9,1,0,0,1,2,2,E01011669
8911,2016133260392,2016,133260392,1,1,2,2,22,5,3,0,0,1,0,0,9,-1,-1,2016,133260392,435658.0,440202.0,-1.459362,53.856824,13,3,1,1,06/02/2016,7,08:40,204,E08000035,E08000035,3,58,6,50.0,0,-1,-1,-1,0,0,1,2,2,0,0,2,1,2,E01011311
8912,2016133260640,2016,133260640,1,1,1,1,70,10,3,0,0,0,0,0,9,1,3,2016,133260640,431034.0,424695.0,-1.531217,53.717746,13,3,2,1,06/02/2016,7,12:14,204,E08000035,E08000035,1,1,3,70.0,0,-1,-1,-1,0,0,1,2,2,0,0,2,1,1,E01011537
8913,2016133260782,2016,133260782,1,1,1,2,43,7,3,0,0,0,0,0,9,1,5,2016,133260782,436518.0,434022.0,-1.44702,53.801221,13,3,2,1,06/02/2016,7,13:44,204,E08000035,E08000035,3,6120,6,40.0,0,-1,-1,-1,0,0,1,2,2,0,0,1,1,2,E01011412
8914,2016133261079,2016,133261079,1,1,2,1,18,4,2,0,0,0,0,0,4,1,6,2016,133261079,431603.0,426687.0,-1.522392,53.735616,13,2,2,1,06/02/2016,7,16:45,204,E08000035,E08000035,6,0,6,30.0,0,-1,-1,-1,0,0,1,1,2,0,0,2,1,2,E01011499
8915,2016133261181,2016,133261181,2,1,2,2,37,7,3,0,0,1,0,0,9,1,7,2016,133261181,434792.0,437967.0,-1.47278,53.836795,13,3,2,1,06/02/2016,7,17:34,204,E08000035,E08000035,3,6110,6,30.0,1,4,3,58,0,0,1,9,1,0,0,1,1,2,E01011650
8916,2016133261396,2016,133261396,2,1,1,1,25,5,2,0,0,0,0,0,1,-1,-1,2016,133261396,436229.0,435593.0,-1.451224,53.815361,13,2,2,1,31/01/2016,1,19:25,204,E08000035,E08000035,6,0,2,40.0,3,4,6,0,0,0,4,2,2,0,0,1,1,2,E01011724
8917,2016133261553,2016,133261553,2,1,1,1,40,7,3,0,0,0,0,0,1,1,5,2016,133261553,428307.0,434106.0,-1.571678,53.802486,13,3,2,1,06/02/2016,7,11:30,204,E08000035,E08000035,3,65,6,30.0,8,4,6,0,0,0,1,9,1,0,0,1,2,2,E01011681
8918,2016133271019,2016,133271019,1,1,2,2,4,1,3,0,0,0,4,0,11,1,1,2016,133271019,424689.0,435030.0,-1.626538,53.810974,13,3,1,1,07/02/2016,1,15:12,204,E08000035,E08000035,3,657,6,30.0,0,-1,-1,-1,0,0,1,9,1,0,0,1,2,2,E01011336
8919,2016133271173,2016,133271173,1,1,1,2,69,10,3,0,0,0,0,0,9,1,6,2016,133271173,435942.0,433600.0,-1.455814,53.797468,13,3,2,4,07/02/2016,1,18:00,204,E08000035,E08000035,4,6159,6,30.0,3,4,6,0,0,0,4,5,2,0,0,1,1,2,E01011416
8920,2016133271173,2016,133271173,2,2,1,1,38,7,3,0,0,0,0,0,9,1,3,2016,133271173,435942.0,433600.0,-1.455814,53.797468,13,3,2,4,07/02/2016,1,18:00,204,E08000035,E08000035,4,6159,6,30.0,3,4,6,0,0,0,4,5,2,0,0,1,1,2,E01011416
8921,2016133271173,2016,133271173,2,3,2,1,18,4,3,0,0,1,0,0,9,1,7,2016,133271173,435942.0,433600.0,-1.455814,53.797468,13,3,2,4,07/02/2016,1,18:00,204,E08000035,E08000035,4,6159,6,30.0,3,4,6,0,0,0,4,5,2,0,0,1,1,2,E01011416
8922,2016133271173,2016,133271173,2,4,2,2,2,1,3,0,0,2,0,0,9,1,7,2016,133271173,435942.0,433600.0,-1.455814,53.797468,13,3,2,4,07/02/2016,1,18:00,204,E08000035,E08000035,4,6159,6,30.0,3,4,6,0,0,0,4,5,2,0,0,1,1,2,E01011416
8923,2016133271224,2016,133271224,1,1,1,2,72,10,3,0,0,0,0,0,9,1,1,2016,133271224,433388.0,435467.0,-1.494386,53.814418,13,3,2,2,07/02/2016,1,18:30,204,E08000035,E08000035,6,0,6,30.0,0,-1,-1,-1,0,0,7,9,1,0,0,1,2,2,E01011431
8924,2016133271224,2016,133271224,1,2,2,1,80,11,3,0,0,1,0,0,9,1,1,2016,133271224,433388.0,435467.0,-1.494386,53.814418,13,3,2,2,07/02/2016,1,18:30,204,E08000035,E08000035,6,0,6,30.0,0,-1,-1,-1,0,0,7,9,1,0,0,1,2,2,E01011431
8925,2016133271461,2016,133271461,1,1,1,2,35,6,3,0,0,0,0,0,9,2,9,2016,133271461,436117.0,431173.0,-1.453441,53.775643,13,3,4,3,07/02/2016,1,21:05,204,E08000035,E08000035,1,1,9,70.0,0,-1,-1,-1,0,0,6,5,2,0,3,2,1,1,E01011420
8926,2016133271461,2016,133271461,1,2,2,2,3,1,3,0,0,2,0,0,9,2,9,2016,133271461,436117.0,431173.0,-1.453441,53.775643,13,3,4,3,07/02/2016,1,21:05,204,E08000035,E08000035,1,1,9,70.0,0,-1,-1,-1,0,0,6,5,2,0,3,2,1,1,E01011420
8927,2016133271461,2016,133271461,1,3,2,2,5,1,3,0,0,2,0,0,9,2,9,2016,133271461,436117.0,431173.0,-1.453441,53.775643,13,3,4,3,07/02/2016,1,21:05,204,E08000035,E08000035,1,1,9,70.0,0,-1,-1,-1,0,0,6,5,2,0,3,2,1,1,E01011420
8928,2016133271538,2016,133271538,2,1,1,1,48,8,3,0,0,0,0,0,8,-1,-1,2016,133271538,428096.0,434513.0,-1.574845,53.806155,13,3,2,1,07/02/2016,1,22:05,204,E08000035,E08000035,6,0,6,30.0,6,2,6,0,0,5,4,2,2,0,0,1,1,2,E01011481
8929,2016133280172,2016,133280172,2,1,1,1,25,5,3,0,0,0,0,0,3,1,3,2016,133280172,428266.0,435438.0,-1.572179,53.81446,13,3,2,1,08/02/2016,2,07:25,204,E08000035,E08000035,6,0,6,30.0,0,-1,-1,-1,0,0,1,5,2,0,0,1,1,2,E01011442
8930,2016133280245,2016,133280245,1,1,1,1,24,5,3,0,0,0,0,0,9,-1,-1,2016,133280245,432569.0,429755.0,-1.507426,53.763131,13,3,2,1,08/02/2016,2,08:47,204,E08000035,E08000035,3,639,3,40.0,0,-1,-1,-1,0,0,1,2,2,0,0,2,1,2,E01011470
8931,2016133280323,2016,133280323,1,1,3,2,46,8,3,10,9,0,0,0,0,1,1,2016,133280323,430233.0,433333.0,-1.542511,53.79543,13,3,1,1,06/02/2016,7,22:20,204,E08000035,E08000035,6,0,6,30.0,0,-1,-1,-1,0,0,4,9,1,0,0,1,2,2,E01033010
8932,2016133280497,2016,133280497,1,1,1,1,29,6,3,0,0,0,0,0,1,1,2,2016,133280497,431763.0,434251.0,-1.51919,53.80359,13,3,2,1,08/02/2016,2,11:35,204,E08000035,E08000035,6,0,6,30.0,3,4,6,0,0,0,1,2,2,0,0,1,1,2,E01011677
8933,2016133280742,2016,133280742,2,1,2,1,46,8,3,0,0,1,0,0,9,3,6,2016,133280742,423180.0,438141.0,-1.649221,53.839005,13,3,2,1,08/02/2016,2,14:07,204,E08000035,E08000035,6,0,6,30.0,3,4,6,0,0,0,1,1,2,0,0,1,1,2,E01011461
8934,2016133281144,2016,133281144,1,1,1,1,36,7,2,0,0,0,0,0,8,1,1,2016,133281144,432344.0,434497.0,-1.510343,53.805766,13,2,3,2,08/02/2016,2,17:25,204,E08000035,E08000035,6,0,6,30.0,3,4,6,0,0,0,4,1,2,0,0,1,1,2,E01011347
8935,2016133281144,2016,133281144,2,2,1,2,22,5,3,0,0,0,0,0,9,1,1,2016,133281144,432344.0,434497.0,-1.510343,53.805766,13,2,3,2,08/02/2016,2,17:25,204,E08000035,E08000035,6,0,6,30.0,3,4,6,0,0,0,4,1,2,0,0,1,1,2,E01011347
8936,2016133281345,2016,133281345,2,1,1,2,23,5,3,0,0,0,0,0,1,-1,-1,2016,133281345,426852.0,438038.0,-1.593428,53.837903,13,3,2,1,08/02/2016,2,19:20,204,E08000035,E08000035,3,6120,1,40.0,1,4,3,660,0,0,4,5,2,0,0,1,1,2,E01011685
8937,2016133290175,2016,133290175,2,1,1,1,20,4,3,0,0,0,0,0,3,1,2,2016,133290175,424970.0,435142.0,-1.622262,53.811968,13,3,2,1,09/02/2016,3,07:19,204,E08000035,E08000035,6,0,6,20.0,3,4,6,0,0,0,1,2,2,0,0,1,1,2,E01011332
8938,2016133290295,2016,133290295,1,1,1,1,40,7,3,0,0,0,0,0,9,1,2,2016,133290295,428024.0,433585.0,-1.576023,53.797818,13,3,5,1,09/02/2016,3,09:15,204,E08000035,E08000035,3,647,3,40.0,0,-1,-1,-1,0,4,1,1,2,0,0,1,1,2,E01011294
8939,2016133290404,2016,133290404,1,1,1,2,20,4,2,0,0,0,0,0,9,1,8,2016,133290404,436085.0,434788.0,-1.453505,53.808136,13,2,2,1,09/02/2016,3,10:30,204,E08000035,E08000035,6,0,3,30.0,1,4,3,64,0,1,1,1,1,0,0,1,2,2,E01011345
8940,2016133290649,2016,133290649,1,1,3,2,70,10,3,9,7,0,0,0,0,3,8,2016,133290649,436212.0,434702.0,-1.451586,53.807354,13,3,1,1,09/02/2016,3,12:55,204,E08000035,E08000035,6,0,6,30.0,0,-1,-1,-1,0,0,1,9,1,0,0,1,2,2,E01011408
8941,2016133290799,2016,133290799,1,1,1,1,20,4,3,0,0,0,0,0,3,1,3,2016,133290799,425915.0,432238.0,-1.608153,53.785821,13,3,2,1,09/02/2016,3,02:45,204,E08000035,E08000035,3,6110,3,40.0,3,2,6,0,0,5,1,1,1,0,0,1,1,2,E01011737
8942,2016133290991,2016,133290991,2,1,1,2,71,10,3,0,0,0,0,0,9,1,2,2016,133290991,436224.0,434331.0,-1.451448,53.804019,13,3,2,1,09/02/2016,3,16:24,204,E08000035,E08000035,3,6120,6,30.0,9,4,6,0,0,0,4,9,1,0,0,1,2,2,E01011408
8943,2016133291007,2016,133291007,2,1,1,2,44,7,3,0,0,0,0,0,9,-1,-1,2016,133291007,430409.0,431174.0,-1.540052,53.776015,13,3,2,1,09/02/2016,3,16:20,204,E08000035,E08000035,6,0,3,30.0,0,-1,-1,-1,0,0,1,1,1,0,0,1,1,2,E01011374
8944,2016133291018,2016,133291018,2,1,1,2,14,3,3,0,0,0,0,0,1,1,1,2016,133291018,425412.0,434440.0,-1.615607,53.805637,13,3,2,1,09/02/2016,3,16:35,204,E08000035,E08000035,6,0,2,30.0,3,4,6,0,0,0,1,1,1,0,0,1,1,2,E01011283
8945,2016133291048,2016,133291048,2,1,1,2,32,6,3,0,0,0,0,0,9,-1,-1,2016,133291048,424556.0,437051.0,-1.628397,53.829145,13,3,2,1,09/02/2016,3,16:48,204,E08000035,E08000035,3,65,6,30.0,0,-1,-1,-1,0,0,1,1,1,0,0,1,1,2,E01011453
8946,2016133291328,2016,133291328,1,1,1,1,42,7,3,0,0,0,0,0,9,1,1,2016,133291328,426819.0,438050.0,-1.593929,53.838013,13,3,2,1,09/02/2016,3,19:11,204,E08000035,E08000035,3,660,3,30.0,1,4,3,6110,0,0,1,1,1,0,0,1,2,2,E01011687
8947,20161332A0255,2016,1332A0255,1,1,3,2,41,7,3,5,1,0,0,0,0,1,1,2016,1332A0255,431616.0,436135.0,-1.521229,53.820532,13,3,1,1,10/02/2016,4,08:38,204,E08000035,E08000035,6,0,6,30.0,3,4,4,6159,0,0,1,1,1,0,0,1,1,2,E01011359
8948,20161332A0287,2016,1332A0287,2,1,1,1,25,5,3,0,0,0,0,0,1,1,5,2016,1332A0287,431131.0,431918.0,-1.529021,53.78266,13,3,2,1,10/02/2016,4,08:35,204,E08000035,E08000035,3,639,6,30.0,3,4,6,0,0,0,1,9,1,0,0,1,2,2,E01011467
8949,20161332A0786,2016,1332A0786,1,1,1,1,40,7,2,0,0,0,0,0,3,1,4,2016,1332A0786,423481.0,437594.0,-1.644688,53.834075,13,2,2,1,10/02/2016,4,14:05,204,E08000035,E08000035,3,6120,6,30.0,0,-1,-1,-1,0,0,1,1,1,0,0,1,1,2,E01011454
8950,20161332A1014,2016,1332A1014,1,1,3,1,77,11,3,10,9,0,0,0,0,1,8,2016,1332A1014,423866.0,434241.0,-1.639097,53.803921,13,3,1,1,10/02/2016,4,16:00,204,E08000035,E08000035,3,647,7,60.0,0,-1,-1,-1,0,0,1,1,1,0,0,1,1,2,E01011608
8951,20161332A1044,2016,1332A1044,2,1,2,2,73,10,3,0,0,2,0,0,9,1,7,2016,1332A1044,434148.0,436938.0,-1.48268,53.82759,13,3,2,1,10/02/2016,4,16:00,204,E08000035,E08000035,3,58,6,30.0,0,-1,-1,-1,0,0,1,1,1,0,0,2,1,2,E01011644
8952,20161332A1238,2016,1332A1238,2,1,1,2,65,9,3,0,0,0,0,0,9,1,2,2016,1332A1238,427162.0,437352.0,-1.588778,53.831721,13,3,3,5,10/02/2016,4,18:00,204,E08000035,E08000035,3,660,3,30.0,0,-1,-1,-1,0,0,4,1,1,0,0,1,1,2,E01011690
8953,20161332A1238,2016,1332A1238,2,2,2,2,7,2,3,0,0,2,0,0,9,1,2,2016,1332A1238,427162.0,437352.0,-1.588778,53.831721,13,3,3,5,10/02/2016,4,18:00,204,E08000035,E08000035,3,660,3,30.0,0,-1,-1,-1,0,0,4,1,1,0,0,1,1,2,E01011690
8954,20161332A1238,2016,1332A1238,3,3,2,2,16,4,3,0,0,2,0,0,9,-1,-1,2016,1332A1238,427162.0,437352.0,-1.588778,53.831721,13,3,3,5,10/02/2016,4,18:00,204,E08000035,E08000035,3,660,3,30.0,0,-1,-1,-1,0,0,4,1,1,0,0,1,1,2,E01011690
8955,20161332A1238,2016,1332A1238,3,4,2,2,15,3,3,0,0,2,0,0,9,1,4,2016,1332A1238,427162.0,437352.0,-1.588778,53.831721,13,3,3,5,10/02/2016,4,18:00,204,E08000035,E08000035,3,660,3,30.0,0,-1,-1,-1,0,0,4,1,1,0,0,1,1,2,E01011690
8956,20161332A1238,2016,1332A1238,3,5,2,2,15,3,3,0,0,2,0,0,9,-1,-1,2016,1332A1238,427162.0,437352.0,-1.588778,53.831721,13,3,3,5,10/02/2016,4,18:00,204,E08000035,E08000035,3,660,3,30.0,0,-1,-1,-1,0,0,4,1,1,0,0,1,1,2,E01011690
8957,20161332A1438,2016,1332A1438,1,1,1,2,30,6,3,0,0,0,0,0,9,1,2,2016,1332A1438,425058.0,433373.0,-1.621069,53.796064,13,3,2,1,10/02/2016,4,19:30,204,E08000035,E08000035,6,0,1,30.0,1,4,6,0,0,0,4,1,1,0,0,1,1,2,E01011727
8958,20161332A1442,2016,1332A1442,2,1,1,1,30,6,3,0,0,0,0,0,9,3,7,2016,1332A1442,424218.0,428259.0,-1.63422,53.750139,13,3,2,1,10/02/2016,4,19:29,204,E08000035,E08000035,3,62,6,30.0,1,2,3,650,0,0,4,9,1,0,0,1,2,2,E01011523
8959,20161332A1660,2016,1332A1660,2,1,1,1,31,6,3,0,0,0,0,0,9,1,1,2016,1332A1660,430437.0,434358.0,-1.539313,53.804631,13,3,2,1,10/02/2016,4,21:30,204,E08000035,E08000035,6,0,6,30.0,3,4,6,0,0,0,4,1,1,0,0,1,1,2,E01033002
8960,20161332B0228,2016,1332B0228,2,1,1,2,43,7,3,0,0,0,0,0,9,1,10,2016,1332B0228,442702.0,445791.0,-1.351499,53.906525,13,3,2,1,11/02/2016,5,08:05,204,E08000035,E08000035,3,659,6,30.0,3,4,6,0,0,0,1,1,1,0,0,2,1,2,E01011709
8961,20161332B0285,2016,1332B0285,2,1,1,2,39,7,3,0,0,0,0,0,9,2,6,2016,1332B0285,438581.0,432673.0,-1.415867,53.788948,13,3,2,1,11/02/2016,5,08:46,204,E08000035,E08000035,3,63,3,40.0,3,4,6,0,0,0,1,1,2,0,0,2,1,2,E01011402
8962,20161332B0328,2016,1332B0328,3,1,1,2,20,4,3,0,0,0,0,0,9,1,5,2016,1332B0328,436841.0,431001.0,-1.442476,53.774046,13,3,3,1,11/02/2016,5,08:35,204,E08000035,E08000035,1,1,3,70.0,0,-1,-1,-1,0,0,1,1,1,0,6,2,1,1,E01011420
8963,20161332B0846,2016,1332B0846,1,1,2,2,22,5,3,0,0,2,0,0,9,-1,-1,2016,1332B0846,428600.0,431451.0,-1.567475,53.778607,13,3,2,1,11/02/2016,5,14:50,204,E08000035,E08000035,6,0,6,30.0,3,4,6,0,0,0,1,1,1,0,0,1,1,2,E01011369
8964,20161332B1038,2016,1332B1038,2,1,1,1,30,6,3,0,0,0,0,0,1,1,10,2016,1332B1038,427879.0,434381.0,-1.578152,53.804981,13,3,2,1,11/02/2016,5,15:30,204,E08000035,E08000035,3,65,6,30.0,3,4,6,0,0,0,1,9,1,0,0,1,2,2,E01011483
8965,20161332B1286,2016,1332B1286,2,1,1,1,19,4,3,0,0,0,0,0,9,2,9,2016,1332B1286,428107.0,426678.0,-1.575389,53.735734,13,3,2,1,11/02/2016,5,18:35,204,E08000035,E08000035,3,653,3,40.0,3,2,6,0,0,0,4,1,1,0,0,2,1,2,E01011540
8966,20161332C0191,2016,1332C0191,2,1,1,1,28,6,3,0,0,0,0,0,9,1,2,2016,1332C0191,429948.0,433352.0,-1.546836,53.795618,13,3,2,1,12/02/2016,6,07:14,204,E08000035,E08000035,6,0,6,30.0,0,-1,-1,-1,0,4,1,1,2,0,0,1,1,2,E01033016
8967,20161332C0225,2016,1332C0225,2,1,2,2,16,4,3,0,0,1,0,0,9,1,3,2016,1332C0225,434607.0,430927.0,-1.476381,53.773534,13,3,2,1,12/02/2016,6,08:00,204,E08000035,E08000035,1,1,3,70.0,0,-1,-1,-1,0,0,1,1,1,0,2,2,1,1,E01011624
8968,20161332C0905,2016,1332C0905,1,1,3,2,10,2,3,5,4,0,0,0,0,1,1,2016,1332C0905,429135.0,431738.0,-1.55933,53.781157,13,3,1,1,12/02/2016,6,15:35,204,E08000035,E08000035,6,0,6,30.0,3,4,6,0,0,0,1,1,2,0,0,1,1,2,E01011366
8969,20161332C1498,2016,1332C1498,1,1,2,2,23,5,3,0,0,2,0,0,9,1,1,2016,1332C1498,431772.0,430481.0,-1.519441,53.769706,13,3,1,1,12/02/2016,6,20:26,204,E08000035,E08000035,1,621,6,50.0,5,4,3,61,0,0,4,1,2,0,0,1,1,1,E01011469
8970,20161332C1685,2016,1332C1685,1,1,2,2,48,8,3,0,0,1,0,0,9,1,4,2016,1332C1685,428264.0,426392.0,-1.573035,53.733155,13,3,2,1,12/02/2016,6,22:06,204,E08000035,E08000035,1,62,7,70.0,0,-1,-1,-1,0,0,4,1,2,0,0,2,1,1,E01011553
8971,20161332C1731,2016,1332C1731,2,1,1,1,51,8,3,0,0,0,0,0,1,1,2,2016,1332C1731,425960.0,434783.0,-1.607257,53.808693,13,3,2,1,12/02/2016,6,22:31,204,E08000035,E08000035,6,0,6,30.0,3,4,6,0,0,0,4,1,1,0,0,1,1,2,E01011281
8972,20161332D0064,2016,1332D0064,1,1,3,2,30,6,3,9,9,0,0,0,0,1,3,2016,1332D0064,430208.0,434927.0,-1.542735,53.809758,13,3,1,1,13/02/2016,7,00:35,204,E08000035,E08000035,6,0,6,30.0,0,-1,-1,-1,0,0,4,1,2,0,0,1,1,2,E01011671
8973,20161332D0451,2016,1332D0451,1,1,1,2,64,9,3,0,0,0,0,0,9,1,1,2016,1332D0451,434412.0,434384.0,-1.478954,53.804618,13,3,3,4,13/02/2016,7,09:00,204,E08000035,E08000035,3,64,3,40.0,6,2,6,0,0,5,1,9,1,0,0,1,1,2,E01011341