,accident_index,accident_year_x,accident_reference_x,vehicle_reference,casualty_reference,casualty_class,sex_of_casualty,age_of_casualty,age_band_of_casualty,casualty_severity,pedestrian_location,pedestrian_movement,car_passenger,bus_or_coach_passenger,pedestrian_road_maintenance_worker,casualty_type,casualty_home_area_type,casualty_imd_decile,accident_year_y,accident_reference_y,location_easting_osgr,location_northing_osgr,longitude,latitude,police_force,accident_severity,number_of_vehicles,number_of_casualties,date,day_of_week,time,local_authority_district,local_authority_ons_district,local_authority_highway,first_road_class,first_road_number,road_type,speed_limit,junction_detail,junction_control,second_road_class,second_road_number,pedestrian_crossing_human_control,pedestrian_crossing_physical_facilities,light_conditions,weather_conditions,road_surface_conditions,special_conditions_at_site,carriageway_hazards,urban_or_rural_area,did_police_officer_attend_scene_of_accident,trunk_road_flag,lsoa_of_accident_location
8974,20161332D0451,2016,1332D0451,2,2,1,2,51,8,3,0,0,0,0,0,9,1,2,2016,1332D0451,434412.0,434384.0,-1.478954,53.804618,13,3,3,4,13/02/2016,7,09:00,204,E08000035,E08000035,3,64,3,40.0,6,2,6,0,0,5,1,9,1,0,0,1,1,2,E01011341
8975,20161332D0451,2016,1332D0451,3,3,1,2,38,7,3,0,0,0,0,0,9,2,4,2016,1332D0451,434412.0,434384.0,-1.478954,53.804618,13,3,3,4,13/02/2016,7,09:00,204,E08000035,E08000035,3,64,3,40.0,6,2,6,0,0,5,1,9,1,0,0,1,1,2,E01011341
8976,20161332D0451,2016,1332D0451,3,4,2,2,53,8,3,0,0,1,0,0,9,1,3,2016,1332D0451,434412.0,434384.0,-1.478954,53.804618,13,3,3,4,13/02/2016,7,09:00,204,E08000035,E08000035,3,64,3,40.0,6,2,6,0,0,5,1,9,1,0,0,1,1,2,E01011341
8977,20161332D0623,2016,1332D0623,2,1,1,2,26,6,3,0,0,0,0,0,1,1,3,2016,1332D0623,428340.0,434090.0,-1.571179,53.80234,13,3,2,1,12/02/2016,6,09:00,204,E08000035,E08000035,3,65,6,30.0,3,4,6,0,0,0,1,1,1,0,0,1,2,2,E01011681
8978,20161332D0826,2016,1332D0826,1,1,2,2,44,7,3,0,0,1,0,0,9,1,2,2016,1332D0826,432032.0,430318.0,-1.515513,53.768225,13,3,1,1,13/02/2016,7,13:30,204,E08000035,E08000035,1,621,3,50.0,0,-1,-1,-1,0,0,1,1,2,0,0,2,1,1,E01011469
8979,20161332D1006,2016,1332D1006,1,1,1,2,22,5,3,0,0,0,0,0,9,1,5,2016,1332D1006,428511.0,433057.0,-1.568678,53.793047,13,3,2,2,13/02/2016,7,19:11,204,E08000035,E08000035,4,6154,3,30.0,1,4,6,0,0,0,4,9,1,0,0,1,2,2,E01011363
8980,20161332D1006,2016,1332D1006,1,2,2,1,20,4,3,0,0,1,0,0,9,1,7,2016,1332D1006,428511.0,433057.0,-1.568678,53.793047,13,3,2,2,13/02/2016,7,19:11,204,E08000035,E08000035,4,6154,3,30.0,1,4,6,0,0,0,4,9,1,0,0,1,2,2,E01011363
8981,20161332E0496,2016,1332E0496,2,1,1,1,62,9,2,0,0,0,0,0,1,-1,-1,2016,1332E0496,440576.0,432104.0,-1.385662,53.783683,13,2,2,1,14/02/2016,1,10:25,204,E08000035,E08000035,3,63,6,40.0,3,4,4,6137,0,0,1,1,1,0,0,1,1,2,E01011405
8982,20161332E0497,2016,1332E0497,2,1,2,2,32,6,3,0,0,1,0,0,9,1,6,2016,1332E0497,426032.0,435589.0,-1.606096,53.815933,13,3,2,1,14/02/2016,1,10:28,204,E08000035,E08000035,4,6157,6,30.0,0,-1,-1,-1,0,0,1,1,1,0,0,1,2,2,E01011477
8983,20161332E0890,2016,1332E0890,2,1,1,1,29,6,3,0,0,0,0,0,1,1,2,2016,1332E0890,427998.0,434352.0,-1.576348,53.804714,13,3,2,1,14/02/2016,1,14:55,204,E08000035,E08000035,3,65,3,30.0,6,2,6,0,0,5,1,1,1,0,0,1,1,2,E01011481
8984,20161332F0462,2016,1332F0462,2,1,1,1,28,6,3,0,0,0,0,0,9,1,4,2016,1332F0462,426871.0,437555.0,-1.593182,53.833561,13,3,3,2,15/02/2016,2,10:45,204,E08000035,E08000035,3,660,6,30.0,9,4,6,0,0,4,1,1,1,0,0,1,1,2,E01011685
8985,20161332F0462,2016,1332F0462,3,2,1,1,51,8,3,0,0,0,0,0,9,3,8,2016,1332F0462,426871.0,437555.0,-1.593182,53.833561,13,3,3,2,15/02/2016,2,10:45,204,E08000035,E08000035,3,660,6,30.0,9,4,6,0,0,4,1,1,1,0,0,1,1,2,E01011685
8986,20161332F0709,2016,1332F0709,1,1,3,1,9,2,2,2,3,0,0,0,0,1,8,2016,1332F0709,434799.0,429074.0,-1.473676,53.756867,13,2,1,1,15/02/2016,2,12:56,204,E08000035,E08000035,6,0,6,30.0,3,2,3,639,0,4,1,1,4,0,0,1,1,2,E01011628
8987,20161332F1106,2016,1332F1106,2,1,1,1,59,9,3,0,0,0,0,0,1,1,10,2016,1332F1106,430003.0,432901.0,-1.546045,53.791561,13,3,2,1,15/02/2016,2,08:30,204,E08000035,E08000035,3,653,6,30.0,0,-1,-1,-1,0,0,1,1,1,0,0,1,2,2,E01033016
8988,20161332F1408,2016,1332F1408,1,1,1,2,22,5,3,0,0,0,0,0,9,1,2,2016,1332F1408,429810.0,424615.0,-1.549771,53.717098,13,3,1,1,15/02/2016,2,18:47,204,E08000035,E08000035,6,0,6,60.0,0,-1,-1,-1,0,0,6,2,4,0,0,2,1,2,E01011536
8989,20161332F1793,2016,1332F1793,2,1,1,1,67,10,2,0,0,0,0,0,8,1,9,2016,1332F1793,430584.0,438148.0,-1.536706,53.838686,13,2,3,1,15/02/2016,2,22:44,204,E08000035,E08000035,3,61,6,40.0,8,4,6,0,0,0,4,1,1,0,0,1,1,2,E01011515
8990,20161332G0261,2016,1332G0261,1,1,1,2,25,5,3,0,0,0,0,0,9,3,7,2016,1332G0261,443407.0,445396.0,-1.340825,53.902917,13,3,3,1,16/02/2016,3,08:05,204,E08000035,E08000035,3,659,6,30.0,0,-1,-1,-1,0,0,1,1,4,0,0,2,1,2,E01011711
8991,20161332G0429,2016,1332G0429,1,1,1,2,20,4,3,0,0,0,0,0,9,1,6,2016,1332G0429,420675.0,440811.0,-1.68711,53.863108,13,3,5,1,16/02/2016,3,10:20,204,E08000035,E08000035,6,0,6,30.0,0,-1,-1,-1,0,0,1,1,1,0,0,1,1,2,E01011274
8992,20161332G0480,2016,1332G0480,2,1,1,1,53,8,3,0,0,0,0,0,1,1,8,2016,1332G0480,426888.0,438864.0,-1.592809,53.845325,13,3,2,1,16/02/2016,3,10:00,204,E08000035,E08000035,3,6619,3,40.0,0,-1,-1,-1,0,0,1,1,1,0,0,1,1,2,E01032876
8993,20161332G1099,2016,1332G1099,2,1,1,2,45,7,3,0,0,0,0,0,9,1,4,2016,1332G1099,430051.0,431064.0,-1.545494,53.775047,13,3,2,1,16/02/2016,3,16:16,204,E08000035,E08000035,3,653,6,30.0,0,-1,-1,-1,0,4,1,1,1,0,0,1,2,2,E01011312
8994,20161332G1604,2016,1332G1604,1,1,1,2,46,8,3,0,0,0,0,0,22,1,1,2016,1332G1604,430421.0,433462.0,-1.539644,53.796579,13,3,2,1,16/02/2016,3,20:27,204,E08000035,E08000035,6,0,6,30.0,6,2,6,0,0,4,4,1,2,0,0,1,1,2,E01033011
8995,20161332G1701,2016,1332G1701,1,1,1,1,26,6,3,0,0,0,0,0,9,1,1,2016,1332G1701,429099.0,426571.0,-1.560361,53.734718,13,3,1,1,16/02/2016,3,21:32,204,E08000035,E08000035,3,654,6,50.0,0,-1,-1,-1,0,0,4,1,2,0,0,2,1,2,E01011538
8996,20161332H0532,2016,1332H0532,1,1,3,2,15,3,3,1,1,0,0,0,0,-1,-1,2016,1332H0532,428838.0,440110.0,-1.563055,53.85642,13,3,1,1,17/02/2016,4,10:54,204,E08000035,E08000035,6,0,6,30.0,0,-1,-1,-1,0,1,1,9,2,0,0,1,2,2,E01011554
8997,20161332H0896,2016,1332H0896,2,1,1,1,26,6,3,0,0,0,0,0,1,1,1,2016,1332H0896,431923.0,434803.0,-1.516704,53.808542,13,3,2,1,16/02/2016,3,15:30,204,E08000035,E08000035,6,0,6,30.0,1,4,6,0,0,0,1,9,1,0,0,1,2,2,E01011433
8998,20161332H1090,2016,1332H1090,1,1,3,1,17,4,3,6,9,0,0,0,0,1,9,2016,1332H1090,425600.0,440033.0,-1.612288,53.855897,13,3,1,1,17/02/2016,4,17:15,204,E08000035,E08000035,6,0,6,30.0,0,-1,-1,-1,0,0,4,9,2,0,0,1,1,2,E01011379
8999,20161332H1254,2016,1332H1254,2,1,2,2,49,8,3,0,0,1,0,0,9,1,5,2016,1332H1254,432145.0,435890.0,-1.51322,53.818298,13,3,4,1,17/02/2016,4,19:05,204,E08000035,E08000035,6,0,6,30.0,0,-1,-1,-1,0,0,4,2,2,0,0,1,1,2,E01011647
9000,20161332H1634,2016,1332H1634,1,1,2,2,18,4,3,0,0,1,0,0,9,1,10,2016,1332H1634,425412.0,440392.0,-1.615117,53.859133,13,3,1,1,18/02/2016,5,22:22,204,E08000035,E08000035,6,0,6,40.0,0,-1,-1,-1,0,0,1,2,4,0,0,1,1,2,E01011378
9001,20161332H1691,2016,1332H1691,1,1,1,1,27,6,3,0,0,0,0,0,9,1,3,2016,1332H1691,429702.0,433456.0,-1.55056,53.796566,13,3,2,1,17/02/2016,4,18:30,204,E08000035,E08000035,6,0,6,30.0,3,2,6,0,0,0,4,9,1,0,0,1,2,2,E01033008
9002,20161332I0253,2016,1332I0253,1,1,1,1,35,6,3,0,0,0,0,0,9,3,9,2016,1332I0253,440004.0,442847.0,-1.392948,53.880281,13,3,1,1,18/02/2016,5,08:05,204,E08000035,E08000035,6,0,6,30.0,0,-1,-1,-1,0,0,1,1,4,0,0,2,1,2,E01011712
9003,20161332I0469,2016,1332I0469,2,1,2,1,59,9,3,0,0,1,0,0,9,1,1,2016,1332I0469,432128.0,429220.0,-1.514171,53.75835,13,3,2,1,18/02/2016,5,16:51,204,E08000035,E08000035,1,621,3,50.0,0,-1,-1,-1,0,0,1,1,1,0,0,2,1,1,E01011496
9004,20161332I0593,2016,1332I0593,1,1,2,2,45,7,3,0,0,2,0,0,9,1,1,2016,1332I0593,420715.0,440962.0,-1.686491,53.864464,13,3,2,1,18/02/2016,5,12:09,204,E08000035,E08000035,6,0,6,30.0,3,4,6,0,0,0,1,9,1,0,0,1,1,2,E01011274
9005,20161332I0616,2016,1332I0616,2,1,1,1,63,9,3,0,0,0,0,0,1,1,7,2016,1332I0616,429028.0,437510.0,-1.560411,53.833041,13,3,2,1,18/02/2016,5,12:20,204,E08000035,E08000035,6,0,6,30.0,6,2,6,0,0,4,1,1,1,0,0,1,1,2,E01011688
9006,20161332I0887,2016,1332I0887,2,1,1,1,39,7,3,0,0,0,0,0,1,1,7,2016,1332I0887,419503.0,445035.0,-1.704663,53.901118,13,3,2,1,18/02/2016,5,14:58,204,E08000035,E08000035,3,660,1,40.0,1,4,4,659,0,0,1,9,1,0,0,1,1,2,E01011571
9007,20161332I1129,2016,1332I1129,1,1,1,1,22,5,3,0,0,0,0,0,9,1,4,2016,1332I1129,421775.0,435372.0,-1.670767,53.814178,13,3,2,1,18/02/2016,5,17:00,204,E08000035,E08000035,6,0,6,30.0,9,4,6,0,0,0,4,9,1,0,0,1,1,2,E01011592
9008,20161332I1145,2016,1332I1145,1,1,3,1,61,9,2,5,9,0,0,0,0,1,5,2016,1332I1145,420303.0,445745.0,-1.692441,53.907469,13,2,1,1,15/02/2016,2,11:15,204,E08000035,E08000035,6,0,6,30.0,3,4,6,0,0,0,1,9,1,0,0,1,2,2,E01011584
9009,20161332I1264,2016,1332I1264,2,1,1,1,19,4,3,0,0,0,0,0,3,1,10,2016,1332I1264,427248.0,439081.0,-1.587318,53.847257,13,3,2,1,18/02/2016,5,18:00,204,E08000035,E08000035,6,0,6,30.0,0,-1,-1,-1,0,0,1,1,1,0,0,1,1,2,E01011386
9010,20161332I1269,2016,1332I1269,1,1,2,2,20,4,3,0,0,0,4,0,11,1,1,2016,1332I1269,421717.0,435131.0,-1.671665,53.812014,13,3,1,1,18/02/2016,5,18:05,204,E08000035,E08000035,4,6156,2,30.0,0,-1,-1,-1,0,0,1,1,1,0,0,1,1,2,E01011592
9011,20161332I1408,2016,1332I1408,1,1,1,2,52,8,3,0,0,0,0,0,9,1,8,2016,1332I1408,430724.0,439242.0,-1.534469,53.848511,13,3,2,1,18/02/2016,5,19:15,204,E08000035,E08000035,3,61,1,30.0,1,4,3,6120,0,0,4,1,1,0,0,1,1,2,E01011558
9012,20161332I1532,2016,1332I1532,1,1,3,2,52,8,2,8,3,0,0,0,0,1,2,2016,1332I1532,427937.0,435732.0,-1.577149,53.81712,13,2,1,1,18/02/2016,5,20:20,204,E08000035,E08000035,6,0,6,30.0,3,4,6,0,0,4,4,1,1,0,0,1,1,2,E01011435
9013,20161332I1679,2016,1332I1679,1,1,1,1,19,4,3,0,0,0,0,0,9,1,5,2016,1332I1679,427554.0,434485.0,-1.583078,53.805933,13,3,2,4,18/02/2016,5,21:40,204,E08000035,E08000035,6,0,6,20.0,3,4,6,0,0,0,4,1,1,0,0,1,1,2,E01011482
9014,20161332I1679,2016,1332I1679,2,2,1,1,20,4,3,0,0,0,0,0,9,2,9,2016,1332I1679,427554.0,434485.0,-1.583078,53.805933,13,3,2,4,18/02/2016,5,21:40,204,E08000035,E08000035,6,0,6,20.0,3,4,6,0,0,0,4,1,1,0,0,1,1,2,E01011482
9015,20161332I1679,2016,1332I1679,2,3,2,1,21,5,3,0,0,1,0,0,9,1,1,2016,1332I1679,427554.0,434485.0,-1.583078,53.805933,13,3,2,4,18/02/2016,5,21:40,204,E08000035,E08000035,6,0,6,20.0,3,4,6,0,0,0,4,1,1,0,0,1,1,2,E01011482
9016,20161332I1679,2016,1332I1679,2,4,2,1,31,6,3,0,0,2,0,0,9,1,1,2016,1332I1679,427554.0,434485.0,-1.583078,53.805933,13,3,2,4,18/02/2016,5,21:40,204,E08000035,E08000035,6,0,6,20.0,3,4,6,0,0,0,4,1,1,0,0,1,1,2,E01011482
9017,20161332J0881,2016,1332J0881,1,1,1,1,46,8,3,0,0,0,0,0,11,1,5,2016,1332J0881,421020.0,434317.0,-1.682306,53.804726,13,3,2,1,18/02/2016,5,07:30,204,E08000035,E08000035,3,647,3,70.0,0,-1,-1,-1,0,0,1,1,2,0,0,1,2,2,E01011599
9018,20161332J1040,2016,1332J1040,2,1,2,1,19,4,3,0,0,1,0,0,9,1,8,2016,1332J1040,430505.0,432719.0,-1.538443,53.789896,13,3,2,1,19/02/2016,6,16:13,204,E08000035,E08000035,3,61,3,30.0,3,4,6,0,0,0,1,1,2,0,0,1,1,2,E01033016
9019,20161332J1536,2016,1332J1536,1,1,2,1,18,4,3,0,0,1,0,0,9,-1,-1,2016,1332J1536,430706.0,427466.0,-1.535913,53.742671,13,3,1,1,19/02/2016,6,20:50,204,E08000035,E08000035,6,0,6,30.0,0,-1,-1,-1,0,0,4,6,2,0,0,2,1,2,E01032495
9020,20161332J1632,2016,1332J1632,1,1,3,2,20,4,3,5,9,0,0,0,0,1,4,2016,1332J1632,428113.0,435276.0,-1.574517,53.813012,13,3,1,1,19/02/2016,6,21:00,204,E08000035,E08000035,6,0,6,30.0,0,-1,-1,-1,0,0,4,1,2,0,0,1,2,2,E01011446
9021,20161332J1798,2016,1332J1798,1,1,2,1,46,8,3,0,0,2,0,0,9,1,8,2016,1332J1798,426513.0,435659.0,-1.598784,53.816538,13,3,2,2,19/02/2016,6,23:40,204,E08000035,E08000035,4,6157,6,30.0,6,2,6,0,0,5,4,1,2,0,0,1,1,2,E01011477
9022,20161332J1798,2016,1332J1798,2,2,2,2,19,4,3,0,0,2,0,0,9,-1,-1,2016,1332J1798,426513.0,435659.0,-1.598784,53.816538,13,3,2,2,19/02/2016,6,23:40,204,E08000035,E08000035,4,6157,6,30.0,6,2,6,0,0,5,4,1,2,0,0,1,1,2,E01011477
9023,20161332K0561,2016,1332K0561,2,1,1,2,35,6,3,0,0,0,0,0,9,1,1,2016,1332K0561,429621.0,428104.0,-1.552302,53.748468,13,3,2,1,20/02/2016,7,10:30,204,E08000035,E08000035,6,0,6,30.0,3,4,6,0,0,0,1,1,1,0,0,1,1,2,E01032498
9024,20161332K0925,2016,1332K0925,2,1,1,2,29,6,3,0,0,0,0,0,9,1,10,2016,1332K0925,442170.0,443052.0,-1.359973,53.881952,13,3,2,1,19/02/2016,6,21:10,204,E08000035,E08000035,6,0,6,40.0,0,-1,-1,-1,0,0,1,9,1,0,0,2,2,2,E01011712
9025,20161332L0367,2016,1332L0367,2,1,1,1,38,7,2,0,0,0,0,0,1,1,7,2016,1332L0367,429775.0,438891.0,-1.548928,53.845411,13,2,2,1,21/02/2016,1,08:10,204,E08000035,E08000035,6,0,1,40.0,1,4,3,6120,0,0,1,9,1,0,0,1,1,2,E01011558
9026,20161332M0294,2016,1332M0294,1,1,3,1,78,11,3,1,1,0,0,0,0,-1,-1,2016,1332M0294,433365.0,436190.0,-1.494657,53.820918,13,3,1,1,22/02/2016,2,08:34,204,E08000035,E08000035,6,0,6,30.0,0,-1,-1,-1,2,4,1,1,1,0,0,1,1,2,E01011421
9027,20161332M0468,2016,1332M0468,1,1,1,1,51,8,3,0,0,0,0,0,5,1,2,2016,1332M0468,433125.0,435706.0,-1.498354,53.816583,13,3,1,1,22/02/2016,2,11:06,204,E08000035,E08000035,6,0,6,30.0,0,-1,-1,-1,0,0,1,1,1,0,0,1,1,2,E01011423
9028,20161332M1006,2016,1332M1006,1,1,1,1,22,5,3,0,0,0,0,0,9,1,8,2016,1332M1006,431233.0,434797.0,-1.527182,53.80853,13,3,4,2,22/02/2016,2,16:05,204,E08000035,E08000035,6,0,6,30.0,3,4,6,0,0,0,1,1,1,0,0,1,1,2,E01033031
9029,20161332M1006,2016,1332M1006,2,2,1,1,33,6,3,0,0,0,0,0,9,1,1,2016,1332M1006,431233.0,434797.0,-1.527182,53.80853,13,3,4,2,22/02/2016,2,16:05,204,E08000035,E08000035,6,0,6,30.0,3,4,6,0,0,0,1,1,1,0,0,1,1,2,E01033031
9030,20161332M1163,2016,1332M1163,1,1,3,1,45,7,3,9,6,0,0,0,0,1,3,2016,1332M1163,432303.0,434915.0,-1.510922,53.809525,13,3,1,1,22/02/2016,2,16:15,204,E08000035,E08000035,6,0,6,30.0,0,-1,-1,-1,0,0,1,1,1,0,2,1,2,2,E01011433
9031,20161332M1187,2016,1332M1187,2,1,1,1,24,5,3,0,0,0,0,0,9,1,1,2016,1332M1187,431767.0,434950.0,-1.519058,53.809873,13,3,3,1,22/02/2016,2,17:19,204,E08000035,E08000035,6,0,6,30.0,6,4,6,0,0,0,1,1,1,0,0,1,1,2,E01011677
9032,20161332N0241,2016,1332N0241,1,1,1,1,37,7,3,0,0,0,0,0,19,1,5,2016,1332N0241,442023.0,430738.0,-1.363888,53.771291,13,3,2,1,23/02/2016,3,08:12,204,E08000035,E08000035,6,0,6,30.0,0,-1,-1,-1,0,0,1,1,1,0,0,1,1,2,E01011303
9033,20161332N0682,2016,1332N0682,1,1,1,1,64,9,3,0,0,0,0,0,19,1,6,2016,1332N0682,418450.0,445772.0,-1.720645,53.90778,13,3,1,1,23/02/2016,3,12:58,204,E08000035,E08000035,3,660,6,60.0,0,-1,-1,-1,0,0,1,1,1,0,0,2,1,2,E01011573
9034,20161332N1415,2016,1332N1415,1,1,2,1,58,9,3,0,0,1,0,0,8,1,1,2016,1332N1415,435025.0,436912.0,-1.46936,53.827298,13,3,1,1,23/02/2016,3,09:10,204,E08000035,E08000035,6,0,6,30.0,0,-1,-1,-1,0,0,1,9,1,0,0,1,2,2,E01011657
9035,20161332O0462,2016,1332O0462,1,1,1,1,50,8,3,0,0,0,0,0,19,-1,-1,2016,1332O0462,437793.0,432487.0,-1.42785,53.787334,13,3,3,2,24/02/2016,4,10:40,204,E08000035,E08000035,1,1,3,70.0,0,-1,-1,-1,0,0,1,1,1,0,0,2,1,1,E01011402
9036,20161332O0462,2016,1332O0462,3,2,1,1,52,8,3,0,0,0,0,0,9,1,1,2016,1332O0462,437793.0,432487.0,-1.42785,53.787334,13,3,3,2,24/02/2016,4,10:40,204,E08000035,E08000035,1,1,3,70.0,0,-1,-1,-1,0,0,1,1,1,0,0,2,1,1,E01011402
9037,20161332O0549,2016,1332O0549,1,1,3,2,15,3,3,6,9,0,0,0,0,1,1,2016,1332O0549,437308.0,435785.0,-1.434813,53.81701,13,3,1,1,09/02/2016,3,15:55,204,E08000035,E08000035,6,0,6,30.0,3,4,6,0,0,4,1,9,1,0,0,2,2,2,E01011407
9038,20161332P0090,2016,1332P0090,1,1,2,1,18,4,3,0,0,2,0,0,9,1,6,2016,1332P0090,421932.0,432859.0,-1.668561,53.791584,13,3,1,1,25/02/2016,5,01:59,204,E08000035,E08000035,6,0,6,30.0,0,-1,-1,-1,0,0,4,1,1,0,0,1,1,2,E01011602
9039,20161332P0195,2016,1332P0195,1,1,1,2,22,5,3,0,0,0,0,0,9,1,1,2016,1332P0195,428545.0,432103.0,-1.56825,53.78447,13,3,1,1,25/02/2016,5,06:52,204,E08000035,E08000035,3,643,3,40.0,0,-1,-1,-1,0,0,1,1,4,0,0,1,1,2,E01011366
9040,20161332P0331,2016,1332P0331,1,1,1,1,23,5,3,0,0,0,0,0,9,1,6,2016,1332P0331,425706.0,435409.0,-1.611062,53.814332,13,3,2,1,25/02/2016,5,08:40,204,E08000035,E08000035,6,0,6,30.0,3,4,6,0,0,0,1,1,1,0,0,1,2,2,E01011324
9041,20161332P0348,2016,1332P0348,2,1,1,1,22,5,3,0,0,0,0,0,9,1,4,2016,1332P0348,428562.0,434527.0,-1.567768,53.806256,13,3,2,2,25/02/2016,5,09:20,204,E08000035,E08000035,6,0,6,30.0,0,-1,-1,-1,0,0,1,1,1,0,0,1,1,2,E01011681
9042,20161332P0348,2016,1332P0348,2,2,2,1,25,5,3,0,0,1,0,0,9,1,4,2016,1332P0348,428562.0,434527.0,-1.567768,53.806256,13,3,2,2,25/02/2016,5,09:20,204,E08000035,E08000035,6,0,6,30.0,0,-1,-1,-1,0,0,1,1,1,0,0,1,1,2,E01011681
9043,20161332P0435,2016,1332P0435,2,1,1,2,49,8,3,0,0,0,0,0,1,1,10,2016,1332P0435,420486.0,445127.0,-1.689696,53.901907,13,3,2,1,25/02/2016,5,10:10,204,E08000035,E08000035,6,0,6,30.0,3,4,3,660,0,0,1,1,1,0,0,1,1,2,E01011572
9044,20161332P0482,2016,1332P0482,2,1,1,1,49,8,3,0,0,0,0,0,19,-1,-1,2016,1332P0482,430346.0,435926.0,-1.540541,53.818729,13,3,2,1,25/02/2016,5,10:50,204,E08000035,E08000035,3,61,3,40.0,3,4,6,0,0,0,1,1,1,0,0,1,1,2,E01011358
9045,20161332P0687,2016,1332P0687,2,1,1,1,24,5,3,0,0,0,0,0,5,2,5,2016,1332P0687,435854.0,426139.0,-1.458015,53.730416,13,3,3,1,25/02/2016,5,13:05,204,E08000035,E08000035,3,642,6,60.0,0,-1,-1,-1,0,0,1,1,1,0,0,2,1,2,E01011636
9046,20161332P0800,2016,1332P0800,2,1,2,2,60,9,3,0,0,1,0,0,9,1,5,2016,1332P0800,430517.0,439248.0,-1.537615,53.848577,13,3,2,1,25/02/2016,5,14:05,204,E08000035,E08000035,3,6120,3,40.0,3,4,6,0,0,0,1,1,1,0,0,1,1,2,E01011558
9047,20161332P1002,2016,1332P1002,2,1,1,2,53,8,3,0,0,0,0,0,9,1,6,2016,1332P1002,433150.0,435254.0,-1.498023,53.812519,13,3,2,1,25/02/2016,5,15:50,204,E08000035,E08000035,6,0,3,30.0,6,4,6,0,0,0,1,1,1,0,0,1,1,2,E01011431
9048,20161332P1022,2016,1332P1022,1,1,3,2,20,4,3,9,7,0,0,0,0,-1,-1,2016,1332P1022,436353.0,433731.0,-1.44956,53.798617,13,3,1,2,25/02/2016,5,15:45,204,E08000035,E08000035,6,0,6,30.0,0,-1,-1,-1,0,0,1,9,1,0,0,1,2,2,E01011414
9049,20161332P1022,2016,1332P1022,1,2,3,2,14,3,3,9,7,0,0,0,0,-1,-1,2016,1332P1022,436353.0,433731.0,-1.44956,53.798617,13,3,1,2,25/02/2016,5,15:45,204,E08000035,E08000035,6,0,6,30.0,0,-1,-1,-1,0,0,1,9,1,0,0,1,2,2,E01011414
9050,20161332P1428,2016,1332P1428,2,1,1,1,25,5,3,0,0,0,0,0,9,1,1,2016,1332P1428,421064.0,434481.0,-1.681627,53.806199,13,3,2,1,25/02/2016,5,18:10,204,E08000035,E08000035,6,0,6,30.0,3,4,4,6157,0,0,7,9,1,0,0,1,2,2,E01011599
9051,20161332Q0170,2016,1332Q0170,1,1,1,1,15,3,3,0,0,0,0,0,1,1,5,2016,1332Q0170,419988.0,441167.0,-1.697533,53.866334,13,3,2,1,26/02/2016,6,06:47,204,E08000035,E08000035,6,0,6,30.0,0,-1,-1,-1,0,0,1,9,1,0,0,1,1,2,E01011275
9052,20161332Q0653,2016,1332Q0653,2,1,2,2,77,11,3,0,0,1,0,0,9,1,1,2016,1332Q0653,430770.0,433455.0,-1.534347,53.796495,13,3,2,1,26/02/2016,6,13:00,204,E08000035,E08000035,6,0,3,30.0,3,4,6,0,0,4,1,1,1,0,0,1,1,2,E01033011
9053,20161332Q0711,2016,1332Q0711,1,1,1,1,46,8,3,0,0,0,0,0,9,2,9,2016,1332Q0711,440665.0,446078.0,-1.382466,53.909268,13,3,4,4,26/02/2016,6,13:40,204,E08000035,E08000035,2,1,3,70.0,0,-1,-1,-1,0,0,1,1,1,0,0,2,1,1,E01011707
9054,20161332Q0711,2016,1332Q0711,2,2,1,1,25,5,3,0,0,0,0,0,9,1,3,2016,1332Q0711,440665.0,446078.0,-1.382466,53.909268,13,3,4,4,26/02/2016,6,13:40,204,E08000035,E08000035,2,1,3,70.0,0,-1,-1,-1,0,0,1,1,1,0,0,2,1,1,E01011707
9055,20161332Q0711,2016,1332Q0711,3,3,1,1,76,11,3,0,0,0,0,0,9,2,10,2016,1332Q0711,440665.0,446078.0,-1.382466,53.909268,13,3,4,4,26/02/2016,6,13:40,204,E08000035,E08000035,2,1,3,70.0,0,-1,-1,-1,0,0,1,1,1,0,0,2,1,1,E01011707
9056,20161332Q0711,2016,1332Q0711,4,4,1,1,26,6,3,0,0,0,0,0,9,1,8,2016,1332Q0711,440665.0,446078.0,-1.382466,53.909268,13,3,4,4,26/02/2016,6,13:40,204,E08000035,E08000035,2,1,3,70.0,0,-1,-1,-1,0,0,1,1,1,0,0,2,1,1,E01011707
9057,20161332Q0967,2016,1332Q0967,2,1,1,1,38,7,2,0,0,0,0,0,1,1,2,2016,1332Q0967,433838.0,434449.0,-1.487663,53.805239,13,2,2,1,28/02/2016,1,15:40,204,E08000035,E08000035,6,0,6,30.0,3,4,6,0,0,0,1,1,1,0,0,1,1,2,E01011346
9058,20161332Q0978,2016,1332Q0978,1,1,2,1,1,1,3,0,0,0,2,0,11,1,2,2016,1332Q0978,433869.0,436509.0,-1.486966,53.823752,13,3,1,1,26/02/2016,6,15:25,204,E08000035,E08000035,3,58,3,40.0,0,-1,-1,-1,0,4,1,9,1,0,0,1,2,2,E01011421
9059,20161332Q1456,2016,1332Q1456,1,1,1,1,20,4,2,0,0,0,0,0,9,1,3,2016,1332Q1456,424683.0,438564.0,-1.626347,53.842738,13,2,2,1,27/02/2016,7,20:17,204,E08000035,E08000035,6,0,6,30.0,0,-1,-1,-1,0,0,1,1,2,0,0,1,1,2,E01032502
9060,20161332Q1721,2016,1332Q1721,1,1,1,1,45,7,3,0,0,0,0,0,8,1,1,2016,1332Q1721,429595.0,435397.0,-1.551999,53.814018,13,3,2,1,26/02/2016,6,22:35,204,E08000035,E08000035,6,0,6,30.0,3,4,6,0,0,0,4,9,1,0,0,1,1,2,E01011670