,accident_index,accident_year_x,accident_reference_x,vehicle_reference,casualty_reference,casualty_class,sex_of_casualty,age_of_casualty,age_band_of_casualty,casualty_severity,pedestrian_location,pedestrian_movement,car_passenger,bus_or_coach_passenger,pedestrian_road_maintenance_worker,casualty_type,casualty_home_area_type,casualty_imd_decile,accident_year_y,accident_reference_y,location_easting_osgr,location_northing_osgr,longitude,latitude,police_force,accident_severity,number_of_vehicles,number_of_casualties,date,day_of_week,time,local_authority_district,local_authority_ons_district,local_authority_highway,first_road_class,first_road_number,road_type,speed_limit,junction_detail,junction_control,second_road_class,second_road_number,pedestrian_crossing_human_control,pedestrian_crossing_physical_facilities,light_conditions,weather_conditions,road_surface_conditions,special_conditions_at_site,carriageway_hazards,urban_or_rural_area,did_police_officer_attend_scene_of_accident,trunk_road_flag,lsoa_of_accident_location
9149,2016133390203,2016,133390203,1,1,1,1,36,7,3,0,0,0,0,0,9,-1,-1,2016,133390203,426316.0,437709.0,-1.601601,53.834973,13,3,2,2,09/03/2016,4,08:01,204,E08000035,E08000035,6,0,6,30.0,6,4,6,0,0,0,1,2,2,0,0,1,1,2,E01011687
9150,2016133390203,2016,133390203,2,2,1,2,22,5,3,0,0,0,0,0,9,1,2,2016,133390203,426316.0,437709.0,-1.601601,53.834973,13,3,2,2,09/03/2016,4,08:01,204,E08000035,E08000035,6,0,6,30.0,6,4,6,0,0,0,1,2,2,0,0,1,1,2,E01011687
9151,2016133390252,2016,133390252,2,1,1,1,40,7,3,0,0,0,0,0,1,-1,-1,2016,133390252,430850.0,435449.0,-1.532933,53.814412,13,3,2,1,09/03/2016,4,08:44,204,E08000035,E08000035,6,0,6,30.0,3,4,6,0,0,0,1,2,2,0,0,1,1,2,E01011360
9152,2016133390679,2016,133390679,1,1,2,2,82,11,2,0,0,0,1,0,11,1,9,2016,133390679,429623.0,434237.0,-1.551685,53.80359,13,2,1,1,09/03/2016,4,13:40,204,E08000035,E08000035,6,0,6,30.0,0,-1,-1,-1,0,0,1,2,2,0,0,1,2,2,E01033008
9153,2016133390786,2016,133390786,2,1,1,1,60,9,3,0,0,0,0,0,9,1,4,2016,133390786,426032.0,435589.0,-1.606096,53.815933,13,3,2,1,09/03/2016,4,15:00,204,E08000035,E08000035,6,0,3,30.0,0,-1,-1,-1,0,0,1,2,2,0,0,1,1,2,E01011477
9154,2016133390830,2016,133390830,1,1,3,1,5,1,3,5,3,0,0,0,0,1,1,2016,133390830,425172.0,432372.0,-1.619419,53.787061,13,3,1,1,09/03/2016,4,15:26,204,E08000035,E08000035,6,0,6,30.0,0,-1,-1,-1,0,0,1,1,1,0,0,1,1,2,E01011726
9155,2016133390843,2016,133390843,1,1,3,1,57,9,3,10,9,0,0,0,0,1,3,2016,133390843,430291.0,433534.0,-1.541611,53.797234,13,3,1,1,09/03/2016,4,14:40,204,E08000035,E08000035,6,0,2,30.0,0,-1,-1,-1,0,0,1,2,2,0,0,1,2,2,E01033010
9156,20161333A0255,2016,1333A0255,1,1,2,2,24,5,2,0,0,0,3,0,11,1,1,2016,1333A0255,427184.0,434758.0,-1.588672,53.808406,13,2,2,1,10/03/2016,5,07:15,204,E08000035,E08000035,3,65,6,30.0,0,-1,-1,-1,0,0,1,1,1,0,0,1,2,2,E01011482
9157,20161333A1079,2016,1333A1079,1,1,1,1,74,10,3,0,0,0,0,0,9,1,9,2016,1333A1079,430983.0,434451.0,-1.531013,53.805435,13,3,2,1,10/03/2016,5,16:30,204,E08000035,E08000035,6,0,6,30.0,3,4,6,0,0,0,1,9,1,0,0,1,2,2,E01033003
9158,20161333A1209,2016,1333A1209,1,1,2,2,18,4,3,0,0,1,0,0,9,-1,-1,2016,1333A1209,430409.0,431031.0,-1.540066,53.77473,13,3,2,2,10/03/2016,5,17:30,204,E08000035,E08000035,1,621,3,50.0,0,-1,-1,-1,0,0,1,1,1,0,0,1,1,1,E01011312
9159,20161333A1209,2016,1333A1209,2,2,1,2,23,5,3,0,0,0,0,0,9,-1,-1,2016,1333A1209,430409.0,431031.0,-1.540066,53.77473,13,3,2,2,10/03/2016,5,17:30,204,E08000035,E08000035,1,621,3,50.0,0,-1,-1,-1,0,0,1,1,1,0,0,1,1,1,E01011312
9160,20161333A1810,2016,1333A1810,1,1,1,1,49,8,2,0,0,0,0,0,9,-1,-1,2016,1333A1810,428897.0,435510.0,-1.562589,53.815073,13,2,2,1,10/03/2016,5,23:24,204,E08000035,E08000035,6,0,2,30.0,3,4,3,660,0,0,1,1,1,0,0,1,1,2,E01011443
9161,20161333B1196,2016,1333B1196,1,1,1,1,33,6,3,0,0,0,0,0,5,1,1,2016,1333B1196,430619.0,431831.0,-1.5368,53.781908,13,3,2,1,11/03/2016,6,12:15,204,E08000035,E08000035,3,61,3,40.0,5,2,1,621,0,0,1,9,1,0,0,1,2,2,E01011364
9162,20161333B1352,2016,1333B1352,1,1,1,2,23,5,2,0,0,0,0,0,9,2,10,2016,1333B1352,435431.0,439805.0,-1.462859,53.853272,13,2,2,3,11/03/2016,6,18:07,204,E08000035,E08000035,3,58,6,60.0,6,4,6,0,0,0,6,1,1,0,0,2,1,2,E01011311
9163,20161333B1352,2016,1333B1352,1,2,2,1,47,8,3,0,0,1,0,0,9,2,10,2016,1333B1352,435431.0,439805.0,-1.462859,53.853272,13,2,2,3,11/03/2016,6,18:07,204,E08000035,E08000035,3,58,6,60.0,6,4,6,0,0,0,6,1,1,0,0,2,1,2,E01011311
9164,20161333B1352,2016,1333B1352,2,3,1,1,50,8,3,0,0,0,0,0,9,3,9,2016,1333B1352,435431.0,439805.0,-1.462859,53.853272,13,2,2,3,11/03/2016,6,18:07,204,E08000035,E08000035,3,58,6,60.0,6,4,6,0,0,0,6,1,1,0,0,2,1,2,E01011311
9165,20161333C0922,2016,1333C0922,1,1,1,1,45,7,3,0,0,0,0,0,9,1,2,2016,1333C0922,436058.0,431195.0,-1.454334,53.775845,13,3,1,1,12/03/2016,7,14:53,204,E08000035,E08000035,1,1,3,70.0,0,-1,-1,-1,0,0,1,1,1,0,0,2,1,1,E01011420
9166,20161333C1424,2016,1333C1424,1,1,2,1,28,6,3,0,0,0,0,0,5,-1,-1,2016,1333C1424,433247.0,434049.0,-1.49668,53.801682,13,3,4,1,12/03/2016,7,19:04,204,E08000035,E08000035,3,64,3,40.0,0,-1,-1,-1,0,0,4,1,1,0,0,1,1,2,E01011340
9167,20161333C1952,2016,1333C1952,1,1,3,1,35,6,3,5,4,0,0,0,0,1,1,2016,1333C1952,425020.0,435339.0,-1.621486,53.813736,13,3,1,1,12/03/2016,7,23:20,204,E08000035,E08000035,6,0,6,30.0,3,4,6,0,0,0,4,1,1,0,0,1,1,2,E01011332
9168,20161333D0462,2016,1333D0462,1,1,3,2,31,6,3,5,9,0,0,0,0,1,4,2016,1333D0462,429430.0,433469.0,-1.554688,53.796699,13,3,1,1,13/03/2016,1,09:00,204,E08000035,E08000035,6,0,6,30.0,3,4,6,0,0,0,1,9,1,0,0,1,2,2,E01033008
9169,20161333D0994,2016,1333D0994,1,1,3,1,67,10,3,4,9,0,0,0,0,1,2,2016,1333D0994,427836.0,436303.0,-1.578632,53.822258,13,3,1,1,13/03/2016,1,14:20,204,E08000035,E08000035,3,660,6,30.0,0,-1,-1,-1,0,4,1,9,1,0,0,1,2,2,E01011440
9170,20161333D1154,2016,1333D1154,1,1,1,1,71,10,3,0,0,0,0,0,9,2,5,2016,1333D1154,428112.0,426644.0,-1.575317,53.735428,13,3,2,1,13/03/2016,1,16:20,204,E08000035,E08000035,3,653,3,70.0,0,-1,-1,-1,0,0,1,1,1,0,0,2,1,2,E01011538
9171,20161333D1710,2016,1333D1710,1,1,1,1,22,5,2,0,0,0,0,0,19,3,2,2016,1333D1710,431263.0,426519.0,-1.527563,53.734126,13,2,1,1,13/03/2016,1,21:40,204,E08000035,E08000035,1,62,3,70.0,0,-1,-1,-1,0,0,4,1,1,0,0,2,1,1,E01011499
9172,20161333E1272,2016,1333E1272,2,1,1,1,46,8,3,0,0,0,0,0,1,1,1,2016,1333E1272,436158.0,434596.0,-1.452419,53.806405,13,3,2,1,14/03/2016,2,17:20,204,E08000035,E08000035,3,6120,3,30.0,3,4,6,0,0,4,1,1,1,0,0,1,2,2,E01011345
9173,20161333F0485,2016,1333F0485,1,1,2,2,53,8,3,0,0,0,1,0,11,1,1,2016,1333F0485,439979.0,432382.0,-1.394686,53.786227,13,3,1,1,15/03/2016,3,10:30,204,E08000035,E08000035,3,63,6,30.0,0,-1,-1,-1,0,0,1,1,1,0,0,1,2,2,E01011402
9174,20161333F0880,2016,1333F0880,1,1,1,1,41,7,3,0,0,0,0,0,19,1,1,2016,1333F0880,443502.0,438355.0,-1.340376,53.839628,13,3,3,1,15/03/2016,3,14:48,204,E08000035,E08000035,2,1,3,70.0,0,-1,-1,-1,0,0,1,1,1,0,0,2,1,1,E01011309
9175,20161333F1157,2016,1333F1157,1,1,1,1,30,6,3,0,0,0,0,0,3,1,1,2016,1333F1157,429023.0,432295.0,-1.560977,53.78617,13,3,2,1,15/03/2016,3,17:12,204,E08000035,E08000035,6,0,6,30.0,3,4,6,0,0,0,1,1,1,0,0,1,1,2,E01033013
9176,20161333F1251,2016,1333F1251,2,1,1,1,70,10,3,0,0,0,0,0,9,-1,-1,2016,1333F1251,429920.0,438507.0,-1.546761,53.841951,13,3,2,1,15/03/2016,3,17:55,204,E08000035,E08000035,4,6157,6,40.0,9,4,6,0,0,0,4,1,1,0,0,1,1,2,E01011514
9177,20161333G0274,2016,1333G0274,1,1,3,2,7,2,3,5,3,0,0,0,0,-1,-1,2016,1333G0274,429589.0,436620.0,-1.551973,53.82501,13,3,1,1,16/03/2016,4,08:50,204,E08000035,E08000035,4,6159,6,30.0,3,4,6,0,0,0,1,1,1,0,0,1,1,2,E01011354
9178,20161333G0432,2016,1333G0432,1,1,1,2,33,6,3,0,0,0,0,0,9,1,5,2016,1333G0432,431885.0,430498.0,-1.517725,53.769851,13,3,2,2,16/03/2016,4,10:40,204,E08000035,E08000035,1,621,7,70.0,3,4,3,61,0,0,1,1,1,0,0,2,1,1,E01011470
9179,20161333G0432,2016,1333G0432,2,2,1,1,54,8,3,0,0,0,0,0,9,-1,-1,2016,1333G0432,431885.0,430498.0,-1.517725,53.769851,13,3,2,2,16/03/2016,4,10:40,204,E08000035,E08000035,1,621,7,70.0,3,4,3,61,0,0,1,1,1,0,0,2,1,1,E01011470
9180,20161333G0992,2016,1333G0992,1,1,1,1,47,8,2,0,0,0,0,0,5,-1,-1,2016,1333G0992,426122.0,439160.0,-1.604426,53.848025,13,2,2,1,16/03/2016,4,16:04,204,E08000035,E08000035,6,0,6,30.0,3,4,6,0,0,0,1,1,1,0,0,1,1,2,E01011695
9181,20161333H0332,2016,1333H0332,1,1,1,1,62,9,3,0,0,0,0,0,9,1,1,2016,1333H0332,432052.0,436201.0,-1.5146,53.821099,13,3,3,2,17/03/2016,5,09:20,204,E08000035,E08000035,6,0,6,30.0,0,-1,-1,-1,0,0,1,1,1,0,0,1,1,2,E01011642
9182,20161333H0332,2016,1333H0332,2,2,1,2,53,8,3,0,0,0,0,0,9,1,1,2016,1333H0332,432052.0,436201.0,-1.5146,53.821099,13,3,3,2,17/03/2016,5,09:20,204,E08000035,E08000035,6,0,6,30.0,0,-1,-1,-1,0,0,1,1,1,0,0,1,1,2,E01011642
9183,20161333H0345,2016,1333H0345,1,1,1,1,12,3,3,0,0,0,0,0,1,1,1,2016,1333H0345,435440.0,435683.0,-1.463196,53.816224,13,3,2,1,17/03/2016,5,15:00,204,E08000035,E08000035,6,0,6,30.0,3,4,6,0,0,0,1,9,1,0,0,1,2,2,E01011663
9184,20161333H0479,2016,1333H0479,2,1,1,1,30,6,3,0,0,0,0,0,1,1,1,2016,1333H0479,436095.0,434775.0,-1.453354,53.808018,13,3,2,1,16/03/2016,4,16:30,204,E08000035,E08000035,6,0,1,30.0,1,4,3,6120,0,1,1,9,1,0,0,1,2,2,E01011345
9185,20161333H1024,2016,1333H1024,2,1,1,1,36,7,3,0,0,0,0,0,1,1,2,2016,1333H1024,426098.0,428271.0,-1.60571,53.750156,13,3,2,1,17/03/2016,5,16:00,204,E08000035,E08000035,3,643,6,30.0,3,4,6,0,0,0,1,1,1,0,0,1,2,2,E01011525
9186,20161333I0926,2016,1333I0926,2,1,1,2,51,8,3,0,0,0,0,0,9,3,6,2016,1333I0926,420025.0,434134.0,-1.697426,53.803121,13,3,2,1,18/03/2016,6,15:15,204,E08000035,E08000035,3,647,3,30.0,8,4,6,0,0,4,1,1,1,0,0,1,1,2,E01011597
9187,20161333I0967,2016,1333I0967,1,1,2,2,24,5,3,0,0,2,0,0,8,1,1,2016,1333I0967,431243.0,429712.0,-1.527544,53.762826,13,3,2,1,18/03/2016,6,15:00,204,E08000035,E08000035,6,0,6,30.0,0,-1,-1,-1,0,1,1,1,1,0,0,1,2,2,E01011474
9188,20161333I1052,2016,1333I1052,1,1,1,1,22,5,3,0,0,0,0,0,3,1,2,2016,1333I1052,424662.0,433596.0,-1.627062,53.798087,13,3,2,1,18/03/2016,6,16:15,204,E08000035,E08000035,3,6110,1,40.0,1,4,4,6154,0,0,1,1,2,0,0,1,1,2,E01011727
9189,20161333I1529,2016,1333I1529,2,1,1,2,37,7,3,0,0,0,0,0,9,1,1,2016,1333I1529,434622.0,435681.0,-1.47562,53.816261,13,3,2,1,18/03/2016,6,20:25,204,E08000035,E08000035,6,0,6,30.0,3,4,6,0,0,0,4,1,1,0,0,1,1,2,E01011662
9190,20161333J0282,2016,1333J0282,1,1,1,2,22,5,3,0,0,0,0,0,9,1,10,2016,1333J0282,442405.0,442611.0,-1.356459,53.877969,13,2,2,2,19/03/2016,7,04:40,204,E08000035,E08000035,2,1,3,70.0,0,-1,-1,-1,0,0,6,1,1,0,0,2,1,1,E01011712
9191,20161333J0282,2016,1333J0282,1,2,2,2,20,4,2,0,0,1,0,0,9,1,8,2016,1333J0282,442405.0,442611.0,-1.356459,53.877969,13,2,2,2,19/03/2016,7,04:40,204,E08000035,E08000035,2,1,3,70.0,0,-1,-1,-1,0,0,6,1,1,0,0,2,1,1,E01011712
9192,20161333J0779,2016,1333J0779,2,1,1,2,34,6,3,0,0,0,0,0,9,3,7,2016,1333J0779,437724.0,425283.0,-1.429775,53.722591,13,3,2,2,19/03/2016,7,12:02,204,E08000035,E08000035,1,62,3,70.0,0,-1,-1,-1,0,0,1,1,1,0,0,2,1,1,E01011636
9193,20161333J0779,2016,1333J0779,2,2,2,2,65,9,3,0,0,1,0,0,9,3,7,2016,1333J0779,437724.0,425283.0,-1.429775,53.722591,13,3,2,2,19/03/2016,7,12:02,204,E08000035,E08000035,1,62,3,70.0,0,-1,-1,-1,0,0,1,1,1,0,0,2,1,1,E01011636
9194,20161333J0896,2016,1333J0896,1,1,1,2,63,9,3,0,0,0,0,0,9,1,9,2016,1333J0896,431959.0,438903.0,-1.515732,53.845389,13,3,2,1,19/03/2016,7,14:16,204,E08000035,E08000035,6,0,6,30.0,0,-1,-1,-1,0,0,1,1,1,0,0,1,1,2,E01011508
9195,20161333K0386,2016,1333K0386,2,1,1,1,45,7,2,0,0,0,0,0,1,1,2,2016,1333K0386,426848.0,438045.0,-1.593488,53.837966,13,2,2,1,20/03/2016,1,08:10,204,E08000035,E08000035,3,6120,1,40.0,1,4,3,660,0,0,1,1,1,0,0,1,1,2,E01011687
9196,20161333K0810,2016,1333K0810,1,1,2,2,28,6,3,0,0,2,0,0,8,-1,-1,2016,1333K0810,428922.0,433430.0,-1.562404,53.796376,13,3,2,1,20/03/2016,1,12:00,204,E08000035,E08000035,3,58,3,40.0,5,4,6,0,0,0,1,9,1,0,0,1,2,2,E01011363
9197,20161333K0914,2016,1333K0914,1,1,2,1,18,4,3,0,0,2,0,0,9,2,3,2016,1333K0914,437162.0,425798.0,-1.43823,53.72726,13,3,1,1,20/03/2016,1,14:30,204,E08000035,E08000035,1,62,3,70.0,0,-1,-1,-1,0,0,1,1,1,0,0,2,1,1,E01011636
9198,20161333K0934,2016,1333K0934,1,1,1,1,19,4,3,0,0,0,0,0,9,1,4,2016,1333K0934,429512.0,430284.0,-1.553747,53.768067,13,3,2,3,20/03/2016,1,14:30,204,E08000035,E08000035,6,0,3,40.0,3,4,3,653,0,0,1,1,1,0,0,1,1,2,E01011319
9199,20161333K0934,2016,1333K0934,2,2,1,1,79,11,3,0,0,0,0,0,9,1,7,2016,1333K0934,429512.0,430284.0,-1.553747,53.768067,13,3,2,3,20/03/2016,1,14:30,204,E08000035,E08000035,6,0,3,40.0,3,4,3,653,0,0,1,1,1,0,0,1,1,2,E01011319
9200,20161333K0934,2016,1333K0934,2,3,2,2,79,11,3,0,0,1,0,0,9,1,7,2016,1333K0934,429512.0,430284.0,-1.553747,53.768067,13,3,2,3,20/03/2016,1,14:30,204,E08000035,E08000035,6,0,3,40.0,3,4,3,653,0,0,1,1,1,0,0,1,1,2,E01011319
9201,20161333K1104,2016,1333K1104,2,1,1,2,31,6,3,0,0,0,0,0,9,-1,-1,2016,1333K1104,431348.0,434957.0,-1.52542,53.809961,13,3,3,5,20/03/2016,1,16:00,204,E08000035,E08000035,6,0,6,30.0,0,-1,-1,-1,0,0,1,1,1,0,0,1,1,2,E01011673
9202,20161333K1104,2016,1333K1104,2,2,2,1,5,1,3,0,0,2,0,0,9,-1,-1,2016,1333K1104,431348.0,434957.0,-1.52542,53.809961,13,3,3,5,20/03/2016,1,16:00,204,E08000035,E08000035,6,0,6,30.0,0,-1,-1,-1,0,0,1,1,1,0,0,1,1,2,E01011673
9203,20161333K1104,2016,1333K1104,3,3,1,2,43,7,3,0,0,0,0,0,9,-1,-1,2016,1333K1104,431348.0,434957.0,-1.52542,53.809961,13,3,3,5,20/03/2016,1,16:00,204,E08000035,E08000035,6,0,6,30.0,0,-1,-1,-1,0,0,1,1,1,0,0,1,1,2,E01011673
9204,20161333K1104,2016,1333K1104,3,4,2,1,7,2,3,0,0,2,0,0,9,-1,-1,2016,1333K1104,431348.0,434957.0,-1.52542,53.809961,13,3,3,5,20/03/2016,1,16:00,204,E08000035,E08000035,6,0,6,30.0,0,-1,-1,-1,0,0,1,1,1,0,0,1,1,2,E01011673
9205,20161333K1104,2016,1333K1104,3,5,2,1,8,2,3,0,0,2,0,0,9,-1,-1,2016,1333K1104,431348.0,434957.0,-1.52542,53.809961,13,3,3,5,20/03/2016,1,16:00,204,E08000035,E08000035,6,0,6,30.0,0,-1,-1,-1,0,0,1,1,1,0,0,1,1,2,E01011673
9206,20161333K1466,2016,1333K1466,2,1,2,2,18,4,3,0,0,2,0,0,9,1,5,2016,1333K1466,427297.0,433633.0,-1.587055,53.798288,13,3,2,1,20/03/2016,1,19:29,204,E08000035,E08000035,3,647,6,30.0,6,2,6,0,0,0,4,1,1,0,0,1,1,2,E01011293
9207,20161333L0014,2016,1333L0014,2,1,2,1,45,7,3,0,0,1,0,0,9,1,1,2016,1333L0014,427552.0,426312.0,-1.583835,53.732474,13,3,2,1,21/03/2016,2,00:40,204,E08000035,E08000035,1,62,3,70.0,0,-1,-1,-1,0,0,4,1,1,0,0,2,1,1,E01011550
9208,20161333L0442,2016,1333L0442,1,1,2,2,57,9,3,0,0,0,3,0,11,-1,-1,2016,1333L0442,430264.0,433752.0,-1.541999,53.799194,13,3,1,1,21/03/2016,2,10:10,204,E08000035,E08000035,6,0,6,30.0,6,2,6,0,0,0,1,1,1,0,0,1,2,2,E01033010
9209,20161333M0196,2016,1333M0196,1,1,1,2,39,7,3,0,0,0,0,0,9,1,1,2016,1333M0196,426230.0,431902.0,-1.603401,53.782785,13,3,2,1,22/03/2016,3,07:20,204,E08000035,E08000035,6,0,3,40.0,6,2,3,6110,0,5,1,1,1,0,0,1,1,2,E01011737
9210,20161333M1252,2016,1333M1252,2,1,2,2,18,4,3,0,0,1,0,0,9,3,7,2016,1333M1252,430107.0,432823.0,-1.544474,53.790854,13,3,2,1,22/03/2016,3,18:00,204,E08000035,E08000035,3,653,3,40.0,0,-1,-1,-1,0,0,1,1,1,0,0,1,2,2,E01033016
9211,20161333M1474,2016,1333M1474,1,1,3,2,22,5,2,4,1,0,0,0,0,1,6,2016,1333M1474,429914.0,432852.0,-1.5474,53.791126,13,2,1,1,22/03/2016,3,20:05,204,E08000035,E08000035,6,0,3,30.0,0,-1,-1,-1,0,5,4,1,1,0,0,1,1,2,E01033016
9212,20161333N0519,2016,1333N0519,2,1,1,1,37,7,3,0,0,0,0,0,9,1,5,2016,1333N0519,430551.0,432342.0,-1.537782,53.786505,13,3,3,1,23/03/2016,4,12:07,204,E08000035,E08000035,6,0,6,30.0,3,4,6,0,0,0,1,1,1,0,0,1,1,2,E01033018
9213,20161333N0965,2016,1333N0965,1,1,1,1,43,7,2,0,0,0,0,0,5,1,10,2016,1333N0965,433604.0,432074.0,-1.491474,53.783909,13,2,1,1,23/03/2016,4,17:10,204,E08000035,E08000035,3,63,3,40.0,1,4,6,0,0,0,1,1,1,0,0,2,1,2,E01011621
9214,20161333N1424,2016,1333N1424,2,1,1,1,51,8,3,0,0,0,0,0,11,1,4,2016,1333N1424,431880.0,435220.0,-1.517314,53.812292,13,3,2,2,08/03/2016,3,14:24,204,E08000035,E08000035,6,0,6,30.0,0,-1,-1,-1,0,0,1,1,1,0,0,1,2,2,E01011429
9215,20161333N1424,2016,1333N1424,2,2,2,1,55,8,3,0,0,0,4,0,11,1,1,2016,1333N1424,431880.0,435220.0,-1.517314,53.812292,13,3,2,2,08/03/2016,3,14:24,204,E08000035,E08000035,6,0,6,30.0,0,-1,-1,-1,0,0,1,1,1,0,0,1,2,2,E01011429
9216,20161333O1560,2016,1333O1560,2,1,1,1,15,3,3,0,0,0,0,0,1,1,6,2016,1333O1560,433008.0,437096.0,-1.499983,53.829083,13,3,2,1,24/03/2016,5,20:45,204,E08000035,E08000035,6,0,6,30.0,3,4,6,0,0,0,7,9,1,0,0,1,2,2,E01011643
9217,20161333P0429,2016,1333P0429,2,1,1,1,47,8,3,0,0,0,0,0,9,1,5,2016,1333P0429,443249.0,439304.0,-1.344087,53.848178,13,3,4,4,25/03/2016,6,10:00,204,E08000035,E08000035,2,1,3,70.0,0,-1,-1,-1,0,0,1,1,2,0,0,2,1,1,E01011309
9218,20161333P0429,2016,1333P0429,3,2,1,2,37,7,3,0,0,0,0,0,9,1,7,2016,1333P0429,443249.0,439304.0,-1.344087,53.848178,13,3,4,4,25/03/2016,6,10:00,204,E08000035,E08000035,2,1,3,70.0,0,-1,-1,-1,0,0,1,1,2,0,0,2,1,1,E01011309
9219,20161333P0429,2016,1333P0429,3,3,2,2,13,3,3,0,0,1,0,0,9,1,7,2016,1333P0429,443249.0,439304.0,-1.344087,53.848178,13,3,4,4,25/03/2016,6,10:00,204,E08000035,E08000035,2,1,3,70.0,0,-1,-1,-1,0,0,1,1,2,0,0,2,1,1,E01011309
9220,20161333P0429,2016,1333P0429,3,4,2,2,7,2,3,0,0,2,0,0,9,1,7,2016,1333P0429,443249.0,439304.0,-1.344087,53.848178,13,3,4,4,25/03/2016,6,10:00,204,E08000035,E08000035,2,1,3,70.0,0,-1,-1,-1,0,0,1,1,2,0,0,2,1,1,E01011309
9221,20161333P0657,2016,1333P0657,1,1,1,1,27,6,3,0,0,0,0,0,9,3,9,2016,1333P0657,443638.0,436915.0,-1.338513,53.826675,13,3,4,4,25/03/2016,6,12:20,204,E08000035,E08000035,2,1,3,70.0,0,-1,-1,-1,0,0,1,1,2,0,0,2,1,1,E01011297
9222,20161333P0657,2016,1333P0657,2,2,1,1,23,5,3,0,0,0,0,0,9,1,1,2016,1333P0657,443638.0,436915.0,-1.338513,53.826675,13,3,4,4,25/03/2016,6,12:20,204,E08000035,E08000035,2,1,3,70.0,0,-1,-1,-1,0,0,1,1,2,0,0,2,1,1,E01011297
9223,20161333P0657,2016,1333P0657,3,3,1,1,64,9,3,0,0,0,0,0,9,1,3,2016,1333P0657,443638.0,436915.0,-1.338513,53.826675,13,3,4,4,25/03/2016,6,12:20,204,E08000035,E08000035,2,1,3,70.0,0,-1,-1,-1,0,0,1,1,2,0,0,2,1,1,E01011297
9224,20161333P0657,2016,1333P0657,4,4,1,2,34,6,3,0,0,0,0,0,9,1,2,2016,1333P0657,443638.0,436915.0,-1.338513,53.826675,13,3,4,4,25/03/2016,6,12:20,204,E08000035,E08000035,2,1,3,70.0,0,-1,-1,-1,0,0,1,1,2,0,0,2,1,1,E01011297
9225,20161333P0920,2016,1333P0920,2,1,2,2,25,5,3,0,0,1,0,0,9,1,6,2016,1333P0920,426190.0,427439.0,-1.604385,53.742674,13,3,2,1,25/03/2016,6,14:10,204,E08000035,E08000035,6,0,1,30.0,1,4,6,0,0,0,1,1,1,0,0,1,2,2,E01011530
9226,20161333P1048,2016,1333P1048,1,1,1,1,67,10,2,0,0,0,0,0,5,1,5,2016,1333P1048,415290.0,441400.0,-1.768962,53.868587,13,2,1,1,25/03/2016,6,15:55,204,E08000035,E08000035,6,0,6,40.0,8,4,6,0,0,0,1,1,1,0,0,2,1,2,E01011270
9227,20161333P1342,2016,1333P1342,2,1,1,2,28,6,3,0,0,0,0,0,9,1,8,2016,1333P1342,424090.0,428105.0,-1.636174,53.748761,13,3,2,1,25/03/2016,6,18:00,204,E08000035,E08000035,1,62,3,30.0,3,2,3,62,0,0,1,1,1,0,0,2,1,1,E01011529
9228,20161333Q0648,2016,1333Q0648,1,1,3,1,46,8,3,9,8,0,0,0,0,1,4,2016,1333Q0648,429574.0,435901.0,-1.552269,53.818549,13,3,1,1,26/03/2016,7,10:55,204,E08000035,E08000035,6,0,6,30.0,0,-1,-1,-1,0,0,1,1,1,0,0,1,2,2,E01011669
9229,20161333Q1029,2016,1333Q1029,1,1,1,1,30,6,2,0,0,0,0,0,9,-1,-1,2016,1333Q1029,437868.0,433015.0,-1.426647,53.792074,13,2,1,1,26/03/2016,7,10:29,204,E08000035,E08000035,1,1,3,70.0,0,-1,-1,-1,0,0,1,1,1,0,0,2,1,1,E01011402
9230,20161333Q1071,2016,1333Q1071,1,1,1,1,29,6,3,0,0,0,0,0,9,1,5,2016,1333Q1071,426250.0,434042.0,-1.602916,53.802018,13,3,2,1,26/03/2016,7,11:51,204,E08000035,E08000035,3,647,3,40.0,6,2,6,0,0,0,1,1,1,0,0,1,2,2,E01032499
9231,20161333Q1107,2016,1333Q1107,1,1,3,1,20,4,3,1,3,0,0,0,0,1,6,2016,1333Q1107,430069.0,433848.0,-1.544951,53.800069,13,3,1,1,26/03/2016,7,13:40,204,E08000035,E08000035,6,0,6,30.0,0,-1,-1,-1,0,4,1,1,1,0,0,1,1,2,E01033010
9232,20161333Q1208,2016,1333Q1208,1,1,2,2,55,8,3,0,0,1,0,0,9,1,5,2016,1333Q1208,427094.0,430502.0,-1.590411,53.770158,13,3,1,1,26/03/2016,7,17:24,204,E08000035,E08000035,1,621,3,70.0,0,-1,-1,-1,0,0,1,2,2,0,0,2,1,1,E01011734
9233,20161333R0453,2016,1333R0453,1,1,2,1,25,5,3,0,0,2,0,0,9,-1,-1,2016,1333R0453,426503.0,433764.0,-1.599098,53.799507,13,3,2,1,27/03/2016,1,10:19,204,E08000035,E08000035,6,0,6,30.0,6,4,6,0,0,0,1,1,1,0,0,1,1,2,E01032608
9234,20161333R0504,2016,1333R0504,1,1,2,2,34,6,3,0,0,1,0,0,9,1,4,2016,1333R0504,429880.0,430763.0,-1.548118,53.772352,13,3,2,1,27/03/2016,1,11:06,204,E08000035,E08000035,3,653,3,40.0,9,4,6,0,0,0,1,1,1,0,0,1,1,2,E01011312
9235,20161333R0873,2016,1333R0873,1,1,3,2,11,3,2,5,1,0,0,0,0,1,1,2016,1333R0873,432133.0,435320.0,-1.513461,53.813176,13,2,1,1,27/03/2016,1,16:08,204,E08000035,E08000035,4,6159,6,30.0,0,-1,-1,-1,0,0,1,2,2,0,0,1,1,2,E01011432