,accident_index,accident_year_x,accident_reference_x,vehicle_reference,casualty_reference,casualty_class,sex_of_casualty,age_of_casualty,age_band_of_casualty,casualty_severity,pedestrian_location,pedestrian_movement,car_passenger,bus_or_coach_passenger,pedestrian_road_maintenance_worker,casualty_type,casualty_home_area_type,casualty_imd_decile,accident_year_y,accident_reference_y,location_easting_osgr,location_northing_osgr,longitude,latitude,police_force,accident_severity,number_of_vehicles,number_of_casualties,date,day_of_week,time,local_authority_district,local_authority_ons_district,local_authority_highway,first_road_class,first_road_number,road_type,speed_limit,junction_detail,junction_control,second_road_class,second_road_number,pedestrian_crossing_human_control,pedestrian_crossing_physical_facilities,light_conditions,weather_conditions,road_surface_conditions,special_conditions_at_site,carriageway_hazards,urban_or_rural_area,did_police_officer_attend_scene_of_accident,trunk_road_flag,lsoa_of_accident_location
9236,20161333R0913,2016,1333R0913,2,1,2,2,19,4,3,0,0,2,0,0,9,1,4,2016,1333R0913,427769.0,434959.0,-1.57977,53.810181,13,3,3,1,27/03/2016,1,17:10,204,E08000035,E08000035,6,0,6,30.0,0,-1,-1,-1,0,0,1,5,2,0,0,1,1,2,E01011481
9237,20161333R1046,2016,1333R1046,1,1,1,1,21,5,3,0,0,0,0,0,9,1,2,2016,1333R1046,431779.0,430478.0,-1.519335,53.769678,13,3,1,1,27/03/2016,1,18:00,204,E08000035,E08000035,1,621,7,50.0,0,-1,-1,-1,0,0,1,1,1,0,0,1,1,1,E01011469
9238,20161333R1689,2016,1333R1689,1,1,3,1,58,9,3,10,9,0,0,0,0,1,2,2016,1333R1689,427000.0,433450.0,-1.59158,53.796659,13,3,1,2,27/03/2016,1,23:49,204,E08000035,E08000035,6,0,6,30.0,0,-1,-1,-1,0,0,7,9,1,0,0,1,2,2,E01011293
9239,20161333R1689,2016,1333R1689,1,2,3,2,28,6,3,10,9,0,0,0,0,1,2,2016,1333R1689,427000.0,433450.0,-1.59158,53.796659,13,3,1,2,27/03/2016,1,23:49,204,E08000035,E08000035,6,0,6,30.0,0,-1,-1,-1,0,0,7,9,1,0,0,1,2,2,E01011293
9240,20161333S0525,2016,1333S0525,1,1,1,2,68,10,3,0,0,0,0,0,9,1,10,2016,1333S0525,423018.0,437664.0,-1.651718,53.834725,13,3,2,2,28/03/2016,2,11:24,204,E08000035,E08000035,3,65,1,30.0,1,2,3,6120,0,0,1,1,1,0,0,2,1,2,E01011452
9241,20161333S0525,2016,1333S0525,2,2,1,2,28,6,3,0,0,0,0,0,9,1,7,2016,1333S0525,423018.0,437664.0,-1.651718,53.834725,13,3,2,2,28/03/2016,2,11:24,204,E08000035,E08000035,3,65,1,30.0,1,2,3,6120,0,0,1,1,1,0,0,2,1,2,E01011452
9242,20161333S0584,2016,1333S0584,1,1,1,1,21,5,2,0,0,0,0,0,3,1,2,2016,1333S0584,424482.0,438585.0,-1.6294,53.842936,13,2,2,1,28/03/2016,2,12:04,204,E08000035,E08000035,6,0,6,30.0,0,-1,-1,-1,0,0,1,1,1,0,0,1,1,2,E01011460
9243,20161333S0639,2016,1333S0639,1,1,1,2,55,8,3,0,0,0,0,0,9,1,1,2016,1333S0639,436098.0,434792.0,-1.453307,53.808171,13,3,2,2,28/03/2016,2,11:00,204,E08000035,E08000035,3,6120,1,30.0,1,2,3,6120,0,5,1,1,1,0,0,1,2,2,E01011345
9244,20161333S0639,2016,1333S0639,1,2,2,1,18,4,3,0,0,1,0,0,9,1,1,2016,1333S0639,436098.0,434792.0,-1.453307,53.808171,13,3,2,2,28/03/2016,2,11:00,204,E08000035,E08000035,3,6120,1,30.0,1,2,3,6120,0,5,1,1,1,0,0,1,2,2,E01011345
9245,20161333T0242,2016,1333T0242,1,1,1,2,46,8,3,0,0,0,0,0,9,1,7,2016,1333T0242,431434.0,431611.0,-1.524454,53.779882,13,3,2,2,29/03/2016,3,07:40,204,E08000035,E08000035,3,61,6,30.0,3,2,6,0,0,5,1,1,1,2,0,1,1,2,E01011467
9246,20161333T0242,2016,1333T0242,2,2,1,2,43,7,3,0,0,0,0,0,9,1,10,2016,1333T0242,431434.0,431611.0,-1.524454,53.779882,13,3,2,2,29/03/2016,3,07:40,204,E08000035,E08000035,3,61,6,30.0,3,2,6,0,0,5,1,1,1,2,0,1,1,2,E01011467
9247,20161333T0645,2016,1333T0645,2,1,2,1,6,2,3,0,0,2,0,0,9,1,7,2016,1333T0645,426297.0,438088.0,-1.601858,53.838381,13,3,2,1,29/03/2016,3,12:47,204,E08000035,E08000035,3,6120,3,40.0,3,2,6,0,0,0,1,1,1,0,0,1,1,2,E01011687
9248,20161333T1050,2016,1333T1050,2,1,1,1,25,5,3,0,0,0,0,0,9,1,2,2016,1333T1050,429167.0,432418.0,-1.55878,53.787267,13,3,2,1,29/03/2016,3,16:30,204,E08000035,E08000035,6,0,6,30.0,3,4,6,0,0,0,1,1,1,3,0,1,1,2,E01033013
9249,20161333T1515,2016,1333T1515,2,1,2,2,3,1,3,0,0,2,0,0,9,1,1,2016,1333T1515,428979.0,430936.0,-1.561772,53.773957,13,3,2,1,29/03/2016,3,20:45,204,E08000035,E08000035,6,0,6,20.0,6,4,6,0,0,0,4,2,2,0,0,1,1,2,E01011313
9250,20161333T1529,2016,1333T1529,2,1,1,2,24,5,3,0,0,0,0,0,9,1,7,2016,1333T1529,422029.0,434379.0,-1.666981,53.805242,13,3,2,1,24/03/2016,5,17:30,204,E08000035,E08000035,6,0,6,30.0,9,4,6,0,0,1,1,1,2,0,0,1,2,2,E01011587
9251,20161333T1751,2016,1333T1751,1,1,3,1,30,6,2,4,1,0,0,0,0,-1,-1,2016,1333T1751,430759.0,434644.0,-1.534396,53.807183,13,2,1,1,29/03/2016,3,17:51,204,E08000035,E08000035,3,61,3,30.0,3,1,6,0,0,4,1,1,1,0,0,1,1,2,E01011671
9252,20161333U0243,2016,1333U0243,2,1,1,2,25,5,3,0,0,0,0,0,9,1,4,2016,1333U0243,431493.0,433975.0,-1.523318,53.801126,13,3,3,1,30/03/2016,4,08:18,204,E08000035,E08000035,6,0,6,30.0,3,4,6,0,0,4,1,1,1,0,0,1,1,2,E01033031
9253,20161333U0291,2016,1333U0291,1,1,1,1,44,7,3,0,0,0,0,0,9,-1,-1,2016,1333U0291,436726.0,428266.0,-1.444546,53.749473,13,3,2,1,30/03/2016,4,16:04,204,E08000035,E08000035,6,0,6,60.0,0,-1,-1,-1,0,0,1,1,1,0,0,2,2,2,E01011635
9254,20161333U0531,2016,1333U0531,2,1,1,2,35,6,3,0,0,0,0,0,9,1,1,2016,1333U0531,430713.0,439027.0,-1.534658,53.846579,13,3,2,1,30/03/2016,4,12:13,204,E08000035,E08000035,3,61,1,30.0,1,4,6,0,0,0,1,1,1,0,0,1,1,2,E01011512
9255,20161333U0563,2016,1333U0563,2,1,1,2,17,4,3,0,0,0,0,0,9,1,6,2016,1333U0563,432391.0,437597.0,-1.509304,53.833625,13,3,2,2,30/03/2016,4,12:10,204,E08000035,E08000035,6,0,6,30.0,3,4,6,0,0,0,1,1,1,0,0,1,2,2,E01011654
9256,20161333U0563,2016,1333U0563,2,2,2,1,35,6,3,0,0,1,0,0,9,1,10,2016,1333U0563,432391.0,437597.0,-1.509304,53.833625,13,3,2,2,30/03/2016,4,12:10,204,E08000035,E08000035,6,0,6,30.0,3,4,6,0,0,0,1,1,1,0,0,1,2,2,E01011654
9257,20161333U0574,2016,1333U0574,1,1,3,1,32,6,3,1,9,0,0,0,0,1,2,2016,1333U0574,430377.0,433523.0,-1.540306,53.79713,13,3,1,1,17/03/2016,5,12:10,204,E08000035,E08000035,6,0,6,30.0,0,-1,-1,-1,0,4,1,9,1,0,0,1,2,2,E01033010
9258,20161333U0825,2016,1333U0825,1,1,2,2,67,10,3,0,0,0,3,0,11,1,8,2016,1333U0825,427560.0,427911.0,-1.583572,53.746846,13,3,1,1,30/03/2016,4,20:54,204,E08000035,E08000035,6,0,6,30.0,0,-1,-1,-1,0,0,4,1,1,0,0,1,2,2,E01032490
9259,20161333U0931,2016,1333U0931,1,1,3,1,50,8,3,5,1,0,0,0,0,-1,-1,2016,1333U0931,426497.0,427233.0,-1.599748,53.740807,13,3,1,1,30/03/2016,4,16:20,204,E08000035,E08000035,4,6127,1,30.0,1,4,6,0,0,0,1,1,1,0,0,1,2,2,E01011541
9260,20161333U0964,2016,1333U0964,2,1,1,1,19,4,2,0,0,0,0,0,1,1,9,2016,1333U0964,425155.0,429000.0,-1.619951,53.756755,13,2,2,1,30/03/2016,4,16:35,204,E08000035,E08000035,3,62,6,40.0,6,2,4,6126,0,5,1,1,1,0,0,1,1,2,E01011522
9261,20161333U1075,2016,1333U1075,2,1,2,2,28,6,3,0,0,2,0,0,8,1,5,2016,1333U1075,430605.0,434565.0,-1.536742,53.806482,13,3,2,2,30/03/2016,4,17:00,204,E08000035,E08000035,3,61,3,30.0,3,4,3,58,0,0,1,1,1,0,0,1,2,2,E01011671
9262,20161333U1075,2016,1333U1075,2,2,2,1,29,6,3,0,0,2,0,0,8,1,5,2016,1333U1075,430605.0,434565.0,-1.536742,53.806482,13,3,2,2,30/03/2016,4,17:00,204,E08000035,E08000035,3,61,3,30.0,3,4,3,58,0,0,1,1,1,0,0,1,2,2,E01011671
9263,20161333U1123,2016,1333U1123,1,1,1,2,22,5,3,0,0,0,0,0,9,1,4,2016,1333U1123,443972.0,434035.0,-1.333849,53.800763,13,3,2,1,30/03/2016,4,17:57,204,E08000035,E08000035,2,1,3,70.0,0,-1,-1,-1,0,0,1,1,1,0,0,2,1,1,E01011297
9264,20161333U1271,2016,1333U1271,2,1,1,2,33,6,3,0,0,0,0,0,9,-1,-1,2016,1333U1271,426881.0,433439.0,-1.593388,53.796566,13,3,2,1,30/03/2016,4,19:13,204,E08000035,E08000035,6,0,6,30.0,0,-1,-1,-1,0,0,1,1,1,0,0,1,1,2,E01011292
9265,20161333U1748,2016,1333U1748,1,1,2,1,19,4,3,0,0,1,0,0,9,1,3,2016,1333U1748,429655.0,423722.0,-1.552205,53.70908,13,3,1,1,30/03/2016,4,23:45,204,E08000035,E08000035,6,0,6,60.0,0,-1,-1,-1,0,0,6,1,1,0,0,2,1,2,E01011536
9266,20161333V0210,2016,1333V0210,1,1,1,1,59,9,3,0,0,0,0,0,4,-1,-1,2016,1333V0210,441011.0,447922.0,-1.376952,53.925813,13,3,2,1,31/03/2016,5,06:14,204,E08000035,E08000035,6,0,1,30.0,1,4,3,168,0,0,1,1,1,0,0,2,1,2,E01011705
9267,20161333V0429,2016,1333V0429,2,1,1,1,45,7,3,0,0,0,0,0,9,1,4,2016,1333V0429,426590.0,427077.0,-1.598352,53.7394,13,3,2,1,31/03/2016,5,10:45,204,E08000035,E08000035,4,6157,6,30.0,0,-1,-1,-1,0,0,1,1,1,0,0,1,1,2,E01011547
9268,20161333V0846,2016,1333V0846,1,1,2,2,25,5,3,0,0,2,0,0,9,1,3,2016,1333V0846,430652.0,434727.0,-1.536012,53.807935,13,3,2,2,31/03/2016,5,18:45,204,E08000035,E08000035,3,58,3,30.0,6,2,6,0,0,5,1,2,2,0,0,1,2,2,E01011671
9269,20161333V0846,2016,1333V0846,1,2,2,1,17,4,3,0,0,2,0,0,9,1,3,2016,1333V0846,430652.0,434727.0,-1.536012,53.807935,13,3,2,2,31/03/2016,5,18:45,204,E08000035,E08000035,3,58,3,30.0,6,2,6,0,0,5,1,2,2,0,0,1,2,2,E01011671
9270,20161333V1001,2016,1333V1001,1,1,3,1,5,1,3,5,4,0,0,0,0,1,4,2016,1333V1001,429469.0,435450.0,-1.553907,53.814501,13,3,2,1,30/03/2016,4,16:15,204,E08000035,E08000035,6,0,6,30.0,0,-1,-1,-1,0,0,1,1,1,0,0,1,2,2,E01011669
9271,20161333V1161,2016,1333V1161,2,1,1,1,47,8,3,0,0,0,0,0,9,3,8,2016,1333V1161,432934.0,440174.0,-1.500778,53.856752,13,3,2,1,31/03/2016,5,17:04,204,E08000035,E08000035,6,0,6,30.0,9,4,6,0,0,0,1,1,1,0,0,1,1,2,E01011561
9272,20161333V1357,2016,1333V1357,1,1,1,1,57,9,3,0,0,0,0,0,9,1,10,2016,1333V1357,424741.0,437826.0,-1.625524,53.836102,13,3,1,1,31/03/2016,5,18:45,204,E08000035,E08000035,3,6120,6,40.0,0,-1,-1,-1,0,0,1,1,1,0,0,1,1,2,E01011463
9273,20161333V1367,2016,1333V1367,1,1,3,1,8,2,3,5,4,0,0,0,0,-1,-1,2016,1333V1367,427312.0,433869.0,-1.586807,53.800409,13,3,1,1,31/03/2016,5,18:48,204,E08000035,E08000035,6,0,6,30.0,0,-1,-1,-1,0,0,1,1,1,0,0,1,1,2,E01011284
9274,20161333V1409,2016,1333V1409,1,1,1,2,44,7,3,0,0,0,0,0,9,-1,-1,2016,1333V1409,426284.0,435585.0,-1.602268,53.815885,13,3,2,1,31/03/2016,5,19:06,204,E08000035,E08000035,3,65,6,30.0,6,2,6,0,0,5,1,1,1,0,0,1,1,2,E01011488
9275,20161333V1546,2016,1333V1546,1,1,3,2,17,4,3,8,3,0,0,0,0,1,3,2016,1333V1546,434601.0,434498.0,-1.476072,53.80563,13,3,1,1,31/03/2016,5,20:16,204,E08000035,E08000035,3,64,3,40.0,0,-1,-1,-1,0,0,1,1,1,0,0,1,2,2,E01011341
9276,20161333V1759,2016,1333V1759,1,1,1,1,18,4,3,0,0,0,0,0,9,1,5,2016,1333V1759,424685.0,433597.0,-1.626713,53.798095,13,3,1,1,31/03/2016,5,21:55,204,E08000035,E08000035,4,6154,1,40.0,1,4,3,6110,0,0,4,1,1,0,0,1,1,2,E01011727
9277,2016133410726,2016,133410726,2,1,1,1,32,6,2,0,0,0,0,0,3,-1,-1,2016,133410726,432779.0,429909.0,-1.504224,53.764502,13,2,2,1,01/04/2016,6,13:30,204,E08000035,E08000035,6,0,6,30.0,8,4,6,0,0,0,1,1,1,0,0,2,1,2,E01011470
9278,2016133411318,2016,133411318,1,1,1,1,31,6,3,0,0,0,0,0,9,1,4,2016,133411318,431229.0,445744.0,-1.526133,53.906919,13,3,1,1,01/04/2016,6,18:52,204,E08000035,E08000035,3,61,6,50.0,3,4,3,659,0,0,1,1,1,0,0,2,1,2,E01011561
9279,2016133420318,2016,133420318,1,1,2,2,30,6,3,0,0,1,0,0,9,-1,-1,2016,133420318,429898.0,435437.0,-1.547393,53.81436,13,3,1,1,02/04/2016,7,06:30,204,E08000035,E08000035,6,0,6,30.0,3,4,6,0,0,0,1,2,2,0,0,1,1,2,E01011670
9280,2016133420607,2016,133420607,1,5,1,2,24,5,3,0,0,0,0,0,9,1,10,2016,133420607,431966.0,425519.0,-1.51701,53.725096,13,3,2,7,02/04/2016,7,12:10,204,E08000035,E08000035,1,1,3,70.0,0,-1,-1,-1,0,0,1,1,2,4,0,2,1,1,E01011499
9281,2016133420607,2016,133420607,1,6,2,1,27,6,3,0,0,1,0,0,9,1,1,2016,133420607,431966.0,425519.0,-1.51701,53.725096,13,3,2,7,02/04/2016,7,12:10,204,E08000035,E08000035,1,1,3,70.0,0,-1,-1,-1,0,0,1,1,2,4,0,2,1,1,E01011499
9282,2016133420607,2016,133420607,1,7,2,1,3,1,3,0,0,2,0,0,9,1,1,2016,133420607,431966.0,425519.0,-1.51701,53.725096,13,3,2,7,02/04/2016,7,12:10,204,E08000035,E08000035,1,1,3,70.0,0,-1,-1,-1,0,0,1,1,2,4,0,2,1,1,E01011499
9283,2016133420607,2016,133420607,2,1,1,1,59,9,3,0,0,0,0,0,9,1,1,2016,133420607,431966.0,425519.0,-1.51701,53.725096,13,3,2,7,02/04/2016,7,12:10,204,E08000035,E08000035,1,1,3,70.0,0,-1,-1,-1,0,0,1,1,2,4,0,2,1,1,E01011499
9284,2016133420607,2016,133420607,2,2,2,1,28,6,3,0,0,1,0,0,9,1,1,2016,133420607,431966.0,425519.0,-1.51701,53.725096,13,3,2,7,02/04/2016,7,12:10,204,E08000035,E08000035,1,1,3,70.0,0,-1,-1,-1,0,0,1,1,2,4,0,2,1,1,E01011499
9285,2016133420607,2016,133420607,2,3,2,2,46,8,3,0,0,2,0,0,9,1,1,2016,133420607,431966.0,425519.0,-1.51701,53.725096,13,3,2,7,02/04/2016,7,12:10,204,E08000035,E08000035,1,1,3,70.0,0,-1,-1,-1,0,0,1,1,2,4,0,2,1,1,E01011499
9286,2016133420607,2016,133420607,2,4,2,2,60,9,3,0,0,2,0,0,9,1,1,2016,133420607,431966.0,425519.0,-1.51701,53.725096,13,3,2,7,02/04/2016,7,12:10,204,E08000035,E08000035,1,1,3,70.0,0,-1,-1,-1,0,0,1,1,2,4,0,2,1,1,E01011499
9287,2016133421179,2016,133421179,2,1,1,1,34,6,2,0,0,0,0,0,5,1,5,2016,133421179,427062.0,431803.0,-1.590783,53.781853,13,2,2,1,02/04/2016,7,18:10,204,E08000035,E08000035,3,58,6,30.0,3,4,6,0,0,0,1,1,1,0,0,1,1,2,E01011736
9288,2016133421556,2016,133421556,2,1,1,2,23,5,3,0,0,0,0,0,9,1,4,2016,133421556,430164.0,432839.0,-1.543607,53.790994,13,3,2,4,02/04/2016,7,14:20,204,E08000035,E08000035,6,0,6,30.0,3,2,6,0,0,5,1,1,1,0,0,1,1,2,E01033016
9289,2016133421556,2016,133421556,2,2,2,2,18,4,3,0,0,1,0,0,9,1,4,2016,133421556,430164.0,432839.0,-1.543607,53.790994,13,3,2,4,02/04/2016,7,14:20,204,E08000035,E08000035,6,0,6,30.0,3,2,6,0,0,5,1,1,1,0,0,1,1,2,E01033016
9290,2016133421556,2016,133421556,2,3,2,2,45,7,3,0,0,2,0,0,9,1,4,2016,133421556,430164.0,432839.0,-1.543607,53.790994,13,3,2,4,02/04/2016,7,14:20,204,E08000035,E08000035,6,0,6,30.0,3,2,6,0,0,5,1,1,1,0,0,1,1,2,E01033016
9291,2016133421556,2016,133421556,2,4,2,2,12,3,3,0,0,2,0,0,9,1,4,2016,133421556,430164.0,432839.0,-1.543607,53.790994,13,3,2,4,02/04/2016,7,14:20,204,E08000035,E08000035,6,0,6,30.0,3,2,6,0,0,5,1,1,1,0,0,1,1,2,E01033016
9292,2016133430626,2016,133430626,3,1,2,2,53,8,3,0,0,1,0,0,9,3,7,2016,133430626,432030.0,428493.0,-1.515732,53.751822,13,3,3,1,03/04/2016,1,11:54,204,E08000035,E08000035,1,1,3,70.0,9,4,1,621,0,0,1,1,1,0,0,2,1,1,E01011496
9293,2016133431102,2016,133431102,1,1,1,1,24,5,3,0,0,0,0,0,8,-1,-1,2016,133431102,433218.0,436344.0,-1.496873,53.822311,13,3,1,1,03/04/2016,1,16:30,204,E08000035,E08000035,6,0,6,30.0,0,-1,-1,-1,0,0,1,1,1,0,0,1,1,2,E01011646
9294,2016133440406,2016,133440406,1,1,3,1,9,2,3,6,9,0,0,0,0,1,2,2016,133440406,427242.0,433519.0,-1.5879,53.797267,13,3,1,1,04/04/2016,2,10:34,204,E08000035,E08000035,6,0,6,30.0,0,-1,-1,-1,0,0,1,1,1,0,0,1,2,2,E01011293
9295,2016133440714,2016,133440714,1,1,2,2,45,7,3,0,0,1,0,0,9,1,1,2016,133440714,435860.0,436384.0,-1.456736,53.822496,13,3,2,1,04/04/2016,2,12:50,204,E08000035,E08000035,3,6120,1,40.0,1,4,3,64,0,0,1,1,1,0,0,1,1,2,E01011661
9296,2016133440797,2016,133440797,1,1,3,2,62,9,3,10,5,0,0,0,0,1,9,2016,133440797,432253.0,438849.0,-1.51127,53.844886,13,3,1,1,04/04/2016,2,14:18,204,E08000035,E08000035,6,0,6,30.0,0,-1,-1,-1,0,0,1,1,1,0,0,1,1,2,E01011653
9297,2016133440994,2016,133440994,1,1,1,2,55,8,3,0,0,0,0,0,9,1,10,2016,133440994,439186.0,446061.0,-1.40498,53.909229,13,3,1,1,04/04/2016,2,15:45,204,E08000035,E08000035,3,58,6,30.0,3,4,6,0,0,0,1,9,1,0,0,2,2,2,E01011706
9298,2016133450238,2016,133450238,1,1,1,2,45,7,3,0,0,0,0,0,9,1,8,2016,133450238,424270.0,428001.0,-1.633452,53.747817,13,3,2,1,05/04/2016,3,07:43,204,E08000035,E08000035,1,621,3,70.0,5,4,1,621,0,0,1,1,2,0,0,2,1,1,E01011523
9299,2016133450269,2016,133450269,1,1,1,1,28,6,2,0,0,0,0,0,1,1,1,2016,133450269,431402.0,435029.0,-1.524593,53.810605,13,2,2,1,05/04/2016,3,08:14,204,E08000035,E08000035,6,0,6,30.0,6,2,6,0,0,5,1,1,1,0,0,1,1,2,E01011673
9300,2016133450365,2016,133450365,2,1,2,2,4,1,3,0,0,2,0,0,9,3,4,2016,133450365,432338.0,426034.0,-1.511318,53.729702,13,3,2,1,05/04/2016,3,09:45,204,E08000035,E08000035,1,1,3,70.0,1,4,1,62,0,0,1,1,1,0,0,2,1,1,E01011499
9301,2016133450551,2016,133450551,2,1,1,2,19,4,3,0,0,0,0,0,9,3,7,2016,133450551,437506.0,433021.0,-1.432141,53.792154,13,3,2,2,05/04/2016,3,11:50,204,E08000035,E08000035,6,0,6,30.0,3,4,6,0,0,0,1,1,1,0,0,1,1,2,E01011411
9302,2016133450551,2016,133450551,2,2,2,2,21,5,3,0,0,2,0,0,9,1,4,2016,133450551,437506.0,433021.0,-1.432141,53.792154,13,3,2,2,05/04/2016,3,11:50,204,E08000035,E08000035,6,0,6,30.0,3,4,6,0,0,0,1,1,1,0,0,1,1,2,E01011411
9303,2016133450918,2016,133450918,1,1,2,1,3,1,3,0,0,0,4,0,11,-1,-1,2016,133450918,433239.0,434026.0,-1.496804,53.801476,13,3,1,1,05/04/2016,3,13:20,204,E08000035,E08000035,3,64,3,30.0,0,-1,-1,-1,0,0,1,1,1,0,0,1,2,2,E01011617
9304,2016133451238,2016,133451238,1,1,1,2,38,7,3,0,0,0,0,0,9,1,4,2016,133451238,427627.0,431158.0,-1.582266,53.776026,13,3,2,1,05/04/2016,3,17:00,204,E08000035,E08000035,3,6110,1,40.0,1,4,6,0,0,0,1,1,1,0,0,1,2,2,E01011369
9305,2016133470285,2016,133470285,2,1,1,1,32,6,3,0,0,0,0,0,1,-1,-1,2016,133470285,430707.0,434595.0,-1.53519,53.806745,13,3,2,1,07/04/2016,5,09:07,204,E08000035,E08000035,3,58,9,30.0,3,2,6,0,0,5,1,1,1,0,0,1,1,2,E01011671
9306,2016133470636,2016,133470636,2,1,2,2,13,3,3,0,0,2,0,0,9,1,7,2016,133470636,431954.0,430328.0,-1.516696,53.768319,13,3,3,3,07/04/2016,5,13:10,204,E08000035,E08000035,3,639,1,50.0,1,4,1,621,0,0,1,1,1,0,0,2,1,2,E01011469
9307,2016133470636,2016,133470636,3,2,2,1,15,3,3,0,0,1,0,0,9,1,2,2016,133470636,431954.0,430328.0,-1.516696,53.768319,13,3,3,3,07/04/2016,5,13:10,204,E08000035,E08000035,3,639,1,50.0,1,4,1,621,0,0,1,1,1,0,0,2,1,2,E01011469
9308,2016133470636,2016,133470636,3,3,2,1,20,4,3,0,0,2,0,0,9,1,2,2016,133470636,431954.0,430328.0,-1.516696,53.768319,13,3,3,3,07/04/2016,5,13:10,204,E08000035,E08000035,3,639,1,50.0,1,4,1,621,0,0,1,1,1,0,0,2,1,2,E01011469
9309,2016133470749,2016,133470749,1,1,1,2,73,10,3,0,0,0,0,0,9,3,10,2016,133470749,420489.0,445125.0,-1.689651,53.901889,13,3,2,2,07/04/2016,5,14:12,204,E08000035,E08000035,6,0,6,30.0,3,4,6,0,0,0,1,1,1,0,0,1,1,2,E01011572
9310,2016133470749,2016,133470749,2,2,1,2,46,8,3,0,0,0,0,0,9,1,8,2016,133470749,420489.0,445125.0,-1.689651,53.901889,13,3,2,2,07/04/2016,5,14:12,204,E08000035,E08000035,6,0,6,30.0,3,4,6,0,0,0,1,1,1,0,0,1,1,2,E01011572
9311,2016133470826,2016,133470826,2,1,1,1,33,6,3,0,0,0,0,0,9,-1,-1,2016,133470826,422181.0,441731.0,-1.664144,53.871315,13,3,2,1,07/04/2016,5,14:42,204,E08000035,E08000035,6,0,6,30.0,9,4,6,0,0,0,1,2,2,0,0,1,1,2,E01032503
9312,2016133471144,2016,133471144,1,1,1,1,37,7,3,0,0,0,0,0,9,1,7,2016,133471144,430747.0,439243.0,-1.534119,53.848518,13,3,2,1,07/04/2016,5,17:05,204,E08000035,E08000035,3,61,1,40.0,1,4,3,6120,0,0,1,2,2,0,0,1,1,2,E01011556
9313,2016133471199,2016,133471199,1,1,3,1,51,8,3,9,6,0,0,0,0,1,2,2016,133471199,429325.0,431338.0,-1.556484,53.777551,13,3,1,1,07/04/2016,5,17:20,204,E08000035,E08000035,6,0,6,30.0,0,-1,-1,-1,0,0,1,1,1,0,0,1,2,2,E01011370
9314,2016133480301,2016,133480301,1,1,2,2,72,10,3,0,0,1,0,0,9,-1,-1,2016,133480301,431247.0,445732.0,-1.52586,53.90681,13,3,2,1,08/04/2016,6,09:34,204,E08000035,E08000035,3,61,6,40.0,3,4,3,659,0,0,1,1,1,0,0,2,1,2,E01011561
9315,2016133480522,2016,133480522,2,1,1,1,23,5,3,0,0,0,0,0,9,-1,-1,2016,133480522,430878.0,434255.0,-1.532627,53.803679,13,3,2,1,08/04/2016,6,11:07,204,E08000035,E08000035,3,61,6,30.0,6,2,6,0,0,0,1,1,1,0,0,1,1,2,E01033031
9316,2016133480914,2016,133480914,2,1,1,2,30,6,3,0,0,0,0,0,9,1,1,2016,133480914,430857.0,433893.0,-1.532982,53.800427,13,3,2,1,08/04/2016,6,14:25,204,E08000035,E08000035,6,0,6,30.0,9,2,6,0,0,0,1,9,1,0,0,1,2,2,E01033031
9317,2016133481375,2016,133481375,1,1,3,1,35,6,2,6,5,0,0,0,0,-1,-1,2016,133481375,430115.0,427124.0,-1.544906,53.739631,13,2,1,1,08/04/2016,6,18:04,204,E08000035,E08000035,6,0,6,20.0,0,-1,-1,-1,0,0,1,1,1,0,0,1,1,2,E01011492
9318,2016133481836,2016,133481836,1,1,1,1,62,9,3,0,0,0,0,0,9,1,9,2016,133481836,429312.0,437848.0,-1.556064,53.836063,13,3,2,3,08/04/2016,6,21:58,204,E08000035,E08000035,4,6157,6,30.0,3,4,6,0,0,4,4,1,2,0,0,1,1,2,E01011505
9319,2016133481836,2016,133481836,2,2,1,1,20,4,3,0,0,0,0,0,9,1,9,2016,133481836,429312.0,437848.0,-1.556064,53.836063,13,3,2,3,08/04/2016,6,21:58,204,E08000035,E08000035,4,6157,6,30.0,3,4,6,0,0,4,4,1,2,0,0,1,1,2,E01011505
9320,2016133481836,2016,133481836,2,3,2,1,20,4,3,0,0,1,0,0,9,-1,-1,2016,133481836,429312.0,437848.0,-1.556064,53.836063,13,3,2,3,08/04/2016,6,21:58,204,E08000035,E08000035,4,6157,6,30.0,3,4,6,0,0,4,4,1,2,0,0,1,1,2,E01011505
9321,2016133481903,2016,133481903,1,1,3,2,69,10,2,8,3,0,0,0,0,1,2,2016,133481903,434134.0,428742.0,-1.483798,53.753927,13,2,1,1,08/04/2016,6,22:32,204,E08000035,E08000035,6,0,6,30.0,0,-1,-1,-1,0,0,4,9,1,0,0,1,1,2,E01011639
9322,2016133481960,2016,133481960,1,1,3,1,35,6,3,5,3,0,0,0,0,-1,-1,2016,133481960,429503.0,430272.0,-1.553885,53.76796,13,3,1,1,08/04/2016,6,23:01,204,E08000035,E08000035,3,653,3,70.0,0,-1,-1,-1,0,0,4,2,2,0,0,1,1,2,E01011319