,accident_index,accident_year_x,accident_reference_x,vehicle_reference,casualty_reference,casualty_class,sex_of_casualty,age_of_casualty,age_band_of_casualty,casualty_severity,pedestrian_location,pedestrian_movement,car_passenger,bus_or_coach_passenger,pedestrian_road_maintenance_worker,casualty_type,casualty_home_area_type,casualty_imd_decile,accident_year_y,accident_reference_y,location_easting_osgr,location_northing_osgr,longitude,latitude,police_force,accident_severity,number_of_vehicles,number_of_casualties,date,day_of_week,time,local_authority_district,local_authority_ons_district,local_authority_highway,first_road_class,first_road_number,road_type,speed_limit,junction_detail,junction_control,second_road_class,second_road_number,pedestrian_crossing_human_control,pedestrian_crossing_physical_facilities,light_conditions,weather_conditions,road_surface_conditions,special_conditions_at_site,carriageway_hazards,urban_or_rural_area,did_police_officer_attend_scene_of_accident,trunk_road_flag,lsoa_of_accident_location
9323,2016133490475,2016,133490475,1,1,1,1,23,5,3,0,0,0,0,0,9,1,1,2016,133490475,423279.0,434247.0,-1.64801,53.804002,13,3,1,1,09/04/2016,7,09:35,204,E08000035,E08000035,3,647,3,60.0,0,-1,-1,-1,0,0,1,1,1,0,0,1,1,2,E01011596
9324,2016133491292,2016,133491292,1,1,2,1,2,1,3,0,0,0,4,0,11,1,1,2016,133491292,431912.0,434798.0,-1.516871,53.808498,13,3,1,1,09/04/2016,7,15:41,204,E08000035,E08000035,6,0,1,30.0,1,4,6,0,0,0,1,1,1,0,0,1,2,2,E01011677
9325,2016133491701,2016,133491701,2,1,1,1,30,6,3,0,0,0,0,0,9,1,1,2016,133491701,424921.0,438259.0,-1.622754,53.839985,13,3,3,1,09/04/2016,7,20:50,204,E08000035,E08000035,6,0,6,30.0,9,4,6,0,0,0,4,9,1,0,0,1,2,2,E01011464
9326,20161334A0112,2016,1334A0112,2,1,1,1,31,6,3,0,0,0,0,0,8,1,1,2016,1334A0112,430414.0,433945.0,-1.539703,53.80092,13,3,2,4,10/04/2016,1,00:50,204,E08000035,E08000035,6,0,6,30.0,3,2,6,0,0,4,4,1,1,0,0,1,2,2,E01033010
9327,20161334A0112,2016,1334A0112,2,2,2,2,56,9,3,0,0,2,0,0,8,1,1,2016,1334A0112,430414.0,433945.0,-1.539703,53.80092,13,3,2,4,10/04/2016,1,00:50,204,E08000035,E08000035,6,0,6,30.0,3,2,6,0,0,4,4,1,1,0,0,1,2,2,E01033010
9328,20161334A0112,2016,1334A0112,2,3,2,2,51,8,3,0,0,2,0,0,8,1,1,2016,1334A0112,430414.0,433945.0,-1.539703,53.80092,13,3,2,4,10/04/2016,1,00:50,204,E08000035,E08000035,6,0,6,30.0,3,2,6,0,0,4,4,1,1,0,0,1,2,2,E01033010
9329,20161334A0112,2016,1334A0112,2,4,2,2,53,8,3,0,0,2,0,0,8,3,4,2016,1334A0112,430414.0,433945.0,-1.539703,53.80092,13,3,2,4,10/04/2016,1,00:50,204,E08000035,E08000035,6,0,6,30.0,3,2,6,0,0,4,4,1,1,0,0,1,2,2,E01033010
9330,20161334A0353,2016,1334A0353,1,1,1,1,21,5,2,0,0,0,0,0,19,1,1,2016,1334A0353,424450.0,433732.0,-1.63027,53.799319,13,2,1,2,10/04/2016,1,06:43,204,E08000035,E08000035,6,0,6,30.0,9,4,6,0,0,0,1,1,1,0,0,1,1,2,E01011608
9331,20161334A0353,2016,1334A0353,1,2,2,2,23,5,2,0,0,1,0,0,19,1,6,2016,1334A0353,424450.0,433732.0,-1.63027,53.799319,13,2,1,2,10/04/2016,1,06:43,204,E08000035,E08000035,6,0,6,30.0,9,4,6,0,0,0,1,1,1,0,0,1,1,2,E01011608
9332,20161334A0683,2016,1334A0683,1,1,1,1,41,7,2,0,0,0,0,0,5,1,1,2016,1334A0683,430486.0,431744.0,-1.538827,53.781134,13,2,2,1,10/04/2016,1,12:53,204,E08000035,E08000035,3,61,3,40.0,3,2,1,621,0,0,1,1,1,0,0,1,1,2,E01011467
9333,20161334A1160,2016,1334A1160,2,1,1,2,82,11,3,0,0,0,0,0,22,-1,-1,2016,1334A1160,427197.0,429556.0,-1.588932,53.76165,13,3,2,1,04/04/2016,2,12:00,204,E08000035,E08000035,6,0,6,30.0,0,-1,-1,-1,0,0,1,1,1,0,0,1,2,2,E01011524
9334,20161334A1247,2016,1334A1247,1,1,1,1,32,6,3,0,0,0,0,0,9,1,5,2016,1334A1247,427477.0,432599.0,-1.584414,53.788985,13,3,2,2,10/04/2016,1,17:57,204,E08000035,E08000035,6,0,6,30.0,1,4,6,0,0,0,1,1,1,0,0,1,1,2,E01011733
9335,20161334A1247,2016,1334A1247,2,2,1,2,37,7,3,0,0,0,0,0,9,1,6,2016,1334A1247,427477.0,432599.0,-1.584414,53.788985,13,3,2,2,10/04/2016,1,17:57,204,E08000035,E08000035,6,0,6,30.0,1,4,6,0,0,0,1,1,1,0,0,1,1,2,E01011733
9336,20161334B0449,2016,1334B0449,2,1,1,1,30,6,3,0,0,0,0,0,9,1,4,2016,1334B0449,424467.0,433648.0,-1.630019,53.798563,13,3,2,1,09/04/2016,7,23:45,204,E08000035,E08000035,6,0,6,30.0,6,2,6,0,0,0,7,1,1,0,0,1,2,2,E01011608
9337,20161334B1446,2016,1334B1446,2,1,2,1,7,2,3,0,0,2,0,0,9,-1,-1,2016,1334B1446,425347.0,434464.0,-1.616592,53.805856,13,3,2,1,11/04/2016,2,18:40,204,E08000035,E08000035,6,0,6,20.0,0,-1,-1,-1,0,0,1,1,1,0,0,1,2,2,E01011286
9338,20161334C0049,2016,1334C0049,1,1,1,1,18,4,3,0,0,0,0,0,9,-1,-1,2016,1334C0049,429109.0,423551.0,-1.560493,53.707574,13,3,1,1,12/04/2016,3,01:17,204,E08000035,E08000035,6,0,6,60.0,0,-1,-1,-1,0,0,6,2,2,0,0,2,1,2,E01011536
9339,20161334C0290,2016,1334C0290,2,1,1,1,35,6,3,0,0,0,0,0,1,1,10,2016,1334C0290,426316.0,435536.0,-1.601787,53.815443,13,3,2,1,22/04/2016,6,08:43,204,E08000035,E08000035,3,65,6,30.0,7,4,6,0,0,5,1,1,1,0,0,1,2,2,E01011477
9340,20161334C0843,2016,1334C0843,1,1,3,2,71,10,3,10,9,0,0,0,0,-1,-1,2016,1334C0843,428768.0,437037.0,-1.564406,53.828804,13,3,1,1,12/04/2016,3,14:50,204,E08000035,E08000035,4,6157,6,30.0,0,-1,-1,-1,0,0,1,1,1,0,0,1,1,2,E01011691
9341,20161334C1090,2016,1334C1090,1,1,1,2,25,5,3,0,0,0,0,0,9,1,4,2016,1334C1090,426062.0,427377.0,-1.606331,53.742123,13,3,2,1,12/04/2016,3,20:13,204,E08000035,E08000035,6,0,6,30.0,3,4,6,0,0,0,4,9,1,0,0,1,1,2,E01011545
9342,20161334C1363,2016,1334C1363,1,1,3,2,42,7,3,5,1,0,0,0,0,1,1,2016,1334C1363,430460.0,432770.0,-1.539121,53.790357,13,3,1,1,12/04/2016,3,17:45,204,E08000035,E08000035,3,653,6,30.0,0,-1,-1,-1,0,0,1,9,1,0,0,1,2,2,E01033018
9343,20161334C1380,2016,1334C1380,2,1,1,1,53,8,2,0,0,0,0,0,3,3,8,2016,1334C1380,432954.0,440275.0,-1.500463,53.857659,13,2,2,1,12/04/2016,3,19:55,204,E08000035,E08000035,6,0,6,30.0,3,4,6,0,0,0,1,1,2,0,0,1,1,2,E01011562
9344,20161334D1127,2016,1334D1127,1,1,1,2,50,8,3,0,0,0,0,0,9,1,9,2016,1334D1127,437276.0,429647.0,-1.436039,53.761846,13,3,3,1,13/04/2016,4,17:13,204,E08000035,E08000035,6,0,6,30.0,3,4,6,0,0,0,1,1,1,0,0,2,1,2,E01011402
9345,20161334E0509,2016,1334E0509,1,1,1,1,41,7,3,0,0,0,0,0,9,1,9,2016,1334E0509,431961.0,427789.0,-1.516851,53.745499,13,3,2,1,14/04/2016,5,11:02,204,E08000035,E08000035,1,1,3,70.0,0,-1,-1,-1,0,0,1,1,1,0,0,2,1,1,E01011490
9346,20161334E1023,2016,1334E1023,2,1,1,2,57,9,3,0,0,0,0,0,9,1,10,2016,1334E1023,426238.0,435587.0,-1.602967,53.815905,13,3,2,1,14/04/2016,5,15:50,204,E08000035,E08000035,4,6125,6,30.0,3,2,3,65,0,5,1,9,1,0,0,1,2,2,E01011488
9347,20161334F0267,2016,1334F0267,2,1,1,2,41,7,3,0,0,0,0,0,9,1,1,2016,1334F0267,432867.0,432388.0,-1.502626,53.786778,13,3,2,1,15/04/2016,6,08:20,204,E08000035,E08000035,6,0,6,30.0,3,4,3,63,0,0,1,1,1,0,0,1,2,2,E01011621
9348,20161334F0355,2016,1334F0355,1,1,1,1,58,9,3,0,0,0,0,0,9,-1,-1,2016,1334F0355,430638.0,432638.0,-1.536432,53.78916,13,3,4,1,15/04/2016,6,09:48,204,E08000035,E08000035,3,653,3,30.0,0,-1,-1,-1,0,0,1,1,1,0,0,1,1,2,E01033018
9349,20161334F0930,2016,1334F0930,1,1,1,2,26,6,3,0,0,0,0,0,9,2,6,2016,1334F0930,440438.0,448181.0,-1.385643,53.928186,13,3,2,1,15/04/2016,6,14:50,204,E08000035,E08000035,6,0,6,30.0,0,-1,-1,-1,0,0,1,1,1,0,0,1,1,2,E01011704
9350,20161334F1211,2016,1334F1211,1,1,1,2,46,8,3,0,0,0,0,0,9,-1,-1,2016,1334F1211,422477.0,432955.0,-1.660281,53.792424,13,3,2,2,15/04/2016,6,15:30,204,E08000035,E08000035,6,0,2,30.0,0,-1,-1,-1,0,1,1,1,1,0,0,1,2,2,E01011600
9351,20161334F1211,2016,1334F1211,2,2,1,1,20,4,3,0,0,0,0,0,9,-1,-1,2016,1334F1211,422477.0,432955.0,-1.660281,53.792424,13,3,2,2,15/04/2016,6,15:30,204,E08000035,E08000035,6,0,2,30.0,0,-1,-1,-1,0,1,1,1,1,0,0,1,2,2,E01011600
9352,20161334F1454,2016,1334F1454,2,1,1,1,54,8,3,0,0,0,0,0,1,1,7,2016,1334F1454,430233.0,433333.0,-1.542511,53.79543,13,3,2,1,15/04/2016,6,18:45,204,E08000035,E08000035,6,0,3,30.0,0,-1,-1,-1,0,0,1,1,1,0,0,1,1,2,E01033010
9353,20161334F1569,2016,1334F1569,1,1,2,2,65,9,3,0,0,2,0,0,9,1,8,2016,1334F1569,430129.0,438264.0,-1.543609,53.839755,13,3,2,2,15/04/2016,6,20:55,204,E08000035,E08000035,6,0,6,30.0,0,-1,-1,-1,0,0,4,2,2,0,0,1,1,2,E01011514
9354,20161334F1569,2016,1334F1569,2,2,1,1,39,7,3,0,0,0,0,0,9,1,1,2016,1334F1569,430129.0,438264.0,-1.543609,53.839755,13,3,2,2,15/04/2016,6,20:55,204,E08000035,E08000035,6,0,6,30.0,0,-1,-1,-1,0,0,4,2,2,0,0,1,1,2,E01011514
9355,20161334G0580,2016,1334G0580,1,1,3,1,85,11,3,4,9,0,0,0,0,-1,-1,2016,1334G0580,420421.0,445565.0,-1.690657,53.905846,13,3,1,1,16/04/2016,7,10:42,204,E08000035,E08000035,3,659,6,30.0,0,-1,-1,-1,0,5,1,1,1,0,0,1,1,2,E01011569
9356,20161334G0785,2016,1334G0785,1,1,1,1,18,4,3,0,0,0,0,0,9,1,7,2016,1334G0785,430372.0,434657.0,-1.540271,53.807322,13,3,2,2,16/04/2016,7,13:05,204,E08000035,E08000035,6,0,6,30.0,3,4,6,0,0,0,1,9,1,0,0,1,1,2,E01033003
9357,20161334G0785,2016,1334G0785,2,2,2,2,19,4,3,0,0,1,0,0,9,1,4,2016,1334G0785,430372.0,434657.0,-1.540271,53.807322,13,3,2,2,16/04/2016,7,13:05,204,E08000035,E08000035,6,0,6,30.0,3,4,6,0,0,0,1,9,1,0,0,1,1,2,E01033003
9358,20161334G0789,2016,1334G0789,1,1,1,2,18,4,3,0,0,0,0,0,9,-1,-1,2016,1334G0789,430601.0,434156.0,-1.536843,53.802806,13,3,2,4,16/04/2016,7,13:10,204,E08000035,E08000035,6,0,3,30.0,3,2,6,0,0,5,1,1,1,0,0,1,1,2,E01033002
9359,20161334G0789,2016,1334G0789,1,2,2,2,19,4,3,0,0,1,0,0,9,-1,-1,2016,1334G0789,430601.0,434156.0,-1.536843,53.802806,13,3,2,4,16/04/2016,7,13:10,204,E08000035,E08000035,6,0,3,30.0,3,2,6,0,0,5,1,1,1,0,0,1,1,2,E01033002
9360,20161334G0789,2016,1334G0789,2,3,1,2,36,7,3,0,0,0,0,0,9,1,8,2016,1334G0789,430601.0,434156.0,-1.536843,53.802806,13,3,2,4,16/04/2016,7,13:10,204,E08000035,E08000035,6,0,3,30.0,3,2,6,0,0,5,1,1,1,0,0,1,1,2,E01033002
9361,20161334G0789,2016,1334G0789,2,4,2,2,5,1,3,0,0,2,0,0,9,1,8,2016,1334G0789,430601.0,434156.0,-1.536843,53.802806,13,3,2,4,16/04/2016,7,13:10,204,E08000035,E08000035,6,0,3,30.0,3,2,6,0,0,5,1,1,1,0,0,1,1,2,E01033002
9362,20161334G0896,2016,1334G0896,2,1,1,2,55,8,3,0,0,0,0,0,9,1,1,2016,1334G0896,429609.0,431494.0,-1.55216,53.778937,13,3,2,3,16/04/2016,7,14:00,204,E08000035,E08000035,6,0,6,30.0,3,4,6,0,0,0,1,1,1,0,0,1,2,2,E01011373
9363,20161334G0896,2016,1334G0896,2,2,2,1,25,5,3,0,0,1,0,0,9,1,4,2016,1334G0896,429609.0,431494.0,-1.55216,53.778937,13,3,2,3,16/04/2016,7,14:00,204,E08000035,E08000035,6,0,6,30.0,3,4,6,0,0,0,1,1,1,0,0,1,2,2,E01011373
9364,20161334G0896,2016,1334G0896,2,3,2,2,25,5,3,0,0,2,0,0,9,1,4,2016,1334G0896,429609.0,431494.0,-1.55216,53.778937,13,3,2,3,16/04/2016,7,14:00,204,E08000035,E08000035,6,0,6,30.0,3,4,6,0,0,0,1,1,1,0,0,1,2,2,E01011373
9365,20161334G0900,2016,1334G0900,2,1,1,2,33,6,3,0,0,0,0,0,1,1,8,2016,1334G0900,427326.0,437199.0,-1.5863,53.830338,13,3,2,1,13/04/2016,4,21:10,204,E08000035,E08000035,3,660,6,30.0,3,4,6,0,0,0,4,1,1,0,0,1,2,2,E01011690
9366,20161334G1003,2016,1334G1003,2,1,1,1,27,6,3,0,0,0,0,0,5,1,1,2016,1334G1003,431808.0,435595.0,-1.518369,53.815667,13,3,2,1,16/04/2016,7,15:24,204,E08000035,E08000035,3,58,6,30.0,3,4,6,0,0,0,1,1,1,0,0,1,1,2,E01011422
9367,20161334G1077,2016,1334G1077,1,1,1,1,30,6,3,0,0,0,0,0,9,1,4,2016,1334G1077,427896.0,434621.0,-1.577872,53.807137,13,3,4,2,16/04/2016,7,16:13,204,E08000035,E08000035,6,0,6,30.0,3,4,6,0,0,0,1,1,1,0,0,1,1,2,E01011483
9368,20161334G1077,2016,1334G1077,3,2,1,2,44,7,3,0,0,0,0,0,9,2,10,2016,1334G1077,427896.0,434621.0,-1.577872,53.807137,13,3,4,2,16/04/2016,7,16:13,204,E08000035,E08000035,6,0,6,30.0,3,4,6,0,0,0,1,1,1,0,0,1,1,2,E01011483
9369,20161334G1373,2016,1334G1373,1,1,1,1,33,6,3,0,0,0,0,0,9,1,3,2016,1334G1373,424531.0,438534.0,-1.628659,53.842475,13,3,3,2,16/04/2016,7,19:00,204,E08000035,E08000035,6,0,6,30.0,0,-1,-1,-1,0,0,1,1,1,0,0,1,1,2,E01011460
9370,20161334G1373,2016,1334G1373,2,2,1,1,23,5,3,0,0,0,0,0,9,1,9,2016,1334G1373,424531.0,438534.0,-1.628659,53.842475,13,3,3,2,16/04/2016,7,19:00,204,E08000035,E08000035,6,0,6,30.0,0,-1,-1,-1,0,0,1,1,1,0,0,1,1,2,E01011460
9371,20161334H0719,2016,1334H0719,2,1,1,2,19,4,3,0,0,0,0,0,9,1,8,2016,1334H0719,428344.0,431277.0,-1.571376,53.777057,13,3,2,2,17/04/2016,1,11:30,204,E08000035,E08000035,3,643,6,30.0,0,-1,-1,-1,0,1,1,1,1,0,0,1,2,2,E01011369
9372,20161334H0719,2016,1334H0719,2,2,2,1,19,4,3,0,0,1,0,0,9,-1,-1,2016,1334H0719,428344.0,431277.0,-1.571376,53.777057,13,3,2,2,17/04/2016,1,11:30,204,E08000035,E08000035,3,643,6,30.0,0,-1,-1,-1,0,1,1,1,1,0,0,1,2,2,E01011369
9373,20161334H0964,2016,1334H0964,1,1,1,1,25,5,2,0,0,0,0,0,3,1,2,2016,1334H0964,440960.0,437451.0,-1.379125,53.831709,13,2,1,1,17/04/2016,1,15:25,204,E08000035,E08000035,6,0,6,60.0,0,-1,-1,-1,0,0,1,1,1,0,0,2,1,2,E01011309
9374,20161334I0492,2016,1334I0492,2,1,1,1,29,6,3,0,0,0,0,0,1,-1,-1,2016,1334I0492,433372.0,434058.0,-1.494781,53.801755,13,3,2,1,18/04/2016,2,11:00,204,E08000035,E08000035,3,64,6,30.0,3,2,6,0,0,4,1,1,1,0,0,1,1,2,E01011340
9375,20161334I0627,2016,1334I0627,2,1,1,1,58,9,2,0,0,0,0,0,4,1,1,2016,1334I0627,433098.0,434025.0,-1.498945,53.801476,13,2,2,1,18/04/2016,2,12:25,204,E08000035,E08000035,3,64,3,40.0,3,2,4,6159,0,5,1,1,1,0,0,1,1,2,E01011340
9376,20161334I0675,2016,1334I0675,1,1,1,1,43,7,3,0,0,0,0,0,1,1,9,2016,1334I0675,423112.0,439317.0,-1.650166,53.849578,13,3,2,1,17/04/2016,1,10:15,204,E08000035,E08000035,6,0,6,30.0,3,4,6,0,0,0,1,1,1,0,0,1,2,2,E01011455
9377,20161334I0700,2016,1334I0700,1,1,2,1,65,9,3,0,0,0,2,0,11,2,9,2016,1334I0700,429578.0,434761.0,-1.552318,53.808303,13,3,1,1,18/04/2016,2,11:20,204,E08000035,E08000035,6,0,6,30.0,0,-1,-1,-1,0,0,1,1,1,0,0,1,2,2,E01033006
9378,20161334I1101,2016,1334I1101,1,1,1,1,49,8,3,0,0,0,0,0,9,1,7,2016,1334I1101,422833.0,442996.0,-1.654135,53.882656,13,3,3,3,18/04/2016,2,16:45,204,E08000035,E08000035,3,658,6,40.0,0,-1,-1,-1,0,0,1,1,1,0,0,2,1,2,E01032503
9379,20161334I1101,2016,1334I1101,2,2,1,1,23,5,3,0,0,0,0,0,19,1,1,2016,1334I1101,422833.0,442996.0,-1.654135,53.882656,13,3,3,3,18/04/2016,2,16:45,204,E08000035,E08000035,3,658,6,40.0,0,-1,-1,-1,0,0,1,1,1,0,0,2,1,2,E01032503
9380,20161334I1101,2016,1334I1101,3,3,1,2,63,9,3,0,0,0,0,0,9,1,9,2016,1334I1101,422833.0,442996.0,-1.654135,53.882656,13,3,3,3,18/04/2016,2,16:45,204,E08000035,E08000035,3,658,6,40.0,0,-1,-1,-1,0,0,1,1,1,0,0,2,1,2,E01032503
9381,20161334I1102,2016,1334I1102,3,1,1,1,21,5,3,0,0,0,0,0,9,1,4,2016,1334I1102,426821.0,434975.0,-1.594165,53.810375,13,3,3,1,18/04/2016,2,16:40,204,E08000035,E08000035,3,65,3,30.0,9,4,6,0,0,0,1,1,1,0,0,1,1,2,E01011482
9382,20161334I1154,2016,1334I1154,2,1,1,2,31,6,3,0,0,0,0,0,9,1,1,2016,1334I1154,433902.0,436534.0,-1.486462,53.823975,13,3,2,1,18/04/2016,2,17:00,204,E08000035,E08000035,3,58,3,40.0,6,4,6,0,0,4,1,9,1,0,0,1,1,2,E01011421
9383,20161334J1013,2016,1334J1013,1,1,1,2,45,7,3,0,0,0,0,0,9,1,7,2016,1334J1013,421992.0,433566.0,-1.6676,53.797936,13,3,2,3,19/04/2016,3,15:10,204,E08000035,E08000035,6,0,6,30.0,3,4,6,0,0,0,1,1,1,0,0,1,2,2,E01011587
9384,20161334J1013,2016,1334J1013,1,2,2,1,13,3,3,0,0,1,0,0,9,1,7,2016,1334J1013,421992.0,433566.0,-1.6676,53.797936,13,3,2,3,19/04/2016,3,15:10,204,E08000035,E08000035,6,0,6,30.0,3,4,6,0,0,0,1,1,1,0,0,1,2,2,E01011587
9385,20161334J1013,2016,1334J1013,1,3,2,2,16,4,3,0,0,2,0,0,9,1,7,2016,1334J1013,421992.0,433566.0,-1.6676,53.797936,13,3,2,3,19/04/2016,3,15:10,204,E08000035,E08000035,6,0,6,30.0,3,4,6,0,0,0,1,1,1,0,0,1,2,2,E01011587
9386,20161334J1015,2016,1334J1015,1,1,1,1,57,9,3,0,0,0,0,0,1,1,2,2016,1334J1015,430820.0,433955.0,-1.533538,53.800986,13,3,2,1,19/04/2016,3,16:10,204,E08000035,E08000035,3,61,6,30.0,0,-1,-1,-1,2,4,1,1,1,0,0,1,1,2,E01033031
9387,20161334J1178,2016,1334J1178,2,1,1,1,13,3,2,0,0,0,0,0,1,1,3,2016,1334J1178,433589.0,435637.0,-1.491314,53.815933,13,2,2,1,19/04/2016,3,16:45,204,E08000035,E08000035,6,0,6,30.0,0,-1,-1,-1,0,1,1,1,1,0,0,1,1,2,E01011423
9388,20161334J1189,2016,1334J1189,1,1,1,2,54,8,3,0,0,0,0,0,9,1,6,2016,1334J1189,424221.0,428147.0,-1.634184,53.749132,13,3,2,1,19/04/2016,3,17:32,204,E08000035,E08000035,3,650,1,30.0,1,2,2,621,0,0,1,1,1,0,0,1,1,1,E01011523
9389,20161334J1212,2016,1334J1212,2,1,1,1,48,8,3,0,0,0,0,0,9,1,6,2016,1334J1212,443362.0,438882.0,-1.342429,53.844376,13,3,2,1,19/04/2016,3,17:43,204,E08000035,E08000035,2,1,3,70.0,0,-1,-1,-1,0,0,1,1,1,0,0,2,1,1,E01011309
9390,20161334J1397,2016,1334J1397,1,1,1,1,21,5,3,0,0,0,0,0,9,1,5,2016,1334J1397,429097.0,423575.0,-1.560672,53.70779,13,2,2,2,20/04/2016,4,19:08,204,E08000035,E08000035,6,0,6,60.0,0,-1,-1,-1,0,0,1,1,1,0,0,2,1,2,E01011536
9391,20161334J1397,2016,1334J1397,2,2,1,1,61,9,2,0,0,0,0,0,9,1,8,2016,1334J1397,429097.0,423575.0,-1.560672,53.70779,13,2,2,2,20/04/2016,4,19:08,204,E08000035,E08000035,6,0,6,60.0,0,-1,-1,-1,0,0,1,1,1,0,0,2,1,2,E01011536
9392,20161334J1748,2016,1334J1748,1,1,2,2,23,5,3,0,0,1,0,0,9,-1,-1,2016,1334J1748,444823.0,436471.0,-1.320576,53.822584,13,3,1,1,19/04/2016,3,22:25,204,E08000035,E08000035,4,1217,6,60.0,3,4,6,0,0,0,6,1,1,0,0,2,1,2,E01011297
9393,20161334J1808,2016,1334J1808,1,1,3,1,23,5,2,5,1,0,0,0,0,1,2,2016,1334J1808,428829.0,434630.0,-1.563704,53.807167,13,2,1,1,19/04/2016,3,23:05,204,E08000035,E08000035,6,0,6,30.0,6,4,6,0,0,0,4,1,1,0,0,1,1,2,E01033006
9394,20161334K0257,2016,1334K0257,1,1,3,1,72,10,3,9,8,0,0,0,0,1,10,2016,1334K0257,440314.0,449472.0,-1.387362,53.939799,13,3,1,1,20/04/2016,4,08:00,204,E08000035,E08000035,4,6164,6,30.0,3,4,6,0,0,0,1,1,1,0,0,1,1,2,E01011698
9395,20161334K0258,2016,1334K0258,2,1,1,1,37,7,3,0,0,0,0,0,1,1,3,2016,1334K0258,428303.0,434118.0,-1.571738,53.802594,13,3,2,1,20/04/2016,4,07:55,204,E08000035,E08000035,3,65,6,30.0,0,-1,-1,-1,0,0,1,9,1,0,0,1,2,2,E01011681
9396,20161334K0283,2016,1334K0283,1,1,1,1,32,6,3,0,0,0,0,0,9,1,1,2016,1334K0283,431018.0,430558.0,-1.530873,53.770443,13,3,5,2,20/04/2016,4,08:30,204,E08000035,E08000035,1,621,3,50.0,0,-1,-1,-1,0,0,1,1,1,0,0,1,1,1,E01011471
9397,20161334K0283,2016,1334K0283,3,2,1,2,51,8,3,0,0,0,0,0,9,1,8,2016,1334K0283,431018.0,430558.0,-1.530873,53.770443,13,3,5,2,20/04/2016,4,08:30,204,E08000035,E08000035,1,621,3,50.0,0,-1,-1,-1,0,0,1,1,1,0,0,1,1,1,E01011471
9398,20161334K0314,2016,1334K0314,2,1,1,1,50,8,3,0,0,0,0,0,1,1,2,2016,1334K0314,431055.0,431968.0,-1.53017,53.783114,13,3,2,1,20/04/2016,4,07:40,204,E08000035,E08000035,3,639,6,30.0,0,-1,-1,-1,0,0,1,1,1,0,0,1,2,2,E01011467
9399,20161334K0322,2016,1334K0322,1,1,1,2,51,8,3,0,0,0,0,0,9,1,8,2016,1334K0322,424062.0,428055.0,-1.636602,53.748312,13,3,2,1,20/04/2016,4,08:55,204,E08000035,E08000035,3,62,6,30.0,3,2,1,62,0,0,1,1,1,0,0,2,1,1,E01011523
9400,20161334K0554,2016,1334K0554,1,1,1,1,26,6,3,0,0,0,0,0,1,1,1,2016,1334K0554,429950.0,435053.0,-1.54664,53.810906,13,3,2,1,20/04/2016,4,09:30,204,E08000035,E08000035,6,0,6,30.0,3,4,6,0,0,0,1,1,1,0,0,1,2,2,E01033005
9401,20161334K1034,2016,1334K1034,2,1,1,1,42,7,3,0,0,0,0,0,1,1,7,2016,1334K1034,433146.0,426324.0,-1.49904,53.732258,13,3,2,1,20/04/2016,4,15:35,204,E08000035,E08000035,3,61,6,40.0,6,4,6,0,0,8,1,1,1,0,0,1,1,2,E01011500
9402,20161334K1195,2016,1334K1195,2,1,1,1,54,8,3,0,0,0,0,0,9,-1,-1,2016,1334K1195,430965.0,429008.0,-1.531832,53.756515,13,3,4,3,20/04/2016,4,16:47,204,E08000035,E08000035,6,0,6,30.0,3,4,6,0,0,0,1,1,1,0,0,1,1,2,E01032497
9403,20161334K1195,2016,1334K1195,3,2,1,1,48,8,3,0,0,0,0,0,9,-1,-1,2016,1334K1195,430965.0,429008.0,-1.531832,53.756515,13,3,4,3,20/04/2016,4,16:47,204,E08000035,E08000035,6,0,6,30.0,3,4,6,0,0,0,1,1,1,0,0,1,1,2,E01032497
9404,20161334K1195,2016,1334K1195,3,3,2,1,6,2,3,0,0,2,0,0,9,-1,-1,2016,1334K1195,430965.0,429008.0,-1.531832,53.756515,13,3,4,3,20/04/2016,4,16:47,204,E08000035,E08000035,6,0,6,30.0,3,4,6,0,0,0,1,1,1,0,0,1,1,2,E01032497
9405,20161334K1391,2016,1334K1391,1,1,1,2,28,6,3,0,0,0,0,0,9,1,1,2016,1334K1391,433096.0,435631.0,-1.498803,53.815911,13,3,2,2,20/04/2016,4,17:30,204,E08000035,E08000035,6,0,6,30.0,8,4,6,0,0,0,1,1,1,0,0,1,2,2,E01011431
9406,20161334K1391,2016,1334K1391,1,2,2,2,4,1,3,0,0,2,0,0,9,1,1,2016,1334K1391,433096.0,435631.0,-1.498803,53.815911,13,3,2,2,20/04/2016,4,17:30,204,E08000035,E08000035,6,0,6,30.0,8,4,6,0,0,0,1,1,1,0,0,1,2,2,E01011431
9407,20161334K1993,2016,1334K1993,1,1,3,1,43,7,3,4,1,0,0,0,0,1,3,2016,1334K1993,429899.0,433413.0,-1.547574,53.796169,13,3,1,1,20/04/2016,4,22:55,204,E08000035,E08000035,6,0,2,30.0,9,2,6,0,0,4,4,1,1,0,0,1,1,2,E01033016
9408,20161334L0195,2016,1334L0195,2,1,1,1,47,8,2,0,0,0,0,0,1,1,8,2016,1334L0195,430640.0,434240.0,-1.536243,53.803559,13,2,2,1,21/04/2016,5,07:19,204,E08000035,E08000035,6,0,6,30.0,3,4,6,0,0,0,1,1,1,0,0,1,1,2,E01033003
9409,20161334L0343,2016,1334L0343,1,1,3,1,46,8,2,6,5,0,0,0,0,1,7,2016,1334L0343,430066.0,433772.0,-1.545004,53.799386,13,2,1,1,21/04/2016,5,09:15,204,E08000035,E08000035,6,0,6,30.0,3,2,6,0,0,5,1,1,1,0,0,1,2,2,E01033010
9410,20161334L0719,2016,1334L0719,1,1,3,2,29,6,3,5,1,0,0,0,0,-1,-1,2016,1334L0719,431779.0,435552.0,-1.518814,53.815282,13,3,1,1,21/04/2016,5,13:25,204,E08000035,E08000035,3,58,6,30.0,6,4,6,0,0,0,1,1,1,0,0,1,1,2,E01011422