,accident_index,accident_year_x,accident_reference_x,vehicle_reference,casualty_reference,casualty_class,sex_of_casualty,age_of_casualty,age_band_of_casualty,casualty_severity,pedestrian_location,pedestrian_movement,car_passenger,bus_or_coach_passenger,pedestrian_road_maintenance_worker,casualty_type,casualty_home_area_type,casualty_imd_decile,accident_year_y,accident_reference_y,location_easting_osgr,location_northing_osgr,longitude,latitude,police_force,accident_severity,number_of_vehicles,number_of_casualties,date,day_of_week,time,local_authority_district,local_authority_ons_district,local_authority_highway,first_road_class,first_road_number,road_type,speed_limit,junction_detail,junction_control,second_road_class,second_road_number,pedestrian_crossing_human_control,pedestrian_crossing_physical_facilities,light_conditions,weather_conditions,road_surface_conditions,special_conditions_at_site,carriageway_hazards,urban_or_rural_area,did_police_officer_attend_scene_of_accident,trunk_road_flag,lsoa_of_accident_location
9411,20161334L1158,2016,1334L1158,1,1,1,2,27,6,3,0,0,0,0,0,9,1,4,2016,1334L1158,427274.0,430729.0,-1.58766,53.772189,13,3,2,1,21/04/2016,5,16:40,204,E08000035,E08000035,1,621,3,50.0,0,-1,-1,-1,0,0,1,1,1,0,0,1,1,1,E01011318
9412,20161334L1190,2016,1334L1190,2,1,1,1,69,10,3,0,0,0,0,0,9,3,6,2016,1334L1190,441158.0,445436.0,-1.375047,53.903459,13,3,2,1,21/04/2016,5,16:53,204,E08000035,E08000035,2,1,3,70.0,0,-1,-1,-1,0,0,1,1,1,0,0,2,1,1,E01011707
9413,20161334L1245,2016,1334L1245,1,1,1,1,25,5,3,0,0,0,0,0,3,1,8,2016,1334L1245,428243.0,435194.0,-1.572551,53.812268,13,3,2,1,21/04/2016,5,17:20,204,E08000035,E08000035,6,0,6,30.0,0,-1,-1,-1,0,0,1,1,1,0,0,1,1,2,E01011447
9414,20161334L1400,2016,1334L1400,2,1,1,2,36,7,3,0,0,0,0,0,9,1,2,2016,1334L1400,433769.0,436237.0,-1.488515,53.821314,13,3,2,1,21/04/2016,5,17:30,204,E08000035,E08000035,6,0,6,30.0,3,4,6,0,0,0,1,1,1,0,0,1,2,2,E01011421
9415,20161334L1439,2016,1334L1439,2,1,1,2,36,7,3,0,0,0,0,0,9,1,9,2016,1334L1439,432092.0,436257.0,-1.513986,53.8216,13,3,2,1,21/04/2016,5,18:46,204,E08000035,E08000035,6,0,6,30.0,3,4,6,0,0,0,1,1,1,0,0,1,1,2,E01011642
9416,20161334L1642,2016,1334L1642,1,1,3,2,15,3,3,8,4,0,0,0,0,1,3,2016,1334L1642,425162.0,429001.0,-1.619845,53.756763,13,3,1,1,21/04/2016,5,20:21,204,E08000035,E08000035,3,62,6,40.0,6,2,6,0,0,8,4,1,1,0,0,1,1,2,E01011522
9417,20161334L1732,2016,1334L1732,1,1,1,2,25,5,3,0,0,0,0,0,1,1,5,2016,1334L1732,430807.0,433856.0,-1.533745,53.800097,13,3,2,1,21/04/2016,5,20:30,204,E08000035,E08000035,3,61,6,30.0,0,-1,-1,-1,0,0,4,9,1,0,0,1,2,2,E01033031
9418,20161334L1893,2016,1334L1893,1,3,1,1,31,6,3,0,0,0,0,0,9,-1,-1,2016,1334L1893,436132.0,440880.0,-1.452077,53.862885,13,3,3,3,21/04/2016,5,22:54,204,E08000035,E08000035,3,58,6,60.0,9,4,6,0,0,0,6,1,1,0,0,2,1,2,E01011311
9419,20161334L1893,2016,1334L1893,2,1,1,1,24,5,3,0,0,0,0,0,9,1,9,2016,1334L1893,436132.0,440880.0,-1.452077,53.862885,13,3,3,3,21/04/2016,5,22:54,204,E08000035,E08000035,3,58,6,60.0,9,4,6,0,0,0,6,1,1,0,0,2,1,2,E01011311
9420,20161334L1893,2016,1334L1893,2,2,2,1,25,5,3,0,0,1,0,0,9,-1,-1,2016,1334L1893,436132.0,440880.0,-1.452077,53.862885,13,3,3,3,21/04/2016,5,22:54,204,E08000035,E08000035,3,58,6,60.0,9,4,6,0,0,0,6,1,1,0,0,2,1,2,E01011311
9421,20161334M0046,2016,1334M0046,1,1,2,1,75,10,3,0,0,0,3,0,11,-1,-1,2016,1334M0046,430876.0,435495.0,-1.532534,53.814824,13,3,2,1,21/04/2016,5,23:20,204,E08000035,E08000035,6,0,6,30.0,3,4,6,0,0,0,4,9,1,0,0,1,2,2,E01011361
9422,20161334M0251,2016,1334M0251,2,1,1,1,55,8,3,0,0,0,0,0,1,-1,-1,2016,1334M0251,427124.0,434796.0,-1.58958,53.80875,13,3,2,1,22/04/2016,6,08:05,204,E08000035,E08000035,3,65,6,30.0,3,4,6,0,0,0,1,1,1,0,0,1,1,2,E01011482
9423,20161334M0268,2016,1334M0268,1,1,3,2,51,8,2,1,1,0,0,0,0,-1,-1,2016,1334M0268,431319.0,433912.0,-1.525966,53.80057,13,2,1,1,22/04/2016,6,08:25,204,E08000035,E08000035,3,61,6,30.0,3,2,6,0,0,5,1,1,1,0,0,1,1,2,E01033031
9424,20161334M0752,2016,1334M0752,2,1,1,1,52,8,3,0,0,0,0,0,5,-1,-1,2016,1334M0752,429962.0,430866.0,-1.546864,53.773273,13,3,2,1,22/04/2016,6,13:15,204,E08000035,E08000035,3,653,6,30.0,3,2,6,0,2,5,1,1,1,0,0,1,1,2,E01011322
9425,20161334M0852,2016,1334M0852,1,1,1,1,21,5,3,0,0,0,0,0,19,1,5,2016,1334M0852,436771.0,425926.0,-1.444141,53.728438,13,3,4,5,22/04/2016,6,14:07,204,E08000035,E08000035,1,62,3,70.0,0,-1,-1,-1,0,0,1,1,1,0,0,2,1,1,E01011636
9426,20161334M0852,2016,1334M0852,1,2,2,2,20,4,3,0,0,1,0,0,19,1,1,2016,1334M0852,436771.0,425926.0,-1.444141,53.728438,13,3,4,5,22/04/2016,6,14:07,204,E08000035,E08000035,1,62,3,70.0,0,-1,-1,-1,0,0,1,1,1,0,0,2,1,1,E01011636
9427,20161334M0852,2016,1334M0852,3,3,1,1,61,9,3,0,0,0,0,0,9,2,2,2016,1334M0852,436771.0,425926.0,-1.444141,53.728438,13,3,4,5,22/04/2016,6,14:07,204,E08000035,E08000035,1,62,3,70.0,0,-1,-1,-1,0,0,1,1,1,0,0,2,1,1,E01011636
9428,20161334M0852,2016,1334M0852,4,4,1,1,51,8,3,0,0,0,0,0,9,1,2,2016,1334M0852,436771.0,425926.0,-1.444141,53.728438,13,3,4,5,22/04/2016,6,14:07,204,E08000035,E08000035,1,62,3,70.0,0,-1,-1,-1,0,0,1,1,1,0,0,2,1,1,E01011636
9429,20161334M0852,2016,1334M0852,4,5,2,2,50,8,3,0,0,1,0,0,9,1,2,2016,1334M0852,436771.0,425926.0,-1.444141,53.728438,13,3,4,5,22/04/2016,6,14:07,204,E08000035,E08000035,1,62,3,70.0,0,-1,-1,-1,0,0,1,1,1,0,0,2,1,1,E01011636
9430,20161334M0926,2016,1334M0926,2,1,1,2,19,4,3,0,0,0,0,0,9,1,8,2016,1334M0926,428837.0,436575.0,-1.563401,53.824648,13,3,2,1,22/04/2016,6,14:22,204,E08000035,E08000035,6,0,6,30.0,6,2,6,0,0,0,1,1,1,0,0,1,1,2,E01011691
9431,20161334M1318,2016,1334M1318,1,1,3,2,13,3,3,6,9,0,0,0,0,1,1,2016,1334M1318,430271.0,428436.0,-1.542413,53.751414,13,3,1,1,22/04/2016,6,17:23,204,E08000035,E08000035,6,0,6,30.0,0,-1,-1,-1,0,0,1,9,1,0,0,1,2,2,E01032498
9432,20161334N0033,2016,1334N0033,2,1,1,1,23,5,3,0,0,0,0,0,1,1,7,2016,1334N0033,428914.0,434807.0,-1.562397,53.808753,13,3,2,1,23/04/2016,7,00:15,204,E08000035,E08000035,6,0,6,30.0,3,4,6,0,0,0,4,2,2,0,0,1,1,2,E01033006
9433,20161334N0283,2016,1334N0283,1,1,2,1,32,6,3,0,0,2,0,0,9,1,6,2016,1334N0283,426687.0,435509.0,-1.596154,53.815181,13,3,1,2,23/04/2016,7,04:41,204,E08000035,E08000035,6,0,6,30.0,0,-1,-1,-1,0,0,4,1,1,0,0,1,1,2,E01011477
9434,20161334N0283,2016,1334N0283,1,2,2,2,20,4,3,0,0,2,0,0,9,1,3,2016,1334N0283,426687.0,435509.0,-1.596154,53.815181,13,3,1,2,23/04/2016,7,04:41,204,E08000035,E08000035,6,0,6,30.0,0,-1,-1,-1,0,0,4,1,1,0,0,1,1,2,E01011477
9435,20161334N1274,2016,1334N1274,2,1,1,2,63,9,3,0,0,0,0,0,9,2,6,2016,1334N1274,430447.0,426470.0,-1.539937,53.733734,13,3,2,1,23/04/2016,7,17:47,204,E08000035,E08000035,1,62,3,70.0,0,-1,-1,-1,0,0,1,1,1,0,0,2,1,1,E01011499
9436,20161334O0312,2016,1334O0312,1,1,1,2,40,7,3,0,0,0,0,0,9,1,8,2016,1334O0312,431384.0,431651.0,-1.525209,53.780245,13,3,2,1,24/04/2016,1,12:00,204,E08000035,E08000035,3,61,3,30.0,3,2,6,0,0,4,1,9,1,0,0,1,2,2,E01011467
9437,20161334O0846,2016,1334O0846,2,1,1,1,20,4,3,0,0,0,0,0,4,1,3,2016,1334O0846,435942.0,428235.0,-1.456438,53.749249,13,3,3,1,24/04/2016,1,13:52,204,E08000035,E08000035,3,654,6,50.0,1,4,3,639,0,0,1,9,1,0,0,1,1,2,E01011635
9438,20161334O1143,2016,1334O1143,2,1,1,1,33,6,3,0,0,0,0,0,9,-1,-1,2016,1334O1143,434350.0,436892.0,-1.479617,53.827163,13,3,2,2,24/04/2016,1,18:00,204,E08000035,E08000035,6,0,6,30.0,3,4,6,0,0,0,1,1,1,0,0,1,1,2,E01011658
9439,20161334O1143,2016,1334O1143,2,2,2,1,1,1,3,0,0,2,0,0,9,-1,-1,2016,1334O1143,434350.0,436892.0,-1.479617,53.827163,13,3,2,2,24/04/2016,1,18:00,204,E08000035,E08000035,6,0,6,30.0,3,4,6,0,0,0,1,1,1,0,0,1,1,2,E01011658
9440,20161334P0261,2016,1334P0261,2,1,1,1,44,7,3,0,0,0,0,0,1,1,5,2016,1334P0261,429136.0,435249.0,-1.558984,53.812713,13,3,2,1,25/04/2016,2,08:25,204,E08000035,E08000035,3,660,6,30.0,9,4,6,0,0,0,1,1,1,0,0,1,1,2,E01033005
9441,20161334P0408,2016,1334P0408,1,1,1,1,36,7,3,0,0,0,0,0,9,1,2,2016,1334P0408,429098.0,432695.0,-1.559801,53.789761,13,3,2,2,25/04/2016,2,10:20,204,E08000035,E08000035,6,0,6,30.0,3,4,6,0,0,0,1,1,1,0,0,1,1,2,E01033013
9442,20161334P0408,2016,1334P0408,2,2,1,2,59,9,3,0,0,0,0,0,9,1,6,2016,1334P0408,429098.0,432695.0,-1.559801,53.789761,13,3,2,2,25/04/2016,2,10:20,204,E08000035,E08000035,6,0,6,30.0,3,4,6,0,0,0,1,1,1,0,0,1,1,2,E01033013
9443,20161334P0752,2016,1334P0752,1,1,1,1,48,8,3,0,0,0,0,0,11,2,5,2016,1334P0752,439331.0,430560.0,-1.404752,53.769901,13,3,1,2,25/04/2016,2,13:45,204,E08000035,E08000035,6,0,6,60.0,0,-1,-1,-1,0,0,1,1,1,0,0,2,1,2,E01011392
9444,20161334P0752,2016,1334P0752,1,2,2,1,16,4,3,0,0,0,4,0,11,1,7,2016,1334P0752,439331.0,430560.0,-1.404752,53.769901,13,3,1,2,25/04/2016,2,13:45,204,E08000035,E08000035,6,0,6,60.0,0,-1,-1,-1,0,0,1,1,1,0,0,2,1,2,E01011392
9445,20161334P1116,2016,1334P1116,1,1,1,1,28,6,3,0,0,0,0,0,9,1,1,2016,1334P1116,426579.0,425973.0,-1.598613,53.729478,13,3,1,1,25/04/2016,2,17:08,204,E08000035,E08000035,1,62,3,70.0,0,-1,-1,-1,0,0,1,8,2,0,0,2,1,1,E01011550
9446,20161334P1225,2016,1334P1225,2,1,1,1,31,6,3,0,0,0,0,0,8,1,7,2016,1334P1225,430002.0,432659.0,-1.546083,53.789386,13,3,2,1,25/04/2016,2,18:05,204,E08000035,E08000035,6,0,2,30.0,5,4,6,0,0,0,1,1,1,0,0,1,1,2,E01033016
9447,20161334Q0224,2016,1334Q0224,1,1,1,2,23,5,3,0,0,0,0,0,9,1,3,2016,1334Q0224,424092.0,429306.0,-1.63605,53.759555,13,3,1,1,26/04/2016,3,07:55,204,E08000035,E08000035,6,0,6,30.0,0,-1,-1,-1,0,0,1,1,1,0,0,1,1,2,E01011520
9448,20161334Q0580,2016,1334Q0580,2,1,1,1,48,8,3,0,0,0,0,0,19,1,9,2016,1334Q0580,429409.0,435666.0,-1.554798,53.816446,13,3,2,1,26/04/2016,3,12:15,204,E08000035,E08000035,6,0,6,30.0,6,4,6,0,0,0,1,1,1,0,0,1,1,2,E01011668
9449,20161334Q0693,2016,1334Q0693,2,1,1,2,43,7,3,0,0,0,0,0,9,1,2,2016,1334Q0693,431088.0,440462.0,-1.528813,53.859454,13,3,3,1,26/04/2016,3,13:29,204,E08000035,E08000035,3,61,3,40.0,0,-1,-1,-1,0,0,1,3,2,0,0,1,1,2,E01011563
9450,20161334Q0710,2016,1334Q0710,1,1,1,1,26,6,2,0,0,0,0,0,3,-1,-1,2016,1334Q0710,436027.0,435506.0,-1.454302,53.814593,13,2,1,1,26/04/2016,3,13:41,204,E08000035,E08000035,3,64,3,30.0,0,-1,-1,-1,0,4,1,2,2,0,0,1,1,2,E01011665
9451,20161334Q0873,2016,1334Q0873,1,1,3,2,52,8,3,1,2,0,0,0,0,1,8,2016,1334Q0873,434673.0,434535.0,-1.474974,53.805958,13,3,1,1,26/04/2016,3,15:20,204,E08000035,E08000035,3,64,3,40.0,0,-1,-1,-1,0,5,1,1,2,0,0,1,1,2,E01011341
9452,20161334Q0931,2016,1334Q0931,2,1,1,2,26,6,3,0,0,0,0,0,9,1,9,2016,1334Q0931,439406.0,432690.0,-1.403343,53.789039,13,3,2,1,26/04/2016,3,15:50,204,E08000035,E08000035,3,642,6,40.0,0,-1,-1,-1,0,0,1,1,1,0,0,1,1,2,E01011399
9453,20161334Q1034,2016,1334Q1034,1,1,3,1,24,5,3,4,3,0,0,0,0,1,4,2016,1334Q1034,429192.0,433841.0,-1.558266,53.800055,13,3,1,1,26/04/2016,3,16:45,204,E08000035,E08000035,6,0,6,30.0,0,-1,-1,-1,0,4,1,1,2,0,0,1,1,2,E01011678
9454,20161334Q1266,2016,1334Q1266,2,1,2,1,78,11,3,0,0,0,3,0,11,1,1,2016,1334Q1266,430566.0,433456.0,-1.537444,53.796516,13,3,2,1,26/04/2016,3,18:34,204,E08000035,E08000035,6,0,2,20.0,3,2,6,0,0,5,1,1,1,0,0,1,1,2,E01033011
9455,20161334R0124,2016,1334R0124,1,1,1,1,36,7,2,0,0,0,0,0,9,1,8,2016,1334R0124,438488.0,438790.0,-1.416516,53.843932,13,2,2,2,27/04/2016,4,06:25,204,E08000035,E08000035,3,64,6,40.0,0,-1,-1,-1,0,0,1,1,1,0,0,2,1,2,E01011715
9456,20161334R0124,2016,1334R0124,2,2,1,2,32,6,2,0,0,0,0,0,9,-1,-1,2016,1334R0124,438488.0,438790.0,-1.416516,53.843932,13,2,2,2,27/04/2016,4,06:25,204,E08000035,E08000035,3,64,6,40.0,0,-1,-1,-1,0,0,1,1,1,0,0,2,1,2,E01011715
9457,20161334R0170,2016,1334R0170,2,1,1,1,35,6,2,0,0,0,0,0,3,1,7,2016,1334R0170,420953.0,434388.0,-1.683318,53.805367,13,2,2,1,27/04/2016,4,07:41,204,E08000035,E08000035,3,647,3,40.0,0,-1,-1,-1,0,0,1,1,2,0,0,1,1,2,E01011595
9458,20161334R0470,2016,1334R0470,2,1,1,1,53,8,3,0,0,0,0,0,1,1,7,2016,1334R0470,429147.0,431994.0,-1.559124,53.783457,13,3,2,1,27/04/2016,4,08:15,204,E08000035,E08000035,6,0,6,30.0,9,4,6,0,0,0,1,1,1,0,0,1,2,2,E01011368
9459,20161334R0775,2016,1334R0775,2,1,2,1,5,1,3,0,0,1,0,0,9,1,1,2016,1334R0775,430356.0,435453.0,-1.540436,53.814477,13,3,2,1,27/04/2016,4,13:55,204,E08000035,E08000035,6,0,6,30.0,0,-1,-1,-1,0,0,1,1,1,0,0,1,2,2,E01011357
9460,20161334R0854,2016,1334R0854,1,1,1,1,49,8,3,0,0,0,0,0,9,1,1,2016,1334R0854,431086.0,434211.0,-1.529474,53.803272,13,3,3,2,27/04/2016,4,14:55,204,E08000035,E08000035,6,0,6,30.0,6,4,6,0,0,0,1,1,1,0,0,1,1,2,E01033031
9461,20161334R0854,2016,1334R0854,2,2,2,2,85,11,3,0,0,1,0,0,9,1,9,2016,1334R0854,431086.0,434211.0,-1.529474,53.803272,13,3,3,2,27/04/2016,4,14:55,204,E08000035,E08000035,6,0,6,30.0,6,4,6,0,0,0,1,1,1,0,0,1,1,2,E01033031
9462,20161334R0971,2016,1334R0971,2,1,1,1,48,8,3,0,0,0,0,0,9,1,6,2016,1334R0971,428718.0,435612.0,-1.565298,53.815999,13,3,2,2,27/04/2016,4,15:45,204,E08000035,E08000035,3,660,6,30.0,0,-1,-1,-1,0,0,1,2,2,0,0,1,1,2,E01032946
9463,20161334R0971,2016,1334R0971,2,2,2,2,49,8,3,0,0,1,0,0,9,1,6,2016,1334R0971,428718.0,435612.0,-1.565298,53.815999,13,3,2,2,27/04/2016,4,15:45,204,E08000035,E08000035,3,660,6,30.0,0,-1,-1,-1,0,0,1,2,2,0,0,1,1,2,E01032946
9464,20161334R1005,2016,1334R1005,1,1,1,2,63,9,3,0,0,0,0,0,9,1,2,2016,1334R1005,419191.0,444553.0,-1.709442,53.896797,13,3,1,1,27/04/2016,4,16:05,204,E08000035,E08000035,6,0,6,40.0,0,-1,-1,-1,0,0,1,3,3,0,0,2,1,2,E01011571
9465,20161334R1008,2016,1334R1008,1,1,3,1,10,2,3,5,2,0,0,0,0,-1,-1,2016,1334R1008,432064.0,434902.0,-1.514552,53.809423,13,3,1,1,27/04/2016,4,16:10,204,E08000035,E08000035,6,0,6,30.0,3,4,6,0,0,0,1,1,2,0,0,1,1,2,E01011434
9466,20161334R1570,2016,1334R1570,1,1,1,1,34,6,3,0,0,0,0,0,8,1,1,2016,1334R1570,435991.0,437068.0,-1.454666,53.828634,13,3,2,2,27/04/2016,4,20:10,204,E08000035,E08000035,6,0,6,30.0,3,4,6,0,0,0,4,1,2,0,0,1,1,2,E01011718
9467,20161334R1570,2016,1334R1570,2,2,1,1,21,5,3,0,0,0,0,0,9,1,9,2016,1334R1570,435991.0,437068.0,-1.454666,53.828634,13,3,2,2,27/04/2016,4,20:10,204,E08000035,E08000035,6,0,6,30.0,3,4,6,0,0,0,4,1,2,0,0,1,1,2,E01011718
9468,20161334S0276,2016,1334S0276,2,1,1,2,29,6,3,0,0,0,0,0,9,-1,-1,2016,1334S0276,430990.0,433764.0,-1.530976,53.79926,13,3,5,1,28/04/2016,5,08:15,204,E08000035,E08000035,3,64,6,40.0,0,-1,-1,-1,0,0,1,1,1,0,0,1,1,2,E01033011
9469,20161334S0323,2016,1334S0323,1,1,3,2,23,5,3,5,2,0,0,0,0,1,3,2016,1334S0323,429282.0,435071.0,-1.556783,53.811105,13,3,1,1,28/04/2016,5,09:02,204,E08000035,E08000035,3,660,3,30.0,0,-1,-1,-1,0,0,1,1,1,0,0,1,1,2,E01033005
9470,20161334S0424,2016,1334S0424,2,1,1,1,34,6,3,0,0,0,0,0,1,1,8,2016,1334S0424,429708.0,433961.0,-1.550421,53.801105,13,3,2,1,28/04/2016,5,10:09,204,E08000035,E08000035,6,0,6,30.0,0,-1,-1,-1,0,0,1,1,1,0,0,1,1,2,E01033008
9471,20161334S0486,2016,1334S0486,2,1,1,1,26,6,3,0,0,0,0,0,1,1,9,2016,1334S0486,427486.0,434590.0,-1.584101,53.80688,13,3,2,1,28/04/2016,5,17:30,204,E08000035,E08000035,3,65,6,30.0,3,4,6,0,0,0,1,1,1,0,0,1,2,2,E01011482
9472,20161334S0776,2016,1334S0776,2,1,1,1,59,9,3,0,0,0,0,0,19,1,2,2016,1334S0776,431678.0,432539.0,-1.520656,53.788208,13,3,2,2,28/04/2016,5,13:55,204,E08000035,E08000035,6,0,6,30.0,3,4,6,0,0,0,1,1,1,0,0,1,1,2,E01011626
9473,20161334S0776,2016,1334S0776,2,2,2,1,60,9,3,0,0,1,0,0,19,1,6,2016,1334S0776,431678.0,432539.0,-1.520656,53.788208,13,3,2,2,28/04/2016,5,13:55,204,E08000035,E08000035,6,0,6,30.0,3,4,6,0,0,0,1,1,1,0,0,1,1,2,E01011626
9474,20161334S1121,2016,1334S1121,1,1,3,1,12,3,3,10,9,0,0,0,0,-1,-1,2016,1334S1121,430576.0,433446.0,-1.537293,53.796426,13,3,1,1,28/04/2016,5,16:56,204,E08000035,E08000035,6,0,2,30.0,0,-1,-1,-1,0,0,1,2,2,0,0,1,2,2,E01033011
9475,20161334S1163,2016,1334S1163,1,1,1,1,50,8,3,0,0,0,0,0,9,1,1,2016,1334S1163,430960.0,435855.0,-1.531222,53.818055,13,3,2,3,28/04/2016,5,17:17,204,E08000035,E08000035,6,0,6,30.0,3,4,6,0,0,5,1,2,2,0,0,1,1,2,E01011356
9476,20161334S1163,2016,1334S1163,1,2,2,2,27,6,3,0,0,1,0,0,9,1,7,2016,1334S1163,430960.0,435855.0,-1.531222,53.818055,13,3,2,3,28/04/2016,5,17:17,204,E08000035,E08000035,6,0,6,30.0,3,4,6,0,0,5,1,2,2,0,0,1,1,2,E01011356
9477,20161334S1163,2016,1334S1163,2,3,2,2,40,7,3,0,0,2,0,0,8,-1,-1,2016,1334S1163,430960.0,435855.0,-1.531222,53.818055,13,3,2,3,28/04/2016,5,17:17,204,E08000035,E08000035,6,0,6,30.0,3,4,6,0,0,5,1,2,2,0,0,1,1,2,E01011356
9478,20161334S1245,2016,1334S1245,2,1,1,1,69,10,3,0,0,0,0,0,9,1,6,2016,1334S1245,427730.0,430841.0,-1.580732,53.773171,13,3,2,1,28/04/2016,5,11:00,204,E08000035,E08000035,3,6110,3,40.0,0,-1,-1,-1,0,5,1,1,1,0,0,1,2,2,E01011318
9479,20161334S1252,2016,1334S1252,1,1,1,1,23,5,3,0,0,0,0,0,9,1,2,2016,1334S1252,428580.0,432979.0,-1.567638,53.792342,13,3,2,1,28/04/2016,5,16:40,204,E08000035,E08000035,3,643,3,40.0,1,2,3,58,0,0,1,2,2,0,0,1,2,2,E01011363
9480,20161334S1316,2016,1334S1316,2,1,1,1,38,7,3,0,0,0,0,0,1,1,4,2016,1334S1316,432095.0,436048.0,-1.513963,53.819721,13,3,2,1,28/04/2016,5,18:25,204,E08000035,E08000035,3,58,6,30.0,3,4,6,0,0,0,1,9,1,0,0,1,2,2,E01011422
9481,20161334S1333,2016,1334S1333,1,1,1,1,27,6,3,0,0,0,0,0,20,1,1,2016,1334S1333,426303.0,434006.0,-1.602114,53.801692,13,3,2,1,28/04/2016,5,18:15,204,E08000035,E08000035,3,647,3,40.0,3,2,6,0,0,0,1,9,1,0,0,1,2,2,E01032499
9482,20161334S1601,2016,1334S1601,1,1,1,1,53,8,3,0,0,0,0,0,9,2,7,2016,1334S1601,430780.0,433215.0,-1.534219,53.794338,13,3,2,2,28/04/2016,5,21:55,204,E08000035,E08000035,3,61,3,40.0,6,2,3,653,0,0,4,2,2,0,0,1,1,2,E01033034
9483,20161334S1601,2016,1334S1601,2,2,1,1,43,7,3,0,0,0,0,0,19,1,9,2016,1334S1601,430780.0,433215.0,-1.534219,53.794338,13,3,2,2,28/04/2016,5,21:55,204,E08000035,E08000035,3,61,3,40.0,6,2,3,653,0,0,4,2,2,0,0,1,1,2,E01033034
9484,20161334T0156,2016,1334T0156,1,1,1,1,35,6,3,0,0,0,0,0,3,1,7,2016,1334T0156,419495.0,437019.0,-1.705292,53.829071,13,3,1,1,29/04/2016,6,05:30,204,E08000035,E08000035,3,657,6,30.0,3,4,6,0,0,0,4,3,3,0,0,1,1,2,E01011590
9485,20161334T0543,2016,1334T0543,2,1,1,2,41,7,3,0,0,0,0,0,9,-1,-1,2016,1334T0543,433694.0,433606.0,-1.489941,53.797672,13,3,2,1,29/04/2016,6,20:16,204,E08000035,E08000035,6,0,6,30.0,3,4,6,0,0,0,4,1,1,0,0,1,1,2,E01011622
9486,20161334T0778,2016,1334T0778,1,1,1,1,25,5,2,0,0,0,0,0,3,1,9,2016,1334T0778,441690.0,433170.0,-1.368612,53.793176,13,2,2,1,29/04/2016,6,14:00,204,E08000035,E08000035,6,0,6,30.0,0,-1,-1,-1,0,0,1,1,1,0,0,1,1,2,E01011397
9487,20161334T1812,2016,1334T1812,1,1,1,1,26,6,2,0,0,0,0,0,3,1,7,2016,1334T1812,437714.0,433090.0,-1.428976,53.792759,13,2,1,1,29/04/2016,6,22:50,204,E08000035,E08000035,3,63,3,30.0,0,-1,-1,-1,0,0,4,1,1,0,0,2,1,2,E01011411
9488,20161334U0623,2016,1334U0623,1,1,2,1,85,11,3,0,0,0,4,0,11,2,10,2016,1334U0623,429769.0,434653.0,-1.549428,53.807321,13,3,2,1,30/04/2016,7,11:50,204,E08000035,E08000035,3,660,2,30.0,0,-1,-1,-1,0,0,1,1,1,0,0,1,1,2,E01033005
9489,20161334U0696,2016,1334U0696,2,1,1,1,53,8,2,0,0,0,0,0,1,1,1,2016,1334U0696,432019.0,435855.0,-1.515137,53.817991,13,2,2,1,30/04/2016,7,12:40,204,E08000035,E08000035,6,0,6,30.0,6,2,6,0,0,5,1,1,1,0,0,1,2,2,E01011422
9490,20161334U1035,2016,1334U1035,1,1,1,1,15,3,3,0,0,0,0,0,1,-1,-1,2016,1334U1035,441578.0,432653.0,-1.370382,53.788538,13,3,1,1,01/04/2016,6,16:05,204,E08000035,E08000035,6,0,6,30.0,0,-1,-1,-1,0,0,1,1,2,0,0,1,1,2,E01011401
9491,20161334U1326,2016,1334U1326,1,1,1,1,20,4,2,0,0,0,0,0,4,-1,-1,2016,1334U1326,427638.0,433716.0,-1.581871,53.799016,13,2,4,1,30/04/2016,7,18:36,204,E08000035,E08000035,3,647,6,30.0,3,4,6,0,0,8,1,1,1,0,0,1,1,2,E01011284
9492,20161334U1343,2016,1334U1343,2,1,1,1,66,10,3,0,0,0,0,0,9,1,9,2016,1334U1343,422533.0,435455.0,-1.659249,53.814892,13,3,2,2,30/04/2016,7,18:47,204,E08000035,E08000035,6,0,6,30.0,3,4,6,0,0,0,1,1,1,0,0,1,1,2,E01011328
9493,20161334U1343,2016,1334U1343,2,2,2,2,65,9,3,0,0,1,0,0,9,1,9,2016,1334U1343,422533.0,435455.0,-1.659249,53.814892,13,3,2,2,30/04/2016,7,18:47,204,E08000035,E08000035,6,0,6,30.0,3,4,6,0,0,0,1,1,1,0,0,1,1,2,E01011328
9494,20161334U1507,2016,1334U1507,1,1,1,1,45,7,3,0,0,0,0,0,9,-1,-1,2016,1334U1507,442780.0,431667.0,-1.352274,53.779579,13,3,1,1,30/04/2016,7,20:00,204,E08000035,E08000035,3,63,6,60.0,0,-1,-1,-1,0,0,1,1,1,0,0,2,1,2,E01011302
9495,2016133510040,2016,133510040,1,1,1,1,26,6,3,0,0,0,0,0,9,-1,-1,2016,133510040,422520.0,440217.0,-1.659099,53.857693,13,3,1,1,01/05/2016,1,00:40,204,E08000035,E08000035,6,0,2,60.0,0,-1,-1,-1,0,0,6,1,2,0,0,2,1,2,E01032503
9496,2016133520713,2016,133520713,1,1,1,2,23,5,3,0,0,0,0,0,9,1,1,2016,133520713,428995.0,433585.0,-1.561281,53.797765,13,3,2,1,02/05/2016,2,11:55,204,E08000035,E08000035,3,65,3,30.0,0,-1,-1,-1,0,0,1,9,1,0,0,1,2,2,E01011678
9497,2016133520847,2016,133520847,1,1,1,1,28,6,3,0,0,0,0,0,1,-1,-1,2016,133520847,425915.0,436269.0,-1.607816,53.822051,13,3,1,1,02/05/2016,2,13:40,204,E08000035,E08000035,6,0,6,30.0,3,4,3,65,0,0,1,1,2,0,0,1,1,2,E01011488