,accident_index,accident_year_x,accident_reference_x,vehicle_reference,casualty_reference,casualty_class,sex_of_casualty,age_of_casualty,age_band_of_casualty,casualty_severity,pedestrian_location,pedestrian_movement,car_passenger,bus_or_coach_passenger,pedestrian_road_maintenance_worker,casualty_type,casualty_home_area_type,casualty_imd_decile,accident_year_y,accident_reference_y,location_easting_osgr,location_northing_osgr,longitude,latitude,police_force,accident_severity,number_of_vehicles,number_of_casualties,date,day_of_week,time,local_authority_district,local_authority_ons_district,local_authority_highway,first_road_class,first_road_number,road_type,speed_limit,junction_detail,junction_control,second_road_class,second_road_number,pedestrian_crossing_human_control,pedestrian_crossing_physical_facilities,light_conditions,weather_conditions,road_surface_conditions,special_conditions_at_site,carriageway_hazards,urban_or_rural_area,did_police_officer_attend_scene_of_accident,trunk_road_flag,lsoa_of_accident_location
9585,20161335G0940,2016,1335G0940,2,1,1,2,23,5,3,0,0,0,0,0,1,1,1,2016,1335G0940,427278.0,433077.0,-1.587393,53.793292,13,3,3,1,16/05/2016,2,15:35,204,E08000035,E08000035,4,6154,6,30.0,3,4,6,0,0,0,1,1,1,0,0,1,1,2,E01011292
9586,20161335G1097,2016,1335G1097,1,1,1,1,43,7,3,0,0,0,0,0,1,1,8,2016,1335G1097,427337.0,437182.0,-1.586134,53.830184,13,3,1,2,16/05/2016,2,16:58,204,E08000035,E08000035,3,660,6,30.0,0,-1,-1,-1,0,4,1,1,1,0,0,1,1,2,E01011690
9587,20161335G1097,2016,1335G1097,1,2,3,2,21,5,3,1,3,0,0,0,0,1,8,2016,1335G1097,427337.0,437182.0,-1.586134,53.830184,13,3,1,2,16/05/2016,2,16:58,204,E08000035,E08000035,3,660,6,30.0,0,-1,-1,-1,0,4,1,1,1,0,0,1,1,2,E01011690
9588,20161335G1142,2016,1335G1142,1,1,1,1,19,4,3,0,0,0,0,0,1,1,6,2016,1335G1142,428999.0,432316.0,-1.561339,53.78636,13,3,2,1,16/05/2016,2,17:00,204,E08000035,E08000035,6,0,6,30.0,3,4,6,0,0,0,1,1,1,0,0,1,1,2,E01033013
9589,20161335H0186,2016,1335H0186,2,1,1,1,26,6,3,0,0,0,0,0,1,1,7,2016,1335H0186,427524.0,436945.0,-1.583314,53.828044,13,3,2,1,17/05/2016,3,07:32,204,E08000035,E08000035,3,660,6,30.0,3,4,6,0,0,0,1,1,1,0,0,1,1,2,E01011690
9590,20161335H0201,2016,1335H0201,2,1,1,2,19,4,3,0,0,0,0,0,1,1,9,2016,1335H0201,430839.0,434003.0,-1.533245,53.801417,13,3,2,1,17/05/2016,3,07:49,204,E08000035,E08000035,3,61,6,30.0,3,4,6,0,0,0,1,1,1,0,0,1,1,2,E01033031
9591,20161335H0211,2016,1335H0211,2,1,1,1,10,2,3,0,0,0,0,0,1,1,8,2016,1335H0211,436555.0,433909.0,-1.446472,53.800203,13,3,2,1,17/05/2016,3,08:10,204,E08000035,E08000035,6,0,6,30.0,3,4,6,0,0,0,1,1,1,0,0,1,1,2,E01011414
9592,20161335H0223,2016,1335H0223,1,1,3,2,12,3,3,5,1,0,0,0,0,-1,-1,2016,1335H0223,432416.0,437358.0,-1.508949,53.831475,13,3,1,1,17/05/2016,3,08:20,204,E08000035,E08000035,6,0,6,30.0,0,-1,-1,-1,0,0,1,1,1,0,0,2,1,2,E01011641
9593,20161335H0338,2016,1335H0338,3,1,1,2,33,6,3,0,0,0,0,0,9,3,5,2016,1335H0338,424396.0,427823.0,-1.631555,53.746212,13,3,3,1,17/05/2016,3,09:45,204,E08000035,E08000035,1,62,3,70.0,0,-1,-1,-1,0,0,1,1,1,0,0,2,1,1,E01011523
9594,20161335H0465,2016,1335H0465,1,1,3,1,2,1,2,10,9,0,0,0,0,1,3,2016,1335H0465,429311.0,432174.0,-1.556618,53.785066,13,2,1,1,17/05/2016,3,11:12,204,E08000035,E08000035,6,0,9,20.0,0,-1,-1,-1,0,0,1,1,1,0,0,1,1,2,E01033032
9595,20161335H0484,2016,1335H0484,1,1,1,1,51,8,3,0,0,0,0,0,1,1,5,2016,1335H0484,428324.0,434115.0,-1.571419,53.802566,13,3,2,1,17/05/2016,3,11:20,204,E08000035,E08000035,3,65,3,30.0,0,-1,-1,-1,0,0,1,1,1,0,0,1,1,2,E01011681
9596,20161335H0788,2016,1335H0788,1,1,3,1,34,6,3,5,3,0,0,0,0,1,2,2016,1335H0788,430221.0,434366.0,-1.542592,53.804715,13,3,1,1,17/05/2016,3,14:00,204,E08000035,E08000035,6,0,3,40.0,9,2,3,58,0,5,1,1,1,0,0,1,1,2,E01033002
9597,20161335H0966,2016,1335H0966,1,1,1,1,15,3,3,0,0,0,0,0,1,-1,-1,2016,1335H0966,429388.0,435473.0,-1.555135,53.814713,13,3,2,1,17/05/2016,3,15:27,204,E08000035,E08000035,6,0,6,30.0,3,4,6,0,0,0,1,1,1,0,0,1,1,2,E01011668
9598,20161335H1621,2016,1335H1621,1,1,1,1,11,3,3,0,0,0,0,0,1,1,2,2016,1335H1621,429454.0,425820.0,-1.555051,53.727949,13,3,2,1,17/05/2016,3,15:10,204,E08000035,E08000035,3,650,6,40.0,8,4,6,0,0,0,1,1,1,0,0,1,2,2,E01011538
9599,20161335H1699,2016,1335H1699,2,1,1,1,53,8,2,0,0,0,0,0,1,1,9,2016,1335H1699,426848.0,438041.0,-1.593489,53.83793,13,2,2,1,17/05/2016,3,21:05,204,E08000035,E08000035,6,0,1,40.0,1,4,3,6120,0,0,4,1,1,0,0,1,1,2,E01011687
9600,20161335H1777,2016,1335H1777,1,1,3,2,25,5,3,5,9,0,0,0,0,1,1,2016,1335H1777,431920.0,434398.0,-1.516791,53.804902,13,3,1,1,17/05/2016,3,21:43,204,E08000035,E08000035,6,0,6,30.0,0,-1,-1,-1,0,0,1,1,1,0,0,1,1,2,E01011349
9601,20161335I0404,2016,1335I0404,2,1,1,2,42,7,3,0,0,0,0,0,9,1,6,2016,1335I0404,427942.0,430306.0,-1.577564,53.768352,13,3,2,1,18/05/2016,4,10:03,204,E08000035,E08000035,3,6110,3,30.0,1,4,3,643,0,0,1,1,1,0,0,1,1,2,E01011317
9602,20161335I0507,2016,1335I0507,1,1,3,1,14,3,3,10,1,0,0,0,0,1,10,2016,1335I0507,418068.0,442610.0,-1.726645,53.879374,13,3,1,2,18/05/2016,4,08:30,204,E08000035,E08000035,3,65,9,40.0,3,4,6,0,0,0,1,9,2,0,0,1,2,2,E01011280
9603,20161335I0507,2016,1335I0507,1,2,3,2,14,3,3,10,1,0,0,0,0,1,6,2016,1335I0507,418068.0,442610.0,-1.726645,53.879374,13,3,1,2,18/05/2016,4,08:30,204,E08000035,E08000035,3,65,9,40.0,3,4,6,0,0,0,1,9,2,0,0,1,2,2,E01011280
9604,20161335I0551,2016,1335I0551,1,1,1,1,49,8,3,0,0,0,0,0,19,1,3,2016,1335I0551,440040.0,434239.0,-1.393519,53.802913,13,3,1,1,18/05/2016,4,11:41,204,E08000035,E08000035,1,1,3,70.0,0,-1,-1,-1,0,0,1,1,1,0,0,2,1,1,E01011296
9605,20161335I0677,2016,1335I0677,2,1,1,1,45,7,3,0,0,0,0,0,9,1,1,2016,1335I0677,426336.0,435496.0,-1.601486,53.815082,13,3,2,1,18/05/2016,4,12:44,204,E08000035,E08000035,3,65,3,40.0,3,2,6,0,0,5,1,1,2,0,0,1,2,2,E01011477
9606,20161335I0726,2016,1335I0726,2,1,1,1,19,4,3,0,0,0,0,0,1,-1,-1,2016,1335I0726,429596.0,434707.0,-1.55205,53.807816,13,3,2,1,18/05/2016,4,13:15,204,E08000035,E08000035,6,0,6,30.0,0,-1,-1,-1,0,0,1,2,2,0,0,1,1,2,E01033005
9607,20161335I1110,2016,1335I1110,2,1,1,1,53,8,3,0,0,0,0,0,19,1,8,2016,1335I1110,424296.0,427883.0,-1.633067,53.746756,13,3,2,1,18/05/2016,4,16:19,204,E08000035,E08000035,1,62,3,70.0,0,-1,-1,-1,0,0,1,1,1,0,0,2,1,1,E01011523
9608,20161335I1270,2016,1335I1270,2,1,1,1,33,6,3,0,0,0,0,0,1,1,3,2016,1335I1270,423324.0,434364.0,-1.647318,53.805051,13,3,2,1,18/05/2016,4,17:35,204,E08000035,E08000035,6,0,6,30.0,3,4,3,647,0,0,1,1,1,0,0,1,1,2,E01011596
9609,20161335I1338,2016,1335I1338,1,1,3,1,38,7,3,5,2,0,0,0,0,-1,-1,2016,1335I1338,426990.0,433440.0,-1.591733,53.79657,13,3,1,1,18/05/2016,4,18:25,204,E08000035,E08000035,6,0,2,30.0,3,4,6,0,0,0,1,1,2,0,0,1,1,2,E01011293
9610,20161335J0354,2016,1335J0354,1,1,1,1,32,6,3,0,0,0,0,0,9,1,4,2016,1335J0354,426349.0,426897.0,-1.602021,53.737794,13,3,2,1,18/05/2016,4,16:20,204,E08000035,E08000035,6,0,6,30.0,3,4,6,0,0,0,1,1,1,0,0,1,2,2,E01011546
9611,20161335J0868,2016,1335J0868,1,1,2,2,54,8,3,0,0,2,0,0,8,1,2,2016,1335J0868,429037.0,436316.0,-1.560387,53.822309,13,3,1,1,19/05/2016,5,19:35,204,E08000035,E08000035,6,0,6,30.0,3,4,6,0,0,1,1,9,1,0,0,1,2,2,E01011450
9612,20161335J0966,2016,1335J0966,1,1,3,1,12,3,3,1,1,0,0,0,0,1,1,2016,1335J0966,431010.0,433141.0,-1.530735,53.793659,13,3,1,1,19/05/2016,5,15:15,204,E08000035,E08000035,6,0,3,40.0,3,4,6,0,0,4,1,1,1,0,0,1,1,2,E01033033
9613,20161335J0987,2016,1335J0987,1,1,3,2,41,7,3,5,1,0,0,0,0,-1,-1,2016,1335J0987,432577.0,435131.0,-1.506738,53.811449,13,3,2,1,19/05/2016,5,15:29,204,E08000035,E08000035,6,0,6,30.0,0,-1,-1,-1,0,0,1,1,1,0,0,1,1,2,E01011431
9614,20161335J1319,2016,1335J1319,2,1,1,2,35,6,3,0,0,0,0,0,1,1,3,2016,1335J1319,419750.0,438776.0,-1.701305,53.844853,13,3,2,1,19/05/2016,5,18:20,204,E08000035,E08000035,3,658,6,30.0,0,-1,-1,-1,0,0,1,1,1,0,0,2,2,2,E01011457
9615,20161335J1407,2016,1335J1407,1,1,1,2,24,5,3,0,0,0,0,0,9,-1,-1,2016,1335J1407,433625.0,425845.0,-1.491832,53.727922,13,3,2,2,19/05/2016,5,18:45,204,E08000035,E08000035,1,62,3,70.0,0,-1,-1,-1,0,0,1,2,2,0,0,2,1,1,E01011500
9616,20161335J1407,2016,1335J1407,2,2,1,1,32,6,3,0,0,0,0,0,19,1,4,2016,1335J1407,433625.0,425845.0,-1.491832,53.727922,13,3,2,2,19/05/2016,5,18:45,204,E08000035,E08000035,1,62,3,70.0,0,-1,-1,-1,0,0,1,2,2,0,0,2,1,1,E01011500
9617,20161335K0279,2016,1335K0279,2,1,1,2,28,6,3,0,0,0,0,0,9,1,10,2016,1335K0279,425546.0,439944.0,-1.613116,53.8551,13,3,2,1,20/05/2016,6,08:08,204,E08000035,E08000035,6,0,6,30.0,3,4,6,0,0,0,1,1,1,0,0,1,1,2,E01011377
9618,20161335K0370,2016,1335K0370,1,1,3,2,75,10,2,5,1,0,0,0,0,1,6,2016,1335K0370,427501.0,435910.0,-1.583756,53.818743,13,2,1,1,20/05/2016,6,10:05,204,E08000035,E08000035,6,0,6,30.0,3,4,6,0,0,0,1,1,1,0,0,1,1,2,E01032945
9619,20161335K0391,2016,1335K0391,1,1,2,2,78,11,2,0,0,1,0,0,9,1,7,2016,1335K0391,430787.0,439212.0,-1.533514,53.848237,13,2,1,1,20/05/2016,6,10:15,204,E08000035,E08000035,3,6120,1,40.0,1,4,3,61,0,4,1,1,1,0,0,1,1,2,E01011556
9620,20161335K1150,2016,1335K1150,3,1,2,2,79,11,3,0,0,2,0,0,9,1,10,2016,1335K1150,430010.0,434412.0,-1.545792,53.805141,13,3,6,1,20/05/2016,6,16:58,204,E08000035,E08000035,2,58,7,40.0,5,4,6,0,0,0,1,1,1,0,0,1,1,2,E01033010
9621,20161335K1172,2016,1335K1172,1,1,1,2,37,7,3,0,0,0,0,0,9,1,9,2016,1335K1172,430795.0,434521.0,-1.533861,53.806075,13,3,2,2,20/05/2016,6,17:05,204,E08000035,E08000035,6,0,3,30.0,9,2,6,0,0,5,1,1,1,0,0,1,1,2,E01033003
9622,20161335K1172,2016,1335K1172,2,2,2,2,41,7,3,0,0,1,0,0,9,1,2,2016,1335K1172,430795.0,434521.0,-1.533861,53.806075,13,3,2,2,20/05/2016,6,17:05,204,E08000035,E08000035,6,0,3,30.0,9,2,6,0,0,5,1,1,1,0,0,1,1,2,E01033003
9623,20161335K1736,2016,1335K1736,1,1,1,1,21,5,3,0,0,0,0,0,9,1,1,2016,1335K1736,429962.0,433220.0,-1.546636,53.79443,13,2,2,2,20/05/2016,6,15:00,204,E08000035,E08000035,6,0,3,30.0,9,4,6,0,0,0,1,9,1,0,0,1,2,2,E01033016
9624,20161335K1736,2016,1335K1736,1,2,2,1,34,6,2,0,0,1,0,0,9,1,2,2016,1335K1736,429962.0,433220.0,-1.546636,53.79443,13,2,2,2,20/05/2016,6,15:00,204,E08000035,E08000035,6,0,3,30.0,9,4,6,0,0,0,1,9,1,0,0,1,2,2,E01033016
9625,20161335L0596,2016,1335L0596,1,1,3,1,10,2,3,5,1,0,0,0,0,1,7,2016,1335L0596,420241.0,445554.0,-1.693397,53.905755,13,3,1,1,21/05/2016,7,10:30,204,E08000035,E08000035,3,659,6,30.0,0,-1,-1,-1,0,0,1,9,1,0,0,1,2,2,E01011569
9626,20161335L0607,2016,1335L0607,1,1,1,1,28,6,3,0,0,0,0,0,9,-1,-1,2016,1335L0607,427000.0,440452.0,-1.590968,53.859592,13,3,1,1,21/05/2016,7,11:35,204,E08000035,E08000035,3,660,6,30.0,0,-1,-1,-1,0,0,1,1,1,0,0,1,1,2,E01011381
9627,20161335L0757,2016,1335L0757,2,1,1,1,29,6,3,0,0,0,0,0,1,1,7,2016,1335L0757,424592.0,433600.0,-1.628125,53.798126,13,3,2,1,20/05/2016,6,20:40,204,E08000035,E08000035,3,6110,1,40.0,1,4,4,6154,0,0,4,9,1,0,0,1,2,2,E01011608
9628,20161335L1029,2016,1335L1029,1,1,3,2,14,3,2,5,1,0,0,0,0,-1,-1,2016,1335L1029,422158.0,433253.0,-1.665102,53.795116,13,2,1,1,21/05/2016,7,15:50,204,E08000035,E08000035,4,6154,6,30.0,9,4,6,0,0,0,1,1,1,0,0,1,1,2,E01011612
9629,20161335L1752,2016,1335L1752,2,1,1,1,21,5,3,0,0,0,0,0,3,-1,-1,2016,1335L1752,430327.0,433739.0,-1.541044,53.799074,13,3,2,1,21/05/2016,7,23:10,204,E08000035,E08000035,6,0,3,30.0,0,-1,-1,-1,0,0,4,1,1,0,0,1,1,2,E01033010
9630,20161335L1828,2016,1335L1828,1,1,1,1,43,7,3,0,0,0,0,0,9,-1,-1,2016,1335L1828,429731.0,435424.0,-1.549931,53.814253,13,3,2,1,21/05/2016,7,23:58,204,E08000035,E08000035,6,0,6,30.0,0,-1,-1,-1,0,0,4,1,1,0,0,1,1,2,E01011670
9631,20161335M0417,2016,1335M0417,2,1,1,1,48,8,3,0,0,0,0,0,1,-1,-1,2016,1335M0417,427009.0,440075.0,-1.590864,53.856203,13,3,3,2,22/05/2016,1,07:20,204,E08000035,E08000035,3,660,6,30.0,3,4,6,0,0,0,1,1,1,0,0,1,1,2,E01011381
9632,20161335M0417,2016,1335M0417,3,2,1,1,45,7,3,0,0,0,0,0,1,-1,-1,2016,1335M0417,427009.0,440075.0,-1.590864,53.856203,13,3,3,2,22/05/2016,1,07:20,204,E08000035,E08000035,3,660,6,30.0,3,4,6,0,0,0,1,1,1,0,0,1,1,2,E01011381
9633,20161335M0866,2016,1335M0866,1,1,3,1,10,2,2,5,4,0,0,0,0,-1,-1,2016,1335M0866,428930.0,436445.0,-1.562,53.823474,13,2,1,1,23/05/2016,2,14:30,204,E08000035,E08000035,4,6159,6,40.0,0,-1,-1,-1,0,0,1,1,1,0,0,1,1,2,E01011450
9634,20161335M1105,2016,1335M1105,1,1,1,1,78,11,3,0,0,0,0,0,9,1,3,2016,1335M1105,428517.0,425441.0,-1.569288,53.724594,13,3,2,3,22/05/2016,1,16:10,204,E08000035,E08000035,6,0,6,30.0,3,4,6,0,0,0,1,1,1,0,0,1,1,2,E01011553
9635,20161335M1105,2016,1335M1105,1,2,2,2,63,9,3,0,0,1,0,0,9,1,7,2016,1335M1105,428517.0,425441.0,-1.569288,53.724594,13,3,2,3,22/05/2016,1,16:10,204,E08000035,E08000035,6,0,6,30.0,3,4,6,0,0,0,1,1,1,0,0,1,1,2,E01011553
9636,20161335M1105,2016,1335M1105,2,3,1,2,25,5,3,0,0,0,0,0,9,1,5,2016,1335M1105,428517.0,425441.0,-1.569288,53.724594,13,3,2,3,22/05/2016,1,16:10,204,E08000035,E08000035,6,0,6,30.0,3,4,6,0,0,0,1,1,1,0,0,1,1,2,E01011553
9637,20161335M1240,2016,1335M1240,1,1,3,1,6,2,3,5,1,0,0,0,0,1,1,2016,1335M1240,431583.0,429064.0,-1.522453,53.756981,13,3,1,1,22/05/2016,1,17:17,204,E08000035,E08000035,6,0,6,30.0,0,-1,-1,-1,0,0,1,1,1,0,0,1,1,2,E01011476
9638,20161335N0289,2016,1335N0289,1,1,3,2,21,5,3,5,1,0,0,0,0,1,7,2016,1335N0289,429824.0,432529.0,-1.548798,53.788228,13,3,1,1,23/05/2016,2,08:50,204,E08000035,E08000035,6,0,6,30.0,1,4,6,0,0,0,1,1,1,0,0,1,1,2,E01033032
9639,20161335N0564,2016,1335N0564,1,1,1,1,75,10,3,0,0,0,0,0,9,1,8,2016,1335N0564,429462.0,440826.0,-1.5535,53.86282,13,3,2,1,23/05/2016,2,11:01,204,E08000035,E08000035,6,0,6,40.0,0,-1,-1,-1,0,0,1,1,1,0,0,1,1,2,E01011563
9640,20161335N1534,2016,1335N1534,1,1,3,2,37,7,3,6,9,0,0,0,0,1,2,2016,1335N1534,430408.0,433478.0,-1.53984,53.796723,13,3,1,1,23/05/2016,2,19:15,204,E08000035,E08000035,6,0,6,30.0,0,-1,-1,-1,0,0,1,1,1,0,0,1,2,2,E01033010
9641,20161335O0268,2016,1335O0268,1,1,1,1,20,4,3,0,0,0,0,0,9,1,5,2016,1335O0268,435906.0,425854.0,-1.457259,53.727851,13,3,2,2,24/05/2016,3,08:34,204,E08000035,E08000035,1,62,1,40.0,1,4,3,642,0,0,1,1,1,0,0,2,1,1,E01011636
9642,20161335O0268,2016,1335O0268,2,2,1,1,58,9,3,0,0,0,0,0,9,2,9,2016,1335O0268,435906.0,425854.0,-1.457259,53.727851,13,3,2,2,24/05/2016,3,08:34,204,E08000035,E08000035,1,62,1,40.0,1,4,3,642,0,0,1,1,1,0,0,2,1,1,E01011636
9643,20161335O0304,2016,1335O0304,1,1,2,1,23,5,3,0,0,1,0,0,19,1,9,2016,1335O0304,428952.0,433435.0,-1.561948,53.79642,13,3,2,1,24/05/2016,3,09:02,204,E08000035,E08000035,2,58,7,30.0,5,4,6,0,0,0,1,1,1,0,0,1,1,2,E01033015
9644,20161335O0524,2016,1335O0524,1,1,1,1,62,9,2,0,0,0,0,0,5,1,9,2016,1335O0524,431594.0,439585.0,-1.52121,53.851541,13,2,2,1,24/05/2016,3,07:50,204,E08000035,E08000035,6,0,6,30.0,3,4,6,0,0,0,1,1,1,0,0,1,1,2,E01011568
9645,20161335O0832,2016,1335O0832,2,1,1,1,23,5,2,0,0,0,0,0,9,1,1,2016,1335O0832,431194.0,432864.0,-1.52797,53.791158,13,2,2,1,24/05/2016,3,14:10,204,E08000035,E08000035,6,0,3,40.0,3,2,3,61,0,0,1,9,1,0,0,1,1,2,E01033034
9646,20161335O1489,2016,1335O1489,1,1,2,2,25,5,3,0,0,1,0,0,9,1,8,2016,1335O1489,431909.0,434799.0,-1.516917,53.808507,13,3,2,1,24/05/2016,3,13:22,204,E08000035,E08000035,6,0,6,30.0,1,4,6,0,0,0,1,9,1,0,0,1,2,2,E01011677
9647,20161335O1915,2016,1335O1915,1,1,1,1,24,5,3,0,0,0,0,0,1,1,1,2016,1335O1915,432174.0,434627.0,-1.512911,53.806945,13,3,2,1,24/05/2016,3,23:40,204,E08000035,E08000035,6,0,1,30.0,1,4,6,0,0,0,4,9,1,0,0,1,1,2,E01011433
9648,20161335P0329,2016,1335P0329,2,1,3,2,13,3,2,5,2,0,0,0,0,1,1,2016,1335P0329,433872.0,435218.0,-1.487062,53.812149,13,2,2,1,25/05/2016,4,09:14,204,E08000035,E08000035,6,0,6,30.0,0,-1,-1,-1,0,0,1,1,2,0,0,1,1,2,E01011339
9649,20161335P0499,2016,1335P0499,1,1,3,1,26,6,3,10,9,0,0,0,0,1,1,2016,1335P0499,433449.0,433782.0,-1.493642,53.79927,13,3,1,1,25/05/2016,4,11:00,204,E08000035,E08000035,6,0,6,30.0,0,-1,-1,-1,0,0,1,1,1,0,0,1,1,2,E01011617
9650,20161335P0556,2016,1335P0556,2,1,1,1,48,8,3,0,0,0,0,0,9,1,10,2016,1335P0556,440361.0,448172.0,-1.386817,53.928111,13,3,2,1,25/05/2016,4,11:45,204,E08000035,E08000035,6,0,6,30.0,0,-1,-1,-1,0,0,1,1,2,0,0,1,1,2,E01011704
9651,20161335P0723,2016,1335P0723,1,1,1,2,86,11,2,0,0,0,0,0,9,1,8,2016,1335P0723,429879.0,438360.0,-1.547398,53.840633,13,2,3,2,25/05/2016,4,13:20,204,E08000035,E08000035,6,0,6,30.0,3,4,6,0,0,0,1,2,2,0,0,1,1,2,E01011514
9652,20161335P0723,2016,1335P0723,2,2,1,1,70,10,3,0,0,0,0,0,9,1,6,2016,1335P0723,429879.0,438360.0,-1.547398,53.840633,13,2,3,2,25/05/2016,4,13:20,204,E08000035,E08000035,6,0,6,30.0,3,4,6,0,0,0,1,2,2,0,0,1,1,2,E01011514
9653,20161335P1169,2016,1335P1169,1,1,2,1,7,2,3,0,0,1,0,0,9,1,8,2016,1335P1169,424441.0,437766.0,-1.630088,53.835577,13,3,3,1,25/05/2016,4,17:46,204,E08000035,E08000035,6,0,6,40.0,0,-1,-1,-1,0,0,1,2,2,0,0,1,1,2,E01011463
9654,20161335Q0613,2016,1335Q0613,1,1,2,2,33,6,3,0,0,1,0,0,9,1,1,2016,1335Q0613,431138.0,430030.0,-1.529105,53.76569,13,3,2,1,26/05/2016,5,12:57,204,E08000035,E08000035,6,0,6,30.0,9,4,6,0,0,0,1,1,1,0,0,1,1,2,E01011473
9655,20161335Q0620,2016,1335Q0620,1,1,3,2,34,6,3,6,9,0,0,0,0,1,2,2016,1335Q0620,428340.0,435306.0,-1.571067,53.81327,13,3,1,1,26/05/2016,5,08:45,204,E08000035,E08000035,6,0,6,30.0,0,-1,-1,-1,0,0,1,1,1,0,0,1,2,2,E01011442
9656,20161335Q0635,2016,1335Q0635,1,1,3,2,17,4,3,8,1,0,0,0,0,1,1,2016,1335Q0635,425125.0,433335.0,-1.620055,53.795719,13,3,1,1,21/06/2016,3,13:12,204,E08000035,E08000035,4,6154,6,30.0,0,-1,-1,-1,0,0,1,9,1,0,0,1,2,2,E01011739
9657,20161335Q0727,2016,1335Q0727,2,1,1,1,39,7,3,0,0,0,0,0,1,1,2,2016,1335Q0727,430105.0,433378.0,-1.54445,53.795842,13,3,2,1,19/05/2016,5,17:20,204,E08000035,E08000035,6,0,6,30.0,0,-1,-1,-1,0,4,1,9,1,0,0,1,2,2,E01033010
9658,20161335Q0743,2016,1335Q0743,2,1,1,1,52,8,3,0,0,0,0,0,9,1,2,2016,1335Q0743,430261.0,432066.0,-1.54221,53.784041,13,3,2,2,26/05/2016,5,14:05,204,E08000035,E08000035,3,653,3,40.0,3,4,6,0,0,0,1,1,2,0,0,1,1,2,E01011364
9659,20161335Q0743,2016,1335Q0743,2,2,2,2,47,8,3,0,0,1,0,0,9,1,2,2016,1335Q0743,430261.0,432066.0,-1.54221,53.784041,13,3,2,2,26/05/2016,5,14:05,204,E08000035,E08000035,3,653,3,40.0,3,4,6,0,0,0,1,1,2,0,0,1,1,2,E01011364
9660,20161335Q0989,2016,1335Q0989,1,2,1,1,44,7,3,0,0,0,0,0,9,1,1,2016,1335Q0989,430769.0,434620.0,-1.534246,53.806966,13,3,2,2,26/05/2016,5,16:14,204,E08000035,E08000035,3,58,3,30.0,3,2,6,0,0,0,1,9,1,0,0,1,1,2,E01033003
9661,20161335Q0989,2016,1335Q0989,2,1,1,1,50,8,3,0,0,0,0,0,20,1,1,2016,1335Q0989,430769.0,434620.0,-1.534246,53.806966,13,3,2,2,26/05/2016,5,16:14,204,E08000035,E08000035,3,58,3,30.0,3,2,6,0,0,0,1,9,1,0,0,1,1,2,E01033003
9662,20161335Q1663,2016,1335Q1663,1,1,3,1,55,8,3,4,1,0,0,0,0,1,1,2016,1335Q1663,430793.0,433459.0,-1.533997,53.79653,13,3,1,1,26/05/2016,5,23:15,204,E08000035,E08000035,6,0,3,30.0,6,2,6,0,0,4,4,1,2,0,0,1,1,2,E01033011
9663,20161335R0272,2016,1335R0272,2,1,1,1,28,6,2,0,0,0,0,0,1,1,9,2016,1335R0272,423036.0,435907.0,-1.651576,53.818932,13,2,2,1,27/05/2016,6,07:37,204,E08000035,E08000035,6,0,6,30.0,3,4,6,0,0,0,1,1,1,0,0,1,1,2,E01011327
9664,20161335R0654,2016,1335R0654,1,1,1,1,38,7,3,0,0,0,0,0,1,1,8,2016,1335R0654,430784.0,433454.0,-1.534134,53.796486,13,3,2,1,27/05/2016,6,18:30,204,E08000035,E08000035,6,0,2,30.0,9,4,6,0,0,0,1,1,1,0,0,1,2,2,E01033011
9665,20161335R1052,2016,1335R1052,2,1,1,1,42,7,2,0,0,0,0,0,1,1,7,2016,1335R1052,432711.0,438570.0,-1.504338,53.84235,13,2,2,1,27/05/2016,6,15:30,204,E08000035,E08000035,6,0,6,30.0,3,4,6,0,0,8,1,1,1,0,0,1,1,2,E01011653
9666,20161335R1584,2016,1335R1584,1,1,1,2,29,6,3,0,0,0,0,0,9,1,2,2016,1335R1584,430119.0,433382.0,-1.544237,53.795877,13,3,1,2,27/05/2016,6,19:50,204,E08000035,E08000035,6,0,6,30.0,0,-1,-1,-1,0,0,1,1,1,0,0,1,1,2,E01033010
9667,20161335R1584,2016,1335R1584,1,2,3,1,16,4,3,5,3,0,0,0,0,1,1,2016,1335R1584,430119.0,433382.0,-1.544237,53.795877,13,3,1,2,27/05/2016,6,19:50,204,E08000035,E08000035,6,0,6,30.0,0,-1,-1,-1,0,0,1,1,1,0,0,1,1,2,E01033010
9668,20161335S0810,2016,1335S0810,1,1,1,2,32,6,3,0,0,0,0,0,9,1,3,2016,1335S0810,425748.0,426345.0,-1.611178,53.732863,13,3,4,3,28/05/2016,7,12:15,204,E08000035,E08000035,1,62,3,70.0,0,-1,-1,-1,0,0,1,1,1,0,2,2,1,1,E01011546
9669,20161335S0810,2016,1335S0810,2,2,1,1,33,6,3,0,0,0,0,0,9,1,10,2016,1335S0810,425748.0,426345.0,-1.611178,53.732863,13,3,4,3,28/05/2016,7,12:15,204,E08000035,E08000035,1,62,3,70.0,0,-1,-1,-1,0,0,1,1,1,0,2,2,1,1,E01011546
9670,20161335S0810,2016,1335S0810,3,3,1,1,65,9,3,0,0,0,0,0,9,1,7,2016,1335S0810,425748.0,426345.0,-1.611178,53.732863,13,3,4,3,28/05/2016,7,12:15,204,E08000035,E08000035,1,62,3,70.0,0,-1,-1,-1,0,0,1,1,1,0,2,2,1,1,E01011546
9671,20161335S0826,2016,1335S0826,1,1,3,1,8,2,3,5,4,0,0,0,0,-1,-1,2016,1335S0826,428884.0,431827.0,-1.563131,53.781971,13,3,1,1,28/05/2016,7,12:21,204,E08000035,E08000035,6,0,6,30.0,0,-1,-1,-1,0,0,1,1,1,0,0,1,1,2,E01011366
9672,20161335S1340,2016,1335S1340,2,1,1,1,28,6,2,0,0,0,0,0,5,-1,-1,2016,1335S1340,428957.0,435474.0,-1.561681,53.814746,13,2,2,1,28/05/2016,7,17:30,204,E08000035,E08000035,3,660,6,30.0,6,2,6,0,0,5,1,1,1,0,0,1,1,2,E01011443