,accident_index,accident_year_x,accident_reference_x,vehicle_reference,casualty_reference,casualty_class,sex_of_casualty,age_of_casualty,age_band_of_casualty,casualty_severity,pedestrian_location,pedestrian_movement,car_passenger,bus_or_coach_passenger,pedestrian_road_maintenance_worker,casualty_type,casualty_home_area_type,casualty_imd_decile,accident_year_y,accident_reference_y,location_easting_osgr,location_northing_osgr,longitude,latitude,police_force,accident_severity,number_of_vehicles,number_of_casualties,date,day_of_week,time,local_authority_district,local_authority_ons_district,local_authority_highway,first_road_class,first_road_number,road_type,speed_limit,junction_detail,junction_control,second_road_class,second_road_number,pedestrian_crossing_human_control,pedestrian_crossing_physical_facilities,light_conditions,weather_conditions,road_surface_conditions,special_conditions_at_site,carriageway_hazards,urban_or_rural_area,did_police_officer_attend_scene_of_accident,trunk_road_flag,lsoa_of_accident_location
9673,20161335S1402,2016,1335S1402,1,1,3,2,7,2,3,10,9,0,0,0,0,1,1,2016,1335S1402,425552.0,435562.0,-1.613388,53.815714,13,3,1,1,28/05/2016,7,18:00,204,E08000035,E08000035,6,0,6,30.0,0,-1,-1,-1,0,0,1,1,1,0,0,1,2,2,E01011332
9674,20161335S1542,2016,1335S1542,1,1,1,2,80,11,2,0,0,0,0,0,9,1,10,2016,1335S1542,420078.0,440981.0,-1.696176,53.864659,13,2,1,1,28/05/2016,7,19:20,204,E08000035,E08000035,6,0,6,30.0,0,-1,-1,-1,0,0,1,1,1,0,0,1,2,2,E01011275
9675,20161335S1559,2016,1335S1559,1,1,3,1,3,1,3,5,3,0,0,0,0,1,5,2016,1335S1559,419709.0,433965.0,-1.702235,53.801614,13,3,1,1,28/05/2016,7,19:30,204,E08000035,E08000035,6,0,6,20.0,0,-1,-1,-1,0,0,1,1,1,0,0,1,1,2,E01011597
9676,20161335T1057,2016,1335T1057,1,1,1,2,81,11,2,0,0,0,0,0,9,1,3,2016,1335T1057,422295.0,436830.0,-1.662765,53.82726,13,2,2,4,29/05/2016,1,15:40,204,E08000035,E08000035,3,6120,6,60.0,3,4,6,0,0,0,1,1,1,0,0,2,1,2,E01011589
9677,20161335T1057,2016,1335T1057,1,2,2,1,83,11,3,0,0,1,0,0,9,1,3,2016,1335T1057,422295.0,436830.0,-1.662765,53.82726,13,2,2,4,29/05/2016,1,15:40,204,E08000035,E08000035,3,6120,6,60.0,3,4,6,0,0,0,1,1,1,0,0,2,1,2,E01011589
9678,20161335T1057,2016,1335T1057,2,3,1,1,57,9,3,0,0,0,0,0,9,1,6,2016,1335T1057,422295.0,436830.0,-1.662765,53.82726,13,2,2,4,29/05/2016,1,15:40,204,E08000035,E08000035,3,6120,6,60.0,3,4,6,0,0,0,1,1,1,0,0,2,1,2,E01011589
9679,20161335T1057,2016,1335T1057,2,4,2,2,44,7,3,0,0,1,0,0,9,1,6,2016,1335T1057,422295.0,436830.0,-1.662765,53.82726,13,2,2,4,29/05/2016,1,15:40,204,E08000035,E08000035,3,6120,6,60.0,3,4,6,0,0,0,1,1,1,0,0,2,1,2,E01011589
9680,20161335T1579,2016,1335T1579,1,1,1,1,25,5,3,0,0,0,0,0,2,-1,-1,2016,1335T1579,435074.0,435129.0,-1.468818,53.811269,13,3,2,1,29/05/2016,1,20:00,204,E08000035,E08000035,6,0,6,30.0,6,4,6,0,0,0,1,1,1,0,0,1,1,2,E01011663
9681,20161335T1785,2016,1335T1785,1,1,1,1,31,6,3,0,0,0,0,0,9,1,1,2016,1335T1785,421631.0,440846.0,-1.672571,53.863384,13,3,2,2,29/05/2016,1,22:00,204,E08000035,E08000035,3,658,6,30.0,6,2,6,0,0,5,4,1,1,0,0,1,1,2,E01011578
9682,20161335T1785,2016,1335T1785,2,2,1,1,27,6,3,0,0,0,0,0,9,1,3,2016,1335T1785,421631.0,440846.0,-1.672571,53.863384,13,3,2,2,29/05/2016,1,22:00,204,E08000035,E08000035,3,658,6,30.0,6,2,6,0,0,5,4,1,1,0,0,1,1,2,E01011578
9683,20161335U0695,2016,1335U0695,1,1,1,1,29,6,3,0,0,0,0,0,9,1,1,2016,1335U0695,424058.0,431834.0,-1.636369,53.782278,13,3,2,3,30/05/2016,2,13:35,204,E08000035,E08000035,6,0,3,30.0,3,2,3,6110,0,0,1,1,1,0,0,2,1,2,E01011728
9684,20161335U0695,2016,1335U0695,1,2,2,2,30,6,3,0,0,1,0,0,9,1,1,2016,1335U0695,424058.0,431834.0,-1.636369,53.782278,13,3,2,3,30/05/2016,2,13:35,204,E08000035,E08000035,6,0,3,30.0,3,2,3,6110,0,0,1,1,1,0,0,2,1,2,E01011728
9685,20161335U0695,2016,1335U0695,1,3,2,2,6,2,3,0,0,2,0,0,9,1,1,2016,1335U0695,424058.0,431834.0,-1.636369,53.782278,13,3,2,3,30/05/2016,2,13:35,204,E08000035,E08000035,6,0,3,30.0,3,2,3,6110,0,0,1,1,1,0,0,2,1,2,E01011728
9686,20161335U1042,2016,1335U1042,1,1,3,2,14,3,1,5,1,0,0,0,0,1,8,2016,1335U1042,437585.0,432270.0,-1.431034,53.785399,13,1,1,1,30/05/2016,2,16:44,204,E08000035,E08000035,6,0,6,60.0,0,-1,-1,-1,0,0,1,1,1,0,0,2,1,2,E01011411
9687,20161335U1559,2016,1335U1559,1,1,3,2,26,6,3,5,1,0,0,0,0,-1,-1,2016,1335U1559,430431.0,437826.0,-1.539062,53.835801,13,3,1,1,30/05/2016,2,21:12,204,E08000035,E08000035,6,0,6,30.0,3,4,3,61,0,0,4,1,1,0,0,1,1,2,E01011516
9688,20161335V0797,2016,1335V0797,1,1,3,1,2,1,3,4,1,0,0,0,0,-1,-1,2016,1335V0797,428980.0,429894.0,-1.561855,53.764592,13,3,1,1,31/05/2016,3,14:15,204,E08000035,E08000035,3,653,3,40.0,0,-1,-1,-1,2,4,1,1,1,0,0,1,1,2,E01011320
9689,20161335V1034,2016,1335V1034,2,1,2,2,23,5,3,0,0,2,0,0,9,1,6,2016,1335V1034,428256.0,434706.0,-1.572398,53.807881,13,3,3,1,31/05/2016,3,16:45,204,E08000035,E08000035,6,0,6,20.0,0,-1,-1,-1,0,0,1,9,1,0,0,1,1,2,E01011447
9690,20161335V1090,2016,1335V1090,1,1,3,2,25,5,3,5,1,0,0,0,0,1,7,2016,1335V1090,430254.0,433817.0,-1.542145,53.799779,13,3,2,1,31/05/2016,3,17:10,204,E08000035,E08000035,6,0,6,30.0,0,-1,-1,-1,0,0,1,1,1,0,0,1,1,2,E01033010
9691,20161335V1096,2016,1335V1096,2,1,1,1,22,5,2,0,0,0,0,0,3,1,1,2016,1335V1096,430888.0,434824.0,-1.532419,53.808793,13,2,4,1,31/05/2016,3,17:15,204,E08000035,E08000035,6,0,6,30.0,0,-1,-1,-1,0,4,1,1,1,0,0,1,1,2,E01011671
9692,2016133611239,2016,133611239,2,1,1,1,38,7,3,0,0,0,0,0,1,2,10,2016,133611239,443266.0,444199.0,-1.34314,53.89217,13,3,2,1,01/06/2016,4,18:22,204,E08000035,E08000035,6,0,6,30.0,0,-1,-1,-1,0,0,1,1,1,0,0,2,2,2,E01011712
9693,2016133620591,2016,133620591,1,1,1,2,53,8,2,0,0,0,0,0,1,1,8,2016,133620591,431402.0,435029.0,-1.524593,53.810605,13,2,2,1,02/06/2016,5,12:14,204,E08000035,E08000035,6,0,6,30.0,3,2,6,0,0,0,1,1,1,0,0,1,1,2,E01011673
9694,2016133621398,2016,133621398,1,1,1,1,21,5,3,0,0,0,0,0,1,3,9,2016,133621398,418962.0,441738.0,-1.7131,53.871505,13,3,2,1,02/06/2016,5,17:30,204,E08000035,E08000035,4,6153,6,30.0,6,4,6,0,0,0,1,1,1,0,0,1,2,2,E01011265
9695,2016133621562,2016,133621562,2,1,1,1,56,9,3,0,0,0,0,0,1,1,8,2016,133621562,426330.0,435490.0,-1.601578,53.815029,13,3,2,1,02/06/2016,5,20:30,204,E08000035,E08000035,3,65,6,30.0,8,4,6,0,0,0,1,1,1,0,0,1,1,2,E01011477
9696,2016133621592,2016,133621592,1,1,1,1,49,8,3,0,0,0,0,0,9,-1,-1,2016,133621592,425281.0,432980.0,-1.617715,53.792521,13,3,2,1,02/06/2016,5,20:45,204,E08000035,E08000035,4,6154,3,40.0,6,4,3,6110,0,0,1,1,1,0,0,1,2,2,E01011730
9697,2016133621792,2016,133621792,1,1,3,2,32,6,3,9,9,0,0,0,0,1,10,2016,133621792,430529.0,433266.0,-1.538024,53.794811,13,3,1,1,02/06/2016,5,21:30,204,E08000035,E08000035,6,0,6,30.0,0,-1,-1,-1,0,0,1,1,1,0,0,1,2,2,E01033011
9698,2016133631313,2016,133631313,1,1,3,1,75,10,3,1,3,0,0,0,0,1,1,2016,133631313,431470.0,435116.0,-1.523551,53.811383,13,3,1,1,03/06/2016,6,18:47,204,E08000035,E08000035,3,58,6,30.0,9,2,6,0,0,4,1,1,1,0,0,1,1,2,E01011673
9699,2016133631326,2016,133631326,1,1,2,1,4,1,3,0,0,0,2,0,11,1,3,2016,133631326,430072.0,433369.0,-1.544952,53.795763,13,3,1,1,03/06/2016,6,12:20,204,E08000035,E08000035,6,0,6,30.0,3,2,6,0,0,5,1,9,1,0,0,1,2,2,E01033010
9700,2016133631374,2016,133631374,1,1,1,1,21,5,3,0,0,0,0,0,3,1,2,2016,133631374,429386.0,435421.0,-1.555171,53.814245,13,3,2,1,03/06/2016,6,19:30,204,E08000035,E08000035,6,0,6,30.0,3,4,6,0,0,0,1,1,1,0,0,1,1,2,E01011670
9701,2016133631506,2016,133631506,1,1,1,1,24,5,3,0,0,0,0,0,1,1,6,2016,133631506,428311.0,435077.0,-1.571529,53.811213,13,3,2,1,03/06/2016,6,20:40,204,E08000035,E08000035,6,0,6,30.0,0,-1,-1,-1,0,0,1,1,1,0,0,1,1,2,E01011445
9702,2016133631784,2016,133631784,2,1,1,2,21,5,2,0,0,0,0,0,1,1,6,2016,133631784,430062.0,433712.0,-1.54507,53.798847,13,2,2,1,03/06/2016,6,05:20,204,E08000035,E08000035,6,0,6,30.0,0,-1,-1,-1,0,0,1,1,1,0,0,1,2,2,E01033010
9703,2016133640633,2016,133640633,1,1,1,2,27,6,3,0,0,0,0,0,9,1,9,2016,133640633,428381.0,434053.0,-1.57056,53.802006,13,3,2,2,02/06/2016,5,18:16,204,E08000035,E08000035,3,58,3,40.0,0,-1,-1,-1,0,0,1,1,1,0,0,1,2,2,E01011681
9704,2016133640633,2016,133640633,1,2,2,1,5,1,3,0,0,2,0,0,9,1,9,2016,133640633,428381.0,434053.0,-1.57056,53.802006,13,3,2,2,02/06/2016,5,18:16,204,E08000035,E08000035,3,58,3,40.0,0,-1,-1,-1,0,0,1,1,1,0,0,1,2,2,E01011681
9705,2016133640635,2016,133640635,1,1,1,2,32,6,3,0,0,0,0,0,9,2,6,2016,133640635,429412.0,433945.0,-1.554916,53.800978,13,3,2,1,04/06/2016,7,11:42,204,E08000035,E08000035,2,58,7,30.0,5,4,6,0,0,0,1,1,1,0,0,1,1,2,E01011678
9706,2016133640741,2016,133640741,1,1,1,1,29,6,3,0,0,0,0,0,9,1,7,2016,133640741,427793.0,434427.0,-1.579454,53.805399,13,3,2,2,04/06/2016,7,12:45,204,E08000035,E08000035,3,65,6,30.0,3,4,6,0,0,4,1,1,1,0,0,1,1,2,E01011483
9707,2016133640741,2016,133640741,2,2,2,2,36,7,3,0,0,1,0,0,9,1,1,2016,133640741,427793.0,434427.0,-1.579454,53.805399,13,3,2,2,04/06/2016,7,12:45,204,E08000035,E08000035,3,65,6,30.0,3,4,6,0,0,4,1,1,1,0,0,1,1,2,E01011483
9708,2016133640976,2016,133640976,1,1,1,1,65,9,3,0,0,0,0,0,1,1,1,2016,133640976,428821.0,430360.0,-1.564223,53.768789,13,3,2,1,04/06/2016,7,15:13,204,E08000035,E08000035,6,0,6,30.0,9,4,6,0,0,0,1,1,1,0,0,1,1,2,E01011315
9709,2016133641152,2016,133641152,2,1,2,1,18,4,3,0,0,1,0,0,9,1,3,2016,133641152,425911.0,440158.0,-1.60755,53.857005,13,3,2,2,04/06/2016,7,16:50,204,E08000035,E08000035,6,0,6,30.0,0,-1,-1,-1,0,0,1,1,1,0,0,1,1,2,E01011378
9710,2016133641152,2016,133641152,2,2,2,2,1,1,3,0,0,2,0,0,9,1,3,2016,133641152,425911.0,440158.0,-1.60755,53.857005,13,3,2,2,04/06/2016,7,16:50,204,E08000035,E08000035,6,0,6,30.0,0,-1,-1,-1,0,0,1,1,1,0,0,1,1,2,E01011378
9711,2016133641376,2016,133641376,1,1,1,1,30,6,3,0,0,0,0,0,9,-1,-1,2016,133641376,431660.0,435164.0,-1.520661,53.811802,13,3,3,2,04/06/2016,7,19:10,204,E08000035,E08000035,6,0,6,30.0,3,4,6,0,0,0,1,1,1,0,0,1,1,2,E01011673
9712,2016133641376,2016,133641376,2,2,2,2,6,2,3,0,0,2,0,0,9,-1,-1,2016,133641376,431660.0,435164.0,-1.520661,53.811802,13,3,3,2,04/06/2016,7,19:10,204,E08000035,E08000035,6,0,6,30.0,3,4,6,0,0,0,1,1,1,0,0,1,1,2,E01011673
9713,2016133650851,2016,133650851,1,1,3,1,28,6,3,10,9,0,0,0,0,1,1,2016,133650851,429784.0,428068.0,-1.549834,53.748135,13,3,1,1,05/06/2016,1,13:45,204,E08000035,E08000035,6,0,2,20.0,0,-1,-1,-1,0,0,1,1,2,0,0,1,2,2,E01032498
9714,2016133650911,2016,133650911,2,1,1,1,11,3,3,0,0,0,0,0,1,1,1,2016,133650911,431979.0,435509.0,-1.51578,53.814884,13,3,2,1,05/06/2016,1,14:33,204,E08000035,E08000035,6,0,6,30.0,6,4,6,0,0,0,1,1,1,0,0,1,1,2,E01011428
9715,2016133650949,2016,133650949,2,1,3,1,37,7,2,9,5,0,0,0,0,1,8,2016,133650949,421576.0,440732.0,-1.673415,53.862361,13,2,2,1,05/06/2016,1,14:50,204,E08000035,E08000035,4,6152,6,30.0,0,-1,-1,-1,0,0,1,1,1,0,0,1,1,2,E01011578
9716,2016133650961,2016,133650961,2,1,1,2,30,6,3,0,0,0,0,0,9,1,2,2016,133650961,431158.0,435635.0,-1.528237,53.816066,13,3,2,1,05/06/2016,1,14:58,204,E08000035,E08000035,6,0,6,20.0,6,4,6,0,0,0,1,1,1,0,0,1,1,2,E01011361
9717,2016133651501,2016,133651501,2,1,1,1,52,8,3,0,0,0,0,0,1,1,9,2016,133651501,426835.0,438058.0,-1.593685,53.838084,13,3,2,1,05/06/2016,1,20:00,204,E08000035,E08000035,3,6120,1,30.0,1,4,3,660,0,0,1,1,1,0,0,1,1,2,E01011685
9718,2016133651596,2016,133651596,1,1,1,1,20,4,3,0,0,0,0,0,3,-1,-1,2016,133651596,422221.0,435720.0,-1.663969,53.817287,13,3,2,1,05/06/2016,1,20:47,204,E08000035,E08000035,6,0,6,30.0,0,-1,-1,-1,0,0,1,1,1,0,0,1,1,2,E01011593
9719,2016133651913,2016,133651913,1,1,2,1,17,4,2,0,0,1,0,0,9,-1,-1,2016,133651913,435421.0,436138.0,-1.463433,53.820315,13,2,1,1,06/05/2016,6,22:38,204,E08000035,E08000035,6,0,2,30.0,3,4,6,0,0,0,4,1,1,0,0,1,1,2,E01011664
9720,2016133660328,2016,133660328,1,1,1,1,81,11,3,0,0,0,0,0,9,1,1,2016,133660328,435575.0,433149.0,-1.461438,53.79344,13,3,3,1,06/06/2016,2,08:15,204,E08000035,E08000035,6,0,6,30.0,3,4,6,0,0,0,1,1,1,0,0,1,1,2,E01011417
9721,2016133660729,2016,133660729,1,1,3,2,8,2,2,5,2,0,0,0,0,1,1,2016,133660729,432291.0,435134.0,-1.511081,53.811494,13,2,1,1,06/06/2016,2,16:45,204,E08000035,E08000035,6,0,6,30.0,0,-1,-1,-1,0,0,1,1,1,0,0,1,2,2,E01011432
9722,2016133660781,2016,133660781,1,1,1,2,85,11,3,0,0,0,0,0,9,1,4,2016,133660781,419293.0,433134.0,-1.708603,53.79416,13,3,2,1,06/06/2016,2,13:17,204,E08000035,E08000035,6,0,6,30.0,0,-1,-1,-1,0,0,1,1,1,0,0,1,1,2,E01011586
9723,2016133660812,2016,133660812,2,1,1,1,35,6,3,0,0,0,0,0,9,1,5,2016,133660812,428901.0,425990.0,-1.563417,53.729507,13,3,2,2,06/06/2016,2,13:30,204,E08000035,E08000035,3,650,3,40.0,3,2,6,0,0,5,1,1,1,0,0,1,2,2,E01011538
9724,2016133660812,2016,133660812,2,2,2,1,22,5,3,0,0,1,0,0,9,-1,-1,2016,133660812,428901.0,425990.0,-1.563417,53.729507,13,3,2,2,06/06/2016,2,13:30,204,E08000035,E08000035,3,650,3,40.0,3,2,6,0,0,5,1,1,1,0,0,1,2,2,E01011538
9725,2016133660894,2016,133660894,1,1,1,1,30,6,3,0,0,0,0,0,9,1,4,2016,133660894,428603.0,434580.0,-1.56714,53.80673,13,3,3,1,06/06/2016,2,14:14,204,E08000035,E08000035,6,0,6,30.0,3,4,6,0,0,0,1,9,1,0,0,1,1,2,E01011681
9726,2016133661208,2016,133661208,1,1,1,1,62,9,3,0,0,0,0,0,9,1,2,2016,133661208,432885.0,435597.0,-1.502011,53.815618,13,3,2,1,06/06/2016,2,16:45,204,E08000035,E08000035,6,0,6,30.0,3,4,6,0,0,0,1,1,1,0,0,1,1,2,E01011424
9727,2016133661209,2016,133661209,2,1,1,1,36,7,3,0,0,0,0,0,9,-1,-1,2016,133661209,424723.0,427762.0,-1.626602,53.745648,13,3,3,1,06/06/2016,2,16:48,204,E08000035,E08000035,1,621,3,70.0,0,-1,-1,-1,0,0,1,1,1,0,0,2,1,1,E01011523
9728,2016133661238,2016,133661238,2,1,1,2,52,8,2,0,0,0,0,0,1,1,9,2016,133661238,429234.0,435452.0,-1.557476,53.814532,13,2,2,1,06/06/2016,2,17:00,204,E08000035,E08000035,6,0,6,30.0,3,4,6,0,0,4,1,1,1,0,0,1,1,2,E01033005
9729,2016133661364,2016,133661364,2,1,1,1,13,3,2,0,0,0,0,0,2,1,1,2016,133661364,432220.0,434741.0,-1.5122,53.807966,13,2,2,1,06/06/2016,2,17:58,204,E08000035,E08000035,6,0,6,30.0,6,4,6,0,0,0,1,1,1,0,0,1,1,2,E01011433
9730,2016133661487,2016,133661487,1,1,1,1,55,8,3,0,0,0,0,0,4,1,5,2016,133661487,430281.0,434351.0,-1.541683,53.804577,13,3,1,1,06/06/2016,2,19:00,204,E08000035,E08000035,3,58,3,40.0,0,-1,-1,-1,0,0,1,1,1,0,0,1,1,2,E01033002
9731,2016133670864,2016,133670864,1,1,1,1,25,5,3,0,0,0,0,0,9,1,1,2016,133670864,432392.0,435560.0,-1.509503,53.815317,13,3,2,3,07/06/2016,3,14:33,204,E08000035,E08000035,6,0,6,30.0,3,4,6,0,0,0,1,1,1,0,0,1,1,2,E01011430
9732,2016133670864,2016,133670864,2,2,1,2,40,7,3,0,0,0,0,0,9,1,1,2016,133670864,432392.0,435560.0,-1.509503,53.815317,13,3,2,3,07/06/2016,3,14:33,204,E08000035,E08000035,6,0,6,30.0,3,4,6,0,0,0,1,1,1,0,0,1,1,2,E01011430
9733,2016133670864,2016,133670864,2,3,2,2,46,8,3,0,0,1,0,0,9,1,1,2016,133670864,432392.0,435560.0,-1.509503,53.815317,13,3,2,3,07/06/2016,3,14:33,204,E08000035,E08000035,6,0,6,30.0,3,4,6,0,0,0,1,1,1,0,0,1,1,2,E01011430
9734,2016133671218,2016,133671218,4,1,1,1,45,7,3,0,0,0,0,0,9,1,6,2016,133671218,427953.0,426266.0,-1.577761,53.73204,13,3,6,2,07/06/2016,3,17:17,204,E08000035,E08000035,3,650,3,40.0,1,4,3,653,0,0,1,1,1,0,0,2,1,2,E01011550
9735,2016133671218,2016,133671218,4,2,2,2,7,2,3,0,0,1,0,0,9,1,8,2016,133671218,427953.0,426266.0,-1.577761,53.73204,13,3,6,2,07/06/2016,3,17:17,204,E08000035,E08000035,3,650,3,40.0,1,4,3,653,0,0,1,1,1,0,0,2,1,2,E01011550
9736,2016133671249,2016,133671249,1,1,1,1,35,6,3,0,0,0,0,0,1,1,3,2016,133671249,431178.0,433648.0,-1.528134,53.798206,13,3,2,1,07/06/2016,3,17:20,204,E08000035,E08000035,6,0,3,30.0,8,4,6,0,0,0,1,1,1,0,0,1,1,2,E01033021
9737,2016133671272,2016,133671272,1,1,1,1,41,7,2,0,0,0,0,0,1,1,7,2016,133671272,425491.0,443145.0,-1.613688,53.883872,13,2,2,1,07/06/2016,3,17:32,204,E08000035,E08000035,3,660,6,40.0,0,-1,-1,-1,0,0,1,1,1,0,0,2,1,2,E01011576
9738,2016133671571,2016,133671571,2,1,1,1,23,5,3,0,0,0,0,0,3,1,1,2016,133671571,430540.0,431110.0,-1.53807,53.775432,13,3,2,1,07/06/2016,3,19:58,204,E08000035,E08000035,6,0,1,30.0,1,4,6,0,0,0,1,1,1,0,0,1,1,2,E01011468
9739,2016133671656,2016,133671656,2,1,2,2,58,9,3,0,0,2,0,0,8,1,2,2016,133671656,434202.0,436976.0,-1.481856,53.827928,13,3,2,1,07/06/2016,3,20:40,204,E08000035,E08000035,6,0,3,40.0,6,2,6,0,0,5,1,1,1,0,0,2,1,2,E01011658
9740,2016133671741,2016,133671741,2,1,1,1,16,4,2,0,0,0,0,0,1,1,10,2016,133671741,428506.0,425477.0,-1.569451,53.724918,13,2,2,1,07/06/2016,3,19:35,204,E08000035,E08000035,6,0,6,30.0,0,-1,-1,-1,0,0,1,1,1,0,0,1,2,2,E01011553
9741,2016133680488,2016,133680488,2,1,1,1,43,7,3,0,0,0,0,0,9,1,6,2016,133680488,440866.0,445750.0,-1.37945,53.906304,13,3,2,1,08/06/2016,4,10:45,204,E08000035,E08000035,3,659,1,40.0,1,4,6,0,0,0,1,1,1,0,0,2,1,2,E01011704
9742,2016133680494,2016,133680494,1,1,1,1,55,8,3,0,0,0,0,0,3,1,8,2016,133680494,423873.0,437413.0,-1.638746,53.832431,13,3,1,1,08/06/2016,4,10:30,204,E08000035,E08000035,6,0,6,30.0,0,-1,-1,-1,0,0,1,1,1,0,0,1,2,2,E01011465
9743,2016133680800,2016,133680800,1,1,1,1,38,7,2,0,0,0,0,0,5,1,1,2016,133680800,426780.0,432051.0,-1.595041,53.784096,13,2,1,1,08/06/2016,4,13:35,204,E08000035,E08000035,6,0,6,30.0,3,4,6,0,0,0,1,1,1,0,0,1,1,2,E01011736
9744,2016133681429,2016,133681429,1,1,3,1,14,3,3,5,1,0,0,0,0,1,1,2016,133681429,431276.0,429351.0,-1.52708,53.759579,13,3,1,1,08/06/2016,4,18:52,204,E08000035,E08000035,6,0,3,30.0,0,-1,-1,-1,0,0,1,1,1,0,0,1,1,2,E01011475
9745,2016133681547,2016,133681547,1,1,1,2,33,6,3,0,0,0,0,0,9,1,5,2016,133681547,421313.0,435629.0,-1.677766,53.816507,13,3,2,1,08/06/2016,4,19:45,204,E08000035,E08000035,6,0,6,60.0,3,4,6,0,0,0,1,1,1,0,0,2,1,2,E01011592
9746,2016133681811,2016,133681811,1,1,3,2,62,9,3,5,1,0,0,0,0,1,6,2016,133681811,429930.0,432723.0,-1.54717,53.789965,13,3,1,1,08/06/2016,4,12:00,204,E08000035,E08000035,6,0,6,30.0,0,-1,-1,-1,0,0,1,1,1,0,0,1,2,2,E01033016
9747,2016133690383,2016,133690383,2,1,1,2,30,6,3,0,0,0,0,0,9,1,1,2016,133690383,432367.0,433183.0,-1.510131,53.793954,13,3,2,1,09/06/2016,5,09:15,204,E08000035,E08000035,6,0,6,30.0,9,4,6,0,0,0,1,1,1,0,0,1,1,2,E01011625
9748,2016133691076,2016,133691076,1,1,3,1,75,10,2,5,2,0,0,0,0,1,1,2016,133691076,432173.0,434808.0,-1.512907,53.808571,13,2,1,1,09/06/2016,5,16:10,204,E08000035,E08000035,6,0,6,30.0,0,-1,-1,-1,0,0,1,1,1,0,0,1,1,2,E01011433
9749,2016133691097,2016,133691097,1,1,3,1,80,11,2,1,1,0,0,0,0,2,10,2016,133691097,424507.0,445159.0,-1.628497,53.902021,13,2,1,1,09/06/2016,5,16:15,204,E08000035,E08000035,3,658,6,30.0,0,-1,-1,-1,0,4,1,1,1,0,0,2,1,2,E01011570
9750,2016133691222,2016,133691222,1,1,1,1,51,8,2,0,0,0,0,0,3,1,3,2016,133691222,437316.0,429483.0,-1.435452,53.760369,13,2,2,1,09/06/2016,5,17:15,204,E08000035,E08000035,3,642,6,60.0,3,4,6,0,0,0,1,1,1,0,0,2,1,2,E01011402
9751,2016133691371,2016,133691371,1,1,1,1,39,7,2,0,0,0,0,0,5,3,8,2016,133691371,425400.0,427052.0,-1.616395,53.739234,13,2,2,1,09/06/2016,5,18:30,204,E08000035,E08000035,3,650,6,30.0,0,-1,-1,-1,0,0,1,1,1,0,0,1,1,2,E01011530
9752,2016133691716,2016,133691716,1,1,3,1,31,6,3,6,8,0,0,0,0,-1,-1,2016,133691716,430567.0,433095.0,-1.537464,53.793272,13,3,1,1,09/06/2016,5,21:19,204,E08000035,E08000035,6,0,6,30.0,3,4,6,0,0,0,1,1,1,0,0,1,1,2,E01033019
9753,2016133691956,2016,133691956,1,1,2,2,22,5,3,0,0,0,4,0,11,-1,-1,2016,133691956,430484.0,433455.0,-1.538689,53.796512,13,3,1,3,10/06/2016,6,23:40,204,E08000035,E08000035,6,0,6,30.0,0,-1,-1,-1,0,0,4,1,1,0,0,1,1,2,E01033010
9754,2016133691956,2016,133691956,1,2,2,2,49,8,3,0,0,0,4,0,11,1,5,2016,133691956,430484.0,433455.0,-1.538689,53.796512,13,3,1,3,10/06/2016,6,23:40,204,E08000035,E08000035,6,0,6,30.0,0,-1,-1,-1,0,0,4,1,1,0,0,1,1,2,E01033010
9755,2016133691956,2016,133691956,1,3,2,1,57,9,3,0,0,0,4,0,11,1,1,2016,133691956,430484.0,433455.0,-1.538689,53.796512,13,3,1,3,10/06/2016,6,23:40,204,E08000035,E08000035,6,0,6,30.0,0,-1,-1,-1,0,0,4,1,1,0,0,1,1,2,E01033010
9756,20161336A0362,2016,1336A0362,2,1,1,1,47,8,3,0,0,0,0,0,9,1,5,2016,1336A0362,420932.0,434416.0,-1.683635,53.80562,13,3,2,1,10/06/2016,6,07:50,204,E08000035,E08000035,6,0,3,70.0,0,-1,-1,-1,0,0,1,2,2,0,0,1,2,2,E01011599
9757,20161336A0544,2016,1336A0544,1,1,1,1,15,3,3,0,0,0,0,0,1,1,1,2016,1336A0544,432078.0,435959.0,-1.51423,53.818922,13,3,2,1,10/06/2016,6,10:35,204,E08000035,E08000035,6,0,6,30.0,3,4,3,58,0,0,1,1,2,0,0,1,1,2,E01011647
9758,20161336A0950,2016,1336A0950,2,1,1,1,40,7,3,0,0,0,0,0,1,-1,-1,2016,1336A0950,431459.0,433558.0,-1.523877,53.79738,13,3,2,1,10/06/2016,6,14:35,204,E08000035,E08000035,6,0,6,30.0,3,4,6,0,0,0,1,1,1,0,0,1,1,2,E01033021
9759,20161336A1188,2016,1336A1188,1,1,3,2,88,11,2,10,3,0,0,0,0,1,4,2016,1336A1188,424508.0,435387.0,-1.629258,53.814192,13,2,1,1,10/06/2016,6,14:50,204,E08000035,E08000035,6,0,9,30.0,0,-1,-1,-1,0,0,1,1,1,0,0,1,2,2,E01011331