,accident_index,accident_year_x,accident_reference_x,vehicle_reference,casualty_reference,casualty_class,sex_of_casualty,age_of_casualty,age_band_of_casualty,casualty_severity,pedestrian_location,pedestrian_movement,car_passenger,bus_or_coach_passenger,pedestrian_road_maintenance_worker,casualty_type,casualty_home_area_type,casualty_imd_decile,accident_year_y,accident_reference_y,location_easting_osgr,location_northing_osgr,longitude,latitude,police_force,accident_severity,number_of_vehicles,number_of_casualties,date,day_of_week,time,local_authority_district,local_authority_ons_district,local_authority_highway,first_road_class,first_road_number,road_type,speed_limit,junction_detail,junction_control,second_road_class,second_road_number,pedestrian_crossing_human_control,pedestrian_crossing_physical_facilities,light_conditions,weather_conditions,road_surface_conditions,special_conditions_at_site,carriageway_hazards,urban_or_rural_area,did_police_officer_attend_scene_of_accident,trunk_road_flag,lsoa_of_accident_location
9760,20161336A1192,2016,1336A1192,3,1,2,2,54,8,3,0,0,1,0,0,9,-1,-1,2016,1336A1192,428807.0,426407.0,-1.564803,53.733261,13,3,3,1,10/06/2016,6,17:10,204,E08000035,E08000035,1,62,3,70.0,0,-1,-1,-1,0,0,1,1,2,0,0,2,1,1,E01011538
9761,20161336B0482,2016,1336B0482,1,1,2,2,52,8,3,0,0,1,0,0,9,-1,-1,2016,1336B0482,427740.0,436448.0,-1.580077,53.823566,13,3,2,3,11/06/2016,7,08:45,204,E08000035,E08000035,3,660,6,30.0,6,2,6,0,0,5,1,1,1,0,0,1,1,2,E01011694
9762,20161336B0482,2016,1336B0482,2,2,1,2,49,8,3,0,0,0,0,0,9,-1,-1,2016,1336B0482,427740.0,436448.0,-1.580077,53.823566,13,3,2,3,11/06/2016,7,08:45,204,E08000035,E08000035,3,660,6,30.0,6,2,6,0,0,5,1,1,1,0,0,1,1,2,E01011694
9763,20161336B0482,2016,1336B0482,2,3,2,2,20,4,3,0,0,1,0,0,9,-1,-1,2016,1336B0482,427740.0,436448.0,-1.580077,53.823566,13,3,2,3,11/06/2016,7,08:45,204,E08000035,E08000035,3,660,6,30.0,6,2,6,0,0,5,1,1,1,0,0,1,1,2,E01011694
9764,20161336B0787,2016,1336B0787,2,1,2,1,1,1,3,0,0,2,0,0,9,1,8,2016,1336B0787,421527.0,428508.0,-1.675011,53.752494,13,3,2,1,11/06/2016,7,10:05,204,E08000035,E08000035,3,650,1,60.0,1,1,6,0,0,0,1,1,1,0,0,2,2,2,E01011527
9765,20161336B1176,2016,1336B1176,1,1,3,1,5,1,3,5,1,0,0,0,0,1,1,2016,1336B1176,432186.0,435502.0,-1.512637,53.814808,13,3,1,1,11/06/2016,7,16:45,204,E08000035,E08000035,6,0,6,30.0,0,-1,-1,-1,0,0,1,1,1,0,0,1,1,2,E01011430
9766,20161336B1783,2016,1336B1783,2,1,1,1,24,5,3,0,0,0,0,0,3,1,10,2016,1336B1783,429788.0,433696.0,-1.549232,53.798718,13,3,2,1,11/06/2016,7,22:21,204,E08000035,E08000035,6,0,2,30.0,3,4,6,0,0,0,4,2,2,0,0,1,1,2,E01033008
9767,20161336C0545,2016,1336C0545,1,1,1,1,63,9,2,0,0,0,0,0,1,1,7,2016,1336C0545,425620.0,433087.0,-1.612561,53.793466,13,2,1,1,12/06/2016,1,10:12,204,E08000035,E08000035,6,0,6,30.0,3,4,6,0,0,0,1,1,2,0,0,1,1,2,E01011725
9768,20161336C0783,2016,1336C0783,2,1,1,2,23,5,3,0,0,0,0,0,9,1,2,2016,1336C0783,433946.0,434113.0,-1.48606,53.802213,13,3,2,1,12/06/2016,1,13:00,204,E08000035,E08000035,3,64,3,40.0,0,-1,-1,-1,0,5,1,1,2,0,0,1,2,2,E01011346
9769,20161336D0276,2016,1336D0276,2,1,1,1,57,9,3,0,0,0,0,0,9,1,1,2016,1336D0276,425266.0,432353.0,-1.617994,53.786886,13,3,2,2,13/06/2016,2,08:10,204,E08000035,E08000035,6,0,6,30.0,0,-1,-1,-1,0,0,1,1,1,0,0,1,2,2,E01011726
9770,20161336D0276,2016,1336D0276,2,2,2,2,49,8,3,0,0,1,0,0,9,1,1,2016,1336D0276,425266.0,432353.0,-1.617994,53.786886,13,3,2,2,13/06/2016,2,08:10,204,E08000035,E08000035,6,0,6,30.0,0,-1,-1,-1,0,0,1,1,1,0,0,1,2,2,E01011726
9771,20161336D1140,2016,1336D1140,1,1,1,1,30,6,3,0,0,0,0,0,9,-1,-1,2016,1336D1140,420017.0,435460.0,-1.697462,53.815039,13,3,1,1,13/06/2016,2,17:01,204,E08000035,E08000035,6,0,6,30.0,0,-1,-1,-1,0,0,1,2,2,0,0,2,1,2,E01011590
9772,20161336D1213,2016,1336D1213,1,1,3,2,59,9,3,1,1,0,0,0,0,1,1,2016,1336D1213,431862.0,435685.0,-1.517539,53.816473,13,3,1,1,13/06/2016,2,17:38,204,E08000035,E08000035,6,0,6,30.0,6,2,3,58,0,4,1,1,2,0,0,1,1,2,E01011422
9773,20161336D1327,2016,1336D1327,2,1,1,2,30,6,3,0,0,0,0,0,9,-1,-1,2016,1336D1327,421358.0,444886.0,-1.676442,53.899706,13,3,2,1,13/06/2016,2,18:30,204,E08000035,E08000035,6,0,6,30.0,0,-1,-1,-1,0,0,1,1,2,0,0,2,1,2,E01011569
9774,20161336D1492,2016,1336D1492,1,1,1,1,27,6,3,0,0,0,0,0,9,1,3,2016,1336D1492,443256.0,427573.0,-1.345624,53.742745,13,3,1,1,13/06/2016,2,19:30,204,E08000035,E08000035,6,0,6,60.0,0,-1,-1,-1,0,0,1,1,1,0,0,2,1,2,E01011299
9775,20161336D1589,2016,1336D1589,1,1,1,2,35,6,3,0,0,0,0,0,9,1,2,2016,1336D1589,425242.0,439479.0,-1.617776,53.850935,13,3,2,4,13/06/2016,2,21:03,204,E08000035,E08000035,6,0,6,30.0,3,4,6,0,0,0,4,2,2,0,0,1,1,2,E01011379
9776,20161336D1589,2016,1336D1589,1,2,2,2,14,3,3,0,0,2,0,0,9,1,6,2016,1336D1589,425242.0,439479.0,-1.617776,53.850935,13,3,2,4,13/06/2016,2,21:03,204,E08000035,E08000035,6,0,6,30.0,3,4,6,0,0,0,4,2,2,0,0,1,1,2,E01011379
9777,20161336D1589,2016,1336D1589,1,3,2,2,16,4,3,0,0,1,0,0,9,1,6,2016,1336D1589,425242.0,439479.0,-1.617776,53.850935,13,3,2,4,13/06/2016,2,21:03,204,E08000035,E08000035,6,0,6,30.0,3,4,6,0,0,0,4,2,2,0,0,1,1,2,E01011379
9778,20161336D1589,2016,1336D1589,1,4,2,2,16,4,3,0,0,2,0,0,9,1,5,2016,1336D1589,425242.0,439479.0,-1.617776,53.850935,13,3,2,4,13/06/2016,2,21:03,204,E08000035,E08000035,6,0,6,30.0,3,4,6,0,0,0,4,2,2,0,0,1,1,2,E01011379
9779,20161336E0492,2016,1336E0492,1,1,2,2,28,6,3,0,0,0,3,0,11,-1,-1,2016,1336E0492,429967.0,433790.0,-1.546505,53.799553,13,3,1,2,14/06/2016,3,11:20,204,E08000035,E08000035,6,0,6,30.0,0,-1,-1,-1,0,0,1,1,1,0,0,1,1,2,E01033010
9780,20161336E0492,2016,1336E0492,1,2,2,2,30,6,3,0,0,0,3,0,11,1,3,2016,1336E0492,429967.0,433790.0,-1.546505,53.799553,13,3,1,2,14/06/2016,3,11:20,204,E08000035,E08000035,6,0,6,30.0,0,-1,-1,-1,0,0,1,1,1,0,0,1,1,2,E01033010
9781,20161336E1419,2016,1336E1419,1,1,2,2,49,8,3,0,0,2,4,0,11,1,5,2016,1336E1419,429971.0,433314.0,-1.54649,53.795275,13,3,1,1,14/06/2016,3,17:05,204,E08000035,E08000035,6,0,6,30.0,7,4,6,0,0,0,1,1,1,0,0,1,2,2,E01033016
9782,20161336E1785,2016,1336E1785,1,1,2,2,27,6,3,0,0,2,0,0,8,1,7,2016,1336E1785,432386.0,435149.0,-1.509637,53.811623,13,3,1,1,14/06/2016,3,21:15,204,E08000035,E08000035,6,0,6,30.0,0,-1,-1,-1,0,0,1,9,1,0,0,1,2,2,E01011432
9783,20161336F0964,2016,1336F0964,2,1,1,1,55,8,3,0,0,0,0,0,9,1,1,2016,1336F0964,432178.0,435183.0,-1.512792,53.811941,13,3,3,1,15/06/2016,4,15:10,204,E08000035,E08000035,6,0,6,30.0,0,-1,-1,-1,0,0,1,1,1,0,0,1,1,2,E01011432
9784,20161336F1007,2016,1336F1007,2,1,3,1,36,7,1,10,5,0,0,0,0,-1,-1,2016,1336F1007,443585.0,437925.0,-1.339175,53.835757,13,1,2,1,15/06/2016,4,10:07,204,E08000035,E08000035,2,1,3,70.0,0,-1,-1,-1,0,0,1,2,2,0,2,2,1,1,E01011309
9785,20161336F1224,2016,1336F1224,2,1,1,1,35,6,3,0,0,0,0,0,1,1,7,2016,1336F1224,423451.0,435743.0,-1.645285,53.81744,13,3,2,1,15/06/2016,4,17:15,204,E08000035,E08000035,3,657,6,30.0,0,-1,-1,-1,0,0,1,2,2,0,0,1,1,2,E01011330
9786,20161336F1283,2016,1336F1283,2,1,1,1,41,7,3,0,0,0,0,0,5,2,3,2016,1336F1283,444651.0,431581.0,-1.323896,53.77865,13,3,3,2,15/06/2016,4,17:43,204,E08000035,E08000035,3,63,6,40.0,9,4,6,0,0,0,1,1,1,0,0,2,1,2,E01011299
9787,20161336F1283,2016,1336F1283,3,2,1,1,28,6,3,0,0,0,0,0,5,1,2,2016,1336F1283,444651.0,431581.0,-1.323896,53.77865,13,3,3,2,15/06/2016,4,17:43,204,E08000035,E08000035,3,63,6,40.0,9,4,6,0,0,0,1,1,1,0,0,2,1,2,E01011299
9788,20161336F1486,2016,1336F1486,2,1,1,1,31,6,3,0,0,0,0,0,1,-1,-1,2016,1336F1486,431077.0,430364.0,-1.529997,53.768696,13,3,2,1,15/06/2016,4,19:28,204,E08000035,E08000035,6,0,3,30.0,3,4,6,0,0,0,1,1,1,0,0,1,2,2,E01011472
9789,20161336F1550,2016,1336F1550,2,1,1,2,25,5,3,0,0,0,0,0,9,1,1,2016,1336F1550,429146.0,438917.0,-1.558485,53.84568,13,3,2,1,15/06/2016,4,20:00,204,E08000035,E08000035,6,0,6,30.0,6,4,6,0,0,0,1,9,1,0,0,1,2,2,E01011560
9790,20161336F1606,2016,1336F1606,1,1,1,1,33,6,3,0,0,0,0,0,19,2,9,2016,1336F1606,431483.0,432456.0,-1.523625,53.787474,13,3,2,1,15/06/2016,4,20:30,204,E08000035,E08000035,3,61,3,30.0,5,2,6,0,0,0,1,1,1,0,0,1,2,2,E01011621
9791,20161336F1615,2016,1336F1615,1,1,1,1,24,5,3,0,0,0,0,0,1,1,3,2016,1336F1615,430519.0,433744.0,-1.538129,53.799108,13,3,2,1,15/06/2016,4,20:40,204,E08000035,E08000035,6,0,2,30.0,0,-1,-1,-1,0,0,1,1,1,0,0,1,1,2,E01033010
9792,20161336F1710,2016,1336F1710,2,1,1,1,47,8,3,0,0,0,0,0,1,1,6,2016,1336F1710,419966.0,446146.0,-1.697544,53.911086,13,3,2,1,15/06/2016,4,17:25,204,E08000035,E08000035,6,0,2,30.0,3,4,6,0,0,0,1,9,1,0,0,1,2,2,E01011583
9793,20161336G1051,2016,1336G1051,1,1,3,2,14,3,3,1,3,0,0,0,0,1,1,2016,1336G1051,434472.0,433687.0,-1.478121,53.798349,13,3,1,1,16/06/2016,5,16:20,204,E08000035,E08000035,3,63,3,30.0,3,4,6,0,0,4,1,1,1,0,0,1,1,2,E01011616
9794,20161336G1066,2016,1336G1066,1,1,3,2,24,5,3,1,1,0,0,0,0,1,4,2016,1336G1066,427728.0,434466.0,-1.580437,53.805753,13,3,1,2,15/06/2016,4,17:50,204,E08000035,E08000035,3,65,6,30.0,0,-1,-1,-1,0,4,1,1,1,0,0,1,2,2,E01011483
9795,20161336G1066,2016,1336G1066,1,2,1,1,21,5,3,0,0,0,0,0,1,-1,-1,2016,1336G1066,427728.0,434466.0,-1.580437,53.805753,13,3,1,2,15/06/2016,4,17:50,204,E08000035,E08000035,3,65,6,30.0,0,-1,-1,-1,0,4,1,1,1,0,0,1,2,2,E01011483
9796,20161336G1565,2016,1336G1565,2,1,1,1,52,8,3,0,0,0,0,0,9,1,4,2016,1336G1565,428449.0,429062.0,-1.569986,53.757143,13,3,2,1,16/06/2016,5,16:30,204,E08000035,E08000035,3,653,3,40.0,3,4,6,0,0,0,1,1,1,0,0,2,1,2,E01011493
9797,20161336H0196,2016,1336H0196,1,1,2,2,21,5,3,0,0,2,0,0,8,1,3,2016,1336H0196,428791.0,435161.0,-1.564231,53.811942,13,3,2,2,17/06/2016,6,03:32,204,E08000035,E08000035,6,0,6,30.0,3,4,6,0,0,0,1,1,1,0,0,1,1,2,E01011444
9798,20161336H0196,2016,1336H0196,1,2,2,2,21,5,3,0,0,2,0,0,8,1,2,2016,1336H0196,428791.0,435161.0,-1.564231,53.811942,13,3,2,2,17/06/2016,6,03:32,204,E08000035,E08000035,6,0,6,30.0,3,4,6,0,0,0,1,1,1,0,0,1,1,2,E01011444
9799,20161336H0328,2016,1336H0328,2,1,1,1,36,7,3,0,0,0,0,0,1,1,5,2016,1336H0328,430856.0,434104.0,-1.532977,53.802323,13,3,2,1,17/06/2016,6,08:00,204,E08000035,E08000035,6,0,3,30.0,3,4,6,0,0,0,1,1,1,0,0,1,2,2,E01033031
9800,20161336H0512,2016,1336H0512,2,1,1,1,18,4,3,0,0,0,0,0,2,1,1,2016,1336H0512,432195.0,434772.0,-1.512577,53.808246,13,3,2,1,21/06/2016,3,10:40,204,E08000035,E08000035,6,0,6,30.0,0,-1,-1,-1,0,0,1,9,1,0,0,1,1,2,E01011433
9801,20161336H0747,2016,1336H0747,2,1,1,1,50,8,3,0,0,0,0,0,9,-1,-1,2016,1336H0747,428468.0,429227.0,-1.569683,53.758625,13,3,2,1,17/06/2016,6,12:55,204,E08000035,E08000035,3,653,6,40.0,5,4,3,6110,0,0,1,1,1,0,0,2,1,2,E01011493
9802,20161336H1071,2016,1336H1071,1,1,1,2,24,5,3,0,0,0,0,0,9,1,1,2016,1336H1071,434071.0,433710.0,-1.484206,53.798582,13,3,2,2,17/06/2016,6,16:00,204,E08000035,E08000035,6,0,6,30.0,3,4,6,0,0,0,1,1,1,0,0,1,1,2,E01011622
9803,20161336H1071,2016,1336H1071,2,2,1,2,20,4,3,0,0,0,0,0,9,1,1,2016,1336H1071,434071.0,433710.0,-1.484206,53.798582,13,3,2,2,17/06/2016,6,16:00,204,E08000035,E08000035,6,0,6,30.0,3,4,6,0,0,0,1,1,1,0,0,1,1,2,E01011622
9804,20161336H1473,2016,1336H1473,2,1,1,1,28,6,3,0,0,0,0,0,9,-1,-1,2016,1336H1473,440212.0,435670.0,-1.390722,53.815761,13,3,2,1,17/06/2016,6,18:50,204,E08000035,E08000035,6,0,6,60.0,0,-1,-1,-1,0,0,1,1,2,0,0,2,1,2,E01011296
9805,20161336H1839,2016,1336H1839,2,1,1,1,51,8,3,0,0,0,0,0,9,-1,-1,2016,1336H1839,432107.0,438571.0,-1.513518,53.842396,13,2,2,2,17/06/2016,6,22:00,204,E08000035,E08000035,6,0,2,30.0,6,4,6,0,0,0,7,1,1,0,0,1,1,2,E01011652
9806,20161336H1839,2016,1336H1839,2,2,2,2,43,7,2,0,0,1,0,0,9,-1,-1,2016,1336H1839,432107.0,438571.0,-1.513518,53.842396,13,2,2,2,17/06/2016,6,22:00,204,E08000035,E08000035,6,0,2,30.0,6,4,6,0,0,0,7,1,1,0,0,1,1,2,E01011652
9807,20161336H1904,2016,1336H1904,1,1,1,1,39,7,3,0,0,0,0,0,8,1,1,2016,1336H1904,431882.0,435474.0,-1.517257,53.814575,13,3,2,1,17/06/2016,6,22:30,204,E08000035,E08000035,6,0,6,30.0,3,4,6,0,0,0,1,1,2,0,0,1,1,2,E01011429
9808,20161336H2034,2016,1336H2034,2,1,2,2,67,10,3,0,0,1,0,0,8,1,4,2016,1336H2034,426991.0,427914.0,-1.592199,53.746902,13,3,2,2,17/06/2016,6,23:31,204,E08000035,E08000035,6,0,6,30.0,6,3,6,0,0,0,4,1,1,0,0,1,1,2,E01032489
9809,20161336H2034,2016,1336H2034,2,2,2,2,66,10,3,0,0,2,0,0,8,1,6,2016,1336H2034,426991.0,427914.0,-1.592199,53.746902,13,3,2,2,17/06/2016,6,23:31,204,E08000035,E08000035,6,0,6,30.0,6,3,6,0,0,0,4,1,1,0,0,1,1,2,E01032489
9810,20161336I0836,2016,1336I0836,1,1,2,1,26,6,3,0,0,1,0,0,19,1,4,2016,1336I0836,431709.0,429913.0,-1.520455,53.764604,13,3,1,3,18/06/2016,7,13:26,204,E08000035,E08000035,6,0,6,30.0,0,-1,-1,-1,0,0,1,1,1,0,0,2,1,2,E01011469
9811,20161336I0836,2016,1336I0836,1,2,2,1,25,5,3,0,0,1,0,0,19,1,1,2016,1336I0836,431709.0,429913.0,-1.520455,53.764604,13,3,1,3,18/06/2016,7,13:26,204,E08000035,E08000035,6,0,6,30.0,0,-1,-1,-1,0,0,1,1,1,0,0,2,1,2,E01011469
9812,20161336I0836,2016,1336I0836,1,3,2,1,24,5,3,0,0,2,0,0,19,1,3,2016,1336I0836,431709.0,429913.0,-1.520455,53.764604,13,3,1,3,18/06/2016,7,13:26,204,E08000035,E08000035,6,0,6,30.0,0,-1,-1,-1,0,0,1,1,1,0,0,2,1,2,E01011469
9813,20161336I0941,2016,1336I0941,2,1,1,1,34,6,3,0,0,0,0,0,4,1,9,2016,1336I0941,422311.0,436855.0,-1.66252,53.827484,13,3,2,1,18/06/2016,7,19:28,204,E08000035,E08000035,3,6120,6,40.0,0,-1,-1,-1,0,0,1,1,1,0,0,2,1,2,E01011589
9814,20161336I1390,2016,1336I1390,1,1,1,1,54,8,3,0,0,0,0,0,1,1,8,2016,1336I1390,437227.0,433425.0,-1.436328,53.795805,13,3,2,1,18/06/2016,7,18:10,204,E08000035,E08000035,3,6120,3,40.0,0,-1,-1,-1,0,4,1,1,1,0,0,1,1,2,E01011418
9815,20161336I1493,2016,1336I1493,1,1,3,1,9,2,3,9,9,0,0,0,0,-1,-1,2016,1336I1493,435618.0,434605.0,-1.460617,53.806523,13,3,1,1,18/06/2016,7,17:43,204,E08000035,E08000035,6,0,6,30.0,0,-1,-1,-1,0,0,1,1,1,0,0,1,1,2,E01011343
9816,20161336J0150,2016,1336J0150,1,1,1,1,18,4,3,0,0,0,0,0,9,-1,-1,2016,1336J0150,434981.0,425880.0,-1.471276,53.728148,13,3,1,2,19/06/2016,1,01:25,204,E08000035,E08000035,1,62,3,70.0,0,-1,-1,-1,0,0,6,1,2,0,0,2,1,1,E01011636
9817,20161336J0150,2016,1336J0150,1,2,2,2,18,4,3,0,0,1,0,0,9,-1,-1,2016,1336J0150,434981.0,425880.0,-1.471276,53.728148,13,3,1,2,19/06/2016,1,01:25,204,E08000035,E08000035,1,62,3,70.0,0,-1,-1,-1,0,0,6,1,2,0,0,2,1,1,E01011636
9818,20161336J0747,2016,1336J0747,1,1,3,2,23,5,3,4,1,0,0,0,0,1,3,2016,1336J0747,427883.0,436223.0,-1.577925,53.821536,13,3,1,1,19/06/2016,1,11:50,204,E08000035,E08000035,3,660,6,30.0,0,-1,-1,-1,0,4,1,9,1,0,0,1,2,2,E01011451
9819,20161336J0941,2016,1336J0941,2,1,2,2,38,7,3,0,0,1,0,0,9,1,3,2016,1336J0941,428433.0,428718.0,-1.57026,53.754052,13,3,2,1,19/06/2016,1,14:10,204,E08000035,E08000035,3,653,1,30.0,1,4,3,6110,0,0,1,1,1,0,0,2,1,2,E01011493
9820,20161336J1107,2016,1336J1107,2,1,1,1,64,9,2,0,0,0,0,0,5,1,9,2016,1336J1107,435871.0,425818.0,-1.457794,53.72753,13,2,2,1,19/06/2016,1,15:38,204,E08000035,E08000035,3,642,1,60.0,1,4,1,62,0,0,1,1,1,0,0,2,1,2,E01011636
9821,20161336J1387,2016,1336J1387,2,1,1,1,24,5,3,0,0,0,0,0,9,1,4,2016,1336J1387,430484.0,437202.0,-1.538319,53.83019,13,3,2,2,19/06/2016,1,18:45,204,E08000035,E08000035,6,0,6,30.0,0,-1,-1,-1,0,0,1,2,2,0,0,1,1,2,E01011352
9822,20161336J1387,2016,1336J1387,2,2,2,1,23,5,3,0,0,1,0,0,9,1,9,2016,1336J1387,430484.0,437202.0,-1.538319,53.83019,13,3,2,2,19/06/2016,1,18:45,204,E08000035,E08000035,6,0,6,30.0,0,-1,-1,-1,0,0,1,2,2,0,0,1,1,2,E01011352
9823,20161336J1498,2016,1336J1498,1,1,1,2,26,6,3,0,0,0,0,0,9,1,1,2016,1336J1498,425653.0,429541.0,-1.612353,53.761593,13,2,2,3,19/06/2016,1,19:40,204,E08000035,E08000035,3,62,3,60.0,0,-1,-1,-1,0,0,1,2,2,0,0,2,1,2,E01011522
9824,20161336J1498,2016,1336J1498,2,2,1,1,28,6,3,0,0,0,0,0,9,1,6,2016,1336J1498,425653.0,429541.0,-1.612353,53.761593,13,2,2,3,19/06/2016,1,19:40,204,E08000035,E08000035,3,62,3,60.0,0,-1,-1,-1,0,0,1,2,2,0,0,2,1,2,E01011522
9825,20161336J1498,2016,1336J1498,2,3,2,2,25,5,2,0,0,1,0,0,9,1,6,2016,1336J1498,425653.0,429541.0,-1.612353,53.761593,13,2,2,3,19/06/2016,1,19:40,204,E08000035,E08000035,3,62,3,60.0,0,-1,-1,-1,0,0,1,2,2,0,0,2,1,2,E01011522
9826,20161336K0934,2016,1336K0934,1,1,3,2,29,6,3,5,1,0,0,0,0,1,1,2016,1336K0934,429731.0,433546.0,-1.550111,53.797374,13,3,1,1,20/06/2016,2,15:30,204,E08000035,E08000035,6,0,2,30.0,6,2,6,0,0,0,1,1,1,0,0,1,1,2,E01033008
9827,20161336K1131,2016,1336K1131,2,1,1,1,31,6,3,0,0,0,0,0,3,1,7,2016,1336K1131,427651.0,436674.0,-1.581409,53.825602,13,3,2,1,20/06/2016,2,17:00,204,E08000035,E08000035,3,660,6,30.0,3,4,6,0,0,0,1,9,1,0,0,1,1,2,E01011694
9828,20161336K1238,2016,1336K1238,1,1,1,1,29,6,3,0,0,0,0,0,2,1,5,2016,1336K1238,424933.0,434409.0,-1.622883,53.805381,13,3,1,1,20/06/2016,2,17:45,204,E08000035,E08000035,3,647,1,30.0,1,4,6,0,0,0,1,1,1,0,0,1,1,2,E01032606
9829,20161336K1294,2016,1336K1294,1,1,3,2,9,2,2,7,3,0,0,0,0,-1,-1,2016,1336K1294,432700.0,426750.0,-1.505756,53.736115,13,2,1,1,20/06/2016,2,18:10,204,E08000035,E08000035,3,61,6,30.0,0,-1,-1,-1,0,8,1,1,1,0,0,1,1,2,E01032496
9830,20161336K1369,2016,1336K1369,2,1,1,1,26,6,3,0,0,0,0,0,4,1,2,2016,1336K1369,440720.0,428725.0,-1.383921,53.753302,13,3,2,1,20/06/2016,2,18:45,204,E08000035,E08000035,6,0,6,30.0,0,-1,-1,-1,0,0,1,1,1,0,0,1,1,2,E01011308
9831,20161336L0422,2016,1336L0422,1,1,3,1,11,3,3,4,1,0,0,0,0,-1,-1,2016,1336L0422,434011.0,433976.0,-1.485088,53.800977,13,3,1,1,21/06/2016,3,08:10,204,E08000035,E08000035,4,6159,3,40.0,0,-1,-1,-1,2,4,1,1,1,0,0,1,2,2,E01011341
9832,20161336L1355,2016,1336L1355,1,1,1,1,24,5,3,0,0,0,0,0,3,1,2,2016,1336L1355,435820.0,434799.0,-1.457527,53.808253,13,3,2,1,21/06/2016,3,18:28,204,E08000035,E08000035,6,0,6,30.0,0,-1,-1,-1,0,0,1,1,1,0,0,1,1,2,E01011345
9833,20161336L1558,2016,1336L1558,2,1,1,2,33,6,3,0,0,0,0,0,9,1,2,2016,1336L1558,426430.0,433626.0,-1.600219,53.79827,13,3,2,1,21/06/2016,3,19:45,204,E08000035,E08000035,6,0,6,30.0,0,-1,-1,-1,0,0,1,9,1,0,0,1,2,2,E01032500
9834,20161336M1184,2016,1336M1184,1,1,1,1,45,7,3,0,0,0,0,0,1,1,7,2016,1336M1184,430842.0,434106.0,-1.533189,53.802342,13,3,2,1,22/06/2016,4,17:12,204,E08000035,E08000035,6,0,3,30.0,3,4,6,0,0,0,1,1,1,0,0,1,1,2,E01033003
9835,20161336M1193,2016,1336M1193,1,1,3,2,3,1,3,9,5,0,0,0,0,-1,-1,2016,1336M1193,434453.0,432889.0,-1.478499,53.791178,13,3,1,1,22/06/2016,4,17:25,204,E08000035,E08000035,6,0,6,20.0,0,-1,-1,-1,0,0,1,1,1,0,0,1,1,2,E01011620
9836,20161336N0286,2016,1336N0286,2,1,1,2,32,6,3,0,0,0,0,0,1,1,3,2016,1336N0286,427005.0,433737.0,-1.591479,53.799238,13,3,2,1,23/06/2016,5,07:10,204,E08000035,E08000035,3,647,6,30.0,8,4,6,0,0,0,1,1,1,0,0,1,1,2,E01011284
9837,20161336N0776,2016,1336N0776,1,1,1,1,81,11,3,0,0,0,0,0,9,1,10,2016,1336N0776,420462.0,440898.0,-1.690343,53.863898,13,3,1,1,23/06/2016,5,13:00,204,E08000035,E08000035,6,0,9,20.0,0,-1,-1,-1,0,0,1,1,1,0,0,1,1,2,E01011274
9838,20161336N1268,2016,1336N1268,1,1,1,1,66,10,3,0,0,0,0,0,8,-1,-1,2016,1336N1268,428631.0,436869.0,-1.566503,53.827302,13,3,1,1,23/06/2016,5,16:35,204,E08000035,E08000035,6,0,6,30.0,0,-1,-1,-1,0,4,1,1,1,0,0,1,1,2,E01011693
9839,20161336N1334,2016,1336N1334,2,1,1,1,38,7,3,0,0,0,0,0,1,1,9,2016,1336N1334,424241.0,428232.0,-1.633874,53.749895,13,3,2,1,23/06/2016,5,17:10,204,E08000035,E08000035,3,63,6,30.0,0,-1,-1,-1,0,0,1,1,1,0,0,1,1,1,E01011523
9840,20161336N1462,2016,1336N1462,2,1,1,1,20,4,3,0,0,0,0,0,9,2,9,2016,1336N1462,436400.0,437056.0,-1.448454,53.828498,13,3,3,2,23/06/2016,5,16:00,204,E08000035,E08000035,3,64,6,40.0,3,2,6,0,0,0,1,9,1,0,0,2,2,2,E01011718
9841,20161336N1462,2016,1336N1462,2,2,2,2,21,5,3,0,0,1,0,0,9,1,5,2016,1336N1462,436400.0,437056.0,-1.448454,53.828498,13,3,3,2,23/06/2016,5,16:00,204,E08000035,E08000035,3,64,6,40.0,3,2,6,0,0,0,1,9,1,0,0,2,2,2,E01011718
9842,20161336O1235,2016,1336O1235,1,1,1,1,29,6,3,0,0,0,0,0,1,1,6,2016,1336O1235,434694.0,428333.0,-1.475351,53.750214,13,3,2,1,24/06/2016,6,16:30,204,E08000035,E08000035,6,0,1,30.0,1,4,6,0,0,0,1,1,1,0,0,1,1,2,E01011627
9843,20161336O1340,2016,1336O1340,2,1,1,1,15,3,3,0,0,0,0,0,2,-1,-1,2016,1336O1340,431532.0,432542.0,-1.522872,53.788244,13,3,2,1,24/06/2016,6,13:35,204,E08000035,E08000035,3,61,1,40.0,7,2,3,63,0,5,1,1,1,0,0,1,1,2,E01011626
9844,20161336O1561,2016,1336O1561,2,1,1,1,15,3,3,0,0,0,0,0,1,1,10,2016,1336O1561,423620.0,437374.0,-1.642593,53.832092,13,3,2,1,24/06/2016,6,17:45,204,E08000035,E08000035,3,65,6,30.0,0,-1,-1,-1,0,0,1,1,1,0,0,1,2,2,E01011454
9845,20161336O1644,2016,1336O1644,1,1,1,1,14,3,3,0,0,0,0,0,1,1,1,2016,1336O1644,432185.0,435250.0,-1.512679,53.812543,13,3,1,1,24/06/2016,6,20:38,204,E08000035,E08000035,6,0,6,30.0,0,-1,-1,-1,0,0,1,1,1,0,0,1,1,2,E01011430
9846,20161336P0063,2016,1336P0063,1,1,3,2,21,5,2,10,5,0,0,0,0,1,4,2016,1336P0063,429636.0,435874.0,-1.55133,53.818303,13,2,1,1,25/06/2016,7,00:30,204,E08000035,E08000035,6,0,6,30.0,0,-1,-1,-1,0,0,4,1,1,0,0,1,1,2,E01011669