,accident_index,accident_year_x,accident_reference_x,vehicle_reference,casualty_reference,casualty_class,sex_of_casualty,age_of_casualty,age_band_of_casualty,casualty_severity,pedestrian_location,pedestrian_movement,car_passenger,bus_or_coach_passenger,pedestrian_road_maintenance_worker,casualty_type,casualty_home_area_type,casualty_imd_decile,accident_year_y,accident_reference_y,location_easting_osgr,location_northing_osgr,longitude,latitude,police_force,accident_severity,number_of_vehicles,number_of_casualties,date,day_of_week,time,local_authority_district,local_authority_ons_district,local_authority_highway,first_road_class,first_road_number,road_type,speed_limit,junction_detail,junction_control,second_road_class,second_road_number,pedestrian_crossing_human_control,pedestrian_crossing_physical_facilities,light_conditions,weather_conditions,road_surface_conditions,special_conditions_at_site,carriageway_hazards,urban_or_rural_area,did_police_officer_attend_scene_of_accident,trunk_road_flag,lsoa_of_accident_location
9847,20161336P0437,2016,1336P0437,1,1,2,2,5,1,3,0,0,2,0,0,9,1,9,2016,1336P0437,419121.0,443415.0,-1.710577,53.886572,13,3,2,2,25/06/2016,7,08:30,204,E08000035,E08000035,6,0,6,60.0,0,-1,-1,-1,0,0,1,1,1,0,0,2,1,2,E01011279
9848,20161336P0437,2016,1336P0437,2,2,1,2,26,6,3,0,0,0,0,0,9,1,3,2016,1336P0437,419121.0,443415.0,-1.710577,53.886572,13,3,2,2,25/06/2016,7,08:30,204,E08000035,E08000035,6,0,6,60.0,0,-1,-1,-1,0,0,1,1,1,0,0,2,1,2,E01011279
9849,20161336P0595,2016,1336P0595,1,1,3,2,3,1,3,1,2,0,0,0,0,1,6,2016,1336P0595,430236.0,433914.0,-1.542409,53.800652,13,3,1,1,25/06/2016,7,11:40,204,E08000035,E08000035,6,0,3,30.0,0,-1,-1,-1,0,4,1,1,1,0,0,1,1,2,E01033010
9850,20161336P1083,2016,1336P1083,2,1,2,2,57,9,3,0,0,1,0,0,9,2,7,2016,1336P1083,417933.0,443181.0,-1.728665,53.884511,13,3,2,1,25/06/2016,7,16:45,204,E08000035,E08000035,3,65,6,30.0,3,4,6,0,0,0,1,2,2,0,0,2,1,2,E01011280
9851,20161336P1826,2016,1336P1826,1,1,2,1,29,6,3,0,0,1,0,0,9,1,3,2016,1336P1826,430876.0,434256.0,-1.532658,53.803688,13,3,2,1,25/06/2016,7,23:25,204,E08000035,E08000035,3,61,3,30.0,6,2,6,0,0,0,4,1,1,0,0,1,1,2,E01033003
9852,20161336Q0055,2016,1336Q0055,1,1,1,1,18,4,2,0,0,0,0,0,9,-1,-1,2016,1336Q0055,424461.0,433724.0,-1.630104,53.799247,13,2,1,2,26/06/2016,1,00:26,204,E08000035,E08000035,6,0,6,50.0,0,-1,-1,-1,0,0,4,1,1,0,0,1,1,2,E01011608
9853,20161336Q0055,2016,1336Q0055,1,2,2,1,22,5,3,0,0,1,0,0,9,-1,-1,2016,1336Q0055,424461.0,433724.0,-1.630104,53.799247,13,2,1,2,26/06/2016,1,00:26,204,E08000035,E08000035,6,0,6,50.0,0,-1,-1,-1,0,0,4,1,1,0,0,1,1,2,E01011608
9854,20161336Q0749,2016,1336Q0749,1,1,1,1,68,10,3,0,0,0,0,0,9,1,8,2016,1336Q0749,421167.0,440436.0,-1.679654,53.859718,13,3,4,2,26/06/2016,1,12:45,204,E08000035,E08000035,3,658,6,30.0,3,4,6,0,0,4,1,1,1,0,0,1,1,2,E01011276
9855,20161336Q0749,2016,1336Q0749,2,2,1,2,24,5,3,0,0,0,0,0,9,1,6,2016,1336Q0749,421167.0,440436.0,-1.679654,53.859718,13,3,4,2,26/06/2016,1,12:45,204,E08000035,E08000035,3,658,6,30.0,3,4,6,0,0,4,1,1,1,0,0,1,1,2,E01011276
9856,20161336Q0769,2016,1336Q0769,1,1,2,1,17,4,3,0,0,1,0,0,9,1,7,2016,1336Q0769,429926.0,427657.0,-1.54772,53.744433,13,3,1,2,26/06/2016,1,12:40,204,E08000035,E08000035,6,0,6,30.0,0,-1,-1,-1,0,0,1,1,1,0,0,1,2,2,E01011492
9857,20161336Q0769,2016,1336Q0769,1,2,3,1,13,3,3,5,1,0,0,0,0,1,1,2016,1336Q0769,429926.0,427657.0,-1.54772,53.744433,13,3,1,2,26/06/2016,1,12:40,204,E08000035,E08000035,6,0,6,30.0,0,-1,-1,-1,0,0,1,1,1,0,0,1,2,2,E01011492
9858,20161336Q1571,2016,1336Q1571,1,1,3,2,44,7,3,5,4,0,0,0,0,1,1,2016,1336Q1571,430893.0,436189.0,-1.532206,53.821061,13,3,1,1,26/06/2016,1,20:20,204,E08000035,E08000035,6,0,6,30.0,3,4,6,0,0,0,1,2,2,0,0,1,1,2,E01011356
9859,20161336Q1665,2016,1336Q1665,1,1,1,1,22,5,3,0,0,0,0,0,2,1,6,2016,1336Q1665,430590.0,433324.0,-1.537092,53.795329,13,3,2,1,26/06/2016,1,21:20,204,E08000035,E08000035,6,0,2,30.0,0,-1,-1,-1,0,0,4,2,2,0,0,1,1,2,E01033011
9860,20161336R0219,2016,1336R0219,2,1,1,1,48,8,3,0,0,0,0,0,4,2,8,2016,1336R0219,428128.0,432798.0,-1.574515,53.790739,13,3,2,1,27/06/2016,2,07:24,204,E08000035,E08000035,4,6194,6,30.0,3,4,6,0,0,0,1,1,1,0,0,1,1,2,E01011363
9861,20161336R0347,2016,1336R0347,1,1,1,2,30,6,3,0,0,0,0,0,9,1,2,2016,1336R0347,420846.0,434412.0,-1.684942,53.805587,13,3,2,2,28/06/2016,3,09:31,204,E08000035,E08000035,3,647,3,40.0,9,4,3,647,0,0,1,1,1,0,0,1,1,2,E01011595
9862,20161336R0347,2016,1336R0347,2,2,1,1,46,8,3,0,0,0,0,0,8,1,2,2016,1336R0347,420846.0,434412.0,-1.684942,53.805587,13,3,2,2,28/06/2016,3,09:31,204,E08000035,E08000035,3,647,3,40.0,9,4,3,647,0,0,1,1,1,0,0,1,1,2,E01011595
9863,20161336R0388,2016,1336R0388,2,1,1,2,49,8,3,0,0,0,0,0,9,1,8,2016,1336R0388,414745.0,442824.0,-1.777182,53.881402,13,3,2,1,27/06/2016,2,08:40,204,E08000035,E08000035,6,0,6,60.0,3,4,6,0,0,0,1,1,1,0,0,2,2,2,E01011270
9864,20161336R0826,2016,1336R0826,1,1,1,1,80,11,3,0,0,0,0,0,9,1,8,2016,1336R0826,441092.0,433570.0,-1.377636,53.796818,13,3,2,3,27/06/2016,2,14:10,204,E08000035,E08000035,3,642,6,40.0,3,4,6,0,0,0,1,9,1,0,0,1,1,2,E01011400
9865,20161336R0826,2016,1336R0826,2,2,1,2,39,7,3,0,0,0,0,0,19,3,8,2016,1336R0826,441092.0,433570.0,-1.377636,53.796818,13,3,2,3,27/06/2016,2,14:10,204,E08000035,E08000035,3,642,6,40.0,3,4,6,0,0,0,1,9,1,0,0,1,1,2,E01011400
9866,20161336R0826,2016,1336R0826,2,3,2,1,4,1,3,0,0,1,0,0,19,3,8,2016,1336R0826,441092.0,433570.0,-1.377636,53.796818,13,3,2,3,27/06/2016,2,14:10,204,E08000035,E08000035,3,642,6,40.0,3,4,6,0,0,0,1,9,1,0,0,1,1,2,E01011400
9867,20161336R1133,2016,1336R1133,1,1,1,1,18,4,2,0,0,0,0,0,3,1,1,2016,1336R1133,432207.0,433246.0,-1.512554,53.79453,13,2,2,1,27/06/2016,2,16:30,204,E08000035,E08000035,6,0,6,30.0,3,4,6,0,0,0,1,1,1,0,0,1,1,2,E01011623
9868,20161336R1252,2016,1336R1252,2,1,1,2,35,6,3,0,0,0,0,0,9,1,9,2016,1336R1252,426163.0,437504.0,-1.603944,53.833139,13,3,2,1,27/06/2016,2,17:00,204,E08000035,E08000035,6,0,6,30.0,0,-1,-1,-1,0,5,1,1,1,0,0,1,2,2,E01011687
9869,20161336S0555,2016,1336S0555,1,1,2,2,50,8,3,0,0,0,0,0,21,1,1,2016,1336S0555,431635.0,433898.0,-1.52117,53.800425,13,3,2,1,28/06/2016,3,11:11,204,E08000035,E08000035,6,0,6,30.0,8,4,6,0,0,0,1,1,1,0,0,1,2,2,E01011338
9870,20161336S0596,2016,1336S0596,1,1,1,1,70,10,3,0,0,0,0,0,90,1,6,2016,1336S0596,429659.0,435853.0,-1.550983,53.818113,13,3,2,1,28/06/2016,3,11:50,204,E08000035,E08000035,6,0,6,30.0,3,4,6,0,0,0,1,1,1,0,0,1,1,2,E01011669
9871,20161336S1147,2016,1336S1147,1,1,1,1,14,3,3,0,0,0,0,0,1,1,7,2016,1336S1147,421836.0,433886.0,-1.669946,53.800819,13,3,2,2,28/06/2016,3,16:45,204,E08000035,E08000035,6,0,6,30.0,0,-1,-1,-1,0,0,1,1,2,0,0,1,1,2,E01011585
9872,20161336S1147,2016,1336S1147,1,2,2,1,14,3,3,0,0,0,0,0,1,1,6,2016,1336S1147,421836.0,433886.0,-1.669946,53.800819,13,3,2,2,28/06/2016,3,16:45,204,E08000035,E08000035,6,0,6,30.0,0,-1,-1,-1,0,0,1,1,2,0,0,1,1,2,E01011585
9873,20161336S1449,2016,1336S1449,2,1,1,1,29,6,3,0,0,0,0,0,1,1,7,2016,1336S1449,419587.0,441574.0,-1.703605,53.870008,13,3,2,1,28/06/2016,3,17:35,204,E08000035,E08000035,3,65,6,30.0,0,-1,-1,-1,0,0,1,2,2,0,0,1,2,2,E01011273
9874,20161336T1217,2016,1336T1217,2,1,1,1,20,4,3,0,0,0,0,0,9,1,1,2016,1336T1217,423440.0,437610.0,-1.64531,53.834221,13,3,3,2,29/06/2016,4,17:35,204,E08000035,E08000035,3,6120,6,40.0,3,2,6,0,0,5,1,9,1,0,0,1,1,2,E01011465
9875,20161336T1217,2016,1336T1217,2,2,2,2,23,5,3,0,0,1,0,0,9,-1,-1,2016,1336T1217,423440.0,437610.0,-1.64531,53.834221,13,3,3,2,29/06/2016,4,17:35,204,E08000035,E08000035,3,6120,6,40.0,3,2,6,0,0,5,1,9,1,0,0,1,1,2,E01011465
9876,20161336T1402,2016,1336T1402,1,1,1,1,36,7,3,0,0,0,0,0,9,-1,-1,2016,1336T1402,430434.0,434358.0,-1.539359,53.804631,13,3,3,1,29/06/2016,4,19:00,204,E08000035,E08000035,3,6120,6,30.0,3,4,6,0,0,0,1,1,1,0,0,1,1,2,E01033002
9877,20161336T1592,2016,1336T1592,3,1,1,1,33,6,3,0,0,0,0,0,9,1,3,2016,1336T1592,431141.0,433615.0,-1.528699,53.797912,13,3,4,1,29/06/2016,4,20:52,204,E08000035,E08000035,6,0,3,30.0,3,2,6,0,0,5,1,1,1,0,0,1,1,2,E01033011
9878,20161336U0958,2016,1336U0958,2,1,1,1,19,4,3,0,0,0,0,0,1,-1,-1,2016,1336U0958,426280.0,435586.0,-1.602329,53.815894,13,3,2,1,01/06/2016,4,15:30,204,E08000035,E08000035,3,6157,6,30.0,3,2,3,65,0,5,1,2,2,0,0,1,1,2,E01011488
9879,20161336U1288,2016,1336U1288,1,1,1,2,29,6,3,0,0,0,0,0,9,1,8,2016,1336U1288,421976.0,428176.0,-1.668225,53.749492,13,3,2,2,30/06/2016,5,18:05,204,E08000035,E08000035,3,650,6,60.0,3,4,6,0,0,0,1,1,1,0,0,2,1,2,E01011527
9880,20161336U1288,2016,1336U1288,2,2,1,2,35,6,3,0,0,0,0,0,9,1,1,2016,1336U1288,421976.0,428176.0,-1.668225,53.749492,13,3,2,2,30/06/2016,5,18:05,204,E08000035,E08000035,3,650,6,60.0,3,4,6,0,0,0,1,1,1,0,0,2,1,2,E01011527
9881,20161336U1766,2016,1336U1766,2,1,2,2,30,6,3,0,0,1,0,0,9,1,3,2016,1336U1766,428310.0,429623.0,-1.572043,53.762193,13,3,2,1,29/06/2016,4,19:00,204,E08000035,E08000035,3,6110,1,30.0,1,4,3,6110,0,0,1,1,2,0,0,1,2,2,E01011321
9882,2016133710084,2016,133710084,2,1,1,1,34,6,3,0,0,0,0,0,9,3,6,2016,133710084,429738.0,430550.0,-1.550293,53.770445,13,3,2,2,01/07/2016,6,03:40,204,E08000035,E08000035,3,653,3,40.0,3,2,6,0,0,0,4,1,1,0,0,1,1,2,E01011322
9883,2016133710084,2016,133710084,2,2,2,1,48,8,3,0,0,1,0,0,9,3,6,2016,133710084,429738.0,430550.0,-1.550293,53.770445,13,3,2,2,01/07/2016,6,03:40,204,E08000035,E08000035,3,653,3,40.0,3,2,6,0,0,0,4,1,1,0,0,1,1,2,E01011322
9884,2016133710258,2016,133710258,2,1,1,1,51,8,3,0,0,0,0,0,1,1,9,2016,133710258,431144.0,436276.0,-1.528385,53.821828,13,3,2,1,01/07/2016,6,08:17,204,E08000035,E08000035,6,0,6,30.0,0,-1,-1,-1,0,0,1,1,1,0,0,1,1,2,E01011356
9885,2016133710603,2016,133710603,2,1,1,2,41,7,3,0,0,0,0,0,1,-1,-1,2016,133710603,421496.0,440914.0,-1.674619,53.864001,13,3,2,1,01/07/2016,6,13:00,204,E08000035,E08000035,6,0,6,30.0,3,4,6,0,0,0,1,1,1,0,0,1,1,2,E01011578
9886,2016133710851,2016,133710851,1,1,3,1,36,7,3,5,1,0,0,0,0,-1,-1,2016,133710851,428927.0,435432.0,-1.562141,53.81437,13,3,1,1,01/07/2016,6,14:06,204,E08000035,E08000035,6,0,6,30.0,3,4,6,0,0,0,1,1,1,0,0,1,1,2,E01011444
9887,2016133710905,2016,133710905,2,1,2,2,16,4,3,0,0,1,0,0,9,-1,-1,2016,133710905,432942.0,440210.0,-1.500652,53.857075,13,3,2,1,03/07/2016,1,14:25,204,E08000035,E08000035,6,0,6,30.0,8,4,6,0,0,0,1,1,1,0,1,1,1,2,E01011562
9888,2016133720563,2016,133720563,1,1,3,2,73,10,3,5,1,0,0,0,0,1,10,2016,133720563,432455.0,438756.0,-1.508209,53.844038,13,3,1,1,02/07/2016,7,10:57,204,E08000035,E08000035,6,0,6,30.0,3,4,6,0,0,4,1,1,2,0,0,1,1,2,E01011653
9889,2016133720858,2016,133720858,1,1,1,2,54,8,3,0,0,0,0,0,9,1,1,2016,133720858,431340.0,435054.0,-1.525532,53.810833,13,3,2,1,02/07/2016,7,14:08,204,E08000035,E08000035,3,58,6,30.0,3,4,6,0,0,4,1,1,1,0,0,1,1,2,E01011429
9890,2016133721063,2016,133721063,2,1,1,2,51,8,3,0,0,0,0,0,9,1,1,2016,133721063,432158.0,427337.0,-1.513911,53.741424,13,3,2,2,02/07/2016,7,16:01,204,E08000035,E08000035,1,1,3,70.0,0,-1,-1,-1,0,0,1,1,1,0,0,2,1,1,E01032496
9891,2016133721063,2016,133721063,2,2,2,2,62,9,3,0,0,2,0,0,9,1,2,2016,133721063,432158.0,427337.0,-1.513911,53.741424,13,3,2,2,02/07/2016,7,16:01,204,E08000035,E08000035,1,1,3,70.0,0,-1,-1,-1,0,0,1,1,1,0,0,2,1,1,E01032496
9892,2016133721135,2016,133721135,1,1,3,1,51,8,3,6,7,0,0,0,0,-1,-1,2016,133721135,430577.0,425368.0,-1.538075,53.723822,13,3,1,1,02/07/2016,7,16:52,204,E08000035,E08000035,6,0,6,30.0,0,-1,-1,-1,0,0,1,1,1,0,0,1,1,2,E01011551
9893,2016133721156,2016,133721156,1,1,3,1,65,9,2,1,3,0,0,0,0,2,5,2016,133721156,425970.0,436323.0,-1.606976,53.822534,13,2,1,1,02/07/2016,7,16:52,204,E08000035,E08000035,6,0,6,30.0,3,4,6,0,0,4,1,1,1,0,0,1,1,2,E01011485
9894,2016133721205,2016,133721205,1,1,2,2,70,10,3,0,0,0,4,0,11,1,1,2016,133721205,430780.0,433454.0,-1.534195,53.796486,13,3,1,4,02/07/2016,7,15:26,204,E08000035,E08000035,6,0,6,30.0,6,2,3,61,0,5,1,1,1,0,0,1,2,2,E01033011
9895,2016133721205,2016,133721205,1,2,2,2,50,8,3,0,0,0,4,0,11,1,1,2016,133721205,430780.0,433454.0,-1.534195,53.796486,13,3,1,4,02/07/2016,7,15:26,204,E08000035,E08000035,6,0,6,30.0,6,2,3,61,0,5,1,1,1,0,0,1,2,2,E01033011
9896,2016133721205,2016,133721205,1,3,2,1,47,8,3,0,0,0,4,0,11,1,3,2016,133721205,430780.0,433454.0,-1.534195,53.796486,13,3,1,4,02/07/2016,7,15:26,204,E08000035,E08000035,6,0,6,30.0,6,2,3,61,0,5,1,1,1,0,0,1,2,2,E01033011
9897,2016133721205,2016,133721205,1,4,2,2,51,8,3,0,0,0,4,0,11,1,1,2016,133721205,430780.0,433454.0,-1.534195,53.796486,13,3,1,4,02/07/2016,7,15:26,204,E08000035,E08000035,6,0,6,30.0,6,2,3,61,0,5,1,1,1,0,0,1,2,2,E01033011
9898,2016133730711,2016,133730711,2,1,1,2,29,6,3,0,0,0,0,0,1,1,2,2016,133730711,427891.0,436195.0,-1.577806,53.821284,13,3,2,1,03/07/2016,1,11:53,204,E08000035,E08000035,3,660,6,30.0,3,2,6,0,0,4,1,1,1,0,0,1,1,2,E01011440
9899,2016133730942,2016,133730942,2,1,1,1,32,6,2,0,0,0,0,0,3,-1,-1,2016,133730942,425708.0,435406.0,-1.611032,53.814305,13,2,2,1,03/07/2016,1,14:30,204,E08000035,E08000035,6,0,6,30.0,6,4,6,0,0,0,1,1,1,0,0,1,1,2,E01011281
9900,2016133731246,2016,133731246,2,1,1,1,64,9,3,0,0,0,0,0,9,3,10,2016,133731246,435544.0,438371.0,-1.461307,53.840376,13,3,2,2,03/07/2016,1,17:12,204,E08000035,E08000035,6,0,6,30.0,5,4,6,0,0,0,1,1,1,0,0,1,1,2,E01011714
9901,2016133731246,2016,133731246,2,2,2,2,76,11,3,0,0,1,0,0,9,3,10,2016,133731246,435544.0,438371.0,-1.461307,53.840376,13,3,2,2,03/07/2016,1,17:12,204,E08000035,E08000035,6,0,6,30.0,5,4,6,0,0,0,1,1,1,0,0,1,1,2,E01011714
9902,2016133731308,2016,133731308,2,1,1,2,45,7,3,0,0,0,0,0,9,-1,-1,2016,133731308,421928.0,441435.0,-1.668013,53.868665,13,3,2,1,03/07/2016,1,17:40,204,E08000035,E08000035,3,638,3,40.0,0,-1,-1,-1,0,0,1,1,1,0,0,1,1,2,E01011578
9903,2016133731431,2016,133731431,2,1,1,1,37,7,3,0,0,0,0,0,22,-1,-1,2016,133731431,429980.0,430876.0,-1.54659,53.773362,13,3,2,1,03/07/2016,1,18:00,204,E08000035,E08000035,6,0,6,30.0,3,2,3,653,2,5,1,1,1,0,0,1,1,2,E01011312
9904,2016133740214,2016,133740214,1,1,1,1,28,6,2,0,0,0,0,0,1,-1,-1,2016,133740214,429334.0,435000.0,-1.556,53.810464,13,2,2,1,04/07/2016,2,06:05,204,E08000035,E08000035,3,660,3,30.0,0,-1,-1,-1,0,0,1,1,1,0,0,1,2,2,E01033005
9905,2016133740288,2016,133740288,1,1,1,2,53,8,3,0,0,0,0,0,9,1,10,2016,133740288,422126.0,446010.0,-1.664673,53.909776,13,3,3,1,04/07/2016,2,08:25,204,E08000035,E08000035,3,659,6,60.0,3,4,6,0,0,0,1,1,1,0,0,2,1,2,E01011569
9906,2016133740733,2016,133740733,1,1,1,1,21,5,3,0,0,0,0,0,3,1,7,2016,133740733,430413.0,433768.0,-1.539736,53.79933,13,2,1,2,04/07/2016,2,13:15,204,E08000035,E08000035,6,0,6,30.0,0,-1,-1,-1,0,5,1,1,1,0,0,1,1,2,E01033010
9907,2016133740733,2016,133740733,1,2,3,2,55,8,2,1,1,0,0,0,0,-1,-1,2016,133740733,430413.0,433768.0,-1.539736,53.79933,13,2,1,2,04/07/2016,2,13:15,204,E08000035,E08000035,6,0,6,30.0,0,-1,-1,-1,0,5,1,1,1,0,0,1,1,2,E01033010
9908,2016133741226,2016,133741226,1,1,2,2,33,6,3,0,0,2,0,0,8,1,1,2016,133741226,429999.0,434154.0,-1.545984,53.802823,13,3,2,3,04/07/2016,2,17:00,204,E08000035,E08000035,3,660,3,30.0,6,2,3,58,0,0,1,1,1,0,0,1,1,2,E01033010
9909,2016133741226,2016,133741226,1,2,2,2,8,2,3,0,0,2,0,0,8,1,1,2016,133741226,429999.0,434154.0,-1.545984,53.802823,13,3,2,3,04/07/2016,2,17:00,204,E08000035,E08000035,3,660,3,30.0,6,2,3,58,0,0,1,1,1,0,0,1,1,2,E01033010
9910,2016133741226,2016,133741226,1,3,2,2,7,2,3,0,0,2,0,0,8,1,1,2016,133741226,429999.0,434154.0,-1.545984,53.802823,13,3,2,3,04/07/2016,2,17:00,204,E08000035,E08000035,3,660,3,30.0,6,2,3,58,0,0,1,1,1,0,0,1,1,2,E01033010
9911,2016133741261,2016,133741261,2,1,1,1,12,3,2,0,0,0,0,0,1,1,1,2016,133741261,420046.0,434144.0,-1.697107,53.80321,13,2,2,1,04/07/2016,2,15:45,204,E08000035,E08000035,3,647,3,40.0,0,-1,-1,-1,0,4,1,1,1,0,0,1,2,2,E01011597
9912,2016133741674,2016,133741674,1,1,3,1,30,6,3,6,9,0,0,0,0,1,1,2016,133741674,432025.0,435306.0,-1.515103,53.813056,13,3,1,1,04/07/2016,2,18:30,204,E08000035,E08000035,6,0,6,30.0,0,-1,-1,-1,0,0,1,1,1,0,0,1,2,2,E01011428
9913,2016133750969,2016,133750969,1,1,1,1,38,7,3,0,0,0,0,0,1,1,1,2016,133750969,426274.0,434010.0,-1.602554,53.801729,13,3,2,1,07/07/2016,5,07:26,204,E08000035,E08000035,3,647,3,40.0,3,2,6,0,0,4,1,9,1,0,0,1,2,2,E01032499
9914,2016133751140,2016,133751140,1,1,3,1,6,2,3,9,9,0,0,0,0,1,1,2016,133751140,431982.0,435697.0,-1.515715,53.816573,13,3,1,1,05/07/2016,3,16:45,204,E08000035,E08000035,6,0,6,30.0,0,-1,-1,-1,0,0,1,1,1,0,0,1,1,2,E01011428
9915,2016133751329,2016,133751329,2,1,2,2,29,6,3,0,0,2,4,0,11,1,1,2016,133751329,429890.0,432256.0,-1.547822,53.78577,13,3,2,2,05/07/2016,3,15:30,204,E08000035,E08000035,3,653,2,30.0,3,4,6,0,0,0,1,1,1,0,0,1,2,2,E01011364
9916,2016133751329,2016,133751329,2,2,2,2,26,6,3,0,0,2,4,0,11,1,1,2016,133751329,429890.0,432256.0,-1.547822,53.78577,13,3,2,2,05/07/2016,3,15:30,204,E08000035,E08000035,3,653,2,30.0,3,4,6,0,0,0,1,1,1,0,0,1,2,2,E01011364
9917,2016133751639,2016,133751639,2,1,1,2,28,6,3,0,0,0,0,0,9,1,3,2016,133751639,428655.0,430791.0,-1.566702,53.772672,13,3,2,1,05/07/2016,3,19:30,204,E08000035,E08000035,6,0,6,30.0,3,2,6,0,0,5,1,1,1,0,0,1,2,2,E01011369
9918,2016133751714,2016,133751714,1,1,1,1,35,6,3,0,0,0,0,0,9,1,2,2016,133751714,419451.0,442805.0,-1.705595,53.881077,13,3,2,1,05/07/2016,3,21:21,204,E08000035,E08000035,6,0,6,30.0,0,-1,-1,-1,0,0,1,9,1,0,0,2,2,2,E01011279
9919,2016133761246,2016,133761246,1,1,3,1,11,3,3,5,3,0,0,0,0,-1,-1,2016,133761246,431877.0,435326.0,-1.517348,53.813245,13,3,1,1,06/07/2016,4,16:40,204,E08000035,E08000035,6,0,6,30.0,9,4,6,0,0,8,1,1,1,0,0,1,1,2,E01011428
9920,2016133761383,2016,133761383,1,1,1,1,65,9,3,0,0,0,0,0,9,-1,-1,2016,133761383,434580.0,430852.0,-1.476799,53.772862,13,3,2,4,06/07/2016,4,17:45,204,E08000035,E08000035,1,1,3,70.0,0,-1,-1,-1,0,0,1,1,1,0,0,2,1,1,E01011624
9921,2016133761383,2016,133761383,1,2,2,1,31,6,3,0,0,1,0,0,9,-1,-1,2016,133761383,434580.0,430852.0,-1.476799,53.772862,13,3,2,4,06/07/2016,4,17:45,204,E08000035,E08000035,1,1,3,70.0,0,-1,-1,-1,0,0,1,1,1,0,0,2,1,1,E01011624
9922,2016133761383,2016,133761383,2,3,1,2,33,6,3,0,0,0,0,0,9,-1,-1,2016,133761383,434580.0,430852.0,-1.476799,53.772862,13,3,2,4,06/07/2016,4,17:45,204,E08000035,E08000035,1,1,3,70.0,0,-1,-1,-1,0,0,1,1,1,0,0,2,1,1,E01011624
9923,2016133761383,2016,133761383,2,4,2,1,31,6,3,0,0,1,0,0,9,-1,-1,2016,133761383,434580.0,430852.0,-1.476799,53.772862,13,3,2,4,06/07/2016,4,17:45,204,E08000035,E08000035,1,1,3,70.0,0,-1,-1,-1,0,0,1,1,1,0,0,2,1,1,E01011624
9924,2016133761556,2016,133761556,1,1,1,2,51,8,3,0,0,0,0,0,9,1,2,2016,133761556,434702.0,435087.0,-1.474472,53.810917,13,3,2,1,06/07/2016,4,18:50,204,E08000035,E08000035,6,0,6,30.0,3,4,6,0,0,0,1,1,1,0,0,1,1,2,E01011343
9925,2016133761691,2016,133761691,1,1,3,1,64,9,3,9,9,0,0,0,0,-1,-1,2016,133761691,422258.0,433470.0,-1.663569,53.797062,13,3,1,1,06/07/2016,4,19:30,204,E08000035,E08000035,4,6155,6,30.0,0,-1,-1,-1,0,0,1,9,1,0,0,1,1,2,E01011612
9926,2016133762024,2016,133762024,1,1,1,2,26,6,3,0,0,0,0,0,9,1,10,2016,133762024,427744.0,436450.0,-1.580016,53.823584,13,3,2,1,06/08/2016,7,22:52,204,E08000035,E08000035,3,660,6,30.0,6,2,4,6157,0,5,1,1,1,0,0,1,1,2,E01011692
9927,2016133762340,2016,133762340,1,1,2,2,17,4,3,0,0,1,0,0,9,1,7,2016,133762340,426331.0,427305.0,-1.602259,53.741462,13,3,1,1,06/07/2016,4,23:40,204,E08000035,E08000035,4,6127,6,30.0,0,-1,-1,-1,0,0,4,1,1,0,0,1,1,2,E01011541
9928,2016133770136,2016,133770136,1,1,1,1,45,7,3,0,0,0,0,0,9,1,3,2016,133770136,428641.0,432959.0,-1.566713,53.792159,13,3,1,1,07/07/2016,5,02:15,204,E08000035,E08000035,3,58,3,40.0,1,2,3,58,0,0,4,1,1,0,0,1,1,2,E01011363
9929,2016133770315,2016,133770315,2,1,1,1,31,6,2,0,0,0,0,0,1,1,7,2016,133770315,427396.0,429670.0,-1.585903,53.762664,13,2,2,1,07/07/2016,5,08:07,204,E08000035,E08000035,3,643,6,30.0,3,4,6,0,0,0,1,1,1,0,0,1,1,2,E01011518
9930,2016133770326,2016,133770326,2,1,1,1,42,7,3,0,0,0,0,0,1,1,10,2016,133770326,426821.0,434978.0,-1.594165,53.810402,13,3,2,1,07/07/2016,5,08:00,204,E08000035,E08000035,6,0,3,30.0,3,4,6,0,0,0,1,1,1,0,0,1,1,2,E01011482
9931,2016133770535,2016,133770535,2,1,1,1,37,7,2,0,0,0,0,0,1,1,7,2016,133770535,432973.0,439646.0,-1.500241,53.852004,13,2,3,2,07/07/2016,5,10:50,204,E08000035,E08000035,6,0,6,40.0,3,4,6,0,0,0,1,1,1,0,0,2,1,2,E01011650
9932,2016133770535,2016,133770535,3,2,1,1,64,9,2,0,0,0,0,0,1,1,7,2016,133770535,432973.0,439646.0,-1.500241,53.852004,13,2,3,2,07/07/2016,5,10:50,204,E08000035,E08000035,6,0,6,40.0,3,4,6,0,0,0,1,1,1,0,0,2,1,2,E01011650
9933,2016133770746,2016,133770746,2,1,1,1,19,4,3,0,0,0,0,0,3,-1,-1,2016,133770746,427528.0,434564.0,-1.583465,53.806644,13,3,2,1,07/07/2016,5,13:00,204,E08000035,E08000035,3,65,6,30.0,3,4,6,0,0,0,1,1,1,0,0,1,1,2,E01011482
9934,2016133771168,2016,133771168,1,1,1,1,42,7,3,0,0,0,0,0,9,1,6,2016,133771168,423187.0,434658.0,-1.649376,53.8077,13,3,2,1,07/07/2016,5,16:56,204,E08000035,E08000035,6,0,3,40.0,9,2,6,0,0,5,1,8,1,0,0,1,1,2,E01011335