,accident_index,accident_year_x,accident_reference_x,vehicle_reference,casualty_reference,casualty_class,sex_of_casualty,age_of_casualty,age_band_of_casualty,casualty_severity,pedestrian_location,pedestrian_movement,car_passenger,bus_or_coach_passenger,pedestrian_road_maintenance_worker,casualty_type,casualty_home_area_type,casualty_imd_decile,accident_year_y,accident_reference_y,location_easting_osgr,location_northing_osgr,longitude,latitude,police_force,accident_severity,number_of_vehicles,number_of_casualties,date,day_of_week,time,local_authority_district,local_authority_ons_district,local_authority_highway,first_road_class,first_road_number,road_type,speed_limit,junction_detail,junction_control,second_road_class,second_road_number,pedestrian_crossing_human_control,pedestrian_crossing_physical_facilities,light_conditions,weather_conditions,road_surface_conditions,special_conditions_at_site,carriageway_hazards,urban_or_rural_area,did_police_officer_attend_scene_of_accident,trunk_road_flag,lsoa_of_accident_location
9935,2016133771267,2016,133771267,2,1,1,2,45,7,3,0,0,0,0,0,9,1,7,2016,133771267,417884.0,443315.0,-1.729403,53.885717,13,3,3,4,07/07/2016,5,17:35,204,E08000035,E08000035,3,65,6,30.0,7,2,6,0,0,4,1,1,1,0,0,2,1,2,E01011266
9936,2016133771267,2016,133771267,2,2,2,1,13,3,3,0,0,2,0,0,9,1,7,2016,133771267,417884.0,443315.0,-1.729403,53.885717,13,3,3,4,07/07/2016,5,17:35,204,E08000035,E08000035,3,65,6,30.0,7,2,6,0,0,4,1,1,1,0,0,2,1,2,E01011266
9937,2016133771267,2016,133771267,3,3,1,2,55,8,3,0,0,0,0,0,9,1,10,2016,133771267,417884.0,443315.0,-1.729403,53.885717,13,3,3,4,07/07/2016,5,17:35,204,E08000035,E08000035,3,65,6,30.0,7,2,6,0,0,4,1,1,1,0,0,2,1,2,E01011266
9938,2016133771267,2016,133771267,3,4,2,2,79,11,3,0,0,1,0,0,9,1,9,2016,133771267,417884.0,443315.0,-1.729403,53.885717,13,3,3,4,07/07/2016,5,17:35,204,E08000035,E08000035,3,65,6,30.0,7,2,6,0,0,4,1,1,1,0,0,2,1,2,E01011266
9939,2016133771483,2016,133771483,2,1,1,2,14,3,3,0,0,0,0,0,1,1,3,2016,133771483,421581.0,433056.0,-1.673875,53.79337,13,3,2,1,07/07/2016,5,18:00,204,E08000035,E08000035,4,6154,6,30.0,3,4,6,0,0,0,1,1,1,0,0,1,2,2,E01011605
9940,2016133780975,2016,133780975,2,1,1,2,36,7,3,0,0,0,0,0,1,1,1,2016,133780975,428111.0,432804.0,-1.574773,53.790794,13,3,2,1,08/07/2016,6,15:34,204,E08000035,E08000035,6,0,6,30.0,3,4,6,0,0,0,1,1,1,0,0,1,1,2,E01011362
9941,2016133781157,2016,133781157,1,1,3,1,5,1,2,5,1,0,0,0,0,1,3,2016,133781157,436822.0,435918.0,-1.442178,53.81824,13,2,1,1,08/07/2016,6,17:20,204,E08000035,E08000035,6,0,6,20.0,0,-1,-1,-1,0,0,1,1,1,0,0,1,1,2,E01011723
9942,2016133781218,2016,133781218,1,1,3,2,13,3,2,1,3,0,0,0,0,1,1,2016,133781218,429134.0,432089.0,-1.559312,53.784312,13,2,1,1,08/07/2016,6,17:50,204,E08000035,E08000035,6,0,6,30.0,0,-1,-1,-1,0,4,1,1,1,0,0,1,1,2,E01033013
9943,2016133781557,2016,133781557,1,1,1,1,26,6,3,0,0,0,0,0,9,1,5,2016,133781557,428010.0,429037.0,-1.576647,53.756942,13,3,2,1,08/07/2016,6,20:30,204,E08000035,E08000035,6,0,6,30.0,1,4,6,0,0,0,1,1,1,0,0,2,2,2,E01011531
9944,2016133791808,2016,133791808,1,1,2,2,22,5,3,0,0,2,0,0,8,1,2,2016,133791808,430082.0,432334.0,-1.544901,53.78646,13,3,1,1,14/07/2016,5,01:30,204,E08000035,E08000035,3,653,6,30.0,0,-1,-1,-1,0,0,4,9,1,0,0,1,2,2,E01033016
9945,2016133791948,2016,133791948,1,1,1,1,39,7,2,0,0,0,0,0,3,1,1,2016,133791948,428569.0,429799.0,-1.568098,53.763761,13,2,1,1,09/07/2016,7,23:47,204,E08000035,E08000035,6,0,6,20.0,0,-1,-1,-1,0,0,4,1,1,0,0,1,1,2,E01011321
9946,20161337A0567,2016,1337A0567,1,1,1,2,52,8,3,0,0,0,0,0,9,1,9,2016,1337A0567,436167.0,427605.0,-1.453099,53.743571,13,2,4,4,10/07/2016,1,09:55,204,E08000035,E08000035,3,642,6,30.0,0,-1,-1,-1,0,1,1,1,1,0,0,2,1,2,E01011635
9947,20161337A0567,2016,1337A0567,2,2,1,1,75,10,2,0,0,0,0,0,1,1,1,2016,1337A0567,436167.0,427605.0,-1.453099,53.743571,13,2,4,4,10/07/2016,1,09:55,204,E08000035,E08000035,3,642,6,30.0,0,-1,-1,-1,0,1,1,1,1,0,0,2,1,2,E01011635
9948,20161337A0567,2016,1337A0567,3,3,1,1,68,10,2,0,0,0,0,0,1,1,7,2016,1337A0567,436167.0,427605.0,-1.453099,53.743571,13,2,4,4,10/07/2016,1,09:55,204,E08000035,E08000035,3,642,6,30.0,0,-1,-1,-1,0,1,1,1,1,0,0,2,1,2,E01011635
9949,20161337A0567,2016,1337A0567,4,4,1,1,74,10,3,0,0,0,0,0,1,1,2,2016,1337A0567,436167.0,427605.0,-1.453099,53.743571,13,2,4,4,10/07/2016,1,09:55,204,E08000035,E08000035,3,642,6,30.0,0,-1,-1,-1,0,1,1,1,1,0,0,2,1,2,E01011635
9950,20161337A0666,2016,1337A0666,1,1,1,1,28,6,3,0,0,0,0,0,1,2,10,2016,1337A0666,431247.0,445731.0,-1.52586,53.906801,13,3,2,1,10/07/2016,1,10:15,204,E08000035,E08000035,3,61,6,50.0,3,4,3,659,0,0,1,1,1,0,0,2,2,2,E01011561
9951,20161337A0763,2016,1337A0763,2,2,1,1,56,9,3,0,0,0,0,0,9,-1,-1,2016,1337A0763,439119.0,439232.0,-1.40687,53.847858,13,3,3,2,10/07/2016,1,12:10,204,E08000035,E08000035,3,64,6,50.0,0,-1,-1,-1,0,0,1,1,1,0,0,2,1,2,E01011715
9952,20161337A0763,2016,1337A0763,3,1,2,2,32,6,3,0,0,1,0,0,9,-1,-1,2016,1337A0763,439119.0,439232.0,-1.40687,53.847858,13,3,3,2,10/07/2016,1,12:10,204,E08000035,E08000035,3,64,6,50.0,0,-1,-1,-1,0,0,1,1,1,0,0,2,1,2,E01011715
9953,20161337A0941,2016,1337A0941,1,1,1,1,22,5,3,0,0,0,0,0,9,-1,-1,2016,1337A0941,432348.0,437010.0,-1.510019,53.828352,13,3,1,1,10/07/2016,1,14:12,204,E08000035,E08000035,6,0,6,30.0,0,-1,-1,-1,0,0,1,1,1,0,0,1,1,2,E01011641
9954,20161337A1233,2016,1337A1233,1,1,1,1,19,4,3,0,0,0,0,0,3,1,2,2016,1337A1233,430005.0,435549.0,-1.545757,53.815361,13,3,2,1,10/07/2016,1,15:45,204,E08000035,E08000035,6,0,6,30.0,0,-1,-1,-1,0,4,1,1,1,0,0,1,1,2,E01011670
9955,20161337A1580,2016,1337A1580,1,2,1,1,30,6,3,0,0,0,0,0,9,1,1,2016,1337A1580,429681.0,426415.0,-1.551554,53.733284,13,3,2,2,10/07/2016,1,19:45,204,E08000035,E08000035,1,62,3,70.0,0,-1,-1,-1,0,0,1,1,1,0,0,2,1,1,E01011538
9956,20161337A1580,2016,1337A1580,2,1,1,2,25,5,3,0,0,0,0,0,9,1,1,2016,1337A1580,429681.0,426415.0,-1.551554,53.733284,13,3,2,2,10/07/2016,1,19:45,204,E08000035,E08000035,1,62,3,70.0,0,-1,-1,-1,0,0,1,1,1,0,0,2,1,1,E01011538
9957,20161337B1054,2016,1337B1054,1,1,3,2,10,2,3,6,9,0,0,0,0,-1,-1,2016,1337B1054,427466.0,433288.0,-1.58452,53.795179,13,3,1,1,11/07/2016,2,17:30,204,E08000035,E08000035,6,0,6,30.0,0,-1,-1,-1,0,0,1,1,1,0,0,1,1,2,E01011293
9958,20161337B1179,2016,1337B1179,2,1,1,1,28,6,3,0,0,0,0,0,9,1,10,2016,1337B1179,419585.0,441577.0,-1.703635,53.870035,13,3,2,2,11/07/2016,2,17:05,204,E08000035,E08000035,3,65,6,30.0,0,-1,-1,-1,0,0,1,1,1,0,0,1,1,2,E01011273
9959,20161337B1179,2016,1337B1179,2,2,2,2,27,6,3,0,0,1,0,0,9,1,10,2016,1337B1179,419585.0,441577.0,-1.703635,53.870035,13,3,2,2,11/07/2016,2,17:05,204,E08000035,E08000035,3,65,6,30.0,0,-1,-1,-1,0,0,1,1,1,0,0,1,1,2,E01011273
9960,20161337B1764,2016,1337B1764,1,1,1,2,11,3,3,0,0,0,0,0,1,1,8,2016,1337B1764,432749.0,439977.0,-1.503611,53.854993,13,3,2,1,11/07/2016,2,08:40,204,E08000035,E08000035,6,0,6,30.0,3,4,6,0,0,0,1,1,1,0,0,1,2,2,E01011566
9961,20161337C0460,2016,1337C0460,1,1,1,2,51,8,3,0,0,0,0,0,9,1,1,2016,1337C0460,420645.0,446725.0,-1.687169,53.916263,13,3,1,2,25/06/2016,7,16:00,204,E08000035,E08000035,4,6451,6,40.0,0,-1,-1,-1,0,0,1,8,2,0,0,1,2,2,E01011584
9962,20161337C0460,2016,1337C0460,1,2,2,2,15,3,3,0,0,1,0,0,9,1,1,2016,1337C0460,420645.0,446725.0,-1.687169,53.916263,13,3,1,2,25/06/2016,7,16:00,204,E08000035,E08000035,4,6451,6,40.0,0,-1,-1,-1,0,0,1,8,2,0,0,1,2,2,E01011584
9963,20161337C1249,2016,1337C1249,2,1,1,1,44,7,3,0,0,0,0,0,1,-1,-1,2016,1337C1249,435165.0,438764.0,-1.467022,53.843934,13,3,2,1,12/07/2016,3,17:20,204,E08000035,E08000035,3,58,6,50.0,3,4,6,0,0,0,1,1,1,0,0,2,1,2,E01011714
9964,20161337D0249,2016,1337D0249,2,1,1,1,34,6,2,0,0,0,0,0,1,-1,-1,2016,1337D0249,423323.0,434982.0,-1.647286,53.810606,13,2,2,1,12/07/2016,3,18:15,204,E08000035,E08000035,6,0,6,30.0,3,4,6,0,0,0,1,1,1,0,0,1,2,2,E01011333
9965,20161337D0257,2016,1337D0257,2,1,1,2,26,6,3,0,0,0,0,0,1,1,5,2016,1337D0257,427705.0,432602.0,-1.580954,53.789,13,3,2,1,13/07/2016,4,07:39,204,E08000035,E08000035,6,0,6,30.0,3,4,6,0,0,0,1,1,1,0,0,1,2,2,E01011362
9966,20161337D0580,2016,1337D0580,1,1,1,1,48,8,3,0,0,0,0,0,8,-1,-1,2016,1337D0580,430894.0,436566.0,-1.532153,53.824449,13,3,2,3,13/07/2016,4,11:40,204,E08000035,E08000035,3,61,3,30.0,6,2,4,6149,0,5,1,1,1,1,0,1,1,2,E01011356
9967,20161337D0580,2016,1337D0580,2,2,1,1,35,6,3,0,0,0,0,0,9,-1,-1,2016,1337D0580,430894.0,436566.0,-1.532153,53.824449,13,3,2,3,13/07/2016,4,11:40,204,E08000035,E08000035,3,61,3,30.0,6,2,4,6149,0,5,1,1,1,1,0,1,1,2,E01011356
9968,20161337D0580,2016,1337D0580,2,3,2,2,18,4,3,0,0,1,0,0,9,-1,-1,2016,1337D0580,430894.0,436566.0,-1.532153,53.824449,13,3,2,3,13/07/2016,4,11:40,204,E08000035,E08000035,3,61,3,30.0,6,2,4,6149,0,5,1,1,1,1,0,1,1,2,E01011356
9969,20161337D0926,2016,1337D0926,1,1,3,1,77,11,3,5,1,0,0,0,0,-1,-1,2016,1337D0926,428759.0,430848.0,-1.565118,53.773179,13,3,1,1,13/07/2016,4,14:53,204,E08000035,E08000035,6,0,6,30.0,1,4,6,0,0,8,1,1,1,0,0,1,1,2,E01011315
9970,20161337D1294,2016,1337D1294,1,1,2,2,14,3,3,0,0,2,0,0,9,1,9,2016,1337D1294,426648.0,437199.0,-1.596601,53.830373,13,3,2,2,13/07/2016,4,17:45,204,E08000035,E08000035,3,660,1,30.0,1,4,6,0,0,0,1,1,1,0,0,1,2,2,E01011685
9971,20161337D1294,2016,1337D1294,1,2,1,2,56,9,3,0,0,0,0,0,9,1,9,2016,1337D1294,426648.0,437199.0,-1.596601,53.830373,13,3,2,2,13/07/2016,4,17:45,204,E08000035,E08000035,3,660,1,30.0,1,4,6,0,0,0,1,1,1,0,0,1,2,2,E01011685
9972,20161337D1428,2016,1337D1428,2,1,1,2,57,9,3,0,0,0,0,0,5,1,5,2016,1337D1428,428497.0,433110.0,-1.568885,53.793524,13,3,2,1,13/07/2016,4,18:50,204,E08000035,E08000035,3,58,1,40.0,1,4,6,0,0,0,1,1,1,0,0,1,2,2,E01011363
9973,20161337D1634,2016,1337D1634,1,1,1,1,74,10,3,0,0,0,0,0,9,1,8,2016,1337D1634,427998.0,433602.0,-1.576416,53.797973,13,3,1,2,13/07/2016,4,21:02,204,E08000035,E08000035,3,639,6,40.0,0,-1,-1,-1,0,4,1,1,1,0,0,1,1,2,E01011294
9974,20161337D1634,2016,1337D1634,1,2,2,2,77,11,3,0,0,1,0,0,9,1,8,2016,1337D1634,427998.0,433602.0,-1.576416,53.797973,13,3,1,2,13/07/2016,4,21:02,204,E08000035,E08000035,3,639,6,40.0,0,-1,-1,-1,0,4,1,1,1,0,0,1,1,2,E01011294
9975,20161337D1716,2016,1337D1716,2,1,1,1,39,7,3,0,0,0,0,0,5,-1,-1,2016,1337D1716,430956.0,434429.0,-1.531426,53.805239,13,3,2,1,13/07/2016,4,21:53,204,E08000035,E08000035,6,0,6,30.0,0,-1,-1,-1,0,0,4,1,1,0,0,1,1,2,E01033003
9976,20161337E0280,2016,1337E0280,1,1,1,1,39,7,3,0,0,0,0,0,5,1,9,2016,1337E0280,429138.0,435250.0,-1.558953,53.812722,13,3,2,1,14/07/2016,5,08:00,204,E08000035,E08000035,3,660,3,40.0,9,4,6,0,0,0,1,1,1,0,0,1,1,2,E01033005
9977,20161337E0310,2016,1337E0310,1,1,1,1,21,5,3,0,0,0,0,0,9,1,6,2016,1337E0310,425577.0,426912.0,-1.613723,53.737967,13,3,2,1,14/07/2016,5,08:25,204,E08000035,E08000035,3,650,6,40.0,0,-1,-1,-1,0,0,1,1,1,0,0,1,1,2,E01011534
9978,20161337E0392,2016,1337E0392,1,1,3,2,72,10,2,5,3,0,0,0,0,1,9,2016,1337E0392,430816.0,438823.0,-1.533113,53.844739,13,2,1,1,14/07/2016,5,09:35,204,E08000035,E08000035,6,0,6,30.0,3,4,6,0,0,0,1,1,1,0,0,1,1,2,E01011512
9979,20161337E0436,2016,1337E0436,1,1,1,2,65,9,3,0,0,0,0,0,9,1,2,2016,1337E0436,427300.0,433624.0,-1.587011,53.798207,13,2,1,2,14/07/2016,5,10:00,204,E08000035,E08000035,3,647,6,30.0,7,2,6,0,0,5,1,1,1,0,0,1,1,2,E01011293
9980,20161337E0436,2016,1337E0436,1,2,3,2,30,6,2,1,3,0,0,0,0,1,2,2016,1337E0436,427300.0,433624.0,-1.587011,53.798207,13,2,1,2,14/07/2016,5,10:00,204,E08000035,E08000035,3,647,6,30.0,7,2,6,0,0,5,1,1,1,0,0,1,1,2,E01011293
9981,20161337E0791,2016,1337E0791,2,1,1,1,51,8,3,0,0,0,0,0,3,1,1,2016,1337E0791,440913.0,433755.0,-1.380329,53.798495,13,3,2,1,14/07/2016,5,13:30,204,E08000035,E08000035,6,0,6,30.0,0,-1,-1,-1,0,0,1,1,1,0,0,1,1,2,E01011400
9982,20161337F0307,2016,1337F0307,1,1,1,2,44,7,2,0,0,0,0,0,9,1,8,2016,1337F0307,432776.0,440432.0,-1.503152,53.859081,13,2,1,1,15/07/2016,6,08:44,204,E08000035,E08000035,6,0,6,30.0,0,-1,-1,-1,0,0,1,1,1,0,0,1,1,2,E01011561
9983,20161337F0372,2016,1337F0372,2,1,1,2,95,11,2,0,0,0,0,0,9,1,9,2016,1337F0372,427121.0,439291.0,-1.58923,53.849151,13,2,2,1,15/07/2016,6,09:30,204,E08000035,E08000035,6,0,6,30.0,3,4,6,0,0,0,1,1,1,0,0,1,1,2,E01011386
9984,20161337F0643,2016,1337F0643,1,1,1,1,74,10,3,0,0,0,0,0,9,1,2,2016,1337F0643,424748.0,428788.0,-1.626141,53.754869,13,3,1,1,15/07/2016,6,12:15,204,E08000035,E08000035,3,62,6,40.0,3,4,6,0,0,0,1,1,1,0,7,1,1,2,E01011522
9985,20161337F1210,2016,1337F1210,1,1,1,1,13,3,3,0,0,0,0,0,1,1,3,2016,1337F1210,433985.0,435116.0,-1.485357,53.811225,13,3,2,1,15/07/2016,6,15:10,204,E08000035,E08000035,6,0,6,30.0,0,-1,-1,-1,0,0,1,1,1,0,0,1,2,2,E01011339
9986,20161337F1378,2016,1337F1378,2,1,1,1,17,4,3,0,0,0,0,0,9,1,7,2016,1337F1378,436097.0,435599.0,-1.453228,53.815424,13,3,3,2,15/07/2016,6,16:30,204,E08000035,E08000035,3,6120,3,40.0,1,4,3,64,0,0,1,1,1,0,0,1,2,2,E01011724
9987,20161337F1378,2016,1337F1378,2,2,2,1,17,4,3,0,0,1,0,0,9,1,10,2016,1337F1378,436097.0,435599.0,-1.453228,53.815424,13,3,3,2,15/07/2016,6,16:30,204,E08000035,E08000035,3,6120,3,40.0,1,4,3,64,0,0,1,1,1,0,0,1,2,2,E01011724
9988,20161337F1996,2016,1337F1996,1,1,3,1,63,9,2,10,9,0,0,0,0,1,1,2016,1337F1996,427884.0,430471.0,-1.578429,53.769838,13,2,1,1,15/07/2016,6,23:25,204,E08000035,E08000035,3,6110,3,40.0,0,-1,-1,-1,0,4,4,1,1,0,0,1,1,2,E01011317
9989,20161337G0113,2016,1337G0113,2,1,1,1,59,9,3,0,0,0,0,0,8,1,1,2016,1337G0113,422938.0,435923.0,-1.653063,53.81908,13,3,2,1,16/07/2016,7,00:55,204,E08000035,E08000035,6,0,6,30.0,0,-1,-1,-1,0,0,4,1,1,0,0,1,2,2,E01011327
9990,20161337G0543,2016,1337G0543,1,1,1,2,27,6,3,0,0,0,0,0,9,1,9,2016,1337G0543,428108.0,431150.0,-1.574969,53.775928,13,3,2,1,14/07/2016,5,09:15,204,E08000035,E08000035,3,643,6,40.0,0,-1,-1,-1,0,0,1,1,1,0,0,1,2,2,E01011369
9991,20161337G0757,2016,1337G0757,1,1,1,1,23,5,3,0,0,0,0,0,19,1,3,2016,1337G0757,433911.0,434094.0,-1.486593,53.802044,13,3,2,1,16/07/2016,7,10:15,204,E08000035,E08000035,3,64,3,40.0,3,2,3,63,0,0,1,1,1,4,0,1,2,2,E01011346
9992,20161337G0944,2016,1337G0944,1,1,2,2,22,5,3,0,0,1,0,0,19,1,2,2016,1337G0944,418045.0,444559.0,-1.726881,53.896892,13,3,2,1,16/07/2016,7,12:21,204,E08000035,E08000035,3,6038,6,40.0,0,-1,-1,-1,0,0,1,9,1,0,0,2,2,2,E01011573
9993,20161337G1431,2016,1337G1431,1,1,3,2,8,2,3,1,1,0,0,0,0,-1,-1,2016,1337G1431,431190.0,431851.0,-1.528133,53.782054,13,3,1,1,16/07/2016,7,18:15,204,E08000035,E08000035,6,0,3,30.0,0,-1,-1,-1,0,5,1,1,1,0,0,1,1,2,E01011467
9994,20161337G1440,2016,1337G1440,1,1,3,1,16,4,3,5,3,0,0,0,0,1,3,2016,1337G1440,426344.0,428465.0,-1.601963,53.751888,13,3,1,1,16/07/2016,7,18:15,204,E08000035,E08000035,6,0,6,30.0,3,4,3,643,0,0,1,1,1,0,0,1,1,2,E01011525
9995,20161337G1905,2016,1337G1905,1,1,1,1,32,6,3,0,0,0,0,0,9,1,4,2016,1337G1905,433535.0,434439.0,-1.492265,53.805169,13,3,3,1,16/07/2016,7,21:44,204,E08000035,E08000035,6,0,6,30.0,0,-1,-1,-1,0,0,1,1,1,0,0,1,2,2,E01011342
9996,20161337H0582,2016,1337H0582,1,1,3,1,21,5,2,5,1,0,0,0,0,1,3,2016,1337H0582,428911.0,429902.0,-1.562901,53.764668,13,2,1,1,17/07/2016,1,09:15,204,E08000035,E08000035,6,0,6,30.0,0,-1,-1,-1,0,0,1,1,1,0,0,1,1,2,E01011320
9997,20161337H0648,2016,1337H0648,2,1,2,1,19,4,3,0,0,1,0,0,9,1,6,2016,1337H0648,443576.0,438006.0,-1.3393,53.836485,13,3,2,1,17/07/2016,1,10:17,204,E08000035,E08000035,2,1,3,70.0,0,-1,-1,-1,0,0,1,1,1,0,0,2,1,1,E01011309
9998,20161337H0789,2016,1337H0789,1,1,1,1,27,6,2,0,0,0,0,0,1,1,1,2016,1337H0789,428912.0,431814.0,-1.562707,53.781853,13,2,2,1,17/07/2016,1,12:14,204,E08000035,E08000035,6,0,6,30.0,6,4,6,0,0,0,1,1,1,0,0,1,1,2,E01011368
9999,20161337H1008,2016,1337H1008,1,1,1,1,62,9,3,0,0,0,0,0,8,1,1,2016,1337H1008,430841.0,435054.0,-1.533109,53.810863,13,3,2,2,17/07/2016,1,14:21,204,E08000035,E08000035,3,58,6,30.0,0,-1,-1,-1,0,0,1,1,1,0,0,1,1,2,E01011361
10000,20161337H1008,2016,1337H1008,2,2,1,2,46,8,3,0,0,0,0,0,9,1,10,2016,1337H1008,430841.0,435054.0,-1.533109,53.810863,13,3,2,2,17/07/2016,1,14:21,204,E08000035,E08000035,3,58,6,30.0,0,-1,-1,-1,0,0,1,1,1,0,0,1,1,2,E01011361
10001,20161337H1010,2016,1337H1010,2,1,1,2,27,6,3,0,0,0,0,0,1,1,1,2016,1337H1010,430214.0,432919.0,-1.54284,53.79171,13,3,2,1,17/07/2016,1,14:18,204,E08000035,E08000035,6,0,6,30.0,3,4,6,0,0,0,1,1,1,0,0,1,1,2,E01033016
10002,20161337H1476,2016,1337H1476,2,1,2,1,10,2,3,0,0,1,0,0,9,1,4,2016,1337H1476,429103.0,426407.0,-1.560316,53.733244,13,3,2,1,17/07/2016,1,17:55,204,E08000035,E08000035,1,62,3,70.0,0,-1,-1,-1,0,0,1,1,1,0,0,2,1,1,E01011538
10003,20161337H2053,2016,1337H2053,1,1,3,1,54,8,3,10,9,0,0,0,0,1,1,2016,1337H2053,431485.0,435119.0,-1.523323,53.811409,13,3,1,1,17/07/2016,1,22:10,204,E08000035,E08000035,3,58,6,30.0,0,-1,-1,-1,0,4,7,9,1,0,0,1,2,2,E01011673
10004,20161337I0341,2016,1337I0341,2,1,1,2,30,6,3,0,0,0,0,0,1,1,3,2016,1337I0341,429684.0,432711.0,-1.550905,53.789871,13,3,2,1,18/07/2016,2,08:45,204,E08000035,E08000035,6,0,3,30.0,3,4,6,0,0,0,1,1,1,0,0,1,1,2,E01033032
10005,20161337I0717,2016,1337I0717,1,1,1,1,30,6,3,0,0,0,0,0,9,1,8,2016,1337I0717,435643.0,437442.0,-1.45991,53.832019,13,3,2,3,18/07/2016,2,12:35,204,E08000035,E08000035,6,0,6,30.0,3,4,6,0,0,0,1,1,1,0,0,1,1,2,E01011720
10006,20161337I0717,2016,1337I0717,2,2,1,2,26,6,3,0,0,0,0,0,9,3,7,2016,1337I0717,435643.0,437442.0,-1.45991,53.832019,13,3,2,3,18/07/2016,2,12:35,204,E08000035,E08000035,6,0,6,30.0,3,4,6,0,0,0,1,1,1,0,0,1,1,2,E01011720
10007,20161337I0717,2016,1337I0717,2,3,2,2,43,7,3,0,0,1,0,0,9,1,10,2016,1337I0717,435643.0,437442.0,-1.45991,53.832019,13,3,2,3,18/07/2016,2,12:35,204,E08000035,E08000035,6,0,6,30.0,3,4,6,0,0,0,1,1,1,0,0,1,1,2,E01011720
10008,20161337I0734,2016,1337I0734,1,1,2,2,86,11,3,0,0,0,3,0,11,1,8,2016,1337I0734,430729.0,433498.0,-1.534965,53.796884,13,3,1,1,18/07/2016,2,11:05,204,E08000035,E08000035,3,61,9,20.0,0,-1,-1,-1,0,0,1,1,1,0,0,1,2,2,E01033011
10009,20161337I0750,2016,1337I0750,2,1,2,1,20,4,3,0,0,2,0,0,21,3,7,2016,1337I0750,437289.0,425739.0,-1.436312,53.726721,13,3,2,1,18/07/2016,2,12:50,204,E08000035,E08000035,1,62,3,70.0,0,-1,-1,-1,0,0,1,1,1,0,0,2,1,1,E01011636
10010,20161337I0790,2016,1337I0790,1,1,2,2,87,11,3,0,0,0,2,0,11,1,5,2016,1337I0790,430371.0,433422.0,-1.540407,53.796222,13,3,1,1,18/07/2016,2,09:30,204,E08000035,E08000035,6,0,2,30.0,0,-1,-1,-1,0,0,1,1,1,0,0,1,2,2,E01033011
10011,20161337I0812,2016,1337I0812,2,1,1,1,19,4,3,0,0,0,0,0,9,1,1,2016,1337I0812,431347.0,430155.0,-1.525922,53.766801,13,3,2,1,18/07/2016,2,13:00,204,E08000035,E08000035,6,0,6,30.0,0,-1,-1,-1,0,0,1,9,1,0,0,1,2,2,E01011472
10012,20161337I1115,2016,1337I1115,2,1,1,1,31,6,3,0,0,0,0,0,9,1,4,2016,1337I1115,436095.0,425920.0,-1.454387,53.728431,13,3,2,1,18/07/2016,2,15:52,204,E08000035,E08000035,1,62,3,70.0,0,-1,-1,-1,0,0,1,1,1,0,0,2,1,1,E01011636
10013,20161337I1278,2016,1337I1278,1,1,1,1,9,2,3,0,0,0,0,0,1,1,4,2016,1337I1278,420518.0,433922.0,-1.689955,53.801196,13,3,2,1,18/07/2016,2,16:50,204,E08000035,E08000035,6,0,6,30.0,0,-1,-1,-1,0,0,1,1,1,0,0,1,1,2,E01011597
10014,20161337I1355,2016,1337I1355,1,1,3,2,13,3,3,5,9,0,0,0,0,-1,-1,2016,1337I1355,429414.0,435419.0,-1.554745,53.814226,13,3,1,1,18/07/2016,2,17:36,204,E08000035,E08000035,6,0,6,30.0,0,-1,-1,-1,0,0,1,9,1,0,0,1,1,2,E01011668
10015,20161337I1719,2016,1337I1719,1,1,1,1,28,6,2,0,0,0,0,0,4,1,3,2016,1337I1719,445252.0,427977.0,-1.315303,53.746207,13,2,2,2,18/07/2016,2,20:00,204,E08000035,E08000035,6,0,6,60.0,0,-1,-1,-1,0,0,1,1,1,0,0,2,1,2,E01011299
10016,20161337I1719,2016,1337I1719,1,2,2,1,21,5,3,0,0,0,0,0,4,1,1,2016,1337I1719,445252.0,427977.0,-1.315303,53.746207,13,2,2,2,18/07/2016,2,20:00,204,E08000035,E08000035,6,0,6,60.0,0,-1,-1,-1,0,0,1,1,1,0,0,2,1,2,E01011299
10017,20161337I1756,2016,1337I1756,1,1,2,2,19,4,3,0,0,1,0,0,9,1,7,2016,1337I1756,425184.0,434351.0,-1.619076,53.804848,13,3,2,1,18/07/2016,2,20:28,204,E08000035,E08000035,3,647,3,40.0,3,2,3,647,0,0,7,9,1,0,0,1,1,2,E01032606
10018,20161337J0363,2016,1337J0363,2,1,1,2,22,5,3,0,0,0,0,0,9,1,1,2016,1337J0363,424193.0,434801.0,-1.634088,53.808939,13,3,2,1,19/07/2016,3,08:30,204,E08000035,E08000035,6,0,6,30.0,0,-1,-1,-1,0,0,1,9,1,0,0,1,1,2,E01011331
10019,20161337J0373,2016,1337J0373,1,1,2,2,26,6,3,0,0,0,4,0,11,1,5,2016,1337J0373,429513.0,434863.0,-1.553295,53.809223,13,3,2,2,19/07/2016,3,07:20,204,E08000035,E08000035,3,660,6,30.0,0,-1,-1,-1,0,4,1,1,1,0,0,1,2,2,E01033006
10020,20161337J0373,2016,1337J0373,1,2,2,2,2,1,3,0,0,0,4,0,11,1,5,2016,1337J0373,429513.0,434863.0,-1.553295,53.809223,13,3,2,2,19/07/2016,3,07:20,204,E08000035,E08000035,3,660,6,30.0,0,-1,-1,-1,0,4,1,1,1,0,0,1,2,2,E01033006
10021,20161337J0445,2016,1337J0445,2,1,2,2,28,6,3,0,0,2,0,0,8,1,1,2016,1337J0445,429867.0,434398.0,-1.547964,53.805023,13,3,3,1,19/07/2016,3,09:20,204,E08000035,E08000035,3,58,3,50.0,9,4,3,58,0,0,1,1,1,0,0,1,1,2,E01033008