,accident_index,accident_year_x,accident_reference_x,vehicle_reference,casualty_reference,casualty_class,sex_of_casualty,age_of_casualty,age_band_of_casualty,casualty_severity,pedestrian_location,pedestrian_movement,car_passenger,bus_or_coach_passenger,pedestrian_road_maintenance_worker,casualty_type,casualty_home_area_type,casualty_imd_decile,accident_year_y,accident_reference_y,location_easting_osgr,location_northing_osgr,longitude,latitude,police_force,accident_severity,number_of_vehicles,number_of_casualties,date,day_of_week,time,local_authority_district,local_authority_ons_district,local_authority_highway,first_road_class,first_road_number,road_type,speed_limit,junction_detail,junction_control,second_road_class,second_road_number,pedestrian_crossing_human_control,pedestrian_crossing_physical_facilities,light_conditions,weather_conditions,road_surface_conditions,special_conditions_at_site,carriageway_hazards,urban_or_rural_area,did_police_officer_attend_scene_of_accident,trunk_road_flag,lsoa_of_accident_location
10022,20161337J0552,2016,1337J0552,1,1,3,1,48,8,3,6,9,0,0,0,0,1,9,2016,1337J0552,429576.0,434758.0,-1.552348,53.808276,13,3,1,1,14/07/2016,5,09:10,204,E08000035,E08000035,3,660,6,30.0,0,-1,-1,-1,0,0,1,1,1,0,0,1,1,2,E01033006
10023,20161337J0850,2016,1337J0850,1,1,1,1,42,7,3,0,0,0,0,0,9,1,8,2016,1337J0850,430797.0,436691.0,-1.533614,53.825578,13,3,2,1,19/07/2016,3,13:00,204,E08000035,E08000035,6,0,6,30.0,0,-1,-1,-1,0,0,1,1,1,0,0,1,2,2,E01011352
10024,20161337J1504,2016,1337J1504,1,1,1,2,52,8,3,0,0,0,0,0,9,1,10,2016,1337J1504,431922.0,436777.0,-1.516515,53.826284,13,3,2,1,02/08/2016,3,17:50,204,E08000035,E08000035,6,0,1,30.0,1,4,6,0,0,0,1,9,1,0,0,1,2,2,E01011645
10025,20161337J1550,2016,1337J1550,2,1,1,2,22,5,3,0,0,0,0,0,9,1,1,2016,1337J1550,434551.0,436870.0,-1.476566,53.826952,13,3,3,2,19/07/2016,3,18:09,204,E08000035,E08000035,6,0,6,30.0,3,4,6,0,0,0,1,1,1,0,0,1,1,2,E01011656
10026,20161337J1550,2016,1337J1550,2,2,2,2,22,5,3,0,0,1,0,0,9,1,1,2016,1337J1550,434551.0,436870.0,-1.476566,53.826952,13,3,3,2,19/07/2016,3,18:09,204,E08000035,E08000035,6,0,6,30.0,3,4,6,0,0,0,1,1,1,0,0,1,1,2,E01011656
10027,20161337J2096,2016,1337J2096,1,1,1,1,34,6,3,0,0,0,0,0,8,1,1,2016,1337J2096,429586.0,432073.0,-1.552454,53.784143,13,3,2,6,19/07/2016,3,22:15,204,E08000035,E08000035,1,621,3,50.0,5,4,6,0,0,0,4,1,1,4,0,1,1,1,E01011364
10028,20161337J2096,2016,1337J2096,1,2,2,1,38,7,3,0,0,1,0,0,8,1,7,2016,1337J2096,429586.0,432073.0,-1.552454,53.784143,13,3,2,6,19/07/2016,3,22:15,204,E08000035,E08000035,1,621,3,50.0,5,4,6,0,0,0,4,1,1,4,0,1,1,1,E01011364
10029,20161337J2096,2016,1337J2096,2,3,1,2,22,5,3,0,0,0,0,0,9,1,1,2016,1337J2096,429586.0,432073.0,-1.552454,53.784143,13,3,2,6,19/07/2016,3,22:15,204,E08000035,E08000035,1,621,3,50.0,5,4,6,0,0,0,4,1,1,4,0,1,1,1,E01011364
10030,20161337J2096,2016,1337J2096,2,4,2,2,23,5,3,0,0,1,0,0,9,-1,-1,2016,1337J2096,429586.0,432073.0,-1.552454,53.784143,13,3,2,6,19/07/2016,3,22:15,204,E08000035,E08000035,1,621,3,50.0,5,4,6,0,0,0,4,1,1,4,0,1,1,1,E01011364
10031,20161337J2096,2016,1337J2096,2,5,2,2,22,5,3,0,0,2,0,0,9,1,1,2016,1337J2096,429586.0,432073.0,-1.552454,53.784143,13,3,2,6,19/07/2016,3,22:15,204,E08000035,E08000035,1,621,3,50.0,5,4,6,0,0,0,4,1,1,4,0,1,1,1,E01011364
10032,20161337J2096,2016,1337J2096,2,6,2,2,24,5,3,0,0,2,0,0,9,1,4,2016,1337J2096,429586.0,432073.0,-1.552454,53.784143,13,3,2,6,19/07/2016,3,22:15,204,E08000035,E08000035,1,621,3,50.0,5,4,6,0,0,0,4,1,1,4,0,1,1,1,E01011364
10033,20161337K0356,2016,1337K0356,2,1,1,1,37,7,3,0,0,0,0,0,1,1,9,2016,1337K0356,422737.0,437815.0,-1.655977,53.836094,13,3,2,1,20/07/2016,4,07:47,204,E08000035,E08000035,6,0,6,40.0,0,-1,-1,-1,0,0,1,1,1,0,0,1,1,2,E01011452
10034,20161337K0371,2016,1337K0371,2,1,1,1,25,5,3,0,0,0,0,0,1,1,5,2016,1337K0371,428717.0,435614.0,-1.565313,53.816017,13,3,2,1,20/07/2016,4,08:03,204,E08000035,E08000035,3,660,6,30.0,3,4,6,0,0,0,1,1,1,0,0,1,1,2,E01032946
10035,20161337K0447,2016,1337K0447,2,1,1,1,25,5,2,0,0,0,0,0,1,-1,-1,2016,1337K0447,428906.0,435515.0,-1.562452,53.815117,13,2,2,1,20/07/2016,4,09:00,204,E08000035,E08000035,3,660,6,30.0,3,4,6,0,0,0,1,1,1,0,0,1,1,2,E01011443
10036,20161337K0846,2016,1337K0846,2,1,2,1,85,11,2,0,0,0,4,0,11,1,8,2016,1337K0846,432064.0,431134.0,-1.514943,53.775557,13,2,2,1,20/07/2016,4,12:45,204,E08000035,E08000035,3,639,6,30.0,3,2,4,6481,0,5,1,1,1,0,0,1,2,2,E01011468
10037,20161337K1091,2016,1337K1091,2,1,1,1,14,3,3,0,0,0,0,0,1,1,6,2016,1337K1091,435022.0,427788.0,-1.470439,53.745294,13,3,2,1,20/07/2016,4,14:50,204,E08000035,E08000035,6,0,6,30.0,3,4,6,0,0,0,1,1,1,0,0,1,1,2,E01011636
10038,20161337K1113,2016,1337K1113,1,1,1,2,38,7,3,0,0,0,0,0,9,-1,-1,2016,1337K1113,432479.0,436554.0,-1.508077,53.824245,13,3,2,1,20/07/2016,4,15:00,204,E08000035,E08000035,3,58,6,30.0,0,-1,-1,-1,0,0,1,1,1,0,0,1,1,2,E01011645
10039,20161337K1616,2016,1337K1616,1,1,2,2,42,7,3,0,0,0,4,0,11,1,2,2016,1337K1616,429056.0,433503.0,-1.560363,53.797025,13,3,1,1,20/07/2016,4,17:50,204,E08000035,E08000035,3,58,3,30.0,3,2,6,0,0,0,1,1,1,0,0,1,2,2,E01033015
10040,20161337K1727,2016,1337K1727,2,1,1,1,41,7,3,0,0,0,0,0,9,1,2,2016,1337K1727,424816.0,434991.0,-1.624613,53.810618,13,3,2,1,20/07/2016,4,18:45,204,E08000035,E08000035,6,0,6,30.0,0,-1,-1,-1,0,0,1,1,1,0,0,1,2,2,E01011282
10041,20161337L0094,2016,1337L0094,1,1,2,1,26,6,2,0,0,1,0,0,9,-1,-1,2016,1337L0094,430272.0,427666.0,-1.542473,53.744494,13,2,2,1,21/07/2016,5,01:21,204,E08000035,E08000035,6,0,6,30.0,0,-1,-1,-1,0,0,4,1,1,0,0,1,1,2,E01011494
10042,20161337L0346,2016,1337L0346,1,1,2,1,6,2,3,0,0,2,0,0,9,-1,-1,2016,1337L0346,436586.0,436187.0,-1.445731,53.820675,13,3,2,1,21/07/2016,5,08:19,204,E08000035,E08000035,6,0,6,30.0,0,-1,-1,-1,0,0,1,1,1,0,0,1,1,2,E01011723
10043,20161337L0562,2016,1337L0562,1,1,3,1,33,6,3,10,9,0,0,0,0,1,3,2016,1337L0562,433671.0,432294.0,-1.490433,53.785882,13,3,1,1,21/07/2016,5,10:44,204,E08000035,E08000035,6,0,9,30.0,0,-1,-1,-1,0,0,1,1,1,0,0,2,1,2,E01011621
10044,20161337L0747,2016,1337L0747,1,1,1,2,29,6,3,0,0,0,0,0,9,-1,-1,2016,1337L0747,439410.0,446133.0,-1.401562,53.909859,13,3,1,1,21/07/2016,5,12:25,204,E08000035,E08000035,3,58,6,30.0,0,-1,-1,-1,0,0,1,1,1,5,2,2,1,2,E01011706
10045,20161337L0904,2016,1337L0904,1,1,1,2,37,7,3,0,0,0,0,0,9,-1,-1,2016,1337L0904,440511.0,448481.0,-1.384492,53.930877,13,3,1,1,21/07/2016,5,13:44,204,E08000035,E08000035,4,6164,6,30.0,0,-1,-1,-1,0,0,1,1,1,0,0,1,1,2,E01011704
10046,20161337L0956,2016,1337L0956,2,1,1,1,19,4,3,0,0,0,0,0,9,2,8,2016,1337L0956,430689.0,432976.0,-1.535624,53.792195,13,3,2,1,21/07/2016,5,14:05,204,E08000035,E08000035,3,653,2,30.0,0,-1,-1,-1,0,0,1,1,1,4,0,1,1,2,E01033018
10047,20161337L1042,2016,1337L1042,1,3,2,1,3,1,3,0,0,1,0,0,19,-1,-1,2016,1337L1042,422298.0,440478.0,-1.662455,53.860048,13,3,2,3,21/07/2016,5,15:20,204,E08000035,E08000035,5,0,6,40.0,3,4,6,0,0,0,1,1,1,0,0,2,1,2,E01011580
10048,20161337L1042,2016,1337L1042,2,1,1,2,31,6,3,0,0,0,0,0,9,-1,-1,2016,1337L1042,422298.0,440478.0,-1.662455,53.860048,13,3,2,3,21/07/2016,5,15:20,204,E08000035,E08000035,5,0,6,40.0,3,4,6,0,0,0,1,1,1,0,0,2,1,2,E01011580
10049,20161337L1042,2016,1337L1042,2,2,2,1,30,6,3,0,0,1,0,0,9,-1,-1,2016,1337L1042,422298.0,440478.0,-1.662455,53.860048,13,3,2,3,21/07/2016,5,15:20,204,E08000035,E08000035,5,0,6,40.0,3,4,6,0,0,0,1,1,1,0,0,2,1,2,E01011580
10050,20161337L1135,2016,1337L1135,1,1,3,1,13,3,2,5,1,0,0,0,0,1,5,2016,1337L1135,425828.0,438092.0,-1.608985,53.83844,13,2,1,1,21/07/2016,5,15:20,204,E08000035,E08000035,3,6120,6,40.0,3,4,6,0,0,0,1,1,1,0,0,1,1,2,E01011684
10051,20161337L1553,2016,1337L1553,3,1,1,2,21,5,3,0,0,0,0,0,1,-1,-1,2016,1337L1553,427991.0,436016.0,-1.576303,53.81967,13,3,3,1,21/07/2016,5,18:56,204,E08000035,E08000035,3,660,6,30.0,3,4,6,0,0,4,1,1,1,0,0,1,1,2,E01011440
10052,20161337L1614,2016,1337L1614,1,1,1,1,72,10,3,0,0,0,0,0,9,1,8,2016,1337L1614,421040.0,444980.0,-1.681275,53.900564,13,3,1,1,21/07/2016,5,19:24,204,E08000035,E08000035,3,660,1,60.0,1,4,6,0,0,0,1,1,1,0,0,2,1,2,E01011569
10053,20161337L1626,2016,1337L1626,2,1,1,1,37,7,3,0,0,0,0,0,9,1,3,2016,1337L1626,430190.0,432168.0,-1.543278,53.784962,13,3,2,2,21/07/2016,5,19:10,204,E08000035,E08000035,6,0,6,30.0,0,-1,-1,-1,0,0,1,1,1,0,0,1,2,2,E01033016
10054,20161337L1626,2016,1337L1626,2,2,2,2,26,6,3,0,0,1,0,0,9,1,3,2016,1337L1626,430190.0,432168.0,-1.543278,53.784962,13,3,2,2,21/07/2016,5,19:10,204,E08000035,E08000035,6,0,6,30.0,0,-1,-1,-1,0,0,1,1,1,0,0,1,2,2,E01033016
10055,20161337M0362,2016,1337M0362,2,1,1,1,49,8,2,0,0,0,0,0,1,1,10,2016,1337M0362,419578.0,446223.0,-1.703446,53.911793,13,2,2,1,22/07/2016,6,08:07,204,E08000035,E08000035,6,0,6,30.0,3,4,6,0,0,0,1,1,1,0,0,1,1,2,E01011581
10056,20161337M1214,2016,1337M1214,2,1,1,1,24,5,3,0,0,0,0,0,1,1,3,2016,1337M1214,431297.0,429059.0,-1.526791,53.756953,13,3,2,1,22/07/2016,6,16:05,204,E08000035,E08000035,6,0,3,30.0,3,4,6,0,0,0,1,1,1,0,0,1,1,2,E01011475
10057,20161337M1470,2016,1337M1470,2,1,1,1,26,6,3,0,0,0,0,0,3,1,2,2016,1337M1470,430046.0,432671.0,-1.545414,53.789491,13,3,2,1,22/07/2016,6,18:12,204,E08000035,E08000035,3,653,3,30.0,3,4,3,653,0,0,1,1,1,0,0,1,1,2,E01033032
10058,20161337N0042,2016,1337N0042,1,1,1,1,24,5,3,0,0,0,0,0,9,1,1,2016,1337N0042,420665.0,434351.0,-1.687694,53.805046,13,3,3,3,23/07/2016,7,00:14,204,E08000035,E08000035,3,647,3,40.0,0,-1,-1,-1,0,0,4,1,1,0,0,1,1,2,E01011595
10059,20161337N0042,2016,1337N0042,1,2,2,1,25,5,3,0,0,1,0,0,9,1,1,2016,1337N0042,420665.0,434351.0,-1.687694,53.805046,13,3,3,3,23/07/2016,7,00:14,204,E08000035,E08000035,3,647,3,40.0,0,-1,-1,-1,0,0,4,1,1,0,0,1,1,2,E01011595
10060,20161337N0042,2016,1337N0042,1,3,2,1,29,6,3,0,0,2,0,0,9,1,1,2016,1337N0042,420665.0,434351.0,-1.687694,53.805046,13,3,3,3,23/07/2016,7,00:14,204,E08000035,E08000035,3,647,3,40.0,0,-1,-1,-1,0,0,4,1,1,0,0,1,1,2,E01011595
10061,20161337N0626,2016,1337N0626,1,1,2,1,57,9,3,0,0,2,0,0,8,1,2,2016,1337N0626,426100.0,437038.0,-1.60494,53.828953,13,3,1,1,23/07/2016,7,00:50,204,E08000035,E08000035,6,0,6,30.0,0,-1,-1,-1,0,0,4,1,1,0,0,1,2,2,E01011485
10062,20161337N1563,2016,1337N1563,1,1,1,1,31,6,3,0,0,0,0,0,1,1,1,2016,1337N1563,431985.0,435541.0,-1.515686,53.815171,13,3,2,1,23/07/2016,7,18:20,204,E08000035,E08000035,6,0,6,20.0,6,4,6,0,0,0,1,1,1,0,0,1,1,2,E01011428
10063,20161337N1854,2016,1337N1854,2,1,1,1,20,4,3,0,0,0,0,0,3,1,5,2016,1337N1854,428727.0,431524.0,-1.565541,53.779256,13,3,2,1,23/07/2016,7,13:00,204,E08000035,E08000035,6,0,6,30.0,9,4,6,0,0,0,1,1,1,0,0,1,2,2,E01011366
10064,20161337N1916,2016,1337N1916,2,1,1,1,15,3,3,0,0,0,0,0,1,1,1,2016,1337N1916,420055.0,435412.0,-1.696888,53.814606,13,3,2,1,23/07/2016,7,20:05,204,E08000035,E08000035,6,0,6,30.0,3,4,6,0,0,0,1,1,1,0,0,2,2,2,E01011590
10065,20161337O0142,2016,1337O0142,1,1,1,1,87,11,3,0,0,0,0,0,9,-1,-1,2016,1337O0142,442979.0,431640.0,-1.349259,53.77932,13,3,1,1,24/07/2016,1,01:00,204,E08000035,E08000035,3,656,1,60.0,1,4,3,63,0,0,4,1,1,0,0,2,1,2,E01011404
10066,20161337O0620,2016,1337O0620,1,1,2,2,74,10,3,0,0,1,0,0,9,-1,-1,2016,1337O0620,430680.0,432578.0,-1.5358,53.788618,13,3,2,1,23/07/2016,7,19:00,204,E08000035,E08000035,3,653,6,30.0,3,4,6,0,0,0,1,1,1,0,0,1,2,2,E01033018
10067,20161337O0753,2016,1337O0753,2,1,1,1,14,3,3,0,0,0,0,0,1,-1,-1,2016,1337O0753,429853.0,431858.0,-1.548422,53.782195,13,3,2,1,24/07/2016,1,11:23,204,E08000035,E08000035,6,0,6,30.0,0,-1,-1,-1,0,0,1,1,1,0,0,1,1,2,E01011364
10068,20161337O1315,2016,1337O1315,1,1,3,1,25,5,2,5,1,0,0,0,0,3,8,2016,1337O1315,430296.0,433400.0,-1.541548,53.796029,13,2,1,1,24/07/2016,1,04:00,204,E08000035,E08000035,6,0,3,30.0,0,-1,-1,-1,0,0,4,1,1,0,0,1,2,2,E01033010
10069,20161337O1422,2016,1337O1422,1,1,1,1,34,6,3,0,0,0,0,0,9,3,9,2016,1337O1422,435881.0,436334.0,-1.456423,53.822045,13,3,2,3,24/07/2016,1,13:30,204,E08000035,E08000035,3,6120,3,60.0,0,-1,-1,-1,0,0,1,1,1,0,0,1,2,2,E01011661
10070,20161337O1422,2016,1337O1422,1,2,2,1,9,2,3,0,0,2,0,0,9,1,1,2016,1337O1422,435881.0,436334.0,-1.456423,53.822045,13,3,2,3,24/07/2016,1,13:30,204,E08000035,E08000035,3,6120,3,60.0,0,-1,-1,-1,0,0,1,1,1,0,0,1,2,2,E01011661
10071,20161337O1422,2016,1337O1422,1,3,2,2,7,2,3,0,0,2,0,0,9,1,1,2016,1337O1422,435881.0,436334.0,-1.456423,53.822045,13,3,2,3,24/07/2016,1,13:30,204,E08000035,E08000035,3,6120,3,60.0,0,-1,-1,-1,0,0,1,1,1,0,0,1,2,2,E01011661
10072,20161337P0341,2016,1337P0341,2,1,1,1,13,3,3,0,0,0,0,0,1,1,5,2016,1337P0341,426656.0,432018.0,-1.596926,53.783806,13,3,2,1,25/07/2016,2,08:00,204,E08000035,E08000035,6,0,6,30.0,3,4,6,0,0,0,1,1,1,0,0,1,1,2,E01011736
10073,20161337P0744,2016,1337P0744,2,1,1,2,53,8,3,0,0,0,0,0,9,1,10,2016,1337P0744,421278.0,434457.0,-1.678379,53.805974,13,3,3,1,25/07/2016,2,13:18,204,E08000035,E08000035,4,6157,6,30.0,3,4,6,0,0,1,1,1,1,0,0,1,1,2,E01011587
10074,20161337P0949,2016,1337P0949,1,1,1,1,75,10,2,0,0,0,0,0,9,1,4,2016,1337P0949,430007.0,427028.0,-1.546553,53.738775,13,2,2,3,25/07/2016,2,14:20,204,E08000035,E08000035,3,654,6,30.0,0,-1,-1,-1,0,0,1,1,1,0,0,1,1,2,E01032495
10075,20161337P0949,2016,1337P0949,1,2,2,2,70,10,2,0,0,2,0,0,9,1,4,2016,1337P0949,430007.0,427028.0,-1.546553,53.738775,13,2,2,3,25/07/2016,2,14:20,204,E08000035,E08000035,3,654,6,30.0,0,-1,-1,-1,0,0,1,1,1,0,0,1,1,2,E01032495
10076,20161337P0949,2016,1337P0949,1,3,2,2,5,1,3,0,0,1,0,0,9,-1,-1,2016,1337P0949,430007.0,427028.0,-1.546553,53.738775,13,2,2,3,25/07/2016,2,14:20,204,E08000035,E08000035,3,654,6,30.0,0,-1,-1,-1,0,0,1,1,1,0,0,1,1,2,E01032495
10077,20161337P0967,2016,1337P0967,2,1,1,2,11,3,3,0,0,0,0,0,1,-1,-1,2016,1337P0967,421292.0,440468.0,-1.677752,53.86,13,3,2,1,25/07/2016,2,14:34,204,E08000035,E08000035,6,0,6,30.0,0,-1,-1,-1,0,4,1,1,1,0,0,1,1,2,E01011276
10078,20161337P1061,2016,1337P1061,1,1,3,1,80,11,3,5,9,0,0,0,0,1,10,2016,1337P1061,430359.0,437050.0,-1.540233,53.828831,13,3,1,1,25/07/2016,2,15:00,204,E08000035,E08000035,6,0,6,30.0,0,-1,-1,-1,0,0,1,1,1,0,0,1,1,2,E01011352
10079,20161337P1155,2016,1337P1155,1,1,1,1,45,7,3,0,0,0,0,0,8,1,1,2016,1337P1155,422521.0,441543.0,-1.658987,53.869611,13,3,1,1,25/07/2016,2,15:56,204,E08000035,E08000035,6,0,2,20.0,0,-1,-1,-1,0,0,1,1,1,0,0,1,1,2,E01032503
10080,20161337P1299,2016,1337P1299,1,1,1,2,40,7,3,0,0,0,0,0,9,1,9,2016,1337P1299,425880.0,426577.0,-1.609157,53.734941,13,3,3,2,25/07/2016,2,17:12,204,E08000035,E08000035,6,0,6,30.0,0,-1,-1,-1,0,0,1,1,1,0,0,1,1,2,E01011546
10081,20161337P1299,2016,1337P1299,2,2,1,2,22,5,3,0,0,0,0,0,9,1,10,2016,1337P1299,425880.0,426577.0,-1.609157,53.734941,13,3,3,2,25/07/2016,2,17:12,204,E08000035,E08000035,6,0,6,30.0,0,-1,-1,-1,0,0,1,1,1,0,0,1,1,2,E01011546
10082,20161337P1354,2016,1337P1354,2,1,1,2,32,6,3,0,0,0,0,0,9,1,9,2016,1337P1354,435900.0,436430.0,-1.456123,53.822906,13,3,2,1,25/07/2016,2,16:55,204,E08000035,E08000035,3,64,3,40.0,1,4,3,6120,0,0,1,1,1,0,0,1,2,2,E01011720
10083,20161337P1415,2016,1337P1415,1,1,3,1,20,4,3,5,1,0,0,0,0,1,5,2016,1337P1415,431175.0,431868.0,-1.528359,53.782208,13,3,1,1,25/07/2016,2,16:45,204,E08000035,E08000035,3,639,3,40.0,9,4,6,0,0,0,1,1,1,0,0,1,2,2,E01011467
10084,20161337P1776,2016,1337P1776,1,1,1,2,45,7,3,0,0,0,0,0,9,1,1,2016,1337P1776,434142.0,433900.0,-1.483108,53.800285,13,3,3,1,25/07/2016,2,21:09,204,E08000035,E08000035,4,6159,3,40.0,9,2,6,0,0,0,4,1,1,0,0,1,1,2,E01011341
10085,20161337Q0592,2016,1337Q0592,2,1,1,1,39,7,3,0,0,0,0,0,19,1,1,2016,1337Q0592,431445.0,435823.0,-1.523859,53.817738,13,3,2,1,26/07/2016,3,11:13,204,E08000035,E08000035,6,0,6,30.0,3,4,6,0,0,0,1,1,1,0,0,1,1,2,E01011359
10086,20161337Q1453,2016,1337Q1453,1,1,1,1,32,6,3,0,0,0,0,0,9,1,3,2016,1337Q1453,434693.0,428333.0,-1.475366,53.750214,13,3,4,5,26/07/2016,3,18:45,204,E08000035,E08000035,6,0,6,30.0,2,4,6,0,0,0,1,1,1,0,0,1,2,2,E01011627
10087,20161337Q1453,2016,1337Q1453,2,2,1,1,22,5,3,0,0,0,0,0,9,1,7,2016,1337Q1453,434693.0,428333.0,-1.475366,53.750214,13,3,4,5,26/07/2016,3,18:45,204,E08000035,E08000035,6,0,6,30.0,2,4,6,0,0,0,1,1,1,0,0,1,2,2,E01011627
10088,20161337Q1453,2016,1337Q1453,2,3,2,2,25,5,3,0,0,1,0,0,9,3,7,2016,1337Q1453,434693.0,428333.0,-1.475366,53.750214,13,3,4,5,26/07/2016,3,18:45,204,E08000035,E08000035,6,0,6,30.0,2,4,6,0,0,0,1,1,1,0,0,1,2,2,E01011627
10089,20161337Q1453,2016,1337Q1453,2,4,2,2,5,1,3,0,0,2,0,0,9,3,7,2016,1337Q1453,434693.0,428333.0,-1.475366,53.750214,13,3,4,5,26/07/2016,3,18:45,204,E08000035,E08000035,6,0,6,30.0,2,4,6,0,0,0,1,1,1,0,0,1,2,2,E01011627
10090,20161337Q1453,2016,1337Q1453,2,5,2,1,2,1,3,0,0,2,0,0,9,3,7,2016,1337Q1453,434693.0,428333.0,-1.475366,53.750214,13,3,4,5,26/07/2016,3,18:45,204,E08000035,E08000035,6,0,6,30.0,2,4,6,0,0,0,1,1,1,0,0,1,2,2,E01011627
10091,20161337Q1662,2016,1337Q1662,1,1,1,2,22,5,3,0,0,0,0,0,9,1,10,2016,1337Q1662,431507.0,435134.0,-1.522987,53.811542,13,3,2,2,26/07/2016,3,20:25,204,E08000035,E08000035,3,58,3,30.0,3,4,6,0,0,0,1,1,1,0,0,1,1,2,E01011673
10092,20161337Q1662,2016,1337Q1662,2,2,1,1,50,8,3,0,0,0,0,0,9,1,1,2016,1337Q1662,431507.0,435134.0,-1.522987,53.811542,13,3,2,2,26/07/2016,3,20:25,204,E08000035,E08000035,3,58,3,30.0,3,4,6,0,0,0,1,1,1,0,0,1,1,2,E01011673
10093,20161337Q1692,2016,1337Q1692,1,1,3,1,10,2,3,5,1,0,0,0,0,1,1,2016,1337Q1692,430049.0,435173.0,-1.545125,53.811979,13,3,1,1,26/07/2016,3,20:15,204,E08000035,E08000035,6,0,6,30.0,0,-1,-1,-1,0,0,1,1,1,0,0,1,2,2,E01011671
10094,20161337Q1719,2016,1337Q1719,1,1,1,1,18,4,3,0,0,0,0,0,1,1,6,2016,1337Q1719,426962.0,438122.0,-1.591749,53.838652,13,3,2,1,26/07/2016,3,18:30,204,E08000035,E08000035,3,6120,3,40.0,8,4,6,0,0,0,1,1,1,0,0,2,2,2,E01011685
10095,20161337R0350,2016,1337R0350,2,1,1,2,26,6,3,0,0,0,0,0,1,1,1,2016,1337R0350,429836.0,432725.0,-1.548597,53.789989,13,3,2,1,27/07/2016,4,07:21,204,E08000035,E08000035,6,0,6,30.0,0,-1,-1,-1,0,0,1,1,1,0,0,1,2,2,E01033016
10096,20161337R1015,2016,1337R1015,1,1,2,1,3,1,3,0,0,0,0,0,1,1,4,2016,1337R1015,424661.0,436005.0,-1.626885,53.819739,13,3,2,1,27/07/2016,4,15:00,204,E08000035,E08000035,6,0,6,30.0,0,-1,-1,-1,0,0,1,1,1,0,0,1,2,2,E01011325
10097,20161337R1074,2016,1337R1074,1,1,3,2,11,3,2,5,2,0,0,0,0,1,1,2016,1337R1074,430637.0,428666.0,-1.53684,53.75346,13,2,2,1,27/07/2016,4,16:10,204,E08000035,E08000035,6,0,6,30.0,0,-1,-1,-1,0,0,1,1,1,0,0,1,1,2,E01032497
10098,20161337R1560,2016,1337R1560,2,1,1,1,21,5,3,0,0,0,0,0,9,1,9,2016,1337R1560,432663.0,437995.0,-1.505129,53.837185,13,3,4,1,27/07/2016,4,19:55,204,E08000035,E08000035,6,0,6,40.0,6,4,6,0,0,0,1,1,1,0,0,2,1,2,E01011655
10099,20161337R1624,2016,1337R1624,1,1,1,1,14,3,2,0,0,0,0,0,1,1,6,2016,1337R1624,436086.0,428601.0,-1.454212,53.752528,13,2,2,1,27/07/2016,4,20:25,204,E08000035,E08000035,6,0,6,30.0,6,4,6,0,0,0,1,1,1,0,0,1,1,2,E01032487
10100,20161337S0609,2016,1337S0609,1,1,1,1,25,5,3,0,0,0,0,0,9,1,1,2016,1337S0609,427469.0,433769.0,-1.584432,53.799502,13,3,2,1,28/07/2016,5,12:03,204,E08000035,E08000035,6,0,6,30.0,0,-1,-1,-1,0,0,1,1,1,0,0,1,1,2,E01011284
10101,20161337S0790,2016,1337S0790,2,1,1,1,24,5,3,0,0,0,0,0,9,1,2,2016,1337S0790,429650.0,430887.0,-1.551596,53.773479,13,3,2,1,28/07/2016,5,13:46,204,E08000035,E08000035,6,0,6,30.0,6,4,6,0,0,0,1,1,1,0,0,1,1,2,E01011316
10102,20161337S0931,2016,1337S0931,2,1,2,1,67,10,3,0,0,2,0,0,8,-1,-1,2016,1337S0931,422163.0,441829.0,-1.664411,53.872197,13,3,2,2,28/07/2016,5,15:20,204,E08000035,E08000035,3,658,6,30.0,1,4,6,0,0,0,1,1,1,0,0,2,1,2,E01032503
10103,20161337S0931,2016,1337S0931,2,2,2,2,78,11,3,0,0,2,0,0,8,-1,-1,2016,1337S0931,422163.0,441829.0,-1.664411,53.872197,13,3,2,2,28/07/2016,5,15:20,204,E08000035,E08000035,3,658,6,30.0,1,4,6,0,0,0,1,1,1,0,0,2,1,2,E01032503
10104,20161337S1055,2016,1337S1055,1,1,1,1,25,5,3,0,0,0,0,0,9,1,1,2016,1337S1055,427157.0,430559.0,-1.589451,53.770667,13,3,2,3,28/07/2016,5,16:27,204,E08000035,E08000035,1,621,3,70.0,0,-1,-1,-1,0,0,1,1,1,0,0,2,1,1,E01011318
10105,20161337S1055,2016,1337S1055,1,2,2,1,19,4,3,0,0,1,0,0,9,1,1,2016,1337S1055,427157.0,430559.0,-1.589451,53.770667,13,3,2,3,28/07/2016,5,16:27,204,E08000035,E08000035,1,621,3,70.0,0,-1,-1,-1,0,0,1,1,1,0,0,2,1,1,E01011318
10106,20161337S1055,2016,1337S1055,2,3,1,2,33,6,3,0,0,0,0,0,9,1,3,2016,1337S1055,427157.0,430559.0,-1.589451,53.770667,13,3,2,3,28/07/2016,5,16:27,204,E08000035,E08000035,1,621,3,70.0,0,-1,-1,-1,0,0,1,1,1,0,0,2,1,1,E01011318
10107,20161337T0184,2016,1337T0184,2,1,1,1,49,8,3,0,0,0,0,0,9,1,2,2016,1337T0184,428485.0,431565.0,-1.56921,53.779638,13,3,3,1,29/07/2016,6,03:22,204,E08000035,E08000035,1,621,3,50.0,9,2,3,643,0,0,4,1,1,0,0,1,1,1,E01011366
10108,20161337T0275,2016,1337T0275,2,1,1,1,25,5,3,0,0,0,0,0,5,1,1,2016,1337T0275,426228.0,431783.0,-1.603442,53.781716,13,3,2,1,29/07/2016,6,06:55,204,E08000035,E08000035,6,0,6,30.0,6,4,6,0,0,0,1,2,2,0,0,1,1,2,E01011737