,accident_index,accident_year_x,accident_reference_x,vehicle_reference,casualty_reference,casualty_class,sex_of_casualty,age_of_casualty,age_band_of_casualty,casualty_severity,pedestrian_location,pedestrian_movement,car_passenger,bus_or_coach_passenger,pedestrian_road_maintenance_worker,casualty_type,casualty_home_area_type,casualty_imd_decile,accident_year_y,accident_reference_y,location_easting_osgr,location_northing_osgr,longitude,latitude,police_force,accident_severity,number_of_vehicles,number_of_casualties,date,day_of_week,time,local_authority_district,local_authority_ons_district,local_authority_highway,first_road_class,first_road_number,road_type,speed_limit,junction_detail,junction_control,second_road_class,second_road_number,pedestrian_crossing_human_control,pedestrian_crossing_physical_facilities,light_conditions,weather_conditions,road_surface_conditions,special_conditions_at_site,carriageway_hazards,urban_or_rural_area,did_police_officer_attend_scene_of_accident,trunk_road_flag,lsoa_of_accident_location
10109,20161337T0374,2016,1337T0374,1,1,1,1,30,6,3,0,0,0,0,0,9,1,8,2016,1337T0374,424464.0,433870.0,-1.630047,53.800559,13,3,2,2,29/07/2016,6,11:30,204,E08000035,E08000035,3,6110,7,40.0,0,-1,-1,-1,0,0,1,2,2,0,0,2,1,2,E01011608
10110,20161337T0374,2016,1337T0374,2,2,1,1,33,6,3,0,0,0,0,0,9,1,1,2016,1337T0374,424464.0,433870.0,-1.630047,53.800559,13,3,2,2,29/07/2016,6,11:30,204,E08000035,E08000035,3,6110,7,40.0,0,-1,-1,-1,0,0,1,2,2,0,0,2,1,2,E01011608
10111,20161337T0479,2016,1337T0479,1,1,3,2,86,11,3,10,9,0,0,0,0,3,6,2016,1337T0479,434531.0,428207.0,-1.477837,53.749092,13,3,1,1,29/07/2016,6,10:30,204,E08000035,E08000035,6,0,9,20.0,0,-1,-1,-1,0,0,1,1,1,0,0,1,1,2,E01011627
10112,20161337T0518,2016,1337T0518,1,2,2,1,88,11,3,0,0,0,4,0,11,1,8,2016,1337T0518,436853.0,428989.0,-1.442534,53.755962,13,3,2,2,29/07/2016,6,10:55,204,E08000035,E08000035,3,642,6,40.0,6,4,6,0,0,0,1,1,1,0,0,1,1,2,E01011637
10113,20161337T0518,2016,1337T0518,2,1,1,1,72,10,3,0,0,0,0,0,9,1,8,2016,1337T0518,436853.0,428989.0,-1.442534,53.755962,13,3,2,2,29/07/2016,6,10:55,204,E08000035,E08000035,3,642,6,40.0,6,4,6,0,0,0,1,1,1,0,0,1,1,2,E01011637
10114,20161337T0801,2016,1337T0801,1,1,3,1,11,3,3,5,3,0,0,0,0,1,1,2016,1337T0801,427015.0,433453.0,-1.591352,53.796685,13,3,1,1,29/07/2016,6,13:55,204,E08000035,E08000035,6,0,6,30.0,0,-1,-1,-1,0,0,1,1,1,0,0,1,1,2,E01011293
10115,20161337T1548,2016,1337T1548,1,1,1,1,56,9,2,0,0,0,0,0,22,1,3,2016,1337T1548,428509.0,430845.0,-1.568912,53.773165,13,2,1,1,29/07/2016,6,19:55,204,E08000035,E08000035,6,0,6,30.0,0,-1,-1,-1,0,0,1,1,1,5,0,1,1,2,E01011369
10116,20161337U0361,2016,1337U0361,1,1,1,1,22,5,3,0,0,0,0,0,9,1,6,2016,1337U0361,427717.0,434064.0,-1.58064,53.80214,13,3,2,2,30/07/2016,7,05:25,204,E08000035,E08000035,6,0,6,30.0,0,-1,-1,-1,0,0,1,1,1,0,0,1,1,2,E01011284
10117,20161337U0361,2016,1337U0361,2,2,1,1,52,8,3,0,0,0,0,0,19,1,1,2016,1337U0361,427717.0,434064.0,-1.58064,53.80214,13,3,2,2,30/07/2016,7,05:25,204,E08000035,E08000035,6,0,6,30.0,0,-1,-1,-1,0,0,1,1,1,0,0,1,1,2,E01011284
10118,20161337U0440,2016,1337U0440,1,1,1,1,39,7,3,0,0,0,0,0,1,-1,-1,2016,1337U0440,425850.0,443472.0,-1.608199,53.886794,13,3,1,1,30/07/2016,7,07:39,204,E08000035,E08000035,6,0,6,30.0,0,-1,-1,-1,0,0,1,1,1,0,0,2,1,2,E01011576
10119,20161337U0898,2016,1337U0898,2,1,1,1,34,6,3,0,0,0,0,0,1,1,5,2016,1337U0898,425736.0,439496.0,-1.610265,53.851064,13,3,2,1,30/07/2016,7,13:20,204,E08000035,E08000035,6,0,6,30.0,3,4,6,0,0,0,1,1,1,0,0,1,1,2,E01011388
10120,20161337U0922,2016,1337U0922,2,1,1,1,19,4,3,0,0,0,0,0,2,1,2,2016,1337U0922,425577.0,432449.0,-1.613266,53.787734,13,3,2,1,30/07/2016,7,12:00,204,E08000035,E08000035,6,0,6,30.0,3,4,6,0,0,0,1,1,1,0,0,1,2,2,E01011735
10121,20161337U1150,2016,1337U1150,1,1,1,1,16,4,2,0,0,0,0,0,2,1,6,2016,1337U1150,445215.0,429411.0,-1.315655,53.759098,13,2,2,2,30/07/2016,7,15:30,204,E08000035,E08000035,6,0,6,60.0,0,-1,-1,-1,0,0,1,1,1,0,0,2,1,2,E01011299
10122,20161337U1150,2016,1337U1150,2,2,1,1,55,8,2,0,0,0,0,0,5,1,5,2016,1337U1150,445215.0,429411.0,-1.315655,53.759098,13,2,2,2,30/07/2016,7,15:30,204,E08000035,E08000035,6,0,6,60.0,0,-1,-1,-1,0,0,1,1,1,0,0,2,1,2,E01011299
10123,20161337V1269,2016,1337V1269,1,1,1,1,49,8,3,0,0,0,0,0,9,1,7,2016,1337V1269,430399.0,440724.0,-1.539263,53.86185,13,3,2,2,31/07/2016,1,17:15,204,E08000035,E08000035,6,0,6,30.0,3,4,6,0,0,0,1,1,1,0,0,1,1,2,E01011563
10124,20161337V1269,2016,1337V1269,2,2,1,1,69,10,3,0,0,0,0,0,9,1,8,2016,1337V1269,430399.0,440724.0,-1.539263,53.86185,13,3,2,2,31/07/2016,1,17:15,204,E08000035,E08000035,6,0,6,30.0,3,4,6,0,0,0,1,1,1,0,0,1,1,2,E01011563
10125,20161337V1721,2016,1337V1721,1,1,1,1,28,6,3,0,0,0,0,0,3,1,1,2016,1337V1721,422368.0,433987.0,-1.661861,53.801704,13,3,1,1,31/07/2016,1,12:40,204,E08000035,E08000035,3,647,3,70.0,0,-1,-1,-1,0,0,4,1,1,5,0,1,1,2,E01011587
10126,2016133810361,2016,133810361,2,1,1,1,40,7,3,0,0,0,0,0,9,1,10,2016,133810361,427569.0,436873.0,-1.582637,53.827395,13,3,2,1,01/08/2016,2,09:00,204,E08000035,E08000035,6,0,6,30.0,3,4,3,660,0,0,1,1,1,0,0,1,2,2,E01011694
10127,2016133810455,2016,133810455,1,1,3,1,25,5,3,5,3,0,0,0,0,1,5,2016,133810455,429238.0,433844.0,-1.557568,53.80008,13,3,1,1,01/08/2016,2,10:23,204,E08000035,E08000035,6,0,6,30.0,3,4,6,0,0,4,1,1,1,0,0,1,1,2,E01011678
10128,2016133810518,2016,133810518,1,1,1,2,79,11,2,0,0,0,0,0,9,3,7,2016,133810518,436180.0,427380.0,-1.452929,53.741548,13,2,2,2,01/08/2016,2,10:55,204,E08000035,E08000035,3,642,6,40.0,3,4,6,0,0,8,1,1,1,0,0,2,1,2,E01011635
10129,2016133810518,2016,133810518,2,2,1,2,24,5,2,0,0,0,0,0,9,3,7,2016,133810518,436180.0,427380.0,-1.452929,53.741548,13,2,2,2,01/08/2016,2,10:55,204,E08000035,E08000035,3,642,6,40.0,3,4,6,0,0,8,1,1,1,0,0,2,1,2,E01011635
10130,2016133810604,2016,133810604,1,1,1,2,28,6,3,0,0,0,0,0,9,1,2,2016,133810604,431965.0,435818.0,-1.515961,53.817662,13,3,2,1,04/08/2016,5,11:55,204,E08000035,E08000035,3,58,3,30.0,6,2,4,6159,0,5,1,1,1,0,0,1,1,2,E01011428
10131,2016133811059,2016,133811059,1,1,2,2,62,9,3,0,0,0,3,0,11,-1,-1,2016,133811059,427116.0,433512.0,-1.589814,53.79721,13,3,1,1,01/08/2016,2,15:50,204,E08000035,E08000035,6,0,6,30.0,0,-1,-1,-1,0,0,1,1,1,0,0,1,1,2,E01011293
10132,2016133811315,2016,133811315,2,1,1,2,31,6,3,0,0,0,0,0,9,1,1,2016,133811315,431381.0,435355.0,-1.524878,53.813536,13,3,2,1,01/08/2016,2,18:00,204,E08000035,E08000035,6,0,6,30.0,6,4,6,0,0,0,1,1,1,0,0,1,1,2,E01011429
10133,2016133811595,2016,133811595,1,1,2,1,37,7,3,0,0,1,0,0,9,1,5,2016,133811595,431908.0,435069.0,-1.516904,53.810933,13,3,2,2,01/08/2016,2,20:19,204,E08000035,E08000035,6,0,6,30.0,0,-1,-1,-1,0,0,1,1,1,0,0,1,1,2,E01011434
10134,2016133811595,2016,133811595,2,2,2,1,25,5,3,0,0,1,0,0,8,1,1,2016,133811595,431908.0,435069.0,-1.516904,53.810933,13,3,2,2,01/08/2016,2,20:19,204,E08000035,E08000035,6,0,6,30.0,0,-1,-1,-1,0,0,1,1,1,0,0,1,1,2,E01011434
10135,2016133820302,2016,133820302,1,1,1,1,31,6,3,0,0,0,0,0,1,1,1,2016,133820302,428302.0,434114.0,-1.571754,53.802558,13,3,2,1,02/08/2016,3,08:15,204,E08000035,E08000035,3,65,6,30.0,0,-1,-1,-1,0,0,1,1,1,0,0,1,2,2,E01011681
10136,2016133821313,2016,133821313,2,1,1,2,55,8,3,0,0,0,0,0,1,1,5,2016,133821313,430667.0,434302.0,-1.535827,53.804114,13,3,2,1,02/08/2016,3,18:30,204,E08000035,E08000035,3,61,3,30.0,3,2,6,0,0,8,1,1,1,0,0,1,2,2,E01033003
10137,2016133830263,2016,133830263,2,1,1,1,47,8,3,0,0,0,0,0,1,1,1,2016,133830263,428872.0,432496.0,-1.56325,53.787984,13,3,2,1,03/08/2016,4,06:55,204,E08000035,E08000035,6,0,1,30.0,1,4,3,58,0,0,1,1,2,0,0,1,1,2,E01033013
10138,2016133830291,2016,133830291,1,1,1,2,27,6,3,0,0,0,0,0,9,1,10,2016,133830291,431692.0,441552.0,-1.519518,53.869214,13,3,1,1,03/08/2016,4,07:45,204,E08000035,E08000035,3,61,6,50.0,0,-1,-1,-1,0,0,1,1,1,0,0,2,1,2,E01011561
10139,2016133830335,2016,133830335,2,1,1,2,54,8,3,0,0,0,0,0,9,1,6,2016,133830335,435875.0,426021.0,-1.45771,53.729354,13,3,2,1,03/08/2016,4,08:45,204,E08000035,E08000035,3,642,1,60.0,1,4,1,62,0,0,1,1,1,0,0,2,1,2,E01011636
10140,2016133830729,2016,133830729,2,1,1,1,29,6,3,0,0,0,0,0,1,1,3,2016,133830729,427485.0,434593.0,-1.584116,53.806907,13,3,2,1,03/08/2016,4,13:30,204,E08000035,E08000035,3,65,6,30.0,9,4,6,0,0,4,1,1,1,0,0,1,1,2,E01011482
10141,2016133831111,2016,133831111,2,1,2,1,53,8,3,0,0,1,0,0,8,1,3,2016,133831111,427957.0,433622.0,-1.577036,53.798155,13,3,2,1,03/08/2016,4,15:59,204,E08000035,E08000035,3,647,6,30.0,0,-1,-1,-1,0,0,1,1,1,0,0,1,1,2,E01011294
10142,2016133831228,2016,133831228,1,1,3,1,36,7,3,1,1,0,0,0,0,1,3,2016,133831228,420750.0,445646.0,-1.685644,53.906561,13,3,1,1,03/08/2016,4,16:00,204,E08000035,E08000035,6,0,6,60.0,0,-1,-1,-1,0,4,1,1,1,0,0,1,2,2,E01011572
10143,2016133840846,2016,133840846,2,1,1,1,44,7,2,0,0,0,0,0,2,1,1,2016,133840846,433898.0,434034.0,-1.486797,53.801506,13,2,2,1,04/08/2016,5,14:10,204,E08000035,E08000035,4,6159,3,40.0,3,4,3,64,0,0,1,1,1,0,0,1,1,2,E01011346
10144,2016133840919,2016,133840919,2,1,2,2,38,7,3,0,0,0,3,0,11,1,4,2016,133840919,426991.0,427914.0,-1.592199,53.746902,13,3,2,2,04/08/2016,5,12:15,204,E08000035,E08000035,6,0,6,30.0,6,3,6,0,0,0,1,1,1,0,0,1,2,2,E01032489
10145,2016133840919,2016,133840919,2,2,2,2,37,7,3,0,0,0,4,0,11,-1,-1,2016,133840919,426991.0,427914.0,-1.592199,53.746902,13,3,2,2,04/08/2016,5,12:15,204,E08000035,E08000035,6,0,6,30.0,6,3,6,0,0,0,1,1,1,0,0,1,2,2,E01032489
10146,2016133841523,2016,133841523,1,1,1,1,44,7,3,0,0,0,0,0,9,1,1,2016,133841523,434120.0,433913.0,-1.48344,53.800404,13,3,2,2,04/08/2016,5,19:57,204,E08000035,E08000035,4,6159,3,40.0,0,-1,-1,-1,0,5,1,1,1,0,0,1,1,2,E01011341
10147,2016133841523,2016,133841523,1,2,2,2,18,4,3,0,0,2,0,0,9,1,1,2016,133841523,434120.0,433913.0,-1.48344,53.800404,13,3,2,2,04/08/2016,5,19:57,204,E08000035,E08000035,4,6159,3,40.0,0,-1,-1,-1,0,5,1,1,1,0,0,1,1,2,E01011341
10148,2016133850395,2016,133850395,2,1,1,2,30,6,3,0,0,0,0,0,9,1,3,2016,133850395,430539.0,436997.0,-1.537503,53.828344,13,3,2,1,05/08/2016,6,09:20,204,E08000035,E08000035,6,0,6,30.0,8,4,6,0,0,0,1,1,1,0,0,1,1,2,E01011352
10149,2016133850892,2016,133850892,2,1,1,1,44,7,2,0,0,0,0,0,9,3,9,2016,133850892,442041.0,443582.0,-1.361863,53.886726,13,2,3,1,05/08/2016,6,14:14,204,E08000035,E08000035,2,1,3,70.0,0,-1,-1,-1,0,0,1,1,1,0,0,2,1,1,E01011712
10150,2016133851104,2016,133851104,1,1,1,2,35,6,3,0,0,0,0,0,9,1,1,2016,133851104,429667.0,435165.0,-1.550927,53.811929,13,3,2,2,05/08/2016,6,15:45,204,E08000035,E08000035,6,0,6,30.0,0,-1,-1,-1,0,0,1,1,1,0,0,1,2,2,E01011670
10151,2016133851104,2016,133851104,1,2,2,2,10,2,3,0,0,2,0,0,9,1,1,2016,133851104,429667.0,435165.0,-1.550927,53.811929,13,3,2,2,05/08/2016,6,15:45,204,E08000035,E08000035,6,0,6,30.0,0,-1,-1,-1,0,0,1,1,1,0,0,1,2,2,E01011670
10152,2016133851109,2016,133851109,1,1,2,1,45,7,3,0,0,0,4,0,11,1,1,2016,133851109,430425.0,433460.0,-1.539584,53.796561,13,3,2,1,05/08/2016,6,09:57,204,E08000035,E08000035,6,0,6,30.0,6,2,6,0,0,0,1,1,1,0,0,1,2,2,E01033010
10153,2016133851185,2016,133851185,1,1,3,2,14,3,2,2,1,0,0,0,0,1,1,2016,133851185,435605.0,435727.0,-1.460685,53.816608,13,2,1,1,05/08/2016,6,16:30,204,E08000035,E08000035,6,0,6,30.0,0,-1,-1,-1,0,1,1,1,1,0,0,1,1,2,E01011663
10154,2016133851228,2016,133851228,2,1,2,2,53,8,3,0,0,1,0,0,9,1,7,2016,133851228,431822.0,435634.0,-1.518152,53.816017,13,3,2,1,05/08/2016,6,16:50,204,E08000035,E08000035,6,0,3,30.0,3,4,6,0,0,0,1,1,1,0,0,1,1,2,E01011422
10155,2016133851233,2016,133851233,1,1,3,2,19,4,3,5,9,0,0,0,0,1,1,2016,133851233,429700.0,431103.0,-1.550817,53.775418,13,3,1,1,05/08/2016,6,03:30,204,E08000035,E08000035,6,0,6,30.0,0,-1,-1,-1,0,0,4,1,1,0,0,1,2,2,E01011372
10156,2016133851308,2016,133851308,2,1,1,1,62,9,3,0,0,0,0,0,9,2,3,2016,133851308,438568.0,432672.0,-1.416065,53.78894,13,3,2,1,05/08/2016,6,17:30,204,E08000035,E08000035,3,63,3,50.0,0,-1,-1,-1,0,0,1,1,1,0,0,2,2,2,E01011402
10157,2016133851490,2016,133851490,1,1,1,1,9,2,3,0,0,0,0,0,1,1,6,2016,133851490,440572.0,429187.0,-1.386105,53.757466,13,3,2,1,05/08/2016,6,18:20,204,E08000035,E08000035,6,0,6,30.0,0,-1,-1,-1,0,0,1,1,1,0,0,1,2,2,E01011308
10158,2016133861298,2016,133861298,1,1,1,2,32,6,3,0,0,0,0,0,9,1,7,2016,133861298,430720.0,439031.0,-1.534551,53.846614,13,3,2,1,06/08/2016,7,17:00,204,E08000035,E08000035,6,0,1,30.0,1,4,6,0,0,0,1,1,1,0,0,1,1,2,E01011512
10159,2016133870529,2016,133870529,1,1,1,1,19,4,3,0,0,0,0,0,9,1,1,2016,133870529,423240.0,434951.0,-1.648549,53.810331,13,3,2,2,07/08/2016,1,08:30,204,E08000035,E08000035,6,0,2,30.0,3,4,6,0,0,0,1,1,1,0,0,1,1,2,E01011333
10160,2016133870529,2016,133870529,2,2,1,1,34,6,3,0,0,0,0,0,9,1,1,2016,133870529,423240.0,434951.0,-1.648549,53.810331,13,3,2,2,07/08/2016,1,08:30,204,E08000035,E08000035,6,0,2,30.0,3,4,6,0,0,0,1,1,1,0,0,1,1,2,E01011333
10161,2016133870640,2016,133870640,1,1,1,1,27,6,3,0,0,0,0,0,9,-1,-1,2016,133870640,442045.0,430591.0,-1.363574,53.769968,13,3,2,1,06/08/2016,7,12:30,204,E08000035,E08000035,6,0,6,30.0,3,4,6,0,0,0,1,9,1,0,0,1,2,2,E01011302
10162,2016133871471,2016,133871471,1,1,1,1,9,2,3,0,0,0,0,0,1,1,9,2016,133871471,430351.0,439452.0,-1.540118,53.85042,13,3,2,1,07/08/2016,1,18:48,204,E08000035,E08000035,6,0,6,20.0,0,-1,-1,-1,0,0,1,1,1,0,0,1,1,2,E01011558
10163,2016133880380,2016,133880380,1,1,1,1,22,5,3,0,0,0,0,0,9,1,9,2016,133880380,445343.0,431781.0,-1.313366,53.780387,13,3,1,1,08/08/2016,2,09:30,204,E08000035,E08000035,2,1,3,70.0,0,-1,-1,-1,0,0,1,1,1,0,0,2,1,1,E01011299
10164,2016133880515,2016,133880515,2,1,2,1,31,6,3,0,0,2,0,0,9,1,1,2016,133880515,428509.0,433053.0,-1.568708,53.793011,13,3,2,1,08/08/2016,2,10:40,204,E08000035,E08000035,4,6154,7,30.0,1,4,6,0,0,0,1,1,1,0,0,1,2,2,E01011363
10165,2016133880870,2016,133880870,1,1,2,2,70,10,3,0,0,0,1,0,11,1,5,2016,133880870,429134.0,432075.0,-1.559313,53.784186,13,3,1,1,08/08/2016,2,12:15,204,E08000035,E08000035,6,0,6,30.0,0,-1,-1,-1,0,0,1,1,1,0,0,1,2,2,E01033013
10166,2016133881236,2016,133881236,2,1,1,1,43,7,3,0,0,0,0,0,1,1,1,2016,133881236,430496.0,435239.0,-1.53833,53.812546,13,3,2,1,28/07/2016,5,15:00,204,E08000035,E08000035,3,61,3,30.0,3,4,6,0,0,0,1,9,1,0,0,1,2,2,E01011357
10167,2016133890800,2016,133890800,2,1,1,2,42,7,3,0,0,0,0,0,1,-1,-1,2016,133890800,429137.0,433091.0,-1.559172,53.793318,13,3,2,1,09/08/2016,3,14:28,204,E08000035,E08000035,6,0,6,30.0,3,2,6,0,0,4,1,1,1,0,0,1,2,2,E01033013
10168,2016133890982,2016,133890982,1,1,1,1,22,5,3,0,0,0,0,0,9,1,1,2016,133890982,429380.0,433768.0,-1.555419,53.799389,13,3,2,2,09/08/2016,3,15:50,204,E08000035,E08000035,2,58,3,40.0,0,-1,-1,-1,0,0,1,2,2,0,0,1,1,2,E01011678
10169,2016133890982,2016,133890982,2,2,1,1,39,7,3,0,0,0,0,0,8,1,5,2016,133890982,429380.0,433768.0,-1.555419,53.799389,13,3,2,2,09/08/2016,3,15:50,204,E08000035,E08000035,2,58,3,40.0,0,-1,-1,-1,0,0,1,2,2,0,0,1,1,2,E01011678
10170,2016133891025,2016,133891025,1,1,3,2,31,6,2,5,4,0,0,0,0,-1,-1,2016,133891025,430102.0,431644.0,-1.544664,53.780257,13,2,1,1,09/08/2016,3,10:25,204,E08000035,E08000035,3,653,6,30.0,0,-1,-1,-1,0,0,1,1,1,0,0,1,1,2,E01011371
10171,2016133891038,2016,133891038,2,1,1,1,58,9,3,0,0,0,0,0,9,-1,-1,2016,133891038,429963.0,436582.0,-1.546295,53.824647,13,3,2,1,09/08/2016,3,19:00,204,E08000035,E08000035,3,61,3,40.0,1,4,6,0,0,0,1,2,2,0,0,1,1,2,E01011355
10172,20161338A0196,2016,1338A0196,2,1,1,1,61,9,3,0,0,0,0,0,1,-1,-1,2016,1338A0196,430122.0,431822.0,-1.544343,53.781856,13,3,2,1,10/08/2016,4,05:45,204,E08000035,E08000035,3,653,6,30.0,3,4,6,0,0,0,1,1,1,0,0,1,2,2,E01011364
10173,20161338A0787,2016,1338A0787,1,1,2,2,19,4,3,0,0,0,4,0,11,1,1,2016,1338A0787,430762.0,433502.0,-1.534464,53.796918,13,3,1,2,10/08/2016,4,13:15,204,E08000035,E08000035,3,61,3,30.0,0,-1,-1,-1,0,0,1,2,2,0,0,1,2,2,E01033011
10174,20161338A0787,2016,1338A0787,1,2,2,2,18,4,3,0,0,0,4,0,11,-1,-1,2016,1338A0787,430762.0,433502.0,-1.534464,53.796918,13,3,1,2,10/08/2016,4,13:15,204,E08000035,E08000035,3,61,3,30.0,0,-1,-1,-1,0,0,1,2,2,0,0,1,2,2,E01033011
10175,20161338A1247,2016,1338A1247,1,1,3,1,9,2,2,5,2,0,0,0,0,1,4,2016,1338A1247,432513.0,435914.0,-1.507628,53.818491,13,2,1,1,10/08/2016,4,16:45,204,E08000035,E08000035,6,0,6,30.0,0,-1,-1,-1,0,0,1,1,1,0,0,1,1,2,E01011647
10176,20161338A1262,2016,1338A1262,1,1,1,2,26,6,3,0,0,0,0,0,9,1,3,2016,1338A1262,430864.0,434191.0,-1.532846,53.803105,13,3,3,2,10/08/2016,4,18:10,204,E08000035,E08000035,3,61,6,30.0,3,4,6,0,0,0,1,1,1,0,0,1,1,2,E01033003
10177,20161338A1262,2016,1338A1262,2,2,1,1,20,4,3,0,0,0,0,0,9,1,7,2016,1338A1262,430864.0,434191.0,-1.532846,53.803105,13,3,3,2,10/08/2016,4,18:10,204,E08000035,E08000035,3,61,6,30.0,3,4,6,0,0,0,1,1,1,0,0,1,1,2,E01033003
10178,20161338B0193,2016,1338B0193,1,1,1,1,26,6,3,0,0,0,0,0,9,1,4,2016,1338B0193,424459.0,427708.0,-1.630609,53.745175,13,3,1,1,11/08/2016,5,07:10,204,E08000035,E08000035,1,621,3,70.0,0,-1,-1,-1,0,0,1,1,1,0,0,2,1,1,E01011523
10179,20161338B0479,2016,1338B0479,1,1,3,1,24,5,3,6,9,0,0,0,0,1,2,2016,1338B0479,427004.0,433446.0,-1.59152,53.796623,13,3,1,1,11/08/2016,5,11:44,204,E08000035,E08000035,6,0,6,30.0,0,-1,-1,-1,0,0,1,1,1,0,0,1,1,2,E01011293
10180,20161338B0760,2016,1338B0760,1,1,3,2,39,7,3,10,3,0,0,0,0,1,3,2016,1338B0760,433025.0,437640.0,-1.499666,53.833971,13,3,1,1,11/08/2016,5,14:52,204,E08000035,E08000035,6,0,6,30.0,8,4,6,0,0,0,1,1,1,0,0,1,1,2,E01011655
10181,20161338B0807,2016,1338B0807,1,1,3,2,84,11,3,4,1,0,0,0,0,1,9,2016,1338B0807,426867.0,437530.0,-1.593244,53.833337,13,3,1,1,11/08/2016,5,15:15,204,E08000035,E08000035,3,660,6,30.0,3,4,6,0,0,4,1,1,1,0,0,1,1,2,E01011685
10182,20161338B1030,2016,1338B1030,2,1,1,1,58,9,3,0,0,0,0,0,19,-1,-1,2016,1338B1030,428903.0,435392.0,-1.562509,53.814012,13,3,2,2,11/08/2016,5,17:04,204,E08000035,E08000035,6,0,6,30.0,0,-1,-1,-1,0,0,1,1,1,0,0,1,1,2,E01011444
10183,20161338B1030,2016,1338B1030,2,2,2,2,58,9,3,0,0,0,0,0,19,-1,-1,2016,1338B1030,428903.0,435392.0,-1.562509,53.814012,13,3,2,2,11/08/2016,5,17:04,204,E08000035,E08000035,6,0,6,30.0,0,-1,-1,-1,0,0,1,1,1,0,0,1,1,2,E01011444
10184,20161338B1218,2016,1338B1218,1,1,1,1,40,7,3,0,0,0,0,0,9,-1,-1,2016,1338B1218,431413.0,435049.0,-1.524423,53.810784,13,3,2,1,11/08/2016,5,18:50,204,E08000035,E08000035,6,0,6,30.0,3,4,6,0,0,0,1,1,1,0,0,1,1,2,E01011673
10185,20161338B1319,2016,1338B1319,2,1,1,1,28,6,3,0,0,0,0,0,9,-1,-1,2016,1338B1319,429551.0,430902.0,-1.553097,53.77362,13,3,2,2,11/08/2016,5,19:44,204,E08000035,E08000035,6,0,6,30.0,0,-1,-1,-1,0,0,4,1,1,0,0,1,1,2,E01011375
10186,20161338B1319,2016,1338B1319,2,2,2,1,30,6,3,0,0,1,0,0,9,-1,-1,2016,1338B1319,429551.0,430902.0,-1.553097,53.77362,13,3,2,2,11/08/2016,5,19:44,204,E08000035,E08000035,6,0,6,30.0,0,-1,-1,-1,0,0,4,1,1,0,0,1,1,2,E01011375
10187,20161338C0444,2016,1338C0444,1,1,3,1,21,5,3,9,8,0,0,0,0,3,8,2016,1338C0444,423765.0,442118.0,-1.640024,53.874723,13,3,1,1,12/08/2016,6,10:20,204,E08000035,E08000035,6,0,6,30.0,0,-1,-1,-1,0,0,1,1,1,0,0,2,2,2,E01032503
10188,20161338C1358,2016,1338C1358,1,1,3,1,8,2,3,5,1,0,0,0,0,1,1,2016,1338C1358,431367.0,435283.0,-1.525098,53.81289,13,3,1,1,12/08/2016,6,18:23,204,E08000035,E08000035,6,0,6,30.0,0,-1,-1,-1,0,0,1,1,1,0,0,1,1,2,E01011361
10189,20161338C1512,2016,1338C1512,1,1,1,1,40,7,3,0,0,0,0,0,9,1,3,2016,1338C1512,431870.0,430503.0,-1.517952,53.769897,13,3,2,2,12/08/2016,6,19:25,204,E08000035,E08000035,1,621,7,70.0,1,4,3,61,0,0,1,1,1,0,0,2,1,1,E01011470
10190,20161338C1512,2016,1338C1512,2,2,2,1,24,5,3,0,0,1,0,0,9,1,7,2016,1338C1512,431870.0,430503.0,-1.517952,53.769897,13,3,2,2,12/08/2016,6,19:25,204,E08000035,E08000035,1,621,7,70.0,1,4,3,61,0,0,1,1,1,0,0,2,1,1,E01011470
10191,20161338C1793,2016,1338C1793,2,1,1,2,20,4,3,0,0,0,0,0,9,1,2,2016,1338C1793,442057.0,434628.0,-1.362842,53.80625,13,3,2,1,12/08/2016,6,21:50,204,E08000035,E08000035,1,1,3,70.0,1,4,4,1217,0,0,4,1,1,4,0,2,1,1,E01011297
10192,20161338C2006,2016,1338C2006,1,1,1,2,43,7,3,0,0,0,0,0,9,1,2,2016,1338C2006,428405.0,434382.0,-1.570165,53.804961,13,3,2,1,12/08/2016,6,22:55,204,E08000035,E08000035,6,0,6,30.0,0,-1,-1,-1,0,0,4,1,1,0,0,1,2,2,E01011681
10193,20161338D0270,2016,1338D0270,1,1,1,1,54,8,3,0,0,0,0,0,9,1,1,2016,1338D0270,432406.0,426222.0,-1.510268,53.731387,13,2,2,6,13/08/2016,7,04:46,204,E08000035,E08000035,1,1,1,30.0,3,4,1,62,0,0,4,1,2,0,0,2,1,1,E01011499
10194,20161338D0270,2016,1338D0270,1,2,2,1,31,6,2,0,0,2,0,0,9,3,5,2016,1338D0270,432406.0,426222.0,-1.510268,53.731387,13,2,2,6,13/08/2016,7,04:46,204,E08000035,E08000035,1,1,1,30.0,3,4,1,62,0,0,4,1,2,0,0,2,1,1,E01011499