,accident_index,accident_year_x,accident_reference_x,vehicle_reference,casualty_reference,casualty_class,sex_of_casualty,age_of_casualty,age_band_of_casualty,casualty_severity,pedestrian_location,pedestrian_movement,car_passenger,bus_or_coach_passenger,pedestrian_road_maintenance_worker,casualty_type,casualty_home_area_type,casualty_imd_decile,accident_year_y,accident_reference_y,location_easting_osgr,location_northing_osgr,longitude,latitude,police_force,accident_severity,number_of_vehicles,number_of_casualties,date,day_of_week,time,local_authority_district,local_authority_ons_district,local_authority_highway,first_road_class,first_road_number,road_type,speed_limit,junction_detail,junction_control,second_road_class,second_road_number,pedestrian_crossing_human_control,pedestrian_crossing_physical_facilities,light_conditions,weather_conditions,road_surface_conditions,special_conditions_at_site,carriageway_hazards,urban_or_rural_area,did_police_officer_attend_scene_of_accident,trunk_road_flag,lsoa_of_accident_location
10195,20161338D0270,2016,1338D0270,1,3,2,2,64,9,2,0,0,1,0,0,9,1,1,2016,1338D0270,432406.0,426222.0,-1.510268,53.731387,13,2,2,6,13/08/2016,7,04:46,204,E08000035,E08000035,1,1,1,30.0,3,4,1,62,0,0,4,1,2,0,0,2,1,1,E01011499
10196,20161338D0270,2016,1338D0270,2,4,1,2,44,7,3,0,0,0,0,0,9,1,7,2016,1338D0270,432406.0,426222.0,-1.510268,53.731387,13,2,2,6,13/08/2016,7,04:46,204,E08000035,E08000035,1,1,1,30.0,3,4,1,62,0,0,4,1,2,0,0,2,1,1,E01011499
10197,20161338D0270,2016,1338D0270,2,5,2,1,42,7,3,0,0,1,0,0,9,1,7,2016,1338D0270,432406.0,426222.0,-1.510268,53.731387,13,2,2,6,13/08/2016,7,04:46,204,E08000035,E08000035,1,1,1,30.0,3,4,1,62,0,0,4,1,2,0,0,2,1,1,E01011499
10198,20161338D0270,2016,1338D0270,2,6,2,1,10,2,3,0,0,2,0,0,9,1,7,2016,1338D0270,432406.0,426222.0,-1.510268,53.731387,13,2,2,6,13/08/2016,7,04:46,204,E08000035,E08000035,1,1,1,30.0,3,4,1,62,0,0,4,1,2,0,0,2,1,1,E01011499
10199,20161338D0691,2016,1338D0691,1,1,2,2,62,9,3,0,0,1,0,0,9,1,3,2016,1338D0691,443604.0,435908.0,-1.339172,53.817627,13,3,2,1,13/08/2016,7,12:10,204,E08000035,E08000035,1,1,3,70.0,0,-1,-1,-1,0,0,1,1,1,0,0,2,1,1,E01011297
10200,20161338D1104,2016,1338D1104,1,1,1,2,23,5,3,0,0,0,0,0,9,1,6,2016,1338D1104,429630.0,426920.0,-1.552279,53.737825,13,3,2,1,01/08/2016,2,07:50,204,E08000035,E08000035,3,654,6,50.0,0,-1,-1,-1,0,0,1,9,1,0,0,2,2,2,E01032495
10201,20161338E0762,2016,1338E0762,1,1,1,1,23,5,2,0,0,0,0,0,3,-1,-1,2016,1338E0762,426726.0,436139.0,-1.595507,53.820842,13,2,2,1,14/08/2016,1,13:00,204,E08000035,E08000035,6,0,6,30.0,3,4,6,0,0,0,1,1,2,0,0,1,1,2,E01011489
10202,20161338F0312,2016,1338F0312,1,1,1,1,25,5,3,0,0,0,0,0,1,1,6,2016,1338F0312,429643.0,434626.0,-1.551344,53.807085,13,3,2,1,15/08/2016,2,08:50,204,E08000035,E08000035,6,0,6,30.0,0,-1,-1,-1,0,0,1,1,1,0,0,1,1,2,E01033005
10203,20161338F0985,2016,1338F0985,1,1,1,1,52,8,3,0,0,0,0,0,9,1,1,2016,1338F0985,429962.0,434416.0,-1.54652,53.80518,13,3,2,2,15/08/2016,2,15:22,204,E08000035,E08000035,2,58,3,40.0,0,-1,-1,-1,0,0,1,1,1,0,0,1,1,2,E01033010
10204,20161338F0985,2016,1338F0985,2,2,2,1,60,9,3,0,0,1,0,0,21,1,3,2016,1338F0985,429962.0,434416.0,-1.54652,53.80518,13,3,2,2,15/08/2016,2,15:22,204,E08000035,E08000035,2,58,3,40.0,0,-1,-1,-1,0,0,1,1,1,0,0,1,1,2,E01033010
10205,20161338F1198,2016,1338F1198,1,1,3,2,86,11,3,6,9,0,0,0,0,2,6,2016,1338F1198,440448.0,448222.0,-1.385486,53.928554,13,3,1,1,15/08/2016,2,17:00,204,E08000035,E08000035,6,0,6,30.0,0,-1,-1,-1,0,0,1,1,1,0,0,1,1,2,E01011704
10206,20161338F1203,2016,1338F1203,1,1,1,1,35,6,3,0,0,0,0,0,1,1,6,2016,1338F1203,428296.0,434122.0,-1.571844,53.80263,13,3,3,1,15/08/2016,2,14:05,204,E08000035,E08000035,3,65,6,40.0,0,-1,-1,-1,0,0,1,1,1,0,0,1,2,2,E01011681
10207,20161338F1229,2016,1338F1229,2,1,1,1,35,6,3,0,0,0,0,0,1,1,10,2016,1338F1229,428825.0,435232.0,-1.563708,53.812578,13,3,2,1,15/08/2016,2,17:15,204,E08000035,E08000035,6,0,6,30.0,3,4,6,0,0,0,1,1,1,0,0,1,1,2,E01011444
10208,20161338F1671,2016,1338F1671,2,1,2,1,22,5,3,0,0,0,4,0,11,1,1,2016,1338F1671,425038.0,434397.0,-1.621289,53.805268,13,3,2,5,15/08/2016,2,20:50,204,E08000035,E08000035,3,647,6,30.0,5,4,6,0,0,0,4,1,1,0,0,1,1,2,E01011286
10209,20161338F1671,2016,1338F1671,2,2,2,2,15,3,3,0,0,0,4,0,11,1,1,2016,1338F1671,425038.0,434397.0,-1.621289,53.805268,13,3,2,5,15/08/2016,2,20:50,204,E08000035,E08000035,3,647,6,30.0,5,4,6,0,0,0,4,1,1,0,0,1,1,2,E01011286
10210,20161338F1671,2016,1338F1671,2,3,2,1,14,3,3,0,0,0,4,0,11,1,3,2016,1338F1671,425038.0,434397.0,-1.621289,53.805268,13,3,2,5,15/08/2016,2,20:50,204,E08000035,E08000035,3,647,6,30.0,5,4,6,0,0,0,4,1,1,0,0,1,1,2,E01011286
10211,20161338F1671,2016,1338F1671,2,4,2,2,40,7,3,0,0,0,4,0,11,1,1,2016,1338F1671,425038.0,434397.0,-1.621289,53.805268,13,3,2,5,15/08/2016,2,20:50,204,E08000035,E08000035,3,647,6,30.0,5,4,6,0,0,0,4,1,1,0,0,1,1,2,E01011286
10212,20161338F1671,2016,1338F1671,2,5,2,2,41,7,3,0,0,0,4,0,11,-1,-1,2016,1338F1671,425038.0,434397.0,-1.621289,53.805268,13,3,2,5,15/08/2016,2,20:50,204,E08000035,E08000035,3,647,6,30.0,5,4,6,0,0,0,4,1,1,0,0,1,1,2,E01011286
10213,20161338G0359,2016,1338G0359,1,1,1,1,59,9,3,0,0,0,0,0,9,1,3,2016,1338G0359,430793.0,424354.0,-1.534902,53.714695,13,3,2,1,16/08/2016,3,09:40,204,E08000035,E08000035,3,650,1,40.0,1,2,1,1,0,0,1,1,1,0,0,2,1,2,E01011537
10214,20161338G0415,2016,1338G0415,1,1,1,1,18,4,3,0,0,0,0,0,1,-1,-1,2016,1338G0415,428490.0,434992.0,-1.568818,53.810439,13,3,2,1,16/08/2016,3,10:09,204,E08000035,E08000035,6,0,6,30.0,0,-1,-1,-1,0,0,1,1,1,0,0,1,2,2,E01011448
10215,20161338G0700,2016,1338G0700,1,1,1,1,51,8,3,0,0,0,0,0,9,1,7,2016,1338G0700,427705.0,431070.0,-1.581091,53.775231,13,3,2,1,16/08/2016,3,12:45,204,E08000035,E08000035,3,6110,6,30.0,0,-1,-1,-1,0,0,1,1,1,0,0,1,2,2,E01011369
10216,20161338G1249,2016,1338G1249,2,1,1,1,41,7,3,0,0,0,0,0,1,1,8,2016,1338G1249,427945.0,436116.0,-1.576993,53.820571,13,3,2,1,16/08/2016,3,17:25,204,E08000035,E08000035,3,660,6,30.0,3,4,6,0,0,0,1,1,1,0,0,1,1,2,E01011451
10217,20161338G1292,2016,1338G1292,2,1,1,1,32,6,3,0,0,0,0,0,9,1,7,2016,1338G1292,426973.0,439836.0,-1.591432,53.854057,13,3,2,1,16/08/2016,3,17:48,204,E08000035,E08000035,3,660,6,30.0,6,2,6,0,0,0,1,1,1,0,0,1,1,2,E01011380
10218,20161338G1320,2016,1338G1320,1,1,1,1,36,7,3,0,0,0,0,0,5,1,5,2016,1338G1320,419762.0,438787.0,-1.701122,53.844952,13,3,2,1,16/08/2016,3,16:30,204,E08000035,E08000035,3,658,6,30.0,0,-1,-1,-1,0,0,1,1,1,0,0,2,2,2,E01011457
10219,20161338G1427,2016,1338G1427,1,1,2,2,22,5,3,0,0,2,0,0,9,1,3,2016,1338G1427,422188.0,428745.0,-1.66497,53.754597,13,3,2,1,16/08/2016,3,18:53,204,E08000035,E08000035,4,6125,6,30.0,6,4,6,0,0,0,1,1,1,0,0,1,1,2,E01011521
10220,20161338G1724,2016,1338G1724,1,1,1,2,34,6,2,0,0,0,0,0,5,-1,-1,2016,1338G1724,432290.0,445654.0,-1.509993,53.906045,13,2,1,1,16/08/2016,3,21:20,204,E08000035,E08000035,3,61,6,60.0,0,-1,-1,-1,0,0,6,1,1,0,0,2,1,2,E01011561
10221,20161338G1863,2016,1338G1863,2,1,1,1,38,7,2,0,0,0,0,0,1,1,1,2016,1338G1863,428834.0,434632.0,-1.563628,53.807185,13,2,2,1,16/08/2016,3,22:50,204,E08000035,E08000035,6,0,6,30.0,6,4,6,0,0,0,4,1,1,0,0,1,1,2,E01033006
10222,20161338G1890,2016,1338G1890,1,1,1,2,30,6,3,0,0,0,0,0,1,1,3,2016,1338G1890,431871.0,434742.0,-1.5175,53.807997,13,3,2,1,16/08/2016,3,23:08,204,E08000035,E08000035,6,0,6,30.0,0,-1,-1,-1,0,0,4,9,1,0,0,1,1,2,E01011677
10223,20161338H0623,2016,1338H0623,1,1,1,2,31,6,2,0,0,0,0,0,4,1,10,2016,1338H0623,418630.0,442578.0,-1.718098,53.879067,13,2,1,1,17/08/2016,4,11:56,204,E08000035,E08000035,6,0,6,30.0,0,-1,-1,-1,0,0,1,1,1,0,0,1,1,2,E01011280
10224,20161338H0642,2016,1338H0642,3,1,2,1,22,5,3,0,0,2,0,0,9,1,1,2016,1338H0642,443625.0,437644.0,-1.338607,53.833228,13,3,4,1,17/08/2016,4,12:05,204,E08000035,E08000035,2,1,3,70.0,0,-1,-1,-1,0,0,1,1,1,0,0,2,1,1,E01011297
10225,20161338H1175,2016,1338H1175,1,1,1,1,34,6,3,0,0,0,0,0,9,1,1,2016,1338H1175,422443.0,427901.0,-1.661163,53.747,13,3,2,1,17/08/2016,4,16:40,204,E08000035,E08000035,4,6125,6,30.0,3,4,3,650,0,8,1,1,1,0,0,2,2,2,E01011527
10226,20161338H1421,2016,1338H1421,1,1,1,1,23,5,2,0,0,0,0,0,5,3,3,2016,1338H1421,445690.0,430860.0,-1.308236,53.77208,13,2,1,1,17/08/2016,4,18:40,204,E08000035,E08000035,6,0,6,60.0,0,-1,-1,-1,0,0,1,1,1,0,0,2,1,2,E01011299
10227,20161338H1647,2016,1338H1647,1,1,1,1,18,4,3,0,0,0,0,0,1,1,3,2016,1338H1647,428449.0,435193.0,-1.569422,53.812248,13,3,2,1,17/08/2016,4,20:50,204,E08000035,E08000035,6,0,6,30.0,3,4,6,0,0,0,5,1,1,0,0,1,1,2,E01011445
10228,20161338H1868,2016,1338H1868,1,1,1,1,20,4,2,0,0,0,0,0,2,1,9,2016,1338H1868,436836.0,443866.0,-1.441015,53.889673,13,2,2,2,17/08/2016,4,22:50,204,E08000035,E08000035,3,58,6,30.0,6,2,6,0,0,0,4,1,1,0,0,2,1,2,E01011713
10229,20161338H1868,2016,1338H1868,1,2,2,2,18,4,3,0,0,0,0,0,2,1,1,2016,1338H1868,436836.0,443866.0,-1.441015,53.889673,13,2,2,2,17/08/2016,4,22:50,204,E08000035,E08000035,3,58,6,30.0,6,2,6,0,0,0,4,1,1,0,0,2,1,2,E01011713
10230,20161338I0565,2016,1338I0565,1,1,3,1,29,6,3,10,9,0,0,0,0,1,1,2016,1338I0565,434744.0,428894.0,-1.47453,53.755253,13,3,1,1,18/08/2016,5,10:30,204,E08000035,E08000035,6,0,6,30.0,8,4,6,0,0,0,1,1,1,0,0,1,2,2,E01011628
10231,20161338I0568,2016,1338I0568,2,1,1,2,45,7,3,0,0,0,0,0,9,1,8,2016,1338I0568,443617.0,435483.0,-1.339034,53.813806,13,3,2,2,17/08/2016,4,11:45,204,E08000035,E08000035,1,1,3,70.0,9,4,2,1,0,0,1,1,1,0,0,2,2,1,E01011297
10232,20161338I0568,2016,1338I0568,2,2,2,1,12,3,3,0,0,1,0,0,9,1,8,2016,1338I0568,443617.0,435483.0,-1.339034,53.813806,13,3,2,2,17/08/2016,4,11:45,204,E08000035,E08000035,1,1,3,70.0,9,4,2,1,0,0,1,1,1,0,0,2,2,1,E01011297
10233,20161338I1076,2016,1338I1076,1,1,1,1,31,6,2,0,0,0,0,0,5,1,1,2016,1338I1076,424964.0,435131.0,-1.622354,53.811869,13,2,3,1,18/08/2016,5,21:10,204,E08000035,E08000035,6,0,6,30.0,6,4,6,0,0,0,4,1,1,0,0,1,1,2,E01011282
10234,20161338I1175,2016,1338I1175,1,1,1,2,2,1,3,0,0,0,0,0,1,-1,-1,2016,1338I1175,431627.0,433076.0,-1.521376,53.793038,13,3,2,1,18/08/2016,5,16:50,204,E08000035,E08000035,6,0,6,30.0,0,-1,-1,-1,0,0,1,1,1,0,0,1,1,2,E01011626
10235,20161338J0757,2016,1338J0757,1,1,1,2,48,8,3,0,0,0,0,0,9,1,1,2016,1338J0757,423138.0,434233.0,-1.650152,53.803882,13,3,1,2,19/08/2016,6,13:25,204,E08000035,E08000035,3,647,6,60.0,5,4,6,0,0,0,1,2,2,0,0,1,1,2,E01011596
10236,20161338J0757,2016,1338J0757,1,2,2,1,16,4,3,0,0,1,0,0,9,1,1,2016,1338J0757,423138.0,434233.0,-1.650152,53.803882,13,3,1,2,19/08/2016,6,13:25,204,E08000035,E08000035,3,647,6,60.0,5,4,6,0,0,0,1,2,2,0,0,1,1,2,E01011596
10237,20161338J0967,2016,1338J0967,1,1,1,2,20,4,3,0,0,0,0,0,9,1,8,2016,1338J0967,415670.0,443030.0,-1.763101,53.883227,13,3,1,1,19/08/2016,6,15:24,204,E08000035,E08000035,6,0,6,50.0,0,-1,-1,-1,0,0,1,9,2,0,0,2,1,2,E01011270
10238,20161338J1266,2016,1338J1266,1,1,1,2,80,11,2,0,0,0,0,0,9,1,7,2016,1338J1266,439789.0,432839.0,-1.397511,53.790349,13,2,2,1,19/08/2016,6,17:50,204,E08000035,E08000035,6,0,6,30.0,3,4,6,0,0,0,1,1,1,0,0,1,1,2,E01011399
10239,20161338J1622,2016,1338J1622,1,1,1,2,25,5,3,0,0,0,0,0,9,1,1,2016,1338J1622,442505.0,435059.0,-1.355981,53.810088,13,3,1,1,19/08/2016,6,20:55,204,E08000035,E08000035,4,1217,6,60.0,0,-1,-1,-1,0,0,6,2,2,0,0,2,1,2,E01011297
10240,20161338K0551,2016,1338K0551,1,1,1,1,23,5,3,0,0,0,0,0,3,1,1,2016,1338K0551,424852.0,434705.0,-1.624089,53.808046,13,3,1,1,20/08/2016,7,10:45,204,E08000035,E08000035,6,0,6,30.0,3,2,3,657,0,0,1,2,2,0,0,1,1,2,E01011282
10241,20161338K0858,2016,1338K0858,1,1,3,2,59,9,2,9,5,0,0,0,0,1,1,2016,1338K0858,429570.0,436968.0,-1.552228,53.828139,13,2,1,1,20/08/2016,7,13:50,204,E08000035,E08000035,6,0,6,30.0,0,-1,-1,-1,0,0,1,1,1,0,0,1,1,2,E01011354
10242,20161338K1444,2016,1338K1444,3,1,1,2,45,7,3,0,0,0,0,0,9,1,8,2016,1338K1444,418177.0,444549.0,-1.724873,53.896798,13,3,3,1,20/08/2016,7,12:35,204,E08000035,E08000035,3,6038,6,40.0,0,-1,-1,-1,0,0,1,1,1,0,0,2,2,2,E01011573
10243,20161338K1847,2016,1338K1847,1,1,1,2,64,9,3,0,0,0,0,0,9,1,9,2016,1338K1847,426431.0,430146.0,-1.600501,53.766992,13,3,1,1,20/08/2016,7,23:28,204,E08000035,E08000035,3,62,6,40.0,9,4,6,0,0,0,4,1,1,0,7,2,1,2,E01011734
10244,20161338L0497,2016,1338L0497,1,1,3,1,43,7,3,5,1,0,0,0,0,1,6,2016,1338L0497,429583.0,439261.0,-1.55181,53.848747,13,3,1,1,21/08/2016,1,09:20,204,E08000035,E08000035,6,0,6,30.0,0,-1,-1,-1,0,0,1,1,1,0,0,1,1,2,E01011558
10245,20161338L1236,2016,1338L1236,1,1,1,2,42,7,3,0,0,0,0,0,9,-1,-1,2016,1338L1236,422606.0,429160.0,-1.6586,53.758309,13,3,2,1,21/08/2016,1,17:38,204,E08000035,E08000035,6,0,6,40.0,0,-1,-1,-1,0,0,1,1,1,0,0,1,1,2,E01011521
10246,20161338L1657,2016,1338L1657,1,1,1,1,18,4,3,0,0,0,0,0,1,1,1,2016,1338L1657,429995.0,430953.0,-1.546355,53.774053,13,3,2,1,21/08/2016,1,20:45,204,E08000035,E08000035,6,0,6,30.0,3,4,3,653,0,0,4,9,1,0,0,1,2,2,E01011312
10247,20161338M0844,2016,1338M0844,1,1,2,2,41,7,3,0,0,0,3,0,11,1,7,2016,1338M0844,426514.0,427755.0,-1.599446,53.745498,13,3,2,1,22/08/2016,2,12:05,204,E08000035,E08000035,6,0,6,30.0,0,-1,-1,-1,0,0,1,1,1,0,0,1,2,2,E01011541
10248,20161338M1404,2016,1338M1404,2,1,1,1,47,8,3,0,0,0,0,0,1,1,10,2016,1338M1404,424429.0,437118.0,-1.630321,53.829753,13,3,2,1,22/08/2016,2,19:25,204,E08000035,E08000035,3,65,6,30.0,0,-1,-1,-1,0,0,1,1,1,0,0,1,1,2,E01011453
10249,20161338M1431,2016,1338M1431,1,1,1,1,48,8,3,0,0,0,0,0,3,-1,-1,2016,1338M1431,426825.0,433094.0,-1.594268,53.793468,13,3,2,1,22/08/2016,2,19:39,204,E08000035,E08000035,4,6154,6,30.0,3,4,6,0,0,0,1,1,1,0,0,1,1,2,E01011292
10250,20161338M1450,2016,1338M1450,2,1,1,2,36,7,3,0,0,0,0,0,9,-1,-1,2016,1338M1450,424278.0,433939.0,-1.632865,53.801188,13,3,3,2,22/08/2016,2,19:45,204,E08000035,E08000035,3,6110,7,60.0,5,4,3,647,0,0,1,1,1,0,0,2,1,2,E01011608
10251,20161338M1450,2016,1338M1450,3,2,1,1,58,9,3,0,0,0,0,0,9,1,9,2016,1338M1450,424278.0,433939.0,-1.632865,53.801188,13,3,3,2,22/08/2016,2,19:45,204,E08000035,E08000035,3,6110,7,60.0,5,4,3,647,0,0,1,1,1,0,0,2,1,2,E01011608
10252,20161338M1570,2016,1338M1570,2,1,1,2,41,7,2,0,0,0,0,0,1,1,1,2016,1338M1570,427230.0,434732.0,-1.587976,53.80817,13,2,2,1,20/08/2016,7,15:00,204,E08000035,E08000035,3,65,6,30.0,3,4,6,0,0,0,1,9,1,0,0,1,2,2,E01011482
10253,20161338N0383,2016,1338N0383,1,1,1,2,36,7,3,0,0,0,0,0,9,1,10,2016,1338N0383,426659.0,429310.0,-1.597114,53.759466,13,2,1,3,23/08/2016,3,09:15,204,E08000035,E08000035,6,0,6,30.0,0,-1,-1,-1,0,0,1,1,1,0,0,1,1,2,E01011518
10254,20161338N0383,2016,1338N0383,1,2,2,2,5,1,2,0,0,1,0,0,9,1,10,2016,1338N0383,426659.0,429310.0,-1.597114,53.759466,13,2,1,3,23/08/2016,3,09:15,204,E08000035,E08000035,6,0,6,30.0,0,-1,-1,-1,0,0,1,1,1,0,0,1,1,2,E01011518
10255,20161338N0383,2016,1338N0383,1,3,3,1,71,10,3,10,9,0,0,0,0,1,10,2016,1338N0383,426659.0,429310.0,-1.597114,53.759466,13,2,1,3,23/08/2016,3,09:15,204,E08000035,E08000035,6,0,6,30.0,0,-1,-1,-1,0,0,1,1,1,0,0,1,1,2,E01011518
10256,20161338N0471,2016,1338N0471,2,1,1,2,43,7,3,0,0,0,0,0,9,1,2,2016,1338N0471,428563.0,427780.0,-1.568375,53.745614,13,3,3,2,02/08/2016,3,18:50,204,E08000035,E08000035,4,6123,1,70.0,1,4,3,653,0,0,1,9,1,0,0,2,1,2,E01011540
10257,20161338N0471,2016,1338N0471,3,2,1,1,33,6,3,0,0,0,0,0,9,1,5,2016,1338N0471,428563.0,427780.0,-1.568375,53.745614,13,3,3,2,02/08/2016,3,18:50,204,E08000035,E08000035,4,6123,1,70.0,1,4,3,653,0,0,1,9,1,0,0,2,1,2,E01011540
10258,20161338O0184,2016,1338O0184,1,1,3,1,37,7,3,4,3,0,0,0,0,1,8,2016,1338O0184,430267.0,433747.0,-1.541954,53.799149,13,3,1,1,24/08/2016,4,02:30,204,E08000035,E08000035,6,0,6,30.0,6,2,6,0,0,5,4,1,1,0,0,1,1,2,E01033010
10259,20161338O0350,2016,1338O0350,2,1,1,1,27,6,3,0,0,0,0,0,1,1,2,2016,1338O0350,427488.0,427891.0,-1.584665,53.74667,13,3,2,1,24/08/2016,4,07:15,204,E08000035,E08000035,6,0,6,30.0,0,-1,-1,-1,0,0,1,1,1,0,0,1,1,2,E01032490
10260,20161338O0388,2016,1338O0388,2,1,1,2,35,6,3,0,0,0,0,0,3,1,1,2016,1338O0388,429394.0,435524.0,-1.555039,53.815171,13,3,2,1,24/08/2016,4,08:22,204,E08000035,E08000035,6,0,6,30.0,3,4,6,0,0,0,1,1,1,0,0,1,1,2,E01011668
10261,20161338O0395,2016,1338O0395,2,1,1,1,43,7,3,0,0,0,0,0,1,1,8,2016,1338O0395,422023.0,434376.0,-1.667072,53.805215,13,3,2,1,24/08/2016,4,08:20,204,E08000035,E08000035,6,0,1,30.0,2,4,6,0,0,4,1,1,1,0,0,1,1,2,E01011587
10262,20161338O0459,2016,1338O0459,1,1,1,1,17,4,2,0,0,0,0,0,1,1,1,2016,1338O0459,425902.0,432233.0,-1.608351,53.785776,13,2,2,1,24/08/2016,4,09:20,204,E08000035,E08000035,6,0,6,20.0,3,2,3,6110,0,5,1,1,1,0,0,1,1,2,E01011730
10263,20161338O0501,2016,1338O0501,1,1,1,2,40,7,3,0,0,0,0,0,9,1,1,2016,1338O0501,434092.0,434196.0,-1.483834,53.802949,13,3,2,3,24/08/2016,4,09:54,204,E08000035,E08000035,6,0,3,40.0,0,-1,-1,-1,0,0,1,1,1,4,0,1,1,2,E01011346
10264,20161338O0501,2016,1338O0501,2,2,1,1,35,6,3,0,0,0,0,0,19,1,5,2016,1338O0501,434092.0,434196.0,-1.483834,53.802949,13,3,2,3,24/08/2016,4,09:54,204,E08000035,E08000035,6,0,3,40.0,0,-1,-1,-1,0,0,1,1,1,4,0,1,1,2,E01011346
10265,20161338O0501,2016,1338O0501,2,3,2,1,19,4,3,0,0,1,0,0,19,1,1,2016,1338O0501,434092.0,434196.0,-1.483834,53.802949,13,3,2,3,24/08/2016,4,09:54,204,E08000035,E08000035,6,0,3,40.0,0,-1,-1,-1,0,0,1,1,1,4,0,1,1,2,E01011346
10266,20161338O0570,2016,1338O0570,2,1,1,2,35,6,3,0,0,0,0,0,9,1,8,2016,1338O0570,432148.0,438744.0,-1.512876,53.843949,13,3,2,1,24/08/2016,4,10:30,204,E08000035,E08000035,6,0,6,30.0,0,-1,-1,-1,0,0,1,1,1,0,0,1,2,2,E01011652
10267,20161338O0647,2016,1338O0647,2,1,1,2,52,8,3,0,0,0,0,0,9,2,9,2016,1338O0647,440974.0,445831.0,-1.377795,53.907024,13,3,2,1,23/08/2016,3,16:20,204,E08000035,E08000035,2,1,7,70.0,1,4,3,659,0,0,1,1,1,0,0,2,2,1,E01011707
10268,20161338O1281,2016,1338O1281,1,1,2,2,26,6,2,0,0,2,0,0,9,1,1,2016,1338O1281,430424.0,424253.0,-1.540503,53.713809,13,2,1,2,24/08/2016,4,16:33,204,E08000035,E08000035,1,1,7,70.0,5,4,3,650,0,0,1,1,1,0,0,2,1,1,E01011537
10269,20161338O1281,2016,1338O1281,1,2,2,2,17,4,2,0,0,2,0,0,9,1,1,2016,1338O1281,430424.0,424253.0,-1.540503,53.713809,13,2,1,2,24/08/2016,4,16:33,204,E08000035,E08000035,1,1,7,70.0,5,4,3,650,0,0,1,1,1,0,0,2,1,1,E01011537
10270,20161338O1409,2016,1338O1409,1,1,1,2,65,9,3,0,0,0,0,0,9,1,7,2016,1338O1409,421079.0,436764.0,-1.681243,53.826718,13,3,2,1,24/08/2016,4,16:50,204,E08000035,E08000035,3,657,6,30.0,3,4,4,6156,0,0,1,1,1,0,0,1,2,2,E01011589
10271,20161338O1506,2016,1338O1506,2,1,2,1,11,3,3,0,0,2,0,0,9,1,1,2016,1338O1506,431935.0,435780.0,-1.516421,53.817322,13,3,2,1,24/08/2016,4,16:40,204,E08000035,E08000035,3,58,6,40.0,0,-1,-1,-1,0,0,1,1,1,0,0,1,2,2,E01011422
10272,20161338O1671,2016,1338O1671,2,1,1,1,42,7,3,0,0,0,0,0,9,1,1,2016,1338O1671,434702.0,434556.0,-1.474532,53.806144,13,3,2,1,24/08/2016,4,19:26,204,E08000035,E08000035,3,64,3,40.0,3,2,6,0,0,5,4,1,1,0,0,1,1,2,E01011341
10273,20161338O1845,2016,1338O1845,1,1,1,1,22,5,2,0,0,0,0,0,3,1,2,2016,1338O1845,423945.0,435413.0,-1.637807,53.814451,13,2,2,1,24/08/2016,4,20:57,204,E08000035,E08000035,6,0,6,30.0,0,-1,-1,-1,0,0,4,1,1,0,0,1,1,2,E01011329
10274,20161338P0284,2016,1338P0284,2,1,2,1,1,1,3,0,0,2,0,0,9,2,6,2016,1338P0284,444731.0,436447.0,-1.321977,53.822376,13,3,2,1,25/08/2016,5,07:42,204,E08000035,E08000035,4,1217,6,30.0,3,4,6,0,0,0,1,1,1,0,0,2,1,2,E01011297
10275,20161338P0301,2016,1338P0301,1,1,2,2,80,11,3,0,0,0,3,0,11,2,10,2016,1338P0301,420319.0,445470.0,-1.692215,53.904997,13,3,1,1,24/08/2016,4,18:45,204,E08000035,E08000035,6,0,6,30.0,0,-1,-1,-1,0,0,1,1,1,0,0,1,2,2,E01011569
10276,20161338P0901,2016,1338P0901,1,1,3,1,33,6,3,9,5,0,0,0,0,-1,-1,2016,1338P0901,429479.0,427285.0,-1.554533,53.741115,13,3,1,1,24/08/2016,4,12:15,204,E08000035,E08000035,6,0,6,30.0,0,-1,-1,-1,0,0,1,1,1,0,0,1,2,2,E01011497
10277,20161338P1011,2016,1338P1011,1,1,3,2,77,11,3,5,1,0,0,0,0,1,10,2016,1338P1011,440389.0,433269.0,-1.388347,53.794168,13,3,1,2,25/08/2016,5,15:05,204,E08000035,E08000035,4,6137,6,30.0,3,4,6,0,0,0,1,1,2,0,0,1,1,2,E01011396
10278,20161338P1011,2016,1338P1011,1,2,3,2,84,11,3,5,1,0,0,0,0,1,7,2016,1338P1011,440389.0,433269.0,-1.388347,53.794168,13,3,1,2,25/08/2016,5,15:05,204,E08000035,E08000035,4,6137,6,30.0,3,4,6,0,0,0,1,1,2,0,0,1,1,2,E01011396
10279,20161338P1020,2016,1338P1020,2,1,1,1,24,5,3,0,0,0,0,0,9,1,1,2016,1338P1020,429964.0,430996.0,-1.546821,53.774441,13,3,2,2,25/08/2016,5,15:10,204,E08000035,E08000035,6,0,6,30.0,3,4,6,0,0,0,1,1,1,0,0,1,1,2,E01011312
10280,20161338P1020,2016,1338P1020,2,2,2,2,23,5,3,0,0,1,0,0,9,1,1,2016,1338P1020,429964.0,430996.0,-1.546821,53.774441,13,3,2,2,25/08/2016,5,15:10,204,E08000035,E08000035,6,0,6,30.0,3,4,6,0,0,0,1,1,1,0,0,1,1,2,E01011312
10281,20161338P1294,2016,1338P1294,1,1,3,1,17,4,3,10,9,0,0,0,0,-1,-1,2016,1338P1294,432096.0,435513.0,-1.514003,53.814913,13,3,1,1,25/08/2016,5,17:00,204,E08000035,E08000035,6,0,6,30.0,0,-1,-1,-1,0,0,1,1,1,0,0,1,2,2,E01011430