,accident_index,accident_year_x,accident_reference_x,vehicle_reference,casualty_reference,casualty_class,sex_of_casualty,age_of_casualty,age_band_of_casualty,casualty_severity,pedestrian_location,pedestrian_movement,car_passenger,bus_or_coach_passenger,pedestrian_road_maintenance_worker,casualty_type,casualty_home_area_type,casualty_imd_decile,accident_year_y,accident_reference_y,location_easting_osgr,location_northing_osgr,longitude,latitude,police_force,accident_severity,number_of_vehicles,number_of_casualties,date,day_of_week,time,local_authority_district,local_authority_ons_district,local_authority_highway,first_road_class,first_road_number,road_type,speed_limit,junction_detail,junction_control,second_road_class,second_road_number,pedestrian_crossing_human_control,pedestrian_crossing_physical_facilities,light_conditions,weather_conditions,road_surface_conditions,special_conditions_at_site,carriageway_hazards,urban_or_rural_area,did_police_officer_attend_scene_of_accident,trunk_road_flag,lsoa_of_accident_location
10369,2016133960729,2016,133960729,1,1,3,2,16,4,3,1,1,0,0,0,0,1,1,2016,133960729,432183.0,433601.0,-1.512881,53.797722,13,3,1,1,06/09/2016,3,13:07,204,E08000035,E08000035,3,64,3,40.0,0,-1,-1,-1,0,5,1,1,1,0,0,1,2,2,E01011623
10370,2016133960903,2016,133960903,1,1,1,1,53,8,3,0,0,0,0,0,9,1,6,2016,133960903,421146.0,439328.0,-1.68005,53.84976,13,3,1,1,06/09/2016,3,14:45,204,E08000035,E08000035,3,65,6,40.0,0,-1,-1,-1,0,0,1,1,1,0,0,1,1,2,E01011457
10371,2016133970563,2016,133970563,2,1,1,1,44,7,2,0,0,0,0,0,5,1,1,2016,133970563,430277.0,431184.0,-1.542054,53.776113,13,2,2,1,31/08/2016,4,09:00,204,E08000035,E08000035,6,0,6,30.0,0,-1,-1,-1,0,0,1,9,1,0,0,1,2,2,E01011374
10372,2016133971286,2016,133971286,1,1,1,1,8,2,3,0,0,0,0,0,1,1,1,2016,133971286,429561.0,431591.0,-1.552879,53.779812,13,3,2,1,07/09/2016,4,17:05,204,E08000035,E08000035,6,0,6,30.0,0,-1,-1,-1,0,0,1,1,1,0,0,1,1,2,E01011364
10373,2016133971440,2016,133971440,1,1,2,2,78,11,3,0,0,2,0,0,8,-1,-1,2016,133971440,435070.0,435737.0,-1.46881,53.816734,13,3,1,1,07/09/2016,4,18:14,204,E08000035,E08000035,6,0,6,30.0,0,-1,-1,-1,0,0,1,9,1,0,0,1,1,2,E01011664
10374,2016133980286,2016,133980286,2,1,1,1,40,7,3,0,0,0,0,0,1,-1,-1,2016,133980286,427322.0,437204.0,-1.58636,53.830383,13,3,2,1,08/09/2016,5,08:20,204,E08000035,E08000035,3,660,6,30.0,3,4,6,0,0,0,1,1,1,0,0,1,1,2,E01011690
10375,2016133980593,2016,133980593,1,1,3,2,22,5,3,6,9,0,0,0,0,-1,-1,2016,133980593,431233.0,433776.0,-1.527286,53.799353,13,3,2,1,08/09/2016,5,11:40,204,E08000035,E08000035,6,0,6,30.0,0,-1,-1,-1,0,0,1,1,1,0,0,1,1,2,E01033031
10376,2016133981785,2016,133981785,2,1,2,1,13,3,2,0,0,2,0,0,9,1,1,2016,133981785,427300.0,426244.0,-1.587661,53.731876,13,2,2,2,08/09/2016,5,22:20,204,E08000035,E08000035,1,62,3,70.0,0,-1,-1,-1,0,0,4,1,1,4,0,2,1,1,E01011550
10377,2016133981785,2016,133981785,2,2,2,2,18,4,3,0,0,1,0,0,9,1,1,2016,133981785,427300.0,426244.0,-1.587661,53.731876,13,2,2,2,08/09/2016,5,22:20,204,E08000035,E08000035,1,62,3,70.0,0,-1,-1,-1,0,0,4,1,1,4,0,2,1,1,E01011550
10378,2016133990592,2016,133990592,1,1,2,2,71,10,3,0,0,1,0,0,9,1,7,2016,133990592,434673.0,428174.0,-1.475688,53.748786,13,3,2,1,09/09/2016,6,11:42,204,E08000035,E08000035,3,654,6,30.0,3,4,6,0,0,0,1,9,1,0,0,1,1,2,E01011633
10379,2016133990740,2016,133990740,1,1,1,1,18,4,3,0,0,0,0,0,1,1,3,2016,133990740,418152.0,442485.0,-1.725375,53.878248,13,3,2,1,09/09/2016,6,13:03,204,E08000035,E08000035,3,65,1,30.0,1,4,3,6038,0,0,1,1,1,0,0,1,1,2,E01011266
10380,2016133990889,2016,133990889,1,1,1,2,41,7,3,0,0,0,0,0,9,1,1,2016,133990889,430466.0,435596.0,-1.538751,53.815756,13,3,2,2,09/09/2016,6,14:05,204,E08000035,E08000035,3,61,3,40.0,3,4,6,0,0,0,1,1,1,0,0,1,1,2,E01011357
10381,2016133990889,2016,133990889,1,2,2,1,57,9,3,0,0,1,0,0,9,-1,-1,2016,133990889,430466.0,435596.0,-1.538751,53.815756,13,3,2,2,09/09/2016,6,14:05,204,E08000035,E08000035,3,61,3,40.0,3,4,6,0,0,0,1,1,1,0,0,1,1,2,E01011357
10382,20161339A1569,2016,1339A1569,1,1,1,2,29,6,3,0,0,0,0,0,9,1,3,2016,1339A1569,436761.0,437359.0,-1.442933,53.831196,13,3,2,2,10/09/2016,7,19:30,204,E08000035,E08000035,3,64,6,40.0,3,2,6,0,0,0,1,1,1,0,0,2,2,2,E01011714
10383,20161339A1569,2016,1339A1569,1,2,2,2,28,6,3,0,0,1,0,0,9,1,3,2016,1339A1569,436761.0,437359.0,-1.442933,53.831196,13,3,2,2,10/09/2016,7,19:30,204,E08000035,E08000035,3,64,6,40.0,3,2,6,0,0,0,1,1,1,0,0,2,2,2,E01011714
10384,20161339A2102,2016,1339A2102,1,1,3,1,21,5,2,9,7,0,0,0,0,3,6,2016,1339A2102,429283.0,435052.0,-1.55677,53.810935,13,2,1,1,10/09/2016,7,23:45,204,E08000035,E08000035,3,660,6,40.0,0,-1,-1,-1,0,0,4,1,1,0,0,1,1,2,E01033005
10385,20161339B0466,2016,1339B0466,2,1,1,1,36,7,3,0,0,0,0,0,9,1,6,2016,1339B0466,425635.0,433081.0,-1.612333,53.793411,13,3,2,3,10/09/2016,7,11:45,204,E08000035,E08000035,4,6154,6,30.0,3,4,4,6154,0,0,1,1,1,0,0,1,2,2,E01011725
10386,20161339B0466,2016,1339B0466,2,2,2,2,32,6,3,0,0,1,0,0,9,1,7,2016,1339B0466,425635.0,433081.0,-1.612333,53.793411,13,3,2,3,10/09/2016,7,11:45,204,E08000035,E08000035,4,6154,6,30.0,3,4,4,6154,0,0,1,1,1,0,0,1,2,2,E01011725
10387,20161339B0466,2016,1339B0466,2,3,2,1,1,1,3,0,0,2,0,0,9,1,6,2016,1339B0466,425635.0,433081.0,-1.612333,53.793411,13,3,2,3,10/09/2016,7,11:45,204,E08000035,E08000035,4,6154,6,30.0,3,4,4,6154,0,0,1,1,1,0,0,1,2,2,E01011725
10388,20161339B0766,2016,1339B0766,1,1,1,2,24,5,3,0,0,0,0,0,9,1,1,2016,1339B0766,431911.0,432896.0,-1.517083,53.791403,13,3,2,4,11/09/2016,1,11:35,204,E08000035,E08000035,6,0,6,30.0,3,4,6,0,0,0,1,1,1,0,0,1,1,2,E01011626
10389,20161339B0766,2016,1339B0766,1,2,2,2,27,6,3,0,0,1,0,0,9,1,1,2016,1339B0766,431911.0,432896.0,-1.517083,53.791403,13,3,2,4,11/09/2016,1,11:35,204,E08000035,E08000035,6,0,6,30.0,3,4,6,0,0,0,1,1,1,0,0,1,1,2,E01011626
10390,20161339B0766,2016,1339B0766,1,3,2,2,5,1,3,0,0,2,0,0,9,1,1,2016,1339B0766,431911.0,432896.0,-1.517083,53.791403,13,3,2,4,11/09/2016,1,11:35,204,E08000035,E08000035,6,0,6,30.0,3,4,6,0,0,0,1,1,1,0,0,1,1,2,E01011626
10391,20161339B0766,2016,1339B0766,2,4,2,2,9,2,3,0,0,1,0,0,9,1,2,2016,1339B0766,431911.0,432896.0,-1.517083,53.791403,13,3,2,4,11/09/2016,1,11:35,204,E08000035,E08000035,6,0,6,30.0,3,4,6,0,0,0,1,1,1,0,0,1,1,2,E01011626
10392,20161339B0890,2016,1339B0890,2,1,1,2,70,10,3,0,0,0,0,0,1,1,8,2016,1339B0890,429627.0,426921.0,-1.552324,53.737835,13,3,2,1,11/09/2016,1,12:31,204,E08000035,E08000035,3,654,6,60.0,0,-1,-1,-1,0,0,1,1,1,0,0,2,2,2,E01032495
10393,20161339C0309,2016,1339C0309,2,1,1,2,29,6,3,0,0,0,0,0,9,1,3,2016,1339C0309,431334.0,430535.0,-1.526081,53.770217,13,3,3,1,12/09/2016,2,08:40,204,E08000035,E08000035,1,621,3,50.0,0,-1,-1,-1,0,0,1,1,1,0,0,1,1,1,E01011472
10394,20161339C1406,2016,1339C1406,1,1,3,2,12,3,3,5,1,0,0,0,0,1,7,2016,1339C1406,423162.0,435004.0,-1.64973,53.810811,13,3,1,1,12/09/2016,2,17:00,204,E08000035,E08000035,4,6157,6,30.0,0,-1,-1,-1,0,0,1,1,1,0,0,1,2,2,E01011335
10395,20161339C1804,2016,1339C1804,1,1,1,1,22,5,2,0,0,0,0,0,3,1,1,2016,1339C1804,433090.0,435295.0,-1.49893,53.812891,13,2,2,1,12/09/2016,2,21:38,204,E08000035,E08000035,6,0,6,30.0,3,4,6,0,0,0,4,1,1,0,0,1,1,2,E01011431
10396,20161339D0001,2016,1339D0001,1,1,1,2,43,7,3,0,0,0,0,0,3,-1,-1,2016,1339D0001,445976.0,431196.0,-1.303847,53.775074,13,3,2,1,13/09/2016,3,19:25,204,E08000035,E08000035,4,1222,6,60.0,3,4,3,63,0,0,6,1,1,0,0,2,2,2,E01011299
10397,20161339D0191,2016,1339D0191,1,1,1,1,20,4,2,0,0,0,0,0,3,-1,-1,2016,1339D0191,428327.0,430445.0,-1.57171,53.76958,13,2,1,1,13/09/2016,3,03:50,204,E08000035,E08000035,6,0,6,30.0,9,4,6,0,0,0,4,1,1,0,0,1,1,2,E01011317
10398,20161339D0394,2016,1339D0394,1,1,1,2,29,6,2,0,0,0,0,0,9,1,1,2016,1339D0394,424928.0,427644.0,-1.623503,53.744578,13,2,2,3,13/09/2016,3,08:55,204,E08000035,E08000035,3,650,6,30.0,6,2,3,643,0,4,1,1,1,0,0,1,1,2,E01011530
10399,20161339D0394,2016,1339D0394,1,2,2,2,15,3,3,0,0,1,0,0,9,1,4,2016,1339D0394,424928.0,427644.0,-1.623503,53.744578,13,2,2,3,13/09/2016,3,08:55,204,E08000035,E08000035,3,650,6,30.0,6,2,3,643,0,4,1,1,1,0,0,1,1,2,E01011530
10400,20161339D0394,2016,1339D0394,2,3,1,1,42,7,2,0,0,0,0,0,9,1,3,2016,1339D0394,424928.0,427644.0,-1.623503,53.744578,13,2,2,3,13/09/2016,3,08:55,204,E08000035,E08000035,3,650,6,30.0,6,2,3,643,0,4,1,1,1,0,0,1,1,2,E01011530
10401,20161339D0592,2016,1339D0592,1,1,3,1,63,9,2,5,3,0,0,0,0,1,6,2016,1339D0592,419073.0,444870.0,-1.711218,53.899651,13,2,1,1,13/09/2016,3,10:50,204,E08000035,E08000035,6,0,6,30.0,0,-1,-1,-1,0,0,1,1,1,0,0,1,1,2,E01011571
10402,20161339D0889,2016,1339D0889,2,1,1,1,46,8,3,0,0,0,0,0,1,1,1,2016,1339D0889,430895.0,435533.0,-1.532241,53.815165,13,3,2,1,13/09/2016,3,13:35,204,E08000035,E08000035,6,0,6,30.0,3,4,6,0,0,0,1,1,1,0,0,1,1,2,E01011361
10403,20161339D1125,2016,1339D1125,1,1,3,1,9,2,2,5,2,0,0,0,0,1,4,2016,1339D1125,438218.0,440485.0,-1.420409,53.859186,13,2,1,1,13/09/2016,3,15:25,204,E08000035,E08000035,6,0,6,30.0,0,-1,-1,-1,0,0,1,1,1,0,0,2,1,2,E01011310
10404,20161339D1442,2016,1339D1442,2,1,1,1,57,9,3,0,0,0,0,0,9,1,4,2016,1339D1442,426287.0,435737.0,-1.60221,53.817251,13,3,2,3,13/09/2016,3,16:20,204,E08000035,E08000035,3,65,6,30.0,0,-1,-1,-1,0,0,1,1,1,0,0,1,2,2,E01011488
10405,20161339D1442,2016,1339D1442,2,2,2,2,58,9,3,0,0,1,0,0,9,1,4,2016,1339D1442,426287.0,435737.0,-1.60221,53.817251,13,3,2,3,13/09/2016,3,16:20,204,E08000035,E08000035,3,65,6,30.0,0,-1,-1,-1,0,0,1,1,1,0,0,1,2,2,E01011488
10406,20161339D1442,2016,1339D1442,2,3,2,2,39,7,3,0,0,2,0,0,9,1,4,2016,1339D1442,426287.0,435737.0,-1.60221,53.817251,13,3,2,3,13/09/2016,3,16:20,204,E08000035,E08000035,3,65,6,30.0,0,-1,-1,-1,0,0,1,1,1,0,0,1,2,2,E01011488
10407,20161339E1119,2016,1339E1119,2,1,1,2,28,6,3,0,0,0,0,0,9,1,4,2016,1339E1119,429238.0,437207.0,-1.557249,53.830306,13,3,2,1,14/09/2016,4,15:45,204,E08000035,E08000035,6,0,2,30.0,3,4,6,0,0,0,1,1,1,0,0,1,1,2,E01011688
10408,20161339E1128,2016,1339E1128,1,1,3,1,33,6,3,5,1,0,0,0,0,1,7,2016,1339E1128,430756.0,438436.0,-1.534063,53.841265,13,3,1,1,14/09/2016,4,15:45,204,E08000035,E08000035,6,0,6,30.0,6,4,6,0,0,0,1,1,1,0,0,1,1,2,E01011514
10409,20161339F0065,2016,1339F0065,2,1,1,1,45,7,3,0,0,0,0,0,8,-1,-1,2016,1339F0065,428089.0,435417.0,-1.574869,53.814281,13,3,2,1,15/09/2016,5,00:51,204,E08000035,E08000035,6,0,6,30.0,3,4,6,0,0,0,4,1,1,0,0,1,1,2,E01011446
10410,20161339F0994,2016,1339F0994,1,1,1,1,32,6,3,0,0,0,0,0,3,-1,-1,2016,1339F0994,425731.0,428087.0,-1.611291,53.748521,13,3,1,1,15/09/2016,5,14:15,204,E08000035,E08000035,3,643,6,30.0,0,-1,-1,-1,0,5,1,1,1,0,0,1,1,2,E01011532
10411,20161339F1107,2016,1339F1107,1,1,1,2,23,5,3,0,0,0,0,0,9,1,6,2016,1339F1107,427797.0,434429.0,-1.579393,53.805416,13,3,2,1,15/09/2016,5,15:21,204,E08000035,E08000035,3,65,6,30.0,3,4,6,0,0,0,1,1,1,0,0,1,1,2,E01011483
10412,20161339F1406,2016,1339F1406,1,1,3,1,9,2,2,1,3,0,0,0,0,-1,-1,2016,1339F1406,429492.0,439370.0,-1.553183,53.849732,13,2,1,1,15/09/2016,5,17:30,204,E08000035,E08000035,6,0,6,30.0,0,-1,-1,-1,0,4,1,1,1,0,0,1,1,2,E01011559
10413,20161339F1462,2016,1339F1462,1,2,2,2,33,6,3,0,0,2,0,0,8,1,2,2016,1339F1462,428510.0,433040.0,-1.568695,53.792894,13,3,2,3,15/09/2016,5,18:05,204,E08000035,E08000035,3,58,6,30.0,1,4,4,6154,0,0,1,1,1,0,0,1,1,2,E01011363
10414,20161339F1462,2016,1339F1462,1,3,2,2,48,8,3,0,0,2,0,0,8,-1,-1,2016,1339F1462,428510.0,433040.0,-1.568695,53.792894,13,3,2,3,15/09/2016,5,18:05,204,E08000035,E08000035,3,58,6,30.0,1,4,4,6154,0,0,1,1,1,0,0,1,1,2,E01011363
10415,20161339F1462,2016,1339F1462,2,1,1,1,45,7,3,0,0,0,0,0,8,1,1,2016,1339F1462,428510.0,433040.0,-1.568695,53.792894,13,3,2,3,15/09/2016,5,18:05,204,E08000035,E08000035,3,58,6,30.0,1,4,4,6154,0,0,1,1,1,0,0,1,1,2,E01011363
10416,20161339F1824,2016,1339F1824,1,1,2,2,27,6,3,0,0,2,0,0,8,1,1,2016,1339F1824,427275.0,433490.0,-1.587402,53.797004,13,3,2,1,15/09/2016,5,20:30,204,E08000035,E08000035,6,0,3,30.0,3,4,6,0,0,0,4,9,1,0,0,1,2,2,E01011293
10417,20161339G0414,2016,1339G0414,1,1,1,1,53,8,2,0,0,0,0,0,1,1,7,2016,1339G0414,429859.0,433411.0,-1.548181,53.796153,13,2,1,1,16/09/2016,6,09:29,204,E08000035,E08000035,6,0,6,30.0,0,-1,-1,-1,0,4,1,2,2,0,6,1,1,2,E01033016
10418,20161339G0908,2016,1339G0908,2,1,1,1,48,8,3,0,0,0,0,0,9,1,7,2016,1339G0908,429897.0,436857.0,-1.547271,53.827123,13,3,2,1,16/09/2016,6,14:10,204,E08000035,E08000035,3,61,3,40.0,0,-1,-1,-1,0,4,1,1,1,0,0,1,1,2,E01011355
10419,20161339G1195,2016,1339G1195,1,1,2,1,75,10,3,0,0,0,2,0,11,-1,-1,2016,1339G1195,422077.0,434191.0,-1.666265,53.80355,13,3,1,1,16/09/2016,6,15:40,204,E08000035,E08000035,6,0,6,30.0,0,-1,-1,-1,0,0,1,1,1,0,0,1,2,2,E01011587
10420,20161339G1212,2016,1339G1212,1,1,1,1,33,6,3,0,0,0,0,0,9,1,9,2016,1339G1212,420048.0,437089.0,-1.696885,53.829679,13,2,3,3,16/09/2016,6,16:40,204,E08000035,E08000035,3,657,6,40.0,3,4,6,0,0,0,1,1,1,0,0,1,1,2,E01011590
10421,20161339G1212,2016,1339G1212,2,2,1,1,38,7,3,0,0,0,0,0,9,1,5,2016,1339G1212,420048.0,437089.0,-1.696885,53.829679,13,2,3,3,16/09/2016,6,16:40,204,E08000035,E08000035,3,657,6,40.0,3,4,6,0,0,0,1,1,1,0,0,1,1,2,E01011590
10422,20161339G1212,2016,1339G1212,2,3,2,2,34,6,2,0,0,1,0,0,9,1,1,2016,1339G1212,420048.0,437089.0,-1.696885,53.829679,13,2,3,3,16/09/2016,6,16:40,204,E08000035,E08000035,3,657,6,40.0,3,4,6,0,0,0,1,1,1,0,0,1,1,2,E01011590
10423,20161339G1331,2016,1339G1331,1,1,3,1,5,1,3,10,1,0,0,0,0,1,1,2016,1339G1331,431494.0,435607.0,-1.523136,53.815794,13,3,1,1,16/09/2016,6,17:35,204,E08000035,E08000035,6,0,6,20.0,0,-1,-1,-1,0,0,1,1,1,0,0,1,1,2,E01011426
10424,20161339G1445,2016,1339G1445,1,1,1,1,27,6,2,0,0,0,0,0,9,1,2,2016,1339G1445,429344.0,439071.0,-1.555461,53.847053,13,2,2,4,16/09/2016,6,18:20,204,E08000035,E08000035,6,0,6,30.0,0,-1,-1,-1,0,0,1,1,1,0,0,1,1,2,E01011559
10425,20161339G1445,2016,1339G1445,1,2,2,1,34,6,3,0,0,1,0,0,9,1,2,2016,1339G1445,429344.0,439071.0,-1.555461,53.847053,13,2,2,4,16/09/2016,6,18:20,204,E08000035,E08000035,6,0,6,30.0,0,-1,-1,-1,0,0,1,1,1,0,0,1,1,2,E01011559
10426,20161339G1445,2016,1339G1445,2,3,2,1,63,9,3,0,0,0,4,0,11,1,7,2016,1339G1445,429344.0,439071.0,-1.555461,53.847053,13,2,2,4,16/09/2016,6,18:20,204,E08000035,E08000035,6,0,6,30.0,0,-1,-1,-1,0,0,1,1,1,0,0,1,1,2,E01011559
10427,20161339G1445,2016,1339G1445,2,4,1,1,57,9,3,0,0,0,0,0,11,1,8,2016,1339G1445,429344.0,439071.0,-1.555461,53.847053,13,2,2,4,16/09/2016,6,18:20,204,E08000035,E08000035,6,0,6,30.0,0,-1,-1,-1,0,0,1,1,1,0,0,1,1,2,E01011559
10428,20161339G1452,2016,1339G1452,2,1,1,2,22,5,3,0,0,0,0,0,9,1,1,2016,1339G1452,429116.0,432175.0,-1.559577,53.785086,13,3,2,1,16/09/2016,6,18:20,204,E08000035,E08000035,6,0,6,30.0,3,4,6,0,0,0,1,1,1,0,0,1,1,2,E01011364
10429,20161339G1621,2016,1339G1621,1,1,1,2,32,6,3,0,0,0,0,0,9,1,6,2016,1339G1621,431012.0,424619.0,-1.531558,53.717064,13,3,2,1,16/09/2016,6,19:30,204,E08000035,E08000035,1,1,3,70.0,5,2,3,650,0,0,4,1,1,0,0,2,1,1,E01011537
10430,20161339G1786,2016,1339G1786,2,1,1,1,65,9,3,0,0,0,0,0,9,1,10,2016,1339G1786,431399.0,435025.0,-1.524638,53.810569,13,3,2,1,16/09/2016,6,21:01,204,E08000035,E08000035,6,0,6,30.0,6,2,6,0,0,0,4,9,1,0,0,1,1,2,E01011673
10431,20161339H0171,2016,1339H0171,1,1,1,1,19,4,2,0,0,0,0,0,9,-1,-1,2016,1339H0171,432781.0,439114.0,-1.503217,53.847235,13,2,2,1,17/09/2016,7,02:05,204,E08000035,E08000035,6,0,6,30.0,0,-1,-1,-1,0,0,1,1,1,0,0,1,1,2,E01011651
10432,20161339H0967,2016,1339H0967,2,1,1,1,33,6,3,0,0,0,0,0,1,1,1,2016,1339H0967,432341.0,433706.0,-1.510471,53.798656,13,3,2,1,17/09/2016,7,14:17,204,E08000035,E08000035,3,64,1,30.0,1,4,6,0,0,0,1,9,1,0,0,1,1,2,E01011348
10433,20161339H1391,2016,1339H1391,2,1,1,2,45,7,3,0,0,0,0,0,9,1,3,2016,1339H1391,424526.0,437060.0,-1.628852,53.829228,13,3,2,1,17/09/2016,7,18:09,204,E08000035,E08000035,6,0,6,30.0,3,2,3,65,0,0,1,1,1,0,0,1,1,2,E01011453
10434,20161339H1871,2016,1339H1871,2,1,1,1,19,4,3,0,0,0,0,0,9,-1,-1,2016,1339H1871,431210.0,433748.0,-1.527638,53.799103,13,3,3,2,17/09/2016,7,22:08,204,E08000035,E08000035,6,0,3,30.0,3,2,6,0,0,0,1,1,1,0,0,1,1,2,E01033031
10435,20161339H1871,2016,1339H1871,2,2,2,1,50,8,3,0,0,1,0,0,9,-1,-1,2016,1339H1871,431210.0,433748.0,-1.527638,53.799103,13,3,3,2,17/09/2016,7,22:08,204,E08000035,E08000035,6,0,3,30.0,3,2,6,0,0,0,1,1,1,0,0,1,1,2,E01033031
10436,20161339I0261,2016,1339I0261,2,1,1,1,56,9,2,0,0,0,0,0,9,-1,-1,2016,1339I0261,442623.0,428166.0,-1.355139,53.748126,13,2,2,1,18/09/2016,1,02:55,204,E08000035,E08000035,3,656,6,50.0,0,-1,-1,-1,0,0,1,1,1,0,0,2,1,2,E01011299
10437,20161339I1394,2016,1339I1394,1,1,2,2,25,5,3,0,0,2,0,0,8,1,3,2016,1339I1394,428608.0,431571.0,-1.567343,53.779685,13,3,2,1,18/09/2016,1,17:45,204,E08000035,E08000035,1,621,6,30.0,1,2,3,643,0,5,1,1,1,0,0,1,2,1,E01011366
10438,20161339I1421,2016,1339I1421,2,1,1,2,20,4,3,0,0,0,0,0,9,1,6,2016,1339I1421,431158.0,435487.0,-1.528252,53.814736,13,3,2,2,18/09/2016,1,17:44,204,E08000035,E08000035,6,0,6,30.0,6,4,6,0,0,0,1,1,1,0,0,1,1,2,E01011361
10439,20161339I1421,2016,1339I1421,2,2,2,2,20,4,3,0,0,1,0,0,9,1,2,2016,1339I1421,431158.0,435487.0,-1.528252,53.814736,13,3,2,2,18/09/2016,1,17:44,204,E08000035,E08000035,6,0,6,30.0,6,4,6,0,0,0,1,1,1,0,0,1,1,2,E01011361
10440,20161339J0232,2016,1339J0232,2,1,1,1,26,6,2,0,0,0,0,0,1,-1,-1,2016,1339J0232,430756.0,436699.0,-1.534236,53.825653,13,2,2,1,19/09/2016,2,07:30,204,E08000035,E08000035,6,0,6,30.0,9,4,6,0,0,0,1,2,2,0,0,1,1,2,E01011352
10441,20161339J0486,2016,1339J0486,1,1,1,2,43,7,3,0,0,0,0,0,9,1,1,2016,1339J0486,420356.0,434252.0,-1.692393,53.804169,13,3,2,1,19/09/2016,2,10:15,204,E08000035,E08000035,3,647,1,40.0,1,4,6,0,0,0,1,9,1,0,0,1,2,2,E01011595
10442,20161339J0616,2016,1339J0616,1,1,1,1,17,4,3,0,0,0,0,0,9,-1,-1,2016,1339J0616,418781.0,441812.0,-1.715848,53.872177,13,3,2,1,19/09/2016,2,12:05,204,E08000035,E08000035,6,0,6,20.0,3,4,6,0,0,0,1,1,1,0,0,1,1,2,E01011265
10443,20161339J1233,2016,1339J1233,1,1,3,1,12,3,3,5,1,0,0,0,0,1,1,2016,1339J1233,434915.0,433573.0,-1.471409,53.797295,13,3,1,1,19/09/2016,2,16:45,204,E08000035,E08000035,6,0,6,30.0,0,-1,-1,-1,0,0,1,1,1,0,0,1,2,2,E01011415
10444,20161339J1326,2016,1339J1326,2,1,1,1,21,5,3,0,0,0,0,0,9,1,5,2016,1339J1326,424206.0,428254.0,-1.634403,53.750094,13,3,2,1,19/09/2016,2,17:50,204,E08000035,E08000035,3,62,1,30.0,1,2,3,650,0,0,1,1,1,0,0,1,1,1,E01011523
10445,20161339J1630,2016,1339J1630,2,1,1,1,28,6,3,0,0,0,0,0,1,1,1,2016,1339J1630,430051.0,432663.0,-1.545339,53.789419,13,3,2,1,19/09/2016,2,20:10,204,E08000035,E08000035,6,0,2,40.0,0,-1,-1,-1,0,0,4,1,1,0,0,1,1,2,E01033016
10446,20161339K1189,2016,1339K1189,1,1,1,2,35,6,3,0,0,0,0,0,1,1,8,2016,1339K1189,428136.0,435845.0,-1.574116,53.818125,13,3,2,1,20/09/2016,3,14:55,204,E08000035,E08000035,3,660,6,30.0,3,4,6,0,0,0,1,1,1,0,0,1,2,2,E01032946
10447,20161339K1397,2016,1339K1397,2,1,1,1,48,8,3,0,0,0,0,0,1,1,4,2016,1339K1397,428842.0,433988.0,-1.563566,53.801396,13,3,2,1,20/09/2016,3,18:20,204,E08000035,E08000035,6,0,6,30.0,3,4,6,0,0,0,1,1,1,0,0,1,1,2,E01011678
10448,20161339K1553,2016,1339K1553,2,1,1,1,44,7,3,0,0,0,0,0,1,1,7,2016,1339K1553,423828.0,431583.0,-1.639879,53.780033,13,3,2,1,20/09/2016,3,19:25,204,E08000035,E08000035,6,0,6,40.0,3,4,6,0,0,0,4,1,1,0,0,2,1,2,E01011728
10449,20161339K1759,2016,1339K1759,1,1,3,1,42,7,3,10,9,0,0,0,0,1,3,2016,1339K1759,429858.0,432313.0,-1.548302,53.786284,13,3,1,1,16/09/2016,6,09:05,204,E08000035,E08000035,6,0,2,30.0,6,2,6,0,0,4,1,1,1,0,0,1,2,2,E01033032
10450,20161339K1763,2016,1339K1763,1,1,3,1,25,5,3,5,1,0,0,0,0,-1,-1,2016,1339K1763,428822.0,430309.0,-1.564213,53.768331,13,3,1,1,20/09/2016,3,21:15,204,E08000035,E08000035,6,0,6,30.0,0,-1,-1,-1,0,0,4,1,1,0,0,1,1,2,E01011315
10451,20161339K1936,2016,1339K1936,1,1,2,1,21,5,3,0,0,1,0,0,9,-1,-1,2016,1339K1936,431884.0,435515.0,-1.517223,53.814943,13,3,2,2,20/09/2016,3,22:45,204,E08000035,E08000035,6,0,6,30.0,3,4,6,0,0,0,4,1,1,0,0,1,1,2,E01011428
10452,20161339K1936,2016,1339K1936,2,2,1,1,31,6,3,0,0,0,0,0,9,-1,-1,2016,1339K1936,431884.0,435515.0,-1.517223,53.814943,13,3,2,2,20/09/2016,3,22:45,204,E08000035,E08000035,6,0,6,30.0,3,4,6,0,0,0,4,1,1,0,0,1,1,2,E01011428
10453,20161339L0583,2016,1339L0583,1,1,3,2,71,10,3,5,1,0,0,0,0,1,6,2016,1339L0583,422589.0,433727.0,-1.658525,53.799358,13,3,1,1,21/09/2016,4,10:30,204,E08000035,E08000035,6,0,6,30.0,3,4,6,0,0,0,1,1,1,0,0,1,2,2,E01011612
10454,20161339L1121,2016,1339L1121,2,1,1,1,22,5,2,0,0,0,0,0,1,3,9,2016,1339L1121,429120.0,433860.0,-1.559358,53.80023,13,2,2,1,28/09/2016,4,18:00,204,E08000035,E08000035,6,0,6,30.0,3,4,6,0,0,0,1,1,1,0,0,1,2,2,E01011678
10455,20161339L1262,2016,1339L1262,1,1,3,1,4,1,3,5,2,0,0,0,0,-1,-1,2016,1339L1262,424640.0,434863.0,-1.627296,53.809476,13,3,1,1,21/09/2016,4,17:00,204,E08000035,E08000035,6,0,6,20.0,0,-1,-1,-1,0,0,1,1,1,0,0,1,1,2,E01011336