,accident_index,accident_year_x,accident_reference_x,vehicle_reference,casualty_reference,casualty_class,sex_of_casualty,age_of_casualty,age_band_of_casualty,casualty_severity,pedestrian_location,pedestrian_movement,car_passenger,bus_or_coach_passenger,pedestrian_road_maintenance_worker,casualty_type,casualty_home_area_type,casualty_imd_decile,accident_year_y,accident_reference_y,location_easting_osgr,location_northing_osgr,longitude,latitude,police_force,accident_severity,number_of_vehicles,number_of_casualties,date,day_of_week,time,local_authority_district,local_authority_ons_district,local_authority_highway,first_road_class,first_road_number,road_type,speed_limit,junction_detail,junction_control,second_road_class,second_road_number,pedestrian_crossing_human_control,pedestrian_crossing_physical_facilities,light_conditions,weather_conditions,road_surface_conditions,special_conditions_at_site,carriageway_hazards,urban_or_rural_area,did_police_officer_attend_scene_of_accident,trunk_road_flag,lsoa_of_accident_location
10456,20161339L1271,2016,1339L1271,1,1,3,2,36,7,3,10,9,0,0,0,0,-1,-1,2016,1339L1271,430682.0,433457.0,-1.535683,53.796519,13,3,1,1,21/09/2016,4,16:30,204,E08000035,E08000035,6,0,6,30.0,0,-1,-1,-1,0,0,1,1,1,0,0,1,2,2,E01033011
10457,20161339L1283,2016,1339L1283,1,1,1,2,44,7,2,0,0,0,0,0,9,-1,-1,2016,1339L1283,427019.0,433108.0,-1.591322,53.793584,13,2,2,1,21/09/2016,4,16:45,204,E08000035,E08000035,4,6154,6,30.0,3,4,6,0,0,0,1,1,1,0,0,1,1,2,E01011292
10458,20161339L1709,2016,1339L1709,1,1,3,2,69,10,2,4,3,0,0,0,0,-1,-1,2016,1339L1709,431673.0,434504.0,-1.520531,53.80587,13,2,1,1,21/09/2016,4,19:59,204,E08000035,E08000035,6,0,6,30.0,0,-1,-1,-1,2,4,4,5,2,0,0,1,1,2,E01033035
10459,20161339L1808,2016,1339L1808,2,1,1,2,33,6,3,0,0,0,0,0,1,-1,-1,2016,1339L1808,429352.0,433479.0,-1.555871,53.796793,13,3,2,1,21/09/2016,4,17:00,204,E08000035,E08000035,6,0,6,30.0,0,-1,-1,-1,0,0,1,1,1,0,0,1,2,2,E01033008
10460,20161339L1956,2016,1339L1956,1,1,1,2,39,7,3,0,0,0,0,0,9,1,9,2016,1339L1956,430684.0,439154.0,-1.535086,53.847722,13,3,2,1,21/09/2016,4,22:10,204,E08000035,E08000035,3,61,1,40.0,1,4,3,6120,0,0,4,1,2,0,0,1,2,2,E01011512
10461,20161339M0211,2016,1339M0211,1,1,1,1,19,4,3,0,0,0,0,0,9,1,7,2016,1339M0211,433091.0,429114.0,-1.499576,53.757337,13,3,2,1,22/09/2016,5,05:55,204,E08000035,E08000035,6,0,6,30.0,0,-1,-1,-1,0,0,1,2,2,0,0,1,1,2,E01011630
10462,20161339M0509,2016,1339M0509,1,1,1,1,19,4,3,0,0,0,0,0,19,1,7,2016,1339M0509,432788.0,431994.0,-1.503867,53.783241,13,3,2,2,22/09/2016,5,10:45,204,E08000035,E08000035,6,0,6,30.0,3,4,6,0,0,0,1,1,1,0,0,1,1,2,E01011621
10463,20161339M0509,2016,1339M0509,2,2,1,1,55,8,3,0,0,0,0,0,19,1,8,2016,1339M0509,432788.0,431994.0,-1.503867,53.783241,13,3,2,2,22/09/2016,5,10:45,204,E08000035,E08000035,6,0,6,30.0,3,4,6,0,0,0,1,1,1,0,0,1,1,2,E01011621
10464,20161339M1007,2016,1339M1007,1,1,3,1,19,4,2,5,1,0,0,0,0,-1,-1,2016,1339M1007,426113.0,434359.0,-1.604969,53.804874,13,2,1,1,22/09/2016,5,15:20,204,E08000035,E08000035,6,0,6,30.0,0,-1,-1,-1,0,0,1,1,1,0,0,1,1,2,E01011281
10465,20161339M1162,2016,1339M1162,1,1,1,1,12,3,3,0,0,0,0,0,1,1,9,2016,1339M1162,429847.0,438427.0,-1.547878,53.841237,13,3,2,1,22/09/2016,5,16:27,204,E08000035,E08000035,6,0,6,30.0,3,4,6,0,0,0,1,1,1,0,0,1,1,2,E01011505
10466,20161339M1265,2016,1339M1265,2,1,1,1,26,6,3,0,0,0,0,0,1,1,1,2016,1339M1265,427557.0,431339.0,-1.583312,53.777656,13,3,2,1,22/09/2016,5,17:10,204,E08000035,E08000035,3,6110,3,40.0,6,2,3,62,0,5,1,1,1,0,0,1,1,2,E01011369
10467,20161339N0215,2016,1339N0215,2,1,1,2,29,6,3,0,0,0,0,0,1,1,10,2016,1339N0215,428410.0,432473.0,-1.570265,53.787803,13,3,2,1,23/09/2016,6,07:15,204,E08000035,E08000035,3,62,1,30.0,1,4,3,58,0,0,1,1,1,0,0,1,1,2,E01011363
10468,20161339N0257,2016,1339N0257,2,1,1,1,33,6,2,0,0,0,0,0,1,3,10,2016,1339N0257,432630.0,435851.0,-1.505857,53.817917,13,2,2,1,23/09/2016,6,08:08,204,E08000035,E08000035,3,58,3,40.0,3,4,6,0,0,0,1,1,1,0,0,1,1,2,E01011424
10469,20161339N0313,2016,1339N0313,2,1,1,2,21,5,3,0,0,0,0,0,1,-1,-1,2016,1339N0313,426692.0,435792.0,-1.596054,53.817725,13,3,2,1,23/09/2016,6,08:56,204,E08000035,E08000035,6,0,6,30.0,6,4,6,0,0,0,1,1,1,0,0,1,1,2,E01011489
10470,20161339N0356,2016,1339N0356,2,1,1,1,48,8,3,0,0,0,0,0,1,1,9,2016,1339N0356,430918.0,436095.0,-1.531836,53.820215,13,3,2,1,23/09/2016,6,09:21,204,E08000035,E08000035,6,0,6,30.0,0,-1,-1,-1,0,0,1,1,1,0,0,1,1,2,E01011356
10471,20161339N0868,2016,1339N0868,1,1,3,1,33,6,2,5,9,0,0,0,0,1,3,2016,1339N0868,440872.0,433587.0,-1.380974,53.796988,13,2,1,1,23/09/2016,6,13:55,204,E08000035,E08000035,3,642,6,20.0,0,-1,-1,-1,0,1,1,9,1,0,0,1,2,2,E01011396
10472,20161339N0869,2016,1339N0869,2,1,1,2,60,9,3,0,0,0,0,0,9,1,4,2016,1339N0869,420017.0,434132.0,-1.697548,53.803103,13,3,2,1,23/09/2016,6,14:00,204,E08000035,E08000035,3,647,3,40.0,0,-1,-1,-1,0,0,1,1,1,0,0,1,1,2,E01011597
10473,20161339N1193,2016,1339N1193,1,1,2,2,61,9,3,0,0,0,4,0,11,1,1,2016,1339N1193,424127.0,444007.0,-1.63437,53.891685,13,3,1,1,23/09/2016,6,14:48,204,E08000035,E08000035,3,658,6,40.0,6,2,3,660,0,0,1,1,1,0,0,2,2,2,E01032503
10474,20161339N1212,2016,1339N1212,1,1,3,1,14,3,2,5,1,0,0,0,0,1,1,2016,1339N1212,429380.0,437282.0,-1.555085,53.830972,13,2,1,1,23/09/2016,6,16:45,204,E08000035,E08000035,6,0,6,30.0,0,-1,-1,-1,0,4,1,1,1,0,0,1,1,2,E01011688
10475,20161339N1408,2016,1339N1408,1,1,3,1,7,2,3,5,4,0,0,0,0,1,1,2016,1339N1408,435303.0,435081.0,-1.465346,53.810823,13,3,1,1,23/09/2016,6,18:22,204,E08000035,E08000035,6,0,6,30.0,0,-1,-1,-1,0,0,1,1,1,0,0,1,1,2,E01011667
10476,20161339N1617,2016,1339N1617,2,1,1,1,33,6,3,0,0,0,0,0,8,1,1,2016,1339N1617,434202.0,436976.0,-1.481856,53.827928,13,3,2,1,23/09/2016,6,19:54,204,E08000035,E08000035,3,58,3,40.0,3,2,6,0,0,5,4,1,1,0,0,2,1,2,E01011658
10477,20161339O1133,2016,1339O1133,1,1,3,2,27,6,3,5,1,0,0,0,0,1,2,2016,1339O1133,428668.0,437025.0,-1.565926,53.828702,13,3,1,1,24/09/2016,7,16:05,204,E08000035,E08000035,4,6157,6,30.0,3,4,4,6159,0,0,1,1,1,0,0,1,1,2,E01011691
10478,20161339O1214,2016,1339O1214,1,1,1,2,43,7,2,0,0,0,0,0,9,1,2,2016,1339O1214,433487.0,425871.0,-1.49392,53.728164,13,2,1,6,24/09/2016,7,16:45,204,E08000035,E08000035,1,62,3,70.0,0,-1,-1,-1,0,0,1,1,1,0,0,2,1,1,E01011500
10479,20161339O1214,2016,1339O1214,1,2,2,2,9,2,2,0,0,2,0,0,9,1,2,2016,1339O1214,433487.0,425871.0,-1.49392,53.728164,13,2,1,6,24/09/2016,7,16:45,204,E08000035,E08000035,1,62,3,70.0,0,-1,-1,-1,0,0,1,1,1,0,0,2,1,1,E01011500
10480,20161339O1214,2016,1339O1214,1,3,2,2,14,3,3,0,0,2,0,0,9,1,2,2016,1339O1214,433487.0,425871.0,-1.49392,53.728164,13,2,1,6,24/09/2016,7,16:45,204,E08000035,E08000035,1,62,3,70.0,0,-1,-1,-1,0,0,1,1,1,0,0,2,1,1,E01011500
10481,20161339O1214,2016,1339O1214,1,4,2,2,21,5,3,0,0,1,0,0,9,1,2,2016,1339O1214,433487.0,425871.0,-1.49392,53.728164,13,2,1,6,24/09/2016,7,16:45,204,E08000035,E08000035,1,62,3,70.0,0,-1,-1,-1,0,0,1,1,1,0,0,2,1,1,E01011500
10482,20161339O1214,2016,1339O1214,1,5,2,2,16,4,3,0,0,2,0,0,9,1,2,2016,1339O1214,433487.0,425871.0,-1.49392,53.728164,13,2,1,6,24/09/2016,7,16:45,204,E08000035,E08000035,1,62,3,70.0,0,-1,-1,-1,0,0,1,1,1,0,0,2,1,1,E01011500
10483,20161339O1214,2016,1339O1214,1,6,2,1,4,1,3,0,0,2,0,0,9,1,2,2016,1339O1214,433487.0,425871.0,-1.49392,53.728164,13,2,1,6,24/09/2016,7,16:45,204,E08000035,E08000035,1,62,3,70.0,0,-1,-1,-1,0,0,1,1,1,0,0,2,1,1,E01011500
10484,20161339O1270,2016,1339O1270,1,1,3,2,34,6,3,5,1,0,0,0,0,1,1,2016,1339O1270,430267.0,433740.0,-1.541955,53.799086,13,3,1,1,24/09/2016,7,17:09,204,E08000035,E08000035,6,0,6,30.0,6,2,6,0,0,4,1,1,1,0,0,1,1,2,E01033010
10485,20161339O1970,2016,1339O1970,2,1,1,2,20,4,3,0,0,0,0,0,9,-1,-1,2016,1339O1970,429038.0,433535.0,-1.560633,53.797314,13,3,4,1,24/09/2016,7,23:00,204,E08000035,E08000035,2,58,3,40.0,0,-1,-1,-1,0,0,4,1,1,0,0,1,1,2,E01011678
10486,20161339P0142,2016,1339P0142,1,1,3,1,19,4,3,1,1,0,0,0,0,1,7,2016,1339P0142,429886.0,434288.0,-1.547686,53.804034,13,3,1,1,25/09/2016,1,01:30,204,E08000035,E08000035,3,660,6,30.0,3,2,6,0,0,5,4,2,2,0,0,1,1,2,E01033008
10487,20161339P1178,2016,1339P1178,2,1,1,2,49,8,3,0,0,0,0,0,1,1,10,2016,1339P1178,432875.0,438292.0,-1.501876,53.839841,13,3,2,1,25/09/2016,1,16:30,204,E08000035,E08000035,6,0,6,30.0,0,-1,-1,-1,0,0,1,1,1,0,0,2,2,2,E01011650
10488,20161339Q0144,2016,1339Q0144,1,1,1,1,81,11,3,0,0,0,0,0,9,1,10,2016,1339Q0144,422426.0,441621.0,-1.660426,53.870316,13,3,1,1,26/09/2016,2,04:38,204,E08000035,E08000035,6,0,6,20.0,0,-1,-1,-1,0,0,4,1,1,0,0,1,1,2,E01032503
10489,20161339Q0216,2016,1339Q0216,1,1,1,2,55,8,3,0,0,0,0,0,9,1,8,2016,1339Q0216,436917.0,434335.0,-1.440925,53.804006,13,3,2,3,26/06/2016,1,07:31,204,E08000035,E08000035,6,0,6,40.0,9,4,6,0,0,0,1,1,1,0,0,1,1,2,E01011412
10490,20161339Q0216,2016,1339Q0216,2,2,1,2,43,7,3,0,0,0,0,0,9,1,2,2016,1339Q0216,436917.0,434335.0,-1.440925,53.804006,13,3,2,3,26/06/2016,1,07:31,204,E08000035,E08000035,6,0,6,40.0,9,4,6,0,0,0,1,1,1,0,0,1,1,2,E01011412
10491,20161339Q0216,2016,1339Q0216,2,3,2,2,4,1,3,0,0,2,0,0,9,1,2,2016,1339Q0216,436917.0,434335.0,-1.440925,53.804006,13,3,2,3,26/06/2016,1,07:31,204,E08000035,E08000035,6,0,6,40.0,9,4,6,0,0,0,1,1,1,0,0,1,1,2,E01011412
10492,20161339Q0233,2016,1339Q0233,2,1,1,1,51,8,2,0,0,0,0,0,5,1,1,2016,1339Q0233,436376.0,434159.0,-1.44916,53.802462,13,2,2,1,26/09/2016,2,07:45,204,E08000035,E08000035,3,6120,6,40.0,0,-1,-1,-1,0,1,1,9,1,0,0,1,2,2,E01011408
10493,20161339Q0568,2016,1339Q0568,2,1,1,2,19,4,3,0,0,0,0,0,1,1,3,2016,1339Q0568,420499.0,445086.0,-1.689501,53.901538,13,3,2,1,26/09/2016,2,11:35,204,E08000035,E08000035,6,0,6,40.0,3,4,6,0,0,0,1,9,1,0,0,1,2,2,E01011569
10494,20161339Q1211,2016,1339Q1211,2,1,1,1,76,11,3,0,0,0,0,0,9,1,1,2016,1339Q1211,428146.0,434736.0,-1.574066,53.808157,13,3,2,1,26/09/2016,2,17:00,204,E08000035,E08000035,6,0,6,30.0,6,4,6,0,0,0,1,2,2,0,0,1,1,2,E01011447
10495,20161339Q1333,2016,1339Q1333,1,1,2,2,8,2,3,0,0,2,0,0,9,1,4,2016,1339Q1333,431790.0,430472.0,-1.519169,53.769624,13,3,1,1,26/09/2016,2,18:07,204,E08000035,E08000035,1,621,7,70.0,0,-1,-1,-1,0,0,1,2,1,0,0,1,1,1,E01011469
10496,20161339Q1420,2016,1339Q1420,2,1,1,2,48,8,3,0,0,0,0,0,9,1,8,2016,1339Q1420,424562.0,439326.0,-1.628125,53.849592,13,3,2,2,26/09/2016,2,18:51,204,E08000035,E08000035,6,0,6,30.0,3,4,6,0,0,0,4,1,1,0,0,1,1,2,E01011382
10497,20161339Q1420,2016,1339Q1420,2,2,2,2,12,3,3,0,0,1,0,0,9,1,8,2016,1339Q1420,424562.0,439326.0,-1.628125,53.849592,13,3,2,2,26/09/2016,2,18:51,204,E08000035,E08000035,6,0,6,30.0,3,4,6,0,0,0,4,1,1,0,0,1,1,2,E01011382
10498,20161339R0494,2016,1339R0494,1,1,3,2,46,8,3,5,1,0,0,0,0,1,1,2016,1339R0494,427328.0,437198.0,-1.586269,53.830329,13,3,1,1,27/09/2016,3,10:55,204,E08000035,E08000035,6,0,6,30.0,3,2,3,660,0,5,1,1,1,0,0,1,2,2,E01011690
10499,20161339R1124,2016,1339R1124,2,1,1,1,35,6,3,0,0,0,0,0,19,1,4,2016,1339R1124,427974.0,433616.0,-1.576779,53.7981,13,3,2,1,27/09/2016,3,16:44,204,E08000035,E08000035,3,647,6,30.0,0,-1,-1,-1,0,0,1,1,1,0,0,1,1,2,E01011294
10500,20161339R1295,2016,1339R1295,2,1,1,1,22,5,3,0,0,0,0,0,9,1,6,2016,1339R1295,431017.0,428491.0,-1.531095,53.751865,13,3,2,1,27/09/2016,3,18:00,204,E08000035,E08000035,6,0,6,30.0,3,4,6,0,0,0,1,1,2,0,0,1,2,2,E01011466
10501,20161339R1493,2016,1339R1493,2,1,1,1,43,7,3,0,0,0,0,0,9,1,7,2016,1339R1493,426324.0,438210.0,-1.601437,53.839476,13,3,2,2,27/09/2016,3,19:46,204,E08000035,E08000035,6,0,6,30.0,3,4,6,0,0,0,4,1,1,0,0,1,1,2,E01011687
10502,20161339R1493,2016,1339R1493,2,2,2,2,10,2,3,0,0,1,0,0,9,1,7,2016,1339R1493,426324.0,438210.0,-1.601437,53.839476,13,3,2,2,27/09/2016,3,19:46,204,E08000035,E08000035,6,0,6,30.0,3,4,6,0,0,0,4,1,1,0,0,1,1,2,E01011687
10503,20161339S0355,2016,1339S0355,2,1,1,2,40,7,3,0,0,0,0,0,1,-1,-1,2016,1339S0355,431521.0,435147.0,-1.522773,53.811658,13,3,2,1,28/09/2016,4,09:00,204,E08000035,E08000035,3,58,6,30.0,3,4,6,0,0,0,1,1,1,0,0,1,1,2,E01011429
10504,20161339S0408,2016,1339S0408,2,1,1,1,15,3,3,0,0,0,0,0,1,1,1,2016,1339S0408,427239.0,433283.0,-1.587967,53.795146,13,3,2,1,28/09/2016,4,19:00,204,E08000035,E08000035,6,0,6,30.0,3,4,6,0,0,0,1,1,1,0,0,1,2,2,E01011292
10505,20161339S1096,2016,1339S1096,2,1,1,1,18,4,3,0,0,0,0,0,1,-1,-1,2016,1339S1096,428719.0,435612.0,-1.565283,53.815999,13,3,2,1,28/09/2016,4,16:02,204,E08000035,E08000035,3,660,6,30.0,3,4,6,0,0,0,1,9,1,0,0,1,1,2,E01032946
10506,20161339S1313,2016,1339S1313,2,1,1,1,52,8,3,0,0,0,0,0,1,1,3,2016,1339S1313,428786.0,434035.0,-1.564412,53.801822,13,3,2,1,28/09/2016,4,17:42,204,E08000035,E08000035,6,0,6,30.0,3,4,6,0,0,0,1,1,1,0,0,1,1,2,E01011681
10507,20161339S1750,2016,1339S1750,2,1,1,1,24,5,3,0,0,0,0,0,1,1,6,2016,1339S1750,428912.0,435505.0,-1.562362,53.815027,13,3,2,1,28/09/2016,4,21:00,204,E08000035,E08000035,3,660,6,30.0,6,4,6,0,0,0,4,1,1,0,0,1,1,2,E01011443
10508,20161339S1947,2016,1339S1947,1,1,1,1,21,5,3,0,0,0,0,0,9,1,1,2016,1339S1947,429661.0,433427.0,-1.551185,53.796308,13,3,2,1,28/09/2016,4,22:45,204,E08000035,E08000035,6,0,6,30.0,3,2,6,0,0,5,4,1,1,0,0,1,1,2,E01033008
10509,20161339T0230,2016,1339T0230,1,1,1,2,32,6,3,0,0,0,0,0,9,1,4,2016,1339T0230,424469.0,433646.0,-1.629989,53.798545,13,3,2,1,29/09/2016,5,07:29,204,E08000035,E08000035,6,0,6,30.0,6,2,4,6154,0,5,1,1,1,0,0,1,1,2,E01011608
10510,20161339T0599,2016,1339T0599,1,1,3,1,76,11,2,2,1,0,0,0,0,1,8,2016,1339T0599,436188.0,434342.0,-1.451993,53.80412,13,2,1,1,29/09/2016,5,11:37,204,E08000035,E08000035,3,6120,3,30.0,3,4,6,0,0,4,1,1,1,0,0,1,1,2,E01011408
10511,20161339T1208,2016,1339T1208,3,1,1,2,42,7,2,0,0,0,0,0,1,1,9,2016,1339T1208,428224.0,430048.0,-1.573309,53.766017,13,2,3,1,29/09/2016,5,16:50,204,E08000035,E08000035,6,0,6,30.0,3,4,6,0,0,0,1,1,1,0,0,1,1,2,E01011317
10512,20161339T1212,2016,1339T1212,2,1,1,1,42,7,3,0,0,0,0,0,9,1,1,2016,1339T1212,429137.0,435242.0,-1.558969,53.81265,13,3,2,4,26/09/2016,2,16:45,204,E08000035,E08000035,3,660,3,30.0,3,4,6,0,0,0,1,9,1,0,0,1,2,2,E01033005
10513,20161339T1212,2016,1339T1212,2,2,2,2,42,7,3,0,0,1,0,0,9,1,1,2016,1339T1212,429137.0,435242.0,-1.558969,53.81265,13,3,2,4,26/09/2016,2,16:45,204,E08000035,E08000035,3,660,3,30.0,3,4,6,0,0,0,1,9,1,0,0,1,2,2,E01033005
10514,20161339T1212,2016,1339T1212,2,3,2,1,27,6,3,0,0,2,0,0,9,1,1,2016,1339T1212,429137.0,435242.0,-1.558969,53.81265,13,3,2,4,26/09/2016,2,16:45,204,E08000035,E08000035,3,660,3,30.0,3,4,6,0,0,0,1,9,1,0,0,1,2,2,E01033005
10515,20161339T1212,2016,1339T1212,2,4,2,2,32,6,3,0,0,2,0,0,9,1,1,2016,1339T1212,429137.0,435242.0,-1.558969,53.81265,13,3,2,4,26/09/2016,2,16:45,204,E08000035,E08000035,3,660,3,30.0,3,4,6,0,0,0,1,9,1,0,0,1,2,2,E01033005
10516,20161339T1525,2016,1339T1525,1,1,1,1,23,5,3,0,0,0,0,0,9,1,5,2016,1339T1525,428838.0,436575.0,-1.563386,53.824648,13,3,2,2,29/09/2016,5,14:30,204,E08000035,E08000035,6,0,6,30.0,6,2,4,6459,0,5,1,2,2,0,0,1,2,2,E01011691
10517,20161339T1525,2016,1339T1525,1,2,2,1,26,6,3,0,0,1,0,0,9,-1,-1,2016,1339T1525,428838.0,436575.0,-1.563386,53.824648,13,3,2,2,29/09/2016,5,14:30,204,E08000035,E08000035,6,0,6,30.0,6,2,4,6459,0,5,1,2,2,0,0,1,2,2,E01011691
10518,20161339T1918,2016,1339T1918,1,1,3,2,11,3,3,4,1,0,0,0,0,1,1,2016,1339T1918,434066.0,433354.0,-1.484322,53.795383,13,3,1,1,02/09/2016,6,18:00,204,E08000035,E08000035,6,0,6,30.0,0,-1,-1,-1,0,1,1,1,1,0,0,1,2,2,E01011616
10519,20161339U0240,2016,1339U0240,1,1,1,1,17,4,3,0,0,0,0,0,3,1,7,2016,1339U0240,430659.0,433341.0,-1.536043,53.795477,13,3,2,1,30/09/2016,6,07:10,204,E08000035,E08000035,6,0,3,30.0,0,-1,-1,-1,0,0,1,1,1,0,0,1,1,2,E01033011
10520,20161339U0644,2016,1339U0644,1,1,1,1,17,4,2,0,0,0,0,0,3,1,6,2016,1339U0644,441943.0,430107.0,-1.365187,53.765626,13,2,1,1,30/09/2016,6,12:14,204,E08000035,E08000035,6,0,6,30.0,0,-1,-1,-1,0,0,1,1,1,0,0,1,1,2,E01011304
10521,20161339U0725,2016,1339U0725,2,1,1,1,48,8,3,0,0,0,0,0,5,1,7,2016,1339U0725,428140.0,435853.0,-1.574055,53.818197,13,3,3,1,30/09/2016,6,13:00,204,E08000035,E08000035,6,0,6,30.0,3,4,6,0,0,0,1,1,1,0,0,1,1,2,E01032946
10522,20161339U0971,2016,1339U0971,1,1,3,2,11,3,3,4,4,0,0,0,0,1,1,2016,1339U0971,430720.0,432922.0,-1.535159,53.791708,13,3,1,1,30/09/2016,6,14:59,204,E08000035,E08000035,6,0,6,30.0,0,-1,-1,-1,0,5,1,1,1,0,0,1,1,2,E01033018
10523,20161339U1015,2016,1339U1015,1,1,1,2,27,6,3,0,0,0,0,0,9,1,7,2016,1339U1015,421768.0,441096.0,-1.67047,53.865625,13,3,1,1,30/09/2016,6,17:30,204,E08000035,E08000035,6,0,6,30.0,3,4,6,0,0,0,1,1,1,0,0,1,1,2,E01011578
10524,20161339U1128,2016,1339U1128,1,1,3,1,12,3,3,1,3,0,0,0,0,-1,-1,2016,1339U1128,428387.0,434396.0,-1.570437,53.805088,13,3,1,1,30/09/2016,6,16:07,204,E08000035,E08000035,6,0,6,30.0,3,4,6,0,0,4,1,1,1,0,0,1,1,2,E01011483
10525,20161339U1180,2016,1339U1180,1,1,3,2,51,8,3,5,4,0,0,0,0,1,3,2016,1339U1180,425941.0,426736.0,-1.608219,53.736367,13,3,1,1,30/09/2016,6,16:30,204,E08000035,E08000035,6,0,6,30.0,0,-1,-1,-1,0,0,1,1,1,0,0,1,1,2,E01011546
10526,20161339U1332,2016,1339U1332,1,1,3,1,21,5,3,6,9,0,0,0,0,1,1,2016,1339U1332,434740.0,435278.0,-1.473874,53.812631,13,3,1,1,30/09/2016,6,12:00,204,E08000035,E08000035,6,0,6,30.0,3,4,6,0,0,0,1,1,1,0,0,1,2,2,E01011662
10527,20161339U1363,2016,1339U1363,2,1,1,2,31,6,3,0,0,0,0,0,1,-1,-1,2016,1339U1363,428221.0,435780.0,-1.572831,53.817536,13,3,2,1,30/09/2016,6,17:59,204,E08000035,E08000035,3,660,6,30.0,3,4,6,0,0,0,1,1,1,0,0,1,1,2,E01032946
10528,2016133A10435,2016,133A10435,1,1,3,1,77,11,2,9,5,0,0,0,0,1,8,2016,133A10435,431373.0,432075.0,-1.525333,53.784056,13,2,1,1,01/10/2016,7,08:07,204,E08000035,E08000035,6,0,6,20.0,0,-1,-1,-1,0,0,1,1,1,0,0,1,1,2,E01011467
10529,2016133A10917,2016,133A10917,1,1,2,2,65,9,3,0,0,0,1,0,11,1,1,2016,133A10917,428168.0,429225.0,-1.574233,53.758623,13,3,1,1,01/10/2016,7,15:50,204,E08000035,E08000035,6,0,9,30.0,0,-1,-1,-1,0,0,1,1,1,0,0,2,2,2,E01011531
10530,2016133A20597,2016,133A20597,2,1,2,2,55,8,3,0,0,1,0,0,9,1,8,2016,133A20597,430716.0,438975.0,-1.534617,53.846111,13,3,2,1,02/10/2016,1,10:20,204,E08000035,E08000035,3,61,1,30.0,1,4,6,0,0,0,1,1,1,0,0,1,1,2,E01011512
10531,2016133A20789,2016,133A20789,1,1,1,1,16,4,3,0,0,0,0,0,1,1,4,2016,133A20789,432826.0,436278.0,-1.502835,53.821743,13,3,2,1,02/10/2016,1,12:00,204,E08000035,E08000035,6,0,6,30.0,0,-1,-1,-1,0,0,1,1,1,0,0,1,2,2,E01011646
10532,2016133A21014,2016,133A21014,2,1,1,1,19,4,3,0,0,0,0,0,9,1,5,2016,133A21014,429232.0,435447.0,-1.557507,53.814488,13,3,2,1,02/10/2016,1,14:00,204,E08000035,E08000035,6,0,6,50.0,0,-1,-1,-1,0,0,1,1,1,0,0,1,1,2,E01011670
10533,2016133A21342,2016,133A21342,1,1,1,2,60,9,3,0,0,0,0,0,9,1,8,2016,133A21342,422938.0,443093.0,-1.65253,53.883524,13,3,2,1,02/10/2016,1,17:25,204,E08000035,E08000035,6,0,6,50.0,6,2,3,658,0,0,1,1,1,0,0,2,1,2,E01032503
10534,2016133A21653,2016,133A21653,1,1,1,1,37,7,3,0,0,0,0,0,9,1,9,2016,133A21653,439305.0,432352.0,-1.404919,53.786009,13,3,1,1,02/10/2016,1,18:30,204,E08000035,E08000035,3,642,6,60.0,0,-1,-1,-1,0,0,1,1,1,0,7,1,2,2,E01011402
10535,2016133A21928,2016,133A21928,2,1,1,1,39,7,3,0,0,0,0,0,8,1,1,2016,133A21928,431410.0,435023.0,-1.524472,53.81055,13,3,2,1,02/10/2016,1,23:02,204,E08000035,E08000035,6,0,6,30.0,6,2,6,0,0,4,4,1,1,0,0,1,1,2,E01011673
10536,2016133A30201,2016,133A30201,1,1,2,2,8,2,3,0,0,2,0,0,9,3,4,2016,133A30201,431535.0,426379.0,-1.523454,53.732852,13,3,2,2,03/10/2016,2,07:40,204,E08000035,E08000035,6,0,6,30.0,0,-1,-1,-1,0,0,1,1,1,0,0,2,1,2,E01011499
10537,2016133A30201,2016,133A30201,2,2,1,2,28,6,3,0,0,0,0,0,9,3,4,2016,133A30201,431535.0,426379.0,-1.523454,53.732852,13,3,2,2,03/10/2016,2,07:40,204,E08000035,E08000035,6,0,6,30.0,0,-1,-1,-1,0,0,1,1,1,0,0,2,1,2,E01011499
10538,2016133A30237,2016,133A30237,1,1,1,2,19,4,3,0,0,0,0,0,9,2,10,2016,133A30237,425707.0,435410.0,-1.611047,53.814341,13,3,2,1,03/10/2016,2,08:20,204,E08000035,E08000035,6,0,6,30.0,3,4,6,0,0,0,1,1,1,0,0,1,1,2,E01011324
10539,2016133A30995,2016,133A30995,1,1,3,1,21,5,2,5,1,0,0,0,0,1,5,2016,133A30995,429862.0,433797.0,-1.548098,53.799622,13,2,1,1,03/10/2016,2,15:45,204,E08000035,E08000035,6,0,2,30.0,0,-1,-1,-1,0,1,1,1,1,0,0,1,1,2,E01033010
10540,2016133A31406,2016,133A31406,2,1,1,1,28,6,3,0,0,0,0,0,9,1,1,2016,133A31406,436137.0,427930.0,-1.453516,53.746494,13,3,2,1,03/10/2016,2,05:00,204,E08000035,E08000035,3,642,3,40.0,3,4,3,639,0,0,7,9,1,0,0,1,2,2,E01011635
10541,2016133A31453,2016,133A31453,2,1,1,1,38,7,2,0,0,0,0,0,1,1,6,2016,133A31453,424506.0,434441.0,-1.629364,53.805689,13,2,2,1,03/10/2016,2,17:45,204,E08000035,E08000035,4,6157,6,30.0,3,4,6,0,0,0,1,1,1,0,0,1,2,2,E01011334
10542,2016133A31485,2016,133A31485,2,1,1,2,36,7,3,0,0,0,0,0,1,1,7,2016,133A31485,427600.0,436795.0,-1.582173,53.826692,13,3,2,1,03/10/2016,2,19:11,204,E08000035,E08000035,3,660,3,30.0,3,4,6,0,0,0,1,1,1,0,0,1,2,2,E01011694