,accident_index,accident_year_x,accident_reference_x,vehicle_reference,casualty_reference,casualty_class,sex_of_casualty,age_of_casualty,age_band_of_casualty,casualty_severity,pedestrian_location,pedestrian_movement,car_passenger,bus_or_coach_passenger,pedestrian_road_maintenance_worker,casualty_type,casualty_home_area_type,casualty_imd_decile,accident_year_y,accident_reference_y,location_easting_osgr,location_northing_osgr,longitude,latitude,police_force,accident_severity,number_of_vehicles,number_of_casualties,date,day_of_week,time,local_authority_district,local_authority_ons_district,local_authority_highway,first_road_class,first_road_number,road_type,speed_limit,junction_detail,junction_control,second_road_class,second_road_number,pedestrian_crossing_human_control,pedestrian_crossing_physical_facilities,light_conditions,weather_conditions,road_surface_conditions,special_conditions_at_site,carriageway_hazards,urban_or_rural_area,did_police_officer_attend_scene_of_accident,trunk_road_flag,lsoa_of_accident_location
10630,2016133AF0590,2016,133AF0590,1,1,1,1,60,9,3,0,0,0,0,0,9,1,6,2016,133AF0590,420590.0,433819.0,-1.688868,53.800268,13,3,2,2,15/10/2016,7,10:50,204,E08000035,E08000035,6,0,6,30.0,0,-1,-1,-1,0,0,1,1,1,0,0,1,1,2,E01011599
10631,2016133AF0590,2016,133AF0590,1,2,2,1,56,9,3,0,0,1,0,0,9,1,6,2016,133AF0590,420590.0,433819.0,-1.688868,53.800268,13,3,2,2,15/10/2016,7,10:50,204,E08000035,E08000035,6,0,6,30.0,0,-1,-1,-1,0,0,1,1,1,0,0,1,1,2,E01011599
10632,2016133AF0903,2016,133AF0903,1,1,1,2,55,8,3,0,0,0,0,0,9,1,5,2016,133AF0903,431832.0,435632.0,-1.518,53.815998,13,3,3,3,15/10/2016,7,14:14,204,E08000035,E08000035,3,58,6,30.0,3,4,6,0,0,0,1,1,1,0,0,1,1,2,E01011422
10633,2016133AF0903,2016,133AF0903,2,2,1,2,25,5,3,0,0,0,0,0,9,1,7,2016,133AF0903,431832.0,435632.0,-1.518,53.815998,13,3,3,3,15/10/2016,7,14:14,204,E08000035,E08000035,3,58,6,30.0,3,4,6,0,0,0,1,1,1,0,0,1,1,2,E01011422
10634,2016133AF0903,2016,133AF0903,2,3,2,2,45,7,3,0,0,1,0,0,9,1,7,2016,133AF0903,431832.0,435632.0,-1.518,53.815998,13,3,3,3,15/10/2016,7,14:14,204,E08000035,E08000035,3,58,6,30.0,3,4,6,0,0,0,1,1,1,0,0,1,1,2,E01011422
10635,2016133AF1482,2016,133AF1482,1,1,1,1,52,8,3,0,0,0,0,0,9,1,7,2016,133AF1482,429255.0,438589.0,-1.55686,53.842726,13,3,2,4,15/10/2016,7,19:06,204,E08000035,E08000035,3,6120,3,60.0,6,2,6,0,0,0,4,9,1,0,0,1,1,2,E01011505
10636,2016133AF1482,2016,133AF1482,1,2,2,2,46,8,3,0,0,1,0,0,9,1,7,2016,133AF1482,429255.0,438589.0,-1.55686,53.842726,13,3,2,4,15/10/2016,7,19:06,204,E08000035,E08000035,3,6120,3,60.0,6,2,6,0,0,0,4,9,1,0,0,1,1,2,E01011505
10637,2016133AF1482,2016,133AF1482,2,3,1,2,35,6,3,0,0,0,0,0,9,1,2,2016,133AF1482,429255.0,438589.0,-1.55686,53.842726,13,3,2,4,15/10/2016,7,19:06,204,E08000035,E08000035,3,6120,3,60.0,6,2,6,0,0,0,4,9,1,0,0,1,1,2,E01011505
10638,2016133AF1482,2016,133AF1482,2,4,2,2,47,8,3,0,0,1,0,0,9,-1,-1,2016,133AF1482,429255.0,438589.0,-1.55686,53.842726,13,3,2,4,15/10/2016,7,19:06,204,E08000035,E08000035,3,6120,3,60.0,6,2,6,0,0,0,4,9,1,0,0,1,1,2,E01011505
10639,2016133AG0510,2016,133AG0510,1,1,3,2,85,11,2,6,9,0,0,0,0,1,6,2016,133AG0510,440606.0,448125.0,-1.383092,53.92767,13,2,1,1,16/10/2016,1,12:00,204,E08000035,E08000035,6,0,6,30.0,0,-1,-1,-1,0,0,1,1,1,0,0,1,2,2,E01011705
10640,2016133AG0599,2016,133AG0599,1,1,2,1,23,5,3,0,0,1,0,0,9,1,2,2016,133AG0599,430218.0,434371.0,-1.542637,53.804761,13,2,2,4,16/10/2016,1,10:39,204,E08000035,E08000035,3,58,3,40.0,6,2,3,64,0,0,1,2,2,0,0,1,1,2,E01033002
10641,2016133AG0599,2016,133AG0599,1,2,2,1,22,5,3,0,0,2,0,0,9,1,1,2016,133AG0599,430218.0,434371.0,-1.542637,53.804761,13,2,2,4,16/10/2016,1,10:39,204,E08000035,E08000035,3,58,3,40.0,6,2,3,64,0,0,1,2,2,0,0,1,1,2,E01033002
10642,2016133AG0599,2016,133AG0599,2,3,1,2,51,8,3,0,0,0,0,0,9,1,5,2016,133AG0599,430218.0,434371.0,-1.542637,53.804761,13,2,2,4,16/10/2016,1,10:39,204,E08000035,E08000035,3,58,3,40.0,6,2,3,64,0,0,1,2,2,0,0,1,1,2,E01033002
10643,2016133AG0599,2016,133AG0599,2,4,2,2,53,8,2,0,0,1,0,0,9,1,3,2016,133AG0599,430218.0,434371.0,-1.542637,53.804761,13,2,2,4,16/10/2016,1,10:39,204,E08000035,E08000035,3,58,3,40.0,6,2,3,64,0,0,1,2,2,0,0,1,1,2,E01033002
10644,2016133AG1321,2016,133AG1321,2,1,1,1,49,8,3,0,0,0,0,0,1,-1,-1,2016,133AG1321,421708.0,435106.0,-1.671804,53.81179,13,3,2,1,16/10/2016,1,17:35,204,E08000035,E08000035,6,0,6,30.0,3,4,6,0,0,0,1,1,1,0,0,1,1,2,E01011598
10645,2016133AH0238,2016,133AH0238,2,1,1,2,33,6,3,0,0,0,0,0,9,1,3,2016,133AH0238,428427.0,428662.0,-1.570356,53.753549,13,3,3,1,17/10/2016,2,08:30,204,E08000035,E08000035,3,653,3,30.0,0,-1,-1,-1,0,0,1,1,1,0,0,2,2,2,E01011531
10646,2016133AH1012,2016,133AH1012,1,1,2,1,65,9,3,0,0,0,4,0,11,-1,-1,2016,133AH1012,435318.0,439376.0,-1.464626,53.849424,13,3,1,1,17/10/2016,2,16:15,204,E08000035,E08000035,3,58,6,50.0,0,-1,-1,-1,0,0,1,1,1,0,0,2,1,2,E01011311
10647,2016133AI0424,2016,133AI0424,1,1,3,2,75,10,3,1,9,0,0,0,0,-1,-1,2016,133AI0424,422723.0,437829.0,-1.656189,53.836221,13,3,1,1,18/10/2016,3,10:26,204,E08000035,E08000035,3,65,6,40.0,3,4,6,0,0,4,1,1,1,0,0,1,1,2,E01011452
10648,2016133AI0512,2016,133AI0512,1,1,1,1,17,4,3,0,0,0,0,0,1,1,2,2016,133AI0512,429961.0,431811.0,-1.546788,53.781766,13,3,2,1,18/10/2016,3,11:31,204,E08000035,E08000035,6,0,6,30.0,0,-1,-1,-1,0,0,1,1,1,0,0,1,1,2,E01011364
10649,2016133AI0999,2016,133AI0999,2,1,1,1,25,5,3,0,0,0,0,0,9,1,6,2016,133AI0999,424139.0,428159.0,-1.635426,53.749244,13,3,2,2,18/10/2016,3,16:10,204,E08000035,E08000035,3,62,1,40.0,1,2,3,650,0,5,1,1,2,0,0,2,1,1,E01011523
10650,2016133AI0999,2016,133AI0999,2,2,2,2,23,5,3,0,0,1,0,0,9,1,5,2016,133AI0999,424139.0,428159.0,-1.635426,53.749244,13,3,2,2,18/10/2016,3,16:10,204,E08000035,E08000035,3,62,1,40.0,1,2,3,650,0,5,1,1,2,0,0,2,1,1,E01011523
10651,2016133AI1210,2016,133AI1210,1,1,1,1,30,6,3,0,0,0,0,0,19,1,3,2016,133AI1210,426046.0,428250.0,-1.606501,53.74997,13,3,2,1,18/10/2016,3,16:10,204,E08000035,E08000035,3,643,6,30.0,0,-1,-1,-1,0,0,1,1,2,0,0,1,2,2,E01011525
10652,2016133AJ0450,2016,133AJ0450,2,1,1,2,24,5,3,0,0,0,0,0,9,-1,-1,2016,133AJ0450,429776.0,438891.0,-1.548912,53.845411,13,3,2,1,19/10/2016,4,14:40,204,E08000035,E08000035,3,6120,1,40.0,1,4,6,0,0,0,1,1,1,0,0,1,1,2,E01011558
10653,2016133AJ0508,2016,133AJ0508,2,1,1,2,34,6,3,0,0,0,0,0,9,2,9,2016,133AJ0508,440117.0,439660.0,-1.391645,53.851629,13,3,2,1,19/10/2016,4,11:50,204,E08000035,E08000035,3,64,3,40.0,0,-1,-1,-1,0,0,1,1,1,0,0,2,1,2,E01011309
10654,2016133AJ0659,2016,133AJ0659,1,1,1,2,29,6,3,0,0,0,0,0,9,1,1,2016,133AJ0659,425467.0,432874.0,-1.614901,53.791559,13,3,2,4,15/10/2016,7,14:20,204,E08000035,E08000035,3,6110,3,40.0,1,4,6,0,0,0,1,1,2,0,0,1,2,2,E01011730
10655,2016133AJ0659,2016,133AJ0659,1,2,2,2,11,3,3,0,0,2,0,0,9,1,1,2016,133AJ0659,425467.0,432874.0,-1.614901,53.791559,13,3,2,4,15/10/2016,7,14:20,204,E08000035,E08000035,3,6110,3,40.0,1,4,6,0,0,0,1,1,2,0,0,1,2,2,E01011730
10656,2016133AJ0659,2016,133AJ0659,1,3,2,2,8,2,3,0,0,2,0,0,9,1,1,2016,133AJ0659,425467.0,432874.0,-1.614901,53.791559,13,3,2,4,15/10/2016,7,14:20,204,E08000035,E08000035,3,6110,3,40.0,1,4,6,0,0,0,1,1,2,0,0,1,2,2,E01011730
10657,2016133AJ0659,2016,133AJ0659,1,4,2,2,2,1,3,0,0,2,0,0,9,1,1,2016,133AJ0659,425467.0,432874.0,-1.614901,53.791559,13,3,2,4,15/10/2016,7,14:20,204,E08000035,E08000035,3,6110,3,40.0,1,4,6,0,0,0,1,1,2,0,0,1,2,2,E01011730
10658,2016133AJ0978,2016,133AJ0978,3,1,1,1,38,7,3,0,0,0,0,0,9,1,5,2016,133AJ0978,428896.0,425982.0,-1.563493,53.729436,13,3,4,2,19/10/2016,4,15:45,204,E08000035,E08000035,3,650,6,30.0,6,2,6,0,0,5,1,1,1,0,0,1,1,2,E01011538
10659,2016133AJ0978,2016,133AJ0978,4,2,1,2,35,6,3,0,0,0,0,0,9,1,5,2016,133AJ0978,428896.0,425982.0,-1.563493,53.729436,13,3,4,2,19/10/2016,4,15:45,204,E08000035,E08000035,3,650,6,30.0,6,2,6,0,0,5,1,1,1,0,0,1,1,2,E01011538
10660,2016133AJ1322,2016,133AJ1322,1,1,1,1,25,5,3,0,0,0,0,0,1,1,8,2016,133AJ1322,427421.0,435989.0,-1.584964,53.819457,13,3,2,1,19/10/2016,4,19:00,204,E08000035,E08000035,6,0,6,20.0,6,4,6,0,0,0,4,1,1,0,0,1,2,2,E01032945
10661,2016133AJ1419,2016,133AJ1419,1,1,3,2,13,3,2,5,1,0,0,0,0,1,1,2016,133AJ1419,432548.0,434901.0,-1.507203,53.809384,13,2,1,1,19/10/2016,4,19:46,204,E08000035,E08000035,6,0,6,30.0,0,-1,-1,-1,0,0,4,1,2,0,0,1,1,2,E01011433
10662,2016133AJ1442,2016,133AJ1442,2,1,1,1,44,7,3,0,0,0,0,0,1,1,1,2016,133AJ1442,432437.0,433773.0,-1.509007,53.799253,13,3,2,1,19/10/2016,4,19:58,204,E08000035,E08000035,6,0,1,30.0,1,4,6,0,0,0,4,1,1,0,0,1,1,2,E01011348
10663,2016133AK0298,2016,133AK0298,1,1,1,1,26,6,3,0,0,0,0,0,19,1,6,2016,133AK0298,431805.0,435832.0,-1.51839,53.817797,13,3,2,3,20/10/2016,5,08:00,204,E08000035,E08000035,6,0,6,30.0,6,4,6,0,0,0,1,1,1,0,2,1,1,2,E01011426
10664,2016133AK0298,2016,133AK0298,2,2,1,2,27,6,3,0,0,0,0,0,9,1,9,2016,133AK0298,431805.0,435832.0,-1.51839,53.817797,13,3,2,3,20/10/2016,5,08:00,204,E08000035,E08000035,6,0,6,30.0,6,4,6,0,0,0,1,1,1,0,2,1,1,2,E01011426
10665,2016133AK0298,2016,133AK0298,2,3,2,2,51,8,3,0,0,1,0,0,9,1,9,2016,133AK0298,431805.0,435832.0,-1.51839,53.817797,13,3,2,3,20/10/2016,5,08:00,204,E08000035,E08000035,6,0,6,30.0,6,4,6,0,0,0,1,1,1,0,2,1,1,2,E01011426
10666,2016133AK0502,2016,133AK0502,1,1,3,2,36,7,3,5,1,0,0,0,0,1,5,2016,133AK0502,434070.0,428866.0,-1.484755,53.755045,13,3,1,1,20/10/2016,5,07:00,204,E08000035,E08000035,6,0,6,30.0,3,4,6,0,0,0,1,1,2,0,0,1,2,2,E01011639
10667,2016133AK0616,2016,133AK0616,2,1,1,1,24,5,3,0,0,0,0,0,1,1,1,2016,133AK0616,428129.0,430352.0,-1.574722,53.768755,13,3,2,1,20/10/2016,5,06:45,204,E08000035,E08000035,3,6110,1,40.0,1,4,3,643,0,0,4,1,1,0,0,1,2,2,E01011317
10668,2016133AK0900,2016,133AK0900,1,1,2,2,47,8,3,0,0,0,4,0,11,1,1,2016,133AK0900,429663.0,433431.0,-1.551155,53.796344,13,3,1,1,20/10/2016,5,11:15,204,E08000035,E08000035,6,0,6,30.0,0,-1,-1,-1,0,0,1,1,1,0,0,1,2,2,E01033008
10669,2016133AK1016,2016,133AK1016,1,1,1,2,26,6,3,0,0,0,0,0,9,1,3,2016,133AK1016,426433.0,433303.0,-1.600201,53.795367,13,3,2,2,20/10/2016,5,15:27,204,E08000035,E08000035,6,0,6,30.0,6,4,6,0,0,0,1,1,1,0,0,1,1,2,E01032607
10670,2016133AK1016,2016,133AK1016,2,2,1,2,30,6,3,0,0,0,0,0,9,1,5,2016,133AK1016,426433.0,433303.0,-1.600201,53.795367,13,3,2,2,20/10/2016,5,15:27,204,E08000035,E08000035,6,0,6,30.0,6,4,6,0,0,0,1,1,1,0,0,1,1,2,E01032607
10671,2016133AK1051,2016,133AK1051,1,3,1,2,30,6,3,0,0,0,0,0,9,-1,-1,2016,133AK1051,427915.0,430175.0,-1.577985,53.767176,13,3,3,4,20/10/2016,5,15:59,204,E08000035,E08000035,3,643,6,30.0,0,-1,-1,-1,0,0,1,1,1,0,0,1,1,2,E01011317
10672,2016133AK1051,2016,133AK1051,1,4,2,2,9,2,3,0,0,2,0,0,9,-1,-1,2016,133AK1051,427915.0,430175.0,-1.577985,53.767176,13,3,3,4,20/10/2016,5,15:59,204,E08000035,E08000035,3,643,6,30.0,0,-1,-1,-1,0,0,1,1,1,0,0,1,1,2,E01011317
10673,2016133AK1051,2016,133AK1051,2,1,1,2,31,6,3,0,0,0,0,0,9,-1,-1,2016,133AK1051,427915.0,430175.0,-1.577985,53.767176,13,3,3,4,20/10/2016,5,15:59,204,E08000035,E08000035,3,643,6,30.0,0,-1,-1,-1,0,0,1,1,1,0,0,1,1,2,E01011317
10674,2016133AK1051,2016,133AK1051,2,2,2,1,32,6,3,0,0,2,0,0,9,-1,-1,2016,133AK1051,427915.0,430175.0,-1.577985,53.767176,13,3,3,4,20/10/2016,5,15:59,204,E08000035,E08000035,3,643,6,30.0,0,-1,-1,-1,0,0,1,1,1,0,0,1,1,2,E01011317
10675,2016133AK1157,2016,133AK1157,1,1,3,1,15,3,2,5,1,0,0,0,0,1,1,2016,133AK1157,431847.0,427707.0,-1.518588,53.744769,13,2,1,1,20/10/2016,5,16:40,204,E08000035,E08000035,6,0,6,30.0,0,-1,-1,-1,0,0,1,2,2,0,0,2,1,2,E01011490
10676,2016133AK1380,2016,133AK1380,2,1,1,1,24,5,3,0,0,0,0,0,9,-1,-1,2016,133AK1380,431896.0,434951.0,-1.517099,53.809874,13,3,2,1,20/10/2016,5,18:30,204,E08000035,E08000035,6,0,6,30.0,3,1,6,0,0,0,4,1,2,0,0,1,1,2,E01011434
10677,2016133AK1641,2016,133AK1641,2,1,1,1,37,7,2,0,0,0,0,0,1,1,1,2016,133AK1641,433290.0,434051.0,-1.496027,53.801698,13,2,2,1,20/10/2016,5,20:35,204,E08000035,E08000035,3,64,3,40.0,0,-1,-1,-1,0,0,4,9,1,0,0,1,1,2,E01011340
10678,2016133AL0193,2016,133AL0193,2,1,1,1,59,9,3,0,0,0,0,0,9,1,2,2016,133AL0193,425213.0,437870.0,-1.618348,53.836475,13,3,2,1,21/10/2016,6,07:09,204,E08000035,E08000035,3,6120,6,40.0,9,4,3,6120,0,0,1,1,2,0,0,1,1,2,E01011464
10679,2016133AL0206,2016,133AL0206,1,1,1,1,30,6,3,0,0,0,0,0,9,1,1,2016,133AL0206,429826.0,434396.0,-1.548587,53.805008,13,3,2,1,21/10/2016,6,07:20,204,E08000035,E08000035,2,58,7,40.0,5,4,6,0,0,0,1,9,1,0,0,1,2,2,E01033008
10680,2016133AL0251,2016,133AL0251,2,1,1,1,35,6,2,0,0,0,0,0,5,1,8,2016,133AL0251,433863.0,429534.0,-1.487821,53.761063,13,2,2,1,21/10/2016,6,08:15,204,E08000035,E08000035,3,61,3,40.0,0,-1,-1,-1,0,0,1,1,1,0,0,2,1,2,E01011639
10681,2016133AL0691,2016,133AL0691,2,1,2,2,57,9,3,0,0,0,3,0,11,-1,-1,2016,133AL0691,428534.0,434285.0,-1.568215,53.804082,13,3,2,3,20/10/2016,5,18:40,204,E08000035,E08000035,6,0,6,30.0,3,4,6,0,0,0,4,1,1,0,0,1,2,2,E01011681
10682,2016133AL0691,2016,133AL0691,2,2,2,2,63,9,3,0,0,0,3,0,11,-1,-1,2016,133AL0691,428534.0,434285.0,-1.568215,53.804082,13,3,2,3,20/10/2016,5,18:40,204,E08000035,E08000035,6,0,6,30.0,3,4,6,0,0,0,4,1,1,0,0,1,2,2,E01011681
10683,2016133AL0691,2016,133AL0691,2,3,2,2,72,10,3,0,0,0,4,0,11,1,1,2016,133AL0691,428534.0,434285.0,-1.568215,53.804082,13,3,2,3,20/10/2016,5,18:40,204,E08000035,E08000035,6,0,6,30.0,3,4,6,0,0,0,4,1,1,0,0,1,2,2,E01011681
10684,2016133AL1264,2016,133AL1264,1,1,3,1,25,5,3,4,9,0,0,0,0,1,1,2016,133AL1264,430250.0,433231.0,-1.542263,53.794513,13,3,1,1,21/10/2016,6,17:40,204,E08000035,E08000035,6,0,6,30.0,3,2,6,0,0,5,1,1,1,0,0,1,1,2,E01033016
10685,2016133AL1893,2016,133AL1893,1,1,2,1,22,5,3,0,0,1,0,0,9,1,1,2016,133AL1893,436133.0,435578.0,-1.452683,53.815233,13,3,1,1,21/10/2016,6,22:55,204,E08000035,E08000035,6,0,1,30.0,1,4,3,6120,0,0,4,1,1,0,0,1,1,2,E01011406
10686,2016133AM0599,2016,133AM0599,1,1,3,2,71,10,3,4,1,0,0,0,0,1,10,2016,133AM0599,429892.0,433800.0,-1.547643,53.799647,13,3,1,1,22/10/2016,7,11:20,204,E08000035,E08000035,6,0,6,30.0,0,-1,-1,-1,0,4,1,1,1,0,0,1,1,2,E01033010
10687,2016133AM1126,2016,133AM1126,1,1,2,1,22,5,3,0,0,1,0,0,9,1,2,2016,133AM1126,429655.0,433381.0,-1.551281,53.795895,13,3,2,1,22/10/2016,7,16:18,204,E08000035,E08000035,6,0,6,30.0,3,2,6,0,0,5,1,1,1,0,0,1,1,2,E01033008
10688,2016133AM1209,2016,133AM1209,1,1,1,2,47,8,3,0,0,0,0,0,9,2,8,2016,133AM1209,432570.0,428094.0,-1.507585,53.748202,13,3,2,5,22/10/2016,7,17:00,204,E08000035,E08000035,3,61,6,30.0,0,-1,-1,-1,0,0,1,1,1,0,0,1,1,2,E01011496
10689,2016133AM1209,2016,133AM1209,1,3,2,1,47,8,3,0,0,1,0,0,9,2,8,2016,133AM1209,432570.0,428094.0,-1.507585,53.748202,13,3,2,5,22/10/2016,7,17:00,204,E08000035,E08000035,3,61,6,30.0,0,-1,-1,-1,0,0,1,1,1,0,0,1,1,2,E01011496
10690,2016133AM1209,2016,133AM1209,1,4,2,2,11,3,3,0,0,2,0,0,9,2,8,2016,133AM1209,432570.0,428094.0,-1.507585,53.748202,13,3,2,5,22/10/2016,7,17:00,204,E08000035,E08000035,3,61,6,30.0,0,-1,-1,-1,0,0,1,1,1,0,0,1,1,2,E01011496
10691,2016133AM1209,2016,133AM1209,1,5,2,2,9,2,3,0,0,2,0,0,9,2,8,2016,133AM1209,432570.0,428094.0,-1.507585,53.748202,13,3,2,5,22/10/2016,7,17:00,204,E08000035,E08000035,3,61,6,30.0,0,-1,-1,-1,0,0,1,1,1,0,0,1,1,2,E01011496
10692,2016133AM1209,2016,133AM1209,2,2,1,1,25,5,3,0,0,0,0,0,19,-1,-1,2016,133AM1209,432570.0,428094.0,-1.507585,53.748202,13,3,2,5,22/10/2016,7,17:00,204,E08000035,E08000035,3,61,6,30.0,0,-1,-1,-1,0,0,1,1,1,0,0,1,1,2,E01011496
10693,2016133AM1263,2016,133AM1263,1,1,1,1,45,7,3,0,0,0,0,0,9,1,2,2016,133AM1263,435801.0,426891.0,-1.458731,53.737179,13,3,2,2,22/10/2016,7,16:50,204,E08000035,E08000035,3,642,3,40.0,0,-1,-1,-1,0,0,1,1,1,0,0,2,2,2,E01011636
10694,2016133AM1263,2016,133AM1263,2,2,2,2,36,7,3,0,0,1,0,0,9,1,2,2016,133AM1263,435801.0,426891.0,-1.458731,53.737179,13,3,2,2,22/10/2016,7,16:50,204,E08000035,E08000035,3,642,3,40.0,0,-1,-1,-1,0,0,1,1,1,0,0,2,2,2,E01011636
10695,2016133AM1372,2016,133AM1372,1,1,1,1,23,5,3,0,0,0,0,0,9,1,7,2016,133AM1372,428463.0,431349.0,-1.569564,53.777698,13,3,2,2,22/10/2016,7,18:30,204,E08000035,E08000035,3,643,6,30.0,6,2,6,0,0,5,4,2,2,0,0,1,1,2,E01011369
10696,2016133AM1372,2016,133AM1372,2,2,1,1,34,6,3,0,0,0,0,0,9,1,3,2016,133AM1372,428463.0,431349.0,-1.569564,53.777698,13,3,2,2,22/10/2016,7,18:30,204,E08000035,E08000035,3,643,6,30.0,6,2,6,0,0,5,4,2,2,0,0,1,1,2,E01011369
10697,2016133AM1609,2016,133AM1609,2,1,2,2,29,6,3,0,0,1,0,0,9,1,3,2016,133AM1609,419828.0,440701.0,-1.699996,53.862152,13,3,2,1,22/10/2016,7,20:45,204,E08000035,E08000035,6,0,6,30.0,6,4,6,0,0,0,4,1,1,0,0,1,1,2,E01011277
10698,2016133AN0678,2016,133AN0678,2,1,1,2,39,7,3,0,0,0,0,0,1,-1,-1,2016,133AN0678,417877.0,443330.0,-1.729509,53.885852,13,3,2,1,23/10/2016,1,11:45,204,E08000035,E08000035,3,65,6,30.0,3,2,6,0,0,0,1,1,1,0,0,2,1,2,E01011266
10699,2016133AN0822,2016,133AN0822,2,1,2,2,77,11,3,0,0,1,0,0,9,1,7,2016,133AN0822,422771.0,428675.0,-1.656133,53.753943,13,3,2,1,23/10/2016,1,13:21,204,E08000035,E08000035,4,6135,6,30.0,0,-1,-1,-1,0,1,1,1,1,0,0,1,1,2,E01011521
10700,2016133AN1034,2016,133AN1034,1,1,1,1,25,5,3,0,0,0,0,0,9,1,6,2016,133AN1034,419960.0,434130.0,-1.698413,53.803087,13,3,4,4,23/10/2016,1,15:16,204,E08000035,E08000035,3,647,3,40.0,0,-1,-1,-1,0,0,1,1,2,0,0,2,1,2,E01011597
10701,2016133AN1034,2016,133AN1034,1,2,2,1,27,6,3,0,0,1,0,0,9,1,7,2016,133AN1034,419960.0,434130.0,-1.698413,53.803087,13,3,4,4,23/10/2016,1,15:16,204,E08000035,E08000035,3,647,3,40.0,0,-1,-1,-1,0,0,1,1,2,0,0,2,1,2,E01011597
10702,2016133AN1034,2016,133AN1034,2,3,1,2,66,10,3,0,0,0,0,0,9,1,6,2016,133AN1034,419960.0,434130.0,-1.698413,53.803087,13,3,4,4,23/10/2016,1,15:16,204,E08000035,E08000035,3,647,3,40.0,0,-1,-1,-1,0,0,1,1,2,0,0,2,1,2,E01011597
10703,2016133AN1034,2016,133AN1034,3,4,1,2,38,7,3,0,0,0,0,0,9,1,7,2016,133AN1034,419960.0,434130.0,-1.698413,53.803087,13,3,4,4,23/10/2016,1,15:16,204,E08000035,E08000035,3,647,3,40.0,0,-1,-1,-1,0,0,1,1,2,0,0,2,1,2,E01011597
10704,2016133AN1036,2016,133AN1036,2,1,1,2,20,4,3,0,0,0,0,0,9,-1,-1,2016,133AN1036,430587.0,425741.0,-1.537887,53.727174,13,3,2,1,23/10/2016,1,15:18,204,E08000035,E08000035,6,0,6,30.0,0,-1,-1,-1,0,0,1,1,1,0,0,1,2,2,E01011551
10705,2016133AN1449,2016,133AN1449,1,1,1,1,21,5,3,0,0,0,0,0,9,1,1,2016,133AN1449,429237.0,438605.0,-1.557132,53.842871,13,3,2,3,23/10/2016,1,18:45,204,E08000035,E08000035,3,6120,3,70.0,6,2,6,0,0,5,4,1,1,0,0,1,1,2,E01011559
10706,2016133AN1449,2016,133AN1449,2,2,1,2,42,7,3,0,0,0,0,0,9,1,1,2016,133AN1449,429237.0,438605.0,-1.557132,53.842871,13,3,2,3,23/10/2016,1,18:45,204,E08000035,E08000035,3,6120,3,70.0,6,2,6,0,0,5,4,1,1,0,0,1,1,2,E01011559
10707,2016133AN1449,2016,133AN1449,2,3,2,2,16,4,3,0,0,1,0,0,9,1,1,2016,133AN1449,429237.0,438605.0,-1.557132,53.842871,13,3,2,3,23/10/2016,1,18:45,204,E08000035,E08000035,3,6120,3,70.0,6,2,6,0,0,5,4,1,1,0,0,1,1,2,E01011559
10708,2016133AO0327,2016,133AO0327,2,1,1,1,26,6,3,0,0,0,0,0,1,1,1,2016,133AO0327,428686.0,434950.0,-1.565846,53.810051,13,3,2,1,24/10/2016,2,09:00,204,E08000035,E08000035,6,0,6,30.0,6,4,6,0,0,0,1,1,1,0,0,1,1,2,E01011444
10709,2016133AO0549,2016,133AO0549,1,1,2,2,21,5,3,0,0,0,3,0,11,-1,-1,2016,133AO0549,427844.0,430860.0,-1.579,53.773336,13,3,1,2,24/10/2016,2,09:10,204,E08000035,E08000035,3,643,6,30.0,0,-1,-1,-1,0,0,1,9,1,0,0,1,2,2,E01011369
10710,2016133AO0549,2016,133AO0549,1,2,2,1,1,1,3,0,0,0,3,0,11,-1,-1,2016,133AO0549,427844.0,430860.0,-1.579,53.773336,13,3,1,2,24/10/2016,2,09:10,204,E08000035,E08000035,3,643,6,30.0,0,-1,-1,-1,0,0,1,9,1,0,0,1,2,2,E01011369
10711,2016133AO0750,2016,133AO0750,2,1,2,2,19,4,3,0,0,2,0,0,8,1,1,2016,133AO0750,430716.0,435010.0,-1.535012,53.810475,13,3,2,1,24/10/2016,2,13:42,204,E08000035,E08000035,3,58,3,30.0,9,2,6,0,0,4,1,9,1,0,0,1,2,2,E01011671
10712,2016133AO0993,2016,133AO0993,2,1,1,1,30,6,3,0,0,0,0,0,9,1,1,2016,133AO0993,428601.0,432822.0,-1.567333,53.790929,13,3,2,2,24/10/2016,2,15:38,204,E08000035,E08000035,3,643,3,30.0,0,-1,-1,-1,0,0,1,9,1,0,0,1,2,2,E01011363
10713,2016133AO0993,2016,133AO0993,2,2,2,2,26,6,3,0,0,1,0,0,9,1,1,2016,133AO0993,428601.0,432822.0,-1.567333,53.790929,13,3,2,2,24/10/2016,2,15:38,204,E08000035,E08000035,3,643,3,30.0,0,-1,-1,-1,0,0,1,9,1,0,0,1,2,2,E01011363
10714,2016133AO1002,2016,133AO1002,2,1,1,2,29,6,3,0,0,0,0,0,9,1,2,2016,133AO1002,424929.0,427641.0,-1.623488,53.744551,13,3,2,1,22/10/2016,7,14:30,204,E08000035,E08000035,3,643,3,30.0,6,2,3,650,0,0,1,9,1,0,0,1,2,2,E01011530
10715,2016133AO1097,2016,133AO1097,1,1,3,1,18,4,3,6,9,0,0,0,0,1,2,2016,133AO1097,433877.0,436496.0,-1.486846,53.823635,13,3,1,1,24/10/2016,2,16:25,204,E08000035,E08000035,6,0,9,20.0,0,-1,-1,-1,0,0,1,9,1,0,0,1,2,2,E01011421
10716,2016133AO1221,2016,133AO1221,1,1,2,2,23,5,3,0,0,1,0,0,9,1,1,2016,133AO1221,431450.0,435578.0,-1.523808,53.815536,13,3,2,2,24/10/2016,2,17:15,204,E08000035,E08000035,6,0,6,30.0,3,4,6,0,0,0,1,1,1,0,0,1,1,2,E01011426