,accident_index,accident_year_x,accident_reference_x,vehicle_reference,casualty_reference,casualty_class,sex_of_casualty,age_of_casualty,age_band_of_casualty,casualty_severity,pedestrian_location,pedestrian_movement,car_passenger,bus_or_coach_passenger,pedestrian_road_maintenance_worker,casualty_type,casualty_home_area_type,casualty_imd_decile,accident_year_y,accident_reference_y,location_easting_osgr,location_northing_osgr,longitude,latitude,police_force,accident_severity,number_of_vehicles,number_of_casualties,date,day_of_week,time,local_authority_district,local_authority_ons_district,local_authority_highway,first_road_class,first_road_number,road_type,speed_limit,junction_detail,junction_control,second_road_class,second_road_number,pedestrian_crossing_human_control,pedestrian_crossing_physical_facilities,light_conditions,weather_conditions,road_surface_conditions,special_conditions_at_site,carriageway_hazards,urban_or_rural_area,did_police_officer_attend_scene_of_accident,trunk_road_flag,lsoa_of_accident_location
10717,2016133AO1221,2016,133AO1221,2,2,1,2,30,6,3,0,0,0,0,0,9,1,1,2016,133AO1221,431450.0,435578.0,-1.523808,53.815536,13,3,2,2,24/10/2016,2,17:15,204,E08000035,E08000035,6,0,6,30.0,3,4,6,0,0,0,1,1,1,0,0,1,1,2,E01011426
10718,2016133AP0255,2016,133AP0255,2,1,1,1,37,7,3,0,0,0,0,0,1,-1,-1,2016,133AP0255,432177.0,434627.0,-1.512865,53.806944,13,3,2,1,25/10/2016,3,07:02,204,E08000035,E08000035,6,0,1,20.0,1,4,6,0,0,0,1,9,1,0,0,1,1,2,E01011433
10719,2016133AP0288,2016,133AP0288,2,1,1,1,34,6,2,0,0,0,0,0,1,1,7,2016,133AP0288,428629.0,434184.0,-1.566782,53.803169,13,2,2,1,25/10/2016,3,07:15,204,E08000035,E08000035,6,0,6,30.0,3,4,6,0,0,0,1,9,2,0,0,1,2,2,E01011681
10720,2016133AP0995,2016,133AP0995,2,1,1,2,51,8,3,0,0,0,0,0,1,1,3,2016,133AP0995,430833.0,434014.0,-1.533335,53.801516,13,3,2,1,25/10/2016,3,15:57,204,E08000035,E08000035,3,61,3,40.0,3,4,6,0,0,0,1,1,1,0,0,1,1,2,E01033031
10721,2016133AP1308,2016,133AP1308,2,1,1,1,32,6,3,0,0,0,0,0,1,1,1,2016,133AP1308,430222.0,434406.0,-1.542573,53.805075,13,3,2,1,25/10/2016,3,18:21,204,E08000035,E08000035,3,58,3,30.0,3,2,2,64,0,0,4,1,1,0,0,1,1,2,E01033002
10722,2016133AP1417,2016,133AP1417,1,1,3,2,4,1,2,6,9,0,0,0,0,1,1,2016,133AP1417,431885.0,434905.0,-1.51727,53.809461,13,2,1,1,25/10/2016,3,16:30,204,E08000035,E08000035,6,0,6,30.0,6,4,6,0,0,0,1,1,1,0,0,1,2,2,E01011677
10723,2016133AQ0302,2016,133AQ0302,2,1,1,1,34,6,2,0,0,0,0,0,1,1,9,2016,133AQ0302,436233.0,434285.0,-1.451316,53.803605,13,2,2,1,26/10/2016,4,08:35,204,E08000035,E08000035,3,6120,6,30.0,6,4,6,0,0,0,1,1,1,0,0,1,1,2,E01011408
10724,2016133AQ0489,2016,133AQ0489,1,1,2,2,48,8,3,0,0,0,3,0,11,-1,-1,2016,133AQ0489,430576.0,433446.0,-1.537293,53.796426,13,3,1,1,26/10/2016,4,11:15,204,E08000035,E08000035,6,0,6,30.0,0,-1,-1,-1,0,0,1,1,1,0,0,1,2,2,E01033011
10725,2016133AQ0622,2016,133AQ0622,1,1,1,1,32,6,3,0,0,0,0,0,9,1,1,2016,133AQ0622,428674.0,434618.0,-1.566059,53.807068,13,3,2,2,26/10/2016,4,12:51,204,E08000035,E08000035,6,0,6,30.0,3,4,6,0,0,0,1,1,1,0,0,1,1,2,E01011681
10726,2016133AQ0622,2016,133AQ0622,2,2,2,2,6,2,3,0,0,1,0,0,9,1,2,2016,133AQ0622,428674.0,434618.0,-1.566059,53.807068,13,3,2,2,26/10/2016,4,12:51,204,E08000035,E08000035,6,0,6,30.0,3,4,6,0,0,0,1,1,1,0,0,1,1,2,E01011681
10727,2016133AQ0775,2016,133AQ0775,2,1,1,2,27,6,3,0,0,0,0,0,9,-1,-1,2016,133AQ0775,442390.0,445860.0,-1.356239,53.907171,13,3,2,1,26/10/2016,4,14:08,204,E08000035,E08000035,6,0,6,30.0,3,4,6,0,0,0,1,1,1,0,0,2,1,2,E01011697
10728,2016133AQ0911,2016,133AQ0911,2,1,1,2,34,6,3,0,0,0,0,0,9,1,3,2016,133AQ0911,443616.0,435523.0,-1.339044,53.814166,13,3,3,3,26/10/2016,4,15:14,204,E08000035,E08000035,1,1,3,70.0,0,-1,-1,-1,0,0,1,1,1,0,2,2,1,1,E01011297
10729,2016133AQ0911,2016,133AQ0911,2,2,2,2,31,6,3,0,0,1,0,0,9,1,6,2016,133AQ0911,443616.0,435523.0,-1.339044,53.814166,13,3,3,3,26/10/2016,4,15:14,204,E08000035,E08000035,1,1,3,70.0,0,-1,-1,-1,0,0,1,1,1,0,2,2,1,1,E01011297
10730,2016133AQ0911,2016,133AQ0911,2,3,2,2,13,3,3,0,0,2,0,0,9,1,8,2016,133AQ0911,443616.0,435523.0,-1.339044,53.814166,13,3,3,3,26/10/2016,4,15:14,204,E08000035,E08000035,1,1,3,70.0,0,-1,-1,-1,0,0,1,1,1,0,2,2,1,1,E01011297
10731,2016133AQ1178,2016,133AQ1178,1,1,3,2,21,5,3,9,5,0,0,0,0,-1,-1,2016,133AQ1178,429255.0,435644.0,-1.557139,53.816257,13,3,1,1,26/10/2016,4,17:10,204,E08000035,E08000035,6,0,6,30.0,0,-1,-1,-1,0,0,1,1,1,0,0,1,1,2,E01011668
10732,2016133AQ1413,2016,133AQ1413,1,1,1,2,29,6,3,0,0,0,0,0,9,1,1,2016,133AQ1413,431253.0,437843.0,-1.52657,53.835905,13,3,1,1,26/10/2016,4,18:50,204,E08000035,E08000035,6,0,6,30.0,0,-1,-1,-1,0,0,7,9,1,0,0,1,1,2,E01011504
10733,2016133AQ1464,2016,133AQ1464,2,1,2,2,68,10,3,0,0,0,4,0,11,1,5,2016,133AQ1464,436173.0,434517.0,-1.4522,53.805694,13,3,2,1,26/10/2016,4,17:55,204,E08000035,E08000035,6,0,6,30.0,0,-1,-1,-1,0,0,1,1,1,0,0,1,2,2,E01011408
10734,2016133AQ1580,2016,133AQ1580,2,1,1,2,40,7,3,0,0,0,0,0,9,-1,-1,2016,133AQ1580,420965.0,434367.0,-1.683138,53.805178,13,3,2,1,26/10/2016,4,17:00,204,E08000035,E08000035,3,647,3,30.0,0,-1,-1,-1,0,0,1,1,1,0,0,1,2,2,E01011595
10735,2016133AR1122,2016,133AR1122,2,1,1,1,53,8,3,0,0,0,0,0,1,1,1,2016,133AR1122,429826.0,432960.0,-1.548726,53.792101,13,3,2,1,27/10/2016,5,16:35,204,E08000035,E08000035,6,0,6,30.0,3,2,6,0,0,5,1,1,1,0,0,1,1,2,E01033016
10736,2016133AR1181,2016,133AR1181,2,1,1,1,52,8,3,0,0,0,0,0,5,1,1,2016,133AR1181,427519.0,433839.0,-1.583667,53.800128,13,3,2,1,27/10/2016,5,17:00,204,E08000035,E08000035,6,0,6,30.0,3,4,6,0,0,0,1,1,1,0,0,1,1,2,E01011284
10737,2016133AR1229,2016,133AR1229,1,1,1,1,61,9,3,0,0,0,0,0,9,1,7,2016,133AR1229,431624.0,426417.0,-1.522101,53.733188,13,3,2,1,27/10/2016,5,17:30,204,E08000035,E08000035,1,62,3,70.0,0,-1,-1,-1,0,0,4,1,1,0,0,2,1,1,E01011499
10738,2016133AR1956,2016,133AR1956,1,1,1,2,22,5,3,0,0,0,0,0,9,1,4,2016,133AR1956,428044.0,435069.0,-1.575584,53.811155,13,3,2,3,27/10/2016,5,23:35,204,E08000035,E08000035,6,0,6,30.0,3,4,6,0,0,0,4,1,1,0,0,1,1,2,E01011446
10739,2016133AR1956,2016,133AR1956,2,2,1,1,38,7,3,0,0,0,0,0,9,1,1,2016,133AR1956,428044.0,435069.0,-1.575584,53.811155,13,3,2,3,27/10/2016,5,23:35,204,E08000035,E08000035,6,0,6,30.0,3,4,6,0,0,0,4,1,1,0,0,1,1,2,E01011446
10740,2016133AR1956,2016,133AR1956,2,3,2,2,19,4,3,0,0,2,0,0,9,1,6,2016,133AR1956,428044.0,435069.0,-1.575584,53.811155,13,3,2,3,27/10/2016,5,23:35,204,E08000035,E08000035,6,0,6,30.0,3,4,6,0,0,0,4,1,1,0,0,1,1,2,E01011446
10741,2016133AS0267,2016,133AS0267,1,1,1,1,20,4,3,0,0,0,0,0,1,-1,-1,2016,133AS0267,430784.0,433454.0,-1.534134,53.796486,13,3,2,1,28/10/2016,6,07:08,204,E08000035,E08000035,6,0,6,30.0,6,2,6,0,0,4,4,1,1,0,0,1,1,2,E01033011
10742,2016133AS0285,2016,133AS0285,2,1,1,2,25,5,3,0,0,0,0,0,9,1,7,2016,133AS0285,434619.0,441231.0,-1.475042,53.866143,13,3,2,1,28/10/2016,6,07:30,204,E08000035,E08000035,6,0,6,60.0,6,4,6,0,0,0,6,1,1,0,0,2,1,2,E01011713
10743,2016133AS0296,2016,133AS0296,1,1,1,1,59,9,3,0,0,0,0,0,1,-1,-1,2016,133AS0296,427954.0,430306.0,-1.577381,53.768351,13,3,2,1,28/10/2016,6,07:35,204,E08000035,E08000035,3,6110,1,40.0,1,4,6,0,0,0,1,1,1,0,0,1,1,2,E01011317
10744,2016133AS0532,2016,133AS0532,1,1,1,1,39,7,3,0,0,0,0,0,9,1,1,2016,133AS0532,431002.0,435795.0,-1.53059,53.817513,13,3,2,1,27/10/2016,5,12:00,204,E08000035,E08000035,6,0,6,30.0,0,-1,-1,-1,0,1,1,1,1,0,0,1,2,2,E01011359
10745,2016133AS1083,2016,133AS1083,2,1,1,1,25,5,3,0,0,0,0,0,19,-1,-1,2016,133AS1083,424112.0,434586.0,-1.635335,53.807011,13,3,4,1,28/10/2016,6,16:00,204,E08000035,E08000035,6,0,6,30.0,3,4,6,0,0,0,1,1,1,0,0,1,1,2,E01011334
10746,2016133AS1114,2016,133AS1114,2,1,1,2,79,11,3,0,0,0,0,0,9,1,10,2016,133AS1114,426835.0,438058.0,-1.593685,53.838084,13,3,2,1,28/10/2016,6,16:10,204,E08000035,E08000035,3,660,1,30.0,1,4,3,6120,0,0,1,9,1,0,0,1,2,2,E01011685
10747,2016133AT0612,2016,133AT0612,1,1,3,2,41,7,1,5,1,0,0,0,0,-1,-1,2016,133AT0612,438888.0,432555.0,-1.411222,53.787865,13,1,1,1,29/10/2016,7,10:09,204,E08000035,E08000035,3,63,3,50.0,0,-1,-1,-1,0,0,1,1,1,0,0,2,1,2,E01011402
10748,2016133AT0735,2016,133AT0735,1,1,3,1,42,7,3,10,9,0,0,0,0,-1,-1,2016,133AT0735,431202.0,429737.0,-1.528164,53.763053,13,3,1,1,29/10/2016,7,11:30,204,E08000035,E08000035,6,0,6,30.0,0,-1,-1,-1,0,0,1,1,1,0,0,1,1,2,E01011474
10749,2016133AT0945,2016,133AT0945,1,1,3,2,21,5,3,10,3,0,0,0,0,1,1,2016,133AT0945,429739.0,433540.0,-1.54999,53.797319,13,3,1,1,29/10/2016,7,13:40,204,E08000035,E08000035,6,0,2,30.0,6,2,6,0,0,5,1,1,1,0,0,1,1,2,E01033010
10750,2016133AT1230,2016,133AT1230,2,1,1,1,15,3,2,0,0,0,0,0,1,1,6,2016,133AT1230,427726.0,436479.0,-1.580287,53.823845,13,2,2,1,29/10/2016,7,16:10,204,E08000035,E08000035,3,660,6,30.0,6,4,4,6157,0,4,1,1,1,0,0,1,1,2,E01011694
10751,2016133AT1477,2016,133AT1477,1,1,3,1,78,11,3,1,1,0,0,0,0,-1,-1,2016,133AT1477,430247.0,433241.0,-1.542308,53.794603,13,3,1,1,29/10/2016,7,18:25,204,E08000035,E08000035,6,0,6,30.0,6,2,6,0,0,5,4,1,1,0,0,1,1,2,E01033016
10752,2016133AT1878,2016,133AT1878,2,1,1,2,46,8,3,0,0,0,0,0,9,1,5,2016,133AT1878,429533.0,439290.0,-1.552568,53.849011,13,3,2,1,29/10/2016,7,21:50,204,E08000035,E08000035,6,0,6,30.0,3,4,6,0,0,0,4,1,1,0,0,1,1,2,E01011559
10753,2016133AU0297,2016,133AU0297,1,1,1,1,33,6,3,0,0,0,0,0,8,1,1,2016,133AU0297,428098.0,434518.0,-1.574814,53.8062,13,3,2,2,30/10/2016,1,01:40,204,E08000035,E08000035,6,0,6,30.0,6,2,6,0,0,0,4,1,1,0,0,1,1,2,E01011481
10754,2016133AU0297,2016,133AU0297,2,2,1,1,39,7,3,0,0,0,0,0,8,1,1,2016,133AU0297,428098.0,434518.0,-1.574814,53.8062,13,3,2,2,30/10/2016,1,01:40,204,E08000035,E08000035,6,0,6,30.0,6,2,6,0,0,0,4,1,1,0,0,1,1,2,E01011481
10755,2016133AU0624,2016,133AU0624,1,1,1,1,53,8,3,0,0,0,0,0,4,-1,-1,2016,133AU0624,427090.0,426097.0,-1.590857,53.730566,13,3,1,2,30/10/2016,1,07:48,204,E08000035,E08000035,1,62,3,70.0,0,-1,-1,-1,0,0,1,1,1,0,0,2,1,1,E01011550
10756,2016133AU0624,2016,133AU0624,1,2,2,2,54,8,3,0,0,0,0,0,4,-1,-1,2016,133AU0624,427090.0,426097.0,-1.590857,53.730566,13,3,1,2,30/10/2016,1,07:48,204,E08000035,E08000035,1,62,3,70.0,0,-1,-1,-1,0,0,1,1,1,0,0,2,1,1,E01011550
10757,2016133AU0629,2016,133AU0629,2,1,1,1,23,5,3,0,0,0,0,0,9,1,1,2016,133AU0629,436470.0,434065.0,-1.447744,53.801611,13,3,2,1,30/10/2016,1,05:35,204,E08000035,E08000035,3,6120,6,40.0,3,4,6,0,0,0,4,1,1,0,0,1,2,2,E01011408
10758,2016133AU1390,2016,133AU1390,2,1,1,1,76,11,3,0,0,0,0,0,9,1,5,2016,133AU1390,420591.0,440142.0,-1.688432,53.857098,13,3,2,2,30/10/2016,1,16:14,204,E08000035,E08000035,3,65,6,30.0,3,4,6,0,0,0,1,1,1,0,0,1,2,2,E01011278
10759,2016133AU1390,2016,133AU1390,2,2,2,2,64,9,3,0,0,1,0,0,9,1,5,2016,133AU1390,420591.0,440142.0,-1.688432,53.857098,13,3,2,2,30/10/2016,1,16:14,204,E08000035,E08000035,3,65,6,30.0,3,4,6,0,0,0,1,1,1,0,0,1,2,2,E01011278
10760,2016133AU1758,2016,133AU1758,2,1,1,1,14,3,3,0,0,0,0,0,1,1,6,2016,133AU1758,428837.0,436575.0,-1.563401,53.824648,13,3,3,2,30/10/2016,1,18:00,204,E08000035,E08000035,6,0,6,30.0,6,2,6,0,0,0,4,1,1,0,0,1,1,2,E01011691
10761,2016133AU1758,2016,133AU1758,3,2,1,1,14,3,3,0,0,0,0,0,1,1,6,2016,133AU1758,428837.0,436575.0,-1.563401,53.824648,13,3,3,2,30/10/2016,1,18:00,204,E08000035,E08000035,6,0,6,30.0,6,2,6,0,0,0,4,1,1,0,0,1,1,2,E01011691
10762,2016133AV0382,2016,133AV0382,1,1,3,2,19,4,3,5,3,0,0,0,0,1,4,2016,133AV0382,429588.0,434699.0,-1.552172,53.807745,13,3,1,1,31/10/2016,2,09:30,204,E08000035,E08000035,3,660,6,30.0,0,-1,-1,-1,0,0,1,1,1,0,0,1,1,2,E01033006
10763,2016133AV0551,2016,133AV0551,2,1,1,2,29,6,3,0,0,0,0,0,9,1,2,2016,133AV0551,436182.0,434467.0,-1.452069,53.805244,13,3,2,2,31/10/2016,2,11:19,204,E08000035,E08000035,3,6120,3,30.0,6,4,6,0,0,0,1,1,1,0,0,1,1,2,E01011408
10764,2016133AV0551,2016,133AV0551,2,2,2,1,23,5,3,0,0,1,0,0,9,1,2,2016,133AV0551,436182.0,434467.0,-1.452069,53.805244,13,3,2,2,31/10/2016,2,11:19,204,E08000035,E08000035,3,6120,3,30.0,6,4,6,0,0,0,1,1,1,0,0,1,1,2,E01011408
10765,2016133AV1403,2016,133AV1403,1,1,3,1,12,3,2,5,2,0,0,0,0,-1,-1,2016,133AV1403,438513.0,430325.0,-1.417192,53.76785,13,2,1,1,31/10/2016,2,18:00,204,E08000035,E08000035,6,0,6,30.0,0,-1,-1,-1,0,0,4,1,1,0,0,2,1,2,E01011390
10766,2016133AV1506,2016,133AV1506,1,1,3,1,6,2,3,5,2,0,0,0,0,-1,-1,2016,133AV1506,431937.0,439283.0,-1.516027,53.848806,13,3,1,1,31/10/2016,2,18:10,204,E08000035,E08000035,6,0,6,30.0,0,-1,-1,-1,0,0,4,1,1,0,0,1,2,2,E01011508
10767,2016133B10350,2016,133B10350,1,1,1,1,24,5,3,0,0,0,0,0,1,1,7,2016,133B10350,431909.0,435733.0,-1.51682,53.816901,13,3,2,1,01/11/2016,3,08:35,204,E08000035,E08000035,3,58,3,30.0,3,4,6,0,0,0,1,1,1,0,0,1,1,2,E01011428
10768,2016133B10454,2016,133B10454,2,1,1,1,23,5,3,0,0,0,0,0,1,1,5,2016,133B10454,430839.0,434003.0,-1.533245,53.801417,13,3,2,1,01/11/2016,3,07:45,204,E08000035,E08000035,3,61,3,30.0,3,4,6,0,0,0,1,1,1,0,0,1,2,2,E01033031
10769,2016133B11347,2016,133B11347,1,2,1,1,27,6,3,0,0,0,0,0,8,-1,-1,2016,133B11347,430236.0,434413.0,-1.54236,53.805137,13,3,2,2,01/11/2016,3,23:30,204,E08000035,E08000035,3,58,3,40.0,0,-1,-1,-1,0,0,4,1,1,0,0,1,2,2,E01033002
10770,2016133B11347,2016,133B11347,2,1,1,1,24,5,3,0,0,0,0,0,9,1,3,2016,133B11347,430236.0,434413.0,-1.54236,53.805137,13,3,2,2,01/11/2016,3,23:30,204,E08000035,E08000035,3,58,3,40.0,0,-1,-1,-1,0,0,4,1,1,0,0,1,2,2,E01033002
10771,2016133B20189,2016,133B20189,1,1,1,2,62,9,3,0,0,0,0,0,9,1,1,2016,133B20189,430147.0,437574.0,-1.543403,53.833553,13,3,2,1,02/11/2016,4,07:25,204,E08000035,E08000035,6,0,6,30.0,0,-1,-1,-1,0,0,1,1,2,0,0,1,2,2,E01011506
10772,2016133B20858,2016,133B20858,1,1,1,1,22,5,3,0,0,0,0,0,9,1,4,2016,133B20858,424151.0,428163.0,-1.635244,53.749279,13,3,2,2,02/11/2016,4,14:18,204,E08000035,E08000035,3,650,3,30.0,1,2,3,62,0,0,1,1,1,0,0,1,1,1,E01011523
10773,2016133B20858,2016,133B20858,2,2,1,2,26,6,3,0,0,0,0,0,9,-1,-1,2016,133B20858,424151.0,428163.0,-1.635244,53.749279,13,3,2,2,02/11/2016,4,14:18,204,E08000035,E08000035,3,650,3,30.0,1,2,3,62,0,0,1,1,1,0,0,1,1,1,E01011523
10774,2016133B21094,2016,133B21094,1,1,1,2,38,7,3,0,0,0,0,0,19,1,3,2016,133B21094,431913.0,435719.0,-1.516761,53.816775,13,3,2,1,02/11/2016,4,16:00,204,E08000035,E08000035,6,0,6,30.0,0,-1,-1,-1,0,0,4,1,1,0,0,1,1,2,E01011428
10775,2016133B21115,2016,133B21115,1,1,1,1,23,5,3,0,0,0,0,0,9,1,8,2016,133B21115,428718.0,426013.0,-1.566189,53.729724,13,3,2,2,02/11/2016,4,16:14,204,E08000035,E08000035,3,650,6,40.0,0,-1,-1,-1,0,0,1,1,1,0,0,1,1,2,E01011553
10776,2016133B21115,2016,133B21115,2,2,1,2,50,8,3,0,0,0,0,0,9,1,8,2016,133B21115,428718.0,426013.0,-1.566189,53.729724,13,3,2,2,02/11/2016,4,16:14,204,E08000035,E08000035,3,650,6,40.0,0,-1,-1,-1,0,0,1,1,1,0,0,1,1,2,E01011553
10777,2016133B21169,2016,133B21169,2,1,1,1,31,6,3,0,0,0,0,0,9,1,7,2016,133B21169,429030.0,431750.0,-1.560922,53.781271,13,2,5,5,02/11/2016,4,16:45,204,E08000035,E08000035,1,621,3,50.0,0,-1,-1,-1,0,0,1,1,1,0,0,1,1,1,E01011366
10778,2016133B21169,2016,133B21169,3,2,1,2,36,7,2,0,0,0,0,0,9,1,8,2016,133B21169,429030.0,431750.0,-1.560922,53.781271,13,2,5,5,02/11/2016,4,16:45,204,E08000035,E08000035,1,621,3,50.0,0,-1,-1,-1,0,0,1,1,1,0,0,1,1,1,E01011366
10779,2016133B21169,2016,133B21169,4,3,1,2,30,6,3,0,0,0,0,0,9,1,1,2016,133B21169,429030.0,431750.0,-1.560922,53.781271,13,2,5,5,02/11/2016,4,16:45,204,E08000035,E08000035,1,621,3,50.0,0,-1,-1,-1,0,0,1,1,1,0,0,1,1,1,E01011366
10780,2016133B21169,2016,133B21169,4,4,2,1,31,6,2,0,0,1,0,0,9,1,1,2016,133B21169,429030.0,431750.0,-1.560922,53.781271,13,2,5,5,02/11/2016,4,16:45,204,E08000035,E08000035,1,621,3,50.0,0,-1,-1,-1,0,0,1,1,1,0,0,1,1,1,E01011366
10781,2016133B21169,2016,133B21169,4,5,2,1,10,2,3,0,0,2,0,0,9,1,1,2016,133B21169,429030.0,431750.0,-1.560922,53.781271,13,2,5,5,02/11/2016,4,16:45,204,E08000035,E08000035,1,621,3,50.0,0,-1,-1,-1,0,0,1,1,1,0,0,1,1,1,E01011366
10782,2016133B21483,2016,133B21483,2,1,1,1,39,7,3,0,0,0,0,0,1,1,1,2016,133B21483,429788.0,430628.0,-1.549527,53.771144,13,3,2,1,02/11/2016,4,19:00,204,E08000035,E08000035,3,653,6,30.0,3,4,6,0,0,0,4,1,1,0,0,1,1,2,E01011322
10783,2016133B30341,2016,133B30341,1,1,3,1,24,5,3,1,1,0,0,0,0,1,1,2016,133B30341,431491.0,435123.0,-1.523231,53.811444,13,3,1,1,03/11/2016,5,09:15,204,E08000035,E08000035,3,61,6,30.0,3,2,6,0,0,5,1,1,1,0,0,1,1,2,E01011673
10784,2016133B30392,2016,133B30392,2,1,1,1,81,11,3,0,0,0,0,0,9,-1,-1,2016,133B30392,441055.0,432040.0,-1.378401,53.78307,13,2,2,2,03/11/2016,5,09:50,204,E08000035,E08000035,3,63,3,40.0,3,2,6,0,0,5,1,1,1,0,0,2,1,2,E01011302
10785,2016133B30392,2016,133B30392,2,2,2,2,77,11,2,0,0,1,0,0,9,-1,-1,2016,133B30392,441055.0,432040.0,-1.378401,53.78307,13,2,2,2,03/11/2016,5,09:50,204,E08000035,E08000035,3,63,3,40.0,3,2,6,0,0,5,1,1,1,0,0,2,1,2,E01011302
10786,2016133B30883,2016,133B30883,1,1,1,1,36,7,3,0,0,0,0,0,1,1,2,2016,133B30883,422651.0,428775.0,-1.657946,53.754847,13,3,2,1,02/11/2016,4,17:30,204,E08000035,E08000035,4,6135,6,30.0,0,-1,-1,-1,0,0,4,9,1,0,0,1,2,2,E01011521
10787,2016133B30992,2016,133B30992,1,1,3,1,13,3,3,5,3,0,0,0,0,1,1,2016,133B30992,430458.0,431163.0,-1.539309,53.775914,13,3,1,1,03/11/2016,5,15:10,204,E08000035,E08000035,6,0,3,30.0,0,-1,-1,-1,0,0,1,1,1,0,0,1,1,2,E01011374
10788,2016133B31024,2016,133B31024,1,1,1,2,26,6,3,0,0,0,0,0,9,-1,-1,2016,133B31024,433423.0,437240.0,-1.493662,53.830351,13,3,4,5,03/11/2016,5,15:29,204,E08000035,E08000035,6,0,6,30.0,3,4,6,0,0,0,1,1,1,0,0,1,1,2,E01011644
10789,2016133B31024,2016,133B31024,1,2,2,1,8,2,3,0,0,2,0,0,9,-1,-1,2016,133B31024,433423.0,437240.0,-1.493662,53.830351,13,3,4,5,03/11/2016,5,15:29,204,E08000035,E08000035,6,0,6,30.0,3,4,6,0,0,0,1,1,1,0,0,1,1,2,E01011644
10790,2016133B31024,2016,133B31024,1,3,2,2,6,2,3,0,0,2,0,0,9,-1,-1,2016,133B31024,433423.0,437240.0,-1.493662,53.830351,13,3,4,5,03/11/2016,5,15:29,204,E08000035,E08000035,6,0,6,30.0,3,4,6,0,0,0,1,1,1,0,0,1,1,2,E01011644
10791,2016133B31024,2016,133B31024,2,4,1,2,46,8,3,0,0,0,0,0,9,-1,-1,2016,133B31024,433423.0,437240.0,-1.493662,53.830351,13,3,4,5,03/11/2016,5,15:29,204,E08000035,E08000035,6,0,6,30.0,3,4,6,0,0,0,1,1,1,0,0,1,1,2,E01011644
10792,2016133B31024,2016,133B31024,4,5,1,1,62,9,3,0,0,0,0,0,9,3,10,2016,133B31024,433423.0,437240.0,-1.493662,53.830351,13,3,4,5,03/11/2016,5,15:29,204,E08000035,E08000035,6,0,6,30.0,3,4,6,0,0,0,1,1,1,0,0,1,1,2,E01011644
10793,2016133B31108,2016,133B31108,1,1,3,1,10,2,3,10,9,0,0,0,0,1,1,2016,133B31108,431724.0,428501.0,-1.520372,53.751912,13,3,1,1,03/11/2016,5,15:30,204,E08000035,E08000035,6,0,3,20.0,0,-1,-1,-1,0,0,1,2,2,0,0,1,1,2,E01011502
10794,2016133B31234,2016,133B31234,1,1,1,2,44,7,3,0,0,0,0,0,9,1,6,2016,133B31234,428294.0,432863.0,-1.57199,53.791315,13,3,2,1,03/11/2016,5,16:57,204,E08000035,E08000035,4,6154,6,30.0,9,4,6,0,0,0,4,1,1,0,0,1,1,2,E01011363
10795,2016133B31258,2016,133B31258,2,1,1,1,33,6,3,0,0,0,0,0,3,1,10,2016,133B31258,427420.0,434987.0,-1.585068,53.810452,13,3,2,1,03/11/2016,5,17:10,204,E08000035,E08000035,6,0,6,30.0,6,4,6,0,0,4,4,1,1,0,0,1,1,2,E01011478
10796,2016133B31302,2016,133B31302,2,1,1,1,39,7,3,0,0,0,0,0,9,1,2,2016,133B31302,430940.0,433494.0,-1.531762,53.796836,13,3,2,3,03/11/2016,5,17:33,204,E08000035,E08000035,6,0,6,30.0,0,-1,-1,-1,0,0,4,9,2,0,0,1,1,2,E01033011
10797,2016133B31302,2016,133B31302,2,2,2,1,7,2,3,0,0,2,0,0,9,1,2,2016,133B31302,430940.0,433494.0,-1.531762,53.796836,13,3,2,3,03/11/2016,5,17:33,204,E08000035,E08000035,6,0,6,30.0,0,-1,-1,-1,0,0,4,9,2,0,0,1,1,2,E01033011
10798,2016133B31302,2016,133B31302,2,3,2,1,22,5,3,0,0,1,0,0,9,1,3,2016,133B31302,430940.0,433494.0,-1.531762,53.796836,13,3,2,3,03/11/2016,5,17:33,204,E08000035,E08000035,6,0,6,30.0,0,-1,-1,-1,0,0,4,9,2,0,0,1,1,2,E01033011
10799,2016133B40563,2016,133B40563,1,1,3,2,54,8,3,10,1,0,0,0,0,3,3,2016,133B40563,440773.0,433630.0,-1.382471,53.797383,13,3,1,1,04/11/2016,6,11:40,204,E08000035,E08000035,6,0,6,30.0,0,-1,-1,-1,0,0,1,1,1,0,0,1,1,2,E01011396
10800,2016133B41069,2016,133B41069,1,1,1,1,21,5,3,0,0,0,0,0,1,1,3,2016,133B41069,426798.0,426674.0,-1.595233,53.735767,13,3,2,1,04/11/2016,6,06:10,204,E08000035,E08000035,3,650,6,30.0,9,2,3,650,0,1,4,1,1,0,0,1,2,2,E01011547
10801,2016133B41240,2016,133B41240,1,1,1,2,87,11,3,0,0,0,0,0,9,1,9,2016,133B41240,419520.0,441505.0,-1.704628,53.86939,13,3,1,1,04/11/2016,6,17:08,204,E08000035,E08000035,6,0,6,30.0,3,4,6,0,0,0,1,9,1,0,0,1,1,2,E01011273
10802,2016133B41326,2016,133B41326,1,1,3,1,62,9,3,6,9,0,0,0,0,1,4,2016,133B41326,430398.0,427022.0,-1.540626,53.738698,13,3,1,1,04/12/2016,1,17:25,204,E08000035,E08000035,6,0,6,30.0,0,-1,-1,-1,0,0,4,1,1,0,0,1,2,2,E01032495
10803,2016133B42162,2016,133B42162,1,1,1,1,23,5,3,0,0,0,0,0,9,1,3,2016,133B42162,429941.0,425134.0,-1.547736,53.721755,13,3,2,1,04/11/2016,6,22:44,204,E08000035,E08000035,3,650,6,30.0,3,3,6,0,0,0,1,2,2,0,0,1,1,2,E01011537