,accident_index,accident_year_x,accident_reference_x,vehicle_reference,casualty_reference,casualty_class,sex_of_casualty,age_of_casualty,age_band_of_casualty,casualty_severity,pedestrian_location,pedestrian_movement,car_passenger,bus_or_coach_passenger,pedestrian_road_maintenance_worker,casualty_type,casualty_home_area_type,casualty_imd_decile,accident_year_y,accident_reference_y,location_easting_osgr,location_northing_osgr,longitude,latitude,police_force,accident_severity,number_of_vehicles,number_of_casualties,date,day_of_week,time,local_authority_district,local_authority_ons_district,local_authority_highway,first_road_class,first_road_number,road_type,speed_limit,junction_detail,junction_control,second_road_class,second_road_number,pedestrian_crossing_human_control,pedestrian_crossing_physical_facilities,light_conditions,weather_conditions,road_surface_conditions,special_conditions_at_site,carriageway_hazards,urban_or_rural_area,did_police_officer_attend_scene_of_accident,trunk_road_flag,lsoa_of_accident_location
10804,2016133B42296,2016,133B42296,1,1,1,1,31,6,3,0,0,0,0,0,9,-1,-1,2016,133B42296,438484.0,436400.0,-1.416875,53.822452,13,3,3,3,04/11/2016,6,23:40,204,E08000035,E08000035,6,0,6,30.0,0,-1,-1,-1,0,0,4,1,1,0,0,2,1,2,E01011719
10805,2016133B42296,2016,133B42296,2,2,1,1,39,7,3,0,0,0,0,0,9,1,1,2016,133B42296,438484.0,436400.0,-1.416875,53.822452,13,3,3,3,04/11/2016,6,23:40,204,E08000035,E08000035,6,0,6,30.0,0,-1,-1,-1,0,0,4,1,1,0,0,2,1,2,E01011719
10806,2016133B42296,2016,133B42296,2,3,2,2,32,6,3,0,0,1,0,0,9,1,1,2016,133B42296,438484.0,436400.0,-1.416875,53.822452,13,3,3,3,04/11/2016,6,23:40,204,E08000035,E08000035,6,0,6,30.0,0,-1,-1,-1,0,0,4,1,1,0,0,2,1,2,E01011719
10807,2016133B50364,2016,133B50364,1,1,1,1,22,5,3,0,0,0,0,0,3,1,1,2016,133B50364,436029.0,435907.0,-1.454224,53.818197,13,3,2,1,05/11/2016,7,06:42,204,E08000035,E08000035,3,6120,3,60.0,3,4,6,0,0,0,4,9,1,0,0,1,1,2,E01011724
10808,2016133B50951,2016,133B50951,1,1,3,2,52,8,2,1,3,0,0,0,0,1,9,2016,133B50951,430975.0,440089.0,-1.530569,53.856108,13,2,1,1,05/11/2016,7,14:30,204,E08000035,E08000035,3,61,3,40.0,3,4,6,0,0,1,1,1,1,0,0,1,1,2,E01011557
10809,2016133B51014,2016,133B51014,1,1,1,1,71,10,3,0,0,0,0,0,1,1,8,2016,133B51014,425162.0,429001.0,-1.619845,53.756763,13,3,2,1,05/11/2016,7,15:05,204,E08000035,E08000035,3,62,6,40.0,6,2,6,0,0,0,1,9,1,0,0,1,1,2,E01011522
10810,2016133B51148,2016,133B51148,1,1,3,1,51,8,3,5,1,0,0,0,0,-1,-1,2016,133B51148,427015.0,433112.0,-1.591382,53.79362,13,3,1,1,05/11/2016,7,16:15,204,E08000035,E08000035,6,0,6,30.0,3,4,6,0,0,0,1,4,1,0,0,1,1,2,E01011292
10811,2016133B51456,2016,133B51456,1,1,3,2,14,3,3,9,9,0,0,0,0,-1,-1,2016,133B51456,444010.0,433772.0,-1.33331,53.798396,13,3,1,1,05/11/2016,7,18:40,204,E08000035,E08000035,6,0,6,30.0,0,-1,-1,-1,0,0,4,4,1,0,0,2,1,2,E01011297
10812,2016133B51465,2016,133B51465,1,1,3,2,20,4,2,6,9,0,0,0,0,1,2,2016,133B51465,429308.0,435027.0,-1.556393,53.810708,13,2,1,1,05/11/2016,7,18:47,204,E08000035,E08000035,3,660,6,30.0,3,2,6,0,0,0,4,9,1,0,0,1,1,2,E01033005
10813,2016133B60634,2016,133B60634,2,1,1,1,21,5,3,0,0,0,0,0,1,3,8,2016,133B60634,430062.0,433712.0,-1.54507,53.798847,13,3,2,1,06/11/2016,1,11:16,204,E08000035,E08000035,6,0,2,30.0,0,-1,-1,-1,0,0,1,1,1,0,0,1,1,2,E01033010
10814,2016133B60653,2016,133B60653,1,1,1,1,17,4,3,0,0,0,0,0,2,1,7,2016,133B60653,435294.0,428484.0,-1.466236,53.751531,13,3,2,1,06/11/2016,1,10:40,204,E08000035,E08000035,3,654,6,30.0,0,-1,-1,-1,0,0,1,1,2,0,0,2,2,2,E01011627
10815,2016133B60786,2016,133B60786,2,1,1,1,42,7,3,0,0,0,0,0,1,1,1,2016,133B60786,428756.0,432720.0,-1.56499,53.790004,13,3,2,1,06/11/2016,1,13:05,204,E08000035,E08000035,6,0,1,30.0,1,4,3,58,0,0,1,2,2,0,0,1,1,2,E01033013
10816,2016133B60860,2016,133B60860,1,1,3,2,82,11,3,5,1,0,0,0,0,1,6,2016,133B60860,421480.0,434420.0,-1.675314,53.805634,13,3,1,1,06/11/2016,1,13:45,204,E08000035,E08000035,4,6157,6,30.0,3,4,4,6156,0,0,1,1,1,0,0,1,1,2,E01011587
10817,2016133B61565,2016,133B61565,2,1,1,1,25,5,3,0,0,0,0,0,1,1,8,2016,133B61565,440487.0,433554.0,-1.386822,53.796722,13,3,2,1,16/11/2016,4,15:40,204,E08000035,E08000035,3,642,6,30.0,3,4,6,0,0,0,1,1,1,0,0,1,2,2,E01011400
10818,2016133B61607,2016,133B61607,1,1,2,2,20,4,3,0,0,2,0,0,9,1,2,2016,133B61607,431139.0,434296.0,-1.52866,53.804032,13,3,2,2,06/11/2016,1,21:15,204,E08000035,E08000035,6,0,6,30.0,6,4,6,0,0,0,4,2,2,0,0,1,2,2,E01033031
10819,2016133B61607,2016,133B61607,1,2,2,1,30,6,3,0,0,2,0,0,9,1,2,2016,133B61607,431139.0,434296.0,-1.52866,53.804032,13,3,2,2,06/11/2016,1,21:15,204,E08000035,E08000035,6,0,6,30.0,6,4,6,0,0,0,4,2,2,0,0,1,2,2,E01033031
10820,2016133B70167,2016,133B70167,2,1,1,2,48,8,3,0,0,0,0,0,9,-1,-1,2016,133B70167,431077.0,430359.0,-1.529997,53.768651,13,3,2,1,07/11/2016,2,07:25,204,E08000035,E08000035,6,0,6,30.0,6,4,6,0,0,0,1,1,2,0,0,1,1,2,E01011472
10821,2016133B70768,2016,133B70768,2,1,1,1,40,7,3,0,0,0,0,0,9,-1,-1,2016,133B70768,431317.0,429063.0,-1.526487,53.756988,13,3,3,1,07/11/2016,2,14:11,204,E08000035,E08000035,6,0,6,30.0,0,-1,-1,-1,0,0,1,1,1,0,0,1,1,2,E01011475
10822,2016133B71247,2016,133B71247,1,1,1,1,24,5,3,0,0,0,0,0,9,1,7,2016,133B71247,428700.0,437062.0,-1.565437,53.829033,13,3,2,2,05/11/2016,7,18:00,204,E08000035,E08000035,6,0,9,20.0,0,-1,-1,-1,0,0,4,1,1,0,0,1,2,2,E01011691
10823,2016133B71247,2016,133B71247,1,2,2,2,51,8,3,0,0,1,0,0,9,1,7,2016,133B71247,428700.0,437062.0,-1.565437,53.829033,13,3,2,2,05/11/2016,7,18:00,204,E08000035,E08000035,6,0,9,20.0,0,-1,-1,-1,0,0,4,1,1,0,0,1,2,2,E01011691
10824,2016133B71304,2016,133B71304,2,1,2,2,53,8,3,0,0,0,4,0,11,1,1,2016,133B71304,431752.0,434601.0,-1.519321,53.806737,13,3,2,1,07/11/2016,2,18:30,204,E08000035,E08000035,6,0,6,30.0,3,4,6,0,0,4,4,1,2,0,0,1,1,2,E01011677
10825,2016133B71577,2016,133B71577,1,1,3,2,21,5,3,1,1,0,0,0,0,1,8,2016,133B71577,427845.0,436278.0,-1.578497,53.822032,13,3,1,1,07/11/2016,2,20:50,204,E08000035,E08000035,3,660,6,30.0,9,4,6,0,0,5,4,1,2,0,0,1,1,2,E01011440
10826,2016133B80261,2016,133B80261,1,1,3,2,15,3,3,5,1,0,0,0,0,1,1,2016,133B80261,433045.0,435647.0,-1.499576,53.816058,13,3,1,1,08/11/2016,3,08:26,204,E08000035,E08000035,6,0,6,30.0,3,4,6,0,0,0,1,1,1,0,0,1,2,2,E01011424
10827,2016133B80400,2016,133B80400,2,1,1,1,23,5,2,0,0,0,0,0,1,-1,-1,2016,133B80400,429203.0,434166.0,-1.558069,53.802976,13,2,2,1,08/11/2016,3,10:35,204,E08000035,E08000035,6,0,6,30.0,3,4,6,0,0,0,1,1,1,0,0,1,1,2,E01011678
10828,2016133B90682,2016,133B90682,1,1,1,1,61,9,3,0,0,0,0,0,21,1,8,2016,133B90682,444754.0,431575.0,-1.322334,53.778587,13,3,2,1,09/11/2016,4,13:10,204,E08000035,E08000035,3,63,6,60.0,0,-1,-1,-1,0,0,1,3,2,0,0,2,1,2,E01011299
10829,2016133B91785,2016,133B91785,1,1,1,1,21,5,3,0,0,0,0,0,9,1,7,2016,133B91785,426006.0,435581.0,-1.606491,53.815863,13,3,2,1,09/11/2016,4,22:00,204,E08000035,E08000035,6,0,6,30.0,6,2,4,6157,0,5,4,9,3,0,0,1,2,2,E01011477
10830,2016133BA0141,2016,133BA0141,2,1,1,2,56,9,3,0,0,0,0,0,9,2,10,2016,133BA0141,434335.0,430251.0,-1.480583,53.767476,13,3,2,1,10/11/2016,5,06:30,204,E08000035,E08000035,1,1,3,70.0,0,-1,-1,-1,0,0,1,2,2,0,0,2,1,1,E01011624
10831,2016133BA1417,2016,133BA1417,1,1,1,1,25,5,2,0,0,0,0,0,2,-1,-1,2016,133BA1417,429267.0,430600.0,-1.557434,53.770921,13,2,2,1,10/11/2016,5,19:34,204,E08000035,E08000035,6,0,6,30.0,6,4,6,0,0,0,4,1,1,0,0,1,1,2,E01011313
10832,2016133BB0187,2016,133BB0187,1,1,2,2,53,8,3,0,0,1,0,0,9,1,7,2016,133BB0187,425635.0,433081.0,-1.612333,53.793411,13,3,2,3,11/11/2016,6,06:43,204,E08000035,E08000035,4,6154,6,30.0,3,4,4,6154,0,0,4,1,1,0,0,1,1,2,E01011725
10833,2016133BB0187,2016,133BB0187,1,2,2,2,35,6,3,0,0,2,0,0,9,1,1,2016,133BB0187,425635.0,433081.0,-1.612333,53.793411,13,3,2,3,11/11/2016,6,06:43,204,E08000035,E08000035,4,6154,6,30.0,3,4,4,6154,0,0,4,1,1,0,0,1,1,2,E01011725
10834,2016133BB0187,2016,133BB0187,2,3,1,1,22,5,3,0,0,0,0,0,9,1,1,2016,133BB0187,425635.0,433081.0,-1.612333,53.793411,13,3,2,3,11/11/2016,6,06:43,204,E08000035,E08000035,4,6154,6,30.0,3,4,4,6154,0,0,4,1,1,0,0,1,1,2,E01011725
10835,2016133BB0447,2016,133BB0447,1,1,2,1,32,6,3,0,0,1,0,0,19,1,3,2016,133BB0447,430869.0,434149.0,-1.532775,53.802727,13,3,2,1,11/11/2016,6,10:30,204,E08000035,E08000035,6,0,3,30.0,8,4,6,0,0,0,1,1,1,0,0,1,1,2,E01033031
10836,2016133BB0675,2016,133BB0675,2,1,1,2,32,6,3,0,0,0,0,0,2,1,4,2016,133BB0675,428876.0,430996.0,-1.563329,53.774502,13,3,2,1,11/11/2016,6,12:30,204,E08000035,E08000035,6,0,6,30.0,3,4,6,0,0,0,1,1,1,0,0,1,1,2,E01011370
10837,2016133BB0901,2016,133BB0901,1,1,1,1,32,6,2,0,0,0,0,0,5,3,7,2016,133BB0901,438710.0,436418.0,-1.41344,53.822597,13,2,2,1,11/11/2016,6,14:31,204,E08000035,E08000035,6,0,6,60.0,0,-1,-1,-1,0,0,1,2,2,0,0,2,1,2,E01011719
10838,2016133BB1024,2016,133BB1024,2,1,1,1,47,8,3,0,0,0,0,0,1,1,2,2016,133BB1024,435333.0,437202.0,-1.464647,53.829884,13,3,2,1,11/11/2016,6,15:00,204,E08000035,E08000035,6,0,6,30.0,0,-1,-1,-1,0,0,1,9,1,0,0,1,2,2,E01011657
10839,2016133BB1305,2016,133BB1305,1,1,1,2,21,5,3,0,0,0,0,0,9,1,1,2016,133BB1305,431965.0,430322.0,-1.516529,53.768265,13,3,2,2,11/11/2016,6,17:25,204,E08000035,E08000035,3,61,1,50.0,1,4,1,621,0,0,4,1,1,0,0,2,1,2,E01011469
10840,2016133BB1305,2016,133BB1305,1,2,2,2,20,4,3,0,0,1,0,0,9,1,2,2016,133BB1305,431965.0,430322.0,-1.516529,53.768265,13,3,2,2,11/11/2016,6,17:25,204,E08000035,E08000035,3,61,1,50.0,1,4,1,621,0,0,4,1,1,0,0,2,1,2,E01011469
10841,2016133BB1460,2016,133BB1460,1,1,1,1,40,7,3,0,0,0,0,0,9,1,2,2016,133BB1460,428534.0,429913.0,-1.568619,53.764787,13,3,2,4,11/11/2016,6,18:45,204,E08000035,E08000035,3,653,6,40.0,3,4,6,0,0,0,4,1,1,0,0,1,1,2,E01011321
10842,2016133BB1460,2016,133BB1460,1,2,2,2,32,6,3,0,0,1,0,0,9,1,1,2016,133BB1460,428534.0,429913.0,-1.568619,53.764787,13,3,2,4,11/11/2016,6,18:45,204,E08000035,E08000035,3,653,6,40.0,3,4,6,0,0,0,4,1,1,0,0,1,1,2,E01011321
10843,2016133BB1460,2016,133BB1460,1,3,2,2,22,5,3,0,0,2,0,0,9,1,1,2016,133BB1460,428534.0,429913.0,-1.568619,53.764787,13,3,2,4,11/11/2016,6,18:45,204,E08000035,E08000035,3,653,6,40.0,3,4,6,0,0,0,4,1,1,0,0,1,1,2,E01011321
10844,2016133BB1460,2016,133BB1460,1,4,2,2,11,3,3,0,0,2,0,0,9,1,1,2016,133BB1460,428534.0,429913.0,-1.568619,53.764787,13,3,2,4,11/11/2016,6,18:45,204,E08000035,E08000035,3,653,6,40.0,3,4,6,0,0,0,4,1,1,0,0,1,1,2,E01011321
10845,2016133BB1532,2016,133BB1532,1,1,1,1,27,6,3,0,0,0,0,0,9,1,1,2016,133BB1532,428504.0,433188.0,-1.568772,53.794224,13,3,2,2,11/11/2016,6,19:05,204,E08000035,E08000035,4,6154,1,40.0,1,2,3,58,0,0,4,1,1,0,0,1,2,2,E01011363
10846,2016133BB1532,2016,133BB1532,1,2,2,2,22,5,3,0,0,1,0,0,9,1,1,2016,133BB1532,428504.0,433188.0,-1.568772,53.794224,13,3,2,2,11/11/2016,6,19:05,204,E08000035,E08000035,4,6154,1,40.0,1,2,3,58,0,0,4,1,1,0,0,1,2,2,E01011363
10847,2016133BC0124,2016,133BC0124,1,1,1,2,23,5,3,0,0,0,0,0,9,3,8,2016,133BC0124,434922.0,431248.0,-1.471565,53.776398,13,3,2,2,12/11/2016,7,20:00,204,E08000035,E08000035,3,63,3,30.0,1,2,1,1,0,0,4,1,2,0,0,2,2,2,E01011624
10848,2016133BC0124,2016,133BC0124,1,2,2,2,20,4,3,0,0,1,0,0,9,1,7,2016,133BC0124,434922.0,431248.0,-1.471565,53.776398,13,3,2,2,12/11/2016,7,20:00,204,E08000035,E08000035,3,63,3,30.0,1,2,1,1,0,0,4,1,2,0,0,2,2,2,E01011624
10849,2016133BC0497,2016,133BC0497,1,1,1,1,18,4,3,0,0,0,0,0,9,1,2,2016,133BC0497,421579.0,441918.0,-1.673287,53.873021,13,3,1,2,12/11/2016,7,10:12,204,E08000035,E08000035,6,0,6,40.0,0,-1,-1,-1,0,0,1,9,2,0,0,2,1,2,E01011269
10850,2016133BC0497,2016,133BC0497,1,2,2,1,16,4,3,0,0,1,0,0,9,1,7,2016,133BC0497,421579.0,441918.0,-1.673287,53.873021,13,3,1,2,12/11/2016,7,10:12,204,E08000035,E08000035,6,0,6,40.0,0,-1,-1,-1,0,0,1,9,2,0,0,2,1,2,E01011269
10851,2016133BC0971,2016,133BC0971,1,1,3,2,30,6,2,4,1,0,0,0,0,1,1,2016,133BC0971,430369.0,433487.0,-1.540431,53.796807,13,2,1,1,13/11/2016,1,15:10,204,E08000035,E08000035,6,0,6,20.0,6,2,6,0,0,4,1,1,1,0,0,1,1,2,E01033010
10852,2016133BC1523,2016,133BC1523,1,1,2,1,12,3,2,0,0,2,0,0,9,1,1,2016,133BC1523,426322.0,428490.0,-1.602295,53.752113,13,2,2,1,12/11/2016,7,20:15,204,E08000035,E08000035,6,0,6,30.0,0,-1,-1,-1,0,0,4,1,1,0,0,1,1,2,E01011525
10853,2016133BD0024,2016,133BD0024,1,1,1,2,40,7,3,0,0,0,0,0,9,1,5,2016,133BD0024,435336.0,425916.0,-1.465891,53.728447,13,3,2,1,13/11/2016,1,00:15,204,E08000035,E08000035,1,62,3,70.0,0,-1,-1,-1,0,0,6,1,1,0,0,2,1,1,E01011636
10854,2016133BD0722,2016,133BD0722,2,1,1,1,56,9,3,0,0,0,0,0,5,3,9,2016,133BD0722,435542.0,438369.0,-1.461338,53.840358,13,3,2,1,13/11/2016,1,12:45,204,E08000035,E08000035,6,0,3,30.0,6,4,6,0,0,0,1,1,1,0,0,1,2,2,E01011714
10855,2016133BD1198,2016,133BD1198,2,1,1,1,58,9,3,0,0,0,0,0,9,-1,-1,2016,133BD1198,421615.0,428453.0,-1.67368,53.751996,13,3,2,1,13/11/2016,1,16:49,204,E08000035,E08000035,3,650,6,60.0,0,-1,-1,-1,0,0,4,1,1,0,0,2,2,2,E01011527
10856,2016133BD1355,2016,133BD1355,1,1,3,1,31,6,3,5,9,0,0,0,0,-1,-1,2016,133BD1355,429354.0,435427.0,-1.555656,53.814301,13,3,1,1,13/11/2016,1,18:09,204,E08000035,E08000035,6,0,6,30.0,0,-1,-1,-1,0,0,4,9,1,0,0,1,1,2,E01011670
10857,2016133BE0900,2016,133BE0900,2,1,1,1,35,6,3,0,0,0,0,0,9,1,8,2016,133BE0900,421539.0,428486.0,-1.674831,53.752296,13,3,2,1,14/11/2016,2,15:09,204,E08000035,E08000035,3,650,6,60.0,1,4,3,58,0,0,1,1,2,0,0,2,1,2,E01011527
10858,2016133BE1121,2016,133BE1121,2,1,1,1,58,9,3,0,0,0,0,0,1,1,4,2016,133BE1121,427310.0,431077.0,-1.587084,53.775315,13,3,2,1,14/11/2016,2,16:50,204,E08000035,E08000035,3,62,3,40.0,3,4,6,0,0,0,4,1,1,0,0,1,1,2,E01011318
10859,2016133BE1843,2016,133BE1843,1,2,1,1,22,5,2,0,0,0,0,0,9,-1,-1,2016,133BE1843,427490.0,434585.0,-1.584041,53.806835,13,1,3,2,14/11/2016,2,23:25,204,E08000035,E08000035,3,65,6,30.0,3,4,6,0,0,4,4,1,2,0,0,1,1,2,E01011482
10860,2016133BE1843,2016,133BE1843,2,1,1,1,33,6,1,0,0,0,0,0,1,-1,-1,2016,133BE1843,427490.0,434585.0,-1.584041,53.806835,13,1,3,2,14/11/2016,2,23:25,204,E08000035,E08000035,3,65,6,30.0,3,4,6,0,0,4,4,1,2,0,0,1,1,2,E01011482
10861,2016133BF0214,2016,133BF0214,2,1,1,1,31,6,3,0,0,0,0,0,3,1,3,2016,133BF0214,428429.0,428746.0,-1.570318,53.754304,13,3,2,1,15/11/2016,3,08:40,204,E08000035,E08000035,3,653,1,30.0,1,4,6,0,0,0,1,1,2,0,0,2,1,2,E01011493
10862,2016133BF0231,2016,133BF0231,1,1,3,2,14,3,2,4,3,0,0,0,0,-1,-1,2016,133BF0231,427701.0,434723.0,-1.580824,53.808064,13,2,1,1,15/11/2016,3,07:20,204,E08000035,E08000035,6,0,6,30.0,6,2,6,0,0,4,1,1,1,0,0,1,1,2,E01011482
10863,2016133BF0359,2016,133BF0359,1,1,3,1,19,4,3,5,3,0,0,0,0,1,6,2016,133BF0359,429307.0,436104.0,-1.556306,53.820388,13,3,1,1,15/11/2016,3,09:32,204,E08000035,E08000035,6,0,2,30.0,0,-1,-1,-1,0,0,1,1,2,0,0,1,1,2,E01011450
10864,2016133BF0864,2016,133BF0864,2,1,1,1,44,7,3,0,0,0,0,0,1,1,1,2016,133BF0864,431017.0,428491.0,-1.531095,53.751865,13,3,2,1,15/11/2016,3,14:58,204,E08000035,E08000035,6,0,6,30.0,6,4,6,0,0,0,1,9,1,0,0,1,2,2,E01011466
10865,2016133BG0496,2016,133BG0496,1,2,2,2,25,5,3,0,0,2,0,0,9,1,1,2016,133BG0496,429908.0,430801.0,-1.54769,53.772692,13,3,2,2,16/11/2016,4,10:57,204,E08000035,E08000035,3,653,6,40.0,9,4,6,0,0,8,1,2,2,0,0,1,1,2,E01011312
10866,2016133BG0496,2016,133BG0496,2,1,2,2,80,11,3,0,0,1,0,0,9,1,10,2016,133BG0496,429908.0,430801.0,-1.54769,53.772692,13,3,2,2,16/11/2016,4,10:57,204,E08000035,E08000035,3,653,6,40.0,9,4,6,0,0,8,1,2,2,0,0,1,1,2,E01011312
10867,2016133BG1281,2016,133BG1281,2,1,1,2,34,6,3,0,0,0,0,0,9,1,10,2016,133BG1281,443088.0,440868.0,-1.346315,53.862248,13,3,4,2,16/11/2016,4,18:10,204,E08000035,E08000035,2,1,3,70.0,0,-1,-1,-1,0,0,6,1,1,0,0,2,1,1,E01011712
10868,2016133BG1281,2016,133BG1281,4,2,1,2,25,5,3,0,0,0,0,0,9,1,9,2016,133BG1281,443088.0,440868.0,-1.346315,53.862248,13,3,4,2,16/11/2016,4,18:10,204,E08000035,E08000035,2,1,3,70.0,0,-1,-1,-1,0,0,6,1,1,0,0,2,1,1,E01011712
10869,2016133BG1629,2016,133BG1629,2,1,1,1,44,7,2,0,0,0,0,0,3,1,5,2016,133BG1629,431755.0,427744.0,-1.51998,53.745107,13,2,2,1,16/11/2016,4,21:15,204,E08000035,E08000035,6,0,6,30.0,3,4,6,0,0,0,4,1,2,0,0,1,1,2,E01011490
10870,2016133BH0150,2016,133BH0150,2,1,1,1,39,7,3,0,0,0,0,0,1,1,1,2016,133BH0150,427746.0,430065.0,-1.580559,53.766196,13,3,2,1,17/11/2016,5,05:00,204,E08000035,E08000035,6,0,6,30.0,3,4,6,0,0,0,4,2,2,0,0,1,1,2,E01011317
10871,2016133BH0189,2016,133BH0189,7,1,1,2,32,6,3,0,0,0,0,0,9,1,7,2016,133BH0189,437718.0,425303.0,-1.429864,53.722771,13,3,10,2,17/11/2016,5,06:51,204,E08000035,E08000035,1,62,3,70.0,0,-1,-1,-1,0,0,6,1,1,0,0,2,1,1,E01011636
10872,2016133BH0189,2016,133BH0189,8,2,1,1,44,7,3,0,0,0,0,0,9,2,8,2016,133BH0189,437718.0,425303.0,-1.429864,53.722771,13,3,10,2,17/11/2016,5,06:51,204,E08000035,E08000035,1,62,3,70.0,0,-1,-1,-1,0,0,6,1,1,0,0,2,1,1,E01011636
10873,2016133BH0260,2016,133BH0260,2,1,1,1,14,3,3,0,0,0,0,0,1,-1,-1,2016,133BH0260,429929.0,438749.0,-1.546601,53.844126,13,3,2,1,17/11/2016,5,08:20,204,E08000035,E08000035,6,0,6,30.0,0,-1,-1,-1,2,1,1,1,2,0,0,1,1,2,E01011510
10874,2016133BH0287,2016,133BH0287,1,1,1,2,54,8,3,0,0,0,0,0,9,1,5,2016,133BH0287,439474.0,426147.0,-1.403145,53.730227,13,3,2,1,17/11/2016,5,08:45,204,E08000035,E08000035,6,0,6,30.0,0,-1,-1,-1,0,0,1,1,1,0,0,2,1,2,E01011395
10875,2016133BH1121,2016,133BH1121,1,1,3,2,27,6,2,1,3,0,0,0,0,1,6,2016,133BH1121,429098.0,435485.0,-1.559539,53.814837,13,2,1,1,17/11/2016,5,17:19,204,E08000035,E08000035,6,0,6,30.0,3,4,6,0,0,1,4,5,2,0,0,1,1,2,E01011668
10876,2016133BH1171,2016,133BH1171,1,1,3,2,46,8,3,1,1,0,0,0,0,1,8,2016,133BH1171,429277.0,433992.0,-1.556961,53.801408,13,3,1,2,17/11/2016,5,17:40,204,E08000035,E08000035,6,0,6,30.0,0,-1,-1,-1,0,1,4,2,2,0,0,1,1,2,E01011678
10877,2016133BH1171,2016,133BH1171,1,2,3,2,45,7,3,1,1,0,0,0,0,1,8,2016,133BH1171,429277.0,433992.0,-1.556961,53.801408,13,3,1,2,17/11/2016,5,17:40,204,E08000035,E08000035,6,0,6,30.0,0,-1,-1,-1,0,1,4,2,2,0,0,1,1,2,E01011678
10878,2016133BH1227,2016,133BH1227,1,1,3,2,28,6,3,1,1,0,0,0,0,1,5,2016,133BH1227,430965.0,433433.0,-1.531389,53.796286,13,3,1,1,17/11/2016,5,08:15,204,E08000035,E08000035,6,0,6,30.0,0,-1,-1,-1,0,5,1,1,1,0,0,1,2,2,E01033033
10879,2016133BH1313,2016,133BH1313,2,1,1,1,28,6,3,0,0,0,0,0,1,1,9,2016,133BH1313,428583.0,435670.0,-1.567343,53.816528,13,3,2,1,17/11/2016,5,19:00,204,E08000035,E08000035,3,660,6,30.0,3,4,6,0,0,0,4,2,2,0,0,1,1,2,E01032946
10880,2016133BH1399,2016,133BH1399,1,1,1,2,57,9,3,0,0,0,0,0,9,1,5,2016,133BH1399,427401.0,435807.0,-1.585284,53.817823,13,3,2,1,15/11/2016,3,19:50,204,E08000035,E08000035,4,6157,6,30.0,8,4,6,0,0,0,4,2,2,0,0,1,1,2,E01032945
10881,2016133BI0482,2016,133BI0482,2,1,1,2,31,6,3,0,0,0,0,0,9,1,1,2016,133BI0482,429213.0,438668.0,-1.557491,53.843439,13,3,2,1,18/11/2016,6,11:00,204,E08000035,E08000035,6,0,6,30.0,6,4,6,0,0,0,1,3,2,0,0,1,1,2,E01011559
10882,2016133BI0582,2016,133BI0582,1,1,1,2,50,8,3,0,0,0,0,0,9,-1,-1,2016,133BI0582,423891.0,434285.0,-1.638714,53.804315,13,3,2,1,18/11/2016,6,12:00,204,E08000035,E08000035,6,0,6,40.0,2,4,3,647,0,0,1,1,2,0,0,1,1,2,E01011287
10883,2016133BI0879,2016,133BI0879,2,1,1,1,20,4,3,0,0,0,0,0,9,-1,-1,2016,133BI0879,434778.0,438016.0,-1.472988,53.837237,13,3,2,1,18/11/2016,6,14:50,204,E08000035,E08000035,3,6120,1,30.0,1,4,3,58,0,0,1,1,1,0,0,1,1,2,E01011650
10884,2016133BI1032,2016,133BI1032,2,1,1,1,24,5,3,0,0,0,0,0,3,-1,-1,2016,133BI1032,432678.0,437954.0,-1.504905,53.836816,13,3,2,1,18/11/2016,6,16:14,204,E08000035,E08000035,6,0,6,30.0,0,-1,-1,-1,0,0,4,2,2,0,0,2,1,2,E01011655
10885,2016133BI1116,2016,133BI1116,1,1,3,2,48,8,3,1,1,0,0,0,0,3,9,2016,133BI1116,430368.0,433926.0,-1.540403,53.800752,13,3,1,1,17/11/2016,5,17:40,204,E08000035,E08000035,6,0,2,30.0,0,-1,-1,-1,0,4,1,1,1,0,0,1,2,2,E01033010
10886,2016133BI1135,2016,133BI1135,2,1,1,1,60,9,3,0,0,0,0,0,1,-1,-1,2016,133BI1135,434444.0,427966.0,-1.479183,53.746932,13,3,2,1,18/11/2016,6,17:10,204,E08000035,E08000035,6,0,6,30.0,0,-1,-1,-1,0,0,4,2,2,0,0,1,1,2,E01011633
10887,2016133BI1257,2016,133BI1257,1,1,3,2,46,8,3,5,3,0,0,0,0,1,6,2016,133BI1257,419608.0,445156.0,-1.703057,53.902202,13,3,1,1,18/11/2016,6,17:00,204,E08000035,E08000035,3,659,6,30.0,3,4,6,0,0,4,4,2,2,0,0,1,2,2,E01011571
10888,2016133BI1344,2016,133BI1344,1,1,3,1,14,3,2,5,3,0,0,0,0,2,4,2016,133BI1344,424228.0,428288.0,-1.634067,53.750399,13,2,1,1,18/11/2016,6,19:05,204,E08000035,E08000035,3,62,3,30.0,1,2,3,650,0,5,4,2,2,0,0,1,1,2,E01011523
10889,2016133BJ0486,2016,133BJ0486,1,1,1,2,41,7,3,0,0,0,0,0,9,1,8,2016,133BJ0486,428925.0,433412.0,-1.56236,53.796214,13,3,3,1,19/11/2016,7,11:00,204,E08000035,E08000035,3,58,3,40.0,0,-1,-1,-1,0,0,1,1,2,0,0,1,1,2,E01033015
10890,2016133BJ0491,2016,133BJ0491,1,1,3,1,20,4,3,5,4,0,0,0,0,1,6,2016,133BJ0491,442682.0,426423.0,-1.354485,53.732456,13,3,1,1,19/11/2016,7,11:10,204,E08000035,E08000035,3,656,6,30.0,0,-1,-1,-1,0,0,1,1,2,0,0,2,1,2,E01011299