,accident_index,accident_year_x,accident_reference_x,vehicle_reference,casualty_reference,casualty_class,sex_of_casualty,age_of_casualty,age_band_of_casualty,casualty_severity,pedestrian_location,pedestrian_movement,car_passenger,bus_or_coach_passenger,pedestrian_road_maintenance_worker,casualty_type,casualty_home_area_type,casualty_imd_decile,accident_year_y,accident_reference_y,location_easting_osgr,location_northing_osgr,longitude,latitude,police_force,accident_severity,number_of_vehicles,number_of_casualties,date,day_of_week,time,local_authority_district,local_authority_ons_district,local_authority_highway,first_road_class,first_road_number,road_type,speed_limit,junction_detail,junction_control,second_road_class,second_road_number,pedestrian_crossing_human_control,pedestrian_crossing_physical_facilities,light_conditions,weather_conditions,road_surface_conditions,special_conditions_at_site,carriageway_hazards,urban_or_rural_area,did_police_officer_attend_scene_of_accident,trunk_road_flag,lsoa_of_accident_location
11065,2016133CB0924,2016,133CB0924,2,2,1,2,20,4,3,0,0,0,0,0,9,1,3,2016,133CB0924,420926.0,433538.0,-1.683786,53.797729,13,3,2,2,11/12/2016,1,14:24,204,E08000035,E08000035,6,0,6,50.0,6,4,5,0,0,0,1,1,1,0,0,1,1,2,E01011613
11066,2016133CB1196,2016,133CB1196,2,1,1,1,20,4,3,0,0,0,0,0,1,1,3,2016,133CB1196,428397.0,434388.0,-1.570286,53.805016,13,3,2,1,11/12/2016,1,14:30,204,E08000035,E08000035,6,0,6,30.0,3,4,6,0,0,0,1,1,1,0,0,1,2,2,E01011681
11067,2016133CB1279,2016,133CB1279,1,1,1,1,22,5,2,0,0,0,0,0,3,1,1,2016,133CB1279,432887.0,435449.0,-1.501996,53.814288,13,2,2,1,11/12/2016,1,16:00,204,E08000035,E08000035,6,0,6,30.0,0,-1,-1,-1,0,0,4,1,1,0,0,1,2,2,E01011424
11068,2016133CC0249,2016,133CC0249,2,1,1,1,58,9,1,0,0,0,0,0,1,1,9,2016,133CC0249,436836.0,433725.0,-1.442228,53.798529,13,1,2,1,12/12/2016,2,07:20,204,E08000035,E08000035,3,6120,6,30.0,3,4,6,0,0,0,4,1,2,0,0,1,1,2,E01011411
11069,2016133CC0264,2016,133CC0264,1,1,1,2,39,7,3,0,0,0,0,0,19,-1,-1,2016,133CC0264,428809.0,430409.0,-1.564401,53.76923,13,3,2,1,12/12/2016,2,07:48,204,E08000035,E08000035,6,0,6,30.0,0,-1,-1,-1,0,0,4,1,1,0,0,1,2,2,E01011315
11070,2016133CC0303,2016,133CC0303,2,1,1,2,34,6,3,0,0,0,0,0,1,-1,-1,2016,133CC0303,431483.0,435012.0,-1.523364,53.810447,13,3,2,1,12/12/2016,2,08:25,204,E08000035,E08000035,6,0,6,30.0,6,4,6,0,0,0,1,1,1,0,0,1,1,2,E01011673
11071,2016133CC0353,2016,133CC0353,2,1,1,1,41,7,2,0,0,0,0,0,1,1,1,2016,133CC0353,430984.0,434450.0,-1.530998,53.805426,13,2,2,1,14/12/2016,4,15:30,204,E08000035,E08000035,6,0,6,30.0,3,4,6,0,0,0,1,1,1,0,0,1,2,2,E01033031
11072,2016133CC0920,2016,133CC0920,1,1,3,2,56,9,3,6,9,0,0,0,0,1,1,2016,133CC0920,430774.0,435249.0,-1.534107,53.812619,13,3,1,1,12/12/2016,2,15:00,204,E08000035,E08000035,6,0,6,30.0,3,4,6,0,0,0,1,1,1,0,0,1,2,2,E01011360
11073,2016133CC1092,2016,133CC1092,2,1,2,2,14,3,3,0,0,1,0,0,9,-1,-1,2016,133CC1092,424339.0,429261.0,-1.632307,53.759139,13,3,2,1,12/12/2016,2,16:35,204,E08000035,E08000035,4,6126,1,30.0,2,4,6,0,0,0,4,1,1,0,0,1,2,2,E01011519
11074,2016133CC1220,2016,133CC1220,1,1,1,1,43,7,3,0,0,0,0,0,9,1,7,2016,133CC1220,433151.0,435257.0,-1.498008,53.812546,13,3,2,5,12/12/2016,2,17:53,204,E08000035,E08000035,6,0,6,30.0,6,4,6,0,0,4,4,2,2,0,0,1,1,2,E01011431
11075,2016133CC1220,2016,133CC1220,1,2,2,2,46,8,3,0,0,1,0,0,9,-1,-1,2016,133CC1220,433151.0,435257.0,-1.498008,53.812546,13,3,2,5,12/12/2016,2,17:53,204,E08000035,E08000035,6,0,6,30.0,6,4,6,0,0,4,4,2,2,0,0,1,1,2,E01011431
11076,2016133CC1220,2016,133CC1220,1,3,2,2,19,4,3,0,0,2,0,0,9,1,7,2016,133CC1220,433151.0,435257.0,-1.498008,53.812546,13,3,2,5,12/12/2016,2,17:53,204,E08000035,E08000035,6,0,6,30.0,6,4,6,0,0,4,4,2,2,0,0,1,1,2,E01011431
11077,2016133CC1220,2016,133CC1220,2,4,1,2,55,8,3,0,0,0,0,0,9,1,1,2016,133CC1220,433151.0,435257.0,-1.498008,53.812546,13,3,2,5,12/12/2016,2,17:53,204,E08000035,E08000035,6,0,6,30.0,6,4,6,0,0,4,4,2,2,0,0,1,1,2,E01011431
11078,2016133CC1220,2016,133CC1220,2,5,2,1,13,3,3,0,0,1,0,0,9,1,1,2016,133CC1220,433151.0,435257.0,-1.498008,53.812546,13,3,2,5,12/12/2016,2,17:53,204,E08000035,E08000035,6,0,6,30.0,6,4,6,0,0,4,4,2,2,0,0,1,1,2,E01011431
11079,2016133CC1279,2016,133CC1279,2,1,1,1,52,8,3,0,0,0,0,0,1,1,6,2016,133CC1279,422215.0,433913.0,-1.66419,53.801046,13,3,2,1,12/12/2016,2,18:15,204,E08000035,E08000035,6,0,6,30.0,1,4,6,0,0,0,4,1,1,0,0,1,2,2,E01011610
11080,2016133CC1466,2016,133CC1466,1,1,1,1,22,5,3,0,0,0,0,0,19,1,6,2016,133CC1466,431739.0,431420.0,-1.519845,53.778147,13,3,2,1,12/12/2016,2,20:00,204,E08000035,E08000035,3,61,6,30.0,3,4,6,0,0,0,4,1,1,0,0,1,2,2,E01011468
11081,2016133CD0350,2016,133CD0350,1,1,1,2,61,9,3,0,0,0,0,0,9,1,9,2016,133CD0350,423866.0,435751.0,-1.638981,53.817493,13,3,2,1,13/12/2016,3,08:16,204,E08000035,E08000035,6,0,6,30.0,3,4,6,0,0,0,1,1,1,0,0,1,2,2,E01011330
11082,2016133CD0365,2016,133CD0365,1,1,3,1,9,2,3,10,9,0,0,0,0,1,4,2016,133CD0365,420250.0,434003.0,-1.694018,53.801935,13,3,1,1,04/11/2016,6,08:45,204,E08000035,E08000035,6,0,6,30.0,0,-1,-1,-1,0,4,1,1,1,0,0,1,2,2,E01011586
11083,2016133CD0400,2016,133CD0400,1,1,1,1,47,8,3,0,0,0,0,0,19,1,1,2016,133CD0400,429146.0,431788.0,-1.559158,53.781606,13,3,2,4,14/12/2016,4,09:57,204,E08000035,E08000035,1,621,6,30.0,3,4,6,0,0,0,1,1,2,0,0,1,1,2,E01011366
11084,2016133CD0400,2016,133CD0400,1,2,2,1,36,7,3,0,0,1,0,0,19,1,1,2016,133CD0400,429146.0,431788.0,-1.559158,53.781606,13,3,2,4,14/12/2016,4,09:57,204,E08000035,E08000035,1,621,6,30.0,3,4,6,0,0,0,1,1,2,0,0,1,1,2,E01011366
11085,2016133CD0400,2016,133CD0400,2,3,1,1,41,7,3,0,0,0,0,0,8,1,4,2016,133CD0400,429146.0,431788.0,-1.559158,53.781606,13,3,2,4,14/12/2016,4,09:57,204,E08000035,E08000035,1,621,6,30.0,3,4,6,0,0,0,1,1,2,0,0,1,1,2,E01011366
11086,2016133CD0400,2016,133CD0400,2,4,2,2,39,7,3,0,0,1,0,0,8,-1,-1,2016,133CD0400,429146.0,431788.0,-1.559158,53.781606,13,3,2,4,14/12/2016,4,09:57,204,E08000035,E08000035,1,621,6,30.0,3,4,6,0,0,0,1,1,2,0,0,1,1,2,E01011366
11087,2016133CD0639,2016,133CD0639,1,1,1,1,28,6,2,0,0,0,0,0,9,1,6,2016,133CD0639,426620.0,433883.0,-1.597312,53.80057,13,2,2,2,13/12/2016,3,12:40,204,E08000035,E08000035,3,647,3,40.0,3,4,6,0,0,0,1,2,2,0,0,1,1,2,E01032500
11088,2016133CD0639,2016,133CD0639,1,2,2,1,33,6,2,0,0,1,0,0,9,1,2,2016,133CD0639,426620.0,433883.0,-1.597312,53.80057,13,2,2,2,13/12/2016,3,12:40,204,E08000035,E08000035,3,647,3,40.0,3,4,6,0,0,0,1,2,2,0,0,1,1,2,E01032500
11089,2016133CD0746,2016,133CD0746,1,1,3,2,25,5,3,5,1,0,0,0,0,1,1,2016,133CD0746,431513.0,434301.0,-1.522981,53.804055,13,3,1,1,13/12/2016,3,13:54,204,E08000035,E08000035,6,0,6,30.0,3,4,6,0,0,0,1,1,1,0,0,1,1,2,E01033035
11090,2016133CD1089,2016,133CD1089,2,1,1,1,61,9,3,0,0,0,0,0,9,1,9,2016,133CD1089,430784.0,433254.0,-1.534154,53.794688,13,3,3,1,13/12/2016,3,16:50,204,E08000035,E08000035,3,653,3,30.0,6,2,3,61,0,0,4,2,2,0,0,1,1,2,E01033011
11091,2016133CD1195,2016,133CD1195,2,1,1,1,59,9,3,0,0,0,0,0,1,1,4,2016,133CD1195,428496.0,431281.0,-1.569069,53.777085,13,3,2,1,13/12/2016,3,17:55,204,E08000035,E08000035,6,0,6,30.0,3,4,6,0,0,0,4,2,2,0,0,1,1,2,E01011369
11092,2016133CD1234,2016,133CD1234,2,1,2,2,18,4,3,0,0,0,4,0,11,-1,-1,2016,133CD1234,431081.0,433152.0,-1.529656,53.793754,13,3,2,1,13/12/2016,3,18:00,204,E08000035,E08000035,6,0,6,30.0,3,4,6,0,0,0,4,1,2,0,0,1,1,2,E01033033
11093,2016133CE0068,2016,133CE0068,1,1,1,2,28,6,3,0,0,0,0,0,9,1,7,2016,133CE0068,431816.0,430459.0,-1.518776,53.769505,13,3,1,1,14/12/2016,4,01:05,204,E08000035,E08000035,1,621,7,70.0,0,-1,-1,-1,0,0,4,2,2,0,0,1,2,1,E01011469
11094,2016133CE1533,2016,133CE1533,1,1,1,2,45,7,3,0,0,0,0,0,9,1,5,2016,133CE1533,423318.0,427883.0,-1.647897,53.7468,13,3,2,1,14/12/2016,4,19:35,204,E08000035,E08000035,1,621,3,70.0,0,-1,-1,-1,0,0,4,2,2,0,0,2,1,1,E01011527
11095,2016133CE1789,2016,133CE1789,1,1,1,2,24,5,3,0,0,0,0,0,9,1,10,2016,133CE1789,431482.0,431715.0,-1.523715,53.780814,13,3,2,1,14/12/2016,4,21:49,204,E08000035,E08000035,6,0,1,30.0,1,4,6,0,0,0,4,1,1,0,0,1,1,2,E01011468
11096,2016133CF0250,2016,133CF0250,1,1,1,1,35,6,3,0,0,0,0,0,9,1,7,2016,133CF0250,434616.0,441232.0,-1.475088,53.866152,13,3,2,2,15/12/2016,5,07:09,204,E08000035,E08000035,6,0,6,60.0,6,4,6,0,0,0,6,7,2,0,0,2,1,2,E01011713
11097,2016133CF0250,2016,133CF0250,2,2,1,1,41,7,3,0,0,0,0,0,9,2,9,2016,133CF0250,434616.0,441232.0,-1.475088,53.866152,13,3,2,2,15/12/2016,5,07:09,204,E08000035,E08000035,6,0,6,60.0,6,4,6,0,0,0,6,7,2,0,0,2,1,2,E01011713
11098,2016133CF0311,2016,133CF0311,2,1,1,1,59,9,3,0,0,0,0,0,9,1,2,2016,133CF0311,424763.0,427904.0,-1.625984,53.746923,13,3,2,1,15/12/2016,5,08:30,204,E08000035,E08000035,6,0,6,40.0,3,4,3,650,0,0,1,1,2,0,0,1,1,2,E01011530
11099,2016133CF0801,2016,133CF0801,2,1,1,2,46,8,3,0,0,0,0,0,9,1,1,2016,133CF0801,430936.0,429941.0,-1.532178,53.764902,13,3,2,1,17/09/2016,7,20:00,204,E08000035,E08000035,6,0,6,30.0,2,4,6,0,0,0,4,1,1,0,0,1,2,2,E01011472
11100,2016133CF0887,2016,133CF0887,1,1,3,1,13,3,3,4,3,0,0,0,0,1,2,2016,133CF0887,430668.0,433452.0,-1.535896,53.796474,13,3,1,1,15/12/2016,5,15:10,204,E08000035,E08000035,6,0,6,30.0,0,-1,-1,-1,0,5,1,1,2,0,0,1,1,2,E01033011
11101,2016133CF1233,2016,133CF1233,2,1,1,2,53,8,3,0,0,0,0,0,9,-1,-1,2016,133CF1233,428421.0,432520.0,-1.570093,53.788225,13,3,2,2,15/12/2016,5,18:10,204,E08000035,E08000035,6,0,3,40.0,1,4,6,0,0,0,4,1,1,0,0,1,1,2,E01011363
11102,2016133CF1233,2016,133CF1233,2,2,2,2,38,7,3,0,0,1,0,0,9,-1,-1,2016,133CF1233,428421.0,432520.0,-1.570093,53.788225,13,3,2,2,15/12/2016,5,18:10,204,E08000035,E08000035,6,0,3,40.0,1,4,6,0,0,0,4,1,1,0,0,1,1,2,E01011363
11103,2016133CF1638,2016,133CF1638,1,1,1,2,21,5,3,0,0,0,0,0,9,1,4,2016,133CF1638,421004.0,434320.0,-1.682549,53.804754,13,3,2,2,16/12/2016,6,16:38,204,E08000035,E08000035,3,647,3,70.0,0,-1,-1,-1,0,0,4,1,1,0,0,1,1,2,E01011595
11104,2016133CF1638,2016,133CF1638,1,2,2,2,18,4,3,0,0,1,0,0,9,1,4,2016,133CF1638,421004.0,434320.0,-1.682549,53.804754,13,3,2,2,16/12/2016,6,16:38,204,E08000035,E08000035,3,647,3,70.0,0,-1,-1,-1,0,0,4,1,1,0,0,1,1,2,E01011595
11105,2016133CG0196,2016,133CG0196,2,1,1,2,31,6,3,0,0,0,0,0,9,1,1,2016,133CG0196,435151.0,434881.0,-1.467677,53.809035,13,3,2,1,16/12/2016,6,06:32,204,E08000035,E08000035,6,0,6,30.0,9,4,6,0,0,0,4,1,1,0,0,1,1,2,E01011667
11106,2016133CG0238,2016,133CG0238,1,1,2,2,24,5,3,0,0,2,0,0,8,1,1,2016,133CG0238,430188.0,434387.0,-1.543091,53.804906,13,3,2,1,18/12/2016,1,07:35,204,E08000035,E08000035,2,58,3,40.0,5,4,3,58,0,0,4,1,1,0,0,1,1,2,E01033002
11107,2016133CG0261,2016,133CG0261,2,1,1,2,30,6,3,0,0,0,0,0,9,1,2,2016,133CG0261,428868.0,426431.0,-1.563876,53.733473,13,3,2,1,16/12/2016,6,08:04,204,E08000035,E08000035,1,62,3,70.0,0,-1,-1,-1,0,0,1,1,1,0,0,2,1,1,E01011538
11108,2016133CG0318,2016,133CG0318,1,1,1,1,34,6,3,0,0,0,0,0,19,1,4,2016,133CG0318,422227.0,433677.0,-1.664024,53.798924,13,3,1,1,16/12/2016,6,08:55,204,E08000035,E08000035,6,0,6,30.0,3,4,6,0,0,0,1,1,1,0,0,1,1,2,E01011610
11109,2016133CG0598,2016,133CG0598,1,1,1,1,21,5,3,0,0,0,0,0,4,1,9,2016,133CG0598,429412.0,433946.0,-1.554916,53.800987,13,3,2,1,16/12/2016,6,11:58,204,E08000035,E08000035,2,58,3,40.0,5,4,6,0,0,0,1,1,2,0,0,1,1,2,E01011678
11110,2016133CG0758,2016,133CG0758,1,1,1,2,55,8,3,0,0,0,0,0,9,1,7,2016,133CG0758,422948.0,443101.0,-1.652377,53.883595,13,3,2,1,16/12/2016,6,13:20,204,E08000035,E08000035,3,658,6,30.0,6,2,6,0,0,0,1,1,1,0,0,2,1,2,E01032503
11111,2016133CG0866,2016,133CG0866,1,1,3,2,74,10,3,5,3,0,0,0,0,1,7,2016,133CG0866,432716.0,438967.0,-1.50422,53.845918,13,2,1,2,16/12/2016,6,15:00,204,E08000035,E08000035,6,0,6,30.0,3,4,6,0,0,0,1,1,2,0,0,1,1,2,E01011650
11112,2016133CG0866,2016,133CG0866,1,2,3,2,66,10,2,5,3,0,0,0,0,1,7,2016,133CG0866,432716.0,438967.0,-1.50422,53.845918,13,2,1,2,16/12/2016,6,15:00,204,E08000035,E08000035,6,0,6,30.0,3,4,6,0,0,0,1,1,2,0,0,1,1,2,E01011650
11113,2016133CG0869,2016,133CG0869,1,1,3,2,36,7,3,6,9,0,0,0,0,1,1,2016,133CG0869,430064.0,431119.0,-1.545292,53.775541,13,3,1,1,16/12/2016,6,13:00,204,E08000035,E08000035,6,0,6,30.0,5,4,3,653,0,4,1,1,1,0,0,1,1,2,E01011371
11114,2016133CG0923,2016,133CG0923,1,1,1,1,28,6,3,0,0,0,0,0,9,1,6,2016,133CG0923,435416.0,433579.0,-1.463802,53.797315,13,3,4,5,16/12/2016,6,14:45,204,E08000035,E08000035,3,6120,3,40.0,3,4,6,0,0,4,1,1,1,0,0,1,1,2,E01011417
11115,2016133CG0923,2016,133CG0923,2,2,1,2,47,8,3,0,0,0,0,0,9,1,8,2016,133CG0923,435416.0,433579.0,-1.463802,53.797315,13,3,4,5,16/12/2016,6,14:45,204,E08000035,E08000035,3,6120,3,40.0,3,4,6,0,0,4,1,1,1,0,0,1,1,2,E01011417
11116,2016133CG0923,2016,133CG0923,2,3,2,2,9,2,3,0,0,2,0,0,9,1,8,2016,133CG0923,435416.0,433579.0,-1.463802,53.797315,13,3,4,5,16/12/2016,6,14:45,204,E08000035,E08000035,3,6120,3,40.0,3,4,6,0,0,4,1,1,1,0,0,1,1,2,E01011417
11117,2016133CG0923,2016,133CG0923,2,4,2,2,44,7,3,0,0,1,0,0,9,1,8,2016,133CG0923,435416.0,433579.0,-1.463802,53.797315,13,3,4,5,16/12/2016,6,14:45,204,E08000035,E08000035,3,6120,3,40.0,3,4,6,0,0,4,1,1,1,0,0,1,1,2,E01011417
11118,2016133CG0923,2016,133CG0923,2,5,2,2,8,2,3,0,0,2,0,0,9,1,8,2016,133CG0923,435416.0,433579.0,-1.463802,53.797315,13,3,4,5,16/12/2016,6,14:45,204,E08000035,E08000035,3,6120,3,40.0,3,4,6,0,0,4,1,1,1,0,0,1,1,2,E01011417
11119,2016133CG1091,2016,133CG1091,1,1,3,2,74,10,3,5,1,0,0,0,0,1,3,2016,133CG1091,422424.0,433495.0,-1.661047,53.79728,13,3,1,1,16/12/2016,6,16:05,204,E08000035,E08000035,6,0,6,30.0,3,4,6,0,0,0,4,1,1,0,0,1,1,2,E01011612
11120,2016133CG1145,2016,133CG1145,1,1,1,2,26,6,3,0,0,0,0,0,9,1,4,2016,133CG1145,432294.0,425968.0,-1.511992,53.729111,13,3,2,1,16/12/2016,6,16:50,204,E08000035,E08000035,1,1,7,70.0,5,4,1,1,0,0,4,1,1,0,0,2,1,1,E01011499
11121,2016133CG1273,2016,133CG1273,2,1,2,2,8,2,3,0,0,2,0,0,9,1,3,2016,133CG1273,433337.0,436250.0,-1.495076,53.821459,13,3,3,1,18/12/2016,1,17:54,204,E08000035,E08000035,3,58,1,40.0,1,4,6,0,0,0,4,1,1,0,0,1,1,2,E01011646
11122,2016133CG1628,2016,133CG1628,1,1,3,1,47,8,3,10,6,0,0,0,0,1,1,2016,133CG1628,432219.0,435318.0,-1.512155,53.813152,13,3,1,1,16/12/2016,6,20:40,204,E08000035,E08000035,6,0,6,30.0,0,-1,-1,-1,0,0,4,1,1,0,0,1,2,2,E01011432
11123,2016133CG1977,2016,133CG1977,2,1,1,1,30,6,3,0,0,0,0,0,9,1,1,2016,133CG1977,430332.0,433348.0,-1.541007,53.795559,13,3,2,1,16/12/2016,6,23:35,204,E08000035,E08000035,6,0,6,30.0,0,-1,-1,-1,0,0,4,1,1,0,0,1,1,2,E01033010
11124,2016133CH0085,2016,133CH0085,1,1,1,1,30,6,3,0,0,0,0,0,9,1,8,2016,133CH0085,431544.0,433972.0,-1.522544,53.801096,13,3,1,2,17/12/2016,7,00:45,204,E08000035,E08000035,6,0,6,30.0,3,4,6,0,0,0,4,1,1,0,0,1,1,2,E01011349
11125,2016133CH0085,2016,133CH0085,1,2,2,1,30,6,3,0,0,1,0,0,9,1,1,2016,133CH0085,431544.0,433972.0,-1.522544,53.801096,13,3,1,2,17/12/2016,7,00:45,204,E08000035,E08000035,6,0,6,30.0,3,4,6,0,0,0,4,1,1,0,0,1,1,2,E01011349
11126,2016133CH0146,2016,133CH0146,1,1,1,2,27,6,3,0,0,0,0,0,9,1,10,2016,133CH0146,429137.0,435242.0,-1.558969,53.81265,13,3,2,3,17/12/2016,7,01:18,204,E08000035,E08000035,3,660,3,30.0,3,4,6,0,0,0,4,1,1,0,0,1,1,2,E01033005
11127,2016133CH0146,2016,133CH0146,1,2,2,2,22,5,3,0,0,1,0,0,9,1,10,2016,133CH0146,429137.0,435242.0,-1.558969,53.81265,13,3,2,3,17/12/2016,7,01:18,204,E08000035,E08000035,3,660,3,30.0,3,4,6,0,0,0,4,1,1,0,0,1,1,2,E01033005
11128,2016133CH0146,2016,133CH0146,2,3,1,1,24,5,3,0,0,0,0,0,9,1,10,2016,133CH0146,429137.0,435242.0,-1.558969,53.81265,13,3,2,3,17/12/2016,7,01:18,204,E08000035,E08000035,3,660,3,30.0,3,4,6,0,0,0,4,1,1,0,0,1,1,2,E01033005
11129,2016133CH0608,2016,133CH0608,1,1,3,1,80,11,2,5,1,0,0,0,0,-1,-1,2016,133CH0608,428481.0,437179.0,-1.568753,53.830096,13,2,1,1,17/12/2016,7,10:25,204,E08000035,E08000035,6,0,6,20.0,3,4,6,0,0,0,1,1,1,0,0,1,1,2,E01011689
11130,2016133CH0677,2016,133CH0677,2,1,2,2,74,10,3,0,0,1,0,0,9,1,10,2016,133CH0677,430153.0,438255.0,-1.543245,53.839673,13,3,2,1,17/12/2016,7,11:05,204,E08000035,E08000035,3,61,1,30.0,1,4,6,0,0,0,1,1,1,0,0,1,1,2,E01011514
11131,2016133CH1687,2016,133CH1687,2,1,1,2,45,7,3,0,0,0,0,0,9,1,1,2016,133CH1687,427559.0,431057.0,-1.583307,53.775122,13,3,2,1,21/12/2016,4,19:15,204,E08000035,E08000035,1,621,7,70.0,5,2,3,6110,0,0,7,1,1,0,0,1,2,1,E01011318
11132,2016133CI1412,2016,133CI1412,1,3,1,1,29,6,2,0,0,0,0,0,9,1,5,2016,133CI1412,426636.0,433090.0,-1.597137,53.793442,13,2,2,3,18/12/2016,1,19:28,204,E08000035,E08000035,4,6154,6,30.0,6,2,6,0,0,4,4,1,1,0,0,1,1,2,E01011729
11133,2016133CI1412,2016,133CI1412,2,1,1,1,25,5,3,0,0,0,0,0,9,1,6,2016,133CI1412,426636.0,433090.0,-1.597137,53.793442,13,2,2,3,18/12/2016,1,19:28,204,E08000035,E08000035,4,6154,6,30.0,6,2,6,0,0,4,4,1,1,0,0,1,1,2,E01011729
11134,2016133CI1412,2016,133CI1412,2,2,2,2,17,4,2,0,0,1,0,0,9,1,1,2016,133CI1412,426636.0,433090.0,-1.597137,53.793442,13,2,2,3,18/12/2016,1,19:28,204,E08000035,E08000035,4,6154,6,30.0,6,2,6,0,0,4,4,1,1,0,0,1,1,2,E01011729
11135,2016133CJ0217,2016,133CJ0217,1,1,1,1,27,6,3,0,0,0,0,0,21,-1,-1,2016,133CJ0217,432270.0,426958.0,-1.512253,53.738011,13,3,2,2,19/12/2016,2,05:45,204,E08000035,E08000035,1,1,3,70.0,0,-1,-1,-1,0,0,4,1,1,0,0,2,1,1,E01011499
11136,2016133CJ0217,2016,133CJ0217,2,2,1,1,60,9,3,0,0,0,0,0,9,1,1,2016,133CJ0217,432270.0,426958.0,-1.512253,53.738011,13,3,2,2,19/12/2016,2,05:45,204,E08000035,E08000035,1,1,3,70.0,0,-1,-1,-1,0,0,4,1,1,0,0,2,1,1,E01011499
11137,2016133CJ0270,2016,133CJ0270,1,1,1,1,62,9,3,0,0,0,0,0,9,1,9,2016,133CJ0270,429530.0,426401.0,-1.553844,53.733166,13,3,3,3,19/12/2016,2,07:48,204,E08000035,E08000035,1,62,3,60.0,0,-1,-1,-1,0,0,1,1,1,0,0,2,1,1,E01011538
11138,2016133CJ0270,2016,133CJ0270,2,2,1,2,44,7,3,0,0,0,0,0,9,2,7,2016,133CJ0270,429530.0,426401.0,-1.553844,53.733166,13,3,3,3,19/12/2016,2,07:48,204,E08000035,E08000035,1,62,3,60.0,0,-1,-1,-1,0,0,1,1,1,0,0,2,1,1,E01011538
11139,2016133CJ0270,2016,133CJ0270,2,3,2,1,13,3,3,0,0,1,0,0,9,2,7,2016,133CJ0270,429530.0,426401.0,-1.553844,53.733166,13,3,3,3,19/12/2016,2,07:48,204,E08000035,E08000035,1,62,3,60.0,0,-1,-1,-1,0,0,1,1,1,0,0,2,1,1,E01011538
11140,2016133CJ1060,2016,133CJ1060,1,1,1,1,44,7,2,0,0,0,0,0,1,1,3,2016,133CJ1060,436401.0,428390.0,-1.449459,53.75061,13,2,1,1,16/12/2016,6,15:15,204,E08000035,E08000035,6,0,6,30.0,0,-1,-1,-1,0,0,1,1,1,0,0,1,2,2,E01011635
11141,2016133CK0647,2016,133CK0647,1,1,3,1,46,8,3,5,9,0,0,0,0,1,1,2016,133CK0647,431316.0,434917.0,-1.52591,53.809603,13,3,1,1,20/12/2016,3,12:55,204,E08000035,E08000035,6,0,6,30.0,0,-1,-1,-1,0,0,1,1,1,0,0,1,1,2,E01011673
11142,2016133CK0690,2016,133CK0690,2,1,1,1,33,6,3,0,0,0,0,0,9,1,1,2016,133CK0690,428010.0,432089.0,-1.576371,53.784373,13,3,2,1,20/12/2016,3,13:00,204,E08000035,E08000035,3,62,6,40.0,3,4,6,0,0,0,1,1,1,0,0,1,1,2,E01011362
11143,2016133CK0738,2016,133CK0738,2,1,1,1,16,4,3,0,0,0,0,0,1,1,1,2016,133CK0738,431813.0,435889.0,-1.518262,53.818309,13,3,2,1,20/12/2016,3,14:31,204,E08000035,E08000035,6,0,6,30.0,3,4,6,0,0,0,1,5,2,0,0,1,1,2,E01011426
11144,2016133CK0762,2016,133CK0762,1,1,2,2,88,11,3,0,0,0,2,0,11,1,1,2016,133CK0762,430643.0,433451.0,-1.536275,53.796467,13,3,1,1,20/12/2016,3,14:10,204,E08000035,E08000035,6,0,6,30.0,0,-1,-1,-1,0,0,1,1,2,0,0,1,2,2,E01033011
11145,2016133CK1013,2016,133CK1013,2,1,1,1,35,6,3,0,0,0,0,0,9,-1,-1,2016,133CK1013,431661.0,426460.0,-1.521536,53.733572,13,3,2,1,20/12/2016,3,16:15,204,E08000035,E08000035,4,6135,6,50.0,3,4,4,6135,0,0,4,1,2,0,0,2,1,2,E01011499
11146,2016133CK1244,2016,133CK1244,1,1,1,2,27,6,3,0,0,0,0,0,9,1,8,2016,133CK1244,432253.0,426389.0,-1.51257,53.732898,13,3,2,2,20/12/2016,3,18:20,204,E08000035,E08000035,1,62,3,50.0,0,-1,-1,-1,0,0,4,1,1,0,0,2,1,1,E01011499
11147,2016133CK1244,2016,133CK1244,2,2,1,2,31,6,3,0,0,0,0,0,9,-1,-1,2016,133CK1244,432253.0,426389.0,-1.51257,53.732898,13,3,2,2,20/12/2016,3,18:20,204,E08000035,E08000035,1,62,3,50.0,0,-1,-1,-1,0,0,4,1,1,0,0,2,1,1,E01011499
11148,2016133CK1466,2016,133CK1466,1,1,1,1,43,7,3,0,0,0,0,0,9,1,5,2016,133CK1466,431960.0,430420.0,-1.516595,53.769146,13,3,2,1,20/12/2016,3,09:51,204,E08000035,E08000035,1,621,3,70.0,5,4,3,61,0,0,1,1,1,0,0,2,2,1,E01011469
11149,2016133CK1621,2016,133CK1621,1,1,2,1,30,6,3,0,0,1,0,0,9,1,2,2016,133CK1621,434425.0,434435.0,-1.478751,53.805075,13,3,2,1,20/12/2016,3,21:40,204,E08000035,E08000035,3,64,3,40.0,6,2,6,0,0,5,4,1,2,0,0,1,1,2,E01011341
11150,2016133CK1672,2016,133CK1672,3,1,1,1,23,5,3,0,0,0,0,0,9,1,4,2016,133CK1672,435962.0,437146.0,-1.455098,53.829337,13,3,3,2,20/12/2016,3,22:13,204,E08000035,E08000035,6,0,6,30.0,3,4,6,0,0,0,4,1,2,0,0,1,1,2,E01011718
11151,2016133CK1672,2016,133CK1672,3,2,2,2,20,4,3,0,0,1,0,0,9,1,1,2016,133CK1672,435962.0,437146.0,-1.455098,53.829337,13,3,3,2,20/12/2016,3,22:13,204,E08000035,E08000035,6,0,6,30.0,3,4,6,0,0,0,4,1,2,0,0,1,1,2,E01011718