,accident_index,accident_year_x,accident_reference_x,vehicle_reference,casualty_reference,casualty_class,sex_of_casualty,age_of_casualty,age_band_of_casualty,casualty_severity,pedestrian_location,pedestrian_movement,car_passenger,bus_or_coach_passenger,pedestrian_road_maintenance_worker,casualty_type,casualty_home_area_type,casualty_imd_decile,accident_year_y,accident_reference_y,location_easting_osgr,location_northing_osgr,longitude,latitude,police_force,accident_severity,number_of_vehicles,number_of_casualties,date,day_of_week,time,local_authority_district,local_authority_ons_district,local_authority_highway,first_road_class,first_road_number,road_type,speed_limit,junction_detail,junction_control,second_road_class,second_road_number,pedestrian_crossing_human_control,pedestrian_crossing_physical_facilities,light_conditions,weather_conditions,road_surface_conditions,special_conditions_at_site,carriageway_hazards,urban_or_rural_area,did_police_officer_attend_scene_of_accident,trunk_road_flag,lsoa_of_accident_location
11152,2016133CL0341,2016,133CL0341,2,1,1,1,45,7,3,0,0,0,0,0,8,1,1,2016,133CL0341,430980.0,433149.0,-1.53119,53.793733,13,3,2,2,21/12/2016,4,09:20,204,E08000035,E08000035,3,61,3,30.0,3,2,3,61,0,0,1,1,2,0,0,1,1,2,E01033033
11153,2016133CL0341,2016,133CL0341,2,2,2,1,30,6,3,0,0,2,0,0,8,-1,-1,2016,133CL0341,430980.0,433149.0,-1.53119,53.793733,13,3,2,2,21/12/2016,4,09:20,204,E08000035,E08000035,3,61,3,30.0,3,2,3,61,0,0,1,1,2,0,0,1,1,2,E01033033
11154,2016133CL0640,2016,133CL0640,2,1,1,1,27,6,3,0,0,0,0,0,1,1,4,2016,133CL0640,429193.0,435346.0,-1.558109,53.813582,13,3,2,1,21/12/2016,4,12:40,204,E08000035,E08000035,6,0,6,30.0,3,4,6,0,0,0,1,1,1,0,0,1,1,2,E01033005
11155,2016133CL0689,2016,133CL0689,1,1,2,2,45,7,3,0,0,1,0,0,9,1,4,2016,133CL0689,430177.0,434291.0,-1.543268,53.804044,13,3,2,2,21/12/2016,4,12:45,204,E08000035,E08000035,3,58,3,30.0,9,4,6,0,0,0,1,1,1,0,0,1,1,2,E01033010
11156,2016133CL0689,2016,133CL0689,1,2,2,2,19,4,3,0,0,2,0,0,9,1,4,2016,133CL0689,430177.0,434291.0,-1.543268,53.804044,13,3,2,2,21/12/2016,4,12:45,204,E08000035,E08000035,3,58,3,30.0,9,4,6,0,0,0,1,1,1,0,0,1,1,2,E01033010
11157,2016133CL0854,2016,133CL0854,1,1,3,2,74,10,3,5,9,0,0,0,0,1,8,2016,133CL0854,420847.0,441087.0,-1.684476,53.865582,13,3,2,1,21/12/2016,4,14:14,204,E08000035,E08000035,6,0,9,20.0,3,4,6,0,0,0,1,1,1,0,0,1,2,2,E01011274
11158,2016133CL1403,2016,133CL1403,2,1,1,1,20,4,3,0,0,0,0,0,1,-1,-1,2016,133CL1403,428102.0,434513.0,-1.574754,53.806155,13,3,2,1,21/12/2016,4,19:45,204,E08000035,E08000035,6,0,6,30.0,6,2,6,0,0,5,4,1,2,0,0,1,1,2,E01011481
11159,2016133CL1451,2016,133CL1451,1,1,1,1,24,5,2,0,0,0,0,0,9,1,1,2016,133CL1451,437417.0,431263.0,-1.433705,53.77636,13,2,1,1,21/12/2016,4,20:15,204,E08000035,E08000035,1,1,3,70.0,0,-1,-1,-1,0,0,6,1,2,0,0,2,1,1,E01011402
11160,2016133CM0249,2016,133CM0249,1,1,1,1,46,8,3,0,0,0,0,0,9,1,1,2016,133CM0249,431900.0,425447.0,-1.518017,53.724453,13,3,3,4,22/12/2016,5,07:14,204,E08000035,E08000035,1,1,3,70.0,5,4,1,1,0,0,4,1,2,0,0,2,1,1,E01011551
11161,2016133CM0249,2016,133CM0249,1,2,2,2,14,3,3,0,0,1,0,0,9,1,1,2016,133CM0249,431900.0,425447.0,-1.518017,53.724453,13,3,3,4,22/12/2016,5,07:14,204,E08000035,E08000035,1,1,3,70.0,5,4,1,1,0,0,4,1,2,0,0,2,1,1,E01011551
11162,2016133CM0249,2016,133CM0249,2,3,1,2,57,9,3,0,0,0,0,0,9,1,8,2016,133CM0249,431900.0,425447.0,-1.518017,53.724453,13,3,3,4,22/12/2016,5,07:14,204,E08000035,E08000035,1,1,3,70.0,5,4,1,1,0,0,4,1,2,0,0,2,1,1,E01011551
11163,2016133CM0249,2016,133CM0249,3,4,1,2,29,6,3,0,0,0,0,0,9,1,3,2016,133CM0249,431900.0,425447.0,-1.518017,53.724453,13,3,3,4,22/12/2016,5,07:14,204,E08000035,E08000035,1,1,3,70.0,5,4,1,1,0,0,4,1,2,0,0,2,1,1,E01011551
11164,2016133CM0334,2016,133CM0334,2,1,1,1,69,10,3,0,0,0,0,0,1,1,9,2016,133CM0334,442207.0,434632.0,-1.360564,53.806274,13,3,2,1,22/12/2016,5,08:59,204,E08000035,E08000035,3,642,7,30.0,5,4,1,1,0,0,1,1,2,0,0,2,1,1,E01011297
11165,2016133CM0497,2016,133CM0497,1,1,1,1,54,8,3,0,0,0,0,0,9,1,1,2016,133CM0497,433298.0,429642.0,-1.49638,53.76207,13,3,2,1,22/12/2016,5,11:10,204,E08000035,E08000035,1,1,3,70.0,0,-1,-1,-1,0,0,1,1,1,0,0,2,2,1,E01011639
11166,2016133CM0726,2016,133CM0726,1,1,2,2,51,8,3,0,0,0,4,0,11,1,2,2016,133CM0726,430378.0,433537.0,-1.54029,53.797255,13,3,1,2,22/12/2016,5,12:30,204,E08000035,E08000035,6,0,6,30.0,0,-1,-1,-1,0,4,1,1,1,0,0,1,2,2,E01033010
11167,2016133CM0726,2016,133CM0726,1,2,2,2,81,11,3,0,0,0,3,0,11,1,8,2016,133CM0726,430378.0,433537.0,-1.54029,53.797255,13,3,1,2,22/12/2016,5,12:30,204,E08000035,E08000035,6,0,6,30.0,0,-1,-1,-1,0,4,1,1,1,0,0,1,2,2,E01033010
11168,2016133CM1153,2016,133CM1153,1,1,1,1,19,4,3,0,0,0,0,0,9,2,5,2016,133CM1153,443361.0,438884.0,-1.342444,53.844394,13,3,1,1,22/12/2016,5,17:17,204,E08000035,E08000035,2,1,3,70.0,0,-1,-1,-1,0,0,4,1,1,0,0,2,1,1,E01011309
11169,2016133CN0283,2016,133CN0283,2,1,1,2,20,4,3,0,0,0,0,0,9,1,5,2016,133CN0283,428010.0,434343.0,-1.576166,53.804632,13,3,2,1,23/12/2016,6,08:00,204,E08000035,E08000035,3,65,3,30.0,6,2,6,0,0,0,1,1,1,1,0,1,1,2,E01011481
11170,2016133CN0944,2016,133CN0944,2,1,1,1,23,5,3,0,0,0,0,0,9,1,1,2016,133CN0944,431112.0,432101.0,-1.529291,53.784306,13,3,2,1,23/12/2016,6,15:30,204,E08000035,E08000035,6,0,6,30.0,3,4,6,0,0,0,1,1,1,0,0,1,2,2,E01011467
11171,2016133CN1740,2016,133CN1740,2,1,1,2,21,5,3,0,0,0,0,0,9,1,1,2016,133CN1740,427693.0,434468.0,-1.580969,53.805772,13,3,2,1,23/12/2016,6,23:45,204,E08000035,E08000035,6,0,6,30.0,3,4,6,0,0,0,4,1,1,0,0,1,1,2,E01011483
11172,2016133CO0893,2016,133CO0893,2,1,1,1,22,5,3,0,0,0,0,0,1,1,9,2016,133CO0893,442200.0,434494.0,-1.360689,53.805034,13,3,2,1,24/12/2016,7,12:00,204,E08000035,E08000035,3,642,1,30.0,1,4,1,1,0,0,1,1,1,0,0,2,2,1,E01011297
11173,2016133CP0716,2016,133CP0716,1,1,1,1,79,11,2,0,0,0,0,0,9,-1,-1,2016,133CP0716,417962.0,442826.0,-1.728245,53.881319,13,2,2,2,25/12/2016,1,15:44,204,E08000035,E08000035,3,65,6,30.0,0,-1,-1,-1,0,0,4,1,2,0,0,1,1,2,E01011266
11174,2016133CP0716,2016,133CP0716,2,2,1,1,25,5,3,0,0,0,0,0,9,-1,-1,2016,133CP0716,417962.0,442826.0,-1.728245,53.881319,13,2,2,2,25/12/2016,1,15:44,204,E08000035,E08000035,3,65,6,30.0,0,-1,-1,-1,0,0,4,1,2,0,0,1,1,2,E01011266
11175,2016133CQ0439,2016,133CQ0439,1,1,2,2,38,7,3,0,0,1,0,0,19,1,9,2016,133CQ0439,435935.0,440522.0,-1.455114,53.859681,13,3,2,1,26/12/2016,2,10:40,204,E08000035,E08000035,3,58,6,50.0,8,4,6,0,0,0,1,1,1,0,0,2,1,2,E01011311
11176,2016133CQ1029,2016,133CQ1029,1,1,3,2,33,6,2,1,3,0,0,0,0,1,1,2016,133CQ1029,425504.0,432825.0,-1.614343,53.791117,13,2,1,1,26/12/2016,2,17:55,204,E08000035,E08000035,3,6110,3,40.0,0,-1,-1,-1,0,4,4,1,1,0,0,1,1,2,E01011730
11177,2016133CQ1200,2016,133CQ1200,1,1,3,1,22,5,3,5,9,0,0,0,0,1,1,2016,133CQ1200,428758.0,430830.0,-1.565135,53.773017,13,3,1,1,26/12/2016,2,19:33,204,E08000035,E08000035,6,0,6,30.0,0,-1,-1,-1,0,0,1,1,1,0,0,1,2,2,E01011315
11178,2016133CQ1471,2016,133CQ1471,1,1,1,1,20,4,3,0,0,0,0,0,9,1,3,2016,133CQ1471,424025.0,428223.0,-1.63715,53.749824,13,3,2,3,26/12/2016,2,22:10,204,E08000035,E08000035,3,650,3,40.0,0,-1,-1,-1,0,0,4,1,2,0,0,2,1,2,E01011523
11179,2016133CQ1471,2016,133CQ1471,1,2,2,2,18,4,3,0,0,1,0,0,9,1,1,2016,133CQ1471,424025.0,428223.0,-1.63715,53.749824,13,3,2,3,26/12/2016,2,22:10,204,E08000035,E08000035,3,650,3,40.0,0,-1,-1,-1,0,0,4,1,2,0,0,2,1,2,E01011523
11180,2016133CQ1471,2016,133CQ1471,2,3,1,1,47,8,3,0,0,0,0,0,90,1,3,2016,133CQ1471,424025.0,428223.0,-1.63715,53.749824,13,3,2,3,26/12/2016,2,22:10,204,E08000035,E08000035,3,650,3,40.0,0,-1,-1,-1,0,0,4,1,2,0,0,2,1,2,E01011523
11181,2016133CQ1650,2016,133CQ1650,1,1,1,1,22,5,3,0,0,0,0,0,9,1,2,2016,133CQ1650,433235.0,433028.0,-1.496972,53.792507,13,2,5,2,26/12/2016,2,23:55,204,E08000035,E08000035,6,0,6,30.0,0,-1,-1,-1,0,0,4,1,2,0,0,1,1,2,E01011621
11182,2016133CQ1650,2016,133CQ1650,1,2,2,2,21,5,2,0,0,1,0,0,9,1,3,2016,133CQ1650,433235.0,433028.0,-1.496972,53.792507,13,2,5,2,26/12/2016,2,23:55,204,E08000035,E08000035,6,0,6,30.0,0,-1,-1,-1,0,0,4,1,2,0,0,1,1,2,E01011621
11183,2016133CS0222,2016,133CS0222,1,1,1,2,36,7,3,0,0,0,0,0,9,-1,-1,2016,133CS0222,420072.0,435762.0,-1.696607,53.817751,13,3,1,1,28/12/2016,4,07:15,204,E08000035,E08000035,6,0,6,40.0,0,-1,-1,-1,0,0,4,1,4,0,0,2,1,2,E01011590
11184,2016133CS0508,2016,133CS0508,1,2,1,2,60,9,3,0,0,0,0,0,9,-1,-1,2016,133CS0508,426638.0,427220.0,-1.597612,53.740683,13,3,2,2,28/12/2016,4,11:50,204,E08000035,E08000035,6,0,6,30.0,3,4,6,0,0,0,1,1,2,0,0,1,1,2,E01011547
11185,2016133CS0508,2016,133CS0508,2,1,1,2,39,7,3,0,0,0,0,0,9,-1,-1,2016,133CS0508,426638.0,427220.0,-1.597612,53.740683,13,3,2,2,28/12/2016,4,11:50,204,E08000035,E08000035,6,0,6,30.0,3,4,6,0,0,0,1,1,2,0,0,1,1,2,E01011547
11186,2016133CS0678,2016,133CS0678,2,1,1,1,30,6,3,0,0,0,0,0,9,-1,-1,2016,133CS0678,431521.0,434303.0,-1.522859,53.804072,13,3,2,4,28/12/2016,4,13:20,204,E08000035,E08000035,6,0,6,30.0,3,4,6,0,0,0,1,1,2,0,0,1,1,2,E01033035
11187,2016133CS0678,2016,133CS0678,2,2,2,1,7,2,3,0,0,2,0,0,9,-1,-1,2016,133CS0678,431521.0,434303.0,-1.522859,53.804072,13,3,2,4,28/12/2016,4,13:20,204,E08000035,E08000035,6,0,6,30.0,3,4,6,0,0,0,1,1,2,0,0,1,1,2,E01033035
11188,2016133CS0678,2016,133CS0678,2,3,2,1,6,2,3,0,0,2,0,0,9,-1,-1,2016,133CS0678,431521.0,434303.0,-1.522859,53.804072,13,3,2,4,28/12/2016,4,13:20,204,E08000035,E08000035,6,0,6,30.0,3,4,6,0,0,0,1,1,2,0,0,1,1,2,E01033035
11189,2016133CS0678,2016,133CS0678,2,4,2,2,4,1,3,0,0,2,0,0,9,-1,-1,2016,133CS0678,431521.0,434303.0,-1.522859,53.804072,13,3,2,4,28/12/2016,4,13:20,204,E08000035,E08000035,6,0,6,30.0,3,4,6,0,0,0,1,1,2,0,0,1,1,2,E01033035
11190,2016133CT0534,2016,133CT0534,2,1,1,1,25,5,3,0,0,0,0,0,9,1,1,2016,133CT0534,440169.0,434251.0,-1.391559,53.803011,13,3,2,1,29/12/2016,5,11:43,204,E08000035,E08000035,1,1,3,70.0,0,-1,-1,-1,0,0,1,1,4,0,0,2,1,1,E01011296
11191,2016133CT0550,2016,133CT0550,1,1,1,1,22,5,3,0,0,0,0,0,19,1,1,2016,133CT0550,427492.0,430615.0,-1.584363,53.771153,13,3,1,1,29/12/2016,5,11:45,204,E08000035,E08000035,6,0,6,20.0,3,4,6,0,0,0,1,1,4,0,0,1,1,2,E01011318
11192,2016133CT0794,2016,133CT0794,1,1,1,1,66,10,3,0,0,0,0,0,1,1,3,2016,133CT0794,427074.0,434913.0,-1.590329,53.809805,13,3,2,1,29/12/2016,5,14:05,204,E08000035,E08000035,6,0,6,20.0,0,-1,-1,-1,0,0,1,1,4,0,0,1,1,2,E01011482
11193,2016133CT0978,2016,133CT0978,1,1,2,2,82,11,3,0,0,0,3,0,11,1,5,2016,133CT0978,420763.0,441191.0,-1.685746,53.86652,13,3,1,1,29/12/2016,5,13:50,204,E08000035,E08000035,6,0,6,30.0,0,-1,-1,-1,0,0,1,1,1,0,0,1,2,2,E01011269
11194,2016133CT1005,2016,133CT1005,1,1,1,1,41,7,3,0,0,0,0,0,9,-1,-1,2016,133CT1005,424159.0,444000.0,-1.633884,53.89162,13,3,2,1,29/12/2016,5,15:53,204,E08000035,E08000035,3,658,6,30.0,3,4,3,660,0,0,4,1,1,0,0,2,1,2,E01032503
11195,2016133CT1179,2016,133CT1179,1,1,3,2,23,5,3,1,4,0,0,0,0,-1,-1,2016,133CT1179,429839.0,433406.0,-1.548485,53.796109,13,3,1,1,29/12/2016,5,17:25,204,E08000035,E08000035,6,0,2,30.0,3,4,6,0,2,4,4,1,1,0,0,1,1,2,E01033016
11196,2016133CT1407,2016,133CT1407,2,1,1,2,66,10,3,0,0,0,0,0,9,1,3,2016,133CT1407,436884.0,433607.0,-1.441513,53.797465,13,3,3,1,29/12/2016,5,19:51,204,E08000035,E08000035,3,63,1,30.0,1,4,6,0,0,0,4,1,1,0,0,1,1,2,E01011411
11197,2016133CU0772,2016,133CU0772,2,1,1,2,30,6,3,0,0,0,0,0,9,1,2,2016,133CU0772,427629.0,433965.0,-1.581985,53.801255,13,3,4,1,30/12/2016,6,15:00,204,E08000035,E08000035,6,0,6,30.0,3,4,6,0,0,0,1,1,1,0,0,1,1,2,E01011284
11198,2016133CV0486,2016,133CV0486,2,1,1,1,20,4,3,0,0,0,0,0,1,-1,-1,2016,133CV0486,430904.0,435552.0,-1.532103,53.815335,13,3,2,1,30/12/2016,6,21:50,204,E08000035,E08000035,6,0,6,30.0,3,4,6,0,0,0,4,1,1,0,0,1,2,2,E01011360
11199,2016133CV0712,2016,133CV0712,1,1,2,1,4,1,3,0,0,2,0,0,9,1,8,2016,133CV0712,427934.0,426304.0,-1.578045,53.732382,13,3,2,1,31/12/2016,7,13:50,204,E08000035,E08000035,3,650,1,30.0,1,4,3,635,0,0,1,1,1,0,0,2,1,2,E01011550
11200,2016133CV0884,2016,133CV0884,2,1,1,2,24,5,3,0,0,0,0,0,9,1,7,2016,133CV0884,442203.0,434488.0,-1.360645,53.80498,13,3,2,1,31/12/2016,7,15:15,204,E08000035,E08000035,1,1,1,60.0,1,4,3,642,0,0,1,1,1,0,0,2,2,1,E01011297
11201,2016133CV1171,2016,133CV1171,2,1,1,1,29,6,3,0,0,0,0,0,3,-1,-1,2016,133CV1171,423815.0,434248.0,-1.639871,53.803986,13,3,2,1,31/12/2016,7,18:50,204,E08000035,E08000035,6,0,6,30.0,0,-1,-1,-1,0,0,4,1,2,0,0,1,1,2,E01011608
11202,2016133CV1423,2016,133CV1423,2,1,1,2,30,6,3,0,0,0,0,0,9,1,2,2016,133CV1423,427102.0,427700.0,-1.590535,53.744973,13,3,2,1,31/12/2016,7,21:55,204,E08000035,E08000035,6,0,6,30.0,3,4,6,0,0,0,4,1,2,0,0,1,1,2,E01032492
11203,2016134160976,2016,134160976,1,1,1,2,47,8,2,0,0,0,0,0,9,1,9,2016,134160976,419983.0,440944.0,-1.697623,53.86433,13,2,2,2,06/12/2016,3,16:01,204,E08000035,E08000035,3,65,6,30.0,3,4,6,0,0,0,4,1,1,0,0,1,1,2,E01011275
11204,2016134160976,2016,134160976,1,2,3,1,29,6,3,6,9,0,0,0,0,1,10,2016,134160976,419983.0,440944.0,-1.697623,53.86433,13,2,2,2,06/12/2016,3,16:01,204,E08000035,E08000035,3,65,6,30.0,3,4,6,0,0,0,4,1,1,0,0,1,1,2,E01011275
11205,20161341F0446,2016,1341F0446,1,1,3,1,36,7,2,6,8,0,0,0,0,1,2,2016,1341F0446,427222.0,433739.0,-1.588185,53.799245,13,2,1,1,26/12/2016,2,17:30,204,E08000035,E08000035,6,0,6,30.0,0,-1,-1,-1,0,0,4,1,1,0,0,1,2,2,E01011284
11206,2017133AP0313,2017,133AP0313,1,1,3,2,61,9,2,5,1,0,0,0,0,1,6,2017,133AP0313,426340.0,428455.0,-1.602033,53.751817,13,2,1,1,17/03/2017,6,08:15,204,E08000035,E08000035,3,643,6,30.0,3,4,6,0,0,0,1,8,1,4,0,1,2,2,E01011525
11207,2017133BE0850,2017,133BE0850,2,1,1,1,36,7,3,0,0,0,0,0,1,1,1,2017,133BE0850,430828.0,433222.0,-1.5335,53.794417,13,3,2,1,14/01/2017,7,13:30,204,E08000035,E08000035,3,61,3,40.0,0,-1,-1,-1,0,0,1,1,1,0,0,1,2,2,E01033033
11208,2017134110858,2017,134110858,1,1,1,1,32,6,3,0,0,0,0,0,9,1,4,2017,134110858,428940.0,429856.0,-1.562474,53.764272,13,3,2,2,01/01/2017,1,08:05,204,E08000035,E08000035,3,653,6,40.0,6,2,6,0,0,5,1,1,2,0,0,1,1,2,E01011320
11209,2017134110858,2017,134110858,2,2,1,1,30,6,3,0,0,0,0,0,9,1,3,2017,134110858,428940.0,429856.0,-1.562474,53.764272,13,3,2,2,01/01/2017,1,08:05,204,E08000035,E08000035,3,653,6,40.0,6,2,6,0,0,5,1,1,2,0,0,1,1,2,E01011320
11210,2017134111495,2017,134111495,2,1,2,2,26,6,3,0,0,1,0,0,9,1,3,2017,134111495,429899.0,434277.0,-1.5475,53.803953,13,3,2,1,01/01/2017,1,17:05,204,E08000035,E08000035,6,0,6,30.0,6,2,3,660,0,0,4,2,2,0,0,1,1,2,E01033008
11211,2017134111706,2017,134111706,2,1,1,2,34,6,3,0,0,0,0,0,9,1,3,2017,134111706,435946.0,436807.0,-1.455393,53.826311,13,3,2,1,01/01/2017,1,12:00,204,E08000035,E08000035,6,0,6,30.0,0,-1,-1,-1,0,0,1,1,1,0,0,1,2,2,E01011720
11212,2017134120471,2017,134120471,1,1,1,1,39,7,3,0,0,0,0,0,9,1,2,2017,134120471,443658.0,436768.0,-1.338244,53.825372,13,3,3,2,02/01/2017,2,12:30,204,E08000035,E08000035,2,1,3,70.0,0,-1,-1,-1,0,0,1,1,1,0,0,2,1,1,E01011297
11213,2017134120471,2017,134120471,3,2,1,2,69,10,3,0,0,0,0,0,9,2,9,2017,134120471,443658.0,436768.0,-1.338244,53.825372,13,3,3,2,02/01/2017,2,12:30,204,E08000035,E08000035,2,1,3,70.0,0,-1,-1,-1,0,0,1,1,1,0,0,2,1,1,E01011297
11214,2017134121054,2017,134121054,1,1,1,1,18,4,3,0,0,0,0,0,9,3,6,2017,134121054,442103.0,434572.0,-1.362165,53.805763,13,2,2,3,02/01/2017,2,18:07,204,E08000035,E08000035,1,1,3,70.0,0,-1,-1,-1,0,0,6,1,1,0,0,2,1,1,E01011297
11215,2017134121054,2017,134121054,1,2,2,2,17,4,2,0,0,1,0,0,9,3,6,2017,134121054,442103.0,434572.0,-1.362165,53.805763,13,2,2,3,02/01/2017,2,18:07,204,E08000035,E08000035,1,1,3,70.0,0,-1,-1,-1,0,0,6,1,1,0,0,2,1,1,E01011297
11216,2017134121054,2017,134121054,1,3,2,2,19,4,3,0,0,2,0,0,9,2,8,2017,134121054,442103.0,434572.0,-1.362165,53.805763,13,2,2,3,02/01/2017,2,18:07,204,E08000035,E08000035,1,1,3,70.0,0,-1,-1,-1,0,0,6,1,1,0,0,2,1,1,E01011297
11217,2017134121066,2017,134121066,2,1,1,1,36,7,3,0,0,0,0,0,4,1,4,2017,134121066,430501.0,437057.0,-1.538086,53.828904,13,3,2,1,02/01/2017,2,18:00,204,E08000035,E08000035,6,0,6,30.0,9,4,6,0,0,0,4,1,1,0,0,1,1,2,E01011352
11218,2017134121358,2017,134121358,1,1,3,1,50,8,2,5,1,0,0,0,0,1,1,2017,134121358,431382.0,438004.0,-1.524605,53.837363,13,2,1,1,02/01/2017,2,21:20,204,E08000035,E08000035,6,0,6,20.0,3,4,6,0,0,0,4,1,2,0,0,1,1,2,E01011504
11219,2017134130470,2017,134130470,1,1,1,2,67,10,3,0,0,0,0,0,9,-1,-1,2017,134130470,420176.0,445342.0,-1.694408,53.903867,13,3,2,1,03/01/2017,3,11:15,204,E08000035,E08000035,6,0,6,30.0,0,-1,-1,-1,0,0,1,1,1,0,0,1,1,2,E01011569
11220,2017134140404,2017,134140404,2,1,1,1,82,11,2,0,0,0,0,0,1,1,8,2017,134140404,421525.0,428537.0,-1.675046,53.752774,13,2,2,1,04/01/2017,4,10:48,204,E08000035,E08000035,3,650,1,30.0,1,4,3,58,0,0,1,1,2,0,0,1,1,2,E01011527
11221,2017134140453,2017,134140453,2,1,1,1,72,10,3,0,0,0,0,0,9,1,1,2017,134140453,427512.0,432598.0,-1.583892,53.788994,13,3,2,2,04/01/2017,4,11:30,204,E08000035,E08000035,6,0,6,30.0,3,4,6,0,0,0,1,1,1,0,0,1,1,2,E01011362
11222,2017134140453,2017,134140453,2,2,2,2,71,10,3,0,0,1,0,0,9,1,1,2017,134140453,427512.0,432598.0,-1.583892,53.788994,13,3,2,2,04/01/2017,4,11:30,204,E08000035,E08000035,6,0,6,30.0,3,4,6,0,0,0,1,1,1,0,0,1,1,2,E01011362
11223,2017134140460,2017,134140460,1,1,3,2,86,11,3,1,1,0,0,0,0,2,4,2017,134140460,440390.0,433058.0,-1.388373,53.792291,13,3,1,1,04/01/2017,4,11:32,204,E08000035,E08000035,6,0,6,30.0,0,-1,-1,-1,0,1,1,1,1,0,0,1,1,2,E01011396
11224,2017134141066,2017,134141066,1,1,1,1,42,7,2,0,0,0,0,0,2,1,1,2017,134141066,428934.0,433453.0,-1.562229,53.796601,13,2,2,1,04/01/2017,4,17:00,204,E08000035,E08000035,3,58,3,40.0,5,4,3,65,0,0,4,1,1,0,0,1,1,2,E01011363
11225,2017134141070,2017,134141070,1,1,1,1,48,8,3,0,0,0,0,0,2,1,2,2017,134141070,431409.0,429362.0,-1.525072,53.75969,13,3,1,1,04/01/2017,4,17:10,204,E08000035,E08000035,6,0,6,30.0,0,-1,-1,-1,0,0,4,1,1,0,0,1,1,2,E01011475
11226,2017134141114,2017,134141114,1,1,1,1,23,5,3,0,0,0,0,0,9,1,1,2017,134141114,429926.0,437020.0,-1.546825,53.828604,13,3,2,1,04/01/2017,4,16:45,204,E08000035,E08000035,3,61,1,40.0,1,4,6,0,0,0,4,1,1,0,0,1,2,2,E01011355
11227,2017134150393,2017,134150393,1,1,3,1,30,6,3,4,4,0,0,0,0,1,1,2017,134150393,429962.0,436643.0,-1.546314,53.825214,13,3,1,1,05/01/2017,5,10:05,204,E08000035,E08000035,3,61,1,40.0,1,4,4,6159,0,5,1,1,1,0,0,1,1,2,E01011350
11228,2017134150550,2017,134150550,1,1,1,2,26,6,3,0,0,0,0,0,9,1,4,2017,134150550,426818.0,435487.0,-1.594175,53.814995,13,3,2,1,05/01/2017,5,12:00,204,E08000035,E08000035,6,0,6,30.0,0,-1,-1,-1,0,0,1,8,4,0,0,1,1,2,E01011477
11229,2017134150991,2017,134150991,1,1,3,1,20,4,3,5,1,0,0,0,0,1,1,2017,134150991,432483.0,433871.0,-1.508308,53.800149,13,3,1,1,05/01/2017,5,15:50,204,E08000035,E08000035,6,0,6,30.0,0,-1,-1,-1,0,0,1,1,1,0,0,1,1,2,E01011348
11230,2017134161249,2017,134161249,1,1,2,1,25,5,3,0,0,1,0,0,9,-1,-1,2017,134161249,428268.0,434138.0,-1.572277,53.802794,13,3,2,1,06/01/2017,6,18:57,204,E08000035,E08000035,3,65,3,30.0,0,-1,-1,-1,0,0,7,1,1,0,0,1,1,2,E01011681
11231,2017134161393,2017,134161393,2,1,1,2,42,7,3,0,0,0,0,0,9,1,8,2017,134161393,426232.0,427445.0,-1.603756,53.742745,13,3,2,4,06/01/2017,6,20:10,204,E08000035,E08000035,4,6123,1,30.0,1,4,4,6127,0,0,4,1,2,0,0,1,1,2,E01011541
11232,2017134161393,2017,134161393,2,2,2,2,10,2,3,0,0,2,0,0,9,1,8,2017,134161393,426232.0,427445.0,-1.603756,53.742745,13,3,2,4,06/01/2017,6,20:10,204,E08000035,E08000035,4,6123,1,30.0,1,4,4,6127,0,0,4,1,2,0,0,1,1,2,E01011541
11233,2017134161393,2017,134161393,2,3,2,2,10,2,3,0,0,2,0,0,9,1,2,2017,134161393,426232.0,427445.0,-1.603756,53.742745,13,3,2,4,06/01/2017,6,20:10,204,E08000035,E08000035,4,6123,1,30.0,1,4,4,6127,0,0,4,1,2,0,0,1,1,2,E01011541
11234,2017134161393,2017,134161393,2,4,2,2,11,3,3,0,0,2,0,0,9,1,2,2017,134161393,426232.0,427445.0,-1.603756,53.742745,13,3,2,4,06/01/2017,6,20:10,204,E08000035,E08000035,4,6123,1,30.0,1,4,4,6127,0,0,4,1,2,0,0,1,1,2,E01011541
11235,2017134170465,2017,134170465,2,1,1,1,48,8,3,0,0,0,0,0,1,-1,-1,2017,134170465,419001.0,442121.0,-1.712489,53.874962,13,3,2,1,07/01/2017,7,09:56,204,E08000035,E08000035,6,0,6,30.0,3,4,6,0,0,0,1,1,1,0,0,1,1,2,E01011265
11236,2017134170476,2017,134170476,2,1,1,1,46,8,3,0,0,0,0,0,1,1,10,2017,134170476,418684.0,445539.0,-1.717104,53.905693,13,3,2,1,07/01/2017,7,10:04,204,E08000035,E08000035,3,660,6,40.0,0,-1,-1,-1,0,0,1,1,2,0,0,2,1,2,E01011582
11237,2017134170512,2017,134170512,1,1,1,1,46,8,3,0,0,0,0,0,90,1,2,2017,134170512,435907.0,425856.0,-1.457254,53.72789,13,3,2,2,03/01/2017,3,17:30,204,E08000035,E08000035,1,62,7,70.0,3,4,3,642,0,0,4,1,1,0,0,2,2,1,E01011636
11238,2017134170512,2017,134170512,1,2,2,2,32,6,3,0,0,2,0,0,90,1,1,2017,134170512,435907.0,425856.0,-1.457254,53.72789,13,3,2,2,03/01/2017,3,17:30,204,E08000035,E08000035,1,62,7,70.0,3,4,3,642,0,0,4,1,1,0,0,2,2,1,E01011636