,accident_index,accident_year_x,accident_reference_x,vehicle_reference,casualty_reference,casualty_class,sex_of_casualty,age_of_casualty,age_band_of_casualty,casualty_severity,pedestrian_location,pedestrian_movement,car_passenger,bus_or_coach_passenger,pedestrian_road_maintenance_worker,casualty_type,casualty_home_area_type,casualty_imd_decile,accident_year_y,accident_reference_y,location_easting_osgr,location_northing_osgr,longitude,latitude,police_force,accident_severity,number_of_vehicles,number_of_casualties,date,day_of_week,time,local_authority_district,local_authority_ons_district,local_authority_highway,first_road_class,first_road_number,road_type,speed_limit,junction_detail,junction_control,second_road_class,second_road_number,pedestrian_crossing_human_control,pedestrian_crossing_physical_facilities,light_conditions,weather_conditions,road_surface_conditions,special_conditions_at_site,carriageway_hazards,urban_or_rural_area,did_police_officer_attend_scene_of_accident,trunk_road_flag,lsoa_of_accident_location
11326,20171341K1027,2017,1341K1027,1,1,1,1,50,8,3,0,0,0,0,0,9,1,5,2017,1341K1027,428137.0,426346.0,-1.574973,53.732769,13,3,2,2,20/01/2017,6,15:40,204,E08000035,E08000035,3,650,1,40.0,1,2,3,653,0,0,1,1,1,0,0,2,1,2,E01011550
11327,20171341K1027,2017,1341K1027,1,2,2,1,51,8,3,0,0,1,0,0,9,1,6,2017,1341K1027,428137.0,426346.0,-1.574973,53.732769,13,3,2,2,20/01/2017,6,15:40,204,E08000035,E08000035,3,650,1,40.0,1,2,3,653,0,0,1,1,1,0,0,2,1,2,E01011550
11328,20171341K1235,2017,1341K1235,1,1,1,1,16,4,3,0,0,0,0,0,1,1,4,2017,1341K1235,425131.0,433893.0,-1.619925,53.800753,13,3,2,1,17/01/2017,3,17:30,204,E08000035,E08000035,6,0,6,30.0,0,-1,-1,-1,0,0,7,1,1,0,0,1,2,2,E01032606
11329,20171341K1530,2017,1341K1530,1,1,1,1,24,5,3,0,0,0,0,0,8,1,3,2017,1341K1530,429410.0,433938.0,-1.554957,53.800934,13,3,2,3,20/01/2017,6,20:07,204,E08000035,E08000035,2,58,7,40.0,5,4,2,58,0,0,7,1,2,0,0,1,1,2,E01011678
11330,20171341K1530,2017,1341K1530,1,2,2,2,18,4,3,0,0,1,0,0,8,1,3,2017,1341K1530,429410.0,433938.0,-1.554957,53.800934,13,3,2,3,20/01/2017,6,20:07,204,E08000035,E08000035,2,58,7,40.0,5,4,2,58,0,0,7,1,2,0,0,1,1,2,E01011678
11331,20171341K1530,2017,1341K1530,2,3,1,2,29,6,3,0,0,0,0,0,9,1,9,2017,1341K1530,429410.0,433938.0,-1.554957,53.800934,13,3,2,3,20/01/2017,6,20:07,204,E08000035,E08000035,2,58,7,40.0,5,4,2,58,0,0,7,1,2,0,0,1,1,2,E01011678
11332,20171341K1558,2017,1341K1558,1,1,3,2,5,1,3,5,1,0,0,0,0,1,1,2017,1341K1558,432042.0,434989.0,-1.514888,53.810225,13,3,1,2,20/01/2017,6,20:15,204,E08000035,E08000035,6,0,6,30.0,3,4,6,0,0,0,4,1,1,0,0,1,1,2,E01011434
11333,20171341K1558,2017,1341K1558,1,2,3,2,37,7,3,5,1,0,0,0,0,-1,-1,2017,1341K1558,432042.0,434989.0,-1.514888,53.810225,13,3,1,2,20/01/2017,6,20:15,204,E08000035,E08000035,6,0,6,30.0,3,4,6,0,0,0,4,1,1,0,0,1,1,2,E01011434
11334,20171341K1642,2017,1341K1642,2,1,1,2,26,6,3,0,0,0,0,0,1,1,2,2017,1341K1642,429895.0,433410.0,-1.547645,53.796161,13,3,2,1,20/01/2017,6,20:20,204,E08000035,E08000035,6,0,6,30.0,3,4,6,0,0,5,4,1,1,0,0,1,2,2,E01033016
11335,20171341K1678,2017,1341K1678,2,1,1,1,19,4,3,0,0,0,0,0,9,1,8,2017,1341K1678,429034.0,431996.0,-1.560848,53.783501,13,3,2,1,20/01/2017,6,21:28,204,E08000035,E08000035,6,0,6,30.0,3,4,6,0,0,0,4,1,1,0,0,1,1,2,E01011368
11336,20171341L0610,2017,1341L0610,1,1,1,2,84,11,3,0,0,0,0,0,9,1,9,2017,1341L0610,422947.0,443102.0,-1.652401,53.88362,13,3,2,3,21/01/2017,7,11:00,204,E08000035,E08000035,3,658,6,40.0,6,2,6,0,0,0,1,1,2,0,0,2,1,2,E01032503
11337,20171341L0610,2017,1341L0610,2,2,1,1,63,9,3,0,0,0,0,0,9,1,10,2017,1341L0610,422947.0,443102.0,-1.652401,53.88362,13,3,2,3,21/01/2017,7,11:00,204,E08000035,E08000035,3,658,6,40.0,6,2,6,0,0,0,1,1,2,0,0,2,1,2,E01032503
11338,20171341L0610,2017,1341L0610,2,3,2,2,57,9,3,0,0,1,0,0,9,1,8,2017,1341L0610,422947.0,443102.0,-1.652401,53.88362,13,3,2,3,21/01/2017,7,11:00,204,E08000035,E08000035,3,658,6,40.0,6,2,6,0,0,0,1,1,2,0,0,2,1,2,E01032503
11339,20171341L0722,2017,1341L0722,2,1,1,1,37,7,3,0,0,0,0,0,19,1,7,2017,1341L0722,431965.0,430309.0,-1.516541,53.768168,13,3,2,1,21/01/2017,7,12:24,204,E08000035,E08000035,3,61,1,30.0,1,4,3,639,0,0,1,1,1,0,0,2,2,2,E01011469
11340,20171341L0776,2017,1341L0776,2,1,1,1,19,4,3,0,0,0,0,0,1,1,10,2017,1341L0776,427976.0,435308.0,-1.576604,53.813326,13,3,2,1,20/01/2017,6,13:00,204,E08000035,E08000035,6,0,6,20.0,3,4,6,0,0,0,1,1,1,0,0,1,2,2,E01011441
11341,20171341L0823,2017,1341L0823,1,1,2,2,41,7,3,0,0,1,0,0,9,1,8,2017,1341L0823,424149.0,427904.0,-1.635302,53.746971,13,3,2,1,21/01/2017,7,13:29,204,E08000035,E08000035,1,62,7,70.0,0,-1,-1,-1,0,0,1,1,1,0,0,1,1,1,E01011523
11342,20171341L0862,2017,1341L0862,1,1,1,1,18,4,3,0,0,0,0,0,9,1,5,2017,1341L0862,432287.0,438836.0,-1.510766,53.844785,13,3,3,3,21/01/2017,7,13:50,204,E08000035,E08000035,6,0,6,30.0,0,-1,-1,-1,0,0,1,1,2,0,0,1,1,2,E01011653
11343,20171341L0862,2017,1341L0862,2,2,2,2,19,4,3,0,0,1,0,0,9,1,10,2017,1341L0862,432287.0,438836.0,-1.510766,53.844785,13,3,3,3,21/01/2017,7,13:50,204,E08000035,E08000035,6,0,6,30.0,0,-1,-1,-1,0,0,1,1,2,0,0,1,1,2,E01011653
11344,20171341L0862,2017,1341L0862,3,3,1,2,22,5,3,0,0,0,0,0,9,1,7,2017,1341L0862,432287.0,438836.0,-1.510766,53.844785,13,3,3,3,21/01/2017,7,13:50,204,E08000035,E08000035,6,0,6,30.0,0,-1,-1,-1,0,0,1,1,2,0,0,1,1,2,E01011653
11345,20171341L1506,2017,1341L1506,1,1,1,1,46,8,3,0,0,0,0,0,9,-1,-1,2017,1341L1506,429169.0,431942.0,-1.558804,53.783008,13,3,2,1,21/01/2017,7,19:50,204,E08000035,E08000035,6,0,6,30.0,3,4,6,0,0,0,4,1,1,0,0,1,1,2,E01011368
11346,20171341L1628,2017,1341L1628,1,1,1,1,19,4,3,0,0,0,0,0,1,-1,-1,2017,1341L1628,430024.0,432605.0,-1.545764,53.788918,13,3,2,1,21/01/2017,7,21:18,204,E08000035,E08000035,6,0,3,40.0,0,-1,-1,-1,0,0,4,1,1,0,0,1,1,2,E01033032
11347,20171341M0349,2017,1341M0349,2,1,1,1,33,6,3,0,0,0,0,0,9,1,9,2017,1341M0349,429293.0,433679.0,-1.556758,53.798613,13,3,2,1,22/01/2017,1,06:45,204,E08000035,E08000035,3,58,3,40.0,0,-1,-1,-1,0,0,4,1,2,0,0,1,1,2,E01011678
11348,20171341M0542,2017,1341M0542,1,1,3,1,13,3,2,5,1,0,0,0,0,1,3,2017,1341M0542,434937.0,428908.0,-1.471612,53.755386,13,2,2,1,22/01/2017,1,11:15,204,E08000035,E08000035,6,0,6,30.0,0,-1,-1,-1,0,0,1,1,1,0,0,1,1,2,E01011628
11349,20171341M0938,2017,1341M0938,1,1,1,1,30,6,3,0,0,0,0,0,1,1,1,2017,1341M0938,434252.0,434278.0,-1.481406,53.803694,13,3,2,1,22/01/2017,1,15:30,204,E08000035,E08000035,6,0,6,30.0,3,3,6,0,0,0,1,1,1,0,0,1,1,2,E01011346
11350,20171341M1009,2017,1341M1009,2,1,1,1,23,5,3,0,0,0,0,0,3,1,1,2017,1341M1009,427483.0,434591.0,-1.584155,53.806908,13,3,2,1,22/01/2017,1,16:30,204,E08000035,E08000035,3,65,6,30.0,3,4,6,0,0,0,1,1,1,0,0,1,1,2,E01011482
11351,20171341M1270,2017,1341M1270,2,1,1,2,26,6,3,0,0,0,0,0,9,1,7,2017,1341M1270,431966.0,435835.0,-1.515955,53.817833,13,3,3,3,22/01/2017,1,19:03,204,E08000035,E08000035,6,0,3,30.0,6,2,6,0,0,0,4,1,2,0,0,1,1,2,E01011422
11352,20171341M1270,2017,1341M1270,2,2,2,2,24,5,3,0,0,2,0,0,9,1,1,2017,1341M1270,431966.0,435835.0,-1.515955,53.817833,13,3,3,3,22/01/2017,1,19:03,204,E08000035,E08000035,6,0,3,30.0,6,2,6,0,0,0,4,1,2,0,0,1,1,2,E01011422
11353,20171341M1270,2017,1341M1270,2,3,2,1,20,4,3,0,0,1,0,0,9,1,1,2017,1341M1270,431966.0,435835.0,-1.515955,53.817833,13,3,3,3,22/01/2017,1,19:03,204,E08000035,E08000035,6,0,3,30.0,6,2,6,0,0,0,4,1,2,0,0,1,1,2,E01011422
11354,20171341M1419,2017,1341M1419,1,1,2,2,34,6,3,0,0,1,0,0,9,1,1,2017,1341M1419,433495.0,435155.0,-1.492805,53.811626,13,3,2,1,22/01/2017,1,20:30,204,E08000035,E08000035,6,0,6,30.0,0,-1,-1,-1,0,0,4,1,1,0,0,1,2,2,E01011339
11355,20171341N0728,2017,1341N0728,2,1,1,1,47,8,3,0,0,0,0,0,1,1,7,2017,1341N0728,421032.0,445002.0,-1.681403,53.900777,13,3,2,1,18/01/2017,4,18:45,204,E08000035,E08000035,3,660,1,40.0,1,4,6,0,0,0,7,1,1,0,0,2,2,2,E01011572
11356,20171341N1111,2017,1341N1111,2,1,2,2,29,6,3,0,0,1,0,0,9,1,2,2017,1341N1111,428420.0,428758.0,-1.570462,53.754432,13,3,2,1,23/01/2017,2,17:00,204,E08000035,E08000035,6,0,1,40.0,1,4,6,0,0,0,7,1,2,0,0,2,1,2,E01011493
11357,20171341O0306,2017,1341O0306,1,1,3,2,40,7,3,5,3,0,0,0,0,1,1,2017,1341O0306,430973.0,435826.0,-1.531038,53.817812,13,3,1,1,24/01/2017,3,09:01,204,E08000035,E08000035,6,0,6,30.0,0,-1,-1,-1,0,0,1,1,1,0,0,1,1,2,E01011356
11358,20171341O0573,2017,1341O0573,2,1,1,2,42,7,3,0,0,0,0,0,1,1,1,2017,1341O0573,427312.0,434684.0,-1.586743,53.807753,13,3,2,1,24/01/2017,3,12:05,204,E08000035,E08000035,3,65,6,30.0,3,4,6,0,0,0,1,1,1,0,0,1,1,2,E01011482
11359,20171341O0994,2017,1341O0994,1,1,1,2,26,6,3,0,0,0,0,0,9,1,2,2017,1341O0994,427529.0,430960.0,-1.583779,53.774271,13,3,1,1,24/01/2017,3,16:08,204,E08000035,E08000035,1,621,3,50.0,0,-1,-1,-1,0,0,1,1,2,0,0,1,1,1,E01011318
11360,20171341O1063,2017,1341O1063,1,1,1,1,27,6,3,0,0,0,0,0,3,1,1,2017,1341O1063,436558.0,436164.0,-1.446172,53.820489,13,3,2,1,24/01/2017,3,16:40,204,E08000035,E08000035,6,0,6,30.0,0,-1,-1,-1,0,0,4,1,2,0,0,1,1,2,E01011723
11361,20171341P0047,2017,1341P0047,1,1,1,1,17,4,2,0,0,0,0,0,9,1,4,2017,1341P0047,425569.0,433062.0,-1.613344,53.793263,13,2,2,1,25/01/2017,4,01:28,204,E08000035,E08000035,6,0,6,30.0,3,4,6,0,0,0,4,1,4,0,0,1,2,2,E01011730
11362,20171341P0349,2017,1341P0349,1,1,3,1,52,8,2,5,3,0,0,0,0,1,5,2017,1341P0349,430355.0,433052.0,-1.540697,53.792917,13,2,1,1,25/01/2017,4,09:55,204,E08000035,E08000035,6,0,6,30.0,6,4,6,0,0,0,1,1,1,0,0,1,1,2,E01033016
11363,20171341P0498,2017,1341P0498,1,1,1,1,57,9,3,0,0,0,0,0,3,1,1,2017,1341P0498,430103.0,431583.0,-1.544665,53.779728,13,3,2,1,25/01/2017,4,11:25,204,E08000035,E08000035,3,653,6,30.0,3,4,6,0,0,0,1,1,2,0,0,1,1,2,E01011371
11364,20171341P0554,2017,1341P0554,1,1,1,2,77,11,3,0,0,0,0,0,9,1,8,2017,1341P0554,430574.0,430623.0,-1.537612,53.771073,13,3,2,1,25/01/2017,4,11:47,204,E08000035,E08000035,1,621,3,50.0,0,-1,-1,-1,0,0,1,1,1,0,0,1,1,1,E01011468
11365,20171341P0602,2017,1341P0602,1,1,3,1,12,3,3,1,3,0,0,0,0,1,1,2017,1341P0602,431949.0,432600.0,-1.516547,53.788759,13,3,1,1,25/01/2017,4,12:00,204,E08000035,E08000035,6,0,6,30.0,0,-1,-1,-1,0,4,1,1,1,0,0,1,1,2,E01011625
11366,20171341P0877,2017,1341P0877,1,1,3,1,78,11,2,5,3,0,0,0,0,-1,-1,2017,1341P0877,434608.0,428101.0,-1.476692,53.748155,13,2,1,1,25/01/2017,4,15:00,204,E08000035,E08000035,3,654,6,30.0,0,-1,-1,-1,0,0,1,1,2,0,0,1,1,2,E01011633
11367,20171341P1213,2017,1341P1213,1,1,1,1,43,7,3,0,0,0,0,0,1,1,7,2017,1341P1213,426190.0,442454.0,-1.603123,53.877643,13,3,1,1,25/01/2017,4,17:54,204,E08000035,E08000035,3,660,1,40.0,1,4,6,0,0,0,7,1,1,0,0,2,1,2,E01032504
11368,20171341Q0386,2017,1341Q0386,1,1,3,1,26,6,2,1,1,0,0,0,0,1,1,2017,1341Q0386,431388.0,435014.0,-1.524817,53.810489,13,2,1,1,26/01/2017,5,09:53,204,E08000035,E08000035,6,0,6,30.0,6,2,6,0,0,5,1,1,1,0,0,1,1,2,E01011673
11369,20171341Q0952,2017,1341Q0952,1,1,1,1,45,7,3,0,0,0,0,0,9,1,6,2017,1341Q0952,424179.0,428212.0,-1.634823,53.749737,13,3,2,1,26/01/2017,5,12:32,204,E08000035,E08000035,3,650,1,30.0,1,2,3,62,0,0,1,1,1,0,0,1,2,1,E01011523
11370,20171341Q1278,2017,1341Q1278,1,1,1,1,54,8,3,0,0,0,0,0,1,1,1,2017,1341Q1278,429647.0,433796.0,-1.551373,53.799644,13,3,2,1,26/01/2017,5,17:16,204,E08000035,E08000035,6,0,6,30.0,0,-1,-1,-1,0,0,4,1,1,0,0,1,2,2,E01033008
11371,20171341Q1329,2017,1341Q1329,1,1,1,2,34,6,3,0,0,0,0,0,9,1,7,2017,1341Q1329,432908.0,435044.0,-1.501731,53.810665,13,3,2,1,26/01/2017,5,18:45,204,E08000035,E08000035,6,0,1,30.0,1,4,6,0,0,0,4,1,1,0,0,1,1,2,E01011431
11372,20171341R0226,2017,1341R0226,1,1,1,2,36,7,3,0,0,0,0,0,9,-1,-1,2017,1341R0226,430518.0,431577.0,-1.538368,53.77965,13,3,2,3,27/01/2017,6,07:35,204,E08000035,E08000035,1,621,3,50.0,0,-1,-1,-1,0,0,1,1,1,0,0,1,1,1,E01011374
11373,20171341R0226,2017,1341R0226,2,2,1,1,34,6,3,0,0,0,0,0,20,1,5,2017,1341R0226,430518.0,431577.0,-1.538368,53.77965,13,3,2,3,27/01/2017,6,07:35,204,E08000035,E08000035,1,621,3,50.0,0,-1,-1,-1,0,0,1,1,1,0,0,1,1,1,E01011374
11374,20171341R0226,2017,1341R0226,2,3,2,2,22,5,3,0,0,1,0,0,20,1,1,2017,1341R0226,430518.0,431577.0,-1.538368,53.77965,13,3,2,3,27/01/2017,6,07:35,204,E08000035,E08000035,1,621,3,50.0,0,-1,-1,-1,0,0,1,1,1,0,0,1,1,1,E01011374
11375,20171341R0385,2017,1341R0385,1,1,1,2,21,5,2,0,0,0,0,0,9,-1,-1,2017,1341R0385,440401.0,446862.0,-1.386396,53.916352,13,2,2,1,27/01/2017,6,10:10,204,E08000035,E08000035,3,168,6,60.0,0,-1,-1,-1,0,0,1,1,2,0,0,2,1,2,E01011704
11376,20171341R1275,2017,1341R1275,2,1,1,1,20,4,2,0,0,0,0,0,3,2,6,2017,1341R1275,438357.0,440696.0,-1.418283,53.861091,13,2,2,1,27/01/2017,6,18:55,204,E08000035,E08000035,6,0,6,30.0,3,4,6,0,0,0,4,1,1,0,0,2,1,2,E01011310
11377,20171341R1294,2017,1341R1294,1,1,1,1,27,6,3,0,0,0,0,0,9,1,4,2017,1341R1294,421957.0,428201.0,-1.668518,53.749736,13,3,3,2,27/01/2017,6,19:00,204,E08000035,E08000035,3,650,6,60.0,0,-1,-1,-1,0,0,4,1,2,0,0,1,1,2,E01011527
11378,20171341R1294,2017,1341R1294,2,2,1,2,17,4,3,0,0,0,0,0,9,1,7,2017,1341R1294,421957.0,428201.0,-1.668518,53.749736,13,3,3,2,27/01/2017,6,19:00,204,E08000035,E08000035,3,650,6,60.0,0,-1,-1,-1,0,0,4,1,2,0,0,1,1,2,E01011527
11379,20171341R1582,2017,1341R1582,1,1,3,2,19,4,3,1,3,0,0,0,0,1,1,2017,1341R1582,430316.0,431181.0,-1.541472,53.776103,13,3,1,1,27/01/2017,6,22:00,204,E08000035,E08000035,6,0,6,30.0,3,2,6,0,0,5,4,2,2,0,0,1,1,2,E01011374
11380,20171341S0145,2017,1341S0145,1,1,1,1,67,10,3,0,0,0,0,0,9,1,8,2017,1341S0145,427201.0,434752.0,-1.588423,53.80837,13,3,2,4,28/01/2017,7,02:00,204,E08000035,E08000035,3,65,6,30.0,3,4,6,0,0,0,4,1,2,0,0,1,1,2,E01011482
11381,20171341S0145,2017,1341S0145,2,2,2,1,18,4,3,0,0,2,0,0,8,1,9,2017,1341S0145,427201.0,434752.0,-1.588423,53.80837,13,3,2,4,28/01/2017,7,02:00,204,E08000035,E08000035,3,65,6,30.0,3,4,6,0,0,0,4,1,2,0,0,1,1,2,E01011482
11382,20171341S0145,2017,1341S0145,2,3,2,1,25,5,3,0,0,2,0,0,8,1,3,2017,1341S0145,427201.0,434752.0,-1.588423,53.80837,13,3,2,4,28/01/2017,7,02:00,204,E08000035,E08000035,3,65,6,30.0,3,4,6,0,0,0,4,1,2,0,0,1,1,2,E01011482
11383,20171341S0145,2017,1341S0145,2,4,2,1,24,5,3,0,0,2,0,0,8,1,1,2017,1341S0145,427201.0,434752.0,-1.588423,53.80837,13,3,2,4,28/01/2017,7,02:00,204,E08000035,E08000035,3,65,6,30.0,3,4,6,0,0,0,4,1,2,0,0,1,1,2,E01011482
11384,20171341S0531,2017,1341S0531,1,1,3,1,32,6,3,5,2,0,0,0,0,1,1,2017,1341S0531,433001.0,426259.0,-1.501255,53.731704,13,3,1,1,10/01/2017,3,07:25,204,E08000035,E08000035,4,6135,6,20.0,0,-1,-1,-1,0,0,7,1,1,0,0,1,2,2,E01011500
11385,20171341S0890,2017,1341S0890,1,1,1,2,36,7,3,0,0,0,0,0,9,-1,-1,2017,1341S0890,428500.0,433200.0,-1.568841,53.794351,13,3,2,1,28/01/2017,7,15:10,204,E08000035,E08000035,3,647,1,30.0,1,4,6,0,0,0,1,1,1,0,0,1,2,2,E01011363
11386,20171341S1246,2017,1341S1246,2,1,1,1,23,5,2,0,0,0,0,0,4,1,1,2017,1341S1246,431036.0,431334.0,-1.530532,53.777436,13,2,2,1,28/01/2017,7,14:45,204,E08000035,E08000035,6,0,6,30.0,0,-1,-1,-1,0,0,4,1,1,0,0,1,2,2,E01011467
11387,20171341T0497,2017,1341T0497,2,1,1,1,41,7,2,0,0,0,0,0,1,1,10,2017,1341T0497,424150.0,435969.0,-1.634658,53.819457,13,2,2,1,29/01/2017,1,10:45,204,E08000035,E08000035,6,0,6,40.0,3,4,4,6157,0,0,1,1,2,0,0,1,1,2,E01011325
11388,20171341T1161,2017,1341T1161,2,1,1,1,49,8,3,0,0,0,0,0,9,-1,-1,2017,1341T1161,430782.0,438592.0,-1.533664,53.842683,13,3,2,1,29/01/2017,1,17:30,204,E08000035,E08000035,6,0,6,30.0,6,2,6,0,0,5,4,2,2,0,0,1,1,2,E01011512
11389,20171341U0187,2017,1341U0187,2,1,1,1,35,6,3,0,0,0,0,0,9,1,1,2017,1341U0187,431949.0,428020.0,-1.517019,53.747596,13,3,2,1,30/01/2017,2,07:05,204,E08000035,E08000035,1,62,3,50.0,5,4,1,1,0,0,4,2,2,0,0,2,1,1,E01011502
11390,20171341U0272,2017,1341U0272,2,1,1,1,30,6,3,0,0,0,0,0,1,1,7,2017,1341U0272,432059.0,435965.0,-1.514529,53.818996,13,3,2,1,30/01/2017,2,08:46,204,E08000035,E08000035,6,0,6,30.0,3,4,6,0,0,0,1,1,2,0,0,1,2,2,E01011647
11391,20171341U0518,2017,1341U0518,1,1,1,1,66,10,3,0,0,0,0,0,9,1,8,2017,1341U0518,436864.0,433662.0,-1.441822,53.797981,13,3,2,1,30/01/2017,2,11:46,204,E08000035,E08000035,3,6210,3,30.0,1,4,4,6159,0,0,1,1,1,0,0,1,1,2,E01011411
11392,20171341U0676,2017,1341U0676,1,1,1,1,55,8,3,0,0,0,0,0,3,1,1,2017,1341U0676,430097.0,433239.0,-1.544595,53.794612,13,3,2,1,30/01/2017,2,13:29,204,E08000035,E08000035,6,0,3,30.0,0,-1,-1,-1,0,0,1,1,2,0,0,1,1,2,E01033016
11393,20171341U0857,2017,1341U0857,2,1,1,2,66,10,3,0,0,0,0,0,9,1,9,2017,1341U0857,433169.0,436159.0,-1.497648,53.82067,13,3,2,2,30/01/2017,2,15:10,204,E08000035,E08000035,3,58,3,40.0,0,-1,-1,-1,0,0,1,1,1,0,0,1,1,2,E01011648
11394,20171341U0857,2017,1341U0857,2,2,2,2,31,6,3,0,0,1,0,0,9,1,9,2017,1341U0857,433169.0,436159.0,-1.497648,53.82067,13,3,2,2,30/01/2017,2,15:10,204,E08000035,E08000035,3,58,3,40.0,0,-1,-1,-1,0,0,1,1,1,0,0,1,1,2,E01011648
11395,20171341U1239,2017,1341U1239,1,1,3,1,13,3,3,5,1,0,0,0,0,1,2,2017,1341U1239,420178.0,441796.0,-1.694609,53.871996,13,3,1,1,30/01/2017,2,18:23,204,E08000035,E08000035,6,0,6,30.0,3,4,6,0,0,1,7,1,1,0,0,1,2,2,E01011268
11396,20171341U1598,2017,1341U1598,2,1,1,2,40,7,3,0,0,0,0,0,9,1,8,2017,1341U1598,430637.0,438185.0,-1.535908,53.839034,13,3,2,2,30/01/2017,2,21:44,204,E08000035,E08000035,6,0,6,30.0,3,4,6,0,0,0,4,1,1,0,0,1,1,2,E01011515
11397,20171341U1598,2017,1341U1598,2,2,2,2,49,8,3,0,0,1,0,0,9,1,7,2017,1341U1598,430637.0,438185.0,-1.535908,53.839034,13,3,2,2,30/01/2017,2,21:44,204,E08000035,E08000035,6,0,6,30.0,3,4,6,0,0,0,4,1,1,0,0,1,1,2,E01011515
11398,20171341V0011,2017,1341V0011,1,1,1,1,24,5,3,0,0,0,0,0,9,1,1,2017,1341V0011,428164.0,436724.0,-1.57362,53.826042,13,3,1,1,31/01/2017,3,00:09,204,E08000035,E08000035,6,0,6,30.0,0,-1,-1,-1,0,0,4,1,1,0,0,1,1,2,E01011692
11399,20171341V0227,2017,1341V0227,1,1,1,1,50,8,3,0,0,0,0,0,9,1,5,2017,1341V0227,425027.0,433155.0,-1.621564,53.794125,13,3,1,1,31/01/2017,3,08:14,204,E08000035,E08000035,3,6110,3,40.0,0,-1,-1,-1,0,0,1,2,2,0,0,1,1,2,E01011727
11400,2017134210168,2017,134210168,1,1,1,2,59,9,3,0,0,0,0,0,9,1,2,2017,134210168,431900.0,430373.0,-1.51752,53.768747,13,3,2,2,01/02/2017,4,07:10,204,E08000035,E08000035,3,61,3,40.0,0,-1,-1,-1,0,0,7,2,2,0,0,2,1,2,E01011469
11401,2017134210168,2017,134210168,2,2,1,1,43,7,3,0,0,0,0,0,9,1,8,2017,134210168,431900.0,430373.0,-1.51752,53.768747,13,3,2,2,01/02/2017,4,07:10,204,E08000035,E08000035,3,61,3,40.0,0,-1,-1,-1,0,0,7,2,2,0,0,2,1,2,E01011469
11402,2017134210950,2017,134210950,2,1,1,2,33,6,3,0,0,0,0,0,9,1,4,2017,134210950,428087.0,426535.0,-1.575713,53.73447,13,3,2,1,01/02/2017,4,15:34,204,E08000035,E08000035,3,653,1,40.0,1,2,3,650,0,0,1,1,1,0,0,2,1,2,E01011538
11403,2017134211417,2017,134211417,2,1,1,1,22,5,3,0,0,0,0,0,9,1,1,2017,134211417,431765.0,435538.0,-1.519038,53.815176,13,3,2,1,01/02/2017,4,19:15,204,E08000035,E08000035,3,58,6,30.0,3,2,6,0,0,8,4,1,1,0,0,1,2,2,E01011429
11404,2017134220251,2017,134220251,2,1,1,2,31,6,3,0,0,0,0,0,9,1,3,2017,134220251,431971.0,437046.0,-1.515754,53.828717,13,3,2,3,02/02/2017,5,08:20,204,E08000035,E08000035,6,0,6,30.0,3,4,6,0,0,0,1,1,1,0,0,1,1,2,E01011642
11405,2017134220251,2017,134220251,2,2,2,1,6,2,3,0,0,2,0,0,9,1,3,2017,134220251,431971.0,437046.0,-1.515754,53.828717,13,3,2,3,02/02/2017,5,08:20,204,E08000035,E08000035,6,0,6,30.0,3,4,6,0,0,0,1,1,1,0,0,1,1,2,E01011642
11406,2017134220251,2017,134220251,2,3,2,2,3,1,3,0,0,2,0,0,9,1,3,2017,134220251,431971.0,437046.0,-1.515754,53.828717,13,3,2,3,02/02/2017,5,08:20,204,E08000035,E08000035,6,0,6,30.0,3,4,6,0,0,0,1,1,1,0,0,1,1,2,E01011642
11407,2017134220293,2017,134220293,2,1,1,1,45,7,3,0,0,0,0,0,9,-1,-1,2017,134220293,434423.0,425867.0,-1.479744,53.728089,13,3,2,2,02/02/2017,5,09:01,204,E08000035,E08000035,1,62,3,70.0,0,-1,-1,-1,0,0,1,1,2,0,0,2,1,1,E01011634
11408,2017134220293,2017,134220293,2,2,2,1,67,10,3,0,0,1,0,0,9,1,8,2017,134220293,434423.0,425867.0,-1.479744,53.728089,13,3,2,2,02/02/2017,5,09:01,204,E08000035,E08000035,1,62,3,70.0,0,-1,-1,-1,0,0,1,1,2,0,0,2,1,1,E01011634
11409,2017134220549,2017,134220549,2,1,1,1,28,6,3,0,0,0,0,0,1,1,3,2017,134220549,427569.0,436873.0,-1.582646,53.827413,13,3,2,1,02/02/2017,5,08:40,204,E08000035,E08000035,3,660,6,40.0,3,4,6,0,0,0,1,1,1,0,0,1,2,2,E01011694
11410,2017134220566,2017,134220566,1,1,3,2,40,7,2,5,1,0,0,0,0,-1,-1,2017,134220566,430675.0,436800.0,-1.535468,53.826584,13,2,1,2,02/02/2017,5,12:00,204,E08000035,E08000035,6,0,6,30.0,3,4,3,61,0,0,1,1,1,0,0,1,1,2,E01011352
11411,2017134220566,2017,134220566,1,2,1,1,24,5,3,0,0,0,0,0,3,1,1,2017,134220566,430675.0,436800.0,-1.535468,53.826584,13,2,1,2,02/02/2017,5,12:00,204,E08000035,E08000035,6,0,6,30.0,3,4,3,61,0,0,1,1,1,0,0,1,1,2,E01011352
11412,2017134220616,2017,134220616,1,1,1,1,80,11,3,0,0,0,0,0,9,1,1,2017,134220616,440575.0,432100.0,-1.38569,53.783667,13,2,2,3,02/02/2017,5,12:30,204,E08000035,E08000035,3,63,6,30.0,3,4,4,6137,0,0,1,1,1,0,0,2,1,2,E01011302