,accident_index,accident_year_x,accident_reference_x,vehicle_reference,casualty_reference,casualty_class,sex_of_casualty,age_of_casualty,age_band_of_casualty,casualty_severity,pedestrian_location,pedestrian_movement,car_passenger,bus_or_coach_passenger,pedestrian_road_maintenance_worker,casualty_type,casualty_home_area_type,casualty_imd_decile,accident_year_y,accident_reference_y,location_easting_osgr,location_northing_osgr,longitude,latitude,police_force,accident_severity,number_of_vehicles,number_of_casualties,date,day_of_week,time,local_authority_district,local_authority_ons_district,local_authority_highway,first_road_class,first_road_number,road_type,speed_limit,junction_detail,junction_control,second_road_class,second_road_number,pedestrian_crossing_human_control,pedestrian_crossing_physical_facilities,light_conditions,weather_conditions,road_surface_conditions,special_conditions_at_site,carriageway_hazards,urban_or_rural_area,did_police_officer_attend_scene_of_accident,trunk_road_flag,lsoa_of_accident_location
11587,2017134350527,2017,134350527,1,1,2,2,23,5,3,0,0,0,2,0,11,1,1,2017,134350527,430376.0,433530.0,-1.540331,53.797212,13,3,1,1,05/03/2017,1,09:10,204,E08000035,E08000035,6,0,6,30.0,0,-1,-1,-1,0,0,1,1,1,0,0,1,2,2,E01033010
11588,2017134350897,2017,134350897,1,1,3,1,21,5,3,5,9,0,0,0,0,1,5,2017,134350897,428957.0,435464.0,-1.561692,53.814674,13,3,1,1,05/04/2017,4,14:05,204,E08000035,E08000035,3,660,6,30.0,6,2,6,0,0,4,1,1,1,0,0,1,2,2,E01033005
11589,2017134360298,2017,134360298,1,1,1,1,20,4,2,0,0,0,0,0,3,1,1,2017,134360298,424758.0,438418.0,-1.625227,53.84144,13,2,2,1,06/03/2017,2,08:26,204,E08000035,E08000035,6,0,6,30.0,0,-1,-1,-1,0,0,1,1,2,0,0,1,1,2,E01011460
11590,2017134360611,2017,134360611,1,1,3,2,48,8,3,1,3,0,0,0,0,1,2,2017,134360611,427158.0,433521.0,-1.589184,53.797308,13,3,1,1,06/03/2017,2,11:30,204,E08000035,E08000035,6,0,6,30.0,0,-1,-1,-1,0,4,1,1,1,0,0,1,1,2,E01011293
11591,2017134360740,2017,134360740,2,1,1,1,31,6,3,0,0,0,0,0,9,-1,-1,2017,134360740,430485.0,433853.0,-1.538644,53.800108,13,3,2,3,03/03/2017,6,20:15,204,E08000035,E08000035,6,0,2,30.0,0,-1,-1,-1,0,0,4,2,2,0,0,1,2,2,E01033010
11592,2017134360740,2017,134360740,2,2,2,1,9,2,3,0,0,1,0,0,9,-1,-1,2017,134360740,430485.0,433853.0,-1.538644,53.800108,13,3,2,3,03/03/2017,6,20:15,204,E08000035,E08000035,6,0,2,30.0,0,-1,-1,-1,0,0,4,2,2,0,0,1,2,2,E01033010
11593,2017134360740,2017,134360740,2,3,2,1,7,2,3,0,0,2,0,0,9,-1,-1,2017,134360740,430485.0,433853.0,-1.538644,53.800108,13,3,2,3,03/03/2017,6,20:15,204,E08000035,E08000035,6,0,2,30.0,0,-1,-1,-1,0,0,4,2,2,0,0,1,2,2,E01033010
11594,2017134360793,2017,134360793,1,1,3,2,64,9,3,5,2,0,0,0,0,1,3,2017,134360793,429600.0,433965.0,-1.55207,53.801166,13,3,1,1,06/03/2017,2,13:12,204,E08000035,E08000035,6,0,6,30.0,0,-1,-1,-1,0,0,1,1,1,0,0,1,1,2,E01033008
11595,2017134361076,2017,134361076,2,1,1,1,73,10,3,0,0,0,0,0,1,1,2,2017,134361076,423441.0,429921.0,-1.645885,53.765131,13,3,2,1,06/03/2017,2,15:15,204,E08000035,E08000035,3,58,6,30.0,0,-1,-1,-1,0,0,1,1,1,0,0,1,1,2,E01011520
11596,2017134370562,2017,134370562,1,1,2,2,80,11,3,0,0,0,4,0,11,1,1,2017,134370562,430985.0,433454.0,-1.531093,53.796493,13,3,1,1,07/03/2017,3,09:45,204,E08000035,E08000035,6,0,2,30.0,0,-1,-1,-1,0,0,1,1,1,0,0,1,2,2,E01033033
11597,2017134371573,2017,134371573,2,1,1,2,45,7,3,0,0,0,0,0,1,1,9,2017,134371573,433116.0,434029.0,-1.498681,53.80153,13,3,2,1,07/03/2017,3,17:15,204,E08000035,E08000035,4,6159,6,30.0,6,2,3,64,0,5,7,1,1,0,0,1,2,2,E01011340
11598,2017134371824,2017,134371824,1,1,1,2,35,6,3,0,0,0,0,0,9,1,1,2017,134371824,427909.0,434081.0,-1.577732,53.802301,13,3,2,2,07/03/2017,3,20:55,204,E08000035,E08000035,6,0,6,30.0,0,-1,-1,-1,0,0,4,1,1,0,0,1,1,2,E01011363
11599,2017134371824,2017,134371824,2,2,1,2,42,7,3,0,0,0,0,0,9,-1,-1,2017,134371824,427909.0,434081.0,-1.577732,53.802301,13,3,2,2,07/03/2017,3,20:55,204,E08000035,E08000035,6,0,6,30.0,0,-1,-1,-1,0,0,4,1,1,0,0,1,1,2,E01011363
11600,2017134380224,2017,134380224,1,1,1,1,44,7,3,0,0,0,0,0,9,-1,-1,2017,134380224,429189.0,431919.0,-1.558503,53.7828,13,3,2,1,08/03/2017,4,08:17,204,E08000035,E08000035,6,0,6,30.0,3,4,6,0,0,0,1,1,1,0,0,1,1,2,E01011368
11601,2017134380455,2017,134380455,1,1,2,1,37,7,3,0,0,1,0,0,9,1,10,2017,134380455,429372.0,433759.0,-1.555551,53.799327,13,3,2,1,08/03/2017,4,14:10,204,E08000035,E08000035,3,58,6,40.0,5,4,3,58,0,0,1,2,2,0,0,1,2,2,E01011678
11602,2017134381184,2017,134381184,1,1,3,2,7,2,3,5,1,0,0,0,0,1,1,2017,134381184,431360.0,435256.0,-1.525218,53.812666,13,3,1,1,08/03/2017,4,17:00,204,E08000035,E08000035,6,0,6,30.0,3,4,6,0,0,0,7,1,1,0,0,1,2,2,E01011361
11603,2017134381244,2017,134381244,2,1,1,2,23,5,3,0,0,0,0,0,9,1,7,2017,134381244,420712.0,440962.0,-1.686544,53.86448,13,3,2,1,08/03/2017,4,10:38,204,E08000035,E08000035,6,0,6,30.0,3,4,6,0,0,0,1,1,2,0,0,1,2,2,E01011274
11604,2017134381922,2017,134381922,1,1,1,1,57,9,3,0,0,0,0,0,9,1,1,2017,134381922,431229.0,434811.0,-1.527252,53.808674,13,3,2,2,07/03/2017,3,22:07,204,E08000035,E08000035,6,0,6,30.0,3,4,6,0,0,0,4,1,1,0,0,1,1,2,E01011673
11605,2017134381922,2017,134381922,1,2,2,2,22,5,3,0,0,1,0,0,9,1,1,2017,134381922,431229.0,434811.0,-1.527252,53.808674,13,3,2,2,07/03/2017,3,22:07,204,E08000035,E08000035,6,0,6,30.0,3,4,6,0,0,0,4,1,1,0,0,1,1,2,E01011673
11606,2017134390352,2017,134390352,1,1,1,2,34,6,3,0,0,0,0,0,9,1,7,2017,134390352,433310.0,426326.0,-1.496564,53.732286,13,3,2,2,09/03/2017,5,08:53,204,E08000035,E08000035,4,6135,6,30.0,6,4,6,0,0,0,1,1,1,0,0,1,1,2,E01011500
11607,2017134390352,2017,134390352,2,2,1,1,42,7,3,0,0,0,0,0,9,1,1,2017,134390352,433310.0,426326.0,-1.496564,53.732286,13,3,2,2,09/03/2017,5,08:53,204,E08000035,E08000035,4,6135,6,30.0,6,4,6,0,0,0,1,1,1,0,0,1,1,2,E01011500
11608,2017134391051,2017,134391051,2,1,1,2,31,6,3,0,0,0,0,0,9,3,7,2017,134391051,433341.0,425886.0,-1.496141,53.72833,13,3,2,1,09/03/2017,5,15:35,204,E08000035,E08000035,1,62,3,70.0,0,-1,-1,-1,0,0,1,1,1,0,0,1,1,1,E01011500
11609,2017134391331,2017,134391331,1,1,1,1,20,4,1,0,0,0,0,0,3,-1,-1,2017,134391331,419137.0,444527.0,-1.710272,53.896581,13,1,4,1,09/03/2017,5,17:38,204,E08000035,E08000035,6,0,2,30.0,0,-1,-1,-1,0,0,7,1,1,0,0,2,1,2,E01011571
11610,2017134391670,2017,134391670,2,1,1,1,15,3,2,0,0,0,0,0,1,1,1,2017,134391670,435722.0,436924.0,-1.458782,53.827378,13,2,2,1,09/03/2017,5,20:15,204,E08000035,E08000035,3,6120,6,30.0,3,2,6,0,0,5,4,1,1,0,0,1,1,2,E01011661
11611,2017134391696,2017,134391696,1,1,1,2,24,5,2,0,0,0,0,0,9,1,4,2017,134391696,431510.0,425103.0,-1.523972,53.721406,13,2,2,2,09/03/2017,5,20:30,204,E08000035,E08000035,1,1,3,70.0,0,-1,-1,-1,0,0,4,1,1,0,0,2,1,1,E01011551
11612,2017134391696,2017,134391696,2,2,1,1,42,7,3,0,0,0,0,0,9,1,5,2017,134391696,431510.0,425103.0,-1.523972,53.721406,13,2,2,2,09/03/2017,5,20:30,204,E08000035,E08000035,1,1,3,70.0,0,-1,-1,-1,0,0,4,1,1,0,0,2,1,1,E01011551
11613,20171343A0810,2017,1343A0810,1,1,1,2,36,7,3,0,0,0,0,0,9,1,1,2017,1343A0810,427426.0,431237.0,-1.585318,53.776766,13,3,2,2,10/03/2017,6,13:34,204,E08000035,E08000035,3,62,6,30.0,9,4,6,0,0,0,1,1,1,0,0,1,1,2,E01011318
11614,20171343A0810,2017,1343A0810,1,2,2,2,33,6,3,0,0,1,0,0,9,1,1,2017,1343A0810,427426.0,431237.0,-1.585318,53.776766,13,3,2,2,10/03/2017,6,13:34,204,E08000035,E08000035,3,62,6,30.0,9,4,6,0,0,0,1,1,1,0,0,1,1,2,E01011318
11615,20171343B0487,2017,1343B0487,2,1,1,1,46,8,2,0,0,0,0,0,5,1,3,2017,1343B0487,424128.0,428173.0,-1.635599,53.749389,13,2,2,1,11/03/2017,7,14:00,204,E08000035,E08000035,3,62,1,30.0,1,2,3,650,0,0,1,1,1,0,0,1,1,1,E01011529
11616,20171343B0950,2017,1343B0950,1,1,2,2,67,10,3,0,0,2,0,0,9,1,8,2017,1343B0950,427182.0,435265.0,-1.588666,53.812981,13,3,2,1,11/03/2017,7,13:27,204,E08000035,E08000035,6,0,6,30.0,9,4,6,0,0,0,1,1,1,0,0,1,1,2,E01011480
11617,20171343B1104,2017,1343B1104,2,1,1,1,4,1,3,0,0,0,0,0,1,1,1,2017,1343B1104,426291.0,433335.0,-1.602361,53.79568,13,3,2,1,11/03/2017,7,14:40,204,E08000035,E08000035,6,0,6,20.0,3,4,6,0,0,0,1,1,1,0,0,1,1,2,E01011729
11618,20171343B1108,2017,1343B1108,1,1,1,1,37,7,3,0,0,0,0,0,9,1,1,2017,1343B1108,428445.0,434362.0,-1.569569,53.804798,13,3,2,1,11/03/2017,7,14:42,204,E08000035,E08000035,6,0,6,30.0,0,-1,-1,-1,0,0,1,1,1,0,0,1,1,2,E01011681
11619,20171343B1131,2017,1343B1131,1,1,1,1,56,9,2,0,0,0,0,0,5,1,4,2017,1343B1131,430306.0,433081.0,-1.541438,53.79318,13,2,2,1,11/03/2017,7,14:53,204,E08000035,E08000035,6,0,2,30.0,9,4,6,0,0,0,1,1,1,0,0,1,1,2,E01033016
11620,20171343B2150,2017,1343B2150,1,1,3,2,45,7,3,8,1,0,0,0,0,1,10,2017,1343B2150,427958.0,436095.0,-1.576807,53.8204,13,3,1,1,11/03/2017,7,23:22,204,E08000035,E08000035,3,660,6,30.0,0,-1,-1,-1,0,0,4,2,2,0,0,1,1,2,E01011451
11621,20171343C0679,2017,1343C0679,2,1,1,1,32,6,3,0,0,0,0,0,1,1,1,2017,1343C0679,430839.0,428405.0,-1.533812,53.751123,13,3,2,1,10/03/2017,6,13:30,204,E08000035,E08000035,6,0,6,30.0,3,4,6,0,0,0,1,2,2,0,0,1,2,2,E01032497
11622,20171343C1364,2017,1343C1364,2,1,1,1,26,6,3,0,0,0,0,0,9,-1,-1,2017,1343C1364,430876.0,432299.0,-1.532863,53.786118,13,3,2,1,12/03/2017,1,17:15,204,E08000035,E08000035,3,61,3,30.0,3,2,6,0,0,4,7,1,1,0,0,1,1,2,E01033018
11623,20171343C1840,2017,1343C1840,2,1,1,1,30,6,3,0,0,0,0,0,9,1,3,2017,1343C1840,433561.0,429707.0,-1.492394,53.762657,13,3,2,1,12/03/2017,1,21:15,204,E08000035,E08000035,1,1,3,70.0,0,-1,-1,-1,0,0,4,1,1,0,0,2,1,1,E01011639
11624,20171343D0247,2017,1343D0247,1,1,3,2,18,4,3,5,1,0,0,0,0,1,4,2017,1343D0247,429311.0,436087.0,-1.556257,53.820254,13,3,1,1,13/03/2017,2,07:35,204,E08000035,E08000035,6,0,6,30.0,0,-1,-1,-1,0,0,1,1,1,0,0,1,1,2,E01032946
11625,20171343D0356,2017,1343D0356,1,1,1,1,38,7,3,0,0,0,0,0,1,1,6,2017,1343D0356,425015.0,433156.0,-1.621746,53.794134,13,3,2,1,13/03/2017,2,08:15,204,E08000035,E08000035,6,0,1,30.0,1,4,3,6110,0,0,1,1,1,0,0,1,2,2,E01011727
11626,20171343D0362,2017,1343D0362,2,1,1,2,40,7,3,0,0,0,0,0,1,-1,-1,2017,1343D0362,428650.0,435650.0,-1.566337,53.816363,13,3,2,1,13/03/2017,2,09:05,204,E08000035,E08000035,3,660,6,30.0,0,-1,-1,-1,0,0,1,1,1,0,0,1,1,2,E01011443
11627,20171343D0388,2017,1343D0388,1,1,3,2,73,10,3,5,3,0,0,0,0,1,1,2017,1343D0388,431819.0,433225.0,-1.518456,53.794384,13,3,1,1,13/03/2017,2,09:16,204,E08000035,E08000035,6,0,6,30.0,3,4,6,0,0,0,1,1,1,0,0,1,1,2,E01033021
11628,20171343D0669,2017,1343D0669,2,1,2,2,69,10,3,0,0,1,0,0,9,1,6,2017,1343D0669,427850.0,434406.0,-1.578599,53.805226,13,3,2,1,13/03/2017,2,11:45,204,E08000035,E08000035,6,0,3,30.0,0,-1,-1,-1,0,0,1,1,1,0,0,1,1,2,E01011483
11629,20171343D1567,2017,1343D1567,1,1,2,1,6,2,3,0,0,0,4,0,11,1,1,2017,1343D1567,431215.0,433707.0,-1.527576,53.798753,13,3,1,1,13/03/2017,2,17:40,204,E08000035,E08000035,6,0,3,30.0,0,-1,-1,-1,0,0,7,1,1,0,0,1,2,2,E01011338
11630,20171343F0228,2017,1343F0228,1,1,1,1,51,8,3,0,0,0,0,0,3,1,1,2017,1343F0228,426230.0,433076.0,-1.603309,53.793356,13,3,2,1,15/03/2017,4,08:00,204,E08000035,E08000035,6,0,6,30.0,3,4,4,6154,0,0,1,1,1,0,0,1,1,2,E01011729
11631,20171343F1519,2017,1343F1519,1,1,1,2,31,6,3,0,0,0,0,0,9,3,7,2017,1343F1519,425190.0,438930.0,-1.61862,53.846021,13,3,3,1,15/03/2017,4,19:00,204,E08000035,E08000035,6,0,6,20.0,0,-1,-1,-1,0,0,4,1,1,0,0,1,1,2,E01032502
11632,20171343F1625,2017,1343F1625,1,1,3,1,27,6,3,5,1,0,0,0,0,1,1,2017,1343F1625,431311.0,433679.0,-1.526121,53.798495,13,3,1,1,15/03/2017,4,19:50,204,E08000035,E08000035,3,64,3,40.0,0,-1,-1,-1,0,0,4,1,1,0,0,1,1,2,E01011338
11633,20171343G1116,2017,1343G1116,2,1,1,2,36,7,3,0,0,0,0,0,9,-1,-1,2017,1343G1116,430001.0,428088.0,-1.54655,53.748322,13,3,2,1,16/03/2017,5,16:10,204,E08000035,E08000035,6,0,6,30.0,0,-1,-1,-1,0,0,1,1,1,0,0,1,1,2,E01011494
11634,20171343G1340,2017,1343G1340,1,1,1,1,40,7,3,0,0,0,0,0,1,1,8,2017,1343G1340,429712.0,437762.0,-1.550005,53.835286,13,3,2,1,16/03/2017,5,08:20,204,E08000035,E08000035,6,0,6,30.0,3,4,6,0,1,0,1,1,1,0,0,1,2,2,E01011505
11635,20171343G1403,2017,1343G1403,1,1,3,1,16,4,2,4,3,0,0,0,0,1,1,2017,1343G1403,428321.0,429560.0,-1.571891,53.761646,13,2,1,1,16/03/2017,5,18:15,204,E08000035,E08000035,3,653,3,40.0,0,-1,-1,-1,2,4,4,2,2,0,0,1,1,2,E01011531
11636,20171343G1455,2017,1343G1455,2,1,1,1,21,5,3,0,0,0,0,0,1,1,3,2017,1343G1455,427933.0,435714.0,-1.577221,53.816977,13,3,2,1,16/03/2017,5,17:45,204,E08000035,E08000035,6,0,6,30.0,3,4,6,0,0,4,7,5,2,0,0,1,2,2,E01011441
11637,20171343G1841,2017,1343G1841,1,1,1,1,48,8,3,0,0,0,0,0,1,1,7,2017,1343G1841,428594.0,434562.0,-1.567288,53.806587,13,3,2,1,16/03/2017,5,23:00,204,E08000035,E08000035,6,0,6,30.0,0,-1,-1,-1,0,0,4,1,1,0,0,1,1,2,E01011681
11638,20171343H0038,2017,1343H0038,2,1,1,1,36,7,3,0,0,0,0,0,9,1,6,2017,1343H0038,423842.0,434259.0,-1.639469,53.804102,13,3,2,1,17/03/2017,6,00:37,204,E08000035,E08000035,6,0,1,30.0,1,4,3,647,0,0,7,1,1,0,0,1,1,2,E01011608
11639,20171343H0348,2017,1343H0348,2,1,1,1,39,7,3,0,0,0,0,0,9,1,4,2017,1343H0348,420500.0,433957.0,-1.690233,53.801529,13,3,2,1,15/03/2017,4,14:40,204,E08000035,E08000035,4,6154,6,30.0,3,4,6,0,0,0,1,1,1,0,0,1,2,2,E01011597
11640,20171343H0711,2017,1343H0711,2,1,1,2,44,7,3,0,0,0,0,0,9,1,6,2017,1343H0711,421497.0,434608.0,-1.67505,53.80734,13,3,2,1,17/03/2017,6,12:10,204,E08000035,E08000035,4,6156,6,30.0,3,4,6,0,0,0,1,1,2,0,0,1,2,2,E01011587
11641,20171343H0862,2017,1343H0862,2,1,1,2,30,6,3,0,0,0,0,0,9,-1,-1,2017,1343H0862,428716.0,433218.0,-1.56556,53.794501,13,3,2,1,17/03/2017,6,13:50,204,E08000035,E08000035,3,58,3,40.0,0,-1,-1,-1,0,0,1,1,1,0,0,1,1,2,E01011363
11642,20171343H1212,2017,1343H1212,2,1,2,1,46,8,3,0,0,1,0,0,9,1,1,2017,1343H1212,419486.0,445015.0,-1.70493,53.900954,13,3,2,1,17/03/2017,6,16:40,204,E08000035,E08000035,3,660,1,40.0,1,4,3,659,0,0,1,1,2,0,0,1,1,2,E01011571
11643,20171343H1389,2017,1343H1389,2,1,1,1,43,7,3,0,0,0,0,0,9,1,2,2017,1343H1389,428492.0,431580.0,-1.569111,53.779792,13,3,2,1,17/03/2017,6,18:15,204,E08000035,E08000035,3,643,1,40.0,1,2,1,621,0,0,4,2,2,0,0,1,1,2,E01011366
11644,20171343H1539,2017,1343H1539,2,1,1,1,27,6,3,0,0,0,0,0,1,-1,-1,2017,1343H1539,431896.0,434915.0,-1.517113,53.809569,13,3,2,1,17/03/2017,6,19:30,204,E08000035,E08000035,6,0,6,30.0,6,4,6,0,0,0,4,1,2,0,0,1,1,2,E01011677
11645,20171343H1717,2017,1343H1717,2,1,1,1,20,4,3,0,0,0,0,0,1,-1,-1,2017,1343H1717,421103.0,434543.0,-1.681038,53.806772,13,3,2,1,27/03/2017,2,18:25,204,E08000035,E08000035,6,0,6,30.0,3,4,6,0,0,0,7,1,1,0,0,1,2,2,E01011599
11646,20171343I1929,2017,1343I1929,1,1,3,1,21,5,3,5,1,0,0,0,0,2,3,2017,1343I1929,430869.0,433352.0,-1.532864,53.795583,13,3,1,1,18/03/2017,7,22:45,204,E08000035,E08000035,3,61,3,30.0,6,2,6,0,2,5,4,1,2,0,0,1,1,2,E01033033
11647,20171343J0576,2017,1343J0576,1,1,2,2,29,6,3,0,0,1,0,0,9,1,9,2017,1343J0576,424817.0,425559.0,-1.62536,53.725862,13,3,2,1,19/03/2017,1,10:00,204,E08000035,E08000035,4,6123,6,40.0,0,-1,-1,-1,0,0,1,8,2,0,0,1,2,2,E01011534
11648,20171343J0732,2017,1343J0732,1,1,2,2,27,6,3,0,0,1,0,0,9,1,4,2017,1343J0732,436005.0,428266.0,-1.45549,53.749544,13,3,2,1,19/03/2017,1,12:40,204,E08000035,E08000035,3,642,6,30.0,3,4,3,639,0,0,1,1,1,0,0,1,1,2,E01011635
11649,20171343J0844,2017,1343J0844,1,1,3,2,43,7,3,6,9,0,0,0,0,1,9,2017,1343J0844,426370.0,428469.0,-1.601576,53.751942,13,3,1,1,19/03/2017,1,13:55,204,E08000035,E08000035,6,0,2,30.0,3,4,3,643,0,0,1,1,2,4,0,1,2,2,E01011525
11650,20171343J1516,2017,1343J1516,1,1,2,1,31,6,3,0,0,2,0,0,9,1,1,2017,1343J1516,431164.0,435810.0,-1.528138,53.817657,13,3,3,2,19/03/2017,1,19:46,204,E08000035,E08000035,6,0,6,30.0,0,-1,-1,-1,0,0,7,1,1,0,0,1,1,2,E01011359
11651,20171343J1516,2017,1343J1516,1,2,2,1,19,4,3,0,0,1,0,0,9,1,1,2017,1343J1516,431164.0,435810.0,-1.528138,53.817657,13,3,3,2,19/03/2017,1,19:46,204,E08000035,E08000035,6,0,6,30.0,0,-1,-1,-1,0,0,7,1,1,0,0,1,1,2,E01011359
11652,20171343K0921,2017,1343K0921,2,1,1,1,36,7,3,0,0,0,0,0,9,1,4,2017,1343K0921,430032.0,432530.0,-1.54565,53.788244,13,3,2,1,20/03/2017,2,12:30,204,E08000035,E08000035,3,653,3,30.0,1,2,3,653,0,5,1,1,1,0,0,1,2,2,E01033016
11653,20171343L0323,2017,1343L0323,2,1,1,1,33,6,2,0,0,0,0,0,1,1,9,2017,1343L0323,430901.0,435528.0,-1.532161,53.815138,13,2,2,1,21/03/2017,3,08:45,204,E08000035,E08000035,6,0,6,30.0,3,4,6,0,0,0,1,1,2,0,0,1,1,2,E01011361
11654,20171343L0335,2017,1343L0335,1,1,1,1,23,5,3,0,0,0,0,0,9,3,10,2017,1343L0335,431766.0,435529.0,-1.519024,53.815095,13,3,2,1,21/03/2017,3,08:50,204,E08000035,E08000035,3,58,6,30.0,0,-1,-1,-1,0,0,1,2,2,0,0,1,2,2,E01011429
11655,20171343L0347,2017,1343L0347,1,1,1,2,30,6,3,0,0,0,0,0,9,3,8,2017,1343L0347,423625.0,443388.0,-1.642065,53.88616,13,3,1,1,21/03/2017,3,09:00,204,E08000035,E08000035,6,0,6,30.0,3,4,6,0,0,0,1,2,4,0,0,2,1,2,E01032503
11656,20171343L0448,2017,1343L0448,1,1,1,1,10,2,3,0,0,0,0,0,1,-1,-1,2017,1343L0448,432712.0,436886.0,-1.504513,53.827233,13,3,3,1,21/03/2017,3,07:55,204,E08000035,E08000035,6,0,6,30.0,6,2,6,0,0,5,1,6,2,0,0,1,2,2,E01011643
11657,20171343L0454,2017,1343L0454,2,1,1,1,16,4,3,0,0,0,0,0,2,3,7,2017,1343L0454,441756.0,427852.0,-1.36834,53.745396,13,3,2,1,21/03/2017,3,09:55,204,E08000035,E08000035,6,0,6,30.0,3,4,6,0,0,0,1,1,2,0,0,1,1,2,E01011307
11658,20171343L1206,2017,1343L1206,2,1,1,1,27,6,3,0,0,0,0,0,9,1,6,2017,1343L1206,421931.0,432530.0,-1.668607,53.788646,13,3,2,1,21/03/2017,3,16:45,204,E08000035,E08000035,6,0,6,30.0,9,4,6,0,0,0,1,1,1,4,0,1,1,2,E01011603
11659,20171343L1218,2017,1343L1218,1,1,1,2,54,8,3,0,0,0,0,0,9,1,4,2017,1343L1218,432513.0,438027.0,-1.507417,53.8375,13,3,3,1,21/03/2017,3,16:52,204,E08000035,E08000035,6,0,6,20.0,6,4,6,0,0,0,1,4,1,0,0,2,2,2,E01011655
11660,20171343L1514,2017,1343L1514,1,1,1,1,26,6,3,0,0,0,0,0,5,1,3,2017,1343L1514,439215.0,432248.0,-1.406311,53.785101,13,3,2,1,21/03/2017,3,16:50,204,E08000035,E08000035,3,642,6,60.0,0,-1,-1,-1,0,0,1,1,1,0,0,2,2,2,E01011402
11661,20171343L1560,2017,1343L1560,1,1,3,1,16,4,2,5,3,0,0,0,0,1,3,2017,1343L1560,430538.0,433299.0,-1.537894,53.795126,13,2,1,1,21/03/2017,3,19:35,204,E08000035,E08000035,6,0,2,30.0,0,-1,-1,-1,0,0,4,1,1,0,0,1,1,2,E01033011
11662,20171343L1587,2017,1343L1587,1,1,3,1,26,6,3,5,3,0,0,0,0,1,1,2017,1343L1587,429610.0,433964.0,-1.551918,53.801156,13,3,1,1,21/03/2017,3,18:30,204,E08000035,E08000035,6,0,6,30.0,0,-1,-1,-1,0,0,7,1,1,0,0,1,2,2,E01033008
11663,20171343M0555,2017,1343M0555,1,1,1,2,28,6,3,0,0,0,0,0,9,1,1,2017,1343M0555,436043.0,435761.0,-1.454041,53.816903,13,3,2,1,22/03/2017,4,11:15,204,E08000035,E08000035,3,6120,7,70.0,5,4,6,0,0,0,1,2,2,0,0,1,1,2,E01011665
11664,20171343M0582,2017,1343M0582,1,1,1,1,27,6,3,0,0,0,0,0,9,1,3,2017,1343M0582,433631.0,425850.0,-1.49175,53.727987,13,3,1,1,22/03/2017,4,11:30,204,E08000035,E08000035,1,62,3,70.0,0,-1,-1,-1,0,0,1,2,2,0,0,2,1,1,E01011500
11665,20171343M0763,2017,1343M0763,2,1,2,2,39,7,3,0,0,1,0,0,9,1,1,2017,1343M0763,433167.0,435237.0,-1.497777,53.812384,13,3,2,1,22/03/2017,4,13:22,204,E08000035,E08000035,6,0,6,30.0,6,4,6,0,0,0,1,5,2,0,0,1,1,2,E01011339
11666,20171343M0808,2017,1343M0808,1,1,3,2,35,6,3,5,1,0,0,0,0,1,1,2017,1343M0808,430062.0,433712.0,-1.54508,53.798865,13,3,1,1,22/03/2017,4,13:45,204,E08000035,E08000035,6,0,2,30.0,0,-1,-1,-1,0,0,1,2,2,0,0,1,1,2,E01033010
11667,20171343M1120,2017,1343M1120,1,1,2,2,64,9,3,0,0,0,3,0,11,1,1,2017,1343M1120,429861.0,433786.0,-1.548125,53.799542,13,3,1,1,22/03/2017,4,15:00,204,E08000035,E08000035,6,0,6,30.0,0,-1,-1,-1,0,0,1,1,1,0,0,1,2,2,E01033008
11668,20171343M1325,2017,1343M1325,1,1,2,2,22,5,3,0,0,0,3,0,11,-1,-1,2017,1343M1325,428576.0,434227.0,-1.567592,53.803578,13,3,1,2,22/03/2017,4,16:34,204,E08000035,E08000035,6,0,6,30.0,0,-1,-1,-1,0,0,1,1,1,0,0,1,1,2,E01011681
11669,20171343M1325,2017,1343M1325,1,2,2,2,22,5,3,0,0,0,3,0,11,1,2,2017,1343M1325,428576.0,434227.0,-1.567592,53.803578,13,3,1,2,22/03/2017,4,16:34,204,E08000035,E08000035,6,0,6,30.0,0,-1,-1,-1,0,0,1,1,1,0,0,1,1,2,E01011681
11670,20171343M1412,2017,1343M1412,1,1,3,2,23,5,3,1,3,0,0,0,0,1,4,2017,1343M1412,428963.0,435464.0,-1.561601,53.814674,13,3,1,1,22/03/2017,4,19:10,204,E08000035,E08000035,3,660,3,30.0,6,2,6,0,0,4,4,2,2,0,0,1,1,2,E01033005
11671,20171343M1418,2017,1343M1418,1,1,2,1,47,8,3,0,0,1,0,0,9,1,5,2017,1343M1418,430891.0,436425.0,-1.532224,53.823201,13,3,2,3,22/03/2017,4,19:18,204,E08000035,E08000035,6,0,6,30.0,0,-1,-1,-1,0,4,4,2,2,0,0,1,1,2,E01011356
11672,20171343M1418,2017,1343M1418,2,2,2,2,12,3,3,0,0,2,0,0,9,1,9,2017,1343M1418,430891.0,436425.0,-1.532224,53.823201,13,3,2,3,22/03/2017,4,19:18,204,E08000035,E08000035,6,0,6,30.0,0,-1,-1,-1,0,4,4,2,2,0,0,1,1,2,E01011356
11673,20171343M1418,2017,1343M1418,2,3,2,2,9,2,3,0,0,2,0,0,9,1,9,2017,1343M1418,430891.0,436425.0,-1.532224,53.823201,13,3,2,3,22/03/2017,4,19:18,204,E08000035,E08000035,6,0,6,30.0,0,-1,-1,-1,0,4,4,2,2,0,0,1,1,2,E01011356