,accident_index,accident_year_x,accident_reference_x,vehicle_reference,casualty_reference,casualty_class,sex_of_casualty,age_of_casualty,age_band_of_casualty,casualty_severity,pedestrian_location,pedestrian_movement,car_passenger,bus_or_coach_passenger,pedestrian_road_maintenance_worker,casualty_type,casualty_home_area_type,casualty_imd_decile,accident_year_y,accident_reference_y,location_easting_osgr,location_northing_osgr,longitude,latitude,police_force,accident_severity,number_of_vehicles,number_of_casualties,date,day_of_week,time,local_authority_district,local_authority_ons_district,local_authority_highway,first_road_class,first_road_number,road_type,speed_limit,junction_detail,junction_control,second_road_class,second_road_number,pedestrian_crossing_human_control,pedestrian_crossing_physical_facilities,light_conditions,weather_conditions,road_surface_conditions,special_conditions_at_site,carriageway_hazards,urban_or_rural_area,did_police_officer_attend_scene_of_accident,trunk_road_flag,lsoa_of_accident_location
11761,2017134480533,2017,134480533,1,1,1,1,53,8,3,0,0,0,0,0,9,1,8,2017,134480533,436337.0,428343.0,-1.450446,53.750213,13,3,3,2,08/04/2017,7,10:50,204,E08000035,E08000035,3,642,6,30.0,0,-1,-1,-1,0,0,1,1,1,0,0,1,1,2,E01011635
11762,2017134480533,2017,134480533,3,2,1,2,25,5,3,0,0,0,0,0,9,1,8,2017,134480533,436337.0,428343.0,-1.450446,53.750213,13,3,3,2,08/04/2017,7,10:50,204,E08000035,E08000035,3,642,6,30.0,0,-1,-1,-1,0,0,1,1,1,0,0,1,1,2,E01011635
11763,2017134480548,2017,134480548,2,1,1,1,36,7,2,0,0,0,0,0,1,1,6,2017,134480548,443325.0,435482.0,-1.343483,53.813842,13,2,2,1,08/04/2017,7,11:45,204,E08000035,E08000035,4,1217,6,40.0,6,4,6,0,0,0,1,1,1,0,0,2,1,2,E01011297
11764,2017134480553,2017,134480553,2,1,2,2,9,2,3,0,0,2,0,0,9,1,2,2017,134480553,426793.0,438031.0,-1.594335,53.837861,13,3,2,1,08/04/2017,7,10:35,204,E08000035,E08000035,3,6120,1,40.0,1,4,3,660,0,0,1,1,1,0,0,1,1,2,E01011687
11765,2017134480626,2017,134480626,2,1,2,2,6,2,3,0,0,2,0,0,9,1,1,2017,134480626,430045.0,431015.0,-1.5456,53.774627,13,3,2,1,08/04/2017,7,11:20,204,E08000035,E08000035,6,0,2,30.0,0,-1,-1,-1,0,0,1,1,1,0,0,1,1,2,E01011312
11766,2017134480804,2017,134480804,2,2,1,1,38,7,3,0,0,0,0,0,9,3,9,2017,134480804,434202.0,436976.0,-1.481868,53.827947,13,3,6,3,08/04/2017,7,13:20,204,E08000035,E08000035,6,0,3,40.0,3,2,3,58,0,0,1,1,1,0,0,2,1,2,E01011658
11767,2017134480804,2017,134480804,3,1,1,2,70,10,3,0,0,0,0,0,9,1,1,2017,134480804,434202.0,436976.0,-1.481868,53.827947,13,3,6,3,08/04/2017,7,13:20,204,E08000035,E08000035,6,0,3,40.0,3,2,3,58,0,0,1,1,1,0,0,2,1,2,E01011658
11768,2017134480804,2017,134480804,4,3,2,2,51,8,3,0,0,1,0,0,9,1,1,2017,134480804,434202.0,436976.0,-1.481868,53.827947,13,3,6,3,08/04/2017,7,13:20,204,E08000035,E08000035,6,0,3,40.0,3,2,3,58,0,0,1,1,1,0,0,2,1,2,E01011658
11769,2017134480930,2017,134480930,2,1,1,1,26,6,3,0,0,0,0,0,1,1,1,2017,134480930,430435.0,434369.0,-1.539353,53.804749,13,3,2,1,08/04/2017,7,14:03,204,E08000035,E08000035,6,0,6,30.0,0,-1,-1,-1,0,0,1,1,1,0,0,1,1,2,E01033002
11770,2017134480978,2017,134480978,1,1,2,2,35,6,3,0,0,0,4,0,11,1,5,2017,134480978,431171.0,433693.0,-1.528245,53.79863,13,3,1,1,08/04/2017,7,13:00,204,E08000035,E08000035,6,0,2,30.0,6,2,3,64,0,5,1,1,1,0,0,1,2,2,E01033011
11771,2017134481180,2017,134481180,1,1,3,1,9,2,2,5,1,0,0,0,0,-1,-1,2017,134481180,430894.0,438025.0,-1.532018,53.837581,13,2,1,1,08/04/2017,7,16:00,204,E08000035,E08000035,6,0,6,30.0,0,-1,-1,-1,0,0,1,1,1,0,0,1,1,2,E01011516
11772,2017134481305,2017,134481305,1,1,1,1,18,4,3,0,0,0,0,0,9,1,6,2017,134481305,429768.0,430612.0,-1.549841,53.771021,13,3,2,2,08/04/2017,7,17:00,204,E08000035,E08000035,3,653,3,40.0,0,-1,-1,-1,0,0,7,1,1,0,0,1,2,2,E01011316
11773,2017134481305,2017,134481305,1,2,2,2,18,4,3,0,0,1,0,0,9,1,1,2017,134481305,429768.0,430612.0,-1.549841,53.771021,13,3,2,2,08/04/2017,7,17:00,204,E08000035,E08000035,3,653,3,40.0,0,-1,-1,-1,0,0,7,1,1,0,0,1,2,2,E01011316
11774,2017134481877,2017,134481877,2,1,1,1,56,9,3,0,0,0,0,0,1,1,10,2017,134481877,426855.0,438037.0,-1.593392,53.837912,13,3,2,1,08/04/2017,7,21:45,204,E08000035,E08000035,3,6120,3,40.0,1,4,3,660,0,0,4,1,1,0,0,1,1,2,E01011685
11775,2017134482022,2017,134482022,1,1,3,2,45,7,3,1,3,0,0,0,0,1,9,2017,134482022,420828.0,439687.0,-1.684867,53.853016,13,3,1,1,08/04/2017,7,22:53,204,E08000035,E08000035,3,65,6,30.0,7,2,4,6152,0,5,4,1,1,0,0,1,1,2,E01011580
11776,2017134482099,2017,134482099,1,1,1,2,19,4,3,0,0,0,0,0,9,1,5,2017,134482099,424993.0,432898.0,-1.622101,53.791816,13,3,2,1,08/04/2017,7,23:25,204,E08000035,E08000035,6,0,6,30.0,6,2,6,0,0,5,4,1,1,0,0,1,1,2,E01011727
11777,2017134490499,2017,134490499,1,1,1,2,38,7,3,0,0,0,0,0,9,1,1,2017,134490499,431440.0,432720.0,-1.52426,53.789869,13,3,2,2,09/04/2017,1,09:05,204,E08000035,E08000035,3,63,3,40.0,6,2,6,0,0,0,1,1,1,0,0,1,1,2,E01011626
11778,2017134490499,2017,134490499,2,2,1,1,57,9,3,0,0,0,0,0,9,1,9,2017,134490499,431440.0,432720.0,-1.52426,53.789869,13,3,2,2,09/04/2017,1,09:05,204,E08000035,E08000035,3,63,3,40.0,6,2,6,0,0,0,1,1,1,0,0,1,1,2,E01011626
11779,2017134490697,2017,134490697,1,1,1,1,21,5,3,0,0,0,0,0,3,1,1,2017,134490697,432701.0,434818.0,-1.504898,53.808647,13,3,1,1,09/04/2017,1,12:15,204,E08000035,E08000035,6,0,6,30.0,9,4,6,0,0,0,1,1,1,0,0,1,1,2,E01011344
11780,2017134491291,2017,134491291,1,1,1,2,19,4,3,0,0,0,0,0,9,-1,-1,2017,134491291,442764.0,429691.0,-1.352803,53.761842,13,3,2,5,09/04/2017,1,16:15,204,E08000035,E08000035,3,656,6,50.0,6,2,4,6137,0,0,1,1,1,0,0,2,1,2,E01011303
11781,2017134491291,2017,134491291,2,2,1,2,44,7,3,0,0,0,0,0,9,-1,-1,2017,134491291,442764.0,429691.0,-1.352803,53.761842,13,3,2,5,09/04/2017,1,16:15,204,E08000035,E08000035,3,656,6,50.0,6,2,4,6137,0,0,1,1,1,0,0,2,1,2,E01011303
11782,2017134491291,2017,134491291,2,3,2,2,6,2,3,0,0,2,0,0,9,-1,-1,2017,134491291,442764.0,429691.0,-1.352803,53.761842,13,3,2,5,09/04/2017,1,16:15,204,E08000035,E08000035,3,656,6,50.0,6,2,4,6137,0,0,1,1,1,0,0,2,1,2,E01011303
11783,2017134491291,2017,134491291,2,4,2,1,9,2,3,0,0,2,0,0,9,-1,-1,2017,134491291,442764.0,429691.0,-1.352803,53.761842,13,3,2,5,09/04/2017,1,16:15,204,E08000035,E08000035,3,656,6,50.0,6,2,4,6137,0,0,1,1,1,0,0,2,1,2,E01011303
11784,2017134491291,2017,134491291,2,5,2,1,49,8,3,0,0,1,0,0,9,-1,-1,2017,134491291,442764.0,429691.0,-1.352803,53.761842,13,3,2,5,09/04/2017,1,16:15,204,E08000035,E08000035,3,656,6,50.0,6,2,4,6137,0,0,1,1,1,0,0,2,1,2,E01011303
11785,2017134491305,2017,134491305,1,1,3,2,6,2,3,5,3,0,0,0,0,1,1,2017,134491305,433452.0,433781.0,-1.493606,53.799279,13,3,1,1,09/04/2017,1,16:21,204,E08000035,E08000035,6,0,6,30.0,0,-1,-1,-1,0,0,1,1,1,0,0,1,1,2,E01011617
11786,2017134491463,2017,134491463,1,1,1,1,57,9,2,0,0,0,0,0,3,1,1,2017,134491463,430449.0,431606.0,-1.539412,53.779915,13,2,1,1,09/04/2017,1,17:24,204,E08000035,E08000035,1,621,7,70.0,5,4,3,61,0,0,7,1,1,0,0,1,1,1,E01011371
11787,20171344A0689,2017,1344A0689,2,1,1,1,54,8,3,0,0,0,0,0,9,1,6,2017,1344A0689,425215.0,437867.0,-1.618326,53.836466,13,3,3,1,10/04/2017,2,12:55,204,E08000035,E08000035,3,6120,6,40.0,3,4,6,0,0,0,1,1,1,0,0,1,1,2,E01011464
11788,20171344B0233,2017,1344B0233,1,1,1,1,32,6,3,0,0,0,0,0,9,1,2,2017,1344B0233,435560.0,431300.0,-1.461889,53.776842,13,3,1,1,11/04/2017,3,06:50,204,E08000035,E08000035,1,1,3,50.0,0,-1,-1,-1,0,0,7,1,1,4,0,2,1,1,E01011420
11789,20171344B0554,2017,1344B0554,1,1,1,1,74,10,3,0,0,0,0,0,5,1,5,2017,1344B0554,424127.0,428194.0,-1.635613,53.749578,13,3,2,1,11/04/2017,3,11:00,204,E08000035,E08000035,3,650,1,30.0,1,2,3,650,0,0,1,1,1,0,0,1,1,1,E01011523
11790,20171344B0939,2017,1344B0939,1,1,1,1,57,9,3,0,0,0,0,0,9,1,1,2017,1344B0939,428492.0,433117.0,-1.56897,53.793606,13,3,3,1,11/04/2017,3,14:45,204,E08000035,E08000035,3,58,1,30.0,1,2,3,647,0,0,1,1,1,0,0,1,1,2,E01011363
11791,20171344B1065,2017,1344B1065,1,1,3,1,70,10,3,5,1,0,0,0,0,1,1,2017,1344B1065,430003.0,438656.0,-1.545496,53.843304,13,3,1,1,11/04/2017,3,15:36,204,E08000035,E08000035,4,6157,1,30.0,1,4,6,0,0,0,1,1,1,0,0,1,1,2,E01011510
11792,20171344B1108,2017,1344B1108,1,1,3,1,6,2,3,5,4,0,0,0,0,1,4,2017,1344B1108,429156.0,430757.0,-1.559113,53.772358,13,3,1,1,11/04/2017,3,15:50,204,E08000035,E08000035,6,0,6,30.0,0,-1,-1,-1,0,0,1,1,1,0,0,1,1,2,E01011314
11793,20171344B1435,2017,1344B1435,2,1,1,1,30,6,3,0,0,0,0,0,9,1,2,2017,1344B1435,432434.0,426187.0,-1.509856,53.731092,13,3,2,1,11/04/2017,3,18:17,204,E08000035,E08000035,1,62,1,70.0,1,4,1,1,0,0,7,1,1,0,0,2,1,1,E01011499
11794,20171344C0286,2017,1344C0286,2,1,1,2,70,10,3,0,0,0,0,0,9,3,9,2017,1344C0286,436506.0,441867.0,-1.446287,53.871748,13,3,2,1,12/04/2017,4,08:51,204,E08000035,E08000035,6,0,6,30.0,3,4,6,0,0,0,1,1,1,0,0,2,1,2,E01011310
11795,20171344C1082,2017,1344C1082,1,1,2,1,9,2,3,0,0,1,0,0,9,1,10,2017,1344C1082,427322.0,439260.0,-1.586188,53.848879,13,3,2,2,12/04/2017,4,16:20,204,E08000035,E08000035,6,0,6,30.0,0,-1,-1,-1,0,0,1,1,1,0,0,1,1,2,E01011386
11796,20171344C1082,2017,1344C1082,2,2,2,2,70,10,3,0,0,1,0,0,9,1,10,2017,1344C1082,427322.0,439260.0,-1.586188,53.848879,13,3,2,2,12/04/2017,4,16:20,204,E08000035,E08000035,6,0,6,30.0,0,-1,-1,-1,0,0,1,1,1,0,0,1,1,2,E01011386
11797,20171344C1168,2017,1344C1168,3,1,1,1,39,7,3,0,0,0,0,0,9,1,3,2017,1344C1168,419900.0,434092.0,-1.699334,53.802766,13,3,4,1,12/04/2017,4,17:00,204,E08000035,E08000035,3,647,3,40.0,0,-1,-1,-1,0,0,7,1,1,0,0,1,1,2,E01011597
11798,20171344D0633,2017,1344D0633,1,1,2,2,41,7,3,0,0,1,0,0,8,1,1,2017,1344D0633,433999.0,435142.0,-1.485153,53.811476,13,3,2,1,04/07/2017,3,12:29,204,E08000035,E08000035,6,0,6,30.0,3,4,6,0,0,0,1,1,1,0,0,1,1,2,E01011339
11799,20171344D0967,2017,1344D0967,2,1,2,2,7,2,3,0,0,1,0,0,9,1,7,2017,1344D0967,427763.0,431683.0,-1.580164,53.780757,13,3,2,1,14/04/2017,6,15:00,204,E08000035,E08000035,3,62,6,30.0,3,4,6,0,0,0,1,1,1,0,0,1,1,2,E01011362
11800,20171344D1027,2017,1344D1027,2,1,2,2,21,5,3,0,0,0,4,0,11,1,3,2017,1344D1027,431141.0,433617.0,-1.528709,53.797948,13,3,2,1,13/04/2017,5,15:36,204,E08000035,E08000035,3,653,6,30.0,0,-1,-1,-1,0,0,1,1,1,0,0,1,1,2,E01033011
11801,20171344D1486,2017,1344D1486,2,1,1,1,25,5,3,0,0,0,0,0,9,1,8,2017,1344D1486,428666.0,425374.0,-1.567044,53.724004,13,3,2,1,13/04/2017,5,19:00,204,E08000035,E08000035,6,0,6,30.0,3,4,6,0,0,0,7,1,1,0,0,1,2,2,E01011536
11802,20171344E0562,2017,1344E0562,1,1,3,1,15,3,2,6,7,0,0,0,0,1,1,2017,1344E0562,425632.0,438730.0,-1.611919,53.844202,13,2,1,1,14/04/2017,6,11:02,204,E08000035,E08000035,6,0,6,30.0,0,-1,-1,-1,0,0,1,1,1,0,0,1,1,2,E01011388
11803,20171344E1402,2017,1344E1402,1,1,3,1,54,8,3,5,1,0,0,0,0,1,1,2017,1344E1402,432605.0,433922.0,-1.50645,53.8006,13,3,1,1,14/04/2017,6,18:30,204,E08000035,E08000035,6,0,6,30.0,0,-1,-1,-1,0,0,7,1,1,0,0,1,1,2,E01011348
11804,20171344E1732,2017,1344E1732,1,1,1,1,26,6,3,0,0,0,0,0,9,1,3,2017,1344E1732,426569.0,427289.0,-1.59866,53.741326,13,3,2,2,14/04/2017,6,21:20,204,E08000035,E08000035,6,0,2,30.0,9,4,6,0,0,0,4,1,2,0,0,1,1,2,E01011541
11805,20171344E1732,2017,1344E1732,2,2,1,1,60,9,3,0,0,0,0,0,9,1,3,2017,1344E1732,426569.0,427289.0,-1.59866,53.741326,13,3,2,2,14/04/2017,6,21:20,204,E08000035,E08000035,6,0,2,30.0,9,4,6,0,0,0,4,1,2,0,0,1,1,2,E01011541
11806,20171344E1962,2017,1344E1962,2,1,1,1,24,5,3,0,0,0,0,0,1,-1,-1,2017,1344E1962,430083.0,431222.0,-1.545003,53.776485,13,3,2,1,14/04/2017,6,23:42,204,E08000035,E08000035,6,0,6,30.0,0,-1,-1,-1,0,0,4,2,2,0,0,1,1,2,E01011371
11807,20171344E1965,2017,1344E1965,1,1,2,1,12,3,3,0,0,1,0,0,9,1,1,2017,1344E1965,429832.0,438889.0,-1.548073,53.845408,13,3,1,1,14/04/2017,6,23:43,204,E08000035,E08000035,3,6120,1,40.0,1,4,6,0,0,0,4,1,1,0,0,1,1,2,E01011510
11808,20171344F0815,2017,1344F0815,2,1,1,2,49,8,3,0,0,0,0,0,9,1,2,2017,1344F0815,430680.0,434569.0,-1.535613,53.806532,13,3,2,1,15/04/2017,7,13:13,204,E08000035,E08000035,6,0,6,30.0,3,2,6,0,0,0,1,1,1,0,0,1,2,2,E01033003
11809,20171344F1131,2017,1344F1131,1,1,3,2,45,7,3,6,9,0,0,0,0,-1,-1,2017,1344F1131,430275.0,433407.0,-1.541876,53.796112,13,3,1,1,15/04/2017,7,16:00,204,E08000035,E08000035,6,0,3,30.0,0,-1,-1,-1,0,4,1,1,1,0,0,1,1,2,E01033010
11810,20171344F1186,2017,1344F1186,2,1,2,2,56,9,3,0,0,1,0,0,9,1,10,2017,1344F1186,427156.0,437353.0,-1.588878,53.831749,13,3,3,1,15/04/2017,7,16:25,204,E08000035,E08000035,3,660,6,30.0,0,-1,-1,-1,0,0,1,1,1,0,0,1,1,2,E01011690
11811,20171344F1750,2017,1344F1750,2,1,1,2,26,6,3,0,0,0,0,0,9,1,8,2017,1344F1750,433446.0,434059.0,-1.493667,53.801778,13,3,2,1,15/04/2017,7,21:45,204,E08000035,E08000035,3,64,3,40.0,3,2,6,0,0,5,4,1,1,0,0,1,1,2,E01011346
11812,20171344G0906,2017,1344G0906,1,1,1,1,24,5,3,0,0,0,0,0,9,1,1,2017,1344G0906,430788.0,434777.0,-1.533952,53.808395,13,3,2,1,16/04/2017,1,14:54,204,E08000035,E08000035,6,0,6,30.0,3,4,6,0,0,0,1,1,1,0,0,1,1,2,E01011671
11813,20171344G0984,2017,1344G0984,2,1,2,1,20,4,3,0,0,2,0,0,9,1,10,2017,1344G0984,423362.0,437649.0,-1.646501,53.834592,13,3,2,1,16/04/2017,1,15:45,204,E08000035,E08000035,3,6120,6,40.0,8,4,6,0,0,5,1,1,1,0,0,1,1,2,E01011465
11814,20171344G1394,2017,1344G1394,1,1,2,2,47,8,3,0,0,0,4,0,11,-1,-1,2017,1344G1394,435718.0,435739.0,-1.45898,53.816727,13,3,1,1,16/04/2017,1,18:16,204,E08000035,E08000035,6,0,6,30.0,0,-1,-1,-1,0,0,7,1,1,0,0,1,2,2,E01011663
11815,20171344G1407,2017,1344G1407,1,1,1,1,20,4,3,0,0,0,0,0,9,1,7,2017,1344G1407,420994.0,435169.0,-1.68265,53.812403,13,3,1,1,16/04/2017,1,19:45,204,E08000035,E08000035,3,6120,3,60.0,0,-1,-1,-1,0,0,7,2,2,0,0,2,1,2,E01011595
11816,20171344G1512,2017,1344G1512,2,1,1,1,20,4,3,0,0,0,0,0,9,1,4,2017,1344G1512,430780.0,438592.0,-1.533694,53.842683,13,3,2,1,16/04/2017,1,20:47,204,E08000035,E08000035,6,0,6,30.0,6,2,6,0,0,0,7,1,1,0,0,1,1,2,E01011512
11817,20171344G1674,2017,1344G1674,1,1,2,2,36,7,3,0,0,1,0,0,9,-1,-1,2017,1344G1674,433532.0,425854.0,-1.49325,53.72803,13,3,1,1,16/04/2017,1,22:10,204,E08000035,E08000035,1,62,3,70.0,0,-1,-1,-1,0,0,4,2,2,0,0,2,1,1,E01011500
11818,20171344G1773,2017,1344G1773,1,1,2,2,15,3,3,0,0,2,0,0,9,-1,-1,2017,1344G1773,428692.0,433187.0,-1.565927,53.794224,13,3,2,2,16/04/2017,1,23:12,204,E08000035,E08000035,3,58,3,40.0,0,-1,-1,-1,0,0,4,1,2,0,0,1,1,2,E01011363
11819,20171344G1773,2017,1344G1773,1,2,2,2,43,7,3,0,0,1,0,0,9,-1,-1,2017,1344G1773,428692.0,433187.0,-1.565927,53.794224,13,3,2,2,16/04/2017,1,23:12,204,E08000035,E08000035,3,58,3,40.0,0,-1,-1,-1,0,0,4,1,2,0,0,1,1,2,E01011363
11820,20171344H0688,2017,1344H0688,2,1,2,2,26,6,3,0,0,1,0,0,9,-1,-1,2017,1344H0688,431236.0,434803.0,-1.527147,53.808602,13,3,2,1,18/04/2017,3,11:30,204,E08000035,E08000035,6,0,6,30.0,3,4,6,0,0,0,1,1,1,0,0,1,1,2,E01011673
11821,20171344H0721,2017,1344H0721,2,2,1,1,63,9,3,0,0,0,0,0,9,-1,-1,2017,1344H0721,428813.0,433303.0,-1.56408,53.79526,13,3,3,2,17/04/2017,2,13:00,204,E08000035,E08000035,3,58,3,40.0,0,-1,-1,-1,0,0,1,1,1,0,0,1,1,2,E01033013
11822,20171344H0721,2017,1344H0721,3,1,2,2,40,7,3,0,0,1,0,0,9,-1,-1,2017,1344H0721,428813.0,433303.0,-1.56408,53.79526,13,3,3,2,17/04/2017,2,13:00,204,E08000035,E08000035,3,58,3,40.0,0,-1,-1,-1,0,0,1,1,1,0,0,1,1,2,E01033013
11823,20171344I0488,2017,1344I0488,1,1,1,2,81,11,2,0,0,0,0,0,9,2,9,2017,1344I0488,418071.0,442615.0,-1.726605,53.879434,13,2,3,1,18/04/2017,3,10:40,204,E08000035,E08000035,3,65,6,30.0,0,-1,-1,-1,0,0,1,1,1,0,0,1,1,2,E01011280
11824,20171344I0678,2017,1344I0678,2,1,1,1,42,7,3,0,0,0,0,0,1,1,9,2017,1344I0678,427569.0,434540.0,-1.582853,53.806445,13,3,2,1,18/04/2017,3,07:50,204,E08000035,E08000035,3,65,6,30.0,3,4,6,0,0,0,1,1,1,0,0,1,2,2,E01011482
11825,20171344I1269,2017,1344I1269,4,1,1,2,49,8,3,0,0,0,0,0,9,-1,-1,2017,1344I1269,421666.0,436128.0,-1.672378,53.820995,13,3,5,1,18/04/2017,3,17:15,204,E08000035,E08000035,3,6120,3,60.0,0,-1,-1,-1,0,0,7,1,1,0,0,2,1,2,E01011588
11826,20171344I1596,2017,1344I1596,1,1,2,2,81,11,3,0,0,2,0,0,10,1,7,2017,1344I1596,433053.0,434095.0,-1.49963,53.802127,13,3,2,1,06/04/2017,5,10:15,204,E08000035,E08000035,4,6159,6,30.0,0,-1,-1,-1,0,0,1,1,1,0,0,1,2,2,E01011348
11827,20171344I1750,2017,1344I1750,1,1,1,2,24,5,3,0,0,0,0,0,9,1,4,2017,1344I1750,427301.0,433634.0,-1.587003,53.798316,13,3,2,2,18/04/2017,3,21:07,204,E08000035,E08000035,3,647,6,30.0,6,2,6,0,0,4,7,1,1,0,0,1,1,2,E01011293
11828,20171344I1750,2017,1344I1750,2,2,1,1,33,6,3,0,0,0,0,0,9,1,3,2017,1344I1750,427301.0,433634.0,-1.587003,53.798316,13,3,2,2,18/04/2017,3,21:07,204,E08000035,E08000035,3,647,6,30.0,6,2,6,0,0,4,7,1,1,0,0,1,1,2,E01011293
11829,20171344I1778,2017,1344I1778,2,1,1,1,19,4,3,0,0,0,0,0,3,-1,-1,2017,1344I1778,427944.0,430316.0,-1.577541,53.768461,13,3,2,1,18/04/2017,3,21:19,204,E08000035,E08000035,3,6110,3,40.0,1,4,6,0,0,0,4,1,1,0,0,1,1,2,E01011317
11830,20171344J0902,2017,1344J0902,1,1,1,1,77,11,3,0,0,0,0,0,9,1,10,2017,1344J0902,437020.0,433588.0,-1.439463,53.797304,13,3,2,1,19/04/2017,4,14:42,204,E08000035,E08000035,3,6120,3,40.0,0,-1,-1,-1,0,4,1,1,1,0,0,1,1,2,E01011411
11831,20171344J1161,2017,1344J1161,1,3,1,1,65,9,3,0,0,0,0,0,9,-1,-1,2017,1344J1161,426060.0,435592.0,-1.605677,53.815977,13,3,3,3,19/04/2017,4,16:40,204,E08000035,E08000035,4,6157,6,30.0,3,2,6,0,0,5,1,1,1,0,0,1,1,2,E01011477
11832,20171344J1161,2017,1344J1161,2,1,1,2,64,9,3,0,0,0,0,0,9,-1,-1,2017,1344J1161,426060.0,435592.0,-1.605677,53.815977,13,3,3,3,19/04/2017,4,16:40,204,E08000035,E08000035,4,6157,6,30.0,3,2,6,0,0,5,1,1,1,0,0,1,1,2,E01011477
11833,20171344J1161,2017,1344J1161,2,2,2,2,62,9,3,0,0,1,0,0,9,-1,-1,2017,1344J1161,426060.0,435592.0,-1.605677,53.815977,13,3,3,3,19/04/2017,4,16:40,204,E08000035,E08000035,4,6157,6,30.0,3,2,6,0,0,5,1,1,1,0,0,1,1,2,E01011477
11834,20171344J1939,2017,1344J1939,1,1,1,1,37,7,3,0,0,0,0,0,9,1,1,2017,1344J1939,434385.0,435138.0,-1.479291,53.811415,13,3,2,1,19/04/2017,4,23:13,204,E08000035,E08000035,6,0,6,30.0,3,4,6,0,0,0,4,1,1,0,0,1,1,2,E01011339
11835,20171344K0272,2017,1344K0272,1,1,1,1,20,4,3,0,0,0,0,0,9,1,2,2017,1344K0272,440551.0,432016.0,-1.386065,53.782914,13,3,1,1,20/04/2017,5,08:15,204,E08000035,E08000035,4,6137,6,30.0,0,-1,-1,-1,0,0,1,1,1,0,0,2,1,2,E01011405
11836,20171344K0914,2017,1344K0914,1,1,3,2,18,4,3,6,9,0,0,0,0,1,8,2017,1344K0914,421699.0,432953.0,-1.672099,53.792457,13,3,2,1,20/04/2017,5,15:39,204,E08000035,E08000035,6,0,6,30.0,0,-1,-1,-1,0,0,1,1,1,0,0,1,1,2,E01011605
11837,20171344K0955,2017,1344K0955,1,1,3,2,57,9,1,5,1,0,0,0,0,1,6,2017,1344K0955,432870.0,444975.0,-1.501251,53.899923,13,1,1,1,20/04/2017,5,15:50,204,E08000035,E08000035,3,659,6,60.0,9,4,6,0,0,0,1,1,1,0,0,2,1,2,E01011561
11838,20171344K1031,2017,1344K1031,1,1,2,1,49,8,3,0,0,1,0,0,9,1,8,2017,1344K1031,434388.0,427934.0,-1.480046,53.746669,13,3,2,3,09/04/2017,1,20:50,204,E08000035,E08000035,3,654,6,30.0,0,-1,-1,-1,0,0,4,1,1,0,0,1,2,2,E01011633
11839,20171344K1031,2017,1344K1031,1,2,2,2,25,5,3,0,0,2,0,0,9,1,8,2017,1344K1031,434388.0,427934.0,-1.480046,53.746669,13,3,2,3,09/04/2017,1,20:50,204,E08000035,E08000035,3,654,6,30.0,0,-1,-1,-1,0,0,4,1,1,0,0,1,2,2,E01011633
11840,20171344K1031,2017,1344K1031,1,3,2,2,7,2,3,0,0,2,0,0,9,1,8,2017,1344K1031,434388.0,427934.0,-1.480046,53.746669,13,3,2,3,09/04/2017,1,20:50,204,E08000035,E08000035,3,654,6,30.0,0,-1,-1,-1,0,0,4,1,1,0,0,1,2,2,E01011633
11841,20171344L0331,2017,1344L0331,1,1,1,1,26,6,3,0,0,0,0,0,1,1,6,2017,1344L0331,427485.0,437004.0,-1.58391,53.828595,13,3,2,1,21/04/2017,6,09:03,204,E08000035,E08000035,3,660,6,30.0,3,4,6,0,0,0,1,1,1,0,0,1,1,2,E01011690
11842,20171344M0695,2017,1344M0695,1,1,1,1,52,8,3,0,0,0,0,0,8,1,1,2017,1344M0695,426140.0,435591.0,-1.604463,53.815964,13,3,2,3,22/04/2017,7,11:50,204,E08000035,E08000035,4,6157,6,30.0,3,2,6,0,0,5,1,1,1,0,0,1,1,2,E01011477
11843,20171344M0695,2017,1344M0695,1,2,2,1,31,6,3,0,0,1,0,0,8,1,7,2017,1344M0695,426140.0,435591.0,-1.604463,53.815964,13,3,2,3,22/04/2017,7,11:50,204,E08000035,E08000035,4,6157,6,30.0,3,2,6,0,0,5,1,1,1,0,0,1,1,2,E01011477
11844,20171344M0695,2017,1344M0695,2,3,2,2,37,7,3,0,0,1,0,0,9,1,2,2017,1344M0695,426140.0,435591.0,-1.604463,53.815964,13,3,2,3,22/04/2017,7,11:50,204,E08000035,E08000035,4,6157,6,30.0,3,2,6,0,0,5,1,1,1,0,0,1,1,2,E01011477
11845,20171344M0833,2017,1344M0833,1,1,2,2,3,1,3,0,0,0,4,0,11,-1,-1,2017,1344M0833,432665.0,435865.0,-1.505335,53.81806,13,3,1,1,21/04/2017,6,19:20,204,E08000035,E08000035,3,58,3,30.0,3,4,6,0,0,4,7,1,1,0,0,1,2,2,E01011424
11846,20171344M0836,2017,1344M0836,1,1,2,1,60,9,3,0,0,0,4,0,11,1,7,2017,1344M0836,428267.0,434454.0,-1.572263,53.805635,13,3,2,1,21/04/2017,6,19:10,204,E08000035,E08000035,6,0,6,30.0,6,2,6,0,0,5,7,1,1,0,0,1,2,2,E01011483
11847,20171344M1248,2017,1344M1248,2,1,1,1,28,6,3,0,0,0,0,0,3,1,1,2017,1344M1248,431533.0,429883.0,-1.523138,53.764365,13,3,2,1,22/04/2017,7,16:45,204,E08000035,E08000035,6,0,6,20.0,0,-1,-1,-1,0,0,1,1,1,0,0,1,1,2,E01011474