,accident_index,accident_year_x,accident_reference_x,vehicle_reference,casualty_reference,casualty_class,sex_of_casualty,age_of_casualty,age_band_of_casualty,casualty_severity,pedestrian_location,pedestrian_movement,car_passenger,bus_or_coach_passenger,pedestrian_road_maintenance_worker,casualty_type,casualty_home_area_type,casualty_imd_decile,accident_year_y,accident_reference_y,location_easting_osgr,location_northing_osgr,longitude,latitude,police_force,accident_severity,number_of_vehicles,number_of_casualties,date,day_of_week,time,local_authority_district,local_authority_ons_district,local_authority_highway,first_road_class,first_road_number,road_type,speed_limit,junction_detail,junction_control,second_road_class,second_road_number,pedestrian_crossing_human_control,pedestrian_crossing_physical_facilities,light_conditions,weather_conditions,road_surface_conditions,special_conditions_at_site,carriageway_hazards,urban_or_rural_area,did_police_officer_attend_scene_of_accident,trunk_road_flag,lsoa_of_accident_location
11848,20171344M1295,2017,1344M1295,1,1,1,1,33,6,3,0,0,0,0,0,1,-1,-1,2017,1344M1295,427322.0,437201.0,-1.586369,53.830374,13,3,2,1,22/04/2017,7,17:11,204,E08000035,E08000035,3,660,6,30.0,3,4,6,0,0,0,7,1,1,0,0,1,1,2,E01011690
11849,20171344M1379,2017,1344M1379,2,1,1,2,27,6,3,0,0,0,0,0,9,1,1,2017,1344M1379,429254.0,433501.0,-1.557367,53.797015,13,3,3,1,22/04/2017,7,16:05,204,E08000035,E08000035,6,0,3,30.0,6,2,6,0,0,5,1,1,1,0,0,1,2,2,E01033015
11850,20171344M1509,2017,1344M1509,1,1,3,1,24,5,3,9,9,0,0,0,0,1,1,2017,1344M1509,430823.0,434111.0,-1.533487,53.802407,13,3,1,1,22/04/2017,7,18:47,204,E08000035,E08000035,6,0,2,30.0,0,-1,-1,-1,0,0,7,1,1,0,0,1,1,2,E01033003
11851,20171344N0367,2017,1344N0367,2,1,1,1,41,7,3,0,0,0,0,0,1,1,1,2017,1344N0367,428098.0,434518.0,-1.574823,53.806219,13,3,2,1,23/04/2017,1,04:50,204,E08000035,E08000035,6,0,6,30.0,6,2,6,0,0,0,7,1,1,0,0,1,1,2,E01011481
11852,20171344N0628,2017,1344N0628,2,1,1,1,62,9,2,0,0,0,0,0,5,1,4,2017,1344N0628,439774.0,432432.0,-1.397803,53.786712,13,2,2,2,23/04/2017,1,11:00,204,E08000035,E08000035,3,63,6,30.0,0,-1,-1,-1,0,0,1,1,1,0,0,1,1,2,E01011402
11853,20171344N0628,2017,1344N0628,2,2,2,2,55,8,3,0,0,2,0,0,5,1,4,2017,1344N0628,439774.0,432432.0,-1.397803,53.786712,13,2,2,2,23/04/2017,1,11:00,204,E08000035,E08000035,3,63,6,30.0,0,-1,-1,-1,0,0,1,1,1,0,0,1,1,2,E01011402
11854,20171344N0923,2017,1344N0923,2,1,1,1,42,7,3,0,0,0,0,0,9,3,8,2017,1344N0923,434620.0,441227.0,-1.475041,53.866125,13,3,2,1,23/04/2017,1,14:10,204,E08000035,E08000035,6,0,6,60.0,6,4,6,0,0,0,1,1,1,3,0,2,1,2,E01011713
11855,20171344O0174,2017,1344O0174,1,1,1,1,23,5,3,0,0,0,0,0,9,1,2,2017,1344O0174,425228.0,437877.0,-1.618128,53.836555,13,3,2,1,24/04/2017,2,07:05,204,E08000035,E08000035,3,6120,6,30.0,0,-1,-1,-1,0,0,7,1,1,0,0,1,1,2,E01011464
11856,20171344O1237,2017,1344O1237,1,1,1,1,56,9,2,0,0,0,0,0,4,-1,-1,2017,1344O1237,439381.0,432410.0,-1.403771,53.786544,13,2,2,1,24/04/2017,2,17:02,204,E08000035,E08000035,3,63,1,30.0,1,4,3,642,0,0,7,1,1,0,0,2,1,2,E01011402
11857,20171344O1255,2017,1344O1255,1,1,1,2,34,6,3,0,0,0,0,0,9,1,1,2017,1344O1255,430869.0,435329.0,-1.532667,53.813351,13,3,2,3,24/04/2017,2,17:09,204,E08000035,E08000035,6,0,6,30.0,6,4,6,0,0,0,7,1,1,0,0,1,1,2,E01011360
11858,20171344O1255,2017,1344O1255,1,2,2,2,15,3,3,0,0,1,0,0,9,1,1,2017,1344O1255,430869.0,435329.0,-1.532667,53.813351,13,3,2,3,24/04/2017,2,17:09,204,E08000035,E08000035,6,0,6,30.0,6,4,6,0,0,0,7,1,1,0,0,1,1,2,E01011360
11859,20171344O1255,2017,1344O1255,2,3,1,1,25,5,3,0,0,0,0,0,9,1,9,2017,1344O1255,430869.0,435329.0,-1.532667,53.813351,13,3,2,3,24/04/2017,2,17:09,204,E08000035,E08000035,6,0,6,30.0,6,4,6,0,0,0,7,1,1,0,0,1,1,2,E01011360
11860,20171344P0751,2017,1344P0751,1,1,1,1,37,7,3,0,0,0,0,0,5,1,4,2017,1344P0751,436179.0,427756.0,-1.452911,53.744948,13,3,2,2,22/04/2017,7,18:30,204,E08000035,E08000035,3,639,1,30.0,1,4,3,642,0,0,7,1,1,0,0,2,2,2,E01011635
11861,20171344P0751,2017,1344P0751,1,2,2,2,35,6,3,0,0,0,0,0,5,1,4,2017,1344P0751,436179.0,427756.0,-1.452911,53.744948,13,3,2,2,22/04/2017,7,18:30,204,E08000035,E08000035,3,639,1,30.0,1,4,3,642,0,0,7,1,1,0,0,2,2,2,E01011635
11862,20171344P0924,2017,1344P0924,1,1,2,1,63,9,3,0,0,2,0,0,8,1,3,2017,1344P0924,427834.0,436300.0,-1.578672,53.822249,13,3,1,1,16/04/2017,1,10:31,204,E08000035,E08000035,3,660,6,30.0,0,-1,-1,-1,0,4,1,1,1,0,0,1,2,2,E01011440
11863,20171344P1127,2017,1344P1127,1,1,3,2,24,5,3,5,3,0,0,0,0,1,2,2017,1344P1127,429825.0,432963.0,-1.54875,53.792147,13,3,1,1,25/04/2017,3,16:00,204,E08000035,E08000035,6,0,6,30.0,0,-1,-1,-1,0,0,1,1,1,0,0,1,1,2,E01033015
11864,20171344P1178,2017,1344P1178,1,1,2,1,42,7,3,0,0,1,0,0,9,1,1,2017,1344P1178,433190.0,433142.0,-1.497653,53.793553,13,3,2,2,25/04/2017,3,16:45,204,E08000035,E08000035,6,0,6,30.0,0,-1,-1,-1,0,0,1,1,1,0,0,1,1,2,E01011621
11865,20171344P1178,2017,1344P1178,1,2,2,2,13,3,3,0,0,2,0,0,9,1,1,2017,1344P1178,433190.0,433142.0,-1.497653,53.793553,13,3,2,2,25/04/2017,3,16:45,204,E08000035,E08000035,6,0,6,30.0,0,-1,-1,-1,0,0,1,1,1,0,0,1,1,2,E01011621
11866,20171344P1195,2017,1344P1195,2,1,2,1,20,4,3,0,0,1,0,0,9,1,4,2017,1344P1195,422801.0,437421.0,-1.655042,53.832568,13,3,2,1,25/04/2017,3,16:50,204,E08000035,E08000035,3,6120,3,60.0,0,-1,-1,-1,0,0,4,1,1,0,0,2,1,2,E01011452
11867,20171344P1617,2017,1344P1617,2,1,1,1,33,6,3,0,0,0,0,0,1,1,4,2017,1344P1617,428973.0,433603.0,-1.561623,53.797947,13,3,2,1,21/04/2017,6,08:35,204,E08000035,E08000035,3,65,3,40.0,0,-1,-1,-1,0,0,1,1,1,0,0,1,2,2,E01011678
11868,20171344Q0210,2017,1344Q0210,2,1,1,2,30,6,3,0,0,0,0,0,9,1,7,2017,1344Q0210,425621.0,428582.0,-1.612926,53.752994,13,3,2,1,26/04/2017,4,07:41,204,E08000035,E08000035,6,0,6,30.0,3,4,6,0,0,0,1,1,1,0,0,1,1,2,E01011532
11869,20171344Q0271,2017,1344Q0271,1,1,1,1,13,3,2,0,0,0,0,0,1,1,1,2017,1344Q0271,432937.0,426585.0,-1.50219,53.734638,13,2,2,1,26/04/2017,4,07:30,204,E08000035,E08000035,6,0,6,30.0,3,4,3,61,0,0,7,1,1,0,0,1,2,2,E01032496
11870,20171344Q1084,2017,1344Q1084,1,1,3,1,13,3,3,5,2,0,0,0,0,1,1,2017,1344Q1084,427614.0,433001.0,-1.582308,53.79261,13,3,2,1,26/04/2017,4,15:50,204,E08000035,E08000035,4,6154,6,30.0,0,-1,-1,-1,0,0,1,1,1,0,0,1,1,2,E01011362
11871,20171344Q1497,2017,1344Q1497,2,1,1,2,50,8,3,0,0,0,0,0,9,3,10,2017,1344Q1497,432209.0,438093.0,-1.512029,53.838112,13,3,2,1,26/04/2017,4,19:18,204,E08000035,E08000035,6,0,6,30.0,6,4,6,0,0,0,7,1,1,0,0,1,1,2,E01011654
11872,20171344R0257,2017,1344R0257,1,1,1,1,33,6,3,0,0,0,0,0,1,-1,-1,2017,1344R0257,428849.0,440085.0,-1.562901,53.856212,13,3,2,1,27/04/2017,5,08:16,204,E08000035,E08000035,6,0,6,30.0,3,4,6,0,0,0,1,1,2,0,0,2,1,2,E01011554
11873,20171344R0287,2017,1344R0287,1,2,1,1,39,7,3,0,0,0,0,0,9,1,7,2017,1344R0287,432040.0,426285.0,-1.515818,53.731997,13,3,2,2,27/04/2017,5,08:31,204,E08000035,E08000035,1,62,3,70.0,0,-1,-1,-1,0,0,1,1,1,0,0,2,1,1,E01011499
11874,20171344R0287,2017,1344R0287,2,1,1,1,51,8,3,0,0,0,0,0,9,1,7,2017,1344R0287,432040.0,426285.0,-1.515818,53.731997,13,3,2,2,27/04/2017,5,08:31,204,E08000035,E08000035,1,62,3,70.0,0,-1,-1,-1,0,0,1,1,1,0,0,2,1,1,E01011499
11875,20171344R0745,2017,1344R0745,1,1,2,2,75,10,3,0,0,0,4,0,11,1,2,2017,1344R0745,429387.0,434940.0,-1.555211,53.809941,13,3,1,1,27/04/2017,5,13:00,204,E08000035,E08000035,3,660,6,30.0,3,4,6,0,0,0,1,1,1,0,0,1,2,2,E01033005
11876,20171344R1166,2017,1344R1166,2,1,1,1,38,7,3,0,0,0,0,0,1,1,1,2017,1344R1166,426946.0,432850.0,-1.59246,53.791288,13,3,2,1,27/04/2017,5,16:41,204,E08000035,E08000035,6,0,6,30.0,3,4,6,0,0,0,1,1,1,0,0,1,1,2,E01011729
11877,20171344R1463,2017,1344R1463,2,1,1,1,27,6,3,0,0,0,0,0,9,1,3,2017,1344R1463,429492.0,432910.0,-1.55381,53.79169,13,3,2,1,27/04/2017,5,19:00,204,E08000035,E08000035,6,0,6,30.0,3,4,6,0,0,0,7,1,1,4,0,1,2,2,E01033015
11878,20171344R1554,2017,1344R1554,1,1,2,2,41,7,3,0,0,0,3,0,11,1,1,2017,1344R1554,430071.0,433947.0,-1.544921,53.800977,13,3,1,1,27/04/2017,5,19:10,204,E08000035,E08000035,6,0,6,30.0,6,2,6,0,0,5,7,1,1,0,0,1,2,2,E01033010
11879,20171344R1802,2017,1344R1802,1,1,1,1,18,4,3,0,0,0,0,0,9,1,8,2017,1344R1802,437512.0,431954.0,-1.432192,53.782584,13,3,1,4,27/04/2017,5,22:30,204,E08000035,E08000035,6,0,6,60.0,0,-1,-1,-1,0,0,6,1,1,0,7,2,1,2,E01011411
11880,20171344R1802,2017,1344R1802,1,2,2,2,19,4,3,0,0,1,0,0,9,1,7,2017,1344R1802,437512.0,431954.0,-1.432192,53.782584,13,3,1,4,27/04/2017,5,22:30,204,E08000035,E08000035,6,0,6,60.0,0,-1,-1,-1,0,0,6,1,1,0,7,2,1,2,E01011411
11881,20171344R1802,2017,1344R1802,1,3,2,1,18,4,3,0,0,2,0,0,9,1,1,2017,1344R1802,437512.0,431954.0,-1.432192,53.782584,13,3,1,4,27/04/2017,5,22:30,204,E08000035,E08000035,6,0,6,60.0,0,-1,-1,-1,0,0,6,1,1,0,7,2,1,2,E01011411
11882,20171344R1802,2017,1344R1802,1,4,2,2,17,4,3,0,0,2,0,0,9,1,4,2017,1344R1802,437512.0,431954.0,-1.432192,53.782584,13,3,1,4,27/04/2017,5,22:30,204,E08000035,E08000035,6,0,6,60.0,0,-1,-1,-1,0,0,6,1,1,0,7,2,1,2,E01011411
11883,20171344S0270,2017,1344S0270,2,1,1,1,34,6,3,0,0,0,0,0,8,1,1,2017,1344S0270,432460.0,433906.0,-1.508654,53.800465,13,3,2,1,28/04/2017,6,08:05,204,E08000035,E08000035,6,0,6,30.0,0,-1,-1,-1,0,0,1,1,1,0,0,1,1,2,E01011348
11884,20171344S0337,2017,1344S0337,2,1,1,2,48,8,3,0,0,0,0,0,20,3,4,2017,1344S0337,422251.0,443530.0,-1.662958,53.887497,13,3,2,1,28/04/2017,6,09:06,204,E08000035,E08000035,6,0,6,60.0,0,-1,-1,-1,0,0,1,1,1,0,0,2,1,2,E01032503
11885,20171344S0438,2017,1344S0438,2,1,1,1,56,9,3,0,0,0,0,0,19,1,4,2017,1344S0438,433645.0,425843.0,-1.491538,53.727924,13,3,2,1,28/04/2017,6,10:20,204,E08000035,E08000035,1,62,3,70.0,0,-1,-1,-1,0,0,1,1,1,0,0,2,1,1,E01011500
11886,20171344S0656,2017,1344S0656,1,1,2,2,51,8,3,0,0,0,4,0,11,1,9,2017,1344S0656,430865.0,434169.0,-1.532844,53.802926,13,3,2,1,28/04/2017,6,09:02,204,E08000035,E08000035,3,61,6,30.0,8,4,6,0,0,0,1,1,1,0,0,1,2,2,E01033031
11887,20171344S0958,2017,1344S0958,1,1,1,2,57,9,3,0,0,0,0,0,9,1,5,2017,1344S0958,421622.0,434072.0,-1.67319,53.802518,13,3,2,1,28/04/2017,6,14:57,204,E08000035,E08000035,6,0,9,30.0,3,4,6,0,0,0,1,1,1,0,0,1,1,2,E01011587
11888,20171344S1163,2017,1344S1163,1,1,1,1,29,6,3,0,0,0,0,0,9,-1,-1,2017,1344S1163,432381.0,434684.0,-1.509772,53.807463,13,3,2,4,28/04/2017,6,16:24,204,E08000035,E08000035,6,0,6,30.0,3,4,6,0,0,0,1,1,1,0,0,1,1,2,E01011344
11889,20171344S1163,2017,1344S1163,1,2,2,2,2,1,3,0,0,2,0,0,9,-1,-1,2017,1344S1163,432381.0,434684.0,-1.509772,53.807463,13,3,2,4,28/04/2017,6,16:24,204,E08000035,E08000035,6,0,6,30.0,3,4,6,0,0,0,1,1,1,0,0,1,1,2,E01011344
11890,20171344S1163,2017,1344S1163,1,3,2,1,1,1,3,0,0,2,0,0,9,-1,-1,2017,1344S1163,432381.0,434684.0,-1.509772,53.807463,13,3,2,4,28/04/2017,6,16:24,204,E08000035,E08000035,6,0,6,30.0,3,4,6,0,0,0,1,1,1,0,0,1,1,2,E01011344
11891,20171344S1163,2017,1344S1163,2,4,1,1,28,6,3,0,0,0,0,0,9,-1,-1,2017,1344S1163,432381.0,434684.0,-1.509772,53.807463,13,3,2,4,28/04/2017,6,16:24,204,E08000035,E08000035,6,0,6,30.0,3,4,6,0,0,0,1,1,1,0,0,1,1,2,E01011344
11892,20171344T0545,2017,1344T0545,1,1,1,2,62,9,3,0,0,0,0,0,9,-1,-1,2017,1344T0545,426831.0,437312.0,-1.593819,53.831397,13,3,2,1,29/04/2017,7,09:54,204,E08000035,E08000035,6,0,6,30.0,0,-1,-1,-1,0,0,1,1,1,0,0,1,1,2,E01011685
11893,20171344T1292,2017,1344T1292,1,1,3,1,4,1,1,1,3,0,0,0,0,-1,-1,2017,1344T1292,430955.0,435807.0,-1.531313,53.817642,13,1,1,1,29/04/2017,7,16:52,204,E08000035,E08000035,6,0,6,30.0,6,2,6,0,2,5,1,1,1,0,0,1,1,2,E01011360
11894,20171344U0094,2017,1344U0094,2,1,2,2,18,4,3,0,0,1,0,0,9,-1,-1,2017,1344U0094,431595.0,435238.0,-1.521651,53.81249,13,3,2,1,30/04/2017,1,01:00,204,E08000035,E08000035,3,58,6,30.0,0,-1,-1,-1,0,0,4,1,2,0,0,1,1,2,E01011429
11895,20171344U1012,2017,1344U1012,1,1,1,2,21,5,3,0,0,0,0,0,9,1,7,2017,1344U1012,421730.0,440794.0,-1.671077,53.862929,13,3,3,2,30/04/2017,1,15:00,204,E08000035,E08000035,6,0,6,30.0,3,4,6,0,0,0,1,1,1,0,0,1,1,2,E01011580
11896,20171344U1012,2017,1344U1012,1,2,2,2,20,4,3,0,0,1,0,0,9,1,7,2017,1344U1012,421730.0,440794.0,-1.671077,53.862929,13,3,3,2,30/04/2017,1,15:00,204,E08000035,E08000035,6,0,6,30.0,3,4,6,0,0,0,1,1,1,0,0,1,1,2,E01011580
11897,20171344U1597,2017,1344U1597,1,1,1,1,17,4,2,0,0,0,0,0,5,1,1,2017,1344U1597,431035.0,432152.0,-1.530465,53.784788,13,2,2,1,30/04/2017,1,19:49,204,E08000035,E08000035,3,61,3,40.0,0,-1,-1,-1,0,0,7,1,1,0,0,1,1,2,E01011467
11898,20171344U1769,2017,1344U1769,1,1,3,2,38,7,3,1,3,0,0,0,0,1,3,2017,1344U1769,429845.0,433435.0,-1.548401,53.796388,13,3,1,1,30/04/2017,1,21:42,204,E08000035,E08000035,6,0,2,30.0,0,-1,-1,-1,0,4,4,1,1,0,0,1,1,2,E01033016
11899,2017134510222,2017,134510222,1,1,1,2,21,5,3,0,0,0,0,0,9,1,7,2017,134510222,423148.0,428001.0,-1.650472,53.747888,13,3,2,1,01/05/2017,2,03:15,204,E08000035,E08000035,3,650,6,60.0,0,-1,-1,-1,0,0,4,1,1,0,0,1,1,2,E01011529
11900,2017134510767,2017,134510767,1,1,2,2,20,4,3,0,0,2,0,0,8,1,2,2017,134510767,427488.0,435271.0,-1.584018,53.813019,13,3,1,1,30/04/2017,1,20:00,204,E08000035,E08000035,6,0,6,20.0,0,-1,-1,-1,0,0,7,1,1,0,0,1,2,2,E01011479
11901,2017134511048,2017,134511048,1,1,1,1,21,5,2,0,0,0,0,0,5,1,1,2017,134511048,425386.0,433388.0,-1.616095,53.796201,13,2,2,1,01/05/2017,2,14:40,204,E08000035,E08000035,6,0,6,30.0,3,4,6,0,0,0,1,1,1,0,0,1,1,2,E01011725
11902,2017134511866,2017,134511866,1,1,1,1,31,6,3,0,0,0,0,0,9,1,3,2017,134511866,429419.0,433890.0,-1.554825,53.800502,13,3,1,1,01/05/2017,2,21:35,204,E08000035,E08000035,2,58,3,40.0,0,-1,-1,-1,0,0,4,1,1,0,0,1,1,2,E01033008
11903,2017134511921,2017,134511921,2,1,1,1,31,6,3,0,0,0,0,0,9,1,1,2017,134511921,430981.0,434453.0,-1.531054,53.805472,13,3,2,1,01/05/2017,2,22:00,204,E08000035,E08000035,6,0,6,30.0,3,4,6,0,0,0,7,1,1,0,0,1,1,2,E01033003
11904,2017134520012,2017,134520012,1,1,1,1,21,5,3,0,0,0,0,0,9,-1,-1,2017,134520012,431771.0,435539.0,-1.518947,53.815185,13,3,2,1,02/05/2017,3,00:06,204,E08000035,E08000035,3,58,3,40.0,6,4,6,0,0,4,4,1,1,0,0,1,1,2,E01011429
11905,2017134520310,2017,134520310,1,1,3,2,50,8,3,9,5,0,0,0,0,2,5,2017,134520310,424327.0,439021.0,-1.631729,53.846879,13,3,2,1,02/05/2017,3,08:25,204,E08000035,E08000035,6,0,6,30.0,0,-1,-1,-1,0,0,1,1,1,0,0,1,1,2,E01011459
11906,2017134520313,2017,134520313,2,1,1,1,29,6,3,0,0,0,0,0,1,1,7,2017,134520313,429674.0,433030.0,-1.551036,53.792758,13,3,2,1,02/05/2017,3,08:30,204,E08000035,E08000035,6,0,6,30.0,3,4,6,0,0,0,1,1,1,0,0,1,1,2,E01033015
11907,2017134520396,2017,134520396,1,1,2,2,55,8,2,0,0,1,0,0,9,1,1,2017,134520396,431419.0,434088.0,-1.52444,53.802165,13,2,2,1,02/05/2017,3,09:30,204,E08000035,E08000035,6,0,6,30.0,6,2,6,0,0,0,1,1,1,0,0,1,1,2,E01033035
11908,2017134520706,2017,134520706,1,1,3,1,40,7,2,10,9,0,0,0,0,1,7,2017,134520706,432479.0,438757.0,-1.507856,53.844064,13,2,1,1,28/04/2017,6,15:30,204,E08000035,E08000035,6,0,6,30.0,0,-1,-1,-1,0,0,1,1,1,0,0,1,2,2,E01011653
11909,2017134520998,2017,134520998,1,1,3,2,11,3,2,9,5,0,0,0,0,1,7,2017,134520998,420155.0,445827.0,-1.694696,53.908227,13,2,1,1,02/05/2017,3,15:10,204,E08000035,E08000035,4,6451,6,30.0,3,4,6,0,0,0,1,1,1,0,0,1,1,2,E01011584
11910,2017134521345,2017,134521345,1,1,1,1,19,4,3,0,0,0,0,0,5,2,7,2017,134521345,418755.0,442128.0,-1.71623,53.875033,13,3,1,1,02/05/2017,3,18:00,204,E08000035,E08000035,3,65,6,30.0,0,-1,-1,-1,0,0,7,1,1,0,0,1,1,2,E01011265
11911,2017134521440,2017,134521440,1,1,2,2,87,11,3,0,0,0,3,0,11,-1,-1,2017,134521440,436338.0,434705.0,-1.449685,53.807391,13,3,1,1,02/05/2017,3,16:20,204,E08000035,E08000035,6,0,6,30.0,0,-1,-1,-1,0,0,1,1,1,0,0,1,2,2,E01011408
11912,2017134521529,2017,134521529,1,1,1,1,8,2,3,0,0,0,0,0,1,1,1,2017,134521529,429776.0,435223.0,-1.549277,53.812462,13,3,2,1,02/05/2017,3,19:35,204,E08000035,E08000035,6,0,6,30.0,0,-1,-1,-1,0,0,7,1,1,0,0,1,1,2,E01011670
11913,2017134530098,2017,134530098,2,1,1,1,26,6,3,0,0,0,0,0,9,-1,-1,2017,134530098,429593.0,435398.0,-1.552039,53.814045,13,3,2,1,03/05/2017,4,01:34,204,E08000035,E08000035,6,0,6,30.0,3,4,6,0,0,0,4,1,1,0,0,1,1,2,E01011670
11914,2017134530360,2017,134530360,1,1,1,1,25,5,3,0,0,0,0,0,9,3,7,2017,134530360,426372.0,437940.0,-1.60074,53.837065,13,3,2,1,03/05/2017,4,07:50,204,E08000035,E08000035,6,0,6,30.0,0,-1,-1,-1,0,0,1,1,1,0,0,1,2,2,E01011687
11915,2017134530618,2017,134530618,2,1,1,1,19,4,3,0,0,0,0,0,3,-1,-1,2017,134530618,430002.0,427803.0,-1.546563,53.745761,13,3,2,1,03/05/2017,4,11:25,204,E08000035,E08000035,6,0,6,30.0,3,4,6,0,0,0,1,1,2,0,0,1,1,2,E01011494
11916,2017134530736,2017,134530736,2,1,2,1,82,11,3,0,0,0,4,0,11,1,9,2017,134530736,431969.0,430307.0,-1.51648,53.76815,13,3,2,1,03/05/2017,4,12:27,204,E08000035,E08000035,3,61,2,40.0,1,4,1,621,0,0,1,1,1,0,0,2,1,2,E01011469
11917,2017134531116,2017,134531116,1,1,1,2,63,9,3,0,0,0,0,0,9,1,4,2017,134531116,429199.0,433851.0,-1.558169,53.800164,13,3,1,1,03/05/2017,4,15:16,204,E08000035,E08000035,6,0,6,30.0,0,-1,-1,-1,0,0,1,1,1,0,0,1,1,2,E01011678
11918,2017134531154,2017,134531154,1,1,2,2,74,10,3,0,0,0,2,0,11,1,3,2017,134531154,424338.0,435319.0,-1.631854,53.813606,13,3,1,1,03/05/2017,4,15:31,204,E08000035,E08000035,3,657,6,30.0,0,-1,-1,-1,0,0,1,1,1,0,6,1,1,2,E01011331
11919,2017134531870,2017,134531870,2,1,1,2,29,6,3,0,0,0,0,0,3,1,7,2017,134531870,424612.0,435112.0,-1.627709,53.811733,13,3,2,1,03/05/2017,4,21:00,204,E08000035,E08000035,6,0,6,30.0,0,-1,-1,-1,0,0,7,1,1,0,0,1,1,2,E01011336
11920,2017134540258,2017,134540258,1,1,1,1,10,2,3,0,0,0,0,0,1,1,1,2017,134540258,425412.0,434438.0,-1.615614,53.805637,13,3,2,1,04/05/2017,5,07:53,204,E08000035,E08000035,6,0,6,30.0,3,4,6,0,0,0,1,1,1,0,0,1,1,2,E01011283
11921,2017134540461,2017,134540461,1,1,3,2,86,11,3,6,9,0,0,0,0,1,8,2017,134540461,436767.0,434233.0,-1.443227,53.803119,13,3,1,1,04/05/2017,5,10:25,204,E08000035,E08000035,6,0,9,30.0,0,-1,-1,-1,0,0,1,1,1,0,0,1,1,2,E01011412
11922,2017134540961,2017,134540961,2,1,1,1,26,6,3,0,0,0,0,0,9,2,5,2017,134540961,430126.0,432863.0,-1.544191,53.791231,13,3,2,1,03/05/2017,4,15:40,204,E08000035,E08000035,3,653,2,30.0,6,2,3,653,0,0,1,1,1,0,0,1,2,2,E01033016
11923,2017134541258,2017,134541258,1,1,1,1,47,8,3,0,0,0,0,0,4,1,6,2017,134541258,430624.0,434659.0,-1.536454,53.807344,13,3,2,1,04/05/2017,5,16:50,204,E08000035,E08000035,3,58,3,40.0,6,2,6,0,0,5,1,1,1,0,0,1,1,2,E01011671
11924,2017134541280,2017,134541280,1,1,2,1,1,1,3,0,0,0,4,0,11,1,1,2017,134541280,432016.0,433574.0,-1.515429,53.797509,13,3,1,1,04/05/2017,5,15:40,204,E08000035,E08000035,3,64,3,40.0,0,-1,-1,-1,0,0,1,1,1,0,0,1,2,2,E01011623
11925,2017134541367,2017,134541367,1,1,2,1,1,1,3,0,0,2,0,0,9,1,4,2017,134541367,429136.0,429898.0,-1.559497,53.764639,13,3,1,1,04/05/2017,5,17:55,204,E08000035,E08000035,6,0,6,20.0,0,-1,-1,-1,0,0,7,1,1,0,0,1,1,2,E01011320
11926,2017134541382,2017,134541382,2,1,1,1,40,7,2,0,0,0,0,0,4,1,1,2017,134541382,428929.0,432434.0,-1.5624,53.787443,13,2,2,1,04/05/2017,5,17:45,204,E08000035,E08000035,6,0,6,30.0,3,4,6,0,0,0,7,1,1,0,0,1,1,2,E01033013
11927,2017134541733,2017,134541733,1,1,1,1,24,5,3,0,0,0,0,0,9,1,1,2017,134541733,425962.0,436979.0,-1.60705,53.828448,13,3,2,1,04/05/2017,5,20:36,204,E08000035,E08000035,6,0,6,30.0,0,-1,-1,-1,0,0,7,1,1,0,0,1,1,2,E01011484
11928,2017134550283,2017,134550283,2,1,1,2,23,5,3,0,0,0,0,0,2,-1,-1,2017,134550283,430311.0,435038.0,-1.54117,53.810769,13,3,2,1,05/05/2017,6,08:16,204,E08000035,E08000035,6,0,6,30.0,3,4,6,0,0,0,1,1,1,0,0,1,1,2,E01011671
11929,2017134550298,2017,134550298,2,1,1,1,29,6,3,0,0,0,0,0,1,1,10,2017,134550298,425165.0,437877.0,-1.619085,53.836558,13,3,2,1,05/05/2017,6,07:46,204,E08000035,E08000035,6,0,6,30.0,1,4,3,6120,0,0,1,1,1,0,0,1,2,2,E01011464
11930,2017134550477,2017,134550477,2,1,2,2,18,4,3,0,0,0,4,0,11,1,7,2017,134550477,427608.0,433720.0,-1.582334,53.799073,13,3,2,2,05/05/2017,6,09:15,204,E08000035,E08000035,3,647,6,30.0,0,-1,-1,-1,0,8,1,1,1,0,0,1,2,2,E01011284
11931,2017134550477,2017,134550477,2,2,2,2,38,7,3,0,0,0,4,0,11,1,4,2017,134550477,427608.0,433720.0,-1.582334,53.799073,13,3,2,2,05/05/2017,6,09:15,204,E08000035,E08000035,3,647,6,30.0,0,-1,-1,-1,0,8,1,1,1,0,0,1,2,2,E01011284
11932,2017134550947,2017,134550947,1,1,1,1,48,8,3,0,0,0,0,0,9,1,6,2017,134550947,426431.0,433301.0,-1.600239,53.795368,13,3,2,1,05/05/2017,6,14:25,204,E08000035,E08000035,6,0,6,30.0,6,4,6,0,0,0,1,1,1,0,0,1,1,2,E01032607
11933,2017134551392,2017,134551392,1,1,1,2,23,5,3,0,0,0,0,0,9,3,4,2017,134551392,431616.0,426342.0,-1.522239,53.732535,13,3,2,1,05/05/2017,6,17:10,204,E08000035,E08000035,6,0,6,30.0,3,4,6,0,0,0,7,1,1,0,0,2,2,2,E01011499
11934,2017134551562,2017,134551562,1,1,3,1,11,3,3,9,5,0,0,0,0,1,7,2017,134551562,420656.0,436869.0,-1.68767,53.827696,13,3,1,1,05/05/2017,6,18:32,204,E08000035,E08000035,6,0,6,30.0,3,4,6,0,0,0,7,1,1,0,0,1,1,2,E01011589