,accident_index,accident_year_x,accident_reference_x,vehicle_reference,casualty_reference,casualty_class,sex_of_casualty,age_of_casualty,age_band_of_casualty,casualty_severity,pedestrian_location,pedestrian_movement,car_passenger,bus_or_coach_passenger,pedestrian_road_maintenance_worker,casualty_type,casualty_home_area_type,casualty_imd_decile,accident_year_y,accident_reference_y,location_easting_osgr,location_northing_osgr,longitude,latitude,police_force,accident_severity,number_of_vehicles,number_of_casualties,date,day_of_week,time,local_authority_district,local_authority_ons_district,local_authority_highway,first_road_class,first_road_number,road_type,speed_limit,junction_detail,junction_control,second_road_class,second_road_number,pedestrian_crossing_human_control,pedestrian_crossing_physical_facilities,light_conditions,weather_conditions,road_surface_conditions,special_conditions_at_site,carriageway_hazards,urban_or_rural_area,did_police_officer_attend_scene_of_accident,trunk_road_flag,lsoa_of_accident_location
12109,20171346A0958,2017,1346A0958,2,1,1,1,23,5,3,0,0,0,0,0,9,1,2,2017,1346A0958,432165.0,427228.0,-1.513826,53.740465,13,3,3,2,10/06/2017,7,19:25,204,E08000035,E08000035,1,1,3,70.0,0,-1,-1,-1,0,0,7,1,2,0,1,2,1,1,E01032495
12110,20171346A0958,2017,1346A0958,2,2,2,2,24,5,3,0,0,1,0,0,9,1,2,2017,1346A0958,432165.0,427228.0,-1.513826,53.740465,13,3,3,2,10/06/2017,7,19:25,204,E08000035,E08000035,1,1,3,70.0,0,-1,-1,-1,0,0,7,1,2,0,1,2,1,1,E01032495
12111,20171346A0962,2017,1346A0962,1,1,1,2,22,5,3,0,0,0,0,0,9,1,8,2017,1346A0962,431006.0,430598.0,-1.53106,53.770823,13,3,2,2,10/06/2017,7,13:40,204,E08000035,E08000035,6,0,6,30.0,3,4,6,0,0,0,1,1,1,0,0,1,1,2,E01011471
12112,20171346A0962,2017,1346A0962,2,2,1,2,35,6,3,0,0,0,0,0,9,1,1,2017,1346A0962,431006.0,430598.0,-1.53106,53.770823,13,3,2,2,10/06/2017,7,13:40,204,E08000035,E08000035,6,0,6,30.0,3,4,6,0,0,0,1,1,1,0,0,1,1,2,E01011471
12113,20171346A1319,2017,1346A1319,1,1,1,2,37,7,3,0,0,0,0,0,9,1,6,2017,1346A1319,423753.0,435644.0,-1.640714,53.816554,13,3,2,4,10/06/2017,7,16:47,204,E08000035,E08000035,3,657,6,40.0,6,2,6,0,0,0,1,1,1,0,0,1,1,2,E01011330
12114,20171346A1319,2017,1346A1319,1,2,2,1,25,5,3,0,0,1,0,0,9,1,6,2017,1346A1319,423753.0,435644.0,-1.640714,53.816554,13,3,2,4,10/06/2017,7,16:47,204,E08000035,E08000035,3,657,6,40.0,6,2,6,0,0,0,1,1,1,0,0,1,1,2,E01011330
12115,20171346A1319,2017,1346A1319,2,3,1,1,36,7,3,0,0,0,0,0,9,1,10,2017,1346A1319,423753.0,435644.0,-1.640714,53.816554,13,3,2,4,10/06/2017,7,16:47,204,E08000035,E08000035,3,657,6,40.0,6,2,6,0,0,0,1,1,1,0,0,1,1,2,E01011330
12116,20171346A1319,2017,1346A1319,2,4,2,1,6,2,3,0,0,2,0,0,9,1,10,2017,1346A1319,423753.0,435644.0,-1.640714,53.816554,13,3,2,4,10/06/2017,7,16:47,204,E08000035,E08000035,3,657,6,40.0,6,2,6,0,0,0,1,1,1,0,0,1,1,2,E01011330
12117,20171346A1325,2017,1346A1325,7,1,2,2,14,3,3,0,0,1,0,0,9,1,4,2017,1346A1325,432603.0,436891.0,-1.506169,53.827285,13,3,7,1,10/06/2017,7,16:52,204,E08000035,E08000035,6,0,6,30.0,3,4,6,0,0,0,1,1,1,0,0,1,1,2,E01011645
12118,20171346B0973,2017,1346B0973,1,1,1,1,50,8,2,0,0,0,0,0,5,1,8,2017,1346B0973,420910.0,441149.0,-1.683521,53.866153,13,2,1,1,11/06/2017,1,16:00,204,E08000035,E08000035,6,0,6,30.0,0,-1,-1,-1,0,0,1,1,1,0,0,1,1,2,E01011274
12119,20171346C0676,2017,1346C0676,1,1,1,1,12,3,3,0,0,0,0,0,1,1,5,2017,1346C0676,425092.0,438073.0,-1.620179,53.838323,13,3,2,1,04/06/2017,1,15:40,204,E08000035,E08000035,6,0,6,30.0,3,4,6,0,0,0,1,1,1,0,0,1,2,2,E01011464
12120,20171346C0943,2017,1346C0943,2,1,1,1,58,9,3,0,0,0,0,0,9,3,9,2017,1346C0943,435715.0,436955.0,-1.458885,53.827657,13,3,2,1,12/06/2017,2,14:00,204,E08000035,E08000035,3,6120,6,30.0,3,2,6,0,0,0,1,1,1,0,0,1,1,2,E01011720
12121,20171346C1673,2017,1346C1673,1,1,3,1,8,2,2,5,1,0,0,0,0,1,1,2017,1346C1673,435802.0,434369.0,-1.457862,53.804409,13,2,1,1,12/06/2017,2,18:45,204,E08000035,E08000035,6,0,6,30.0,0,-1,-1,-1,0,0,7,1,1,0,0,1,1,2,E01011345
12122,20171346C1937,2017,1346C1937,1,1,3,1,13,3,3,5,1,0,0,0,0,-1,-1,2017,1346C1937,420411.0,440107.0,-1.691178,53.856807,13,3,1,1,12/06/2017,2,16:30,204,E08000035,E08000035,3,658,6,30.0,3,4,6,0,0,0,1,1,1,0,0,1,2,2,E01011278
12123,20171346D0110,2017,1346D0110,1,1,1,1,39,7,3,0,0,0,0,0,9,1,1,2017,1346D0110,431970.0,435823.0,-1.515895,53.817725,13,3,2,1,13/06/2017,3,01:40,204,E08000035,E08000035,3,58,6,30.0,6,2,4,6159,0,5,4,1,1,0,0,1,2,2,E01011422
12124,20171346D1370,2017,1346D1370,2,1,1,1,17,4,2,0,0,0,0,0,3,1,9,2017,1346D1370,425210.0,443317.0,-1.617958,53.885448,13,2,2,1,13/06/2017,3,16:34,204,E08000035,E08000035,3,660,6,40.0,3,4,6,0,0,0,1,1,1,0,0,2,1,2,E01011576
12125,20171346E0760,2017,1346E0760,2,1,1,1,17,4,3,0,0,0,0,0,1,1,1,2017,1346E0760,429273.0,430094.0,-1.5574,53.766393,13,3,2,1,14/06/2017,4,08:50,204,E08000035,E08000035,3,653,6,30.0,3,4,6,0,0,0,1,1,1,0,0,1,2,2,E01011319
12126,20171346E2081,2017,1346E2081,1,1,1,2,35,6,3,0,0,0,0,0,9,1,8,2017,1346E2081,421702.0,435795.0,-1.671855,53.818,13,3,1,1,14/06/2017,4,21:41,204,E08000035,E08000035,4,6156,6,30.0,0,-1,-1,-1,0,0,4,1,1,0,0,2,1,2,E01011592
12127,20171346F0896,2017,1346F0896,1,1,3,1,73,10,2,1,1,0,0,0,0,1,9,2017,1346F0896,430391.0,433622.0,-1.540094,53.798038,13,2,1,1,15/06/2017,5,13:18,204,E08000035,E08000035,6,0,6,30.0,0,-1,-1,-1,0,4,1,1,1,0,0,1,1,2,E01033010
12128,20171346F1168,2017,1346F1168,1,1,1,1,12,3,3,0,0,0,0,0,1,1,1,2017,1346F1168,429093.0,428697.0,-1.560262,53.753847,13,3,2,1,15/06/2017,5,15:13,204,E08000035,E08000035,6,0,6,30.0,3,4,6,0,0,0,1,1,1,0,0,1,1,2,E01032498
12129,20171346F1275,2017,1346F1275,1,1,2,2,32,6,3,0,0,0,0,0,5,1,1,2017,1346F1275,443277.0,431653.0,-1.344748,53.779433,13,3,1,1,15/06/2017,5,15:30,204,E08000035,E08000035,3,63,6,60.0,0,-1,-1,-1,0,0,1,1,1,0,0,2,2,2,E01011299
12130,20171346G1177,2017,1346G1177,1,1,1,2,20,4,3,0,0,0,0,0,9,1,5,2017,1346G1177,429430.0,433463.0,-1.554699,53.796664,13,3,2,1,16/06/2017,6,13:30,204,E08000035,E08000035,6,0,6,30.0,6,2,6,0,0,5,1,1,1,0,0,1,2,2,E01033008
12131,20171346G1553,2017,1346G1553,2,1,1,1,31,6,3,0,0,0,0,0,9,1,1,2017,1346G1553,431306.0,428963.0,-1.526674,53.75611,13,3,2,1,16/06/2017,6,18:45,204,E08000035,E08000035,6,0,6,30.0,3,4,6,0,0,0,7,1,1,0,0,1,2,2,E01011475
12132,20171346G1933,2017,1346G1933,3,1,1,1,25,5,3,0,0,0,0,0,9,1,1,2017,1346G1933,431471.0,434212.0,-1.523638,53.803276,13,3,3,1,16/06/2017,6,20:42,204,E08000035,E08000035,6,0,6,30.0,0,-1,-1,-1,0,0,7,1,1,0,0,1,1,2,E01033035
12133,20171346H1148,2017,1346H1148,2,1,1,1,6,2,2,0,0,0,0,0,1,1,1,2017,1346H1148,431599.0,435915.0,-1.521521,53.818575,13,2,2,1,17/06/2017,7,14:43,204,E08000035,E08000035,6,0,6,30.0,0,-1,-1,-1,0,0,1,1,1,0,0,1,1,2,E01011359
12134,20171346H1161,2017,1346H1161,2,1,1,1,12,3,2,0,0,0,0,0,1,1,1,2017,1346H1161,431935.0,435878.0,-1.516421,53.818222,13,2,2,1,17/06/2017,7,14:50,204,E08000035,E08000035,4,6159,6,30.0,3,4,6,0,0,0,1,1,1,0,0,1,1,2,E01011422
12135,20171346H1963,2017,1346H1963,2,1,1,2,51,8,3,0,0,0,0,0,9,1,2,2017,1346H1963,431760.0,436135.0,-1.519053,53.820542,13,3,2,1,17/06/2017,7,21:05,204,E08000035,E08000035,6,0,6,30.0,6,4,6,0,0,0,4,1,1,0,0,1,1,2,E01011359
12136,20171346H2217,2017,1346H2217,1,1,3,1,40,7,3,4,1,0,0,0,0,1,2,2017,1346H2217,430065.0,433802.0,-1.545026,53.799674,13,3,1,1,17/06/2017,7,22:56,204,E08000035,E08000035,6,0,6,30.0,0,-1,-1,-1,0,4,4,1,1,0,0,1,1,2,E01033010
12137,20171346I0282,2017,1346I0282,1,1,1,2,21,5,3,0,0,0,0,0,9,1,3,2017,1346I0282,442616.0,427449.0,-1.355357,53.741705,13,3,1,1,18/06/2017,1,02:05,204,E08000035,E08000035,3,656,6,50.0,0,-1,-1,-1,0,0,7,1,1,0,0,2,1,2,E01011299
12138,20171346J0570,2017,1346J0570,2,1,1,1,37,7,3,0,0,0,0,0,1,1,7,2017,1346J0570,430386.0,434954.0,-1.540039,53.810009,13,3,2,1,19/06/2017,2,09:35,204,E08000035,E08000035,6,0,2,40.0,9,4,6,0,0,0,1,1,1,0,0,1,1,2,E01011671
12139,20171346J1120,2017,1346J1120,2,1,1,2,22,5,3,0,0,0,0,0,9,1,6,2017,1346J1120,425681.0,426876.0,-1.612157,53.737658,13,3,2,1,19/06/2017,2,13:30,204,E08000035,E08000035,3,650,6,30.0,3,2,6,0,0,0,1,1,1,0,0,1,2,2,E01011534
12140,20171346J1688,2017,1346J1688,1,1,2,2,16,4,3,0,0,1,0,0,9,1,4,2017,1346J1688,422996.0,434140.0,-1.652323,53.80307,13,3,5,1,19/06/2017,2,17:35,204,E08000035,E08000035,3,647,3,70.0,0,-1,-1,-1,0,0,7,1,1,5,0,1,1,2,E01011587
12141,20171346K0681,2017,1346K0681,2,1,2,1,49,8,3,0,0,0,3,0,11,-1,-1,2017,1346K0681,433194.0,434040.0,-1.497495,53.801624,13,3,2,4,20/06/2017,3,11:15,204,E08000035,E08000035,3,64,3,40.0,0,-1,-1,-1,0,0,1,1,1,0,0,1,1,2,E01011340
12142,20171346K0681,2017,1346K0681,2,2,2,2,54,8,3,0,0,0,3,0,11,-1,-1,2017,1346K0681,433194.0,434040.0,-1.497495,53.801624,13,3,2,4,20/06/2017,3,11:15,204,E08000035,E08000035,3,64,3,40.0,0,-1,-1,-1,0,0,1,1,1,0,0,1,1,2,E01011340
12143,20171346K0681,2017,1346K0681,2,3,2,2,32,6,3,0,0,0,3,0,11,-1,-1,2017,1346K0681,433194.0,434040.0,-1.497495,53.801624,13,3,2,4,20/06/2017,3,11:15,204,E08000035,E08000035,3,64,3,40.0,0,-1,-1,-1,0,0,1,1,1,0,0,1,1,2,E01011340
12144,20171346K0681,2017,1346K0681,2,4,2,2,28,6,3,0,0,0,3,0,11,-1,-1,2017,1346K0681,433194.0,434040.0,-1.497495,53.801624,13,3,2,4,20/06/2017,3,11:15,204,E08000035,E08000035,3,64,3,40.0,0,-1,-1,-1,0,0,1,1,1,0,0,1,1,2,E01011340
12145,20171346K0788,2017,1346K0788,5,1,1,1,18,4,3,0,0,0,0,0,9,2,9,2017,1346K0788,419547.0,441606.0,-1.704218,53.870313,13,3,5,2,20/06/2017,3,12:20,204,E08000035,E08000035,3,65,6,30.0,6,4,6,0,0,4,1,1,1,0,0,1,1,2,E01011267
12146,20171346K0788,2017,1346K0788,5,2,2,1,73,10,3,0,0,1,0,0,9,3,6,2017,1346K0788,419547.0,441606.0,-1.704218,53.870313,13,3,5,2,20/06/2017,3,12:20,204,E08000035,E08000035,3,65,6,30.0,6,4,6,0,0,4,1,1,1,0,0,1,1,2,E01011267
12147,20171346K0836,2017,1346K0836,1,1,1,2,28,6,3,0,0,0,0,0,1,1,7,2017,1346K0836,429383.0,434952.0,-1.555271,53.810049,13,3,2,1,20/06/2017,3,08:45,204,E08000035,E08000035,3,660,6,30.0,3,4,6,0,0,0,1,1,1,0,0,1,2,2,E01033005
12148,20171346K1425,2017,1346K1425,2,1,1,1,6,2,3,0,0,0,0,0,1,1,1,2017,1346K1425,431642.0,435064.0,-1.520955,53.810923,13,3,2,1,20/06/2017,3,16:30,204,E08000035,E08000035,6,0,6,30.0,6,4,6,0,0,0,1,1,1,0,0,1,1,2,E01011677
12149,20171346K2288,2017,1346K2288,1,1,1,2,58,9,3,0,0,0,0,0,9,1,6,2017,1346K2288,429952.0,428053.0,-1.547297,53.748011,13,3,3,1,20/06/2017,3,23:45,204,E08000035,E08000035,6,0,2,30.0,0,-1,-1,-1,0,0,4,1,1,0,0,1,2,2,E01011494
12150,20171346L0439,2017,1346L0439,2,1,1,1,64,9,3,0,0,0,0,0,1,1,2,2017,1346L0439,433917.0,434093.0,-1.486513,53.802054,13,3,2,1,21/06/2017,4,09:00,204,E08000035,E08000035,3,64,6,30.0,9,4,6,0,0,0,1,1,1,0,0,1,2,2,E01011346
12151,20171346L1306,2017,1346L1306,2,1,1,2,24,5,3,0,0,0,0,0,9,1,2,2017,1346L1306,426067.0,436366.0,-1.605506,53.822933,13,3,2,1,21/06/2017,4,15:40,204,E08000035,E08000035,6,0,6,30.0,3,4,6,0,0,0,1,1,1,0,0,1,2,2,E01011485
12152,20171346M0455,2017,1346M0455,2,1,1,1,39,7,3,0,0,0,0,0,9,1,1,2017,1346M0455,422878.0,439312.0,-1.653732,53.84956,13,3,2,1,22/06/2017,5,09:14,204,E08000035,E08000035,6,0,6,30.0,3,4,6,0,0,0,1,1,1,0,0,1,1,2,E01011455
12153,20171346M0902,2017,1346M0902,2,1,1,1,45,7,3,0,0,0,0,0,9,1,1,2017,1346M0902,432498.0,434068.0,-1.50806,53.801919,13,3,2,1,22/06/2017,5,13:17,204,E08000035,E08000035,6,0,6,30.0,3,4,6,0,0,0,1,1,1,0,0,1,1,2,E01011348
12154,20171346M1060,2017,1346M1060,1,1,3,1,25,5,3,5,1,0,0,0,0,1,5,2017,1346M1060,425956.0,438110.0,-1.607047,53.838613,13,3,1,2,22/06/2017,5,14:30,204,E08000035,E08000035,3,6120,6,40.0,0,-1,-1,-1,0,0,1,1,1,0,0,1,1,2,E01011684
12155,20171346M1060,2017,1346M1060,1,2,2,2,59,9,3,0,0,1,0,0,9,2,6,2017,1346M1060,425956.0,438110.0,-1.607047,53.838613,13,3,1,2,22/06/2017,5,14:30,204,E08000035,E08000035,3,6120,6,40.0,0,-1,-1,-1,0,0,1,1,1,0,0,1,1,2,E01011684
12156,20171346M1347,2017,1346M1347,1,1,3,2,18,4,1,6,7,0,0,0,0,3,10,2017,1346M1347,423760.0,444326.0,-1.639939,53.894585,13,1,1,2,22/06/2017,5,16:40,204,E08000035,E08000035,3,660,6,40.0,9,4,6,0,0,0,1,1,1,0,0,2,1,2,E01011570
12157,20171346M1347,2017,1346M1347,1,2,2,1,31,6,3,0,0,1,0,0,9,1,10,2017,1346M1347,423760.0,444326.0,-1.639939,53.894585,13,1,1,2,22/06/2017,5,16:40,204,E08000035,E08000035,3,660,6,40.0,9,4,6,0,0,0,1,1,1,0,0,2,1,2,E01011570
12158,20171346M1566,2017,1346M1566,1,1,1,2,50,8,3,0,0,0,0,0,9,1,3,2017,1346M1566,427779.0,431697.0,-1.57992,53.780882,13,3,2,1,22/06/2017,5,18:22,204,E08000035,E08000035,3,62,6,40.0,3,4,6,0,0,0,7,1,1,0,0,1,1,2,E01011362
12159,20171346M1601,2017,1346M1601,2,1,1,2,48,8,3,0,0,0,0,0,9,3,4,2017,1346M1601,428458.0,426086.0,-1.570131,53.730415,13,3,4,1,22/06/2017,5,18:41,204,E08000035,E08000035,3,650,6,30.0,0,-1,-1,-1,0,0,7,1,1,0,0,1,1,2,E01011553
12160,20171346N0212,2017,1346N0212,1,1,1,1,24,5,2,0,0,0,0,0,3,1,3,2017,1346N0212,429989.0,433390.0,-1.54622,53.795976,13,2,1,1,23/06/2017,6,05:05,204,E08000035,E08000035,6,0,6,30.0,0,-1,-1,-1,0,5,7,1,1,0,0,1,1,2,E01033010
12161,20171346N0833,2017,1346N0833,2,1,1,2,33,6,3,0,0,0,0,0,9,-1,-1,2017,1346N0833,430437.0,433862.0,-1.539372,53.800192,13,3,2,1,23/06/2017,6,13:00,204,E08000035,E08000035,6,0,2,30.0,0,-1,-1,-1,0,0,1,1,1,0,0,1,2,2,E01033010
12162,20171346N0984,2017,1346N0984,2,1,1,2,36,7,3,0,0,0,0,0,9,1,1,2017,1346N0984,430487.0,431747.0,-1.538822,53.78118,13,3,2,2,23/06/2017,6,14:15,204,E08000035,E08000035,3,61,3,30.0,3,2,1,621,0,0,1,1,1,0,0,1,1,2,E01011364
12163,20171346N0984,2017,1346N0984,2,2,2,2,18,4,3,0,0,1,0,0,9,1,1,2017,1346N0984,430487.0,431747.0,-1.538822,53.78118,13,3,2,2,23/06/2017,6,14:15,204,E08000035,E08000035,3,61,3,30.0,3,2,1,621,0,0,1,1,1,0,0,1,1,2,E01011364
12164,20171346N1334,2017,1346N1334,2,1,1,1,39,7,3,0,0,0,0,0,19,1,4,2017,1346N1334,427613.0,441656.0,-1.58155,53.870398,13,3,3,1,23/06/2017,6,16:25,204,E08000035,E08000035,6,0,6,60.0,3,4,6,0,0,0,1,1,2,0,0,2,1,2,E01032504
12165,20171346N1495,2017,1346N1495,1,1,1,1,19,4,2,0,0,0,0,0,9,-1,-1,2017,1346N1495,425295.0,432956.0,-1.617512,53.792323,13,2,5,6,23/06/2017,6,18:34,204,E08000035,E08000035,3,6120,3,40.0,0,-1,-1,-1,0,8,7,2,2,0,0,1,1,2,E01011726
12166,20171346N1495,2017,1346N1495,1,2,2,1,18,4,3,0,0,1,0,0,9,-1,-1,2017,1346N1495,425295.0,432956.0,-1.617512,53.792323,13,2,5,6,23/06/2017,6,18:34,204,E08000035,E08000035,3,6120,3,40.0,0,-1,-1,-1,0,8,7,2,2,0,0,1,1,2,E01011726
12167,20171346N1495,2017,1346N1495,1,3,2,2,17,4,3,0,0,1,0,0,9,1,7,2017,1346N1495,425295.0,432956.0,-1.617512,53.792323,13,2,5,6,23/06/2017,6,18:34,204,E08000035,E08000035,3,6120,3,40.0,0,-1,-1,-1,0,8,7,2,2,0,0,1,1,2,E01011726
12168,20171346N1495,2017,1346N1495,1,4,2,2,19,4,3,0,0,2,0,0,9,-1,-1,2017,1346N1495,425295.0,432956.0,-1.617512,53.792323,13,2,5,6,23/06/2017,6,18:34,204,E08000035,E08000035,3,6120,3,40.0,0,-1,-1,-1,0,8,7,2,2,0,0,1,1,2,E01011726
12169,20171346N1495,2017,1346N1495,1,5,2,1,25,5,2,0,0,2,0,0,9,-1,-1,2017,1346N1495,425295.0,432956.0,-1.617512,53.792323,13,2,5,6,23/06/2017,6,18:34,204,E08000035,E08000035,3,6120,3,40.0,0,-1,-1,-1,0,8,7,2,2,0,0,1,1,2,E01011726
12170,20171346N1495,2017,1346N1495,4,6,2,2,20,4,3,0,0,1,0,0,9,1,4,2017,1346N1495,425295.0,432956.0,-1.617512,53.792323,13,2,5,6,23/06/2017,6,18:34,204,E08000035,E08000035,3,6120,3,40.0,0,-1,-1,-1,0,8,7,2,2,0,0,1,1,2,E01011726
12171,20171346N1646,2017,1346N1646,2,1,1,1,44,7,2,0,0,0,0,0,1,1,9,2017,1346N1646,420763.0,439806.0,-1.685847,53.854088,13,2,2,1,23/06/2017,6,18:30,204,E08000035,E08000035,3,65,6,30.0,0,-1,-1,-1,0,0,7,2,2,0,0,1,1,2,E01011278
12172,20171346N1693,2017,1346N1693,1,1,1,2,52,8,3,0,0,0,0,0,9,1,4,2017,1346N1693,421573.0,441921.0,-1.673386,53.873064,13,3,2,6,23/06/2017,6,18:57,204,E08000035,E08000035,6,0,6,60.0,0,-1,-1,-1,0,0,7,2,2,0,0,2,1,2,E01011269
12173,20171346N1693,2017,1346N1693,1,2,2,1,33,6,3,0,0,1,0,0,9,1,6,2017,1346N1693,421573.0,441921.0,-1.673386,53.873064,13,3,2,6,23/06/2017,6,18:57,204,E08000035,E08000035,6,0,6,60.0,0,-1,-1,-1,0,0,7,2,2,0,0,2,1,2,E01011269
12174,20171346N1693,2017,1346N1693,2,3,1,2,50,8,3,0,0,0,0,0,9,1,10,2017,1346N1693,421573.0,441921.0,-1.673386,53.873064,13,3,2,6,23/06/2017,6,18:57,204,E08000035,E08000035,6,0,6,60.0,0,-1,-1,-1,0,0,7,2,2,0,0,2,1,2,E01011269
12175,20171346N1693,2017,1346N1693,2,4,2,2,16,4,3,0,0,1,0,0,9,1,10,2017,1346N1693,421573.0,441921.0,-1.673386,53.873064,13,3,2,6,23/06/2017,6,18:57,204,E08000035,E08000035,6,0,6,60.0,0,-1,-1,-1,0,0,7,2,2,0,0,2,1,2,E01011269
12176,20171346N1693,2017,1346N1693,2,5,2,2,16,4,3,0,0,2,0,0,9,1,10,2017,1346N1693,421573.0,441921.0,-1.673386,53.873064,13,3,2,6,23/06/2017,6,18:57,204,E08000035,E08000035,6,0,6,60.0,0,-1,-1,-1,0,0,7,2,2,0,0,2,1,2,E01011269
12177,20171346N1693,2017,1346N1693,2,6,2,2,16,4,3,0,0,2,0,0,9,-1,-1,2017,1346N1693,421573.0,441921.0,-1.673386,53.873064,13,3,2,6,23/06/2017,6,18:57,204,E08000035,E08000035,6,0,6,60.0,0,-1,-1,-1,0,0,7,2,2,0,0,2,1,2,E01011269
12178,20171346N2110,2017,1346N2110,1,1,3,1,44,7,3,5,1,0,0,0,0,1,4,2017,1346N2110,429410.0,435417.0,-1.554817,53.814227,13,3,1,1,23/06/2017,6,22:05,204,E08000035,E08000035,6,0,6,30.0,0,-1,-1,-1,0,0,4,1,1,0,0,1,1,2,E01011668
12179,20171346O1334,2017,1346O1334,1,1,1,1,32,6,3,0,0,0,0,0,9,1,1,2017,1346O1334,425956.0,429181.0,-1.607795,53.758362,13,3,2,2,24/06/2017,7,16:10,204,E08000035,E08000035,1,621,3,70.0,0,-1,-1,-1,0,0,1,1,1,0,0,1,1,1,E01011528
12180,20171346O1334,2017,1346O1334,1,2,2,2,28,6,3,0,0,1,0,0,9,1,1,2017,1346O1334,425956.0,429181.0,-1.607795,53.758362,13,3,2,2,24/06/2017,7,16:10,204,E08000035,E08000035,1,621,3,70.0,0,-1,-1,-1,0,0,1,1,1,0,0,1,1,1,E01011528
12181,20171346O1472,2017,1346O1472,1,1,2,1,36,7,3,0,0,2,0,0,9,1,3,2017,1346O1472,424477.0,428547.0,-1.630277,53.752735,13,2,2,3,26/06/2017,2,17:15,204,E08000035,E08000035,3,62,6,30.0,3,4,6,0,0,0,7,1,1,0,0,1,1,2,E01011522
12182,20171346O1472,2017,1346O1472,1,2,2,2,34,6,2,0,0,2,0,0,9,1,3,2017,1346O1472,424477.0,428547.0,-1.630277,53.752735,13,2,2,3,26/06/2017,2,17:15,204,E08000035,E08000035,3,62,6,30.0,3,4,6,0,0,0,7,1,1,0,0,1,1,2,E01011522
12183,20171346O1472,2017,1346O1472,1,3,2,2,1,1,3,0,0,2,0,0,9,1,3,2017,1346O1472,424477.0,428547.0,-1.630277,53.752735,13,2,2,3,26/06/2017,2,17:15,204,E08000035,E08000035,3,62,6,30.0,3,4,6,0,0,0,7,1,1,0,0,1,1,2,E01011522
12184,20171346O2049,2017,1346O2049,1,1,1,1,81,11,2,0,0,0,0,0,9,1,10,2017,1346O2049,435080.0,440645.0,-1.468112,53.860864,13,2,2,1,24/06/2017,7,22:00,204,E08000035,E08000035,6,0,6,40.0,0,-1,-1,-1,0,0,6,1,1,0,0,2,1,2,E01011311
12185,20171346O2056,2017,1346O2056,1,1,1,2,53,8,3,0,0,0,0,0,9,1,6,2017,1346O2056,431583.0,426811.0,-1.522692,53.736752,13,3,2,1,24/06/2017,7,22:00,204,E08000035,E08000035,6,0,6,30.0,3,4,6,0,0,0,4,1,1,0,0,1,2,2,E01032495
12186,20171346O2233,2017,1346O2233,1,1,2,2,83,11,3,0,0,2,0,0,9,1,1,2017,1346O2233,431301.0,433877.0,-1.526253,53.800276,13,3,2,1,24/06/2017,7,23:18,204,E08000035,E08000035,6,0,6,30.0,3,4,6,0,0,0,4,1,1,0,0,1,1,2,E01033031
12187,20171346P0150,2017,1346P0150,1,1,1,1,71,10,3,0,0,0,0,0,9,1,1,2017,1346P0150,429899.0,434276.0,-1.5475,53.803944,13,2,2,5,25/06/2017,1,00:59,204,E08000035,E08000035,3,660,6,30.0,6,2,6,0,0,5,4,1,1,0,0,1,1,2,E01033008
12188,20171346P0150,2017,1346P0150,1,2,2,2,61,9,3,0,0,1,0,0,9,1,1,2017,1346P0150,429899.0,434276.0,-1.5475,53.803944,13,2,2,5,25/06/2017,1,00:59,204,E08000035,E08000035,3,660,6,30.0,6,2,6,0,0,5,4,1,1,0,0,1,1,2,E01033008
12189,20171346P0150,2017,1346P0150,1,3,2,1,60,9,2,0,0,2,0,0,9,1,1,2017,1346P0150,429899.0,434276.0,-1.5475,53.803944,13,2,2,5,25/06/2017,1,00:59,204,E08000035,E08000035,3,660,6,30.0,6,2,6,0,0,5,4,1,1,0,0,1,1,2,E01033008
12190,20171346P0150,2017,1346P0150,1,4,2,2,33,6,3,0,0,2,0,0,9,1,3,2017,1346P0150,429899.0,434276.0,-1.5475,53.803944,13,2,2,5,25/06/2017,1,00:59,204,E08000035,E08000035,3,660,6,30.0,6,2,6,0,0,5,4,1,1,0,0,1,1,2,E01033008
12191,20171346P0150,2017,1346P0150,1,5,2,1,41,7,3,0,0,2,0,0,9,1,4,2017,1346P0150,429899.0,434276.0,-1.5475,53.803944,13,2,2,5,25/06/2017,1,00:59,204,E08000035,E08000035,3,660,6,30.0,6,2,6,0,0,5,4,1,1,0,0,1,1,2,E01033008
12192,20171346P0808,2017,1346P0808,1,1,1,2,60,9,3,0,0,0,0,0,9,2,8,2017,1346P0808,437572.0,432752.0,-1.431185,53.789751,13,3,2,2,25/06/2017,1,12:01,204,E08000035,E08000035,6,0,6,30.0,1,4,6,0,0,0,1,1,1,0,0,1,1,2,E01011411
12193,20171346P0808,2017,1346P0808,1,2,2,1,62,9,3,0,0,1,0,0,9,2,8,2017,1346P0808,437572.0,432752.0,-1.431185,53.789751,13,3,2,2,25/06/2017,1,12:01,204,E08000035,E08000035,6,0,6,30.0,1,4,6,0,0,0,1,1,1,0,0,1,1,2,E01011411
12194,20171346P0879,2017,1346P0879,2,1,1,1,65,9,3,0,0,0,0,0,9,2,5,2017,1346P0879,428463.0,431347.0,-1.569573,53.777699,13,3,2,1,25/06/2017,1,12:40,204,E08000035,E08000035,3,650,6,30.0,6,2,6,0,0,5,1,1,1,0,0,1,1,2,E01011369
12195,20171346P1063,2017,1346P1063,2,1,1,1,51,8,3,0,0,0,0,0,1,1,7,2017,1346P1063,442960.0,431648.0,-1.349559,53.779414,13,3,2,1,25/06/2017,1,14:10,204,E08000035,E08000035,3,63,1,60.0,1,4,3,656,0,0,1,1,1,0,0,2,1,2,E01011404