,accident_index,accident_year_x,accident_reference_x,vehicle_reference,casualty_reference,casualty_class,sex_of_casualty,age_of_casualty,age_band_of_casualty,casualty_severity,pedestrian_location,pedestrian_movement,car_passenger,bus_or_coach_passenger,pedestrian_road_maintenance_worker,casualty_type,casualty_home_area_type,casualty_imd_decile,accident_year_y,accident_reference_y,location_easting_osgr,location_northing_osgr,longitude,latitude,police_force,accident_severity,number_of_vehicles,number_of_casualties,date,day_of_week,time,local_authority_district,local_authority_ons_district,local_authority_highway,first_road_class,first_road_number,road_type,speed_limit,junction_detail,junction_control,second_road_class,second_road_number,pedestrian_crossing_human_control,pedestrian_crossing_physical_facilities,light_conditions,weather_conditions,road_surface_conditions,special_conditions_at_site,carriageway_hazards,urban_or_rural_area,did_police_officer_attend_scene_of_accident,trunk_road_flag,lsoa_of_accident_location
12456,20171348A0345,2017,1348A0345,2,1,1,2,47,8,3,0,0,0,0,0,1,1,10,2017,1348A0345,437673.0,444884.0,-1.42817,53.89878,13,3,2,1,10/08/2017,5,07:50,204,E08000035,E08000035,3,58,6,50.0,0,-1,-1,-1,0,0,1,1,1,0,0,2,1,2,E01011696
12457,20171348A0401,2017,1348A0401,1,1,1,1,30,6,2,0,0,0,0,0,1,1,2,2017,1348A0401,429391.0,434940.0,-1.55515,53.809941,13,2,2,1,10/08/2017,5,08:30,204,E08000035,E08000035,3,660,6,30.0,3,4,6,0,0,0,1,1,1,0,0,1,1,2,E01033005
12458,20171348A0435,2017,1348A0435,2,1,1,2,21,5,3,0,0,0,0,0,9,1,4,2017,1348A0435,426262.0,428407.0,-1.603219,53.75139,13,3,2,1,10/08/2017,5,09:00,204,E08000035,E08000035,6,0,6,30.0,0,-1,-1,-1,0,0,1,1,1,0,0,1,1,2,E01011525
12459,20171348A0864,2017,1348A0864,1,1,1,1,61,9,2,0,0,0,0,0,21,1,1,2017,1348A0864,441768.0,434615.0,-1.367246,53.806177,13,2,2,1,10/08/2017,5,13:10,204,E08000035,E08000035,1,1,3,70.0,0,-1,-1,-1,0,0,1,1,1,0,0,2,1,1,E01011297
12460,20171348A1065,2017,1348A1065,2,1,1,1,52,8,3,0,0,0,0,0,1,2,7,2017,1348A1065,432350.0,433709.0,-1.510344,53.798702,13,3,2,1,10/08/2017,5,14:45,204,E08000035,E08000035,3,64,1,30.0,1,4,6,0,0,0,1,1,1,0,0,1,2,2,E01011348
12461,20171348A1307,2017,1348A1307,1,1,1,2,30,6,3,0,0,0,0,0,9,1,1,2017,1348A1307,421293.0,434064.0,-1.678185,53.802459,13,3,2,2,10/08/2017,5,16:25,204,E08000035,E08000035,6,0,3,70.0,0,-1,-1,-1,0,0,1,1,1,0,0,1,1,2,E01011585
12462,20171348A1307,2017,1348A1307,2,2,1,1,34,6,3,0,0,0,0,0,9,1,3,2017,1348A1307,421293.0,434064.0,-1.678185,53.802459,13,3,2,2,10/08/2017,5,16:25,204,E08000035,E08000035,6,0,3,70.0,0,-1,-1,-1,0,0,1,1,1,0,0,1,1,2,E01011585
12463,20171348A1621,2017,1348A1621,1,1,1,2,31,6,3,0,0,0,0,0,9,1,1,2017,1348A1621,435890.0,437441.0,-1.45617,53.832013,13,3,2,1,10/08/2017,5,18:46,204,E08000035,E08000035,6,0,6,30.0,3,4,6,0,0,0,7,1,1,0,0,1,1,2,E01011718
12464,20171348B0246,2017,1348B0246,1,1,1,1,24,5,3,0,0,0,0,0,9,1,8,2017,1348B0246,437549.0,433226.0,-1.431476,53.794013,13,3,1,1,11/08/2017,6,05:39,204,E08000035,E08000035,3,6120,1,40.0,0,-1,-1,-1,0,0,7,1,1,0,0,1,2,2,E01011411
12465,20171348B0309,2017,1348B0309,2,1,1,1,47,8,3,0,0,0,0,0,19,1,8,2017,1348B0309,428439.0,431638.0,-1.56991,53.780316,13,3,4,2,11/08/2017,6,07:26,204,E08000035,E08000035,1,621,3,50.0,5,4,3,643,0,0,7,1,1,0,0,1,1,1,E01011366
12466,20171348B0309,2017,1348B0309,3,2,1,2,38,7,3,0,0,0,0,0,9,3,5,2017,1348B0309,428439.0,431638.0,-1.56991,53.780316,13,3,4,2,11/08/2017,6,07:26,204,E08000035,E08000035,1,621,3,50.0,5,4,3,643,0,0,7,1,1,0,0,1,1,1,E01011366
12467,20171348B0442,2017,1348B0442,2,1,1,2,39,7,3,0,0,0,0,0,9,1,1,2017,1348B0442,437529.0,433231.0,-1.431779,53.79406,13,3,2,1,11/08/2017,6,09:55,204,E08000035,E08000035,3,6120,3,40.0,3,2,6,0,0,0,1,1,1,0,0,1,2,2,E01011411
12468,20171348B0483,2017,1348B0483,2,1,1,1,31,6,3,0,0,0,0,0,9,1,10,2017,1348B0483,428860.0,433348.0,-1.563362,53.795662,13,3,3,1,11/08/2017,6,10:15,204,E08000035,E08000035,3,643,3,40.0,3,4,6,0,0,0,1,1,1,0,0,1,1,2,E01033013
12469,20171348B0506,2017,1348B0506,1,1,1,2,56,9,3,0,0,0,0,0,9,1,6,2017,1348B0506,424849.0,434636.0,-1.624147,53.807444,13,3,2,1,11/08/2017,6,10:30,204,E08000035,E08000035,3,657,6,30.0,0,-1,-1,-1,0,0,1,1,1,0,0,1,1,2,E01011336
12470,20171348B0524,2017,1348B0524,2,1,1,1,83,11,3,0,0,0,0,0,9,1,5,2017,1348B0524,436188.0,434844.0,-1.451946,53.808651,13,3,2,2,11/08/2017,6,10:40,204,E08000035,E08000035,3,6120,1,30.0,1,4,6,0,0,0,1,1,1,0,0,1,2,2,E01011408
12471,20171348B0524,2017,1348B0524,2,2,2,2,75,10,3,0,0,1,0,0,9,1,5,2017,1348B0524,436188.0,434844.0,-1.451946,53.808651,13,3,2,2,11/08/2017,6,10:40,204,E08000035,E08000035,3,6120,1,30.0,1,4,6,0,0,0,1,1,1,0,0,1,2,2,E01011408
12472,20171348B0881,2017,1348B0881,2,1,2,2,86,11,3,0,0,0,4,0,11,1,5,2017,1348B0881,422241.0,433354.0,-1.663843,53.796039,13,3,2,1,11/08/2017,6,12:50,204,E08000035,E08000035,6,0,6,30.0,3,4,6,0,0,0,1,1,1,0,0,1,2,2,E01011612
12473,20171348B1085,2017,1348B1085,1,1,1,2,41,7,3,0,0,0,0,0,3,1,4,2017,1348B1085,428978.0,429875.0,-1.561896,53.764441,13,3,3,1,11/08/2017,6,15:30,204,E08000035,E08000035,6,0,3,30.0,0,-1,-1,-1,0,0,1,1,1,0,0,1,1,2,E01011320
12474,20171348B1554,2017,1348B1554,1,1,1,2,35,6,3,0,0,0,0,0,9,-1,-1,2017,1348B1554,430020.0,435531.0,-1.545541,53.815216,13,3,3,3,11/08/2017,6,18:55,204,E08000035,E08000035,6,0,6,30.0,9,4,6,0,0,0,7,2,2,0,0,1,1,2,E01011670
12475,20171348B1554,2017,1348B1554,2,2,1,1,36,7,3,0,0,0,0,0,9,1,4,2017,1348B1554,430020.0,435531.0,-1.545541,53.815216,13,3,3,3,11/08/2017,6,18:55,204,E08000035,E08000035,6,0,6,30.0,9,4,6,0,0,0,7,2,2,0,0,1,1,2,E01011670
12476,20171348B1554,2017,1348B1554,3,3,1,2,57,9,3,0,0,0,0,0,9,1,10,2017,1348B1554,430020.0,435531.0,-1.545541,53.815216,13,3,3,3,11/08/2017,6,18:55,204,E08000035,E08000035,6,0,6,30.0,9,4,6,0,0,0,7,2,2,0,0,1,1,2,E01011670
12477,20171348C0953,2017,1348C0953,3,1,2,2,23,5,3,0,0,1,0,0,9,1,3,2017,1348C0953,430558.0,431423.0,-1.537776,53.778264,13,3,3,1,12/08/2017,7,14:20,204,E08000035,E08000035,1,621,3,50.0,0,-1,-1,-1,0,0,1,1,1,0,0,1,1,1,E01011374
12478,20171348C1219,2017,1348C1219,1,1,2,2,3,1,3,0,0,0,2,0,11,1,8,2017,1348C1219,427550.0,436910.0,-1.582931,53.827747,13,3,1,1,12/08/2017,7,15:23,204,E08000035,E08000035,3,660,6,30.0,0,-1,-1,-1,0,0,1,1,1,0,0,1,2,2,E01011694
12479,20171348C1280,2017,1348C1280,1,1,1,2,31,6,3,0,0,0,0,0,9,1,5,2017,1348C1280,429273.0,438616.0,-1.556594,53.842986,13,3,2,1,12/09/2017,3,17:18,204,E08000035,E08000035,3,6120,3,70.0,3,4,6,0,0,5,1,1,1,0,0,1,1,2,E01011559
12480,20171348D1135,2017,1348D1135,3,1,1,1,60,9,3,0,0,0,0,0,5,1,2,2017,1348D1135,445089.0,435123.0,-1.316746,53.810466,13,3,3,1,13/08/2017,1,15:00,204,E08000035,E08000035,3,659,6,60.0,3,4,6,0,0,0,1,1,1,0,0,2,1,2,E01011297
12481,20171348D1140,2017,1348D1140,2,1,1,1,57,9,3,0,0,0,0,0,1,-1,-1,2017,1348D1140,439312.0,432386.0,-1.404821,53.786334,13,3,2,1,13/08/2017,1,15:15,204,E08000035,E08000035,3,642,1,30.0,1,4,3,63,0,0,1,1,1,0,0,2,1,2,E01011402
12482,20171348D1262,2017,1348D1262,2,1,1,1,50,8,3,0,0,0,0,0,4,1,8,2017,1348D1262,422097.0,441758.0,-1.665428,53.871577,13,3,2,1,13/08/2017,1,16:23,204,E08000035,E08000035,3,658,3,30.0,0,-1,-1,-1,0,0,1,1,1,0,0,2,1,2,E01011578
12483,20171348D1593,2017,1348D1593,2,1,1,1,27,6,3,0,0,0,0,0,1,1,2,2017,1348D1593,427279.0,433073.0,-1.587386,53.793275,13,3,2,1,13/08/2017,1,23:40,204,E08000035,E08000035,4,6154,6,30.0,3,4,6,0,0,0,4,1,1,0,0,1,2,2,E01011292
12484,20171348D1715,2017,1348D1715,1,1,1,1,28,6,2,0,0,0,0,0,3,1,1,2017,1348D1715,431285.0,433436.0,-1.526541,53.796313,13,2,2,1,13/08/2017,1,20:00,204,E08000035,E08000035,6,0,6,20.0,0,-1,-1,-1,0,0,7,1,1,0,0,1,1,2,E01033021
12485,20171348E1344,2017,1348E1344,1,1,2,1,30,6,2,0,0,1,0,0,9,-1,-1,2017,1348E1344,430949.0,433978.0,-1.531587,53.801204,13,2,3,1,14/08/2017,2,17:00,204,E08000035,E08000035,6,0,6,30.0,3,4,6,0,0,0,7,1,1,0,0,1,1,2,E01033031
12486,20171348E1417,2017,1348E1417,2,1,1,1,21,5,3,0,0,0,0,0,1,1,1,2017,1348E1417,433183.0,434013.0,-1.497665,53.801382,13,3,2,1,14/08/2017,2,17:20,204,E08000035,E08000035,3,64,3,40.0,6,2,6,0,0,5,7,1,1,0,0,1,1,2,E01011617
12487,20171348E1897,2017,1348E1897,1,1,2,1,20,4,3,0,0,2,0,0,9,1,1,2017,1348E1897,429908.0,426419.0,-1.548121,53.733327,13,3,2,2,14/08/2017,2,21:45,204,E08000035,E08000035,1,62,3,70.0,0,-1,-1,-1,0,0,4,1,2,0,0,2,1,1,E01011538
12488,20171348E1897,2017,1348E1897,2,2,2,1,49,8,3,0,0,1,0,0,21,1,3,2017,1348E1897,429908.0,426419.0,-1.548121,53.733327,13,3,2,2,14/08/2017,2,21:45,204,E08000035,E08000035,1,62,3,70.0,0,-1,-1,-1,0,0,4,1,2,0,0,2,1,1,E01011538
12489,20171348F0736,2017,1348F0736,1,1,3,1,46,8,3,9,9,0,0,0,0,1,7,2017,1348F0736,427987.0,436066.0,-1.576369,53.820138,13,3,1,1,15/08/2017,3,12:10,204,E08000035,E08000035,6,0,6,30.0,0,-1,-1,-1,0,0,1,1,1,0,0,1,2,2,E01011440
12490,20171348F1173,2017,1348F1173,1,1,1,2,51,8,2,0,0,0,0,0,1,1,10,2017,1348F1173,417963.0,442819.0,-1.728236,53.881272,13,2,2,1,15/08/2017,3,16:00,204,E08000035,E08000035,3,65,6,30.0,0,-1,-1,-1,0,0,1,1,1,0,0,1,1,2,E01011266
12491,20171348F1324,2017,1348F1324,1,1,1,1,38,7,2,0,0,0,0,0,1,1,1,2017,1348F1324,430955.0,435788.0,-1.531315,53.817472,13,2,2,1,15/08/2017,3,17:00,204,E08000035,E08000035,6,0,6,30.0,6,2,6,0,0,5,7,1,1,4,0,1,1,2,E01011360
12492,20171348G0386,2017,1348G0386,2,1,1,1,50,8,2,0,0,0,0,0,5,2,9,2017,1348G0386,429795.0,433736.0,-1.549131,53.799096,13,2,2,1,16/08/2017,4,08:00,204,E08000035,E08000035,6,0,6,30.0,3,4,6,0,0,0,1,1,1,0,0,1,1,2,E01033008
12493,20171348G1089,2017,1348G1089,1,1,1,1,18,4,3,0,0,0,0,0,3,1,5,2017,1348G1089,418309.0,441352.0,-1.723059,53.868075,13,3,2,1,16/08/2017,4,15:05,204,E08000035,E08000035,3,6038,6,40.0,6,4,4,6153,0,8,1,1,1,0,0,1,1,2,E01011270
12494,20171348G1397,2017,1348G1397,1,1,3,1,7,2,3,10,9,0,0,0,0,1,1,2017,1348G1397,432304.0,435380.0,-1.510868,53.813723,13,3,1,1,16/08/2017,4,17:24,204,E08000035,E08000035,6,0,6,30.0,0,-1,-1,-1,0,0,7,1,1,0,0,1,2,2,E01011430
12495,20171348G1449,2017,1348G1449,2,1,1,1,23,5,2,0,0,0,0,0,1,1,9,2017,1348G1449,427418.0,434619.0,-1.585139,53.807163,13,2,3,1,16/08/2017,4,17:15,204,E08000035,E08000035,3,65,6,30.0,3,4,6,0,0,0,7,1,1,0,0,1,2,2,E01011482
12496,20171348G1570,2017,1348G1570,1,1,2,1,8,2,3,0,0,2,0,0,9,1,1,2017,1348G1570,423189.0,434664.0,-1.649354,53.807772,13,3,2,1,16/08/2017,4,18:35,204,E08000035,E08000035,4,6157,6,30.0,6,2,6,0,0,4,7,1,1,0,0,1,1,2,E01011335
12497,20171348G1582,2017,1348G1582,2,1,1,2,39,7,3,0,0,0,0,0,1,1,1,2017,1348G1582,425132.0,433877.0,-1.619911,53.800609,13,3,2,1,16/08/2017,4,18:40,204,E08000035,E08000035,6,0,6,30.0,0,-1,-1,-1,0,0,7,1,1,0,0,1,1,2,E01032606
12498,20171348H0725,2017,1348H0725,2,1,1,2,24,5,3,0,0,0,0,0,9,-1,-1,2017,1348H0725,430300.0,425103.0,-1.542308,53.721477,13,3,2,1,17/08/2017,5,12:20,204,E08000035,E08000035,3,650,6,30.0,3,4,6,0,0,0,1,1,1,0,0,1,1,2,E01011537
12499,20171348H1067,2017,1348H1067,2,1,1,2,38,7,3,0,0,0,0,0,9,1,5,2017,1348H1067,428958.0,429816.0,-1.562205,53.763912,13,3,2,2,17/08/2017,5,13:30,204,E08000035,E08000035,6,0,6,30.0,8,4,6,0,0,0,1,1,1,0,0,1,2,2,E01011320
12500,20171348H1067,2017,1348H1067,2,2,2,1,6,2,3,0,0,2,0,0,9,1,5,2017,1348H1067,428958.0,429816.0,-1.562205,53.763912,13,3,2,2,17/08/2017,5,13:30,204,E08000035,E08000035,6,0,6,30.0,8,4,6,0,0,0,1,1,1,0,0,1,2,2,E01011320
12501,20171348H1596,2017,1348H1596,2,1,1,1,55,8,2,0,0,0,0,0,3,1,1,2017,1348H1596,426513.0,433224.0,-1.599001,53.794672,13,2,2,1,17/08/2017,5,19:00,204,E08000035,E08000035,6,0,6,30.0,9,4,6,0,0,0,7,1,1,0,0,1,1,2,E01032607
12502,20171348I0575,2017,1348I0575,2,1,1,2,35,6,3,0,0,0,0,0,9,1,2,2017,1348I0575,428452.0,429063.0,-1.569949,53.757172,13,3,2,1,18/08/2017,6,10:32,204,E08000035,E08000035,3,653,3,40.0,5,4,6,0,0,0,1,1,2,0,0,2,1,2,E01011493
12503,20171348I0614,2017,1348I0614,2,1,1,2,47,8,3,0,0,0,0,0,9,1,1,2017,1348I0614,428450.0,429062.0,-1.569979,53.757163,13,3,2,1,18/08/2017,6,10:58,204,E08000035,E08000035,6,0,6,40.0,3,4,6,0,0,0,1,1,1,0,0,2,1,2,E01011493
12504,20171348I1035,2017,1348I1035,1,1,1,2,34,6,3,0,0,0,0,0,9,1,1,2017,1348I1035,434255.0,437023.0,-1.481057,53.828366,13,3,2,1,18/08/2017,6,14:46,204,E08000035,E08000035,6,0,3,40.0,3,4,6,0,0,8,1,1,2,0,0,2,1,2,E01011644
12505,20171348I1193,2017,1348I1193,2,1,1,1,44,7,3,0,0,0,0,0,5,1,3,2017,1348I1193,428912.0,433683.0,-1.562542,53.79867,13,3,2,1,18/08/2017,6,16:00,204,E08000035,E08000035,6,0,3,30.0,3,4,6,0,0,0,1,8,1,0,0,1,1,2,E01011678
12506,20171348J0557,2017,1348J0557,1,1,2,2,83,11,3,0,0,1,0,0,9,2,7,2017,1348J0557,432417.0,426200.0,-1.510113,53.73121,13,3,2,1,19/08/2017,7,10:40,204,E08000035,E08000035,1,62,1,70.0,1,2,1,1,0,0,1,1,1,0,0,2,1,1,E01011499
12507,20171348J0643,2017,1348J0643,2,1,1,1,57,9,3,0,0,0,0,0,5,1,3,2017,1348J0643,443630.0,436582.0,-1.338696,53.823703,13,3,2,1,19/08/2017,7,11:36,204,E08000035,E08000035,2,1,3,70.0,0,-1,-1,-1,0,0,1,1,1,0,0,2,1,1,E01011297
12508,20171348J0883,2017,1348J0883,1,1,3,1,12,3,3,5,1,0,0,0,0,-1,-1,2017,1348J0883,432031.0,432727.0,-1.515289,53.789896,13,3,2,1,19/08/2017,7,13:58,204,E08000035,E08000035,6,0,6,20.0,6,4,6,0,0,0,1,1,1,0,0,1,1,2,E01011625
12509,20171348J1953,2017,1348J1953,2,1,1,1,22,5,2,0,0,0,0,0,9,-1,-1,2017,1348J1953,420463.0,434022.0,-1.69079,53.802115,13,2,2,1,19/08/2017,7,23:00,204,E08000035,E08000035,6,0,6,30.0,3,4,6,0,0,0,4,1,1,0,0,1,1,2,E01011597
12510,20171348K0769,2017,1348K0769,1,1,1,1,68,10,3,0,0,0,0,0,9,1,1,2017,1348K0769,422565.0,427881.0,-1.659321,53.746835,13,3,1,1,20/08/2017,1,11:34,204,E08000035,E08000035,3,650,6,50.0,0,-1,-1,-1,0,0,1,4,1,0,0,1,1,2,E01011527
12511,20171348K0978,2017,1348K0978,1,1,1,1,36,7,3,0,0,0,0,0,9,1,1,2017,1348K0978,430735.0,435884.0,-1.534647,53.818347,13,3,1,4,20/08/2017,1,13:45,204,E08000035,E08000035,6,0,6,30.0,0,-1,-1,-1,0,0,1,1,1,0,0,1,1,2,E01011360
12512,20171348K0978,2017,1348K0978,1,2,2,2,13,3,3,0,0,1,0,0,9,1,3,2017,1348K0978,430735.0,435884.0,-1.534647,53.818347,13,3,1,4,20/08/2017,1,13:45,204,E08000035,E08000035,6,0,6,30.0,0,-1,-1,-1,0,0,1,1,1,0,0,1,1,2,E01011360
12513,20171348K0978,2017,1348K0978,1,3,2,2,12,3,3,0,0,2,0,0,9,1,1,2017,1348K0978,430735.0,435884.0,-1.534647,53.818347,13,3,1,4,20/08/2017,1,13:45,204,E08000035,E08000035,6,0,6,30.0,0,-1,-1,-1,0,0,1,1,1,0,0,1,1,2,E01011360
12514,20171348K0978,2017,1348K0978,1,4,2,2,12,3,3,0,0,2,0,0,9,1,1,2017,1348K0978,430735.0,435884.0,-1.534647,53.818347,13,3,1,4,20/08/2017,1,13:45,204,E08000035,E08000035,6,0,6,30.0,0,-1,-1,-1,0,0,1,1,1,0,0,1,1,2,E01011360
12515,20171348K1052,2017,1348K1052,1,1,1,1,30,6,3,0,0,0,0,0,9,1,2,2017,1348K1052,431435.0,431610.0,-1.524449,53.779893,13,3,2,2,20/08/2017,1,14:28,204,E08000035,E08000035,3,639,6,30.0,3,2,6,0,0,5,1,1,1,0,0,1,1,2,E01011467
12516,20171348K1052,2017,1348K1052,2,2,2,1,40,7,3,0,0,1,0,0,9,1,7,2017,1348K1052,431435.0,431610.0,-1.524449,53.779893,13,3,2,2,20/08/2017,1,14:28,204,E08000035,E08000035,3,639,6,30.0,3,2,6,0,0,5,1,1,1,0,0,1,1,2,E01011467
12517,20171348K1425,2017,1348K1425,2,1,2,2,25,5,3,0,0,1,0,0,9,1,6,2017,1348K1425,430756.0,433176.0,-1.534597,53.794008,13,3,2,1,20/08/2017,1,17:45,204,E08000035,E08000035,6,0,3,30.0,0,-1,-1,-1,0,0,7,1,1,0,0,1,1,2,E01033034
12518,20171348L1054,2017,1348L1054,2,1,1,1,43,7,3,0,0,0,0,0,21,1,4,2017,1348L1054,428932.0,426429.0,-1.562914,53.733471,13,3,3,1,21/08/2017,2,15:20,204,E08000035,E08000035,1,62,3,70.0,0,-1,-1,-1,0,0,1,1,1,0,0,1,1,1,E01011538
12519,20171348L1463,2017,1348L1463,2,1,1,1,37,7,3,0,0,0,0,0,9,1,3,2017,1348L1463,429847.0,430695.0,-1.548635,53.771762,13,3,2,1,21/08/2017,2,19:00,204,E08000035,E08000035,6,0,3,30.0,0,-1,-1,-1,0,0,7,1,1,0,0,1,1,2,E01011322
12520,20171348L2007,2017,1348L2007,1,1,1,2,19,4,2,0,0,0,0,0,9,1,1,2017,1348L2007,429375.0,433759.0,-1.555505,53.799327,13,2,1,1,21/08/2017,2,23:04,204,E08000035,E08000035,2,58,3,40.0,5,4,6,0,0,0,4,2,2,0,0,1,1,2,E01011678
12521,20171348M0491,2017,1348M0491,1,1,3,2,18,4,3,5,1,0,0,0,0,1,1,2017,1348M0491,423904.0,427895.0,-1.639017,53.746901,13,3,1,1,22/08/2017,3,17:00,204,E08000035,E08000035,3,62,3,30.0,0,-1,-1,-1,0,0,7,1,1,0,0,1,2,1,E01011523
12522,20171348M0541,2017,1348M0541,1,1,3,1,30,6,3,9,9,0,0,0,0,1,2,2017,1348M0541,439977.0,442840.0,-1.393374,53.880238,13,3,1,1,26/08/2017,7,16:15,204,E08000035,E08000035,6,0,6,30.0,0,-1,-1,-1,0,0,1,1,1,0,2,2,1,2,E01011712
12523,20171348M0830,2017,1348M0830,2,1,1,2,71,10,3,0,0,0,0,0,9,1,10,2017,1348M0830,437561.0,432780.0,-1.431348,53.790004,13,3,2,1,22/08/2017,3,12:45,204,E08000035,E08000035,6,0,6,30.0,0,-1,-1,-1,0,0,1,1,1,0,0,1,1,2,E01011411
12524,20171348M1520,2017,1348M1520,1,1,2,1,5,1,3,0,0,2,0,0,9,1,3,2017,1348M1520,428776.0,430891.0,-1.564866,53.773584,13,3,3,1,22/08/2017,3,17:50,204,E08000035,E08000035,6,0,6,30.0,0,-1,-1,-1,0,0,7,1,1,0,0,1,1,2,E01011370
12525,20171348N0407,2017,1348N0407,2,1,1,1,59,9,3,0,0,0,0,0,9,-1,-1,2017,1348N0407,433163.0,433876.0,-1.497984,53.800152,13,3,2,1,23/08/2017,4,09:05,204,E08000035,E08000035,6,0,6,30.0,0,-1,-1,-1,0,0,1,5,2,0,0,1,1,2,E01011617
12526,20171348N0560,2017,1348N0560,1,1,2,2,79,11,3,0,0,0,4,0,11,1,2,2017,1348N0560,429728.0,438846.0,-1.549657,53.845027,13,3,1,1,23/08/2017,4,09:36,204,E08000035,E08000035,3,6120,3,70.0,1,4,6,0,0,0,1,1,1,0,0,1,1,2,E01011559
12527,20171348N1304,2017,1348N1304,1,1,2,1,30,6,3,0,0,0,4,0,11,1,1,2017,1348N1304,430527.0,434060.0,-1.537986,53.801966,13,3,1,1,23/08/2017,4,15:15,204,E08000035,E08000035,6,0,6,30.0,0,-1,-1,-1,0,0,1,1,1,0,0,1,2,2,E01033002
12528,20171348N1391,2017,1348N1391,1,1,3,1,32,6,2,5,1,0,0,0,0,1,1,2017,1348N1391,431455.0,435824.0,-1.523717,53.817765,13,2,1,1,23/08/2017,4,17:22,204,E08000035,E08000035,6,0,6,20.0,6,4,6,0,0,0,7,1,1,0,0,1,1,2,E01011359
12529,20171348N1412,2017,1348N1412,1,1,1,2,45,7,3,0,0,0,0,0,9,1,10,2017,1348N1412,422663.0,434941.0,-1.657321,53.810284,13,3,3,1,22/08/2017,3,17:07,204,E08000035,E08000035,6,0,6,30.0,0,-1,-1,-1,0,0,7,1,1,0,0,1,1,2,E01011328
12530,20171348N1666,2017,1348N1666,1,1,3,1,31,6,2,6,9,0,0,0,0,1,3,2017,1348N1666,429929.0,433406.0,-1.547129,53.796123,13,2,1,1,23/08/2017,4,17:00,204,E08000035,E08000035,6,0,6,30.0,6,2,6,0,0,5,7,1,1,0,0,1,2,2,E01033010
12531,20171348N1865,2017,1348N1865,2,1,1,1,23,5,2,0,0,0,0,0,3,3,7,2017,1348N1865,429263.0,431317.0,-1.557437,53.777385,13,2,2,1,23/08/2017,4,20:30,204,E08000035,E08000035,6,0,6,30.0,0,-1,-1,-1,0,0,4,1,1,0,0,1,1,2,E01011370
12532,20171348O0470,2017,1348O0470,2,1,1,1,57,9,3,0,0,0,0,0,1,1,9,2017,1348O0470,429544.0,439284.0,-1.552412,53.848974,13,3,2,1,24/08/2017,5,09:00,204,E08000035,E08000035,6,0,6,30.0,3,4,6,0,0,0,1,1,1,0,0,1,2,2,E01011559
12533,20171348O1187,2017,1348O1187,3,1,1,1,23,5,3,0,0,0,0,0,9,2,8,2017,1348O1187,442642.0,442325.0,-1.352909,53.875399,13,3,4,1,24/08/2017,5,16:09,204,E08000035,E08000035,2,1,3,70.0,0,-1,-1,-1,0,0,1,1,1,0,0,2,1,1,E01011712
12534,20171348O1371,2017,1348O1371,1,1,1,1,26,6,2,0,0,0,0,0,5,1,1,2017,1348O1371,435897.0,436369.0,-1.456188,53.822377,13,2,2,1,24/08/2017,5,17:29,204,E08000035,E08000035,3,64,3,60.0,0,-1,-1,-1,0,0,7,1,1,0,0,1,1,2,E01011720
12535,20171348O1573,2017,1348O1573,2,1,2,2,77,11,3,0,0,1,0,0,9,3,8,2017,1348O1573,440761.0,445696.0,-1.38107,53.905845,13,3,2,1,24/08/2017,5,18:53,204,E08000035,E08000035,6,0,6,40.0,0,-1,-1,-1,0,0,7,1,1,0,0,2,1,2,E01011696
12536,20171348P0569,2017,1348P0569,1,1,1,2,39,7,3,0,0,0,0,0,9,1,5,2017,1348P0569,429961.0,436597.0,-1.546334,53.824801,13,3,2,1,25/08/2017,6,10:00,204,E08000035,E08000035,6,0,1,40.0,1,4,6,0,0,0,1,1,1,0,0,1,2,2,E01011355
12537,20171348P0675,2017,1348P0675,2,1,1,1,40,7,3,0,0,0,0,0,97,-1,-1,2017,1348P0675,431755.0,434600.0,-1.519286,53.806746,13,3,2,1,25/08/2017,6,09:30,204,E08000035,E08000035,6,0,2,30.0,3,4,6,0,0,0,1,1,1,0,0,1,2,2,E01011677
12538,20171348Q0430,2017,1348Q0430,1,1,1,2,40,7,3,0,0,0,0,0,9,1,2,2017,1348Q0430,425968.0,436677.0,-1.606984,53.825734,13,3,2,1,26/08/2017,7,06:45,204,E08000035,E08000035,6,0,6,30.0,0,-1,-1,-1,0,0,7,1,1,0,0,1,1,2,E01011485
12539,20171348Q1001,2017,1348Q1001,2,1,1,1,45,7,3,0,0,0,0,0,1,1,2,2017,1348Q1001,426204.0,427585.0,-1.604168,53.744005,13,3,2,1,26/08/2017,7,13:46,204,E08000035,E08000035,4,6128,6,30.0,3,4,6,0,0,0,1,1,1,0,0,1,2,2,E01011541
12540,20171348Q1021,2017,1348Q1021,1,1,3,2,93,11,3,5,3,0,0,0,0,1,7,2017,1348Q1021,430710.0,439130.0,-1.534704,53.847523,13,3,1,1,26/08/2017,7,14:02,204,E08000035,E08000035,6,0,6,20.0,0,-1,-1,-1,0,4,1,1,1,0,0,1,1,2,E01011512
12541,20171348Q1082,2017,1348Q1082,1,2,2,2,6,2,3,0,0,2,0,0,9,3,9,2017,1348Q1082,442379.0,442639.0,-1.356866,53.878242,13,3,3,2,26/08/2017,7,14:37,204,E08000035,E08000035,2,1,3,70.0,0,-1,-1,-1,0,0,1,1,1,0,0,2,1,1,E01011712
12542,20171348Q1082,2017,1348Q1082,2,1,1,2,27,6,3,0,0,0,0,0,9,1,3,2017,1348Q1082,442379.0,442639.0,-1.356866,53.878242,13,3,3,2,26/08/2017,7,14:37,204,E08000035,E08000035,2,1,3,70.0,0,-1,-1,-1,0,0,1,1,1,0,0,2,1,1,E01011712