,accident_index,accident_year_x,accident_reference_x,vehicle_reference,casualty_reference,casualty_class,sex_of_casualty,age_of_casualty,age_band_of_casualty,casualty_severity,pedestrian_location,pedestrian_movement,car_passenger,bus_or_coach_passenger,pedestrian_road_maintenance_worker,casualty_type,casualty_home_area_type,casualty_imd_decile,accident_year_y,accident_reference_y,location_easting_osgr,location_northing_osgr,longitude,latitude,police_force,accident_severity,number_of_vehicles,number_of_casualties,date,day_of_week,time,local_authority_district,local_authority_ons_district,local_authority_highway,first_road_class,first_road_number,road_type,speed_limit,junction_detail,junction_control,second_road_class,second_road_number,pedestrian_crossing_human_control,pedestrian_crossing_physical_facilities,light_conditions,weather_conditions,road_surface_conditions,special_conditions_at_site,carriageway_hazards,urban_or_rural_area,did_police_officer_attend_scene_of_accident,trunk_road_flag,lsoa_of_accident_location
12717,20171349Q0319,2017,1349Q0319,2,1,1,2,26,6,2,0,0,0,0,0,1,1,7,2017,1349Q0319,430865.0,436330.0,-1.532628,53.822348,13,2,2,1,26/09/2017,3,08:30,204,E08000035,E08000035,6,0,6,30.0,8,4,6,0,0,0,1,1,1,0,0,1,1,2,E01011356
12718,20171349Q0410,2017,1349Q0410,2,1,1,1,13,3,3,0,0,0,0,0,1,1,2,2017,1349Q0410,435680.0,435974.0,-1.45953,53.818842,13,3,2,1,26/09/2017,3,08:00,204,E08000035,E08000035,6,0,6,30.0,0,-1,-1,-1,0,0,1,1,1,0,0,1,2,2,E01011661
12719,20171349Q0817,2017,1349Q0817,2,1,1,1,41,7,3,0,0,0,0,0,9,1,1,2017,1349Q0817,432375.0,434923.0,-1.509838,53.809611,13,3,4,2,27/09/2017,4,14:45,204,E08000035,E08000035,4,6159,6,30.0,9,4,6,0,0,1,1,1,1,0,0,1,1,2,E01011433
12720,20171349Q0817,2017,1349Q0817,2,2,2,2,34,6,3,0,0,1,0,0,9,1,1,2017,1349Q0817,432375.0,434923.0,-1.509838,53.809611,13,3,4,2,27/09/2017,4,14:45,204,E08000035,E08000035,4,6159,6,30.0,9,4,6,0,0,1,1,1,1,0,0,1,1,2,E01011433
12721,20171349Q0969,2017,1349Q0969,1,1,3,1,11,3,3,1,1,0,0,0,0,1,8,2017,1349Q0969,436304.0,434703.0,-1.450201,53.807376,13,3,1,1,26/09/2017,3,14:56,204,E08000035,E08000035,6,0,6,30.0,0,-1,-1,-1,0,4,1,1,1,0,0,1,1,2,E01011408
12722,20171349Q1247,2017,1349Q1247,2,1,1,2,29,6,3,0,0,0,0,0,9,2,1,2017,1349Q1247,432321.0,426990.0,-1.511486,53.738316,13,3,2,1,26/09/2017,3,16:50,204,E08000035,E08000035,1,1,7,70.0,0,-1,-1,-1,0,0,1,1,1,0,0,2,1,1,E01032496
12723,20171349Q1254,2017,1349Q1254,1,1,1,1,17,4,3,0,0,0,0,0,1,-1,-1,2017,1349Q1254,431458.0,432763.0,-1.523983,53.790254,13,3,2,1,26/09/2017,3,16:54,204,E08000035,E08000035,6,0,6,30.0,0,-1,-1,-1,0,0,1,1,1,0,0,1,1,2,E01011626
12724,20171349Q1756,2017,1349Q1756,2,1,1,2,26,6,3,0,0,0,0,0,9,1,2,2017,1349Q1756,424070.0,435497.0,-1.635911,53.815219,13,3,2,1,26/09/2017,3,19:05,204,E08000035,E08000035,6,0,6,30.0,0,-1,-1,-1,0,4,4,1,1,0,0,1,2,2,E01011329
12725,20171349R0339,2017,1349R0339,2,1,1,1,42,7,3,0,0,0,0,0,1,1,10,2017,1349R0339,425136.0,436550.0,-1.619633,53.824633,13,3,2,1,27/09/2017,4,08:25,204,E08000035,E08000035,3,65,6,40.0,3,4,6,0,0,0,1,1,1,0,0,1,1,2,E01032493
12726,20171349R0697,2017,1349R0697,1,1,1,1,65,9,3,0,0,0,0,0,1,1,1,2017,1349R0697,429925.0,427699.0,-1.54774,53.74483,13,3,2,1,27/09/2017,4,11:50,204,E08000035,E08000035,6,0,6,30.0,3,4,6,0,0,0,1,1,1,0,0,1,1,2,E01011497
12727,20171349R1110,2017,1349R1110,1,1,1,2,76,11,3,0,0,0,0,0,9,1,10,2017,1349R1110,432532.0,443147.0,-1.506588,53.883515,13,3,2,2,27/09/2017,4,15:15,204,E08000035,E08000035,3,61,6,60.0,3,4,6,0,0,0,1,1,1,0,0,2,1,2,E01011561
12728,20171349R1110,2017,1349R1110,2,2,1,2,45,7,3,0,0,0,0,0,9,1,8,2017,1349R1110,432532.0,443147.0,-1.506588,53.883515,13,3,2,2,27/09/2017,4,15:15,204,E08000035,E08000035,3,61,6,60.0,3,4,6,0,0,0,1,1,1,0,0,2,1,2,E01011561
12729,20171349R1994,2017,1349R1994,1,1,1,1,53,8,3,0,0,0,0,0,9,1,9,2017,1349R1994,442111.0,449309.0,-1.360027,53.938208,13,3,1,1,27/09/2017,4,22:55,204,E08000035,E08000035,4,1224,6,60.0,0,-1,-1,-1,0,0,6,2,2,0,0,2,1,2,E01011704
12730,20171349S0313,2017,1349S0313,2,1,1,1,43,7,3,0,0,0,0,0,1,1,3,2017,1349S0313,429195.0,434166.0,-1.5582,53.802995,13,3,2,1,28/09/2017,5,08:15,204,E08000035,E08000035,6,0,6,30.0,3,4,6,0,0,0,1,1,2,0,0,1,1,2,E01011678
12731,20171349S0357,2017,1349S0357,1,1,1,1,24,5,2,0,0,0,0,0,5,1,1,2017,1349S0357,436154.0,429062.0,-1.453137,53.756688,13,2,2,1,28/09/2017,5,08:50,204,E08000035,E08000035,6,0,6,30.0,0,-1,-1,-1,0,0,1,1,1,0,0,1,1,2,E01011638
12732,20171349S0551,2017,1349S0551,2,1,1,2,29,6,3,0,0,0,0,0,9,1,4,2017,1349S0551,424919.0,437401.0,-1.622862,53.832292,13,3,2,1,28/09/2017,5,10:40,204,E08000035,E08000035,6,0,6,30.0,0,-1,-1,-1,0,0,1,1,1,0,0,1,2,2,E01011464
12733,20171349S1093,2017,1349S1093,1,1,3,1,62,9,2,5,1,0,0,0,0,1,1,2017,1349S1093,431514.0,435598.0,-1.522844,53.815731,13,2,1,1,28/09/2017,5,15:30,204,E08000035,E08000035,6,0,6,20.0,0,-1,-1,-1,0,0,1,1,1,0,0,1,1,2,E01011426
12734,20171349S1466,2017,1349S1466,1,1,3,1,46,8,3,5,9,0,0,0,0,-1,-1,2017,1349S1466,422952.0,434620.0,-1.652956,53.807387,13,3,1,1,28/09/2017,5,18:21,204,E08000035,E08000035,6,0,6,30.0,0,-1,-1,-1,0,0,7,1,1,0,0,1,1,2,E01011335
12735,20171349S1597,2017,1349S1597,2,1,1,1,19,4,2,0,0,0,0,0,1,1,5,2017,1349S1597,428278.0,435036.0,-1.572043,53.810865,13,2,2,1,28/09/2017,5,18:44,204,E08000035,E08000035,6,0,6,30.0,3,4,6,0,0,0,4,1,1,0,0,1,2,2,E01011447
12736,20171349T0423,2017,1349T0423,2,1,1,1,18,4,3,0,0,0,0,0,1,1,9,2017,1349T0423,429392.0,434944.0,-1.555135,53.809976,13,3,2,1,30/09/2017,7,08:36,204,E08000035,E08000035,3,660,6,30.0,3,4,6,0,0,0,1,1,2,0,0,1,1,2,E01033005
12737,20171349T0551,2017,1349T0551,2,1,1,1,23,5,3,0,0,0,0,0,3,1,1,2017,1349T0551,423801.0,435302.0,-1.640011,53.813478,13,3,2,1,29/09/2017,6,09:37,204,E08000035,E08000035,6,0,6,30.0,3,4,6,0,0,0,1,2,2,0,0,1,1,2,E01011329
12738,20171349T1063,2017,1349T1063,2,1,1,1,25,5,3,0,0,0,0,0,1,1,5,2017,1349T1063,430097.0,431521.0,-1.544762,53.779172,13,3,2,1,29/09/2017,6,14:20,204,E08000035,E08000035,3,653,6,30.0,9,4,6,0,0,0,1,1,1,0,0,1,1,2,E01011371
12739,20171349T1315,2017,1349T1315,2,1,1,1,11,3,3,0,0,0,0,0,1,-1,-1,2017,1349T1315,432097.0,435842.0,-1.513964,53.817888,13,3,2,1,29/09/2017,6,15:55,204,E08000035,E08000035,3,58,3,40.0,0,-1,-1,-1,0,0,1,1,1,0,0,1,1,2,E01011427
12740,20171349T1492,2017,1349T1492,2,1,1,1,64,9,3,0,0,0,0,0,4,1,7,2017,1349T1492,430394.0,437927.0,-1.539626,53.836729,13,3,2,1,29/09/2017,6,15:00,204,E08000035,E08000035,6,0,6,30.0,0,-1,-1,-1,0,0,1,1,1,0,0,1,2,2,E01011515
12741,20171349U0176,2017,1349U0176,1,1,1,1,25,5,3,0,0,0,0,0,9,1,3,2017,1349U0176,425105.0,434118.0,-1.620302,53.802776,13,3,1,1,30/09/2017,7,01:55,204,E08000035,E08000035,6,0,6,30.0,0,-1,-1,-1,0,0,4,1,1,0,0,1,1,2,E01032606
12742,20171349U0210,2017,1349U0210,1,1,3,2,20,4,3,9,5,0,0,0,0,-1,-1,2017,1349U0210,428760.0,435592.0,-1.564672,53.815836,13,3,1,1,30/09/2017,7,02:10,204,E08000035,E08000035,3,660,6,30.0,0,-1,-1,-1,0,0,4,1,1,0,0,1,2,2,E01032946
12743,20171349U0815,2017,1349U0815,2,1,1,1,23,5,3,0,0,0,0,0,9,1,4,2017,1349U0815,428913.0,435507.0,-1.562356,53.815063,13,3,2,1,27/09/2017,4,16:15,204,E08000035,E08000035,3,660,6,30.0,3,4,6,0,0,0,1,1,1,0,0,1,2,2,E01011443
12744,20171349U0835,2017,1349U0835,2,1,2,2,23,5,3,0,0,2,0,0,9,1,5,2017,1349U0835,443328.0,438917.0,-1.342955,53.844713,13,3,4,1,30/09/2017,7,12:15,204,E08000035,E08000035,2,1,3,70.0,0,-1,-1,-1,0,0,1,1,1,0,0,2,1,1,E01011309
12745,20171349U1065,2017,1349U1065,2,1,2,2,39,7,2,0,0,0,4,0,11,1,1,2017,1349U1065,430917.0,436527.0,-1.531818,53.824116,13,2,2,1,30/09/2017,7,14:09,204,E08000035,E08000035,6,0,6,30.0,3,4,4,6159,0,0,1,1,1,0,0,1,1,2,E01011356
12746,20171349U1119,2017,1349U1119,1,1,1,1,44,7,3,0,0,0,0,0,5,1,2,2017,1349U1119,441781.0,431803.0,-1.367428,53.780903,13,3,1,1,30/09/2017,7,14:30,204,E08000035,E08000035,3,63,6,40.0,0,-1,-1,-1,0,0,1,2,2,0,0,2,1,2,E01011404
12747,2017134A10697,2017,134A10697,1,1,2,2,21,5,3,0,0,2,0,0,8,1,1,2017,134A10697,429802.0,434147.0,-1.548986,53.80279,13,3,2,4,01/10/2017,1,01:30,204,E08000035,E08000035,6,0,6,30.0,0,-1,-1,-1,0,0,4,1,1,0,0,1,2,2,E01033008
12748,2017134A10697,2017,134A10697,1,2,2,1,22,5,3,0,0,2,0,0,8,1,1,2017,134A10697,429802.0,434147.0,-1.548986,53.80279,13,3,2,4,01/10/2017,1,01:30,204,E08000035,E08000035,6,0,6,30.0,0,-1,-1,-1,0,0,4,1,1,0,0,1,2,2,E01033008
12749,2017134A10697,2017,134A10697,1,3,2,1,21,5,3,0,0,2,0,0,8,1,1,2017,134A10697,429802.0,434147.0,-1.548986,53.80279,13,3,2,4,01/10/2017,1,01:30,204,E08000035,E08000035,6,0,6,30.0,0,-1,-1,-1,0,0,4,1,1,0,0,1,2,2,E01033008
12750,2017134A10697,2017,134A10697,1,4,2,1,18,4,3,0,0,1,0,0,8,1,1,2017,134A10697,429802.0,434147.0,-1.548986,53.80279,13,3,2,4,01/10/2017,1,01:30,204,E08000035,E08000035,6,0,6,30.0,0,-1,-1,-1,0,0,4,1,1,0,0,1,2,2,E01033008
12751,2017134A10834,2017,134A10834,2,1,1,2,61,9,2,0,0,0,0,0,9,1,5,2017,134A10834,428394.0,429372.0,-1.5708,53.759952,13,2,2,2,01/10/2017,1,12:45,204,E08000035,E08000035,3,6110,1,40.0,1,4,6,0,0,0,1,1,1,0,0,2,1,2,E01011531
12752,2017134A10834,2017,134A10834,2,2,2,2,23,5,3,0,0,1,0,0,9,1,5,2017,134A10834,428394.0,429372.0,-1.5708,53.759952,13,2,2,2,01/10/2017,1,12:45,204,E08000035,E08000035,3,6110,1,40.0,1,4,6,0,0,0,1,1,1,0,0,2,1,2,E01011531
12753,2017134A11598,2017,134A11598,1,1,1,2,47,8,3,0,0,0,0,0,9,1,7,2017,134A11598,432520.0,427325.0,-1.508434,53.741315,13,3,2,3,03/10/2017,3,18:59,204,E08000035,E08000035,3,61,6,30.0,6,2,3,654,0,0,4,1,1,0,0,1,1,2,E01032496
12754,2017134A11598,2017,134A11598,1,2,2,1,41,7,3,0,0,1,0,0,9,1,7,2017,134A11598,432520.0,427325.0,-1.508434,53.741315,13,3,2,3,03/10/2017,3,18:59,204,E08000035,E08000035,3,61,6,30.0,6,2,3,654,0,0,4,1,1,0,0,1,1,2,E01032496
12755,2017134A11598,2017,134A11598,2,3,2,2,71,10,3,0,0,1,0,0,9,2,10,2017,134A11598,432520.0,427325.0,-1.508434,53.741315,13,3,2,3,03/10/2017,3,18:59,204,E08000035,E08000035,3,61,6,30.0,6,2,3,654,0,0,4,1,1,0,0,1,1,2,E01032496
12756,2017134A11674,2017,134A11674,1,1,3,1,88,11,2,5,3,0,0,0,0,1,3,2017,134A11674,421270.0,435072.0,-1.678466,53.81152,13,2,1,1,01/10/2017,1,19:30,204,E08000035,E08000035,6,0,6,30.0,0,-1,-1,-1,0,0,4,1,1,0,0,1,1,2,E01011594
12757,2017134A12045,2017,134A12045,1,1,1,1,58,9,3,0,0,0,0,0,9,-1,-1,2017,134A12045,424968.0,434814.0,-1.622326,53.809038,13,3,2,1,01/10/2017,1,22:32,204,E08000035,E08000035,6,0,6,20.0,6,4,6,0,0,0,4,1,1,0,0,1,1,2,E01011282
12758,2017134A12049,2017,134A12049,1,1,3,2,14,3,2,5,4,0,0,0,0,1,6,2017,134A12049,432165.0,439783.0,-1.512522,53.853304,13,2,1,1,01/10/2017,1,22:29,204,E08000035,E08000035,6,0,6,30.0,0,-1,-1,-1,0,0,4,1,2,0,0,1,1,2,E01011568
12759,2017134A20243,2017,134A20243,2,1,1,2,38,7,2,0,0,0,0,0,1,3,10,2017,134A20243,428793.0,435578.0,-1.564172,53.815708,13,2,2,1,02/10/2017,2,09:00,204,E08000035,E08000035,6,0,6,30.0,9,4,6,0,0,0,1,1,1,0,0,1,1,2,E01032946
12760,2017134A20254,2017,134A20254,2,1,1,2,55,8,3,0,0,0,0,0,19,1,8,2017,134A20254,424146.0,428248.0,-1.63532,53.750063,13,3,2,1,02/10/2017,2,07:45,204,E08000035,E08000035,3,650,1,40.0,1,2,3,62,0,0,1,1,1,0,0,1,1,1,E01011523
12761,2017134A20317,2017,134A20317,1,1,3,2,81,11,2,5,2,0,0,0,0,1,7,2017,134A20317,419685.0,446208.0,-1.701826,53.911669,13,2,1,1,02/10/2017,2,08:25,204,E08000035,E08000035,6,0,6,30.0,0,-1,-1,-1,0,0,1,1,1,0,0,1,1,2,E01011581
12762,2017134A21433,2017,134A21433,2,1,2,2,11,3,3,0,0,2,0,0,8,1,1,2017,134A21433,430637.0,433877.0,-1.536334,53.800315,13,3,3,1,02/10/2017,2,17:40,204,E08000035,E08000035,2,64,3,40.0,0,-1,-1,-1,0,0,7,1,1,0,0,1,1,2,E01033010
12763,2017134A21835,2017,134A21835,1,1,1,1,22,5,3,0,0,0,0,0,9,1,7,2017,134A21835,422834.0,439627.0,-1.654377,53.852393,13,3,1,2,02/10/2017,2,20:20,204,E08000035,E08000035,6,0,6,60.0,0,-1,-1,-1,0,0,6,2,2,0,0,2,1,2,E01011455
12764,2017134A21835,2017,134A21835,1,2,2,2,49,8,3,0,0,1,0,0,9,1,7,2017,134A21835,422834.0,439627.0,-1.654377,53.852393,13,3,1,2,02/10/2017,2,20:20,204,E08000035,E08000035,6,0,6,60.0,0,-1,-1,-1,0,0,6,2,2,0,0,2,1,2,E01011455
12765,2017134A22152,2017,134A22152,2,1,2,1,19,4,3,0,0,2,0,0,9,1,5,2017,134A22152,432212.0,426239.0,-1.513216,53.731573,13,3,2,3,02/10/2017,2,23:45,204,E08000035,E08000035,1,1,3,50.0,1,2,1,62,0,0,4,1,1,0,0,2,1,1,E01011499
12766,2017134A22152,2017,134A22152,2,2,2,2,17,4,3,0,0,2,0,0,9,1,5,2017,134A22152,432212.0,426239.0,-1.513216,53.731573,13,3,2,3,02/10/2017,2,23:45,204,E08000035,E08000035,1,1,3,50.0,1,2,1,62,0,0,4,1,1,0,0,2,1,1,E01011499
12767,2017134A22152,2017,134A22152,2,3,2,2,42,7,3,0,0,2,0,0,9,-1,-1,2017,134A22152,432212.0,426239.0,-1.513216,53.731573,13,3,2,3,02/10/2017,2,23:45,204,E08000035,E08000035,1,1,3,50.0,1,2,1,62,0,0,4,1,1,0,0,2,1,1,E01011499
12768,2017134A30400,2017,134A30400,1,1,1,1,33,6,3,0,0,0,0,0,9,2,5,2017,134A30400,437934.0,430689.0,-1.425943,53.771184,13,3,1,1,03/10/2017,3,09:30,204,E08000035,E08000035,6,0,6,30.0,0,-1,-1,-1,0,0,1,1,1,0,0,2,2,2,E01011391
12769,2017134A30422,2017,134A30422,1,1,2,1,14,3,3,0,0,0,4,0,11,-1,-1,2017,134A30422,434534.0,433677.0,-1.477192,53.798274,13,3,1,2,04/10/2017,4,08:00,204,E08000035,E08000035,4,6159,3,30.0,0,-1,-1,-1,0,0,1,1,1,0,0,1,2,2,E01011415
12770,2017134A30422,2017,134A30422,1,2,2,1,14,3,3,0,0,0,4,0,11,-1,-1,2017,134A30422,434534.0,433677.0,-1.477192,53.798274,13,3,1,2,04/10/2017,4,08:00,204,E08000035,E08000035,4,6159,3,30.0,0,-1,-1,-1,0,0,1,1,1,0,0,1,2,2,E01011415
12771,2017134A30474,2017,134A30474,1,1,2,2,52,8,3,0,0,2,0,0,8,1,10,2017,134A30474,428619.0,436947.0,-1.566688,53.828022,13,3,2,2,03/10/2017,3,02:00,204,E08000035,E08000035,6,0,6,30.0,3,4,4,6157,0,4,7,1,1,0,0,1,2,2,E01011693
12772,2017134A30474,2017,134A30474,1,2,2,2,78,11,3,0,0,2,0,0,8,3,9,2017,134A30474,428619.0,436947.0,-1.566688,53.828022,13,3,2,2,03/10/2017,3,02:00,204,E08000035,E08000035,6,0,6,30.0,3,4,4,6157,0,4,7,1,1,0,0,1,2,2,E01011693
12773,2017134A30670,2017,134A30670,1,1,2,1,57,9,3,0,0,1,0,0,9,1,5,2017,134A30670,427484.0,432589.0,-1.584317,53.788914,13,3,3,1,03/10/2017,3,11:50,204,E08000035,E08000035,6,0,1,30.0,1,4,6,0,0,0,1,1,1,0,0,1,1,2,E01011362
12774,2017134A30780,2017,134A30780,1,1,3,1,38,7,3,1,1,0,0,0,0,-1,-1,2017,134A30780,429741.0,433800.0,-1.549945,53.799675,13,3,1,1,03/10/2017,3,12:49,204,E08000035,E08000035,6,0,6,30.0,0,-1,-1,-1,0,5,1,1,1,0,0,1,2,2,E01033008
12775,2017134A31405,2017,134A31405,1,1,1,2,52,8,3,0,0,0,0,0,9,1,6,2017,134A31405,429197.0,431017.0,-1.558466,53.774693,13,3,2,1,03/10/2017,3,18:00,204,E08000035,E08000035,6,0,6,30.0,3,4,6,0,0,0,7,1,1,0,0,1,2,2,E01011314
12776,2017134A31422,2017,134A31422,1,1,1,1,41,7,3,0,0,0,0,0,4,1,6,2017,134A31422,429957.0,435604.0,-1.546491,53.815876,13,3,3,1,03/10/2017,3,17:35,204,E08000035,E08000035,6,0,2,30.0,9,4,6,0,0,0,7,1,1,0,0,1,1,2,E01011669
12777,2017134A32023,2017,134A32023,2,1,1,1,20,4,3,0,0,0,0,0,1,1,6,2017,134A32023,430990.0,430597.0,-1.531303,53.770815,13,3,2,1,03/10/2017,3,17:00,204,E08000035,E08000035,6,0,6,30.0,3,4,1,621,0,0,7,1,1,0,0,1,2,2,E01011471
12778,2017134A32073,2017,134A32073,1,1,1,1,20,4,2,0,0,0,0,0,3,1,5,2017,134A32073,424952.0,433449.0,-1.622679,53.796771,13,2,2,1,03/10/2017,3,22:02,204,E08000035,E08000035,6,0,6,30.0,0,-1,-1,-1,0,0,4,1,2,0,0,1,1,2,E01011727
12779,2017134A41049,2017,134A41049,2,1,1,1,41,7,3,0,0,0,0,0,9,1,3,2017,134A41049,432101.0,436049.0,-1.513882,53.819748,13,3,2,1,04/10/2017,4,15:10,204,E08000035,E08000035,6,0,6,30.0,3,4,6,0,0,0,1,1,2,0,0,1,1,2,E01011647
12780,2017134A50288,2017,134A50288,1,1,1,2,38,7,3,0,0,0,0,0,9,-1,-1,2017,134A50288,430891.0,433812.0,-1.532485,53.799716,13,3,3,3,05/10/2017,5,07:55,204,E08000035,E08000035,2,64,7,40.0,5,4,2,64,0,0,1,1,1,0,0,1,1,2,E01033031
12781,2017134A50288,2017,134A50288,2,2,1,1,56,9,3,0,0,0,0,0,9,1,5,2017,134A50288,430891.0,433812.0,-1.532485,53.799716,13,3,3,3,05/10/2017,5,07:55,204,E08000035,E08000035,2,64,7,40.0,5,4,2,64,0,0,1,1,1,0,0,1,1,2,E01033031
12782,2017134A50288,2017,134A50288,2,3,2,2,53,8,3,0,0,1,0,0,9,1,5,2017,134A50288,430891.0,433812.0,-1.532485,53.799716,13,3,3,3,05/10/2017,5,07:55,204,E08000035,E08000035,2,64,7,40.0,5,4,2,64,0,0,1,1,1,0,0,1,1,2,E01033031
12783,2017134A50352,2017,134A50352,2,1,1,2,52,8,3,0,0,0,0,0,9,1,5,2017,134A50352,430750.0,433838.0,-1.534623,53.799958,13,3,5,1,05/10/2017,5,08:48,204,E08000035,E08000035,2,64,3,40.0,0,-1,-1,-1,0,0,1,1,1,0,0,1,1,2,E01033010
12784,2017134A50413,2017,134A50413,2,1,1,2,47,8,3,0,0,0,0,0,9,1,5,2017,134A50413,430615.0,431825.0,-1.536871,53.781874,13,3,2,2,04/10/2017,4,16:30,204,E08000035,E08000035,3,61,3,40.0,3,2,3,61,0,0,1,1,1,0,0,1,2,2,E01011364
12785,2017134A50413,2017,134A50413,2,2,2,1,41,7,3,0,0,1,0,0,9,1,5,2017,134A50413,430615.0,431825.0,-1.536871,53.781874,13,3,2,2,04/10/2017,4,16:30,204,E08000035,E08000035,3,61,3,40.0,3,2,3,61,0,0,1,1,1,0,0,1,2,2,E01011364
12786,2017134A50914,2017,134A50914,1,1,1,1,86,11,3,0,0,0,0,0,9,1,7,2017,134A50914,441744.0,433944.0,-1.367701,53.800148,13,3,2,1,05/10/2017,5,14:12,204,E08000035,E08000035,3,642,1,30.0,1,4,6,0,0,0,1,1,1,0,0,1,1,2,E01011297
12787,2017134A51128,2017,134A51128,2,1,1,2,48,8,3,0,0,0,0,0,9,1,8,2017,134A51128,437953.0,433036.0,-1.425367,53.792276,13,3,3,2,05/10/2017,5,19:50,204,E08000035,E08000035,3,63,1,40.0,1,2,6,0,0,0,7,1,1,0,0,2,1,1,E01011402
12788,2017134A51128,2017,134A51128,3,2,1,1,64,9,3,0,0,0,0,0,9,1,5,2017,134A51128,437953.0,433036.0,-1.425367,53.792276,13,3,3,2,05/10/2017,5,19:50,204,E08000035,E08000035,3,63,1,40.0,1,2,6,0,0,0,7,1,1,0,0,2,1,1,E01011402
12789,2017134A51741,2017,134A51741,1,1,2,2,35,6,2,0,0,0,4,0,11,1,1,2017,134A51741,429405.0,432004.0,-1.555217,53.783552,13,2,1,1,05/10/2017,5,18:00,204,E08000035,E08000035,1,621,7,50.0,5,4,1,621,0,0,7,1,2,0,0,1,2,1,E01011364
12790,2017134A60291,2017,134A60291,1,1,3,2,13,3,3,5,1,0,0,0,0,-1,-1,2017,134A60291,433265.0,429061.0,-1.496953,53.75687,13,3,1,1,06/10/2017,6,07:54,204,E08000035,E08000035,6,0,6,30.0,9,4,6,0,0,0,1,1,1,0,0,1,1,2,E01011630
12791,2017134A60359,2017,134A60359,1,1,3,2,62,9,2,1,1,0,0,0,0,1,7,2017,134A60359,429780.0,433925.0,-1.549341,53.800796,13,2,1,1,04/10/2017,4,17:20,204,E08000035,E08000035,6,0,2,30.0,6,2,6,0,0,5,7,2,2,0,0,1,2,2,E01033010
12792,2017134A60514,2017,134A60514,1,1,1,1,49,8,3,0,0,0,0,0,9,3,6,2017,134A60514,436518.0,431042.0,-1.447384,53.774458,13,3,2,1,06/10/2017,6,10:25,204,E08000035,E08000035,1,1,3,70.0,0,-1,-1,-1,0,0,1,1,1,0,0,2,1,1,E01011420
12793,2017134A60588,2017,134A60588,2,1,1,2,43,7,3,0,0,0,0,0,1,1,1,2017,134A60588,435896.0,425845.0,-1.457422,53.727792,13,3,2,1,06/10/2017,6,19:10,204,E08000035,E08000035,3,653,1,40.0,1,4,1,62,0,0,7,1,1,0,0,2,1,2,E01011636
12794,2017134A60790,2017,134A60790,1,1,1,1,36,7,3,0,0,0,0,0,3,3,9,2017,134A60790,431238.0,445740.0,-1.526009,53.906899,13,3,1,1,06/10/2017,6,13:02,204,E08000035,E08000035,3,61,6,40.0,9,4,3,659,0,0,1,1,1,0,0,2,1,2,E01011561
12795,2017134A61264,2017,134A61264,1,1,1,1,24,5,3,0,0,0,0,0,9,1,6,2017,134A61264,443660.0,436751.0,-1.338216,53.825219,13,3,1,1,06/10/2017,6,16:27,204,E08000035,E08000035,2,1,3,70.0,0,-1,-1,-1,0,0,1,1,1,0,0,2,1,1,E01011297
12796,2017134A61430,2017,134A61430,2,1,1,1,38,7,3,0,0,0,0,0,1,-1,-1,2017,134A61430,431379.0,435076.0,-1.524947,53.811047,13,3,2,1,06/10/2017,6,17:36,204,E08000035,E08000035,3,58,6,40.0,0,-1,-1,-1,0,0,4,1,1,0,0,1,1,2,E01011429
12797,2017134A70163,2017,134A70163,1,1,1,1,39,7,2,0,0,0,0,0,9,1,3,2017,134A70163,429065.0,428783.0,-1.560678,53.754621,13,2,2,2,07/10/2017,7,01:48,204,E08000035,E08000035,6,0,6,40.0,0,-1,-1,-1,0,0,4,1,1,0,0,2,1,2,E01011493
12798,2017134A70163,2017,134A70163,2,2,1,1,41,7,3,0,0,0,0,0,8,-1,-1,2017,134A70163,429065.0,428783.0,-1.560678,53.754621,13,2,2,2,07/10/2017,7,01:48,204,E08000035,E08000035,6,0,6,40.0,0,-1,-1,-1,0,0,4,1,1,0,0,2,1,2,E01011493
12799,2017134A71037,2017,134A71037,1,1,3,2,8,2,3,5,3,0,0,0,0,1,1,2017,134A71037,432479.0,434930.0,-1.508258,53.809668,13,3,1,1,07/10/2017,7,14:10,204,E08000035,E08000035,6,0,6,20.0,0,-1,-1,-1,0,0,1,1,1,0,0,1,1,2,E01011433
12800,2017134A81169,2017,134A81169,1,1,1,1,26,6,2,0,0,0,0,0,3,1,2,2017,134A81169,426483.0,436340.0,-1.599189,53.822679,13,2,2,1,08/10/2017,1,15:41,204,E08000035,E08000035,6,0,6,30.0,3,4,6,0,0,0,1,1,1,0,0,1,1,2,E01011489
12801,2017134A81188,2017,134A81188,1,1,3,2,13,3,3,5,2,0,0,0,0,1,3,2017,134A81188,430122.0,431855.0,-1.54435,53.782172,13,3,1,1,08/10/2017,1,15:50,204,E08000035,E08000035,3,653,6,30.0,0,-1,-1,-1,0,0,1,1,1,0,0,1,1,2,E01011364
12802,2017134A81358,2017,134A81358,1,1,1,1,31,6,3,0,0,0,0,0,8,-1,-1,2017,134A81358,431193.0,433714.0,-1.527909,53.798817,13,3,2,3,08/10/2017,1,17:00,204,E08000035,E08000035,6,0,3,30.0,3,2,6,0,0,0,7,1,1,0,0,1,2,2,E01033031
12803,2017134A81358,2017,134A81358,1,2,2,2,20,4,3,0,0,2,0,0,8,1,1,2017,134A81358,431193.0,433714.0,-1.527909,53.798817,13,3,2,3,08/10/2017,1,17:00,204,E08000035,E08000035,6,0,3,30.0,3,2,6,0,0,0,7,1,1,0,0,1,2,2,E01033031