,accident_index,accident_year_x,accident_reference_x,vehicle_reference,casualty_reference,casualty_class,sex_of_casualty,age_of_casualty,age_band_of_casualty,casualty_severity,pedestrian_location,pedestrian_movement,car_passenger,bus_or_coach_passenger,pedestrian_road_maintenance_worker,casualty_type,casualty_home_area_type,casualty_imd_decile,accident_year_y,accident_reference_y,location_easting_osgr,location_northing_osgr,longitude,latitude,police_force,accident_severity,number_of_vehicles,number_of_casualties,date,day_of_week,time,local_authority_district,local_authority_ons_district,local_authority_highway,first_road_class,first_road_number,road_type,speed_limit,junction_detail,junction_control,second_road_class,second_road_number,pedestrian_crossing_human_control,pedestrian_crossing_physical_facilities,light_conditions,weather_conditions,road_surface_conditions,special_conditions_at_site,carriageway_hazards,urban_or_rural_area,did_police_officer_attend_scene_of_accident,trunk_road_flag,lsoa_of_accident_location
12804,2017134A81358,2017,134A81358,1,3,2,2,24,5,3,0,0,2,0,0,8,1,1,2017,134A81358,431193.0,433714.0,-1.527909,53.798817,13,3,2,3,08/10/2017,1,17:00,204,E08000035,E08000035,6,0,3,30.0,3,2,6,0,0,0,7,1,1,0,0,1,2,2,E01033031
12805,2017134A81445,2017,134A81445,1,1,3,2,22,5,3,5,3,0,0,0,0,1,2,2017,134A81445,430165.0,425118.0,-1.544352,53.721619,13,3,1,1,08/10/2017,1,17:49,204,E08000035,E08000035,3,650,6,30.0,0,-1,-1,-1,0,0,7,1,1,0,0,1,1,2,E01011537
12806,2017134A81462,2017,134A81462,1,1,1,1,20,4,3,0,0,0,0,0,9,1,3,2017,134A81462,431448.0,432694.0,-1.524142,53.789634,13,3,2,2,08/10/2017,1,17:55,204,E08000035,E08000035,3,61,3,40.0,6,2,6,0,0,5,7,1,1,0,0,1,1,2,E01011626
12807,2017134A81462,2017,134A81462,2,2,1,2,23,5,3,0,0,0,0,0,9,1,1,2017,134A81462,431448.0,432694.0,-1.524142,53.789634,13,3,2,2,08/10/2017,1,17:55,204,E08000035,E08000035,3,61,3,40.0,6,2,6,0,0,5,7,1,1,0,0,1,1,2,E01011626
12808,2017134A82037,2017,134A82037,2,1,1,1,28,6,3,0,0,0,0,0,9,1,3,2017,134A82037,428464.0,431349.0,-1.569557,53.777717,13,3,2,1,08/10/2017,1,22:45,204,E08000035,E08000035,3,643,6,30.0,6,2,6,0,0,0,4,1,1,0,0,1,1,2,E01011369
12809,2017134A90326,2017,134A90326,1,1,3,2,22,5,3,1,1,0,0,0,0,1,1,2017,134A90326,430699.0,433453.0,-1.535435,53.796501,13,3,1,2,09/10/2017,2,08:20,204,E08000035,E08000035,6,0,6,30.0,0,-1,-1,-1,0,4,1,1,1,0,0,1,1,2,E01033011
12810,2017134A90326,2017,134A90326,1,2,1,1,49,8,3,0,0,0,0,0,11,1,3,2017,134A90326,430699.0,433453.0,-1.535435,53.796501,13,3,1,2,09/10/2017,2,08:20,204,E08000035,E08000035,6,0,6,30.0,0,-1,-1,-1,0,4,1,1,1,0,0,1,1,2,E01033011
12811,2017134A90981,2017,134A90981,1,1,1,2,48,8,3,0,0,0,0,0,9,1,1,2017,134A90981,430333.0,433899.0,-1.540948,53.80053,13,3,1,1,09/10/2017,2,14:18,204,E08000035,E08000035,6,0,3,30.0,3,2,6,0,0,5,1,1,1,0,0,1,1,2,E01033010
12812,2017134A91037,2017,134A91037,1,1,1,2,57,9,3,0,0,0,0,0,9,2,10,2017,134A91037,443671.0,445249.0,-1.336844,53.901592,13,3,2,2,09/10/2017,2,14:40,204,E08000035,E08000035,6,0,6,30.0,8,4,6,0,0,0,1,1,1,0,0,2,1,2,E01011711
12813,2017134A91037,2017,134A91037,2,2,1,2,37,7,3,0,0,0,0,0,9,1,6,2017,134A91037,443671.0,445249.0,-1.336844,53.901592,13,3,2,2,09/10/2017,2,14:40,204,E08000035,E08000035,6,0,6,30.0,8,4,6,0,0,0,1,1,1,0,0,2,1,2,E01011711
12814,2017134A91575,2017,134A91575,1,1,1,2,21,5,3,0,0,0,0,0,9,1,9,2017,134A91575,423495.0,437434.0,-1.644496,53.832654,13,3,3,3,09/10/2017,2,18:23,204,E08000035,E08000035,6,0,6,30.0,0,-1,-1,-1,0,0,7,1,1,0,0,1,1,2,E01011465
12815,2017134A91575,2017,134A91575,2,2,1,1,28,6,3,0,0,0,0,0,9,-1,-1,2017,134A91575,423495.0,437434.0,-1.644496,53.832654,13,3,3,3,09/10/2017,2,18:23,204,E08000035,E08000035,6,0,6,30.0,0,-1,-1,-1,0,0,7,1,1,0,0,1,1,2,E01011465
12816,2017134A91575,2017,134A91575,3,3,1,1,35,6,3,0,0,0,0,0,9,-1,-1,2017,134A91575,423495.0,437434.0,-1.644496,53.832654,13,3,3,3,09/10/2017,2,18:23,204,E08000035,E08000035,6,0,6,30.0,0,-1,-1,-1,0,0,7,1,1,0,0,1,1,2,E01011465
12817,2017134A91683,2017,134A91683,1,1,2,2,21,5,3,0,0,1,0,0,9,1,6,2017,134A91683,420714.0,440967.0,-1.686514,53.864525,13,3,2,1,09/10/2017,2,19:05,204,E08000035,E08000035,6,0,6,30.0,3,4,6,0,0,0,7,1,1,0,0,1,1,2,E01011274
12818,2017134AA0316,2017,134AA0316,1,1,3,1,48,8,3,5,1,0,0,0,0,1,4,2017,134AA0316,431753.0,434601.0,-1.519316,53.806755,13,3,1,1,10/10/2017,3,08:15,204,E08000035,E08000035,6,0,6,30.0,3,4,6,0,0,4,1,1,1,0,0,1,2,2,E01011677
12819,2017134AA0658,2017,134AA0658,1,1,1,2,86,11,3,0,0,0,0,0,9,1,9,2017,134AA0658,427306.0,444694.0,-1.58595,53.897718,13,3,2,1,10/10/2017,3,11:46,204,E08000035,E08000035,3,659,6,30.0,3,4,6,0,0,0,1,1,1,0,0,2,1,2,E01011576
12820,2017134AA0852,2017,134AA0852,2,1,1,2,42,7,2,0,0,0,0,0,1,1,9,2017,134AA0852,427324.0,437202.0,-1.586339,53.830383,13,2,2,1,10/10/2017,3,13:20,204,E08000035,E08000035,3,660,6,30.0,3,4,6,0,0,0,1,1,1,0,0,1,1,2,E01011690
12821,2017134AA1645,2017,134AA1645,2,1,1,1,58,9,3,0,0,0,0,0,9,1,6,2017,134AA1645,431509.0,435136.0,-1.522967,53.811579,13,3,2,1,10/10/2017,3,19:15,204,E08000035,E08000035,3,58,6,30.0,3,4,6,0,0,0,4,1,1,0,0,1,1,2,E01011673
12822,2017134AB0263,2017,134AB0263,2,1,1,1,24,5,3,0,0,0,0,0,1,1,6,2017,134AB0263,428718.0,435613.0,-1.565308,53.816027,13,3,2,1,11/10/2017,4,07:40,204,E08000035,E08000035,3,660,6,30.0,9,4,6,0,0,0,1,1,1,0,0,1,1,2,E01032946
12823,2017134AB0516,2017,134AB0516,2,1,2,1,31,6,3,0,0,1,0,0,20,1,4,2017,134AB0516,428513.0,433059.0,-1.568656,53.793083,13,3,2,1,11/10/2017,4,10:15,204,E08000035,E08000035,4,6154,3,30.0,1,4,3,58,0,0,1,1,1,0,0,1,1,2,E01011363
12824,2017134AB0829,2017,134AB0829,1,1,1,2,35,6,3,0,0,0,0,0,9,1,6,2017,134AB0829,425949.0,428285.0,-1.607976,53.750309,13,3,3,3,11/10/2017,4,13:13,204,E08000035,E08000035,6,0,6,30.0,3,4,6,0,0,1,1,1,2,0,0,1,1,2,E01011525
12825,2017134AB0829,2017,134AB0829,2,2,1,1,29,6,3,0,0,0,0,0,9,1,7,2017,134AB0829,425949.0,428285.0,-1.607976,53.750309,13,3,3,3,11/10/2017,4,13:13,204,E08000035,E08000035,6,0,6,30.0,3,4,6,0,0,1,1,1,2,0,0,1,1,2,E01011525
12826,2017134AB0829,2017,134AB0829,2,3,2,2,42,7,3,0,0,1,0,0,9,1,7,2017,134AB0829,425949.0,428285.0,-1.607976,53.750309,13,3,3,3,11/10/2017,4,13:13,204,E08000035,E08000035,6,0,6,30.0,3,4,6,0,0,1,1,1,2,0,0,1,1,2,E01011525
12827,2017134AB1052,2017,134AB1052,2,1,1,1,31,6,3,0,0,0,0,0,9,1,1,2017,134AB1052,430624.0,435502.0,-1.536371,53.814921,13,3,2,1,11/10/2017,4,14:45,204,E08000035,E08000035,6,0,6,30.0,3,4,6,0,0,0,1,1,1,0,0,1,1,2,E01011360
12828,2017134AB1205,2017,134AB1205,1,1,1,1,40,7,3,0,0,0,0,0,9,1,3,2017,134AB1205,427863.0,434643.0,-1.57838,53.807355,13,3,2,3,12/10/2017,5,15:30,204,E08000035,E08000035,6,0,6,30.0,0,-1,-1,-1,0,0,1,1,1,0,0,1,2,2,E01011483
12829,2017134AB1205,2017,134AB1205,1,2,2,1,20,4,3,0,0,1,0,0,9,-1,-1,2017,134AB1205,427863.0,434643.0,-1.57838,53.807355,13,3,2,3,12/10/2017,5,15:30,204,E08000035,E08000035,6,0,6,30.0,0,-1,-1,-1,0,0,1,1,1,0,0,1,2,2,E01011483
12830,2017134AB1205,2017,134AB1205,1,3,2,1,20,4,3,0,0,2,0,0,9,-1,-1,2017,134AB1205,427863.0,434643.0,-1.57838,53.807355,13,3,2,3,12/10/2017,5,15:30,204,E08000035,E08000035,6,0,6,30.0,0,-1,-1,-1,0,0,1,1,1,0,0,1,2,2,E01011483
12831,2017134AB1244,2017,134AB1244,1,1,1,1,18,4,3,0,0,0,0,0,2,1,2,2017,134AB1244,425843.0,426826.0,-1.609705,53.737201,13,3,1,1,11/10/2017,4,16:00,204,E08000035,E08000035,3,650,6,40.0,0,-1,-1,-1,0,0,1,2,2,0,0,1,1,2,E01011546
12832,2017134AB1287,2017,134AB1287,1,1,3,2,20,4,3,4,4,0,0,0,0,1,7,2017,134AB1287,428917.0,435505.0,-1.562295,53.815045,13,3,1,1,11/10/2017,4,16:27,204,E08000035,E08000035,3,660,6,30.0,3,4,6,0,2,5,1,2,2,0,0,1,1,2,E01011443
12833,2017134AB1349,2017,134AB1349,1,1,2,2,75,10,3,0,0,0,4,0,11,1,6,2017,134AB1349,430926.0,436050.0,-1.531729,53.819828,13,3,2,2,11/10/2017,4,16:50,204,E08000035,E08000035,6,0,6,30.0,0,-1,-1,-1,0,0,1,1,1,0,0,1,1,2,E01011357
12834,2017134AB1349,2017,134AB1349,1,2,2,2,27,6,3,0,0,0,4,0,11,1,1,2017,134AB1349,430926.0,436050.0,-1.531729,53.819828,13,3,2,2,11/10/2017,4,16:50,204,E08000035,E08000035,6,0,6,30.0,0,-1,-1,-1,0,0,1,1,1,0,0,1,1,2,E01011357
12835,2017134AB1366,2017,134AB1366,2,1,1,1,44,7,3,0,0,0,0,0,9,1,3,2017,134AB1366,427479.0,431308.0,-1.584507,53.777401,13,3,2,1,11/10/2017,4,16:30,204,E08000035,E08000035,3,62,3,30.0,0,-1,-1,-1,0,0,1,1,1,0,0,1,2,2,E01011318
12836,2017134AB1809,2017,134AB1809,1,1,1,1,29,6,3,0,0,0,0,0,9,1,10,2017,134AB1809,431424.0,436825.0,-1.524086,53.826764,13,3,1,3,11/10/2017,4,19:50,204,E08000035,E08000035,6,0,6,30.0,0,-1,-1,-1,0,0,4,1,2,0,0,1,1,2,E01011641
12837,2017134AB1809,2017,134AB1809,1,2,2,1,26,6,3,0,0,2,0,0,9,1,6,2017,134AB1809,431424.0,436825.0,-1.524086,53.826764,13,3,1,3,11/10/2017,4,19:50,204,E08000035,E08000035,6,0,6,30.0,0,-1,-1,-1,0,0,4,1,2,0,0,1,1,2,E01011641
12838,2017134AB1809,2017,134AB1809,1,3,2,1,25,5,3,0,0,1,0,0,9,1,10,2017,134AB1809,431424.0,436825.0,-1.524086,53.826764,13,3,1,3,11/10/2017,4,19:50,204,E08000035,E08000035,6,0,6,30.0,0,-1,-1,-1,0,0,4,1,2,0,0,1,1,2,E01011641
12839,2017134AB1910,2017,134AB1910,1,1,2,2,19,4,3,0,0,2,0,0,8,1,9,2017,134AB1910,418759.0,445479.0,-1.715966,53.905151,13,3,1,2,11/10/2017,4,20:30,204,E08000035,E08000035,3,660,6,30.0,0,-1,-1,-1,0,0,7,1,1,0,0,2,2,2,E01011573
12840,2017134AB1910,2017,134AB1910,1,2,2,2,18,4,3,0,0,2,0,0,8,1,9,2017,134AB1910,418759.0,445479.0,-1.715966,53.905151,13,3,1,2,11/10/2017,4,20:30,204,E08000035,E08000035,3,660,6,30.0,0,-1,-1,-1,0,0,7,1,1,0,0,2,2,2,E01011573
12841,2017134AC1014,2017,134AC1014,1,1,1,1,83,11,3,0,0,0,0,0,9,2,9,2017,134AC1014,432940.0,435008.0,-1.501249,53.81034,13,3,3,1,12/10/2017,5,14:40,204,E08000035,E08000035,6,0,1,30.0,1,4,6,0,0,0,1,1,1,0,0,1,1,2,E01011340
12842,2017134AC1459,2017,134AC1459,1,1,1,1,63,9,3,0,0,0,0,0,9,1,8,2017,134AC1459,430862.0,426541.0,-1.533649,53.734368,13,3,2,2,12/10/2017,5,17:33,204,E08000035,E08000035,1,62,3,70.0,0,-1,-1,-1,0,0,7,1,1,0,0,2,1,1,E01011499
12843,2017134AC1459,2017,134AC1459,2,2,1,1,56,9,3,0,0,0,0,0,19,-1,-1,2017,134AC1459,430862.0,426541.0,-1.533649,53.734368,13,3,2,2,12/10/2017,5,17:33,204,E08000035,E08000035,1,62,3,70.0,0,-1,-1,-1,0,0,7,1,1,0,0,2,1,1,E01011499
12844,2017134AC1778,2017,134AC1778,2,1,2,2,64,9,3,0,0,0,3,0,11,1,2,2017,134AC1778,432049.0,435960.0,-1.514681,53.818952,13,3,2,1,12/10/2017,5,19:35,204,E08000035,E08000035,3,58,6,30.0,0,-1,-1,-1,0,0,4,1,1,0,0,1,1,2,E01011422
12845,2017134AC2056,2017,134AC2056,1,1,2,2,70,10,3,0,0,2,4,0,11,2,9,2017,134AC2056,425733.0,442951.0,-1.610032,53.882133,13,3,1,1,12/10/2017,5,17:30,204,E08000035,E08000035,3,660,6,40.0,0,-1,-1,-1,0,0,7,1,1,0,0,2,2,2,E01032504
12846,2017134AD0118,2017,134AD0118,2,1,1,1,49,8,3,0,0,0,0,0,9,1,1,2017,134AD0118,429121.0,432107.0,-1.559517,53.784494,13,3,2,1,13/10/2017,6,20:16,204,E08000035,E08000035,6,0,6,30.0,3,4,6,0,0,0,7,1,1,0,0,1,2,2,E01033013
12847,2017134AD0338,2017,134AD0338,2,1,1,2,29,6,3,0,0,0,0,0,9,1,1,2017,134AD0338,426234.0,438114.0,-1.602822,53.838635,13,3,2,1,13/10/2017,6,08:15,204,E08000035,E08000035,3,6120,3,40.0,3,4,6,0,0,0,1,1,1,0,0,1,1,2,E01011684
12848,2017134AD0535,2017,134AD0535,2,1,1,2,30,6,3,0,0,0,0,0,9,2,7,2017,134AD0535,429865.0,434399.0,-1.548005,53.805051,13,3,3,1,13/10/2017,6,10:17,204,E08000035,E08000035,2,58,3,40.0,5,4,6,0,0,0,1,1,1,0,0,1,1,2,E01033008
12849,2017134AD0725,2017,134AD0725,1,1,1,1,44,7,3,0,0,0,0,0,9,1,1,2017,134AD0725,431738.0,435483.0,-1.519454,53.814683,13,3,4,1,13/10/2017,6,12:01,204,E08000035,E08000035,6,0,6,30.0,0,-1,-1,-1,0,0,1,1,1,0,0,1,1,2,E01011429
12850,2017134AD0881,2017,134AD0881,1,1,3,2,46,8,3,5,9,0,0,0,0,3,4,2017,134AD0881,430515.0,433453.0,-1.538228,53.796511,13,3,1,2,13/10/2017,6,13:00,204,E08000035,E08000035,6,0,3,30.0,0,-1,-1,-1,0,0,1,1,1,0,0,1,1,2,E01033010
12851,2017134AD0881,2017,134AD0881,1,2,2,2,71,10,3,0,0,0,4,0,11,1,1,2017,134AD0881,430515.0,433453.0,-1.538228,53.796511,13,3,1,2,13/10/2017,6,13:00,204,E08000035,E08000035,6,0,3,30.0,0,-1,-1,-1,0,0,1,1,1,0,0,1,1,2,E01033010
12852,2017134AD1432,2017,134AD1432,1,1,1,1,42,7,3,0,0,0,0,0,9,1,3,2017,134AD1432,432012.0,427743.0,-1.516093,53.745103,13,3,4,4,13/10/2017,6,16:35,204,E08000035,E08000035,1,1,3,70.0,0,-1,-1,-1,0,0,1,1,1,0,0,2,1,1,E01011490
12853,2017134AD1432,2017,134AD1432,1,2,2,1,14,3,3,0,0,2,0,0,9,1,3,2017,134AD1432,432012.0,427743.0,-1.516093,53.745103,13,3,4,4,13/10/2017,6,16:35,204,E08000035,E08000035,1,1,3,70.0,0,-1,-1,-1,0,0,1,1,1,0,0,2,1,1,E01011490
12854,2017134AD1432,2017,134AD1432,2,3,1,2,30,6,3,0,0,0,0,0,9,1,1,2017,134AD1432,432012.0,427743.0,-1.516093,53.745103,13,3,4,4,13/10/2017,6,16:35,204,E08000035,E08000035,1,1,3,70.0,0,-1,-1,-1,0,0,1,1,1,0,0,2,1,1,E01011490
12855,2017134AD1432,2017,134AD1432,3,4,1,2,26,6,3,0,0,0,0,0,9,1,3,2017,134AD1432,432012.0,427743.0,-1.516093,53.745103,13,3,4,4,13/10/2017,6,16:35,204,E08000035,E08000035,1,1,3,70.0,0,-1,-1,-1,0,0,1,1,1,0,0,2,1,1,E01011490
12856,2017134AD1682,2017,134AD1682,1,1,3,2,17,4,2,4,9,0,0,0,0,-1,-1,2017,134AD1682,429801.0,433924.0,-1.549022,53.800786,13,2,1,1,13/10/2017,6,18:20,204,E08000035,E08000035,6,0,2,30.0,6,2,6,0,0,4,7,1,1,0,0,1,1,2,E01033010
12857,2017134AE2525,2017,134AE2525,1,1,3,2,21,5,3,5,3,0,0,0,0,1,5,2017,134AE2525,430385.0,433428.0,-1.540204,53.796294,13,3,1,1,14/10/2017,7,23:40,204,E08000035,E08000035,6,0,2,30.0,3,4,6,0,0,0,4,1,1,0,0,1,1,2,E01033011
12858,2017134AF0991,2017,134AF0991,2,1,1,1,28,6,3,0,0,0,0,0,9,1,4,2017,134AF0991,431955.0,430324.0,-1.516691,53.768303,13,3,2,1,15/10/2017,1,12:54,204,E08000035,E08000035,3,61,6,50.0,1,4,6,0,0,0,1,1,1,0,0,2,1,2,E01011469
12859,2017134AF1093,2017,134AF1093,2,1,2,1,4,1,3,0,0,2,0,0,9,1,2,2017,134AF1093,432155.0,434961.0,-1.513175,53.809966,13,3,2,1,15/10/2017,1,13:25,204,E08000035,E08000035,6,0,6,30.0,3,4,6,0,0,0,1,1,1,0,0,1,2,2,E01011434
12860,2017134AF1673,2017,134AF1673,1,1,3,1,58,9,3,1,1,0,0,0,0,1,4,2017,134AF1673,425599.0,434236.0,-1.612791,53.803813,13,3,2,3,15/10/2017,1,17:20,204,E08000035,E08000035,3,647,3,40.0,0,-1,-1,-1,0,4,7,1,1,0,0,1,1,2,E01011286
12861,2017134AF1673,2017,134AF1673,1,2,3,2,4,1,3,1,1,0,0,0,0,1,1,2017,134AF1673,425599.0,434236.0,-1.612791,53.803813,13,3,2,3,15/10/2017,1,17:20,204,E08000035,E08000035,3,647,3,40.0,0,-1,-1,-1,0,4,7,1,1,0,0,1,1,2,E01011286
12862,2017134AF1673,2017,134AF1673,2,3,1,1,29,6,3,0,0,0,0,0,9,1,6,2017,134AF1673,425599.0,434236.0,-1.612791,53.803813,13,3,2,3,15/10/2017,1,17:20,204,E08000035,E08000035,3,647,3,40.0,0,-1,-1,-1,0,4,7,1,1,0,0,1,1,2,E01011286
12863,2017134AF1719,2017,134AF1719,2,1,1,2,47,8,3,0,0,0,0,0,9,1,3,2017,134AF1719,435130.0,428929.0,-1.468683,53.755562,13,3,2,1,15/10/2017,1,17:30,204,E08000035,E08000035,3,639,6,40.0,6,2,6,0,0,5,7,1,1,0,0,1,2,2,E01011627
12864,2017134AF1781,2017,134AF1781,2,1,1,1,34,6,3,0,0,0,0,0,1,1,2,2017,134AF1781,425133.0,433916.0,-1.619893,53.800959,13,3,2,1,15/10/2017,1,18:04,204,E08000035,E08000035,6,0,6,30.0,0,-1,-1,-1,0,0,4,1,1,0,0,1,1,2,E01032606
12865,2017134AF2142,2017,134AF2142,1,1,1,2,60,9,3,0,0,0,0,0,9,1,10,2017,134AF2142,427612.0,434517.0,-1.582203,53.806236,13,3,2,2,15/10/2017,1,20:19,204,E08000035,E08000035,3,65,3,30.0,3,2,6,0,0,5,4,1,1,0,0,1,1,2,E01011482
12866,2017134AF2142,2017,134AF2142,2,2,1,1,32,6,3,0,0,0,0,0,9,1,7,2017,134AF2142,427612.0,434517.0,-1.582203,53.806236,13,3,2,2,15/10/2017,1,20:19,204,E08000035,E08000035,3,65,3,30.0,3,2,6,0,0,5,4,1,1,0,0,1,1,2,E01011482
12867,2017134AG0412,2017,134AG0412,1,1,1,2,27,6,3,0,0,0,0,0,9,1,1,2017,134AG0412,427368.0,433509.0,-1.585997,53.797189,13,3,2,1,16/10/2017,2,07:10,204,E08000035,E08000035,6,0,6,30.0,0,-1,-1,-1,0,0,4,1,2,0,0,1,2,2,E01011293
12868,2017134AG0466,2017,134AG0466,1,1,3,1,48,8,3,8,8,0,0,0,0,1,1,2017,134AG0466,434923.0,437705.0,-1.470832,53.834451,13,3,1,1,16/10/2017,2,09:35,204,E08000035,E08000035,6,0,6,30.0,3,4,6,0,0,0,1,1,1,0,0,1,1,2,E01011657
12869,2017134AG1082,2017,134AG1082,1,1,2,2,19,4,3,0,0,0,3,0,11,-1,-1,2017,134AG1082,426078.0,435590.0,-1.605404,53.815958,13,3,1,1,15/10/2017,1,17:20,204,E08000035,E08000035,6,0,6,30.0,0,-1,-1,-1,0,0,7,1,1,0,0,1,2,2,E01011477
12870,2017134AG1420,2017,134AG1420,1,1,1,2,57,9,3,0,0,0,0,0,9,1,9,2017,134AG1420,430561.0,431421.0,-1.537731,53.778246,13,3,3,2,16/10/2017,2,16:32,204,E08000035,E08000035,1,621,3,50.0,0,-1,-1,-1,0,0,1,4,1,0,0,1,1,1,E01011374
12871,2017134AG1420,2017,134AG1420,2,2,1,1,26,6,3,0,0,0,0,0,9,1,7,2017,134AG1420,430561.0,431421.0,-1.537731,53.778246,13,3,3,2,16/10/2017,2,16:32,204,E08000035,E08000035,1,621,3,50.0,0,-1,-1,-1,0,0,1,4,1,0,0,1,1,1,E01011374
12872,2017134AG1438,2017,134AG1438,1,1,3,1,3,1,3,9,6,0,0,0,0,1,1,2017,134AG1438,431102.0,437780.0,-1.528882,53.835366,13,3,1,1,16/10/2017,2,18:35,204,E08000035,E08000035,6,0,6,30.0,0,-1,-1,-1,0,0,7,4,1,0,0,1,1,2,E01011504
12873,2017134AG1530,2017,134AG1530,1,1,3,2,29,6,3,5,1,0,0,0,0,1,9,2017,134AG1530,429883.0,434293.0,-1.547742,53.804098,13,3,1,1,16/10/2017,2,17:00,204,E08000035,E08000035,3,660,6,30.0,0,-1,-1,-1,0,0,7,1,1,0,0,1,2,2,E01033008
12874,2017134AG1900,2017,134AG1900,1,1,1,2,19,4,3,0,0,0,0,0,9,1,7,2017,134AG1900,426177.0,439070.0,-1.603607,53.84723,13,3,1,1,16/10/2017,2,19:36,204,E08000035,E08000035,6,0,6,30.0,0,-1,-1,-1,0,0,4,1,1,0,0,1,1,2,E01011383
12875,2017134AG2003,2017,134AG2003,1,1,3,1,48,8,3,9,7,0,0,0,0,1,1,2017,134AG2003,434654.0,436671.0,-1.475035,53.825176,13,3,1,1,16/10/2017,2,20:00,204,E08000035,E08000035,6,0,6,20.0,0,-1,-1,-1,0,0,4,4,1,4,0,1,1,2,E01011658
12876,2017134AG2347,2017,134AG2347,1,1,3,1,30,6,1,9,8,0,0,0,0,1,2,2017,134AG2347,427087.0,427689.0,-1.590771,53.744895,13,1,1,1,16/10/2017,2,22:40,204,E08000035,E08000035,4,6123,6,20.0,0,-1,-1,-1,0,0,4,1,1,0,0,1,1,2,E01032492
12877,2017134AH0159,2017,134AH0159,1,1,1,1,18,4,3,0,0,0,0,0,9,1,7,2017,134AH0159,442822.0,430183.0,-1.351856,53.766259,13,3,1,1,17/10/2017,3,03:32,204,E08000035,E08000035,3,656,6,50.0,0,-1,-1,-1,0,0,6,4,1,0,0,2,1,2,E01011303
12878,2017134AH0508,2017,134AH0508,1,1,3,1,31,6,3,6,9,0,0,0,0,1,3,2017,134AH0508,429495.0,432909.0,-1.553765,53.791681,13,3,1,1,13/10/2017,6,13:10,204,E08000035,E08000035,6,0,6,30.0,3,4,6,0,0,0,1,1,1,0,0,1,2,2,E01033032
12879,2017134AH0557,2017,134AH0557,2,1,2,2,45,7,3,0,0,2,0,0,9,1,9,2017,134AH0557,420787.0,444774.0,-1.685147,53.898738,13,3,2,1,17/10/2017,3,08:10,204,E08000035,E08000035,6,0,6,40.0,0,-1,-1,-1,0,0,1,1,1,0,0,2,2,2,E01011569
12880,2017134AH0847,2017,134AH0847,1,1,1,1,26,6,3,0,0,0,0,0,5,1,1,2017,134AH0847,430135.0,434130.0,-1.543931,53.802618,13,3,2,1,17/10/2017,3,16:00,204,E08000035,E08000035,6,0,6,30.0,0,-1,-1,-1,0,0,1,1,1,0,0,1,2,2,E01033010
12881,2017134AH1623,2017,134AH1623,1,1,1,1,55,8,3,0,0,0,0,0,9,1,7,2017,134AH1623,437791.0,432302.0,-1.427916,53.785691,13,3,3,2,17/10/2017,3,18:00,204,E08000035,E08000035,1,1,7,70.0,0,-1,-1,-1,0,0,7,1,1,0,0,2,1,1,E01011402
12882,2017134AH1623,2017,134AH1623,1,2,2,1,44,7,3,0,0,1,0,0,9,1,4,2017,134AH1623,437791.0,432302.0,-1.427916,53.785691,13,3,3,2,17/10/2017,3,18:00,204,E08000035,E08000035,1,1,7,70.0,0,-1,-1,-1,0,0,7,1,1,0,0,2,1,1,E01011402
12883,2017134AI0238,2017,134AI0238,1,1,1,1,38,7,3,0,0,0,0,0,1,1,6,2017,134AI0238,423036.0,434713.0,-1.651673,53.808219,13,3,2,1,18/10/2017,4,07:20,204,E08000035,E08000035,6,0,6,30.0,0,-1,-1,-1,0,0,7,1,1,0,0,1,1,2,E01011335
12884,2017134AI0270,2017,134AI0270,1,1,1,1,54,8,3,0,0,0,0,0,9,-1,-1,2017,134AI0270,434929.0,440893.0,-1.47038,53.863103,13,3,1,1,18/10/2017,4,07:50,204,E08000035,E08000035,6,0,6,30.0,0,-1,-1,-1,0,0,1,1,1,0,0,2,1,2,E01011311
12885,2017134AI0894,2017,134AI0894,1,1,2,1,24,5,3,0,0,1,0,0,9,1,1,2017,134AI0894,426797.0,438039.0,-1.594273,53.837933,13,3,2,1,18/10/2017,4,12:55,204,E08000035,E08000035,3,6120,3,30.0,1,4,3,660,0,0,1,1,1,0,0,1,1,2,E01011687
12886,2017134AI1343,2017,134AI1343,1,1,2,1,12,3,3,0,0,0,1,0,11,-1,-1,2017,134AI1343,437084.0,435267.0,-1.43829,53.81239,13,3,1,1,18/10/2017,4,14:38,204,E08000035,E08000035,6,0,6,30.0,0,-1,-1,-1,0,0,1,1,1,0,0,1,2,2,E01011407
12887,2017134AI1434,2017,134AI1434,1,1,2,2,14,3,3,0,0,0,1,0,11,-1,-1,2017,134AI1434,440256.0,432798.0,-1.39044,53.789965,13,3,1,1,18/10/2017,4,14:40,204,E08000035,E08000035,6,0,6,20.0,0,-1,-1,-1,0,0,1,1,1,0,0,1,2,2,E01011402
12888,2017134AJ0229,2017,134AJ0229,1,1,1,2,30,6,3,0,0,0,0,0,9,1,3,2017,134AJ0229,441096.0,449534.0,-1.375458,53.940311,13,3,2,2,19/10/2017,5,07:28,204,E08000035,E08000035,2,1,7,70.0,5,4,6,0,0,0,7,1,2,0,0,2,1,1,E01011704
12889,2017134AJ0229,2017,134AJ0229,2,2,1,2,42,7,3,0,0,0,0,0,9,2,8,2017,134AJ0229,441096.0,449534.0,-1.375458,53.940311,13,3,2,2,19/10/2017,5,07:28,204,E08000035,E08000035,2,1,7,70.0,5,4,6,0,0,0,7,1,2,0,0,2,1,1,E01011704
12890,2017134AJ0261,2017,134AJ0261,2,1,1,1,50,8,3,0,0,0,0,0,1,-1,-1,2017,134AJ0261,430094.0,431360.0,-1.544823,53.777725,13,3,2,1,19/10/2017,5,06:43,204,E08000035,E08000035,3,643,6,30.0,3,4,6,0,0,0,4,1,2,0,0,1,2,2,E01011371