,accident_index,accident_year_x,accident_reference_x,vehicle_reference,casualty_reference,casualty_class,sex_of_casualty,age_of_casualty,age_band_of_casualty,casualty_severity,pedestrian_location,pedestrian_movement,car_passenger,bus_or_coach_passenger,pedestrian_road_maintenance_worker,casualty_type,casualty_home_area_type,casualty_imd_decile,accident_year_y,accident_reference_y,location_easting_osgr,location_northing_osgr,longitude,latitude,police_force,accident_severity,number_of_vehicles,number_of_casualties,date,day_of_week,time,local_authority_district,local_authority_ons_district,local_authority_highway,first_road_class,first_road_number,road_type,speed_limit,junction_detail,junction_control,second_road_class,second_road_number,pedestrian_crossing_human_control,pedestrian_crossing_physical_facilities,light_conditions,weather_conditions,road_surface_conditions,special_conditions_at_site,carriageway_hazards,urban_or_rural_area,did_police_officer_attend_scene_of_accident,trunk_road_flag,lsoa_of_accident_location
13065,2017134BC1843,2017,134BC1843,2,2,1,2,50,8,3,0,0,0,0,0,9,1,7,2017,134BC1843,431948.0,435800.0,-1.516232,53.81752,13,3,2,2,12/11/2017,1,22:40,204,E08000035,E08000035,3,58,6,30.0,6,2,4,6159,0,0,4,1,1,0,0,1,1,2,E01011422
13066,2017134BC1927,2017,134BC1927,1,1,3,2,36,7,2,9,5,0,0,0,0,1,5,2017,134BC1927,431910.0,435746.0,-1.516814,53.817037,13,2,1,1,12/11/2017,1,23:30,204,E08000035,E08000035,3,58,6,30.0,3,4,6,0,0,0,4,1,1,0,0,1,1,2,E01011422
13067,2017134BD0173,2017,134BD0173,2,1,1,2,49,8,3,0,0,0,0,0,1,-1,-1,2017,134BD0173,427553.0,431563.0,-1.583362,53.779689,13,3,2,1,13/11/2017,2,06:54,204,E08000035,E08000035,6,0,6,30.0,3,4,6,0,0,0,7,1,2,0,0,1,1,2,E01011369
13068,2017134BD0643,2017,134BD0643,2,1,1,2,23,5,3,0,0,0,0,0,9,-1,-1,2017,134BD0643,430804.0,435345.0,-1.533653,53.813499,13,3,4,1,13/11/2017,2,11:43,204,E08000035,E08000035,6,0,6,30.0,3,4,6,0,0,0,1,1,1,0,0,1,1,2,E01011360
13069,2017134BD0700,2017,134BD0700,1,1,1,1,44,7,3,0,0,0,0,0,9,1,10,2017,134BD0700,440964.0,432078.0,-1.37979,53.783439,13,3,1,1,13/11/2017,2,12:15,204,E08000035,E08000035,3,63,6,30.0,0,-1,-1,-1,0,0,1,1,1,0,0,1,1,2,E01011405
13070,2017134BD1260,2017,134BD1260,1,1,3,2,42,7,3,1,1,0,0,0,0,1,1,2017,134BD1260,429930.0,427470.0,-1.547687,53.742772,13,3,1,2,13/11/2017,2,16:14,204,E08000035,E08000035,6,0,6,30.0,3,4,6,0,0,4,4,1,1,0,0,1,1,2,E01011497
13071,2017134BD1260,2017,134BD1260,1,2,3,2,7,2,3,1,1,0,0,0,0,1,1,2017,134BD1260,429930.0,427470.0,-1.547687,53.742772,13,3,1,2,13/11/2017,2,16:14,204,E08000035,E08000035,6,0,6,30.0,3,4,6,0,0,4,4,1,1,0,0,1,1,2,E01011497
13072,2017134BD1357,2017,134BD1357,1,1,2,2,31,6,3,0,0,0,4,0,11,1,1,2017,134BD1357,430268.0,434077.0,-1.541917,53.802134,13,3,2,1,13/11/2017,2,17:00,204,E08000035,E08000035,6,0,6,30.0,3,2,6,0,0,5,4,1,1,0,0,1,1,2,E01033010
13073,2017134BD1524,2017,134BD1524,2,1,1,2,20,4,3,0,0,0,0,0,9,1,2,2017,134BD1524,430126.0,424015.0,-1.54505,53.711708,13,3,2,1,13/11/2017,2,18:00,204,E08000035,E08000035,1,1,3,70.0,0,-1,-1,-1,0,0,7,1,2,0,0,2,1,1,E01011536
13074,2017134BD1643,2017,134BD1643,1,1,1,1,31,6,3,0,0,0,0,0,9,1,8,2017,134BD1643,432318.0,426993.0,-1.511531,53.738343,13,3,2,3,13/11/2017,2,18:30,204,E08000035,E08000035,1,1,7,70.0,5,4,1,62,0,0,4,1,1,0,0,2,2,1,E01032496
13075,2017134BD1643,2017,134BD1643,1,2,2,2,29,6,3,0,0,1,0,0,9,1,8,2017,134BD1643,432318.0,426993.0,-1.511531,53.738343,13,3,2,3,13/11/2017,2,18:30,204,E08000035,E08000035,1,1,7,70.0,5,4,1,62,0,0,4,1,1,0,0,2,2,1,E01032496
13076,2017134BD1643,2017,134BD1643,1,3,2,1,7,2,3,0,0,2,0,0,9,1,8,2017,134BD1643,432318.0,426993.0,-1.511531,53.738343,13,3,2,3,13/11/2017,2,18:30,204,E08000035,E08000035,1,1,7,70.0,5,4,1,62,0,0,4,1,1,0,0,2,2,1,E01032496
13077,2017134BD2069,2017,134BD2069,2,1,2,2,90,11,2,0,0,0,3,0,11,1,10,2017,134BD2069,431021.0,440305.0,-1.529859,53.858065,13,2,2,1,13/11/2017,2,15:30,204,E08000035,E08000035,3,61,6,30.0,3,4,6,0,0,0,1,1,1,0,0,1,2,2,E01011563
13078,2017134BE1431,2017,134BE1431,1,1,1,1,53,8,3,0,0,0,0,0,9,-1,-1,2017,134BE1431,432390.0,433693.0,-1.509739,53.798555,13,3,3,1,14/11/2017,3,17:28,204,E08000035,E08000035,3,64,3,40.0,0,-1,-1,-1,0,0,4,1,2,0,0,1,1,2,E01011618
13079,2017134BE1643,2017,134BE1643,1,1,3,1,90,11,2,6,9,0,0,0,0,1,1,2017,134BE1643,430663.0,433452.0,-1.535982,53.796494,13,2,1,1,14/10/2017,7,09:20,204,E08000035,E08000035,6,0,6,20.0,0,-1,-1,-1,0,0,1,1,1,0,0,1,2,2,E01033011
13080,2017134BF0116,2017,134BF0116,1,1,1,1,22,5,3,0,0,0,0,0,9,1,4,2017,134BF0116,429294.0,435212.0,-1.556598,53.812391,13,3,1,1,15/11/2017,4,22:44,204,E08000035,E08000035,6,0,6,30.0,0,-1,-1,-1,0,0,4,2,2,0,0,1,1,2,E01033005
13081,2017134BF0300,2017,134BF0300,1,1,1,1,60,9,3,0,0,0,0,0,1,1,7,2017,134BF0300,430849.0,435450.0,-1.532959,53.81444,13,3,2,1,15/11/2017,4,08:05,204,E08000035,E08000035,6,0,2,30.0,3,4,6,0,0,0,1,1,2,0,0,1,2,2,E01011360
13082,2017134BF0346,2017,134BF0346,2,1,1,2,33,6,3,0,0,0,0,0,9,-1,-1,2017,134BF0346,427200.0,435730.0,-1.588352,53.81716,13,3,2,1,15/11/2017,4,08:50,204,E08000035,E08000035,4,6157,6,30.0,0,-1,-1,-1,0,0,1,1,2,0,0,1,1,2,E01032945
13083,2017134BF0553,2017,134BF0553,1,1,1,1,38,7,2,0,0,0,0,0,1,1,9,2017,134BF0553,432230.0,436384.0,-1.511888,53.822751,13,2,1,1,10/11/2017,6,07:45,204,E08000035,E08000035,6,0,6,30.0,0,-1,-1,-1,0,0,1,1,2,0,2,1,2,2,E01011647
13084,2017134BF0752,2017,134BF0752,2,1,1,2,30,6,3,0,0,0,0,0,1,-1,-1,2017,134BF0752,430592.0,424872.0,-1.537906,53.719384,13,3,2,1,15/11/2017,4,09:15,204,E08000035,E08000035,3,650,6,40.0,8,4,6,0,0,0,1,1,1,0,0,1,2,2,E01011537
13085,2017134BF0801,2017,134BF0801,1,1,1,2,21,5,3,0,0,0,0,0,1,1,6,2017,134BF0801,428952.0,435475.0,-1.561767,53.814773,13,3,2,1,15/11/2017,4,10:01,204,E08000035,E08000035,3,660,6,30.0,6,2,6,0,0,5,1,1,1,0,0,1,2,2,E01011443
13086,2017134BG0465,2017,134BG0465,2,1,1,2,57,9,2,0,0,0,0,0,1,-1,-1,2017,134BG0465,428718.0,435616.0,-1.565307,53.816054,13,2,2,1,16/11/2017,5,16:11,204,E08000035,E08000035,6,0,6,30.0,3,4,3,660,0,0,1,1,2,0,0,1,1,2,E01032946
13087,2017134BG0562,2017,134BG0562,2,1,1,2,50,8,3,0,0,0,0,0,9,1,7,2017,134BG0562,430945.0,435944.0,-1.531451,53.818874,13,3,2,1,16/11/2017,5,10:05,204,E08000035,E08000035,6,0,6,40.0,0,-1,-1,-1,0,0,1,1,2,0,0,1,1,2,E01011357
13088,2017134BG0830,2017,134BG0830,2,1,1,2,19,4,3,0,0,0,0,0,9,1,1,2017,134BG0830,428269.0,429592.0,-1.572676,53.761936,13,3,2,2,16/11/2017,5,08:30,204,E08000035,E08000035,3,6110,1,40.0,1,4,6,0,0,0,1,1,1,0,6,1,2,2,E01011531
13089,2017134BG0830,2017,134BG0830,2,2,2,2,19,4,3,0,0,1,0,0,9,1,7,2017,134BG0830,428269.0,429592.0,-1.572676,53.761936,13,3,2,2,16/11/2017,5,08:30,204,E08000035,E08000035,3,6110,1,40.0,1,4,6,0,0,0,1,1,1,0,6,1,2,2,E01011531
13090,2017134BG1323,2017,134BG1323,2,1,1,2,25,5,3,0,0,0,0,0,1,1,4,2017,134BG1323,432515.0,427324.0,-1.50851,53.741306,13,3,2,1,07/11/2017,3,06:40,204,E08000035,E08000035,3,654,6,30.0,6,2,6,0,0,5,4,1,1,0,0,1,2,2,E01032496
13091,2017134BH0349,2017,134BH0349,1,1,3,1,10,2,3,1,1,0,0,0,0,1,7,2017,134BH0349,420645.0,434364.0,-1.688004,53.805182,13,3,1,1,17/11/2017,6,08:15,204,E08000035,E08000035,3,647,3,40.0,0,-1,-1,-1,0,4,1,1,1,0,0,1,1,2,E01011595
13092,2017134BH0534,2017,134BH0534,1,1,3,1,86,11,3,5,4,0,0,0,0,1,6,2017,134BH0534,433882.0,436479.0,-1.486783,53.823501,13,3,1,1,17/11/2017,6,10:35,204,E08000035,E08000035,6,0,6,20.0,0,-1,-1,-1,0,0,1,1,1,0,0,1,1,2,E01011421
13093,2017134BH1343,2017,134BH1343,2,1,1,1,41,7,3,0,0,0,0,0,9,1,1,2017,134BH1343,430344.0,435929.0,-1.540581,53.818775,13,3,2,1,17/11/2017,6,16:30,204,E08000035,E08000035,3,61,3,40.0,3,4,6,0,0,1,4,1,1,0,0,1,2,2,E01011358
13094,2017134BH1532,2017,134BH1532,1,1,1,1,47,8,3,0,0,0,0,0,9,1,1,2017,134BH1532,432725.0,434477.0,-1.50457,53.805581,13,3,2,1,17/11/2017,6,17:56,204,E08000035,E08000035,4,6159,6,30.0,3,4,6,0,0,0,4,1,1,0,0,1,1,2,E01011347
13095,2017134BH2132,2017,134BH2132,2,1,1,2,19,4,3,0,0,0,0,0,1,3,7,2017,134BH2132,439186.0,426600.0,-1.407465,53.734343,13,3,2,1,17/11/2017,6,20:20,204,E08000035,E08000035,3,639,6,30.0,0,-1,-1,-1,0,0,4,1,2,0,0,2,1,2,E01011393
13096,2017134BI0718,2017,134BI0718,1,1,1,1,48,8,3,0,0,0,0,0,19,-1,-1,2017,134BI0718,428279.0,426417.0,-1.572814,53.733399,13,3,2,2,18/11/2017,7,11:10,204,E08000035,E08000035,1,62,3,70.0,0,-1,-1,-1,0,0,1,1,1,0,0,1,1,1,E01011538
13097,2017134BI0718,2017,134BI0718,1,2,2,1,36,7,3,0,0,1,0,0,19,1,3,2017,134BI0718,428279.0,426417.0,-1.572814,53.733399,13,3,2,2,18/11/2017,7,11:10,204,E08000035,E08000035,1,62,3,70.0,0,-1,-1,-1,0,0,1,1,1,0,0,1,1,1,E01011538
13098,2017134BI1118,2017,134BI1118,2,1,1,1,51,8,3,0,0,0,0,0,9,1,4,2017,134BI1118,431160.0,434456.0,-1.528336,53.805488,13,3,3,1,18/11/2017,7,14:49,204,E08000035,E08000035,6,0,6,30.0,0,-1,-1,-1,0,0,1,1,1,0,0,1,1,2,E01033031
13099,2017134BI1397,2017,134BI1397,1,1,1,2,32,6,3,0,0,0,0,0,9,1,7,2017,134BI1397,422325.0,432241.0,-1.662648,53.786032,13,3,2,1,18/11/2017,7,16:57,204,E08000035,E08000035,6,0,6,30.0,0,-1,-1,-1,0,0,4,1,1,0,0,1,1,2,E01011603
13100,2017134BI1401,2017,134BI1401,2,1,1,1,62,9,3,0,0,0,0,0,9,1,6,2017,134BI1401,430258.0,433237.0,-1.542151,53.794585,13,3,3,2,18/11/2017,7,17:00,204,E08000035,E08000035,6,0,2,30.0,6,2,6,0,0,1,4,1,1,0,0,1,1,2,E01033016
13101,2017134BI1401,2017,134BI1401,2,2,2,2,35,6,3,0,0,1,0,0,9,1,1,2017,134BI1401,430258.0,433237.0,-1.542151,53.794585,13,3,3,2,18/11/2017,7,17:00,204,E08000035,E08000035,6,0,2,30.0,6,2,6,0,0,1,4,1,1,0,0,1,1,2,E01033016
13102,2017134BI1816,2017,134BI1816,1,1,1,1,16,4,2,0,0,0,0,0,2,1,1,2017,134BI1816,426948.0,433435.0,-1.592379,53.796546,13,2,2,1,18/11/2017,7,20:13,204,E08000035,E08000035,6,0,6,30.0,3,4,6,0,0,0,4,8,2,0,0,1,1,2,E01011292
13103,2017134BJ0021,2017,134BJ0021,1,1,3,1,34,6,2,1,3,0,0,0,0,-1,-1,2017,134BJ0021,430012.0,433298.0,-1.545879,53.795147,13,2,1,1,19/11/2017,1,21:45,204,E08000035,E08000035,6,0,2,30.0,0,-1,-1,-1,0,5,4,1,1,0,0,1,1,2,E01033010
13104,2017134BJ0210,2017,134BJ0210,1,1,3,1,40,7,2,5,3,0,0,0,0,-1,-1,2017,134BJ0210,430007.0,433299.0,-1.545955,53.795157,13,2,1,1,26/11/2017,1,02:23,204,E08000035,E08000035,6,0,6,30.0,0,-1,-1,-1,0,4,4,1,1,0,0,1,1,2,E01033010
13105,2017134BJ0566,2017,134BJ0566,1,1,2,2,53,8,3,0,0,0,4,0,11,1,2,2017,134BJ0566,430439.0,437713.0,-1.538963,53.834803,13,3,2,2,17/11/2017,6,18:35,204,E08000035,E08000035,6,0,6,30.0,3,4,6,0,0,0,4,1,1,0,0,1,2,2,E01011351
13106,2017134BJ0566,2017,134BJ0566,1,2,2,2,55,8,3,0,0,0,4,0,11,1,6,2017,134BJ0566,430439.0,437713.0,-1.538963,53.834803,13,3,2,2,17/11/2017,6,18:35,204,E08000035,E08000035,6,0,6,30.0,3,4,6,0,0,0,4,1,1,0,0,1,2,2,E01011351
13107,2017134BJ1042,2017,134BJ1042,1,1,1,1,22,5,2,0,0,0,0,0,5,1,6,2017,134BJ1042,422280.0,436817.0,-1.663002,53.827162,13,2,2,2,19/11/2017,1,14:51,204,E08000035,E08000035,3,6120,6,60.0,3,4,6,0,0,0,1,1,1,0,0,2,1,2,E01011589
13108,2017134BJ1042,2017,134BJ1042,2,2,1,2,51,8,3,0,0,0,0,0,9,1,5,2017,134BJ1042,422280.0,436817.0,-1.663002,53.827162,13,2,2,2,19/11/2017,1,14:51,204,E08000035,E08000035,3,6120,6,60.0,3,4,6,0,0,0,1,1,1,0,0,2,1,2,E01011589
13109,2017134BJ1152,2017,134BJ1152,2,1,1,1,42,7,2,0,0,0,0,0,9,1,3,2017,134BJ1152,434482.0,425882.0,-1.478848,53.72822,13,2,2,1,19/11/2017,1,06:30,204,E08000035,E08000035,1,62,3,60.0,0,-1,-1,-1,0,0,7,1,1,0,0,2,2,1,E01011634
13110,2017134BK0584,2017,134BK0584,2,1,1,2,30,6,3,0,0,0,0,0,1,1,6,2017,134BK0584,429038.0,434552.0,-1.560547,53.806473,13,3,2,1,20/11/2017,2,09:45,204,E08000035,E08000035,6,0,6,30.0,3,4,6,0,0,0,1,1,1,0,0,1,2,2,E01033006
13111,2017134BK0701,2017,134BK0701,1,1,1,1,21,5,3,0,0,0,0,0,4,1,1,2017,134BK0701,432041.0,434987.0,-1.514903,53.810207,13,3,2,1,20/11/2017,2,12:50,204,E08000035,E08000035,6,0,2,20.0,3,4,6,0,0,0,1,2,2,6,0,1,1,2,E01011434
13112,2017134BK1204,2017,134BK1204,2,1,1,2,79,11,3,0,0,0,0,0,9,1,5,2017,134BK1204,444729.0,433381.0,-1.322465,53.794841,13,3,4,1,20/11/2017,2,16:12,204,E08000035,E08000035,2,1,3,70.0,0,-1,-1,-1,0,0,6,1,1,0,3,2,1,1,E01011297
13113,2017134BL0242,2017,134BL0242,1,1,3,2,58,9,2,5,3,0,0,0,0,1,8,2017,134BL0242,427997.0,436017.0,-1.576221,53.819697,13,2,1,1,21/11/2017,3,06:50,204,E08000035,E08000035,3,660,6,30.0,3,4,6,0,0,4,4,2,2,0,0,1,1,2,E01011440
13114,2017134BL1092,2017,134BL1092,1,1,3,1,11,3,3,4,1,0,0,0,0,1,1,2017,134BL1092,431649.0,437457.0,-1.520604,53.832431,13,3,1,1,21/11/2017,3,15:19,204,E08000035,E08000035,6,0,6,20.0,0,-1,-1,-1,0,1,1,1,1,0,0,1,1,2,E01011504
13115,2017134BL1251,2017,134BL1251,1,1,3,2,13,3,3,5,9,0,0,0,0,1,3,2017,134BL1251,429017.0,435408.0,-1.560786,53.814168,13,3,1,2,21/11/2017,3,16:18,204,E08000035,E08000035,3,660,3,40.0,0,-1,-1,-1,0,0,4,1,1,0,0,1,1,2,E01033005
13116,2017134BL1251,2017,134BL1251,1,2,3,2,14,3,3,5,4,0,0,0,0,1,3,2017,134BL1251,429017.0,435408.0,-1.560786,53.814168,13,3,1,2,21/11/2017,3,16:18,204,E08000035,E08000035,3,660,3,40.0,0,-1,-1,-1,0,0,4,1,1,0,0,1,1,2,E01033005
13117,2017134BL1306,2017,134BL1306,2,1,1,1,51,8,3,0,0,0,0,0,1,1,7,2017,134BL1306,430702.0,434593.0,-1.535276,53.806746,13,3,2,1,21/11/2017,3,16:35,204,E08000035,E08000035,6,0,2,30.0,6,2,3,61,0,5,4,1,1,0,0,1,1,2,E01011671
13118,2017134BL1597,2017,134BL1597,2,1,1,1,55,8,3,0,0,0,0,0,5,-1,-1,2017,134BL1597,430460.0,431129.0,-1.539292,53.775627,13,3,2,1,21/11/2017,3,18:40,204,E08000035,E08000035,1,621,3,50.0,0,-1,-1,-1,0,0,4,1,2,0,0,1,1,1,E01011312
13119,2017134BL2032,2017,134BL2032,1,1,1,1,48,8,3,0,0,0,0,0,4,1,1,2017,134BL2032,423470.0,437724.0,-1.644854,53.835261,13,3,1,1,21/11/2017,3,22:19,204,E08000035,E08000035,6,0,6,30.0,0,-1,-1,-1,0,0,4,1,1,0,0,1,1,2,E01011465
13120,2017134BM0425,2017,134BM0425,1,1,1,1,51,8,3,0,0,0,0,0,9,1,1,2017,134BM0425,431095.0,432028.0,-1.529567,53.78367,13,3,2,1,22/11/2017,4,09:45,204,E08000035,E08000035,6,0,6,30.0,0,-1,-1,-1,0,0,1,1,1,0,0,1,1,2,E01011467
13121,2017134BM0661,2017,134BM0661,1,1,1,1,33,6,3,0,0,0,0,0,9,1,5,2017,134BM0661,426553.0,426001.0,-1.599012,53.72975,13,3,2,1,21/11/2017,3,16:30,204,E08000035,E08000035,1,62,3,70.0,0,-1,-1,-1,0,0,4,1,1,0,0,1,2,1,E01011550
13122,2017134BM0825,2017,134BM0825,2,1,1,1,20,4,3,0,0,0,0,0,4,1,3,2017,134BM0825,424288.0,428337.0,-1.63316,53.750856,13,3,2,1,22/11/2017,4,13:17,204,E08000035,E08000035,3,62,6,30.0,3,4,6,0,0,0,1,1,1,0,0,1,1,2,E01011523
13123,2017134BM1543,2017,134BM1543,1,1,2,1,49,8,2,0,0,0,4,0,11,1,1,2017,134BM1543,429758.0,434503.0,-1.549619,53.805992,13,2,2,1,22/11/2017,4,15:50,204,E08000035,E08000035,3,660,6,30.0,6,2,6,0,0,5,7,2,2,0,0,1,2,2,E01033005
13124,2017134BM1982,2017,134BM1982,2,1,1,1,24,5,3,0,0,0,0,0,9,1,6,2017,134BM1982,426281.0,435583.0,-1.602322,53.815885,13,3,2,1,22/11/2017,4,21:40,204,E08000035,E08000035,3,65,6,30.0,6,2,4,6157,0,5,4,8,2,0,0,1,2,2,E01011488
13125,2017134BN0181,2017,134BN0181,1,1,1,1,24,5,3,0,0,0,0,0,19,1,10,2017,134BN0181,419822.0,441199.0,-1.700062,53.866644,13,3,2,2,23/11/2017,5,04:24,204,E08000035,E08000035,6,0,6,30.0,3,2,6,0,0,5,4,5,2,0,0,1,1,2,E01011275
13126,2017134BN0181,2017,134BN0181,2,2,1,1,47,8,3,0,0,0,0,0,8,1,2,2017,134BN0181,419822.0,441199.0,-1.700062,53.866644,13,3,2,2,23/11/2017,5,04:24,204,E08000035,E08000035,6,0,6,30.0,3,2,6,0,0,5,4,5,2,0,0,1,1,2,E01011275
13127,2017134BN0347,2017,134BN0347,2,1,1,2,31,6,3,0,0,0,0,0,9,1,3,2017,134BN0347,435726.0,436940.0,-1.458719,53.827521,13,3,2,2,23/11/2017,5,07:30,204,E08000035,E08000035,6,0,6,30.0,3,2,3,6120,0,5,7,1,2,0,0,1,2,2,E01011720
13128,2017134BN0347,2017,134BN0347,2,2,2,1,8,2,3,0,0,2,0,0,9,1,3,2017,134BN0347,435726.0,436940.0,-1.458719,53.827521,13,3,2,2,23/11/2017,5,07:30,204,E08000035,E08000035,6,0,6,30.0,3,2,3,6120,0,5,7,1,2,0,0,1,2,2,E01011720
13129,2017134BN0509,2017,134BN0509,1,1,3,2,23,5,3,5,3,0,0,0,0,1,1,2017,134BN0509,431891.0,434897.0,-1.51719,53.809407,13,3,1,1,23/11/2017,5,10:12,204,E08000035,E08000035,6,0,6,30.0,0,-1,-1,-1,0,0,1,1,1,4,0,1,1,2,E01011677
13130,2017134BN1065,2017,134BN1065,1,1,3,1,15,3,3,5,1,0,0,0,0,1,2,2017,134BN1065,428465.0,425662.0,-1.570063,53.726603,13,3,1,1,23/11/2017,5,15:28,204,E08000035,E08000035,6,0,6,30.0,0,-1,-1,-1,0,0,1,2,2,0,0,1,1,2,E01011549
13131,2017134BN1169,2017,134BN1169,2,1,2,2,12,3,3,0,0,1,0,0,9,1,2,2017,134BN1169,431443.0,432718.0,-1.524215,53.78985,13,3,2,2,23/11/2017,5,16:13,204,E08000035,E08000035,3,63,3,30.0,6,2,6,0,0,0,4,2,2,0,0,1,1,2,E01011626
13132,2017134BN1169,2017,134BN1169,2,2,2,2,36,7,3,0,0,2,0,0,9,1,2,2017,134BN1169,431443.0,432718.0,-1.524215,53.78985,13,3,2,2,23/11/2017,5,16:13,204,E08000035,E08000035,3,63,3,30.0,6,2,6,0,0,0,4,2,2,0,0,1,1,2,E01011626
13133,2017134BN1308,2017,134BN1308,1,1,1,1,24,5,3,0,0,0,0,0,9,1,2,2017,134BN1308,427779.0,431697.0,-1.57992,53.780882,13,3,3,3,23/11/2017,5,17:00,204,E08000035,E08000035,3,62,6,30.0,3,4,6,0,0,0,4,5,2,0,0,1,1,2,E01011362
13134,2017134BN1308,2017,134BN1308,1,2,2,2,19,4,3,0,0,1,0,0,9,1,2,2017,134BN1308,427779.0,431697.0,-1.57992,53.780882,13,3,3,3,23/11/2017,5,17:00,204,E08000035,E08000035,3,62,6,30.0,3,4,6,0,0,0,4,5,2,0,0,1,1,2,E01011362
13135,2017134BN1308,2017,134BN1308,2,3,1,1,20,4,3,0,0,0,0,0,9,1,10,2017,134BN1308,427779.0,431697.0,-1.57992,53.780882,13,3,3,3,23/11/2017,5,17:00,204,E08000035,E08000035,3,62,6,30.0,3,4,6,0,0,0,4,5,2,0,0,1,1,2,E01011362
13136,2017134BN1518,2017,134BN1518,2,1,1,2,54,8,3,0,0,0,0,0,9,1,8,2017,134BN1518,427732.0,425810.0,-1.581159,53.727973,13,3,2,1,23/11/2017,5,18:35,204,E08000035,E08000035,3,653,3,40.0,6,2,6,0,0,0,4,1,2,0,0,1,1,2,E01011548
13137,2017134BO0360,2017,134BO0360,1,1,3,2,12,3,3,5,1,0,0,0,0,1,3,2017,134BO0360,426377.0,437875.0,-1.600669,53.83648,13,3,1,1,24/11/2017,6,08:05,204,E08000035,E08000035,6,0,6,30.0,6,4,6,0,0,0,1,1,4,0,0,1,1,2,E01011687
13138,2017134BO0388,2017,134BO0388,1,1,3,2,54,8,2,5,3,0,0,0,0,1,1,2017,134BO0388,426867.0,437526.0,-1.593254,53.833319,13,2,1,1,24/11/2017,6,07:20,204,E08000035,E08000035,6,0,6,30.0,1,4,3,660,0,0,4,1,1,0,0,1,2,2,E01011685
13139,2017134BO0397,2017,134BO0397,2,1,1,2,27,6,3,0,0,0,0,0,1,1,3,2017,134BO0397,427713.0,434458.0,-1.580674,53.8057,13,3,2,1,24/11/2017,6,08:18,204,E08000035,E08000035,3,65,6,30.0,3,4,6,0,0,0,1,1,4,0,0,1,2,2,E01011483
13140,2017134BO0479,2017,134BO0479,2,1,1,2,28,6,3,0,0,0,0,0,9,1,1,2017,134BO0479,429617.0,430946.0,-1.5521,53.774031,13,3,2,1,24/11/2017,6,09:25,204,E08000035,E08000035,6,0,6,30.0,3,4,6,0,0,0,1,1,2,0,0,1,1,2,E01011312
13141,2017134BO0483,2017,134BO0483,2,1,1,1,18,4,3,0,0,0,0,0,3,1,9,2017,134BO0483,424880.0,443542.0,-1.62296,53.887486,13,3,2,1,24/11/2017,6,09:30,204,E08000035,E08000035,3,660,6,40.0,3,4,6,0,0,0,1,1,1,0,0,2,1,2,E01032503
13142,2017134BO0623,2017,134BO0623,1,1,1,1,31,6,3,0,0,0,0,0,9,1,1,2017,134BO0623,434416.0,433751.0,-1.478975,53.798947,13,3,2,4,24/11/2017,6,10:50,204,E08000035,E08000035,4,6159,3,40.0,3,4,6,0,0,0,1,1,1,0,0,1,1,2,E01011341
13143,2017134BO0623,2017,134BO0623,1,2,2,2,30,6,3,0,0,1,0,0,9,1,1,2017,134BO0623,434416.0,433751.0,-1.478975,53.798947,13,3,2,4,24/11/2017,6,10:50,204,E08000035,E08000035,4,6159,3,40.0,3,4,6,0,0,0,1,1,1,0,0,1,1,2,E01011341
13144,2017134BO0623,2017,134BO0623,2,3,1,2,61,9,3,0,0,0,0,0,9,1,8,2017,134BO0623,434416.0,433751.0,-1.478975,53.798947,13,3,2,4,24/11/2017,6,10:50,204,E08000035,E08000035,4,6159,3,40.0,3,4,6,0,0,0,1,1,1,0,0,1,1,2,E01011341
13145,2017134BO0623,2017,134BO0623,2,4,2,1,64,9,3,0,0,1,0,0,9,1,8,2017,134BO0623,434416.0,433751.0,-1.478975,53.798947,13,3,2,4,24/11/2017,6,10:50,204,E08000035,E08000035,4,6159,3,40.0,3,4,6,0,0,0,1,1,1,0,0,1,1,2,E01011341
13146,2017134BO0804,2017,134BO0804,1,1,1,1,43,7,2,0,0,0,0,0,1,1,1,2017,134BO0804,445194.0,446987.0,-1.31341,53.917081,13,2,2,1,24/11/2017,6,12:30,204,E08000035,E08000035,6,0,6,30.0,3,4,6,0,0,0,1,1,2,0,0,2,1,2,E01011697
13147,2017134BO1217,2017,134BO1217,1,1,1,2,52,8,3,0,0,0,0,0,9,1,8,2017,134BO1217,432255.0,438652.0,-1.511272,53.843134,13,3,2,2,24/11/2017,6,15:45,204,E08000035,E08000035,6,0,6,30.0,6,4,6,0,0,0,1,1,2,0,0,1,1,2,E01011653
13148,2017134BO1217,2017,134BO1217,2,2,1,1,55,8,3,0,0,0,0,0,9,1,9,2017,134BO1217,432255.0,438652.0,-1.511272,53.843134,13,3,2,2,24/11/2017,6,15:45,204,E08000035,E08000035,6,0,6,30.0,6,4,6,0,0,0,1,1,2,0,0,1,1,2,E01011653
13149,2017134BO1424,2017,134BO1424,1,1,1,1,21,5,3,0,0,0,0,0,3,1,2,2017,134BO1424,427518.0,435873.0,-1.583509,53.818428,13,3,2,1,24/11/2017,6,17:14,204,E08000035,E08000035,6,0,6,30.0,3,4,4,615,0,0,4,2,2,0,0,1,1,2,E01032945
13150,2017134BO1433,2017,134BO1433,2,1,1,1,36,7,2,0,0,0,0,0,1,1,10,2017,134BO1433,420930.0,439495.0,-1.68333,53.851286,13,2,2,1,24/11/2017,6,17:23,204,E08000035,E08000035,3,65,6,30.0,3,4,6,0,0,0,4,2,2,0,0,2,1,2,E01011580
13151,2017134BO2064,2017,134BO2064,1,1,1,2,82,11,3,0,0,0,0,0,9,1,2,2017,134BO2064,430773.0,439192.0,-1.533741,53.848076,13,3,3,1,24/11/2017,6,17:15,204,E08000035,E08000035,3,6120,3,70.0,1,4,3,61,0,0,7,6,2,0,0,1,2,2,E01011512