,accident_index,accident_year_x,accident_reference_x,vehicle_reference,casualty_reference,casualty_class,sex_of_casualty,age_of_casualty,age_band_of_casualty,casualty_severity,pedestrian_location,pedestrian_movement,car_passenger,bus_or_coach_passenger,pedestrian_road_maintenance_worker,casualty_type,casualty_home_area_type,casualty_imd_decile,accident_year_y,accident_reference_y,location_easting_osgr,location_northing_osgr,longitude,latitude,police_force,accident_severity,number_of_vehicles,number_of_casualties,date,day_of_week,time,local_authority_district,local_authority_ons_district,local_authority_highway,first_road_class,first_road_number,road_type,speed_limit,junction_detail,junction_control,second_road_class,second_road_number,pedestrian_crossing_human_control,pedestrian_crossing_physical_facilities,light_conditions,weather_conditions,road_surface_conditions,special_conditions_at_site,carriageway_hazards,urban_or_rural_area,did_police_officer_attend_scene_of_accident,trunk_road_flag,lsoa_of_accident_location
13239,2017134C40867,2017,134C40867,1,2,2,2,24,5,3,0,0,1,0,0,9,1,5,2017,134C40867,430586.0,431796.0,-1.537314,53.781615,13,3,2,2,03/12/2017,1,08:55,204,E08000035,E08000035,3,61,3,40.0,0,-1,-1,-1,0,0,1,1,1,0,0,1,2,2,E01011364
13240,2017134C41133,2017,134C41133,1,1,3,2,80,11,2,1,1,0,0,0,0,2,5,2017,134C41133,438466.0,430384.0,-1.417909,53.768404,13,2,1,1,04/12/2017,2,14:50,204,E08000035,E08000035,3,642,6,30.0,9,2,6,0,0,4,1,1,2,0,0,2,1,2,E01011390
13241,2017134C41290,2017,134C41290,1,1,2,1,4,1,3,0,0,2,0,0,9,1,1,2017,134C41290,430292.0,434315.0,-1.541529,53.804272,13,3,2,2,04/12/2017,2,16:35,204,E08000035,E08000035,2,64,3,60.0,5,4,3,58,0,0,4,1,2,0,0,1,1,2,E01033002
13242,2017134C41290,2017,134C41290,2,2,1,2,21,5,3,0,0,0,0,0,9,1,7,2017,134C41290,430292.0,434315.0,-1.541529,53.804272,13,3,2,2,04/12/2017,2,16:35,204,E08000035,E08000035,2,64,3,60.0,5,4,3,58,0,0,4,1,2,0,0,1,1,2,E01033002
13243,2017134C41501,2017,134C41501,1,1,1,1,79,11,3,0,0,0,0,0,9,1,10,2017,134C41501,439893.0,447400.0,-1.39406,53.921226,13,3,2,1,04/12/2017,2,18:12,204,E08000035,E08000035,3,58,6,50.0,9,4,6,0,0,0,6,1,2,0,0,2,1,2,E01011704
13244,2017134C41631,2017,134C41631,1,1,1,1,58,9,3,0,0,0,0,0,19,1,5,2017,134C41631,428125.0,426678.0,-1.575124,53.735753,13,3,2,1,04/12/2017,2,20:00,204,E08000035,E08000035,3,653,3,40.0,6,2,6,0,0,5,4,8,2,0,0,1,1,2,E01011538
13245,2017134C41815,2017,134C41815,2,1,1,2,57,9,3,0,0,0,0,0,1,1,3,2017,134C41815,426858.0,438041.0,-1.593346,53.837948,13,3,2,1,04/12/2017,2,20:20,204,E08000035,E08000035,3,6120,3,40.0,1,4,3,660,0,0,4,2,2,0,0,1,1,2,E01011685
13246,2017134C50155,2017,134C50155,2,1,1,1,40,7,2,0,0,0,0,0,3,1,1,2017,134C50155,430036.0,431022.0,-1.545736,53.77469,13,2,2,1,05/12/2017,3,03:00,204,E08000035,E08000035,3,653,6,50.0,3,4,6,0,0,0,4,1,2,0,0,1,1,2,E01011312
13247,2017134C50872,2017,134C50872,1,1,2,2,67,10,3,0,0,1,0,0,9,1,7,2017,134C50872,436856.0,428987.0,-1.4425,53.755965,13,3,2,1,05/12/2017,3,13:20,204,E08000035,E08000035,6,0,6,30.0,6,4,6,0,0,0,1,1,1,0,0,1,2,2,E01011637
13248,2017134C50999,2017,134C50999,1,1,3,1,31,6,2,5,4,0,0,0,0,1,5,2017,134C50999,424683.0,438095.0,-1.626392,53.83854,13,2,1,1,02/12/2017,7,15:00,204,E08000035,E08000035,6,0,6,40.0,0,-1,-1,-1,0,0,1,1,1,0,0,1,2,2,E01011463
13249,2017134C51045,2017,134C51045,1,1,3,2,13,3,2,6,9,0,0,0,0,1,1,2017,134C51045,431265.0,438273.0,-1.526356,53.839788,13,2,1,2,05/12/2017,3,15:10,204,E08000035,E08000035,6,0,6,30.0,0,-1,-1,-1,0,0,1,1,1,0,0,1,1,2,E01011511
13250,2017134C51045,2017,134C51045,1,2,3,2,13,3,2,6,9,0,0,0,0,1,1,2017,134C51045,431265.0,438273.0,-1.526356,53.839788,13,2,1,2,05/12/2017,3,15:10,204,E08000035,E08000035,6,0,6,30.0,0,-1,-1,-1,0,0,1,1,1,0,0,1,1,2,E01011511
13251,2017134C51166,2017,134C51166,2,1,1,2,39,7,3,0,0,0,0,0,9,1,3,2017,134C51166,438952.0,431558.0,-1.410389,53.778919,13,3,2,1,05/12/2017,3,15:50,204,E08000035,E08000035,3,642,6,60.0,3,4,6,0,0,0,4,1,1,0,0,2,1,2,E01011402
13252,2017134C51215,2017,134C51215,2,1,1,1,59,9,3,0,0,0,0,0,9,1,3,2017,134C51215,428449.0,429068.0,-1.569994,53.757217,13,3,2,2,05/12/2017,3,16:15,204,E08000035,E08000035,3,6110,7,40.0,5,4,3,653,0,0,4,1,2,0,0,2,1,2,E01011493
13253,2017134C51215,2017,134C51215,2,2,2,2,57,9,3,0,0,1,0,0,9,1,3,2017,134C51215,428449.0,429068.0,-1.569994,53.757217,13,3,2,2,05/12/2017,3,16:15,204,E08000035,E08000035,3,6110,7,40.0,5,4,3,653,0,0,4,1,2,0,0,2,1,2,E01011493
13254,2017134C51339,2017,134C51339,1,1,1,2,81,11,2,0,0,0,0,0,9,1,8,2017,134C51339,432525.0,438359.0,-1.507199,53.840484,13,2,1,1,05/12/2017,3,17:00,204,E08000035,E08000035,6,0,6,20.0,0,-1,-1,-1,0,0,4,1,1,0,0,1,1,2,E01011655
13255,2017134C51483,2017,134C51483,1,1,1,1,25,5,3,0,0,0,0,0,9,1,10,2017,134C51483,418149.0,442438.0,-1.725429,53.877841,13,3,2,1,05/12/2017,3,15:30,204,E08000035,E08000035,3,6038,6,30.0,0,-1,-1,-1,0,4,4,1,4,0,0,1,2,2,E01011266
13256,2017134C51510,2017,134C51510,1,1,1,2,38,7,3,0,0,0,0,0,9,1,10,2017,134C51510,424913.0,440283.0,-1.622722,53.858194,13,3,2,1,05/12/2017,3,17:20,204,E08000035,E08000035,6,0,6,20.0,0,-1,-1,-1,0,0,4,1,1,0,0,1,2,2,E01011376
13257,2017134C51556,2017,134C51556,2,1,1,2,45,7,3,0,0,0,0,0,9,1,8,2017,134C51556,428558.0,427778.0,-1.568459,53.745616,13,3,2,1,05/12/2017,3,18:40,204,E08000035,E08000035,3,653,1,40.0,1,4,6,0,0,0,4,1,2,0,0,2,2,2,E01011540
13258,2017134C51878,2017,134C51878,1,1,3,2,21,5,3,8,9,0,0,0,0,1,5,2017,134C51878,429885.0,434289.0,-1.547712,53.804062,13,3,1,1,05/12/2017,3,19:20,204,E08000035,E08000035,6,0,2,30.0,0,-1,-1,-1,0,0,4,1,1,0,0,1,2,2,E01033008
13259,2017134C60031,2017,134C60031,1,1,1,1,18,4,3,0,0,0,0,0,9,-1,-1,2017,134C60031,428210.0,436712.0,-1.572923,53.825932,13,3,1,1,06/12/2017,4,00:36,204,E08000035,E08000035,6,0,6,30.0,3,4,6,0,0,0,4,2,2,0,0,1,1,2,E01011692
13260,2017134C60146,2017,134C60146,1,1,1,1,22,5,2,0,0,0,0,0,19,1,9,2017,134C60146,441501.0,430749.0,-1.371818,53.771452,13,2,1,3,06/12/2017,4,03:37,204,E08000035,E08000035,4,6137,6,30.0,0,-1,-1,-1,0,0,4,1,2,0,0,1,1,2,E01011305
13261,2017134C60146,2017,134C60146,1,2,2,1,18,4,2,0,0,1,0,0,19,2,5,2017,134C60146,441501.0,430749.0,-1.371818,53.771452,13,2,1,3,06/12/2017,4,03:37,204,E08000035,E08000035,4,6137,6,30.0,0,-1,-1,-1,0,0,4,1,2,0,0,1,1,2,E01011305
13262,2017134C60146,2017,134C60146,1,3,2,2,24,5,2,0,0,2,0,0,19,1,5,2017,134C60146,441501.0,430749.0,-1.371818,53.771452,13,2,1,3,06/12/2017,4,03:37,204,E08000035,E08000035,4,6137,6,30.0,0,-1,-1,-1,0,0,4,1,2,0,0,1,1,2,E01011305
13263,2017134C60163,2017,134C60163,1,1,1,1,24,5,2,0,0,0,0,0,9,1,4,2017,134C60163,436100.0,425919.0,-1.454322,53.728443,13,2,2,1,06/12/2017,4,05:00,204,E08000035,E08000035,1,62,3,70.0,0,-1,-1,-1,0,0,4,1,1,4,0,2,1,1,E01011636
13264,2017134C60339,2017,134C60339,1,1,1,1,55,8,3,0,0,0,0,0,3,1,6,2017,134C60339,421728.0,432821.0,-1.671668,53.79127,13,3,1,2,06/12/2017,4,17:30,204,E08000035,E08000035,6,0,6,30.0,0,-1,-1,-1,0,0,4,1,1,0,0,1,2,2,E01011602
13265,2017134C60339,2017,134C60339,1,2,3,1,53,8,3,8,3,0,0,0,0,1,4,2017,134C60339,421728.0,432821.0,-1.671668,53.79127,13,3,1,2,06/12/2017,4,17:30,204,E08000035,E08000035,6,0,6,30.0,0,-1,-1,-1,0,0,4,1,1,0,0,1,2,2,E01011602
13266,2017134C60486,2017,134C60486,1,1,1,1,46,8,3,0,0,0,0,0,9,1,6,2017,134C60486,429192.0,438574.0,-1.557829,53.842613,13,3,2,1,06/12/2017,4,10:34,204,E08000035,E08000035,3,6120,3,40.0,3,2,6,0,0,0,1,1,1,0,0,2,1,2,E01011505
13267,2017134C62105,2017,134C62105,1,1,1,1,23,5,3,0,0,0,0,0,9,1,3,2017,134C62105,425116.0,425896.0,-1.620801,53.728877,13,3,4,1,06/12/2017,4,23:56,204,E08000035,E08000035,4,6123,6,30.0,0,-1,-1,-1,0,0,4,4,2,0,0,1,1,2,E01011534
13268,2017134C70349,2017,134C70349,1,1,1,1,36,7,2,0,0,0,0,0,1,1,6,2017,134C70349,421248.0,440672.0,-1.678414,53.861852,13,2,2,1,07/12/2017,5,08:37,204,E08000035,E08000035,6,0,6,20.0,3,4,6,0,0,0,1,1,1,0,0,1,1,2,E01011276
13269,2017134C70862,2017,134C70862,2,1,1,2,29,6,3,0,0,0,0,0,9,1,4,2017,134C70862,425778.0,427095.0,-1.610668,53.739622,13,3,2,1,08/12/2017,6,16:00,204,E08000035,E08000035,6,0,6,30.0,0,-1,-1,-1,0,0,1,1,2,0,0,1,1,2,E01011545
13270,2017134C71829,2017,134C71829,1,1,2,2,15,3,3,0,0,2,0,0,8,1,1,2017,134C71829,431177.0,431732.0,-1.528352,53.781005,13,3,1,1,07/01/2017,7,18:00,204,E08000035,E08000035,6,0,6,20.0,0,-1,-1,-1,0,0,4,1,1,0,0,1,2,2,E01011467
13271,2017134C80605,2017,134C80605,1,1,2,2,71,10,3,0,0,1,0,0,9,1,8,2017,134C80605,436187.0,427362.0,-1.452835,53.741406,13,3,1,1,08/12/2017,6,10:49,204,E08000035,E08000035,3,642,6,30.0,0,-1,-1,-1,0,8,1,1,1,0,0,1,1,2,E01011635
13272,2017134C80644,2017,134C80644,1,1,3,2,32,6,3,5,1,0,0,0,0,1,3,2017,134C80644,425991.0,428180.0,-1.607348,53.749363,13,3,1,1,08/12/2017,6,11:10,204,E08000035,E08000035,4,6126,6,30.0,3,4,3,643,0,0,1,4,2,0,0,1,1,2,E01011525
13273,2017134C80757,2017,134C80757,1,1,1,1,76,11,3,0,0,0,0,0,9,1,6,2017,134C80757,422244.0,433427.0,-1.663792,53.796695,13,3,2,1,08/12/2017,6,12:54,204,E08000035,E08000035,4,6155,9,20.0,0,-1,-1,-1,0,0,1,4,4,0,0,1,1,2,E01011612
13274,2017134C81123,2017,134C81123,1,1,3,2,12,3,3,5,4,0,0,0,0,1,2,2017,134C81123,418804.0,441578.0,-1.715518,53.870088,13,3,1,1,08/12/2017,6,15:00,204,E08000035,E08000035,6,0,6,30.0,0,-1,-1,-1,0,0,1,1,1,0,0,1,1,2,E01011265
13275,2017134C81646,2017,134C81646,1,1,3,1,21,5,3,5,3,0,0,0,0,1,4,2017,134C81646,426989.0,433439.0,-1.591756,53.79658,13,3,1,1,08/12/2017,6,18:56,204,E08000035,E08000035,6,0,6,30.0,3,4,6,0,0,0,4,1,2,0,0,1,1,2,E01011292
13276,2017134C81802,2017,134C81802,1,1,3,2,58,9,2,5,1,0,0,0,0,1,1,2017,134C81802,432286.0,435347.0,-1.511145,53.813427,13,2,1,1,08/12/2017,6,20:00,204,E08000035,E08000035,6,0,6,20.0,3,4,6,0,0,0,4,5,4,0,0,1,1,2,E01011430
13277,2017134C81843,2017,134C81843,1,1,3,1,12,3,3,10,3,0,0,0,0,1,4,2017,134C81843,419385.0,432661.0,-1.707242,53.789923,13,3,1,1,07/12/2017,5,07:50,204,E08000035,E08000035,6,0,6,30.0,0,-1,-1,-1,0,1,1,1,1,0,0,1,2,2,E01011606
13278,2017134C81904,2017,134C81904,2,1,1,1,46,8,3,0,0,0,0,0,1,1,7,2017,134C81904,426261.0,435581.0,-1.602626,53.815868,13,3,2,1,08/12/2017,6,16:20,204,E08000035,E08000035,6,0,6,30.0,0,-1,-1,-1,0,0,4,1,1,0,0,1,1,2,E01011488
13279,2017134C91297,2017,134C91297,2,1,2,1,7,2,3,0,0,0,4,0,11,1,4,2017,134C91297,429087.0,433513.0,-1.559901,53.797132,13,3,2,1,09/12/2017,7,16:55,204,E08000035,E08000035,6,0,3,30.0,0,-1,-1,-1,0,0,4,1,1,0,0,1,1,2,E01033015
13280,2017134CA1317,2017,134CA1317,1,1,1,1,49,8,3,0,0,0,0,0,9,1,7,2017,134CA1317,440968.0,432074.0,-1.379729,53.783403,13,3,3,1,10/12/2017,1,18:06,204,E08000035,E08000035,3,63,6,30.0,0,-1,-1,-1,0,0,4,1,2,0,0,1,1,2,E01011302
13281,2017134CA1751,2017,134CA1751,2,1,1,1,32,6,2,0,0,0,0,0,1,1,1,2017,134CA1751,432643.0,435859.0,-1.50567,53.818007,13,2,2,1,10/12/2017,1,23:10,204,E08000035,E08000035,6,0,6,30.0,3,4,6,0,0,0,4,1,2,0,0,1,1,2,E01011424
13282,2017134CB0208,2017,134CB0208,2,1,2,1,26,6,3,0,0,1,0,0,9,1,8,2017,134CB0208,425201.0,436514.0,-1.618649,53.824306,13,3,2,1,11/12/2017,2,07:15,204,E08000035,E08000035,3,65,3,30.0,0,-1,-1,-1,0,0,4,4,1,0,0,1,1,2,E01032494
13283,2017134CB1462,2017,134CB1462,1,1,1,1,25,5,3,0,0,0,0,0,2,1,1,2017,134CB1462,427953.0,433624.0,-1.577106,53.798192,13,3,2,2,11/12/2017,2,18:35,204,E08000035,E08000035,3,647,6,30.0,0,-1,-1,-1,0,0,4,1,1,0,0,1,1,2,E01011284
13284,2017134CB1462,2017,134CB1462,2,2,1,2,32,6,3,0,0,0,0,0,9,1,4,2017,134CB1462,427953.0,433624.0,-1.577106,53.798192,13,3,2,2,11/12/2017,2,18:35,204,E08000035,E08000035,3,647,6,30.0,0,-1,-1,-1,0,0,4,1,1,0,0,1,1,2,E01011284
13285,2017134CC0213,2017,134CC0213,2,1,1,1,51,8,3,0,0,0,0,0,9,1,10,2017,134CC0213,428611.0,432796.0,-1.567193,53.790714,13,3,2,1,12/12/2017,3,07:30,204,E08000035,E08000035,6,0,3,40.0,0,-1,-1,-1,0,0,4,1,4,0,0,1,1,2,E01011363
13286,2017134CC0308,2017,134CC0308,1,1,3,2,78,11,3,1,3,0,0,0,0,1,2,2017,134CC0308,425015.0,433189.0,-1.621744,53.794431,13,3,1,1,12/12/2017,3,08:57,204,E08000035,E08000035,3,6110,3,40.0,1,2,6,0,0,4,1,1,2,0,0,1,1,2,E01011727
13287,2017134CC0314,2017,134CC0314,1,1,1,1,26,6,3,0,0,0,0,0,19,-1,-1,2017,134CC0314,431559.0,426429.0,-1.523095,53.73332,13,3,2,1,12/12/2017,3,09:02,204,E08000035,E08000035,1,62,3,70.0,0,-1,-1,-1,0,0,1,8,1,0,0,1,1,1,E01011499
13288,2017134CC0353,2017,134CC0353,2,1,1,1,36,7,3,0,0,0,0,0,9,1,2,2017,134CC0353,432297.0,427031.0,-1.511845,53.738686,13,3,3,2,12/12/2017,3,09:25,204,E08000035,E08000035,1,1,3,70.0,5,4,1,1,0,0,1,1,2,0,0,2,2,1,E01032496
13289,2017134CC0353,2017,134CC0353,3,2,1,1,59,9,3,0,0,0,0,0,9,3,4,2017,134CC0353,432297.0,427031.0,-1.511845,53.738686,13,3,3,2,12/12/2017,3,09:25,204,E08000035,E08000035,1,1,3,70.0,5,4,1,1,0,0,1,1,2,0,0,2,2,1,E01032496
13290,2017134CC0730,2017,134CC0730,2,1,1,1,57,9,3,0,0,0,0,0,1,1,10,2017,134CC0730,427231.0,434731.0,-1.587969,53.808179,13,3,2,1,12/12/2017,3,12:45,204,E08000035,E08000035,3,65,6,30.0,3,4,6,0,0,0,1,1,2,0,0,1,1,2,E01011482
13291,2017134CC1019,2017,134CC1019,1,1,1,1,40,7,2,0,0,0,0,0,9,1,1,2017,134CC1019,431846.0,429798.0,-1.518399,53.763582,13,2,3,5,12/12/2017,3,15:35,204,E08000035,E08000035,6,0,6,30.0,0,-1,-1,-1,0,0,1,1,1,0,0,2,1,2,E01011469
13292,2017134CC1019,2017,134CC1019,2,2,1,2,36,7,3,0,0,0,0,0,9,1,1,2017,134CC1019,431846.0,429798.0,-1.518399,53.763582,13,2,3,5,12/12/2017,3,15:35,204,E08000035,E08000035,6,0,6,30.0,0,-1,-1,-1,0,0,1,1,1,0,0,2,1,2,E01011469
13293,2017134CC1019,2017,134CC1019,2,3,2,2,8,2,3,0,0,2,0,0,9,1,1,2017,134CC1019,431846.0,429798.0,-1.518399,53.763582,13,2,3,5,12/12/2017,3,15:35,204,E08000035,E08000035,6,0,6,30.0,0,-1,-1,-1,0,0,1,1,1,0,0,2,1,2,E01011469
13294,2017134CC1019,2017,134CC1019,2,4,2,2,7,2,3,0,0,2,0,0,9,1,1,2017,134CC1019,431846.0,429798.0,-1.518399,53.763582,13,2,3,5,12/12/2017,3,15:35,204,E08000035,E08000035,6,0,6,30.0,0,-1,-1,-1,0,0,1,1,1,0,0,2,1,2,E01011469
13295,2017134CC1019,2017,134CC1019,2,5,2,1,10,2,3,0,0,1,0,0,9,1,1,2017,134CC1019,431846.0,429798.0,-1.518399,53.763582,13,2,3,5,12/12/2017,3,15:35,204,E08000035,E08000035,6,0,6,30.0,0,-1,-1,-1,0,0,1,1,1,0,0,2,1,2,E01011469
13296,2017134CC1212,2017,134CC1212,1,1,1,1,18,4,3,0,0,0,0,0,2,1,10,2017,134CC1212,430828.0,434007.0,-1.533422,53.801472,13,3,2,1,12/12/2017,3,16:45,204,E08000035,E08000035,6,0,3,30.0,0,-1,-1,-1,0,0,4,1,2,4,0,1,1,2,E01033031
13297,2017134CC1372,2017,134CC1372,1,1,3,1,18,4,3,1,1,0,0,0,0,1,1,2017,134CC1372,427956.0,436097.0,-1.576837,53.820418,13,3,1,1,12/12/2017,3,16:10,204,E08000035,E08000035,3,660,6,30.0,0,-1,-1,-1,0,4,4,1,2,0,0,1,2,2,E01011451
13298,2017134CC1394,2017,134CC1394,1,1,3,2,47,8,3,5,2,0,0,0,0,1,1,2017,134CC1394,432125.0,435339.0,-1.513591,53.813366,13,3,1,1,12/12/2017,3,18:23,204,E08000035,E08000035,6,0,6,30.0,3,4,4,6159,0,0,4,2,2,0,0,1,1,2,E01011430
13299,2017134CC1736,2017,134CC1736,2,1,1,1,14,3,3,0,0,0,0,0,1,2,10,2017,134CC1736,442838.0,444969.0,-1.34956,53.899145,13,3,2,1,12/12/2017,3,21:15,204,E08000035,E08000035,6,0,6,30.0,0,-1,-1,-1,0,0,4,1,1,0,0,2,2,2,E01011709
13300,2017134CD0463,2017,134CD0463,2,1,1,1,41,7,3,0,0,0,0,0,1,1,4,2017,134CD0463,428945.0,432948.0,-1.562109,53.792062,13,3,2,1,13/12/2017,4,08:35,204,E08000035,E08000035,6,0,6,30.0,8,4,6,0,0,0,1,1,2,0,0,1,2,2,E01033013
13301,2017134CD1410,2017,134CD1410,1,1,3,1,10,2,3,5,1,0,0,0,0,1,8,2017,134CD1410,426148.0,439100.0,-1.604046,53.847501,13,3,1,1,13/12/2017,4,18:06,204,E08000035,E08000035,6,0,6,20.0,0,-1,-1,-1,0,0,4,1,4,0,0,1,1,2,E01011695
13302,2017134CE0355,2017,134CE0355,1,1,3,2,23,5,2,5,9,0,0,0,0,1,5,2017,134CE0355,428955.0,435467.0,-1.561722,53.814701,13,2,1,1,14/12/2017,5,08:20,204,E08000035,E08000035,6,0,6,30.0,6,2,6,0,0,5,4,1,4,0,0,1,1,2,E01033005
13303,2017134CE0384,2017,134CE0384,1,1,3,1,10,2,3,5,3,0,0,0,0,1,1,2017,134CE0384,429467.0,431223.0,-1.55435,53.776529,13,3,1,1,14/12/2017,5,08:40,204,E08000035,E08000035,6,0,6,20.0,0,-1,-1,-1,0,0,1,1,4,0,0,1,1,2,E01011373
13304,2017134CE0654,2017,134CE0654,2,1,1,1,51,8,3,0,0,0,0,0,10,1,2,2017,134CE0654,423241.0,434953.0,-1.648542,53.810367,13,3,2,2,14/12/2017,5,11:00,204,E08000035,E08000035,6,0,6,30.0,3,4,6,0,0,0,1,1,2,0,0,1,2,2,E01011333
13305,2017134CE0654,2017,134CE0654,2,2,2,2,77,11,3,0,0,2,0,0,10,1,3,2017,134CE0654,423241.0,434953.0,-1.648542,53.810367,13,3,2,2,14/12/2017,5,11:00,204,E08000035,E08000035,6,0,6,30.0,3,4,6,0,0,0,1,1,2,0,0,1,2,2,E01011333
13306,2017134CE1338,2017,134CE1338,2,1,2,2,6,2,3,0,0,2,0,0,9,1,1,2017,134CE1338,432130.0,435328.0,-1.513516,53.813266,13,3,3,2,14/12/2017,5,16:50,204,E08000035,E08000035,4,6159,6,30.0,6,4,6,0,0,0,4,2,2,0,2,1,1,2,E01011432
13307,2017134CE1338,2017,134CE1338,2,2,2,2,5,1,3,0,0,2,0,0,9,1,1,2017,134CE1338,432130.0,435328.0,-1.513516,53.813266,13,3,3,2,14/12/2017,5,16:50,204,E08000035,E08000035,4,6159,6,30.0,6,4,6,0,0,0,4,2,2,0,2,1,1,2,E01011432
13308,2017134CE1947,2017,134CE1947,2,1,2,2,11,3,3,0,0,1,0,0,9,-1,-1,2017,134CE1947,431887.0,435700.0,-1.517168,53.816625,13,3,2,1,14/12/2017,5,22:07,204,E08000035,E08000035,3,58,6,30.0,3,2,6,0,0,5,4,1,2,0,0,1,1,2,E01011428
13309,2017134CF0249,2017,134CF0249,1,1,1,1,29,6,3,0,0,0,0,0,9,1,3,2017,134CF0249,425037.0,433181.0,-1.62141,53.794358,13,3,2,1,15/12/2017,6,06:35,204,E08000035,E08000035,3,6110,1,40.0,1,4,6,0,0,0,4,1,1,0,0,1,1,2,E01011727
13310,2017134CF0266,2017,134CF0266,1,1,1,2,45,7,3,0,0,0,0,0,9,3,8,2017,134CF0266,429905.0,434401.0,-1.547397,53.805067,13,3,2,1,15/12/2017,6,07:05,204,E08000035,E08000035,3,58,7,40.0,5,4,3,58,0,0,4,2,4,0,0,1,1,2,E01033008
13311,2017134CF0313,2017,134CF0313,1,1,1,2,24,5,3,0,0,0,0,0,2,1,6,2017,134CF0313,430871.0,429956.0,-1.533173,53.765061,13,3,1,1,15/12/2017,6,08:00,204,E08000035,E08000035,6,0,6,30.0,3,4,6,0,0,0,1,1,4,0,0,1,1,2,E01011472
13312,2017134CF0359,2017,134CF0359,1,1,3,1,37,7,3,8,1,0,0,0,0,1,3,2017,134CF0359,422732.0,435534.0,-1.656229,53.815611,13,3,1,1,15/12/2017,6,08:40,204,E08000035,E08000035,6,0,6,30.0,3,4,6,0,0,0,7,1,1,0,0,1,2,2,E01011327
13313,2017134CF0378,2017,134CF0378,2,1,1,1,43,7,3,0,0,0,0,0,1,1,9,2017,134CF0378,426816.0,438009.0,-1.593987,53.837662,13,3,2,1,15/12/2017,6,07:55,204,E08000035,E08000035,3,6120,1,40.0,1,4,3,660,0,0,4,1,2,0,0,1,2,2,E01011687
13314,2017134CF0387,2017,134CF0387,1,1,3,2,10,2,3,1,1,0,0,0,0,-1,-1,2017,134CF0387,432500.0,434076.0,-1.508029,53.801991,13,3,1,1,15/12/2017,6,09:00,204,E08000035,E08000035,6,0,6,30.0,3,4,6,0,0,4,1,8,4,0,0,1,1,2,E01011348
13315,2017134CF0647,2017,134CF0647,1,1,2,2,71,10,3,0,0,0,2,0,11,1,8,2017,134CF0647,435687.0,436251.0,-1.459391,53.821331,13,3,1,1,15/12/2017,6,09:54,204,E08000035,E08000035,6,0,6,20.0,0,-1,-1,-1,0,0,1,1,1,0,0,1,2,2,E01011661
13316,2017134CF0676,2017,134CF0676,1,1,1,1,57,9,3,0,0,0,0,0,9,1,1,2017,134CF0676,425265.0,432975.0,-1.617966,53.792495,13,2,2,2,15/12/2017,6,12:00,204,E08000035,E08000035,6,0,3,40.0,6,4,3,6110,0,5,1,1,1,0,0,1,1,2,E01011730
13317,2017134CF0676,2017,134CF0676,2,2,1,2,52,8,2,0,0,0,0,0,9,1,4,2017,134CF0676,425265.0,432975.0,-1.617966,53.792495,13,2,2,2,15/12/2017,6,12:00,204,E08000035,E08000035,6,0,3,40.0,6,4,3,6110,0,5,1,1,1,0,0,1,1,2,E01011730
13318,2017134CF0703,2017,134CF0703,1,1,3,1,13,3,2,5,1,0,0,0,0,1,7,2017,134CF0703,426528.0,437988.0,-1.598365,53.837488,13,2,1,1,15/12/2017,6,12:10,204,E08000035,E08000035,3,6120,3,40.0,0,-1,-1,-1,0,0,1,1,2,0,0,1,1,2,E01011687
13319,2017134CF0936,2017,134CF0936,1,1,1,1,36,7,3,0,0,0,0,0,9,1,5,2017,134CF0936,431561.0,435184.0,-1.522172,53.812007,13,3,2,1,12/12/2017,3,16:25,204,E08000035,E08000035,3,58,3,30.0,3,4,6,0,0,0,4,1,1,0,0,1,2,2,E01011429
13320,2017134CF1039,2017,134CF1039,1,1,3,1,10,2,2,6,9,0,0,0,0,1,1,2017,134CF1039,431312.0,434130.0,-1.526061,53.802549,13,2,5,1,15/12/2017,6,15:18,204,E08000035,E08000035,6,0,6,30.0,3,4,6,0,0,4,1,1,1,0,0,1,1,2,E01033035
13321,2017134CF1222,2017,134CF1222,2,1,1,1,42,7,3,0,0,0,0,0,1,1,1,2017,134CF1222,429436.0,433459.0,-1.554608,53.796627,13,3,2,1,15/12/2017,6,16:20,204,E08000035,E08000035,6,0,6,30.0,6,2,6,0,0,0,4,1,1,0,0,1,1,2,E01033015
13322,2017134CF1424,2017,134CF1424,2,1,1,1,45,7,3,0,0,0,0,0,1,1,1,2017,134CF1424,431402.0,435028.0,-1.524603,53.810614,13,3,2,1,15/12/2017,6,17:52,204,E08000035,E08000035,6,0,6,30.0,6,2,6,0,0,5,4,1,2,0,0,1,1,2,E01011673
13323,2017134CF1427,2017,134CF1427,1,1,2,1,64,9,2,0,0,0,3,0,11,1,2,2017,134CF1427,433582.0,435850.0,-1.491409,53.817867,13,2,1,1,15/12/2017,6,17:55,204,E08000035,E08000035,6,0,6,30.0,0,-1,-1,-1,0,0,4,1,2,0,0,1,2,2,E01011421
13324,2017134CF1955,2017,134CF1955,1,1,1,2,23,5,3,0,0,0,0,0,9,2,10,2017,134CF1955,442831.0,445001.0,-1.349662,53.899433,13,3,1,1,15/12/2017,6,22:00,204,E08000035,E08000035,6,0,6,30.0,3,4,6,0,0,0,4,1,2,0,0,2,1,2,E01011709
13325,2017134CG0399,2017,134CG0399,2,1,1,1,25,5,2,0,0,0,0,0,4,1,7,2017,134CG0399,425058.0,433369.0,-1.621076,53.796046,13,2,2,1,16/12/2017,7,06:55,204,E08000035,E08000035,6,0,1,30.0,1,4,6,0,0,0,4,1,2,0,0,1,1,2,E01011727