,accident_index,accident_year_x,accident_reference_x,vehicle_reference,casualty_reference,casualty_class,sex_of_casualty,age_of_casualty,age_band_of_casualty,casualty_severity,pedestrian_location,pedestrian_movement,car_passenger,bus_or_coach_passenger,pedestrian_road_maintenance_worker,casualty_type,casualty_home_area_type,casualty_imd_decile,accident_year_y,accident_reference_y,location_easting_osgr,location_northing_osgr,longitude,latitude,police_force,accident_severity,number_of_vehicles,number_of_casualties,date,day_of_week,time,local_authority_district,local_authority_ons_district,local_authority_highway,first_road_class,first_road_number,road_type,speed_limit,junction_detail,junction_control,second_road_class,second_road_number,pedestrian_crossing_human_control,pedestrian_crossing_physical_facilities,light_conditions,weather_conditions,road_surface_conditions,special_conditions_at_site,carriageway_hazards,urban_or_rural_area,did_police_officer_attend_scene_of_accident,trunk_road_flag,lsoa_of_accident_location
13587,20181351T1039,2018,1351T1039,1,1,1,1,55,8,3,0,0,0,0,0,9,1,1,2018,1351T1039,440500.0,446312.0,-1.384962,53.911402,13,3,1,1,29/01/2018,2,14:50,204,E08000035,E08000035,2,1,3,70.0,0,-1,-1,-1,0,0,1,1,2,0,0,2,1,1,E01011704
13588,20181351T1111,2018,1351T1111,1,2,1,1,40,7,3,0,0,0,0,0,19,1,6,2018,1351T1111,443612.0,431682.0,-1.339661,53.779666,13,3,4,2,29/01/2018,2,15:15,204,E08000035,E08000035,3,63,6,60.0,0,-1,-1,-1,0,0,1,1,1,0,0,2,1,2,E01011299
13589,20181351T1111,2018,1351T1111,3,1,1,2,52,8,3,0,0,0,0,0,9,-1,-1,2018,1351T1111,443612.0,431682.0,-1.339661,53.779666,13,3,4,2,29/01/2018,2,15:15,204,E08000035,E08000035,3,63,6,60.0,0,-1,-1,-1,0,0,1,1,1,0,0,2,1,2,E01011299
13590,20181351T1315,2018,1351T1315,1,1,2,1,26,6,3,0,0,0,3,0,11,1,1,2018,1351T1315,427977.0,433614.0,-1.576742,53.7981,13,3,1,3,29/01/2018,2,14:40,204,E08000035,E08000035,6,0,6,30.0,0,-1,-1,-1,0,0,1,1,1,0,0,1,2,2,E01011294
13591,20181351T1315,2018,1351T1315,1,2,2,2,45,7,3,0,0,0,3,0,11,1,1,2018,1351T1315,427977.0,433614.0,-1.576742,53.7981,13,3,1,3,29/01/2018,2,14:40,204,E08000035,E08000035,6,0,6,30.0,0,-1,-1,-1,0,0,1,1,1,0,0,1,2,2,E01011294
13592,20181351T1315,2018,1351T1315,1,3,2,2,55,8,3,0,0,0,3,0,11,-1,-1,2018,1351T1315,427977.0,433614.0,-1.576742,53.7981,13,3,1,3,29/01/2018,2,14:40,204,E08000035,E08000035,6,0,6,30.0,0,-1,-1,-1,0,0,1,1,1,0,0,1,2,2,E01011294
13593,20181351T1797,2018,1351T1797,1,1,1,1,31,6,3,0,0,0,0,0,9,1,8,2018,1351T1797,437897.0,433100.0,-1.426209,53.792856,13,3,1,1,29/01/2018,2,20:49,204,E08000035,E08000035,2,1,3,70.0,0,-1,-1,-1,0,0,6,1,1,0,0,2,1,1,E01011402
13594,20181351U0222,2018,1351U0222,6,1,1,2,58,9,3,0,0,0,0,0,9,1,7,2018,1351U0222,427811.0,431244.0,-1.579475,53.776808,13,3,6,1,30/01/2018,3,06:45,204,E08000035,E08000035,1,621,3,50.0,0,-1,-1,-1,0,0,4,1,1,0,0,1,1,1,E01011369
13595,20181351U0390,2018,1351U0390,1,1,1,1,10,2,2,0,0,0,0,0,1,1,8,2018,1351U0390,435268.0,434804.0,-1.465921,53.808355,13,2,2,1,30/01/2018,3,09:13,204,E08000035,E08000035,6,0,6,40.0,0,-1,-1,-1,0,4,1,1,2,0,0,1,1,2,E01011343
13596,20181351U0670,2018,1351U0670,2,1,1,2,33,6,3,0,0,0,0,0,9,1,6,2018,1351U0670,438497.0,430405.0,-1.417436,53.768591,13,3,2,1,30/01/2018,3,08:50,204,E08000035,E08000035,6,0,6,30.0,3,4,3,642,0,0,1,1,1,0,0,2,2,2,E01011390
13597,20181351V0967,2018,1351V0967,2,1,1,1,21,5,3,0,0,0,0,0,1,1,3,2018,1351V0967,427489.0,434601.0,-1.584063,53.806997,13,3,2,1,31/01/2018,4,14:30,204,E08000035,E08000035,6,0,6,30.0,0,-1,-1,-1,0,0,1,1,1,0,0,1,1,2,E01011482
13598,20181351V1253,2018,1351V1253,1,1,2,2,53,8,3,0,0,0,4,0,11,1,1,2018,1351V1253,436860.0,433637.0,-1.441886,53.797756,13,3,2,1,31/01/2018,4,16:45,204,E08000035,E08000035,3,6120,1,40.0,1,4,4,6159,0,0,1,4,1,0,0,1,1,2,E01011411
13599,20181351V1411,2018,1351V1411,1,1,1,2,25,5,3,0,0,0,0,0,9,1,8,2018,1351V1411,420831.0,439679.0,-1.684822,53.852944,13,3,2,1,31/01/2018,4,17:59,204,E08000035,E08000035,3,65,6,30.0,6,2,4,6152,0,5,4,1,2,0,0,1,1,2,E01011580
13600,20181351V1573,2018,1351V1573,1,1,1,1,34,6,3,0,0,0,0,0,9,-1,-1,2018,1351V1573,435425.0,437263.0,-1.463255,53.830445,13,3,2,2,31/01/2018,4,18:15,204,E08000035,E08000035,6,0,6,30.0,6,4,6,0,0,0,4,2,2,0,0,1,2,2,E01011657
13601,20181351V1573,2018,1351V1573,2,2,1,1,66,10,3,0,0,0,0,0,9,1,1,2018,1351V1573,435425.0,437263.0,-1.463255,53.830445,13,3,2,2,31/01/2018,4,18:15,204,E08000035,E08000035,6,0,6,30.0,6,4,6,0,0,0,4,2,2,0,0,1,2,2,E01011657
13602,2018135210417,2018,135210417,1,1,3,1,59,9,3,5,3,0,0,0,0,1,1,2018,135210417,432522.0,427562.0,-1.508379,53.743444,13,3,1,1,01/02/2018,5,09:13,204,E08000035,E08000035,3,61,6,30.0,6,2,6,0,0,0,1,1,1,0,0,1,1,2,E01011496
13603,2018135210508,2018,135210508,2,1,1,1,28,6,3,0,0,0,0,0,1,1,4,2018,135210508,428837.0,440131.0,-1.563079,53.856626,13,3,2,1,01/02/2018,5,09:00,204,E08000035,E08000035,6,0,6,30.0,3,4,6,0,0,0,1,1,1,0,0,2,2,2,E01011554
13604,2018135210599,2018,135210599,1,1,1,2,24,5,3,0,0,0,0,0,9,1,1,2018,135210599,432375.0,426056.0,-1.510764,53.729918,13,3,2,1,02/01/2018,3,12:14,204,E08000035,E08000035,1,62,1,70.0,1,2,1,62,0,0,1,2,2,0,0,2,2,1,E01011499
13605,2018135210620,2018,135210620,1,1,3,1,47,8,3,5,1,0,0,0,0,-1,-1,2018,135210620,421723.0,432936.0,-1.671736,53.792303,13,3,1,1,01/02/2018,5,11:21,204,E08000035,E08000035,6,0,6,30.0,3,4,6,0,0,0,1,1,1,0,0,1,1,2,E01011602
13606,2018135210831,2018,135210831,3,1,1,2,42,7,3,0,0,0,0,0,9,1,6,2018,135210831,426517.0,435658.0,-1.598731,53.816548,13,3,3,1,01/02/2018,5,13:23,204,E08000035,E08000035,6,0,6,30.0,6,2,6,0,0,0,1,1,3,0,0,1,1,2,E01011477
13607,2018135210901,2018,135210901,1,1,1,2,52,8,2,0,0,0,0,0,4,1,3,2018,135210901,439742.0,430162.0,-1.39858,53.766313,13,2,1,1,01/02/2018,5,13:55,204,E08000035,E08000035,6,0,6,30.0,0,-1,-1,-1,0,0,1,1,1,0,0,2,1,2,E01011392
13608,2018135211489,2018,135211489,1,1,1,1,42,7,2,0,0,0,0,0,9,1,9,2018,135211489,431304.0,434649.0,-1.52613,53.807214,13,2,2,2,01/02/2018,5,18:43,204,E08000035,E08000035,6,0,6,30.0,0,-1,-1,-1,0,0,4,1,1,0,0,1,1,2,E01033031
13609,2018135211489,2018,135211489,2,2,2,1,17,4,2,0,0,1,0,0,9,1,1,2018,135211489,431304.0,434649.0,-1.52613,53.807214,13,2,2,2,01/02/2018,5,18:43,204,E08000035,E08000035,6,0,6,30.0,0,-1,-1,-1,0,0,4,1,1,0,0,1,1,2,E01033031
13610,2018135211579,2018,135211579,1,1,1,1,63,9,2,0,0,0,0,0,9,1,1,2018,135211579,431213.0,426513.0,-1.528331,53.734096,13,2,3,1,01/02/2018,5,19:23,204,E08000035,E08000035,1,62,3,70.0,0,-1,-1,-1,0,0,4,1,1,0,0,2,1,1,E01011499
13611,2018135211823,2018,135211823,2,1,1,1,44,7,2,0,0,0,0,0,1,1,7,2018,135211823,428098.0,436746.0,-1.574621,53.826243,13,2,2,1,01/02/2018,5,07:50,204,E08000035,E08000035,4,6157,6,30.0,3,4,6,0,0,0,1,1,1,0,0,1,2,2,E01011692
13612,2018135220298,2018,135220298,1,1,3,2,13,3,3,5,1,0,0,0,0,1,10,2018,135220298,418458.0,442826.0,-1.720706,53.881317,13,3,1,1,02/02/2018,6,08:00,204,E08000035,E08000035,6,0,2,30.0,0,-1,-1,-1,0,0,1,1,1,0,0,1,1,2,E01011280
13613,2018135220471,2018,135220471,1,1,2,2,83,11,3,0,0,0,2,0,11,1,2,2018,135220471,425837.0,437783.0,-1.608882,53.83568,13,3,1,1,12/01/2018,6,16:15,204,E08000035,E08000035,6,0,6,30.0,3,4,6,0,0,0,1,1,1,0,0,1,2,2,E01011686
13614,2018135221273,2018,135221273,1,1,1,1,57,9,3,0,0,0,0,0,9,1,3,2018,135221273,428995.0,429899.0,-1.561636,53.764656,13,3,3,1,02/02/2018,6,16:25,204,E08000035,E08000035,3,653,3,30.0,9,4,6,0,0,0,1,1,1,0,0,1,1,2,E01011320
13615,2018135221295,2018,135221295,1,1,3,1,12,3,2,10,9,0,0,0,0,1,2,2018,135221295,427102.0,427364.0,-1.590572,53.741973,13,2,1,1,02/02/2018,6,16:40,204,E08000035,E08000035,6,0,6,20.0,0,-1,-1,-1,0,0,1,1,1,0,0,1,1,2,E01011547
13616,2018135221554,2018,135221554,2,1,1,2,21,5,3,0,0,0,0,0,1,1,1,2018,135221554,429972.0,433288.0,-1.546488,53.79506,13,3,2,1,02/02/2018,6,18:38,204,E08000035,E08000035,6,0,6,30.0,3,2,6,0,0,5,4,1,1,0,0,1,2,2,E01033016
13617,2018135221579,2018,135221579,1,1,3,1,12,3,3,5,4,0,0,0,0,1,2,2018,135221579,423857.0,438580.0,-1.638907,53.842937,13,3,1,1,31/01/2018,4,08:20,204,E08000035,E08000035,6,0,6,20.0,0,-1,-1,-1,0,0,1,1,1,0,0,1,2,2,E01011459
13618,2018135221602,2018,135221602,2,1,1,2,37,7,3,0,0,0,0,0,9,1,4,2018,135221602,431883.0,435363.0,-1.517264,53.813596,13,3,3,3,02/02/2018,6,18:55,204,E08000035,E08000035,6,0,6,30.0,3,4,6,0,0,0,4,1,1,0,0,1,1,2,E01011428
13619,2018135221602,2018,135221602,3,2,2,1,16,4,3,0,0,2,0,0,8,1,2,2018,135221602,431883.0,435363.0,-1.517264,53.813596,13,3,3,3,02/02/2018,6,18:55,204,E08000035,E08000035,6,0,6,30.0,3,4,6,0,0,0,4,1,1,0,0,1,1,2,E01011428
13620,2018135221602,2018,135221602,3,3,2,1,17,4,3,0,0,2,0,0,8,1,2,2018,135221602,431883.0,435363.0,-1.517264,53.813596,13,3,3,3,02/02/2018,6,18:55,204,E08000035,E08000035,6,0,6,30.0,3,4,6,0,0,0,4,1,1,0,0,1,1,2,E01011428
13621,2018135221770,2018,135221770,1,1,1,1,23,5,3,0,0,0,0,0,9,1,7,2018,135221770,431739.0,431403.0,-1.519857,53.778014,13,3,1,1,02/02/2018,6,20:00,204,E08000035,E08000035,6,0,6,30.0,3,4,3,639,0,0,4,1,1,0,0,1,1,2,E01011468
13622,2018135230684,2018,135230684,2,1,1,1,28,6,3,0,0,0,0,0,19,1,1,2018,135230684,425116.0,432412.0,-1.620273,53.787442,13,3,2,2,03/02/2018,7,11:45,204,E08000035,E08000035,6,0,6,30.0,8,4,6,0,0,0,1,1,2,0,0,1,2,2,E01011726
13623,2018135230684,2018,135230684,2,2,2,1,30,6,3,0,0,1,0,0,19,1,1,2018,135230684,425116.0,432412.0,-1.620273,53.787442,13,3,2,2,03/02/2018,7,11:45,204,E08000035,E08000035,6,0,6,30.0,8,4,6,0,0,0,1,1,2,0,0,1,2,2,E01011726
13624,2018135230700,2018,135230700,1,1,1,1,77,11,3,0,0,0,0,0,9,1,9,2018,135230700,425465.0,426996.0,-1.615421,53.738747,13,3,2,3,03/02/2018,7,11:50,204,E08000035,E08000035,3,650,6,40.0,0,-1,-1,-1,0,4,1,2,2,0,0,1,1,2,E01011534
13625,2018135230700,2018,135230700,1,2,2,2,77,11,3,0,0,1,0,0,9,1,7,2018,135230700,425465.0,426996.0,-1.615421,53.738747,13,3,2,3,03/02/2018,7,11:50,204,E08000035,E08000035,3,650,6,40.0,0,-1,-1,-1,0,4,1,2,2,0,0,1,1,2,E01011534
13626,2018135230700,2018,135230700,1,3,2,2,75,10,3,0,0,2,0,0,9,1,9,2018,135230700,425465.0,426996.0,-1.615421,53.738747,13,3,2,3,03/02/2018,7,11:50,204,E08000035,E08000035,3,650,6,40.0,0,-1,-1,-1,0,4,1,2,2,0,0,1,1,2,E01011534
13627,2018135230952,2018,135230952,1,1,3,1,74,10,2,8,1,0,0,0,0,1,2,2018,135230952,419469.0,441649.0,-1.705401,53.870702,13,2,1,1,03/02/2018,7,14:00,204,E08000035,E08000035,3,65,6,30.0,3,4,6,0,0,8,1,2,2,0,0,1,1,2,E01011267
13628,2018135231758,2018,135231758,2,1,1,1,37,7,3,0,0,0,0,0,9,1,1,2018,135231758,432630.0,434928.0,-1.505965,53.80964,13,3,2,1,03/02/2018,7,21:46,204,E08000035,E08000035,6,0,6,30.0,3,4,6,0,0,0,4,1,2,0,0,1,1,2,E01011433
13629,2018135231836,2018,135231836,1,1,3,1,34,6,3,5,1,0,0,0,0,1,6,2018,135231836,431349.0,435062.0,-1.525404,53.810923,13,3,1,1,03/02/2018,7,22:31,204,E08000035,E08000035,6,0,6,30.0,3,4,3,58,0,0,4,1,1,0,0,1,1,2,E01011429
13630,2018135240945,2018,135240945,2,1,2,1,21,5,3,0,0,2,0,0,8,-1,-1,2018,135240945,432285.0,433647.0,-1.511338,53.798149,13,3,2,3,04/02/2018,1,04:35,204,E08000035,E08000035,3,64,3,30.0,0,-1,-1,-1,0,0,4,1,1,0,0,1,2,2,E01011349
13631,2018135240945,2018,135240945,2,2,2,2,17,4,3,0,0,2,0,0,8,2,1,2018,135240945,432285.0,433647.0,-1.511338,53.798149,13,3,2,3,04/02/2018,1,04:35,204,E08000035,E08000035,3,64,3,30.0,0,-1,-1,-1,0,0,4,1,1,0,0,1,2,2,E01011349
13632,2018135240945,2018,135240945,2,3,2,2,17,4,3,0,0,1,0,0,8,-1,-1,2018,135240945,432285.0,433647.0,-1.511338,53.798149,13,3,2,3,04/02/2018,1,04:35,204,E08000035,E08000035,3,64,3,30.0,0,-1,-1,-1,0,0,4,1,1,0,0,1,2,2,E01011349
13633,2018135241389,2018,135241389,2,1,2,1,3,1,3,0,0,2,0,0,9,1,2,2018,135241389,433108.0,436129.0,-1.498578,53.820404,13,3,2,2,04/02/2018,1,17:35,204,E08000035,E08000035,3,58,3,40.0,9,4,6,0,0,0,4,1,1,0,0,1,1,2,E01011648
13634,2018135241389,2018,135241389,2,2,2,2,36,7,3,0,0,1,0,0,9,1,2,2018,135241389,433108.0,436129.0,-1.498578,53.820404,13,3,2,2,04/02/2018,1,17:35,204,E08000035,E08000035,3,58,3,40.0,9,4,6,0,0,0,4,1,1,0,0,1,1,2,E01011648
13635,2018135241529,2018,135241529,1,1,1,1,41,7,3,0,0,0,0,0,9,1,1,2018,135241529,429003.0,433568.0,-1.561171,53.797631,13,3,2,3,04/02/2018,1,18:50,204,E08000035,E08000035,3,58,6,30.0,3,2,3,65,0,5,4,1,1,0,0,1,1,2,E01011363
13636,2018135241529,2018,135241529,1,3,2,2,38,7,3,0,0,1,0,0,9,1,1,2018,135241529,429003.0,433568.0,-1.561171,53.797631,13,3,2,3,04/02/2018,1,18:50,204,E08000035,E08000035,3,58,6,30.0,3,2,3,65,0,5,4,1,1,0,0,1,1,2,E01011363
13637,2018135241529,2018,135241529,2,2,1,2,35,6,3,0,0,0,0,0,9,1,7,2018,135241529,429003.0,433568.0,-1.561171,53.797631,13,3,2,3,04/02/2018,1,18:50,204,E08000035,E08000035,3,58,6,30.0,3,2,3,65,0,5,4,1,1,0,0,1,1,2,E01011363
13638,2018135241545,2018,135241545,1,1,2,2,10,2,3,0,0,2,0,0,9,1,1,2018,135241545,429359.0,436837.0,-1.555456,53.826992,13,3,1,1,04/02/2018,1,19:00,204,E08000035,E08000035,6,0,6,30.0,0,-1,-1,-1,0,0,4,1,1,0,0,1,1,2,E01011354
13639,2018135241812,2018,135241812,1,1,1,1,57,9,3,0,0,0,0,0,3,-1,-1,2018,135241812,429139.0,435246.0,-1.558948,53.812705,13,3,2,1,04/02/2018,1,21:20,204,E08000035,E08000035,6,0,6,30.0,3,4,6,0,0,0,4,1,1,0,0,1,1,2,E01033005
13640,2018135250960,2018,135250960,2,1,1,1,20,4,3,0,0,0,0,0,9,1,4,2018,135250960,429061.0,434626.0,-1.560191,53.807137,13,3,2,1,05/02/2018,2,13:15,204,E08000035,E08000035,6,0,6,30.0,3,4,6,0,0,0,1,1,1,0,0,1,2,2,E01033006
13641,2018135251184,2018,135251184,1,1,1,1,68,10,3,0,0,0,0,0,9,1,7,2018,135251184,428055.0,433750.0,-1.575546,53.799319,13,3,2,1,05/02/2018,2,15:12,204,E08000035,E08000035,6,0,6,30.0,8,4,6,0,0,0,1,1,1,0,0,1,1,2,E01011363
13642,2018135251712,2018,135251712,1,2,1,1,30,6,3,0,0,0,0,0,9,-1,-1,2018,135251712,440564.0,431683.0,-1.385912,53.77992,13,3,2,2,05/02/2018,2,19:00,204,E08000035,E08000035,6,0,6,30.0,0,-1,-1,-1,0,0,4,1,1,0,0,2,1,2,E01011302
13643,2018135251712,2018,135251712,2,1,1,1,29,6,3,0,0,0,0,0,9,1,3,2018,135251712,440564.0,431683.0,-1.385912,53.77992,13,3,2,2,05/02/2018,2,19:00,204,E08000035,E08000035,6,0,6,30.0,0,-1,-1,-1,0,0,4,1,1,0,0,2,1,2,E01011302
13644,2018135251726,2018,135251726,1,1,3,2,27,6,3,6,9,0,0,0,0,1,1,2018,135251726,430246.0,433406.0,-1.542317,53.796105,13,3,1,1,05/02/2018,2,18:06,204,E08000035,E08000035,6,0,3,30.0,0,-1,-1,-1,0,5,4,1,1,0,0,1,2,2,E01033010
13645,2018135252158,2018,135252158,1,1,3,1,22,5,3,5,3,0,0,0,0,1,8,2018,135252158,429795.0,433790.0,-1.549126,53.799582,13,3,1,1,05/02/2018,2,23:15,204,E08000035,E08000035,6,0,2,30.0,3,2,6,0,0,0,4,1,1,0,0,1,1,2,E01033008
13646,2018135261209,2018,135261209,2,1,1,2,45,7,3,0,0,0,0,0,9,-1,-1,2018,135261209,431517.0,426444.0,-1.52373,53.733458,13,3,2,1,06/02/2018,3,16:20,204,E08000035,E08000035,1,62,3,70.0,0,-1,-1,-1,0,0,1,1,1,0,0,1,1,1,E01011499
13647,2018135261603,2018,135261603,1,1,3,1,27,6,2,1,1,0,0,0,0,-1,-1,2018,135261603,430604.0,434156.0,-1.536808,53.802825,13,2,1,1,06/02/2018,3,19:30,204,E08000035,E08000035,6,0,6,30.0,3,2,6,0,0,5,4,1,2,0,0,1,1,2,E01033002
13648,2018135270223,2018,135270223,1,1,1,1,32,6,3,0,0,0,0,0,9,1,10,2018,135270223,428743.0,433249.0,-1.565147,53.794778,13,3,1,1,07/02/2018,4,07:25,204,E08000035,E08000035,3,58,3,40.0,0,-1,-1,-1,0,0,7,1,1,0,0,1,1,2,E01033013
13649,2018135270434,2018,135270434,2,1,1,1,54,8,3,0,0,0,0,0,19,1,3,2018,135270434,431007.0,430557.0,-1.531049,53.770454,13,3,2,1,07/02/2018,4,09:47,204,E08000035,E08000035,1,621,3,50.0,0,-1,-1,-1,0,0,1,1,1,0,0,1,1,1,E01011471
13650,2018135270548,2018,135270548,2,1,1,1,46,8,3,0,0,0,0,0,21,1,5,2018,135270548,427803.0,431236.0,-1.579597,53.776737,13,3,3,3,07/02/2018,4,10:48,204,E08000035,E08000035,1,621,3,50.0,5,4,3,6110,0,0,1,1,1,0,0,1,1,1,E01011369
13651,2018135270548,2018,135270548,2,2,2,1,61,9,3,0,0,1,0,0,21,1,1,2018,135270548,427803.0,431236.0,-1.579597,53.776737,13,3,3,3,07/02/2018,4,10:48,204,E08000035,E08000035,1,621,3,50.0,5,4,3,6110,0,0,1,1,1,0,0,1,1,1,E01011369
13652,2018135270548,2018,135270548,2,3,2,1,42,7,3,0,0,1,0,0,21,1,6,2018,135270548,427803.0,431236.0,-1.579597,53.776737,13,3,3,3,07/02/2018,4,10:48,204,E08000035,E08000035,1,621,3,50.0,5,4,3,6110,0,0,1,1,1,0,0,1,1,1,E01011369
13653,2018135271687,2018,135271687,1,1,1,1,52,8,3,0,0,0,0,0,8,1,4,2018,135271687,429190.0,431919.0,-1.558488,53.7828,13,3,2,2,07/02/2018,4,19:55,204,E08000035,E08000035,6,0,6,30.0,3,4,6,0,0,0,4,1,1,0,0,1,1,2,E01011368
13654,2018135271687,2018,135271687,2,2,1,1,40,7,3,0,0,0,0,0,9,1,6,2018,135271687,429190.0,431919.0,-1.558488,53.7828,13,3,2,2,07/02/2018,4,19:55,204,E08000035,E08000035,6,0,6,30.0,3,4,6,0,0,0,4,1,1,0,0,1,1,2,E01011368
13655,2018135271913,2018,135271913,1,1,2,2,41,7,3,0,0,2,0,0,8,1,2,2018,135271913,425453.0,435035.0,-1.614942,53.811001,13,3,1,1,07/02/2018,4,17:30,204,E08000035,E08000035,6,0,6,30.0,0,-1,-1,-1,0,0,4,1,1,0,0,1,2,2,E01011295
13656,2018135271995,2018,135271995,1,1,1,1,27,6,3,0,0,0,0,0,9,1,3,2018,135271995,441757.0,427852.0,-1.368325,53.745396,13,3,1,1,07/02/2018,4,23:05,204,E08000035,E08000035,6,0,6,30.0,0,-1,-1,-1,0,0,4,1,4,0,0,1,1,2,E01011307
13657,2018135281420,2018,135281420,1,1,3,2,21,5,3,5,2,0,0,0,0,1,2,2018,135281420,427899.0,433646.0,-1.577923,53.798392,13,3,1,1,08/02/2018,5,18:05,204,E08000035,E08000035,6,0,6,30.0,0,-1,-1,-1,0,0,7,1,1,0,0,1,1,2,E01011284
13658,2018135281685,2018,135281685,2,1,1,1,22,5,3,0,0,0,0,0,9,1,4,2018,135281685,423695.0,428036.0,-1.642176,53.748178,13,3,2,1,08/02/2018,5,20:30,204,E08000035,E08000035,1,62,7,70.0,0,-1,-1,-1,0,0,4,1,2,0,0,1,2,1,E01011529
13659,2018135290494,2018,135290494,2,1,1,1,64,9,3,0,0,0,0,0,9,1,9,2018,135290494,431182.0,438729.0,-1.527571,53.843891,13,3,2,1,03/02/2018,7,13:30,204,E08000035,E08000035,6,0,6,30.0,3,4,6,0,0,0,1,1,1,0,0,1,2,2,E01011511
13660,2018135291212,2018,135291212,1,1,2,2,55,8,3,0,0,0,4,0,11,1,2,2018,135291212,429124.0,433550.0,-1.559336,53.797463,13,3,1,1,09/02/2018,6,14:15,204,E08000035,E08000035,6,0,6,30.0,5,4,6,0,0,0,1,1,1,0,0,1,2,2,E01033008
13661,20181352A1309,2018,1352A1309,1,1,1,2,53,8,3,0,0,0,0,0,2,-1,-1,2018,1352A1309,427978.0,430277.0,-1.577029,53.768108,13,3,2,1,10/02/2018,7,16:51,204,E08000035,E08000035,3,6110,3,40.0,0,-1,-1,-1,0,0,4,1,2,0,0,1,1,2,E01011317
13662,20181352A1399,2018,1352A1399,3,1,1,2,30,6,3,0,0,0,0,0,9,2,5,2018,1352A1399,430699.0,434878.0,-1.535294,53.809308,13,3,3,1,10/02/2018,7,17:24,204,E08000035,E08000035,3,61,3,40.0,7,2,6,0,0,0,4,1,1,0,0,1,1,2,E01011671
13663,20181352A1718,2018,1352A1718,1,1,1,1,28,6,3,0,0,0,0,0,4,1,1,2018,1352A1718,427618.0,434516.0,-1.582112,53.806227,13,2,2,2,10/02/2018,7,20:09,204,E08000035,E08000035,3,65,3,30.0,6,2,6,0,0,5,4,2,2,0,0,1,1,2,E01011482
13664,20181352A1718,2018,1352A1718,1,2,2,1,20,4,2,0,0,0,0,0,4,1,2,2018,1352A1718,427618.0,434516.0,-1.582112,53.806227,13,2,2,2,10/02/2018,7,20:09,204,E08000035,E08000035,3,65,3,30.0,6,2,6,0,0,5,4,2,2,0,0,1,1,2,E01011482
13665,20181352B1046,2018,1352B1046,1,1,2,1,6,2,3,0,0,0,4,0,11,1,1,2018,1352B1046,431302.0,433880.0,-1.526238,53.800303,13,3,1,1,11/02/2018,1,13:50,204,E08000035,E08000035,6,0,6,30.0,0,-1,-1,-1,0,0,1,1,1,0,0,1,2,2,E01033031
13666,20181352B1166,2018,1352B1166,1,1,2,2,55,8,3,0,0,0,3,0,11,1,1,2018,1352B1166,433259.0,432729.0,-1.49665,53.789837,13,3,1,1,11/02/2018,1,14:00,204,E08000035,E08000035,6,0,6,30.0,0,-1,-1,-1,0,0,1,1,1,0,0,1,2,2,E01011621
13667,20181352C0465,2018,1352C0465,2,1,1,2,64,9,3,0,0,0,0,0,9,1,3,2018,1352C0465,444201.0,433468.0,-1.330468,53.795668,13,3,2,1,12/02/2018,2,10:00,204,E08000035,E08000035,5,0,6,30.0,0,-1,-1,-1,0,0,1,1,1,0,0,2,1,2,E01011298
13668,20181352C1095,2018,1352C1095,2,1,1,2,26,6,3,0,0,0,0,0,9,1,8,2018,1352C1095,430711.0,424426.0,-1.536146,53.715368,13,3,2,1,12/02/2018,2,15:25,204,E08000035,E08000035,3,650,1,30.0,0,-1,-1,-1,0,0,1,1,1,0,0,2,1,2,E01011537
13669,20181352C1430,2018,1352C1430,2,1,2,2,55,8,3,0,0,0,4,0,11,1,4,2018,1352C1430,431950.0,435798.0,-1.516201,53.817502,13,3,2,2,12/02/2018,2,10:20,204,E08000035,E08000035,3,58,6,30.0,0,-1,-1,-1,0,0,1,1,1,0,0,1,2,2,E01011428
13670,20181352C1430,2018,1352C1430,2,2,2,1,6,2,3,0,0,0,4,0,11,1,1,2018,1352C1430,431950.0,435798.0,-1.516201,53.817502,13,3,2,2,12/02/2018,2,10:20,204,E08000035,E08000035,3,58,6,30.0,0,-1,-1,-1,0,0,1,1,1,0,0,1,2,2,E01011428
13671,20181352C1751,2018,1352C1751,2,1,1,1,34,6,3,0,0,0,0,0,1,1,7,2018,1352C1751,430070.0,433830.0,-1.544947,53.799926,13,3,2,1,12/02/2018,2,07:50,204,E08000035,E08000035,6,0,6,30.0,3,4,6,0,0,0,1,1,1,0,0,1,2,2,E01033010
13672,20181352C1982,2018,1352C1982,2,1,1,1,47,8,3,0,0,0,0,0,9,1,1,2018,1352C1982,432552.0,434328.0,-1.507213,53.804253,13,3,2,1,12/02/2018,2,22:15,204,E08000035,E08000035,6,0,6,30.0,3,4,6,0,0,1,4,1,1,0,0,1,2,2,E01011347
13673,20181352D0357,2018,1352D0357,1,1,3,1,59,9,3,4,2,0,0,0,0,1,1,2018,1352D0357,431269.0,433826.0,-1.526744,53.799819,13,3,1,1,12/02/2018,2,17:20,204,E08000035,E08000035,6,0,6,30.0,3,4,6,0,0,5,4,1,1,0,0,1,2,2,E01011338