,accident_index,accident_year_x,accident_reference_x,vehicle_reference,casualty_reference,casualty_class,sex_of_casualty,age_of_casualty,age_band_of_casualty,casualty_severity,pedestrian_location,pedestrian_movement,car_passenger,bus_or_coach_passenger,pedestrian_road_maintenance_worker,casualty_type,casualty_home_area_type,casualty_imd_decile,accident_year_y,accident_reference_y,location_easting_osgr,location_northing_osgr,longitude,latitude,police_force,accident_severity,number_of_vehicles,number_of_casualties,date,day_of_week,time,local_authority_district,local_authority_ons_district,local_authority_highway,first_road_class,first_road_number,road_type,speed_limit,junction_detail,junction_control,second_road_class,second_road_number,pedestrian_crossing_human_control,pedestrian_crossing_physical_facilities,light_conditions,weather_conditions,road_surface_conditions,special_conditions_at_site,carriageway_hazards,urban_or_rural_area,did_police_officer_attend_scene_of_accident,trunk_road_flag,lsoa_of_accident_location
14283,2018135641515,2018,135641515,2,1,1,1,36,7,3,0,0,0,0,0,9,1,1,2018,135641515,429766.0,430608.0,-1.549872,53.770985,13,3,2,1,04/06/2018,2,17:40,204,E08000035,E08000035,3,653,3,40.0,0,-1,-1,-1,0,0,1,1,1,0,0,1,2,2,E01011316
14284,2018135650554,2018,135650554,2,1,1,2,71,10,3,0,0,0,0,0,9,3,7,2018,135650554,427120.0,439290.0,-1.589256,53.84916,13,3,2,1,05/06/2018,3,10:46,204,E08000035,E08000035,6,0,6,30.0,6,4,6,0,0,0,1,1,1,0,0,1,1,2,E01011386
14285,2018135650878,2018,135650878,2,1,1,1,66,10,3,0,0,0,0,0,9,1,2,2018,135650878,428449.0,429063.0,-1.569995,53.757172,13,3,2,1,05/06/2018,3,13:00,204,E08000035,E08000035,6,0,3,40.0,3,4,6,0,0,0,1,1,1,0,0,2,2,2,E01011493
14286,2018135650931,2018,135650931,7,1,1,1,60,9,2,0,0,0,0,0,21,2,5,2018,135650931,433546.0,425864.0,-1.493037,53.728119,13,2,7,1,05/06/2018,3,14:10,204,E08000035,E08000035,1,62,3,70.0,0,-1,-1,-1,0,0,1,1,1,0,0,2,1,1,E01011500
14287,2018135651232,2018,135651232,1,1,3,1,24,5,1,6,9,0,0,0,0,1,10,2018,135651232,428624.0,425115.0,-1.567704,53.721678,13,1,1,1,05/06/2018,3,16:20,204,E08000035,E08000035,6,0,6,30.0,0,-1,-1,-1,0,0,1,1,1,0,0,1,1,2,E01011536
14288,2018135651310,2018,135651310,2,1,1,2,23,5,3,0,0,0,0,0,1,1,3,2018,135651310,428909.0,435507.0,-1.562417,53.815063,13,3,2,1,05/06/2018,3,17:00,204,E08000035,E08000035,6,0,6,30.0,3,4,6,0,0,0,1,1,1,0,0,1,1,2,E01011443
14289,2018135660575,2018,135660575,1,1,3,2,84,11,3,6,9,0,0,0,0,-1,-1,2018,135660575,420212.0,445526.0,-1.693848,53.905519,13,3,1,1,06/06/2018,4,10:20,204,E08000035,E08000035,6,0,6,30.0,0,-1,-1,-1,0,0,1,1,1,0,0,1,1,2,E01011569
14290,2018135661188,2018,135661188,2,1,1,1,25,5,3,0,0,0,0,0,1,1,1,2018,135661188,429966.0,430365.0,-1.546861,53.768789,13,3,2,1,06/06/2018,4,16:06,204,E08000035,E08000035,6,0,6,30.0,3,4,6,0,0,0,1,1,1,0,0,1,1,2,E01011322
14291,2018135670265,2018,135670265,2,1,1,2,37,7,3,0,0,0,0,0,9,1,7,2018,135670265,429799.0,433376.0,-1.549105,53.795861,13,3,2,2,06/06/2018,4,20:25,204,E08000035,E08000035,6,0,6,30.0,3,2,6,0,0,5,1,1,1,0,0,1,2,2,E01033016
14292,2018135670265,2018,135670265,2,2,2,2,12,3,3,0,0,2,0,0,9,1,7,2018,135670265,429799.0,433376.0,-1.549105,53.795861,13,3,2,2,06/06/2018,4,20:25,204,E08000035,E08000035,6,0,6,30.0,3,2,6,0,0,5,1,1,1,0,0,1,2,2,E01033016
14293,2018135670906,2018,135670906,1,1,3,2,49,8,2,5,1,0,0,0,0,1,10,2018,135670906,431487.0,435011.0,-1.523314,53.810456,13,2,1,1,07/06/2018,5,13:43,204,E08000035,E08000035,6,0,6,30.0,6,4,6,0,0,0,1,1,1,0,0,1,1,2,E01011673
14294,2018135670912,2018,135670912,2,1,2,2,66,10,3,0,0,1,0,0,9,1,7,2018,135670912,428510.0,433255.0,-1.568684,53.794845,13,3,2,1,09/06/2018,7,13:45,204,E08000035,E08000035,3,647,3,30.0,0,-1,-1,-1,0,0,1,1,1,0,0,1,2,2,E01011363
14295,2018135671642,2018,135671642,1,1,1,2,21,5,3,0,0,0,0,0,9,1,1,2018,135671642,423084.0,434894.0,-1.650931,53.809843,13,3,2,1,07/06/2018,5,19:30,204,E08000035,E08000035,6,0,6,30.0,3,2,6,0,0,5,1,1,1,0,0,1,1,2,E01011335
14296,2018135680382,2018,135680382,2,1,1,2,32,6,3,0,0,0,0,0,1,1,7,2018,135680382,430035.0,431022.0,-1.545751,53.77469,13,3,2,1,08/06/2018,6,08:20,204,E08000035,E08000035,3,653,6,30.0,3,4,6,0,0,0,1,1,1,0,0,1,2,2,E01011312
14297,2018135681155,2018,135681155,1,1,3,1,12,3,3,5,1,0,0,0,0,1,1,2018,135681155,434860.0,433361.0,-1.472278,53.795413,13,3,1,1,08/06/2018,6,15:18,204,E08000035,E08000035,6,0,6,30.0,3,4,6,0,0,0,1,1,1,0,0,1,1,2,E01011415
14298,2018135681187,2018,135681187,1,2,1,1,55,8,3,0,0,0,0,0,9,1,10,2018,135681187,443087.0,440735.0,-1.346364,53.861072,13,3,3,3,08/06/2018,6,15:25,204,E08000035,E08000035,2,1,3,70.0,0,-1,-1,-1,0,0,1,1,1,0,0,2,1,1,E01011712
14299,2018135681187,2018,135681187,2,3,1,2,25,5,3,0,0,0,0,0,9,1,8,2018,135681187,443087.0,440735.0,-1.346364,53.861072,13,3,3,3,08/06/2018,6,15:25,204,E08000035,E08000035,2,1,3,70.0,0,-1,-1,-1,0,0,1,1,1,0,0,2,1,1,E01011712
14300,2018135681187,2018,135681187,3,1,1,2,28,6,3,0,0,0,0,0,9,1,9,2018,135681187,443087.0,440735.0,-1.346364,53.861072,13,3,3,3,08/06/2018,6,15:25,204,E08000035,E08000035,2,1,3,70.0,0,-1,-1,-1,0,0,1,1,1,0,0,2,1,1,E01011712
14301,2018135681539,2018,135681539,2,1,1,1,72,10,3,0,0,0,0,0,9,2,7,2018,135681539,436120.0,431172.0,-1.453407,53.775654,13,3,2,2,08/06/2018,6,18:23,204,E08000035,E08000035,1,1,3,70.0,0,-1,-1,-1,0,0,1,1,1,0,0,2,1,1,E01011420
14302,2018135681539,2018,135681539,2,2,2,2,71,10,3,0,0,1,0,0,9,-1,-1,2018,135681539,436120.0,431172.0,-1.453407,53.775654,13,3,2,2,08/06/2018,6,18:23,204,E08000035,E08000035,1,1,3,70.0,0,-1,-1,-1,0,0,1,1,1,0,0,2,1,1,E01011420
14303,2018135681637,2018,135681637,2,1,1,1,26,6,2,0,0,0,0,0,4,-1,-1,2018,135681637,431572.0,428653.0,-1.522671,53.753308,13,2,2,1,08/06/2018,6,19:04,204,E08000035,E08000035,6,0,6,30.0,6,4,6,0,0,0,1,1,1,0,0,1,1,2,E01011502
14304,2018135681663,2018,135681663,1,1,3,1,6,2,3,5,3,0,0,0,0,1,2,2018,135681663,423722.0,433812.0,-1.641325,53.80009,13,3,1,1,08/06/2018,6,18:56,204,E08000035,E08000035,6,0,6,30.0,3,4,6,0,0,0,1,1,1,0,0,1,1,2,E01011611
14305,2018135681774,2018,135681774,1,1,1,1,20,4,2,0,0,0,0,0,3,1,1,2018,135681774,434355.0,435292.0,-1.47973,53.812801,13,2,3,1,08/06/2018,6,19:55,204,E08000035,E08000035,6,0,6,30.0,1,4,6,0,0,0,1,1,1,0,0,1,1,2,E01011339
14306,2018135690653,2018,135690653,1,1,3,1,70,10,2,4,1,0,0,0,0,1,2,2018,135690653,430469.0,433290.0,-1.538943,53.795049,13,2,1,1,09/06/2018,7,11:25,204,E08000035,E08000035,6,0,3,30.0,0,-1,-1,-1,0,1,1,1,1,0,0,1,1,2,E01033011
14307,2018135690701,2018,135690701,2,1,1,1,54,8,3,0,0,0,0,0,9,-1,-1,2018,135690701,429637.0,427150.0,-1.552159,53.739912,13,3,2,1,09/06/2018,7,11:50,204,E08000035,E08000035,6,0,6,20.0,0,-1,-1,-1,0,0,1,1,1,0,0,1,1,2,E01011497
14308,2018135690777,2018,135690777,2,1,1,1,41,7,3,0,0,0,0,0,9,1,7,2018,135690777,430536.0,435324.0,-1.537725,53.813326,13,3,2,1,09/06/2018,7,12:30,204,E08000035,E08000035,6,0,6,30.0,3,2,6,0,0,0,1,1,1,0,0,1,2,2,E01011360
14309,2018135691705,2018,135691705,2,1,1,2,17,4,3,0,0,0,0,0,9,1,7,2018,135691705,431490.0,438677.0,-1.522895,53.843405,13,3,2,1,06/06/2018,4,19:20,204,E08000035,E08000035,6,0,6,30.0,3,4,6,0,0,0,1,1,1,0,0,1,2,2,E01011511
14310,2018135691922,2018,135691922,2,1,1,2,30,6,3,0,0,0,0,0,9,1,3,2018,135691922,431954.0,436268.0,-1.516092,53.821726,13,3,2,1,09/06/2018,7,21:00,204,E08000035,E08000035,6,0,6,30.0,0,-1,-1,-1,0,0,7,1,1,0,0,1,1,2,E01011359
14311,20181356A0284,2018,1356A0284,1,1,1,1,41,7,2,0,0,0,0,0,3,-1,-1,2018,1356A0284,428377.0,432677.0,-1.570756,53.789657,13,2,1,1,10/06/2018,1,02:26,204,E08000035,E08000035,6,0,6,30.0,0,-1,-1,-1,0,0,1,1,1,0,0,1,2,2,E01011363
14312,20181356A1111,2018,1356A1111,2,1,2,1,20,4,3,0,0,1,0,0,9,1,10,2018,1356A1111,431175.0,434983.0,-1.528055,53.810223,13,3,2,1,10/06/2018,1,15:06,204,E08000035,E08000035,6,0,6,30.0,3,4,3,58,0,0,1,1,1,0,0,1,1,2,E01033031
14313,20181356A1164,2018,1356A1164,1,1,3,1,3,1,3,5,3,0,0,0,0,1,1,2018,1356A1164,429646.0,427586.0,-1.551981,53.743831,13,3,1,1,10/06/2018,1,15:31,204,E08000035,E08000035,6,0,6,20.0,3,4,6,0,0,0,1,1,1,0,0,1,1,2,E01011491
14314,20181356A1796,2018,1356A1796,2,1,1,1,11,3,2,0,0,0,0,0,1,1,1,2018,1356A1796,432418.0,434409.0,-1.509239,53.804989,13,2,2,1,10/06/2018,1,19:45,204,E08000035,E08000035,6,0,6,30.0,3,4,6,0,0,0,1,1,1,0,0,1,1,2,E01011347
14315,20181356B0186,2018,1356B0186,1,1,2,1,29,6,3,0,0,2,0,0,9,1,1,2018,1356B0186,428606.0,432845.0,-1.567264,53.791155,13,3,2,1,11/06/2018,2,04:20,204,E08000035,E08000035,3,58,3,40.0,0,-1,-1,-1,0,0,1,1,1,0,0,1,1,2,E01011363
14316,20181356B0470,2018,1356B0470,1,1,3,1,25,5,3,5,3,0,0,0,0,1,4,2018,1356B0470,435392.0,433731.0,-1.46416,53.798702,13,3,1,1,11/06/2018,2,07:40,204,E08000035,E08000035,6,0,6,20.0,0,-1,-1,-1,0,0,1,1,1,0,0,1,2,2,E01011417
14317,20181356B0642,2018,1356B0642,1,1,1,2,93,11,3,0,0,0,0,0,9,1,5,2018,1356B0642,419316.0,441749.0,-1.707722,53.871607,13,3,1,1,11/06/2018,2,11:20,204,E08000035,E08000035,3,65,3,30.0,2,4,6,0,0,4,1,1,1,0,0,1,1,2,E01011265
14318,20181356B0993,2018,1356B0993,1,1,1,1,16,4,3,0,0,0,0,0,2,1,3,2018,1356B0993,434965.0,428208.0,-1.471266,53.749093,13,3,1,1,11/06/2018,2,14:00,204,E08000035,E08000035,3,654,6,40.0,0,-1,-1,-1,0,0,1,1,1,0,0,2,1,2,E01011627
14319,20181356B1397,2018,1356B1397,1,1,1,1,51,8,3,0,0,0,0,0,9,1,1,2018,1356B1397,428800.0,432634.0,-1.564339,53.789248,13,3,3,1,11/06/2018,2,15:15,204,E08000035,E08000035,6,0,3,30.0,0,-1,-1,-1,0,0,1,1,1,0,0,1,1,2,E01033013
14320,20181356C1359,2018,1356C1359,1,1,3,2,9,2,3,6,9,0,0,0,0,1,1,2018,1356C1359,431217.0,433746.0,-1.527542,53.799103,13,3,1,1,12/06/2018,3,17:38,204,E08000035,E08000035,6,0,6,30.0,0,-1,-1,-1,0,0,1,1,1,0,0,1,1,2,E01033031
14321,20181356C1698,2018,1356C1698,2,1,2,2,61,9,3,0,0,0,4,0,11,1,10,2018,1356C1698,429816.0,430653.0,-1.549109,53.771386,13,3,2,2,12/06/2018,3,17:35,204,E08000035,E08000035,3,653,3,40.0,8,4,6,0,0,0,1,1,1,0,0,1,2,2,E01011322
14322,20181356C1698,2018,1356C1698,2,2,2,2,21,5,3,0,0,0,4,0,11,1,1,2018,1356C1698,429816.0,430653.0,-1.549109,53.771386,13,3,2,2,12/06/2018,3,17:35,204,E08000035,E08000035,3,653,3,40.0,8,4,6,0,0,0,1,1,1,0,0,1,2,2,E01011322
14323,20181356D0552,2018,1356D0552,2,1,2,1,36,7,3,0,0,0,0,0,21,1,1,2018,1356D0552,424061.0,428050.0,-1.636625,53.748287,13,3,2,1,13/06/2018,4,10:31,204,E08000035,E08000035,3,62,3,40.0,3,2,3,62,0,0,1,1,1,0,0,1,1,1,E01011523
14324,20181356D1539,2018,1356D1539,1,1,3,2,25,5,3,6,9,0,0,0,0,1,1,2018,1356D1539,431851.0,435645.0,-1.517721,53.816133,13,3,1,1,13/06/2018,4,18:20,204,E08000035,E08000035,3,61,6,30.0,0,-1,-1,-1,0,0,1,1,1,0,0,1,2,2,E01011422
14325,20181356E0477,2018,1356E0477,2,1,1,2,21,5,3,0,0,0,0,0,9,3,9,2018,1356E0477,435425.0,439800.0,-1.462964,53.853246,13,3,2,1,14/06/2018,5,09:16,204,E08000035,E08000035,3,58,6,50.0,6,4,6,0,0,0,1,4,1,0,0,2,1,2,E01011311
14326,20181356E0483,2018,1356E0483,1,1,1,1,45,7,3,0,0,0,0,0,9,1,1,2018,1356E0483,427021.0,433109.0,-1.591299,53.793612,13,3,3,1,14/06/2018,5,09:19,204,E08000035,E08000035,6,0,6,30.0,3,4,6,0,0,0,1,4,1,0,0,1,1,2,E01011292
14327,20181356E1004,2018,1356E1004,2,1,1,2,54,8,3,0,0,0,0,0,9,1,7,2018,1356E1004,427298.0,433626.0,-1.587049,53.798244,13,3,2,1,14/06/2018,5,13:48,204,E08000035,E08000035,3,647,6,30.0,6,2,6,0,0,5,1,1,1,0,0,1,1,2,E01011293
14328,20181356E1043,2018,1356E1043,2,1,1,2,25,5,3,0,0,0,0,0,9,1,2,2018,1356E1043,436009.0,437010.0,-1.454412,53.828131,13,3,2,1,12/06/2018,3,20:15,204,E08000035,E08000035,6,0,6,30.0,0,-1,-1,-1,0,0,1,1,1,0,0,1,2,2,E01011720
14329,20181356E1968,2018,1356E1968,1,1,1,1,21,5,3,0,0,0,0,0,9,3,9,2018,1356E1968,436506.0,441867.0,-1.446287,53.871748,13,2,2,2,14/06/2018,5,21:34,204,E08000035,E08000035,3,58,6,30.0,3,4,6,0,0,4,1,1,1,0,0,2,1,2,E01011310
14330,20181356E1968,2018,1356E1968,2,2,1,2,48,8,2,0,0,0,0,0,9,3,9,2018,1356E1968,436506.0,441867.0,-1.446287,53.871748,13,2,2,2,14/06/2018,5,21:34,204,E08000035,E08000035,3,58,6,30.0,3,4,6,0,0,4,1,1,1,0,0,2,1,2,E01011310
14331,20181356F1240,2018,1356F1240,1,1,3,1,12,3,3,2,1,0,0,0,0,-1,-1,2018,1356F1240,429123.0,433540.0,-1.559352,53.797373,13,3,1,1,15/06/2018,6,16:20,204,E08000035,E08000035,3,58,3,30.0,3,4,6,0,0,4,1,1,1,0,0,1,1,2,E01033008
14332,20181356F1289,2018,1356F1289,2,1,1,1,47,8,3,0,0,0,0,0,9,1,5,2018,1356F1289,426225.0,427438.0,-1.603862,53.742682,13,3,2,1,15/06/2018,6,16:38,204,E08000035,E08000035,4,6127,1,30.0,1,4,4,6123,0,0,1,1,1,0,0,1,1,2,E01011541
14333,20181356F1480,2018,1356F1480,1,1,1,1,32,6,2,0,0,0,0,0,5,1,1,2018,1356F1480,423634.0,438019.0,-1.642339,53.837905,13,2,2,1,15/06/2018,6,18:00,204,E08000035,E08000035,6,0,6,30.0,0,-1,-1,-1,0,0,1,1,1,0,0,1,1,2,E01011461
14334,20181356F2269,2018,1356F2269,2,1,1,1,18,4,2,0,0,0,0,0,3,1,5,2018,1356F2269,436458.0,436049.0,-1.447704,53.819463,13,2,2,1,15/06/2018,6,23:18,204,E08000035,E08000035,6,0,6,20.0,3,4,6,0,0,0,4,1,1,0,0,1,1,2,E01011724
14335,20181356G0286,2018,1356G0286,2,1,1,1,34,6,3,0,0,0,0,0,8,1,1,2018,1356G0286,430196.0,434008.0,-1.543017,53.801518,13,3,2,1,16/06/2018,7,03:00,204,E08000035,E08000035,6,0,6,30.0,0,-1,-1,-1,0,0,4,1,1,0,0,1,1,2,E01033010
14336,20181356G1144,2018,1356G1144,1,1,3,1,9,2,3,5,1,0,0,0,0,1,4,2018,1356G1144,426840.0,427835.0,-1.594504,53.746219,13,3,1,1,16/06/2018,7,15:12,204,E08000035,E08000035,6,0,6,20.0,3,1,6,0,0,0,1,1,1,0,0,1,1,2,E01032489
14337,20181356G1647,2018,1356G1647,2,1,1,1,70,10,3,0,0,0,0,0,9,1,1,2018,1356G1647,430020.0,438556.0,-1.545248,53.842404,13,3,2,1,16/06/2018,7,19:17,204,E08000035,E08000035,6,0,9,30.0,0,-1,-1,-1,0,0,1,1,1,0,0,1,2,2,E01011514
14338,20181356G1687,2018,1356G1687,2,1,1,2,29,6,3,0,0,0,0,0,9,1,6,2018,1356G1687,431015.0,427865.0,-1.531197,53.746259,13,3,2,1,16/06/2018,7,19:30,204,E08000035,E08000035,6,0,6,30.0,3,4,6,0,0,0,1,1,1,0,0,1,1,2,E01011490
14339,20181356H0513,2018,1356H0513,1,1,2,2,89,11,3,0,0,0,1,0,11,-1,-1,2018,1356H0513,424419.0,445278.0,-1.629836,53.90311,13,3,1,1,17/06/2018,1,08:50,204,E08000035,E08000035,3,658,6,30.0,0,-1,-1,-1,0,0,1,1,1,0,0,2,1,2,E01011570
14340,20181356H0522,2018,1356H0522,2,1,1,1,33,6,3,0,0,0,0,0,1,1,3,2018,1356H0522,426853.0,437547.0,-1.593465,53.833508,13,3,2,1,17/06/2018,1,08:55,204,E08000035,E08000035,3,660,1,30.0,1,3,6,0,0,0,1,1,1,0,0,1,1,2,E01011685
14341,20181356H0777,2018,1356H0777,1,1,3,2,66,10,2,1,1,0,0,0,0,1,2,2018,1356H0777,430374.0,433502.0,-1.540364,53.79696,13,2,1,1,17/06/2018,1,12:00,204,E08000035,E08000035,6,0,6,30.0,9,2,6,0,0,5,1,1,1,0,0,1,1,2,E01033010
14342,20181356H0779,2018,1356H0779,2,1,2,2,30,6,3,0,0,0,3,0,11,-1,-1,2018,1356H0779,431461.0,430310.0,-1.524187,53.768207,13,3,2,1,16/06/2018,7,17:50,204,E08000035,E08000035,6,0,6,30.0,3,4,6,0,0,0,1,1,1,0,0,2,2,2,E01011469
14343,20181356H1218,2018,1356H1218,1,1,1,1,37,7,3,0,0,0,0,0,8,1,1,2018,1356H1218,428708.0,433138.0,-1.565689,53.793783,13,3,2,3,17/06/2018,1,16:30,204,E08000035,E08000035,3,58,3,30.0,1,2,6,0,0,0,1,1,1,0,0,1,1,2,E01033013
14344,20181356H1218,2018,1356H1218,2,2,1,1,37,7,3,0,0,0,0,0,9,1,5,2018,1356H1218,428708.0,433138.0,-1.565689,53.793783,13,3,2,3,17/06/2018,1,16:30,204,E08000035,E08000035,3,58,3,30.0,1,2,6,0,0,0,1,1,1,0,0,1,1,2,E01033013
14345,20181356H1218,2018,1356H1218,2,3,2,1,10,2,3,0,0,2,0,0,9,1,5,2018,1356H1218,428708.0,433138.0,-1.565689,53.793783,13,3,2,3,17/06/2018,1,16:30,204,E08000035,E08000035,3,58,3,30.0,1,2,6,0,0,0,1,1,1,0,0,1,1,2,E01033013
14346,20181356H1249,2018,1356H1249,1,1,3,1,5,1,2,5,3,0,0,0,0,1,1,2018,1356H1249,431489.0,433749.0,-1.523412,53.799114,13,2,1,1,17/06/2018,1,16:35,204,E08000035,E08000035,6,0,6,30.0,0,-1,-1,-1,0,0,1,1,1,0,0,1,1,2,E01011338
14347,20181356H1480,2018,1356H1480,2,1,1,2,47,8,3,0,0,0,0,0,9,1,3,2018,1356H1480,426077.0,436637.0,-1.605331,53.825369,13,3,2,1,17/06/2018,1,18:18,204,E08000035,E08000035,6,0,6,30.0,0,-1,-1,-1,0,0,1,1,1,4,0,1,1,2,E01011485
14348,20181356H1483,2018,1356H1483,1,1,3,1,45,7,2,5,4,0,0,0,0,1,8,2018,1356H1483,429830.0,433736.0,-1.5486,53.799094,13,2,1,1,17/06/2018,1,18:20,204,E08000035,E08000035,6,0,2,30.0,0,-1,-1,-1,0,0,1,1,1,0,0,1,1,2,E01033008
14349,20181356H1715,2018,1356H1715,1,1,3,1,54,8,3,1,3,0,0,0,0,1,8,2018,1356H1715,426276.0,435597.0,-1.602397,53.816011,13,3,1,1,17/06/2018,1,22:00,204,E08000035,E08000035,3,65,3,40.0,6,2,4,6157,0,5,4,1,1,0,0,1,2,2,E01011488
14350,20181356I0264,2018,1356I0264,1,1,1,2,49,8,3,0,0,0,0,0,9,1,7,2018,1356I0264,425123.0,428034.0,-1.620522,53.748093,13,3,2,2,18/06/2018,2,06:30,204,E08000035,E08000035,1,621,3,70.0,0,-1,-1,-1,0,0,1,1,1,0,0,1,1,1,E01011530
14351,20181356I0264,2018,1356I0264,2,2,1,2,56,9,3,0,0,0,0,0,9,1,7,2018,1356I0264,425123.0,428034.0,-1.620522,53.748093,13,3,2,2,18/06/2018,2,06:30,204,E08000035,E08000035,1,621,3,70.0,0,-1,-1,-1,0,0,1,1,1,0,0,1,1,1,E01011530
14352,20181356I0356,2018,1356I0356,2,1,1,1,30,6,3,0,0,0,0,0,1,1,2,2018,1356I0356,421998.0,438911.0,-1.667137,53.845994,13,3,2,1,18/06/2018,2,08:11,204,E08000035,E08000035,6,0,6,30.0,0,-1,-1,-1,0,0,1,1,1,0,0,1,1,2,E01011458
14353,20181356I0372,2018,1356I0372,2,1,1,1,31,6,3,0,0,0,0,0,9,3,8,2018,1356I0372,427499.0,426327.0,-1.584645,53.732632,13,3,3,2,18/06/2018,2,08:20,204,E08000035,E08000035,1,62,3,70.0,0,-1,-1,-1,0,0,1,1,1,0,0,2,1,1,E01032491
14354,20181356I0372,2018,1356I0372,3,2,1,2,56,9,3,0,0,0,0,0,9,1,4,2018,1356I0372,427499.0,426327.0,-1.584645,53.732632,13,3,3,2,18/06/2018,2,08:20,204,E08000035,E08000035,1,62,3,70.0,0,-1,-1,-1,0,0,1,1,1,0,0,2,1,1,E01032491
14355,20181356I0385,2018,1356I0385,2,1,1,1,27,6,3,0,0,0,0,0,1,1,1,2018,1356I0385,427058.0,430758.0,-1.590943,53.77248,13,3,2,1,18/06/2018,2,07:30,204,E08000035,E08000035,3,62,6,30.0,0,-1,-1,-1,0,0,1,1,1,0,0,1,1,2,E01011734
14356,20181356I1044,2018,1356I1044,2,1,2,1,12,3,3,0,0,2,0,0,9,1,1,2018,1356I1044,426445.0,433948.0,-1.599971,53.801182,13,3,2,2,15/06/2018,6,16:35,204,E08000035,E08000035,3,647,6,30.0,3,4,6,0,0,0,1,1,1,0,0,1,2,2,E01032608
14357,20181356I1044,2018,1356I1044,2,2,2,2,36,7,3,0,0,1,0,0,9,1,1,2018,1356I1044,426445.0,433948.0,-1.599971,53.801182,13,3,2,2,15/06/2018,6,16:35,204,E08000035,E08000035,3,647,6,30.0,3,4,6,0,0,0,1,1,1,0,0,1,2,2,E01032608
14358,20181356I1098,2018,1356I1098,2,1,1,1,52,8,3,0,0,0,0,0,9,1,1,2018,1356I1098,432546.0,427813.0,-1.507989,53.745699,13,3,2,1,18/06/2018,2,15:00,204,E08000035,E08000035,3,61,6,30.0,0,-1,-1,-1,0,0,1,1,1,0,0,2,1,2,E01011496
14359,20181356I1214,2018,1356I1214,1,1,1,1,21,5,2,0,0,0,0,0,4,1,5,2018,1356I1214,420890.0,441113.0,-1.683828,53.86583,13,2,1,1,18/06/2018,2,15:40,204,E08000035,E08000035,6,0,6,30.0,0,-1,-1,-1,0,0,1,1,1,0,0,1,1,2,E01011274
14360,20181356I1471,2018,1356I1471,2,1,1,1,8,2,3,0,0,0,0,0,1,1,2,2018,1356I1471,427302.0,433638.0,-1.586987,53.798352,13,3,2,1,18/06/2018,2,17:40,204,E08000035,E08000035,3,647,3,40.0,6,2,6,0,0,5,1,1,1,0,0,1,1,2,E01011293
14361,20181356J0051,2018,1356J0051,2,1,1,1,31,6,3,0,0,0,0,0,1,1,1,2018,1356J0051,432498.0,430688.0,-1.508415,53.771541,13,3,2,1,18/06/2018,2,23:45,204,E08000035,E08000035,4,6481,6,30.0,3,2,6,0,0,0,4,2,2,0,0,1,2,2,E01011468
14362,20181356J0328,2018,1356J0328,1,1,1,2,55,8,3,0,0,0,0,0,9,1,1,2018,1356J0328,425544.0,435379.0,-1.613532,53.814088,13,3,2,2,19/06/2018,3,08:07,204,E08000035,E08000035,6,0,6,30.0,3,4,6,0,0,0,1,1,1,0,0,1,1,2,E01011324
14363,20181356J0328,2018,1356J0328,2,2,1,1,43,7,3,0,0,0,0,0,4,1,3,2018,1356J0328,425544.0,435379.0,-1.613532,53.814088,13,3,2,2,19/06/2018,3,08:07,204,E08000035,E08000035,6,0,6,30.0,3,4,6,0,0,0,1,1,1,0,0,1,1,2,E01011324
14364,20181356J0342,2018,1356J0342,2,1,1,1,11,3,3,0,0,0,0,0,1,1,1,2018,1356J0342,424180.0,435567.0,-1.634234,53.815843,13,3,2,1,19/06/2018,3,08:15,204,E08000035,E08000035,6,0,6,30.0,0,-1,-1,-1,0,1,1,1,1,0,0,1,1,2,E01011329
14365,20181356J0489,2018,1356J0489,1,1,3,1,35,6,3,6,9,0,0,0,0,1,4,2018,1356J0489,431194.0,427053.0,-1.528565,53.738951,13,3,1,1,19/06/2018,3,08:20,204,E08000035,E08000035,3,654,6,40.0,0,-1,-1,-1,0,0,1,1,1,0,0,2,2,2,E01032495
14366,20181356J0552,2018,1356J0552,1,1,1,2,35,6,3,0,0,0,0,0,9,1,10,2018,1356J0552,418233.0,442442.0,-1.724151,53.877874,13,3,2,2,19/06/2018,3,10:20,204,E08000035,E08000035,3,65,6,30.0,0,-1,-1,-1,0,0,1,1,1,0,0,1,1,2,E01011280
14367,20181356J0552,2018,1356J0552,2,2,2,2,30,6,3,0,0,0,4,0,11,1,6,2018,1356J0552,418233.0,442442.0,-1.724151,53.877874,13,3,2,2,19/06/2018,3,10:20,204,E08000035,E08000035,3,65,6,30.0,0,-1,-1,-1,0,0,1,1,1,0,0,1,1,2,E01011280
14368,20181356J1036,2018,1356J1036,1,1,3,2,34,6,2,1,1,0,0,0,0,1,1,2018,1356J1036,429190.0,433851.0,-1.558305,53.800164,13,2,1,1,19/06/2018,3,14:25,204,E08000035,E08000035,6,0,6,30.0,0,-1,-1,-1,0,4,1,1,1,0,0,1,1,2,E01011678
14369,20181356J1096,2018,1356J1096,1,1,2,2,41,7,3,0,0,0,4,0,11,-1,-1,2018,1356J1096,430430.0,433883.0,-1.539476,53.800381,13,3,2,1,19/06/2018,3,14:45,204,E08000035,E08000035,6,0,2,30.0,0,-1,-1,-1,0,0,1,1,1,0,0,1,1,2,E01033010