,accident_index,accident_year_x,accident_reference_x,vehicle_reference,casualty_reference,casualty_class,sex_of_casualty,age_of_casualty,age_band_of_casualty,casualty_severity,pedestrian_location,pedestrian_movement,car_passenger,bus_or_coach_passenger,pedestrian_road_maintenance_worker,casualty_type,casualty_home_area_type,casualty_imd_decile,accident_year_y,accident_reference_y,location_easting_osgr,location_northing_osgr,longitude,latitude,police_force,accident_severity,number_of_vehicles,number_of_casualties,date,day_of_week,time,local_authority_district,local_authority_ons_district,local_authority_highway,first_road_class,first_road_number,road_type,speed_limit,junction_detail,junction_control,second_road_class,second_road_number,pedestrian_crossing_human_control,pedestrian_crossing_physical_facilities,light_conditions,weather_conditions,road_surface_conditions,special_conditions_at_site,carriageway_hazards,urban_or_rural_area,did_police_officer_attend_scene_of_accident,trunk_road_flag,lsoa_of_accident_location
14631,2018135850615,2018,135850615,1,1,1,1,30,6,2,0,0,0,0,0,1,1,8,2018,135850615,436172.0,427678.0,-1.453026,53.744248,13,2,2,1,05/08/2018,1,09:20,204,E08000035,E08000035,3,642,6,30.0,3,4,6,0,0,0,1,1,1,0,0,1,1,2,E01011635
14632,2018135851272,2018,135851272,1,1,3,2,44,7,3,6,9,0,0,0,0,1,3,2018,135851272,429913.0,433798.0,-1.547334,53.799647,13,3,1,2,05/08/2018,1,15:40,204,E08000035,E08000035,6,0,6,30.0,3,2,6,0,0,4,1,1,1,0,0,1,2,2,E01033010
14633,2018135851272,2018,135851272,1,2,3,1,7,2,3,6,9,0,0,0,0,1,3,2018,135851272,429913.0,433798.0,-1.547334,53.799647,13,3,1,2,05/08/2018,1,15:40,204,E08000035,E08000035,6,0,6,30.0,3,2,6,0,0,4,1,1,1,0,0,1,2,2,E01033010
14634,2018135851554,2018,135851554,2,1,1,1,23,5,3,0,0,0,0,0,1,1,8,2018,135851554,428907.0,435508.0,-1.562447,53.815073,13,3,2,1,05/08/2018,1,00:30,204,E08000035,E08000035,3,660,6,30.0,3,4,6,0,0,0,4,1,1,0,0,1,2,2,E01011443
14635,2018135860620,2018,135860620,2,1,1,1,58,9,3,0,0,0,0,0,1,-1,-1,2018,135860620,427559.0,425418.0,-1.583816,53.724458,13,3,2,1,06/08/2018,2,10:05,204,E08000035,E08000035,6,0,6,30.0,0,-1,-1,-1,0,0,1,1,1,0,0,1,1,2,E01011548
14636,2018135860974,2018,135860974,3,1,1,1,44,7,2,0,0,0,0,0,9,-1,-1,2018,135860974,429738.0,432940.0,-1.550073,53.791946,13,2,4,2,06/08/2018,2,20:40,204,E08000035,E08000035,6,0,6,30.0,0,-1,-1,-1,0,0,1,1,1,0,0,1,1,2,E01033015
14637,2018135860974,2018,135860974,3,2,2,1,44,7,2,0,0,1,0,0,9,-1,-1,2018,135860974,429738.0,432940.0,-1.550073,53.791946,13,2,4,2,06/08/2018,2,20:40,204,E08000035,E08000035,6,0,6,30.0,0,-1,-1,-1,0,0,1,1,1,0,0,1,1,2,E01033015
14638,2018135861096,2018,135861096,1,1,3,2,49,8,2,1,4,0,0,0,0,-1,-1,2018,135861096,430953.0,435784.0,-1.531346,53.817436,13,2,1,1,06/08/2018,2,14:00,204,E08000035,E08000035,6,0,6,30.0,3,2,6,0,0,5,1,1,1,0,0,1,1,2,E01011360
14639,2018135870425,2018,135870425,2,1,1,1,31,6,3,0,0,0,0,0,1,1,5,2018,135870425,429136.0,433091.0,-1.559197,53.793337,13,3,2,1,07/08/2018,3,08:15,204,E08000035,E08000035,6,0,6,30.0,3,4,6,0,0,0,1,1,1,0,0,1,1,2,E01033013
14640,2018135871023,2018,135871023,1,1,1,1,20,4,3,0,0,0,0,0,1,1,1,2018,135871023,438616.0,429677.0,-1.415722,53.762039,13,3,2,1,07/08/2018,3,13:45,204,E08000035,E08000035,6,0,6,60.0,0,-1,-1,-1,0,0,1,1,1,0,0,2,1,2,E01011402
14641,2018135872058,2018,135872058,2,1,1,1,27,6,3,0,0,0,0,0,1,1,5,2018,135872058,426301.0,435528.0,-1.602023,53.81539,13,3,2,1,07/08/2018,3,19:26,204,E08000035,E08000035,3,65,3,30.0,3,4,6,0,0,0,1,1,1,0,0,1,2,2,E01011488
14642,2018135880378,2018,135880378,2,1,1,2,47,8,3,0,0,0,0,0,9,1,9,2018,135880378,428800.0,431635.0,-1.564432,53.780269,13,3,2,1,08/08/2018,4,08:35,204,E08000035,E08000035,1,621,3,50.0,0,-1,-1,-1,0,0,1,1,1,0,0,1,1,1,E01011366
14643,2018135890376,2018,135890376,2,1,1,1,62,9,3,0,0,0,0,0,1,1,6,2018,135890376,421388.0,444901.0,-1.675992,53.899855,13,3,2,1,09/08/2018,5,08:35,204,E08000035,E08000035,3,660,6,30.0,0,-1,-1,-1,0,0,1,1,1,0,0,2,1,2,E01011569
14644,2018135890759,2018,135890759,1,1,1,2,35,6,3,0,0,0,0,0,9,1,1,2018,135890759,429389.0,428107.0,-1.555829,53.748528,13,3,2,1,09/08/2018,5,12:50,204,E08000035,E08000035,6,0,6,20.0,0,-1,-1,-1,0,0,1,2,2,0,0,1,1,2,E01011491
14645,2018135890925,2018,135890925,2,1,1,1,50,8,2,0,0,0,0,0,5,1,6,2018,135890925,434860.0,437986.0,-1.471757,53.836981,13,2,2,1,09/08/2018,5,14:00,204,E08000035,E08000035,3,6120,6,40.0,0,-1,-1,-1,0,0,1,1,1,0,0,1,1,2,E01011717
14646,2018135891133,2018,135891133,2,1,1,1,23,5,3,0,0,0,0,0,1,1,2,2018,135891133,430083.0,431196.0,-1.545006,53.776251,13,3,2,1,09/08/2018,5,16:00,204,E08000035,E08000035,3,653,3,30.0,3,2,6,0,0,4,1,1,1,0,0,1,1,2,E01011371
14647,2018135891270,2018,135891270,1,1,1,2,18,4,3,0,0,0,0,0,9,3,7,2018,135891270,433021.0,434136.0,-1.500112,53.802497,13,3,2,3,09/08/2018,5,17:00,204,E08000035,E08000035,4,6159,6,30.0,0,-1,-1,-1,0,0,1,1,1,0,0,1,1,2,E01011340
14648,2018135891270,2018,135891270,2,2,1,1,54,8,3,0,0,0,0,0,9,1,1,2018,135891270,433021.0,434136.0,-1.500112,53.802497,13,3,2,3,09/08/2018,5,17:00,204,E08000035,E08000035,4,6159,6,30.0,0,-1,-1,-1,0,0,1,1,1,0,0,1,1,2,E01011340
14649,2018135891270,2018,135891270,2,3,2,1,56,9,3,0,0,1,0,0,9,1,1,2018,135891270,433021.0,434136.0,-1.500112,53.802497,13,3,2,3,09/08/2018,5,17:00,204,E08000035,E08000035,4,6159,6,30.0,0,-1,-1,-1,0,0,1,1,1,0,0,1,1,2,E01011340
14650,2018135891423,2018,135891423,1,1,2,2,11,3,3,0,0,1,0,0,8,1,1,2018,135891423,425042.0,433160.0,-1.621336,53.794169,13,3,2,1,09/08/2018,5,16:00,204,E08000035,E08000035,3,6110,3,40.0,1,4,6,0,0,4,1,1,1,0,0,1,2,2,E01011727
14651,2018135891432,2018,135891432,1,1,3,1,10,2,3,5,4,0,0,0,0,1,1,2018,135891432,432309.0,434658.0,-1.510868,53.807234,13,3,1,1,09/08/2018,5,18:20,204,E08000035,E08000035,6,0,6,30.0,0,-1,-1,-1,0,0,1,1,1,0,0,1,1,2,E01011344
14652,2018135891451,2018,135891451,1,1,1,1,40,7,2,0,0,0,0,0,9,1,1,2018,135891451,433219.0,430020.0,-1.497548,53.765492,13,2,2,2,09/08/2018,5,18:32,204,E08000035,E08000035,4,6481,7,40.0,0,-1,-1,-1,0,0,1,1,1,0,0,1,1,2,E01011470
14653,2018135891451,2018,135891451,2,2,1,1,38,7,3,0,0,0,0,0,9,1,4,2018,135891451,433219.0,430020.0,-1.497548,53.765492,13,2,2,2,09/08/2018,5,18:32,204,E08000035,E08000035,4,6481,7,40.0,0,-1,-1,-1,0,0,1,1,1,0,0,1,1,2,E01011470
14654,2018135891725,2018,135891725,1,1,1,1,7,2,2,0,0,0,0,0,1,-1,-1,2018,135891725,429769.0,430729.0,-1.549815,53.772072,13,2,2,1,09/08/2018,5,20:43,204,E08000035,E08000035,6,0,6,30.0,3,4,6,0,0,0,1,1,1,0,0,1,1,2,E01011316
14655,2018135891970,2018,135891970,2,1,1,1,50,8,2,0,0,0,0,0,3,2,4,2018,135891970,424992.0,432896.0,-1.622116,53.791798,13,2,2,1,09/08/2018,5,22:36,204,E08000035,E08000035,6,0,6,40.0,6,2,6,0,0,0,4,1,1,0,0,1,1,2,E01011727
14656,20181358A0430,2018,1358A0430,1,1,1,1,33,6,3,0,0,0,0,0,9,1,4,2018,1358A0430,430800.0,433273.0,-1.53392,53.794877,13,3,2,1,10/08/2018,6,08:20,204,E08000035,E08000035,6,0,6,30.0,6,2,6,0,0,5,1,1,1,0,0,1,1,2,E01033011
14657,20181358A0479,2018,1358A0479,1,1,1,2,70,10,3,0,0,0,0,0,9,1,8,2018,1358A0479,428934.0,429851.0,-1.562565,53.764228,13,3,2,1,10/08/2018,6,08:20,204,E08000035,E08000035,3,653,6,30.0,3,2,6,0,0,5,1,1,1,0,0,1,2,2,E01011320
14658,20181358A0751,2018,1358A0751,1,1,2,2,4,1,3,0,0,0,3,0,11,1,9,2018,1358A0751,430261.0,433751.0,-1.542055,53.799204,13,3,1,1,10/08/2018,6,10:00,204,E08000035,E08000035,6,0,6,20.0,0,-1,-1,-1,0,0,1,1,1,0,0,1,2,2,E01033010
14659,20181358A0781,2018,1358A0781,2,1,1,2,23,5,3,0,0,0,0,0,9,1,10,2018,1358A0781,436168.0,434462.0,-1.452295,53.805219,13,3,3,1,10/08/2018,6,12:18,204,E08000035,E08000035,3,6120,6,30.0,3,4,6,0,0,0,1,1,1,0,0,1,1,2,E01011345
14660,20181358A1784,2018,1358A1784,1,1,3,1,7,2,2,10,9,0,0,0,0,1,1,2018,1358A1784,433105.0,432725.0,-1.498987,53.789811,13,2,1,1,10/08/2018,6,20:40,204,E08000035,E08000035,6,0,6,30.0,0,-1,-1,-1,0,0,1,1,1,0,0,1,1,2,E01011621
14661,20181358B0940,2018,1358B0940,1,1,1,1,47,8,3,0,0,0,0,0,5,1,8,2018,1358B0940,433873.0,434068.0,-1.487184,53.801832,13,3,2,2,11/08/2018,7,13:10,204,E08000035,E08000035,3,64,3,40.0,6,2,4,6159,0,5,1,1,1,0,0,1,1,2,E01011346
14662,20181358B0940,2018,1358B0940,2,2,1,2,25,5,3,0,0,0,0,0,9,1,1,2018,1358B0940,433873.0,434068.0,-1.487184,53.801832,13,3,2,2,11/08/2018,7,13:10,204,E08000035,E08000035,3,64,3,40.0,6,2,4,6159,0,5,1,1,1,0,0,1,1,2,E01011346
14663,20181358B1078,2018,1358B1078,2,1,1,1,19,4,3,0,0,0,0,0,1,1,8,2018,1358B1078,430808.0,433272.0,-1.533798,53.794867,13,3,2,1,11/08/2018,7,12:30,204,E08000035,E08000035,3,653,6,30.0,6,2,3,61,0,5,1,1,1,0,0,1,2,2,E01033011
14664,20181358B9999,2018,1358B9999,1,1,1,2,30,6,3,0,0,0,0,0,9,1,4,2018,1358B9999,428004.0,426232.0,-1.576999,53.731751,13,3,2,1,11/08/2018,7,22:10,204,E08000035,E08000035,3,653,1,30.0,1,2,6,0,0,8,4,1,1,0,0,1,2,2,E01011550
14665,20181358C1036,2018,1358C1036,2,1,2,2,78,11,3,0,0,2,0,0,9,1,6,2018,1358C1036,434804.0,428897.0,-1.47363,53.755296,13,3,2,1,12/08/2018,1,14:24,204,E08000035,E08000035,6,0,6,30.0,3,4,6,0,0,0,1,1,1,0,0,1,1,2,E01011628
14666,20181358C1229,2018,1358C1229,2,1,1,1,26,6,2,0,0,0,0,0,1,1,5,2018,1358C1229,431083.0,436053.0,-1.529344,53.819846,13,2,2,1,12/08/2018,1,15:50,204,E08000035,E08000035,6,0,6,30.0,3,4,6,0,0,0,1,1,1,0,0,1,1,2,E01011356
14667,20181358C1412,2018,1358C1412,2,1,1,2,33,6,3,0,0,0,0,0,1,1,5,2018,1358C1412,429738.0,432940.0,-1.550073,53.791946,13,3,2,1,24/07/2018,3,17:40,204,E08000035,E08000035,6,0,6,30.0,0,-1,-1,-1,0,0,1,1,1,0,0,1,2,2,E01033015
14668,20181358D0398,2018,1358D0398,2,1,1,2,23,5,3,0,0,0,0,0,9,1,9,2018,1358D0398,430278.0,431938.0,-1.541974,53.782909,13,3,2,1,13/08/2018,2,08:10,204,E08000035,E08000035,1,621,3,50.0,0,-1,-1,-1,0,0,1,2,2,0,0,1,2,1,E01011371
14669,20181358D0477,2018,1358D0477,1,1,1,1,34,6,3,0,0,0,0,0,5,1,1,2018,1358D0477,429146.0,432000.0,-1.559148,53.78353,13,3,3,2,13/08/2018,2,09:36,204,E08000035,E08000035,6,0,6,30.0,3,4,6,0,0,0,1,1,1,0,0,1,1,2,E01011368
14670,20181358D0477,2018,1358D0477,2,2,1,2,46,8,3,0,0,0,0,0,9,1,4,2018,1358D0477,429146.0,432000.0,-1.559148,53.78353,13,3,3,2,13/08/2018,2,09:36,204,E08000035,E08000035,6,0,6,30.0,3,4,6,0,0,0,1,1,1,0,0,1,1,2,E01011368
14671,20181358D0592,2018,1358D0592,1,1,2,1,74,10,2,0,0,0,1,0,11,1,2,2018,1358D0592,430078.0,433890.0,-1.54482,53.800464,13,2,1,1,11/08/2018,7,10:00,204,E08000035,E08000035,6,0,6,30.0,0,-1,-1,-1,0,4,1,1,1,0,0,1,2,2,E01033010
14672,20181358E1131,2018,1358E1131,1,1,1,2,52,8,3,0,0,0,0,0,9,1,3,2018,1358E1131,422028.0,436565.0,-1.666848,53.824907,13,3,4,2,14/08/2018,3,15:20,204,E08000035,E08000035,3,6120,6,30.0,1,2,6,0,0,0,1,1,1,0,0,2,1,2,E01011589
14673,20181358E1131,2018,1358E1131,2,2,1,1,77,11,3,0,0,0,0,0,9,1,5,2018,1358E1131,422028.0,436565.0,-1.666848,53.824907,13,3,4,2,14/08/2018,3,15:20,204,E08000035,E08000035,3,6120,6,30.0,1,2,6,0,0,0,1,1,1,0,0,2,1,2,E01011589
14674,20181358F0056,2018,1358F0056,1,1,1,2,28,6,2,0,0,0,0,0,3,2,7,2018,1358F0056,426720.0,426699.0,-1.596421,53.736015,13,2,1,1,15/08/2018,4,00:30,204,E08000035,E08000035,3,650,6,30.0,0,-1,-1,-1,0,0,4,1,1,0,0,1,1,2,E01011547
14675,20181358F1534,2018,1358F1534,2,1,1,1,59,9,2,0,0,0,0,0,5,1,3,2018,1358F1534,427340.0,427812.0,-1.586924,53.745987,13,2,2,1,15/08/2018,4,19:30,204,E08000035,E08000035,6,0,6,30.0,3,2,6,0,0,0,1,8,2,0,0,1,1,2,E01032492
14676,20181358G0123,2018,1358G0123,1,1,3,1,18,4,3,5,1,0,0,0,0,1,4,2018,1358G0123,431320.0,435044.0,-1.525847,53.810763,13,3,1,1,15/08/2018,4,20:20,204,E08000035,E08000035,6,0,6,30.0,3,4,3,58,0,0,1,1,1,0,0,1,2,2,E01011361
14677,20181358G0689,2018,1358G0689,1,1,3,1,85,11,3,1,3,0,0,0,0,2,7,2018,1358G0689,431622.0,434439.0,-1.521322,53.805307,13,3,1,1,16/08/2018,5,11:20,204,E08000035,E08000035,6,0,6,30.0,0,-1,-1,-1,0,4,1,1,1,0,0,1,1,2,E01033035
14678,20181358G0696,2018,1358G0696,2,1,1,2,48,8,3,0,0,0,0,0,9,1,7,2018,1358G0696,426576.0,433900.0,-1.597986,53.800744,13,3,2,1,21/08/2018,3,11:30,204,E08000035,E08000035,6,0,3,40.0,3,4,3,647,0,0,1,1,1,0,0,1,2,2,E01032608
14679,20181358G1310,2018,1358G1310,2,1,1,2,48,8,3,0,0,0,0,0,1,-1,-1,2018,1358G1310,430400.0,437873.0,-1.53954,53.836244,13,3,2,1,16/08/2018,5,16:47,204,E08000035,E08000035,6,0,6,30.0,3,4,6,0,0,0,1,1,1,0,0,1,2,2,E01011515
14680,20181358G1314,2018,1358G1314,1,1,2,2,40,7,3,0,0,0,2,0,11,1,1,2018,1358G1314,430301.0,433388.0,-1.541483,53.79594,13,3,1,1,16/08/2018,5,19:40,204,E08000035,E08000035,6,0,6,30.0,0,-1,-1,-1,0,0,1,1,1,0,0,1,2,2,E01033010
14681,20181358G1532,2018,1358G1532,1,1,1,1,44,7,2,0,0,0,0,0,1,1,5,2018,1358G1532,425993.0,429974.0,-1.607168,53.765487,13,2,2,1,16/08/2018,5,19:42,204,E08000035,E08000035,3,62,3,50.0,0,-1,-1,-1,0,0,1,1,1,0,0,1,1,2,E01011522
14682,20181358G1947,2018,1358G1947,1,1,1,1,35,6,2,0,0,0,0,0,4,1,1,2018,1358G1947,428526.0,429635.0,-1.568774,53.762309,13,2,2,1,16/08/2018,5,22:00,204,E08000035,E08000035,3,6110,6,40.0,3,4,6,0,0,0,4,1,1,0,0,1,1,2,E01011321
14683,20181358H0461,2018,1358H0461,1,1,1,1,25,5,2,0,0,0,0,0,3,1,1,2018,1358H0461,431996.0,432335.0,-1.515861,53.786375,13,2,1,1,17/08/2018,6,08:25,204,E08000035,E08000035,6,0,3,40.0,9,2,6,0,0,0,1,1,1,0,0,1,1,2,E01011621
14684,20181358H1535,2018,1358H1535,1,1,1,1,25,5,3,0,0,0,0,0,4,2,6,2018,1358H1535,420075.0,439061.0,-1.696354,53.847419,13,3,2,1,17/08/2018,6,17:40,204,E08000035,E08000035,3,658,6,40.0,3,4,6,0,0,0,1,1,1,0,0,2,1,2,E01011457
14685,20181358H1705,2018,1358H1705,2,1,1,2,22,5,3,0,0,0,0,0,9,1,1,2018,1358H1705,428581.0,431546.0,-1.567764,53.779481,13,3,2,1,17/08/2018,6,18:45,204,E08000035,E08000035,3,643,3,30.0,0,-1,-1,-1,0,0,1,1,1,0,0,1,2,2,E01011366
14686,20181358I0137,2018,1358I0137,2,1,2,1,22,5,3,0,0,1,0,0,9,1,9,2018,1358I0137,429109.0,433835.0,-1.559537,53.800025,13,3,4,2,18/08/2018,7,01:10,204,E08000035,E08000035,6,0,6,30.0,0,-1,-1,-1,0,0,4,1,1,0,0,1,1,2,E01011678
14687,20181358I0137,2018,1358I0137,2,2,3,1,30,6,3,8,9,0,0,0,0,1,1,2018,1358I0137,429109.0,433835.0,-1.559537,53.800025,13,3,4,2,18/08/2018,7,01:10,204,E08000035,E08000035,6,0,6,30.0,0,-1,-1,-1,0,0,4,1,1,0,0,1,1,2,E01011678
14688,20181358I0281,2018,1358I0281,1,1,1,1,20,4,3,0,0,0,0,0,9,2,4,2018,1358I0281,441054.0,432041.0,-1.378429,53.783099,13,3,1,1,18/08/2018,7,02:40,204,E08000035,E08000035,6,0,6,20.0,3,2,3,63,0,0,4,1,1,0,2,2,1,2,E01011405
14689,20181358I1017,2018,1358I1017,2,1,1,1,9,2,3,0,0,0,0,0,1,1,1,2018,1358I1017,436717.0,436673.0,-1.443696,53.825053,13,3,2,1,18/08/2018,7,13:00,204,E08000035,E08000035,6,0,6,30.0,0,-1,-1,-1,0,0,1,1,1,0,0,1,1,2,E01011721
14690,20181358I1042,2018,1358I1042,1,1,3,1,27,6,3,1,1,0,0,0,0,1,1,2018,1358I1042,431970.0,435823.0,-1.515895,53.817725,13,3,1,1,18/08/2018,7,13:10,204,E08000035,E08000035,3,58,3,30.0,5,2,4,6159,0,5,1,1,1,0,0,1,2,2,E01011422
14691,20181358J0457,2018,1358J0457,2,1,2,2,95,11,2,0,0,2,3,0,11,-1,-1,2018,1358J0457,419786.0,434051.0,-1.701067,53.802401,13,2,2,1,19/08/2018,1,16:03,204,E08000035,E08000035,3,62,6,30.0,3,4,6,0,0,0,1,1,1,0,0,1,1,2,E01011597
14692,20181358J0664,2018,1358J0664,1,1,1,1,30,6,3,0,0,0,0,0,1,1,9,2018,1358J0664,432460.0,438848.0,-1.508136,53.844883,13,3,2,1,18/08/2018,7,16:00,204,E08000035,E08000035,6,0,6,30.0,0,-1,-1,-1,0,0,1,1,1,0,0,1,2,2,E01011653
14693,20181358J0719,2018,1358J0719,1,1,3,1,71,10,3,6,5,0,0,0,0,1,5,2018,1358J0719,428395.0,434074.0,-1.570354,53.802212,13,3,1,1,19/08/2018,1,11:30,204,E08000035,E08000035,6,0,6,30.0,3,4,6,0,0,0,1,1,1,0,0,1,2,2,E01011681
14694,20181358K0771,2018,1358K0771,1,1,1,2,26,6,2,0,0,0,0,0,9,1,10,2018,1358K0771,421711.0,442269.0,-1.671262,53.876186,13,2,2,1,20/08/2018,2,12:35,204,E08000035,E08000035,6,0,6,40.0,0,-1,-1,-1,0,0,1,1,1,0,0,2,1,2,E01032503
14695,20181358K1318,2018,1358K1318,1,1,1,1,78,11,3,0,0,0,0,0,9,3,7,2018,1358K1318,431457.0,430270.0,-1.524251,53.767848,13,3,2,9,20/08/2018,2,16:34,204,E08000035,E08000035,6,0,6,30.0,0,-1,-1,-1,0,0,1,1,1,0,0,2,1,2,E01011469
14696,20181358K1318,2018,1358K1318,1,2,2,2,48,8,3,0,0,1,0,0,9,1,9,2018,1358K1318,431457.0,430270.0,-1.524251,53.767848,13,3,2,9,20/08/2018,2,16:34,204,E08000035,E08000035,6,0,6,30.0,0,-1,-1,-1,0,0,1,1,1,0,0,2,1,2,E01011469
14697,20181358K1318,2018,1358K1318,1,3,2,1,11,3,3,0,0,2,0,0,9,1,9,2018,1358K1318,431457.0,430270.0,-1.524251,53.767848,13,3,2,9,20/08/2018,2,16:34,204,E08000035,E08000035,6,0,6,30.0,0,-1,-1,-1,0,0,1,1,1,0,0,2,1,2,E01011469
14698,20181358K1318,2018,1358K1318,1,4,2,2,15,3,3,0,0,2,0,0,9,1,9,2018,1358K1318,431457.0,430270.0,-1.524251,53.767848,13,3,2,9,20/08/2018,2,16:34,204,E08000035,E08000035,6,0,6,30.0,0,-1,-1,-1,0,0,1,1,1,0,0,2,1,2,E01011469
14699,20181358K1318,2018,1358K1318,2,5,1,1,64,9,3,0,0,0,0,0,9,3,7,2018,1358K1318,431457.0,430270.0,-1.524251,53.767848,13,3,2,9,20/08/2018,2,16:34,204,E08000035,E08000035,6,0,6,30.0,0,-1,-1,-1,0,0,1,1,1,0,0,2,1,2,E01011469
14700,20181358K1318,2018,1358K1318,2,6,2,2,53,8,3,0,0,1,0,0,9,1,1,2018,1358K1318,431457.0,430270.0,-1.524251,53.767848,13,3,2,9,20/08/2018,2,16:34,204,E08000035,E08000035,6,0,6,30.0,0,-1,-1,-1,0,0,1,1,1,0,0,2,1,2,E01011469
14701,20181358K1318,2018,1358K1318,2,7,2,2,38,7,3,0,0,2,0,0,9,1,1,2018,1358K1318,431457.0,430270.0,-1.524251,53.767848,13,3,2,9,20/08/2018,2,16:34,204,E08000035,E08000035,6,0,6,30.0,0,-1,-1,-1,0,0,1,1,1,0,0,2,1,2,E01011469
14702,20181358K1318,2018,1358K1318,2,8,2,2,19,4,3,0,0,2,0,0,9,1,1,2018,1358K1318,431457.0,430270.0,-1.524251,53.767848,13,3,2,9,20/08/2018,2,16:34,204,E08000035,E08000035,6,0,6,30.0,0,-1,-1,-1,0,0,1,1,1,0,0,2,1,2,E01011469
14703,20181358K1318,2018,1358K1318,2,9,2,2,58,9,3,0,0,2,0,0,9,1,1,2018,1358K1318,431457.0,430270.0,-1.524251,53.767848,13,3,2,9,20/08/2018,2,16:34,204,E08000035,E08000035,6,0,6,30.0,0,-1,-1,-1,0,0,1,1,1,0,0,2,1,2,E01011469
14704,20181358L1429,2018,1358L1429,2,1,1,2,32,6,3,0,0,0,0,0,9,1,1,2018,1358L1429,434109.0,433900.0,-1.483619,53.800306,13,3,2,2,21/08/2018,3,15:40,204,E08000035,E08000035,6,0,3,40.0,0,-1,-1,-1,0,4,1,1,1,0,0,1,2,2,E01011616
14705,20181358L1429,2018,1358L1429,2,2,2,2,6,2,3,0,0,2,0,0,9,1,1,2018,1358L1429,434109.0,433900.0,-1.483619,53.800306,13,3,2,2,21/08/2018,3,15:40,204,E08000035,E08000035,6,0,3,40.0,0,-1,-1,-1,0,4,1,1,1,0,0,1,2,2,E01011616
14706,20181358L1538,2018,1358L1538,1,1,1,1,34,6,3,0,0,0,0,0,9,1,1,2018,1358L1538,429201.0,426408.0,-1.558839,53.733268,13,3,4,6,21/08/2018,3,17:15,204,E08000035,E08000035,1,62,3,70.0,0,-1,-1,-1,0,0,1,1,1,0,0,2,1,1,E01011538
14707,20181358L1538,2018,1358L1538,1,2,2,2,32,6,3,0,0,1,0,0,9,1,5,2018,1358L1538,429201.0,426408.0,-1.558839,53.733268,13,3,4,6,21/08/2018,3,17:15,204,E08000035,E08000035,1,62,3,70.0,0,-1,-1,-1,0,0,1,1,1,0,0,2,1,1,E01011538
14708,20181358L1538,2018,1358L1538,1,3,2,2,9,2,3,0,0,2,0,0,9,1,5,2018,1358L1538,429201.0,426408.0,-1.558839,53.733268,13,3,4,6,21/08/2018,3,17:15,204,E08000035,E08000035,1,62,3,70.0,0,-1,-1,-1,0,0,1,1,1,0,0,2,1,1,E01011538
14709,20181358L1538,2018,1358L1538,2,4,1,1,57,9,3,0,0,0,0,0,9,2,10,2018,1358L1538,429201.0,426408.0,-1.558839,53.733268,13,3,4,6,21/08/2018,3,17:15,204,E08000035,E08000035,1,62,3,70.0,0,-1,-1,-1,0,0,1,1,1,0,0,2,1,1,E01011538
14710,20181358L1538,2018,1358L1538,3,5,1,2,32,6,3,0,0,0,0,0,9,1,4,2018,1358L1538,429201.0,426408.0,-1.558839,53.733268,13,3,4,6,21/08/2018,3,17:15,204,E08000035,E08000035,1,62,3,70.0,0,-1,-1,-1,0,0,1,1,1,0,0,2,1,1,E01011538
14711,20181358L1538,2018,1358L1538,4,6,1,2,34,6,3,0,0,0,0,0,9,1,2,2018,1358L1538,429201.0,426408.0,-1.558839,53.733268,13,3,4,6,21/08/2018,3,17:15,204,E08000035,E08000035,1,62,3,70.0,0,-1,-1,-1,0,0,1,1,1,0,0,2,1,1,E01011538
14712,20181358L1743,2018,1358L1743,1,1,2,2,25,5,3,0,0,1,0,0,9,1,4,2018,1358L1743,440441.0,447671.0,-1.385681,53.92362,13,3,2,1,21/08/2018,3,18:42,204,E08000035,E08000035,3,661,1,30.0,1,4,3,661,0,0,1,1,1,0,0,2,1,2,E01011704
14713,20181358M0654,2018,1358M0654,2,1,1,1,50,8,3,0,0,0,0,0,10,1,1,2018,1358M0654,433260.0,435138.0,-1.496376,53.811488,13,3,2,1,17/08/2018,6,13:31,204,E08000035,E08000035,6,0,6,30.0,6,4,6,0,0,0,1,1,1,0,0,1,2,2,E01011339
14714,20181358M0706,2018,1358M0706,1,1,2,2,51,8,3,0,0,2,0,0,8,1,3,2018,1358M0706,423923.0,429722.0,-1.638588,53.763321,13,3,1,1,18/08/2018,7,19:00,204,E08000035,E08000035,6,0,6,30.0,0,-1,-1,-1,0,0,1,1,1,0,0,1,2,2,E01011519
14715,20181358M0900,2018,1358M0900,1,1,1,2,28,6,3,0,0,0,0,0,9,1,8,2018,1358M0900,423150.0,437706.0,-1.649718,53.835114,13,3,2,1,22/08/2018,4,13:15,204,E08000035,E08000035,3,6120,6,40.0,8,4,6,0,0,0,1,1,1,0,0,1,1,2,E01011465
14716,20181358M1371,2018,1358M1371,1,1,1,1,44,7,2,0,0,0,0,0,5,1,5,2018,1358M1371,435690.0,433910.0,-1.459616,53.800291,13,2,1,1,22/08/2018,4,16:28,204,E08000035,E08000035,6,0,6,30.0,0,-1,-1,-1,0,0,1,1,1,0,0,1,1,2,E01011416
14717,20181358M1951,2018,1358M1951,1,1,1,1,33,6,3,0,0,0,0,0,9,1,5,2018,1358M1951,428463.0,431347.0,-1.569573,53.777699,13,3,2,3,22/08/2018,4,21:05,204,E08000035,E08000035,3,643,6,30.0,6,2,6,0,0,5,4,2,2,0,0,1,1,2,E01011369