,accident_index,accident_year_x,accident_reference_x,vehicle_reference,casualty_reference,casualty_class,sex_of_casualty,age_of_casualty,age_band_of_casualty,casualty_severity,pedestrian_location,pedestrian_movement,car_passenger,bus_or_coach_passenger,pedestrian_road_maintenance_worker,casualty_type,casualty_home_area_type,casualty_imd_decile,accident_year_y,accident_reference_y,location_easting_osgr,location_northing_osgr,longitude,latitude,police_force,accident_severity,number_of_vehicles,number_of_casualties,date,day_of_week,time,local_authority_district,local_authority_ons_district,local_authority_highway,first_road_class,first_road_number,road_type,speed_limit,junction_detail,junction_control,second_road_class,second_road_number,pedestrian_crossing_human_control,pedestrian_crossing_physical_facilities,light_conditions,weather_conditions,road_surface_conditions,special_conditions_at_site,carriageway_hazards,urban_or_rural_area,did_police_officer_attend_scene_of_accident,trunk_road_flag,lsoa_of_accident_location
14718,20181358M1951,2018,1358M1951,2,2,1,1,32,6,3,0,0,0,0,0,9,1,2,2018,1358M1951,428463.0,431347.0,-1.569573,53.777699,13,3,2,3,22/08/2018,4,21:05,204,E08000035,E08000035,3,643,6,30.0,6,2,6,0,0,5,4,2,2,0,0,1,1,2,E01011369
14719,20181358M1951,2018,1358M1951,2,3,2,2,57,9,3,0,0,1,0,0,9,1,2,2018,1358M1951,428463.0,431347.0,-1.569573,53.777699,13,3,2,3,22/08/2018,4,21:05,204,E08000035,E08000035,3,643,6,30.0,6,2,6,0,0,5,4,2,2,0,0,1,1,2,E01011369
14720,20181358N0284,2018,1358N0284,1,1,1,2,48,8,3,0,0,0,0,0,9,1,6,2018,1358N0284,428389.0,436282.0,-1.570243,53.822057,13,3,2,1,23/08/2018,5,06:57,204,E08000035,E08000035,6,0,6,20.0,3,4,6,0,0,0,1,1,1,0,0,1,1,2,E01011451
14721,20181358N0339,2018,1358N0339,1,1,1,1,57,9,3,0,0,0,0,0,1,1,4,2018,1358N0339,430839.0,433997.0,-1.533256,53.801382,13,3,2,1,23/08/2018,5,07:52,204,E08000035,E08000035,6,0,3,30.0,3,4,6,0,0,0,1,1,1,0,0,1,1,2,E01033031
14722,20181358N0386,2018,1358N0386,1,1,1,2,49,8,3,0,0,0,0,0,9,3,6,2018,1358N0386,433229.0,427628.0,-1.497652,53.743993,13,3,2,1,23/08/2018,5,08:32,204,E08000035,E08000035,6,0,6,30.0,0,-1,-1,-1,0,0,1,1,1,0,0,2,2,2,E01011634
14723,20181358N0589,2018,1358N0589,2,1,1,1,27,6,3,0,0,0,0,0,3,1,3,2018,1358N0589,427485.0,437003.0,-1.58391,53.828586,13,3,2,1,23/08/2018,5,11:05,204,E08000035,E08000035,3,660,6,30.0,3,4,6,0,0,0,1,1,1,0,0,1,1,2,E01011690
14724,20181358N1280,2018,1358N1280,1,1,1,2,30,6,3,0,0,0,0,0,9,1,2,2018,1358N1280,432642.0,435860.0,-1.505685,53.818016,13,3,2,2,23/08/2018,5,16:55,204,E08000035,E08000035,3,58,3,40.0,3,4,6,0,0,0,1,2,2,0,0,1,1,2,E01011424
14725,20181358N1280,2018,1358N1280,1,2,2,1,11,3,3,0,0,2,0,0,9,1,2,2018,1358N1280,432642.0,435860.0,-1.505685,53.818016,13,3,2,2,23/08/2018,5,16:55,204,E08000035,E08000035,3,58,3,40.0,3,4,6,0,0,0,1,2,2,0,0,1,1,2,E01011424
14726,20181358O0326,2018,1358O0326,2,1,1,2,51,8,3,0,0,0,0,0,9,1,4,2018,1358O0326,432158.0,429927.0,-1.513652,53.764723,13,3,2,1,24/08/2018,6,07:00,204,E08000035,E08000035,1,621,3,70.0,0,-1,-1,-1,0,0,1,1,1,0,0,2,1,1,E01011470
14727,20181358O1202,2018,1358O1202,1,1,3,2,40,7,2,5,1,0,0,0,0,1,1,2018,1358O1202,428500.0,433156.0,-1.568845,53.793956,13,2,1,1,24/08/2018,6,16:15,204,E08000035,E08000035,6,0,1,30.0,1,4,6,0,0,0,1,2,2,0,0,1,1,2,E01011363
14728,20181358O1973,2018,1358O1973,1,1,3,1,56,9,2,1,2,0,0,0,0,1,2,2018,1358O1973,427499.0,431339.0,-1.584201,53.777679,13,2,1,1,24/08/2018,6,22:14,204,E08000035,E08000035,3,6110,3,40.0,6,2,3,58,0,5,4,1,1,0,0,1,1,2,E01011369
14729,20181358P0450,2018,1358P0450,2,1,1,1,35,6,3,0,0,0,0,0,1,1,1,2018,1358P0450,429248.0,426734.0,-1.558096,53.736195,13,3,2,1,25/08/2018,7,07:30,204,E08000035,E08000035,3,654,6,60.0,0,-1,-1,-1,0,0,1,1,1,0,0,2,2,2,E01011538
14730,20181358P0570,2018,1358P0570,2,1,1,1,54,8,2,0,0,0,0,0,3,1,7,2018,1358P0570,423953.0,435420.0,-1.637694,53.814532,13,2,2,1,25/08/2018,7,09:41,204,E08000035,E08000035,6,0,6,30.0,3,4,6,0,0,0,1,1,1,0,0,1,1,2,E01011329
14731,20181358P0856,2018,1358P0856,1,1,1,1,33,6,3,0,0,0,0,0,8,1,1,2018,1358P0856,440111.0,439656.0,-1.391751,53.851613,13,3,2,4,25/08/2018,7,12:35,204,E08000035,E08000035,3,64,6,30.0,0,-1,-1,-1,0,0,1,1,1,0,0,2,1,2,E01011309
14732,20181358P0856,2018,1358P0856,1,2,2,2,25,5,3,0,0,2,0,0,8,3,7,2018,1358P0856,440111.0,439656.0,-1.391751,53.851613,13,3,2,4,25/08/2018,7,12:35,204,E08000035,E08000035,3,64,6,30.0,0,-1,-1,-1,0,0,1,1,1,0,0,2,1,2,E01011309
14733,20181358P0856,2018,1358P0856,1,3,2,2,39,7,3,0,0,2,0,0,8,1,10,2018,1358P0856,440111.0,439656.0,-1.391751,53.851613,13,3,2,4,25/08/2018,7,12:35,204,E08000035,E08000035,3,64,6,30.0,0,-1,-1,-1,0,0,1,1,1,0,0,2,1,2,E01011309
14734,20181358P0856,2018,1358P0856,2,4,1,1,48,8,3,0,0,0,0,0,19,1,1,2018,1358P0856,440111.0,439656.0,-1.391751,53.851613,13,3,2,4,25/08/2018,7,12:35,204,E08000035,E08000035,3,64,6,30.0,0,-1,-1,-1,0,0,1,1,1,0,0,2,1,2,E01011309
14735,20181358P1294,2018,1358P1294,1,1,3,1,6,2,2,5,2,0,0,0,0,1,1,2018,1358P1294,431766.0,432874.0,-1.519296,53.791233,13,2,1,1,25/08/2018,7,16:10,204,E08000035,E08000035,6,0,6,30.0,0,-1,-1,-1,0,1,1,1,1,0,0,1,1,2,E01011626
14736,20181358P1534,2018,1358P1534,1,1,1,1,29,6,2,0,0,0,0,0,97,1,1,2018,1358P1534,430588.0,430943.0,-1.537368,53.773948,13,2,2,1,25/08/2018,7,18:00,204,E08000035,E08000035,6,0,6,30.0,3,4,6,0,0,0,1,1,1,0,0,1,1,2,E01011468
14737,20181358Q0081,2018,1358Q0081,2,1,1,1,40,7,3,0,0,0,0,0,9,1,1,2018,1358Q0081,429102.0,432195.0,-1.559797,53.785285,13,3,2,1,26/08/2018,1,00:10,204,E08000035,E08000035,6,0,6,30.0,3,4,6,0,0,0,4,1,1,0,0,1,2,2,E01033013
14738,20181358Q0261,2018,1358Q0261,1,1,1,2,23,5,3,0,0,0,0,0,9,1,6,2018,1358Q0261,432124.0,428919.0,-1.514273,53.755665,13,3,1,1,26/08/2018,1,02:31,204,E08000035,E08000035,1,621,3,70.0,0,-1,-1,-1,0,0,4,1,1,0,0,2,1,1,E01011496
14739,20181358Q0818,2018,1358Q0818,1,1,1,1,32,6,2,0,0,0,0,0,5,1,7,2018,1358Q0818,430810.0,433889.0,-1.533707,53.800413,13,2,1,1,26/08/2018,1,12:00,204,E08000035,E08000035,3,61,3,30.0,0,-1,-1,-1,0,0,1,2,2,0,0,1,1,2,E01033031
14740,20181358Q1030,2018,1358Q1030,2,1,1,2,26,6,3,0,0,0,0,0,9,1,5,2018,1358Q1030,422428.0,441625.0,-1.660404,53.870368,13,3,2,2,26/08/2018,1,14:23,204,E08000035,E08000035,6,0,6,30.0,3,4,6,0,0,0,1,2,2,0,0,1,1,2,E01032503
14741,20181358Q1030,2018,1358Q1030,2,2,2,1,5,1,3,0,0,2,0,0,9,1,5,2018,1358Q1030,422428.0,441625.0,-1.660404,53.870368,13,3,2,2,26/08/2018,1,14:23,204,E08000035,E08000035,6,0,6,30.0,3,4,6,0,0,0,1,2,2,0,0,1,1,2,E01032503
14742,20181358Q1723,2018,1358Q1723,1,1,2,1,18,4,3,0,0,1,0,0,9,1,1,2018,1358Q1723,434069.0,429931.0,-1.484663,53.764638,13,3,1,1,26/08/2018,1,20:25,204,E08000035,E08000035,1,1,3,70.0,0,-1,-1,-1,0,0,4,2,2,0,0,2,1,1,E01011639
14743,20181358Q1867,2018,1358Q1867,1,1,1,1,38,7,2,0,0,0,0,0,9,3,4,2018,1358Q1867,429940.0,427145.0,-1.547566,53.73985,13,2,1,1,26/08/2018,1,21:54,204,E08000035,E08000035,6,0,6,30.0,3,4,6,0,0,0,4,2,2,0,0,1,1,2,E01011492
14744,20181358R0046,2018,1358R0046,1,1,1,1,21,5,2,0,0,0,0,0,9,1,4,2018,1358R0046,434354.0,435346.0,-1.479739,53.813287,13,2,1,1,27/08/2018,2,00:45,204,E08000035,E08000035,6,0,1,30.0,1,4,6,0,0,0,4,2,2,0,0,1,1,2,E01011662
14745,20181358R0264,2018,1358R0264,1,1,1,1,65,9,3,0,0,0,0,0,9,1,8,2018,1358R0264,423562.0,442239.0,-1.643112,53.875836,13,3,1,1,27/08/2018,2,03:45,204,E08000035,E08000035,6,0,6,60.0,0,-1,-1,-1,0,0,6,1,1,0,0,2,1,2,E01032503
14746,20181358R1084,2018,1358R1084,2,1,1,1,31,6,3,0,0,0,0,0,4,1,2,2018,1358R1084,423998.0,428000.0,-1.637584,53.74784,13,3,2,1,27/08/2018,2,15:00,204,E08000035,E08000035,3,62,3,30.0,0,-1,-1,-1,0,0,1,1,1,0,0,1,2,1,E01011529
14747,20181358R1478,2018,1358R1478,2,1,1,2,45,7,3,0,0,0,0,0,9,1,4,2018,1358R1478,431010.0,430543.0,-1.531005,53.770328,13,3,2,2,27/08/2018,2,17:54,204,E08000035,E08000035,6,0,6,30.0,3,4,1,621,0,0,1,1,1,0,0,1,1,2,E01011471
14748,20181358R1478,2018,1358R1478,2,2,2,2,19,4,3,0,0,1,0,0,9,1,4,2018,1358R1478,431010.0,430543.0,-1.531005,53.770328,13,3,2,2,27/08/2018,2,17:54,204,E08000035,E08000035,6,0,6,30.0,3,4,1,621,0,0,1,1,1,0,0,1,1,2,E01011471
14749,20181358R1906,2018,1358R1906,1,1,2,2,57,9,3,0,0,1,0,0,19,1,6,2018,1358R1906,438013.0,438405.0,-1.423796,53.840526,13,3,2,3,27/08/2018,2,20:45,204,E08000035,E08000035,3,64,6,60.0,8,4,6,0,0,0,6,1,1,0,7,2,1,2,E01011715
14750,20181358R1906,2018,1358R1906,1,2,2,2,18,4,3,0,0,2,0,0,19,1,6,2018,1358R1906,438013.0,438405.0,-1.423796,53.840526,13,3,2,3,27/08/2018,2,20:45,204,E08000035,E08000035,3,64,6,60.0,8,4,6,0,0,0,6,1,1,0,7,2,1,2,E01011715
14751,20181358R1906,2018,1358R1906,2,3,1,2,31,6,3,0,0,0,0,0,9,3,9,2018,1358R1906,438013.0,438405.0,-1.423796,53.840526,13,3,2,3,27/08/2018,2,20:45,204,E08000035,E08000035,3,64,6,60.0,8,4,6,0,0,0,6,1,1,0,7,2,1,2,E01011715
14752,20181358S0489,2018,1358S0489,1,2,1,1,33,6,3,0,0,0,0,0,9,1,4,2018,1358S0489,428108.0,426286.0,-1.575418,53.732231,13,3,2,3,28/08/2018,3,09:50,204,E08000035,E08000035,3,650,6,40.0,1,2,3,653,0,4,1,1,1,0,0,1,1,2,E01011550
14753,20181358S0489,2018,1358S0489,1,3,2,1,6,2,3,0,0,2,0,0,9,2,7,2018,1358S0489,428108.0,426286.0,-1.575418,53.732231,13,3,2,3,28/08/2018,3,09:50,204,E08000035,E08000035,3,650,6,40.0,1,2,3,653,0,4,1,1,1,0,0,1,1,2,E01011550
14754,20181358S0489,2018,1358S0489,2,1,1,2,66,10,3,0,0,0,0,0,9,1,8,2018,1358S0489,428108.0,426286.0,-1.575418,53.732231,13,3,2,3,28/08/2018,3,09:50,204,E08000035,E08000035,3,650,6,40.0,1,2,3,653,0,4,1,1,1,0,0,1,1,2,E01011550
14755,20181358S0994,2018,1358S0994,2,1,1,1,68,10,3,0,0,0,0,0,5,1,9,2018,1358S0994,421853.0,441244.0,-1.669175,53.866968,13,3,2,1,28/08/2018,3,14:15,204,E08000035,E08000035,3,658,6,40.0,3,4,6,0,0,0,1,1,1,0,0,1,2,2,E01011578
14756,20181358S1018,2018,1358S1018,2,1,2,2,64,9,3,0,0,2,0,0,9,1,5,2018,1358S1018,431400.0,438788.0,-1.524252,53.844408,13,3,2,1,28/08/2018,3,14:31,204,E08000035,E08000035,6,0,6,30.0,3,4,6,0,0,0,1,1,1,0,0,1,1,2,E01011511
14757,20181358T0400,2018,1358T0400,2,1,1,2,26,6,3,0,0,0,0,0,1,-1,-1,2018,1358T0400,427071.0,433707.0,-1.590488,53.798984,13,3,2,1,28/08/2018,3,15:50,204,E08000035,E08000035,6,0,3,40.0,3,4,3,647,0,0,1,1,1,0,0,1,2,2,E01011284
14758,20181358T0767,2018,1358T0767,1,1,3,1,49,8,2,5,1,0,0,0,0,-1,-1,2018,1358T0767,429968.0,433226.0,-1.546554,53.794503,13,2,1,1,29/08/2018,4,12:38,204,E08000035,E08000035,6,0,6,30.0,0,-1,-1,-1,0,0,1,1,1,0,0,1,1,2,E01033016
14759,20181358T0856,2018,1358T0856,1,1,1,2,58,9,2,0,0,0,0,0,9,1,4,2018,1358T0856,421107.0,433294.0,-1.681062,53.795546,13,2,1,1,29/08/2018,4,13:25,204,E08000035,E08000035,6,0,6,30.0,0,-1,-1,-1,0,0,1,1,1,0,0,1,1,2,E01011613
14760,20181358T0974,2018,1358T0974,1,1,1,1,26,6,3,0,0,0,0,0,1,1,1,2018,1358T0974,431165.0,433640.0,-1.528342,53.798154,13,3,2,1,29/08/2018,4,14:27,204,E08000035,E08000035,3,653,3,30.0,0,-1,-1,-1,0,0,1,1,1,0,0,1,1,2,E01033021
14761,20181358T1070,2018,1358T1070,1,1,3,1,36,7,3,5,1,0,0,0,0,-1,-1,2018,1358T1070,429148.0,431765.0,-1.559139,53.781418,13,3,1,1,29/08/2018,4,15:20,204,E08000035,E08000035,6,0,6,30.0,0,-1,-1,-1,0,0,1,1,1,0,0,1,1,2,E01011368
14762,20181358T1142,2018,1358T1142,2,1,1,1,44,7,3,0,0,0,0,0,9,1,10,2018,1358T1142,423062.0,437684.0,-1.651057,53.83492,13,3,3,2,29/08/2018,4,15:50,204,E08000035,E08000035,3,65,1,30.0,1,2,3,6120,0,5,1,1,1,0,0,1,1,2,E01011465
14763,20181358T1142,2018,1358T1142,3,2,1,2,29,6,3,0,0,0,0,0,9,1,1,2018,1358T1142,423062.0,437684.0,-1.651057,53.83492,13,3,3,2,29/08/2018,4,15:50,204,E08000035,E08000035,3,65,1,30.0,1,2,3,6120,0,5,1,1,1,0,0,1,1,2,E01011465
14764,20181358T1230,2018,1358T1230,1,1,3,1,19,4,3,5,2,0,0,0,0,1,4,2018,1358T1230,433654.0,427664.0,-1.491205,53.74429,13,3,1,1,29/08/2018,4,16:24,204,E08000035,E08000035,3,654,6,30.0,0,-1,-1,-1,0,0,1,1,1,0,0,2,1,2,E01011634
14765,20181358U1588,2018,1358U1588,2,1,1,1,29,6,3,0,0,0,0,0,1,1,2,2018,1358U1588,424447.0,438618.0,-1.629937,53.843252,13,3,3,1,30/08/2018,5,18:21,204,E08000035,E08000035,6,0,6,30.0,0,-1,-1,-1,0,0,1,1,1,0,0,1,1,2,E01011460
14766,20181358U1823,2018,1358U1823,1,1,1,1,19,4,3,0,0,0,0,0,3,1,1,2018,1358U1823,425040.0,432198.0,-1.621444,53.785523,13,2,1,2,30/08/2018,5,20:16,204,E08000035,E08000035,6,0,6,30.0,0,-1,-1,-1,0,0,6,1,1,0,2,1,1,2,E01011738
14767,20181358U1823,2018,1358U1823,1,2,2,1,15,3,2,0,0,0,0,0,3,1,7,2018,1358U1823,425040.0,432198.0,-1.621444,53.785523,13,2,1,2,30/08/2018,5,20:16,204,E08000035,E08000035,6,0,6,30.0,0,-1,-1,-1,0,0,6,1,1,0,2,1,1,2,E01011738
14768,2018135910852,2018,135910852,2,1,2,2,15,3,3,0,0,2,0,0,9,1,4,2018,135910852,428588.0,431554.0,-1.567657,53.779553,13,3,2,1,01/09/2018,7,10:40,204,E08000035,E08000035,3,643,1,30.0,1,2,1,621,0,0,1,1,1,0,0,1,2,2,E01011366
14769,2018135911152,2018,135911152,1,1,1,1,75,10,2,0,0,0,0,0,9,1,7,2018,135911152,431707.0,439185.0,-1.519545,53.847958,13,2,2,1,04/09/2018,3,15:04,204,E08000035,E08000035,6,0,6,30.0,0,-1,-1,-1,0,0,1,1,1,0,0,1,1,2,E01011508
14770,2018135911462,2018,135911462,2,1,1,1,23,5,3,0,0,0,0,0,9,1,6,2018,135911462,427122.0,425011.0,-1.590474,53.720823,13,3,2,1,01/09/2018,7,17:30,204,E08000035,E08000035,3,653,3,30.0,0,-1,-1,-1,0,0,1,1,1,0,0,1,2,2,E01011548
14771,2018135911541,2018,135911541,1,1,1,1,72,10,3,0,0,0,0,0,9,1,5,2018,135911541,439254.0,430998.0,-1.405877,53.773864,13,3,2,1,01/09/2018,7,18:21,204,E08000035,E08000035,6,0,6,30.0,0,-1,-1,-1,0,0,1,1,1,0,0,2,1,2,E01011390
14772,2018135911546,2018,135911546,2,1,1,1,36,7,3,0,0,0,0,0,1,1,2,2018,135911546,419655.0,446209.0,-1.702282,53.911679,13,3,2,1,01/09/2018,7,18:20,204,E08000035,E08000035,6,0,6,30.0,3,4,6,0,0,0,1,1,1,0,0,1,1,2,E01011581
14773,2018135911607,2018,135911607,2,1,1,2,48,8,3,0,0,0,0,0,9,1,1,2018,135911607,431675.0,435361.0,-1.520423,53.813591,13,3,2,2,01/09/2018,7,18:50,204,E08000035,E08000035,3,58,6,30.0,3,4,6,0,0,0,1,1,1,0,0,1,2,2,E01011429
14774,2018135911607,2018,135911607,2,2,2,2,22,5,3,0,0,1,0,0,9,1,1,2018,135911607,431675.0,435361.0,-1.520423,53.813591,13,3,2,2,01/09/2018,7,18:50,204,E08000035,E08000035,3,58,6,30.0,3,4,6,0,0,0,1,1,1,0,0,1,2,2,E01011429
14775,2018135911677,2018,135911677,1,1,3,1,18,4,3,5,1,0,0,0,0,1,1,2018,135911677,431509.0,435136.0,-1.522967,53.811579,13,3,1,1,01/09/2018,7,19:25,204,E08000035,E08000035,3,58,6,30.0,3,4,6,0,0,0,1,1,1,0,0,1,1,2,E01011673
14776,2018135930452,2018,135930452,1,1,1,1,57,9,3,0,0,0,0,0,9,1,10,2018,135930452,435267.0,439745.0,-1.465372,53.852762,13,3,2,2,03/09/2018,2,09:00,204,E08000035,E08000035,6,0,6,60.0,6,4,6,0,0,0,1,1,1,0,0,2,1,2,E01011649
14777,2018135930452,2018,135930452,2,2,1,2,22,5,3,0,0,0,0,0,9,1,1,2018,135930452,435267.0,439745.0,-1.465372,53.852762,13,3,2,2,03/09/2018,2,09:00,204,E08000035,E08000035,6,0,6,60.0,6,4,6,0,0,0,1,1,1,0,0,2,1,2,E01011649
14778,2018135931499,2018,135931499,1,1,1,1,24,5,2,0,0,0,0,0,5,1,7,2018,135931499,428278.0,429576.0,-1.572541,53.761792,13,2,3,1,03/09/2018,2,17:10,204,E08000035,E08000035,3,6110,1,40.0,1,4,6,0,0,0,1,1,1,0,0,1,1,2,E01011531
14779,2018135931624,2018,135931624,1,1,3,1,46,8,3,9,5,0,0,0,0,1,3,2018,135931624,440487.0,433192.0,-1.386883,53.793488,13,3,1,1,03/09/2018,2,16:50,204,E08000035,E08000035,6,0,2,30.0,0,-1,-1,-1,0,0,1,1,1,0,0,1,2,2,E01011396
14780,2018135931935,2018,135931935,1,1,2,2,23,5,2,0,0,1,0,0,9,-1,-1,2018,135931935,428393.0,440975.0,-1.569751,53.864236,13,2,1,1,04/09/2018,3,21:15,204,E08000035,E08000035,6,0,6,60.0,0,-1,-1,-1,0,0,6,2,2,0,0,2,1,2,E01011554
14781,2018135940374,2018,135940374,2,1,1,2,26,6,3,0,0,0,0,0,9,1,6,2018,135940374,424968.0,427566.0,-1.62291,53.743894,13,3,2,1,04/09/2018,3,08:05,204,E08000035,E08000035,3,650,6,40.0,9,4,6,0,0,0,1,1,1,0,0,1,2,2,E01011530
14782,2018135940805,2018,135940805,1,1,3,1,40,7,3,5,1,0,0,0,0,3,6,2018,135940805,430085.0,433375.0,-1.544764,53.795835,13,3,1,1,04/09/2018,3,13:25,204,E08000035,E08000035,6,0,6,30.0,0,-1,-1,-1,0,0,1,1,1,4,0,1,1,2,E01033010
14783,2018135941215,2018,135941215,2,1,1,2,57,9,3,0,0,0,0,0,9,1,5,2018,135941215,431627.0,435288.0,-1.521159,53.812938,13,3,2,1,04/09/2018,3,19:20,204,E08000035,E08000035,6,0,6,30.0,0,-1,-1,-1,0,0,1,1,1,0,0,1,2,2,E01011429
14784,2018135950415,2018,135950415,1,1,1,2,44,7,3,0,0,0,0,0,9,-1,-1,2018,135950415,430902.0,430369.0,-1.532661,53.768771,13,3,3,1,05/09/2018,4,08:50,204,E08000035,E08000035,6,0,6,30.0,3,4,6,0,0,0,1,1,1,0,0,1,1,2,E01011472
14785,2018135951304,2018,135951304,2,1,1,1,20,4,3,0,0,0,0,0,9,3,7,2018,135951304,431950.0,428204.0,-1.516985,53.74925,13,3,4,2,05/09/2018,4,17:10,204,E08000035,E08000035,1,1,3,70.0,0,-1,-1,-1,0,0,1,1,1,0,0,2,1,1,E01011502
14786,2018135951304,2018,135951304,3,2,1,1,27,6,3,0,0,0,0,0,9,1,4,2018,135951304,431950.0,428204.0,-1.516985,53.74925,13,3,4,2,05/09/2018,4,17:10,204,E08000035,E08000035,1,1,3,70.0,0,-1,-1,-1,0,0,1,1,1,0,0,2,1,1,E01011502
14787,2018135951581,2018,135951581,1,1,1,1,31,6,3,0,0,0,0,0,9,1,3,2018,135951581,440551.0,431707.0,-1.386106,53.780137,13,3,1,1,05/09/2018,4,19:19,204,E08000035,E08000035,6,0,6,50.0,0,-1,-1,-1,0,0,1,1,1,0,0,2,1,2,E01011302
14788,2018135960358,2018,135960358,1,1,3,1,14,3,3,10,1,0,0,0,0,-1,-1,2018,135960358,425559.0,434144.0,-1.613406,53.802988,13,3,1,1,06/09/2018,5,08:30,204,E08000035,E08000035,6,0,6,30.0,0,-1,-1,-1,0,0,1,1,1,0,0,1,1,2,E01032499
14789,2018135960391,2018,135960391,1,1,3,1,7,2,3,9,9,0,0,0,0,1,1,2018,135960391,427365.0,430359.0,-1.586321,53.768878,13,3,1,1,06/09/2018,5,08:50,204,E08000035,E08000035,6,0,6,30.0,0,-1,-1,-1,0,0,1,1,1,0,0,1,2,2,E01011318
14790,2018135970290,2018,135970290,2,1,1,1,58,9,3,0,0,0,0,0,5,1,9,2018,135970290,422418.0,445882.0,-1.660246,53.908629,13,3,2,1,07/09/2018,6,07:31,204,E08000035,E08000035,6,0,6,30.0,1,4,6,0,0,0,1,1,1,0,0,2,1,2,E01011569
14791,2018135970615,2018,135970615,2,1,1,1,28,6,3,0,0,0,0,0,3,3,4,2018,135970615,425975.0,436959.0,-1.606854,53.828268,13,3,2,1,07/09/2018,6,10:45,204,E08000035,E08000035,6,0,6,30.0,0,-1,-1,-1,0,0,1,1,1,0,0,1,1,2,E01011484
14792,2018135971157,2018,135971157,1,1,1,2,38,7,3,0,0,0,0,0,9,1,9,2018,135971157,435491.0,437254.0,-1.462253,53.830359,13,3,3,1,07/09/2018,6,14:59,204,E08000035,E08000035,3,6120,6,40.0,0,-1,-1,-1,0,0,1,4,1,0,0,1,1,2,E01011657
14793,2018135971218,2018,135971218,2,1,1,1,24,5,3,0,0,0,0,0,1,1,9,2018,135971218,427870.0,436243.0,-1.57813,53.821735,13,3,2,1,07/09/2018,6,15:24,204,E08000035,E08000035,3,660,6,30.0,3,4,6,0,0,0,1,1,1,0,0,1,1,2,E01011451
14794,2018135971248,2018,135971248,2,1,1,1,44,7,3,0,0,0,0,0,9,1,10,2018,135971248,424027.0,438357.0,-1.636341,53.840925,13,3,2,1,07/09/2018,6,15:35,204,E08000035,E08000035,6,0,6,30.0,0,-1,-1,-1,0,0,1,1,1,0,0,1,1,2,E01011460
14795,2018135971435,2018,135971435,2,1,1,1,36,7,3,0,0,0,0,0,1,1,8,2018,135971435,420753.0,434401.0,-1.686362,53.80551,13,3,2,1,07/09/2018,6,17:00,204,E08000035,E08000035,3,647,3,30.0,0,-1,-1,-1,0,0,1,1,1,0,0,1,1,2,E01011595
14796,2018135981071,2018,135981071,1,1,2,2,29,6,2,0,0,1,0,0,9,2,2,2018,135981071,432576.0,429813.0,-1.507324,53.763672,13,2,2,1,08/09/2018,7,14:40,204,E08000035,E08000035,3,639,3,30.0,9,2,6,0,0,5,1,2,2,0,0,2,1,2,E01011470
14797,2018135981111,2018,135981111,1,1,1,2,57,9,3,0,0,0,0,0,9,1,5,2018,135981111,428809.0,432611.0,-1.564205,53.789041,13,3,2,1,08/09/2018,7,15:00,204,E08000035,E08000035,6,0,6,30.0,3,4,6,0,0,0,1,5,2,0,0,1,1,2,E01033013
14798,2018135981387,2018,135981387,1,1,2,2,21,5,3,0,0,1,0,0,8,1,1,2018,135981387,426686.0,435053.0,-1.596217,53.811101,13,3,1,1,05/09/2018,4,07:30,204,E08000035,E08000035,3,65,6,30.0,0,-1,-1,-1,0,0,1,1,1,0,0,1,2,2,E01011477
14799,2018135981573,2018,135981573,2,1,1,2,20,4,3,0,0,0,0,0,9,-1,-1,2018,135981573,428477.0,427504.0,-1.569713,53.743158,13,3,2,2,08/09/2018,7,12:20,204,E08000035,E08000035,3,653,3,70.0,0,-1,-1,-1,0,0,1,1,1,0,0,2,2,2,E01011540
14800,2018135981573,2018,135981573,2,2,2,2,20,4,3,0,0,1,0,0,9,1,4,2018,135981573,428477.0,427504.0,-1.569713,53.743158,13,3,2,2,08/09/2018,7,12:20,204,E08000035,E08000035,3,653,3,70.0,0,-1,-1,-1,0,0,1,1,1,0,0,2,2,2,E01011540
14801,2018135981680,2018,135981680,1,1,3,2,29,6,2,1,3,0,0,0,0,1,3,2018,135981680,429570.0,434796.0,-1.552446,53.808636,13,2,1,1,08/09/2018,7,20:08,204,E08000035,E08000035,3,660,3,30.0,3,2,6,0,0,5,1,1,1,0,0,1,1,2,E01033006
14802,2018135981774,2018,135981774,1,1,1,1,49,8,3,0,0,0,0,0,9,1,7,2018,135981774,425676.0,435401.0,-1.611525,53.81428,13,3,2,1,08/09/2018,7,20:59,204,E08000035,E08000035,6,0,6,40.0,0,-1,-1,-1,0,0,1,1,1,0,0,1,1,2,E01011324
14803,2018135990850,2018,135990850,2,1,1,1,27,6,3,0,0,0,0,0,5,3,3,2018,135990850,444733.0,436442.0,-1.321961,53.822351,13,3,2,1,09/09/2018,1,12:23,204,E08000035,E08000035,6,0,6,30.0,3,4,6,0,0,0,1,1,1,0,0,2,1,2,E01011297
14804,20181359A0556,2018,1359A0556,1,1,3,2,85,11,1,1,1,0,0,0,0,1,3,2018,1359A0556,420201.0,445700.0,-1.694004,53.907084,13,1,1,1,10/09/2018,2,10:55,204,E08000035,E08000035,4,6451,6,30.0,0,-1,-1,-1,0,1,1,1,1,0,0,1,1,2,E01011569