,accident_index,accident_year_x,accident_reference_x,vehicle_reference,casualty_reference,casualty_class,sex_of_casualty,age_of_casualty,age_band_of_casualty,casualty_severity,pedestrian_location,pedestrian_movement,car_passenger,bus_or_coach_passenger,pedestrian_road_maintenance_worker,casualty_type,casualty_home_area_type,casualty_imd_decile,accident_year_y,accident_reference_y,location_easting_osgr,location_northing_osgr,longitude,latitude,police_force,accident_severity,number_of_vehicles,number_of_casualties,date,day_of_week,time,local_authority_district,local_authority_ons_district,local_authority_highway,first_road_class,first_road_number,road_type,speed_limit,junction_detail,junction_control,second_road_class,second_road_number,pedestrian_crossing_human_control,pedestrian_crossing_physical_facilities,light_conditions,weather_conditions,road_surface_conditions,special_conditions_at_site,carriageway_hazards,urban_or_rural_area,did_police_officer_attend_scene_of_accident,trunk_road_flag,lsoa_of_accident_location
14892,20181359R0351,2018,1359R0351,1,1,3,2,29,6,3,4,4,0,0,0,0,1,1,2018,1359R0351,427888.0,432914.0,-1.578156,53.791814,13,3,1,1,27/09/2018,5,07:59,204,E08000035,E08000035,4,6154,6,30.0,3,4,6,0,0,4,1,1,1,0,0,1,1,2,E01011294
14893,20181359R0443,2018,1359R0443,1,1,1,1,36,7,2,0,0,0,0,0,9,1,4,2018,1359R0443,424183.0,435436.0,-1.634199,53.814665,13,2,2,1,27/09/2018,5,01:30,204,E08000035,E08000035,3,657,6,30.0,0,-1,-1,-1,0,0,4,1,1,0,0,1,2,2,E01011323
14894,20181359R0643,2018,1359R0643,1,1,3,1,15,3,3,5,1,0,0,0,0,1,4,2018,1359R0643,423001.0,432561.0,-1.652364,53.788879,13,3,1,1,26/09/2018,4,08:20,204,E08000035,E08000035,6,0,6,30.0,0,-1,-1,-1,0,0,1,1,1,0,0,1,2,2,E01011601
14895,20181359R1540,2018,1359R1540,1,1,3,1,14,3,3,6,9,0,0,0,0,1,1,2018,1359R1540,435034.0,434984.0,-1.469453,53.809988,13,3,1,1,27/09/2018,5,17:00,204,E08000035,E08000035,6,0,6,30.0,0,-1,-1,-1,0,0,1,1,1,0,0,1,2,2,E01011667
14896,20181359R1892,2018,1359R1892,1,1,3,2,31,6,3,6,9,0,0,0,0,1,6,2018,1359R1892,429818.0,433406.0,-1.548814,53.796129,13,3,1,1,27/09/2018,5,13:45,204,E08000035,E08000035,6,0,6,30.0,0,-1,-1,-1,0,0,1,1,1,0,0,1,2,2,E01033016
14897,20181359S1424,2018,1359S1424,1,1,1,1,37,7,3,0,0,0,0,0,8,1,1,2018,1359S1424,428089.0,426542.0,-1.575682,53.734533,13,3,2,5,28/09/2018,6,18:00,204,E08000035,E08000035,3,653,1,40.0,1,4,6,0,0,0,1,1,1,0,0,2,1,2,E01011538
14898,20181359S1424,2018,1359S1424,1,2,2,2,25,5,3,0,0,1,0,0,8,1,1,2018,1359S1424,428089.0,426542.0,-1.575682,53.734533,13,3,2,5,28/09/2018,6,18:00,204,E08000035,E08000035,3,653,1,40.0,1,4,6,0,0,0,1,1,1,0,0,2,1,2,E01011538
14899,20181359S1424,2018,1359S1424,1,3,2,2,27,6,3,0,0,2,0,0,8,2,3,2018,1359S1424,428089.0,426542.0,-1.575682,53.734533,13,3,2,5,28/09/2018,6,18:00,204,E08000035,E08000035,3,653,1,40.0,1,4,6,0,0,0,1,1,1,0,0,2,1,2,E01011538
14900,20181359S1424,2018,1359S1424,2,4,1,2,44,7,3,0,0,0,0,0,9,1,3,2018,1359S1424,428089.0,426542.0,-1.575682,53.734533,13,3,2,5,28/09/2018,6,18:00,204,E08000035,E08000035,3,653,1,40.0,1,4,6,0,0,0,1,1,1,0,0,2,1,2,E01011538
14901,20181359S1424,2018,1359S1424,2,5,2,2,15,3,3,0,0,1,0,0,9,1,3,2018,1359S1424,428089.0,426542.0,-1.575682,53.734533,13,3,2,5,28/09/2018,6,18:00,204,E08000035,E08000035,3,653,1,40.0,1,4,6,0,0,0,1,1,1,0,0,2,1,2,E01011538
14902,20181359S1821,2018,1359S1821,2,1,2,2,39,7,3,0,0,1,0,0,9,1,4,2018,1359S1821,420846.0,434432.0,-1.684948,53.805785,13,3,2,1,28/09/2018,6,21:00,204,E08000035,E08000035,3,647,3,40.0,0,-1,-1,-1,0,4,4,1,1,0,0,1,2,2,E01011595
14903,20181359T0399,2018,1359T0399,1,1,2,2,8,2,3,0,0,2,0,0,9,1,6,2018,1359T0399,434713.0,428186.0,-1.47509,53.748912,13,3,2,2,11/12/2018,3,08:51,204,E08000035,E08000035,3,654,6,30.0,9,2,6,0,0,0,1,1,1,0,0,1,1,2,E01011636
14904,20181359T0399,2018,1359T0399,1,2,2,2,4,1,3,0,0,2,0,0,9,1,6,2018,1359T0399,434713.0,428186.0,-1.47509,53.748912,13,3,2,2,11/12/2018,3,08:51,204,E08000035,E08000035,3,654,6,30.0,9,2,6,0,0,0,1,1,1,0,0,1,1,2,E01011636
14905,20181359T0610,2018,1359T0610,1,1,1,2,51,8,3,0,0,0,0,0,19,1,4,2018,1359T0610,430792.0,428398.0,-1.534525,53.751063,13,3,2,1,29/09/2018,7,09:30,204,E08000035,E08000035,6,0,6,30.0,0,-1,-1,-1,0,0,1,1,1,0,0,1,1,2,E01032497
14906,20181359T0631,2018,1359T0631,1,1,1,2,29,6,3,0,0,0,0,0,9,1,8,2018,1359T0631,428072.0,433545.0,-1.575306,53.797475,13,3,1,2,29/09/2018,7,09:43,204,E08000035,E08000035,6,0,6,30.0,3,4,6,0,0,0,1,1,1,0,0,1,1,2,E01011294
14907,20181359T0631,2018,1359T0631,1,2,3,1,69,10,3,10,9,0,0,0,0,1,2,2018,1359T0631,428072.0,433545.0,-1.575306,53.797475,13,3,1,2,29/09/2018,7,09:43,204,E08000035,E08000035,6,0,6,30.0,3,4,6,0,0,0,1,1,1,0,0,1,1,2,E01011294
14908,20181359U0868,2018,1359U0868,1,1,1,1,47,8,3,0,0,0,0,0,9,1,7,2018,1359U0868,423051.0,437658.0,-1.651226,53.834687,13,3,2,1,30/09/2018,1,13:00,204,E08000035,E08000035,3,6120,1,30.0,1,2,3,65,0,5,1,1,1,0,0,1,1,2,E01011452
14909,20181359U1690,2018,1359U1690,2,1,2,2,7,2,3,0,0,2,0,0,9,1,6,2018,1359U1690,438495.0,430408.0,-1.417466,53.768618,13,3,2,1,30/09/2018,1,19:45,204,E08000035,E08000035,6,0,6,30.0,3,4,3,642,0,0,4,1,1,0,0,2,2,2,E01011390
14910,20181359U1761,2018,1359U1761,1,1,2,2,41,7,3,0,0,1,0,0,9,1,1,2018,1359U1761,431268.0,433827.0,-1.526759,53.799828,13,3,2,1,30/09/2018,1,20:25,204,E08000035,E08000035,6,0,6,30.0,3,4,6,0,0,0,4,1,1,0,0,1,1,2,E01033031
14911,2018135A10569,2018,135A10569,1,1,3,1,16,4,2,1,1,0,0,0,0,1,1,2018,135A10569,431970.0,435823.0,-1.515895,53.817725,13,2,1,1,01/10/2018,2,11:00,204,E08000035,E08000035,3,58,6,30.0,9,2,6,0,0,5,1,1,1,0,0,1,1,2,E01011422
14912,2018135A11255,2018,135A11255,2,1,1,1,31,6,3,0,0,0,0,0,3,1,3,2018,135A11255,431199.0,431472.0,-1.528044,53.778667,13,3,2,1,01/10/2018,2,15:45,204,E08000035,E08000035,6,0,6,30.0,3,4,6,0,0,0,1,1,1,0,0,1,2,2,E01011467
14913,2018135A11545,2018,135A11545,1,1,1,1,45,7,3,0,0,0,0,0,9,1,1,2018,135A11545,431511.0,435122.0,-1.522938,53.811453,13,3,2,1,01/10/2018,2,18:45,204,E08000035,E08000035,6,0,6,30.0,3,4,6,0,0,0,1,1,1,0,0,1,1,2,E01011673
14914,2018135A11724,2018,135A11724,1,1,1,1,32,6,3,0,0,0,0,0,4,1,4,2018,135A11724,430875.0,434253.0,-1.532683,53.80368,13,3,2,1,01/10/2018,2,20:11,204,E08000035,E08000035,3,61,3,30.0,6,2,6,0,0,0,4,2,2,0,0,1,1,2,E01033003
14915,2018135A20328,2018,135A20328,2,1,2,2,5,1,3,0,0,2,0,0,9,1,9,2018,135A20328,432330.0,440173.0,-1.509972,53.856799,13,3,2,1,02/10/2018,3,08:40,204,E08000035,E08000035,6,0,6,30.0,3,4,6,0,0,0,1,1,1,0,0,1,2,2,E01011566
14916,2018135A20351,2018,135A20351,2,1,1,1,21,5,3,0,0,0,0,0,1,1,5,2018,135A20351,429137.0,435243.0,-1.558979,53.812678,13,2,3,2,02/10/2018,3,08:55,204,E08000035,E08000035,3,660,3,30.0,3,4,6,0,0,0,1,1,1,0,0,1,1,2,E01033005
14917,2018135A20351,2018,135A20351,3,2,1,1,19,4,2,0,0,0,0,0,1,1,6,2018,135A20351,429137.0,435243.0,-1.558979,53.812678,13,2,3,2,02/10/2018,3,08:55,204,E08000035,E08000035,3,660,3,30.0,3,4,6,0,0,0,1,1,1,0,0,1,1,2,E01033005
14918,2018135A20523,2018,135A20523,2,1,1,1,56,9,3,0,0,0,0,0,1,1,1,2018,135A20523,425633.0,432686.0,-1.612404,53.78988,13,3,2,1,02/10/2018,3,10:50,204,E08000035,E08000035,3,6110,3,40.0,3,4,6,0,0,0,1,1,1,0,0,1,1,2,E01011730
14919,2018135A20633,2018,135A20633,2,1,1,2,27,6,3,0,0,0,0,0,9,1,6,2018,135A20633,432368.0,426056.0,-1.51087,53.729919,13,3,2,1,02/10/2018,3,11:50,204,E08000035,E08000035,1,62,1,70.0,1,2,1,1,0,0,1,1,1,0,0,2,1,1,E01011499
14920,2018135A21133,2018,135A21133,1,1,1,1,42,7,2,0,0,0,0,0,1,1,8,2018,135A21133,428529.0,430752.0,-1.568626,53.772348,13,2,2,1,01/10/2018,2,16:30,204,E08000035,E08000035,6,0,6,30.0,3,4,6,0,0,0,1,1,1,0,0,1,2,2,E01011369
14921,2018135A21559,2018,135A21559,1,1,2,2,7,2,3,0,0,2,0,0,9,1,3,2018,135A21559,426066.0,427716.0,-1.60625,53.745189,13,3,2,1,02/10/2018,3,19:44,204,E08000035,E08000035,6,0,6,30.0,1,4,6,0,0,0,4,1,1,0,0,1,1,2,E01011541
14922,2018135A30363,2018,135A30363,1,1,1,2,59,9,2,0,0,0,0,0,1,1,10,2018,135A30363,430906.0,436556.0,-1.531983,53.824377,13,2,2,1,03/10/2018,4,08:40,204,E08000035,E08000035,6,0,6,30.0,3,2,6,0,0,4,1,1,1,0,0,1,1,2,E01011356
14923,2018135A30576,2018,135A30576,1,1,2,2,60,9,3,0,0,1,0,0,9,1,7,2018,135A30576,421992.0,436559.0,-1.667396,53.824855,13,3,2,1,03/10/2018,4,11:00,204,E08000035,E08000035,3,6120,1,40.0,1,2,3,657,0,0,1,1,1,0,0,2,1,2,E01011589
14924,2018135A31273,2018,135A31273,1,1,3,1,12,3,2,5,4,0,0,0,0,1,1,2018,135A31273,432583.0,433910.0,-1.506786,53.800494,13,2,1,1,03/10/2018,4,17:06,204,E08000035,E08000035,6,0,6,30.0,0,-1,-1,-1,0,0,1,1,1,0,0,1,1,2,E01011348
14925,2018135A31385,2018,135A31385,2,1,1,2,44,7,3,0,0,0,0,0,9,1,7,2018,135A31385,428045.0,432830.0,-1.575781,53.79105,13,3,2,2,03/10/2018,4,17:45,204,E08000035,E08000035,6,0,6,30.0,3,4,6,0,0,0,1,1,1,0,0,1,1,2,E01011362
14926,2018135A31385,2018,135A31385,2,2,2,1,10,2,3,0,0,1,0,0,9,1,7,2018,135A31385,428045.0,432830.0,-1.575781,53.79105,13,3,2,2,03/10/2018,4,17:45,204,E08000035,E08000035,6,0,6,30.0,3,4,6,0,0,0,1,1,1,0,0,1,1,2,E01011362
14927,2018135A31571,2018,135A31571,2,1,1,2,38,7,3,0,0,0,0,0,9,1,3,2018,135A31571,425798.0,440023.0,-1.609288,53.855814,13,3,2,1,27/09/2018,5,15:00,204,E08000035,E08000035,6,0,6,30.0,8,4,6,0,0,0,1,1,1,0,0,1,2,2,E01011379
14928,2018135A51285,2018,135A51285,1,1,3,1,3,1,2,10,9,0,0,0,0,1,2,2018,135A51285,423689.0,433833.0,-1.641825,53.80028,13,2,1,1,05/10/2018,6,15:40,204,E08000035,E08000035,6,0,6,30.0,0,-1,-1,-1,0,0,1,1,1,0,0,1,1,2,E01011611
14929,2018135A60746,2018,135A60746,1,1,1,2,44,7,3,0,0,0,0,0,9,-1,-1,2018,135A60746,418200.0,441336.0,-1.724718,53.867935,13,3,3,3,06/10/2018,7,12:09,204,E08000035,E08000035,6,0,6,30.0,0,-1,-1,-1,0,0,1,1,1,0,0,1,1,2,E01011270
14930,2018135A60746,2018,135A60746,1,2,2,2,10,2,3,0,0,1,0,0,9,-1,-1,2018,135A60746,418200.0,441336.0,-1.724718,53.867935,13,3,3,3,06/10/2018,7,12:09,204,E08000035,E08000035,6,0,6,30.0,0,-1,-1,-1,0,0,1,1,1,0,0,1,1,2,E01011270
14931,2018135A60746,2018,135A60746,1,3,2,2,8,2,3,0,0,2,0,0,9,-1,-1,2018,135A60746,418200.0,441336.0,-1.724718,53.867935,13,3,3,3,06/10/2018,7,12:09,204,E08000035,E08000035,6,0,6,30.0,0,-1,-1,-1,0,0,1,1,1,0,0,1,1,2,E01011270
14932,2018135A61119,2018,135A61119,1,1,1,2,41,7,3,0,0,0,0,0,9,1,5,2018,135A61119,430664.0,434302.0,-1.535882,53.804133,13,3,3,2,06/10/2018,7,15:28,204,E08000035,E08000035,3,61,6,30.0,3,2,3,61,0,4,1,1,1,1,0,1,1,2,E01033003
14933,2018135A61119,2018,135A61119,1,2,2,1,7,2,3,0,0,1,0,0,9,1,5,2018,135A61119,430664.0,434302.0,-1.535882,53.804133,13,3,3,2,06/10/2018,7,15:28,204,E08000035,E08000035,3,61,6,30.0,3,2,3,61,0,4,1,1,1,1,0,1,1,2,E01033003
14934,2018135A61577,2018,135A61577,1,1,3,1,10,2,2,5,2,0,0,0,0,1,1,2018,135A61577,431147.0,434329.0,-1.528546,53.804347,13,2,1,1,06/10/2018,7,19:38,204,E08000035,E08000035,6,0,6,30.0,0,-1,-1,-1,0,0,4,1,1,0,0,1,1,2,E01033031
14935,2018135A62042,2018,135A62042,2,1,2,1,21,5,3,0,0,2,0,0,8,1,9,2018,135A62042,429922.0,434335.0,-1.547145,53.804473,13,3,2,1,06/10/2018,7,23:47,204,E08000035,E08000035,3,660,6,30.0,0,-1,-1,-1,0,5,4,1,1,0,0,1,1,2,E01033010
14936,2018135A70194,2018,135A70194,1,1,3,1,37,7,3,5,1,0,0,0,0,-1,-1,2018,135A70194,429787.0,430628.0,-1.549552,53.771163,13,3,1,1,27/10/2018,7,01:46,204,E08000035,E08000035,6,0,3,40.0,3,4,6,0,0,0,4,1,1,0,0,1,1,2,E01011316
14937,2018135A70354,2018,135A70354,1,1,3,1,22,5,2,8,9,0,0,0,0,1,5,2018,135A70354,428097.0,434515.0,-1.574839,53.806192,13,2,1,1,07/10/2018,1,04:30,204,E08000035,E08000035,6,0,6,30.0,6,4,6,0,0,5,4,1,1,0,0,1,1,2,E01011481
14938,2018135A70985,2018,135A70985,2,1,1,2,41,7,3,0,0,0,0,0,20,1,8,2018,135A70985,420130.0,435201.0,-1.69577,53.812724,13,3,2,1,07/10/2018,1,13:35,204,E08000035,E08000035,6,0,6,40.0,0,-1,-1,-1,0,0,1,1,1,0,0,2,1,2,E01011590
14939,2018135A81259,2018,135A81259,1,1,3,1,34,6,3,5,4,0,0,0,0,1,6,2018,135A81259,435676.0,434796.0,-1.459726,53.808255,13,3,2,1,08/10/2018,2,16:42,204,E08000035,E08000035,6,0,6,40.0,3,4,6,0,0,0,1,1,1,0,0,1,1,2,E01011345
14940,2018135A81545,2018,135A81545,1,1,1,1,65,9,3,0,0,0,0,0,9,1,2,2018,135A81545,426576.0,433899.0,-1.597986,53.800735,13,3,2,2,08/10/2018,2,18:45,204,E08000035,E08000035,3,647,3,40.0,9,4,6,0,0,0,4,1,1,0,0,1,1,2,E01032608
14941,2018135A81545,2018,135A81545,1,2,2,2,63,9,3,0,0,1,0,0,9,1,2,2018,135A81545,426576.0,433899.0,-1.597986,53.800735,13,3,2,2,08/10/2018,2,18:45,204,E08000035,E08000035,3,647,3,40.0,9,4,6,0,0,0,4,1,1,0,0,1,1,2,E01032608
14942,2018135A82117,2018,135A82117,1,1,2,1,7,2,3,0,0,2,0,0,8,1,2,2018,135A82117,426097.0,437015.0,-1.604996,53.828765,13,3,1,1,08/10/2018,2,18:00,204,E08000035,E08000035,6,0,6,30.0,0,-1,-1,-1,0,0,7,1,1,0,0,1,2,2,E01011485
14943,2018135A90960,2018,135A90960,2,1,1,1,56,9,3,0,0,0,0,0,1,1,9,2018,135A90960,431586.0,439580.0,-1.521344,53.851515,13,3,2,1,13/10/2018,7,13:45,204,E08000035,E08000035,6,0,6,30.0,3,4,6,0,0,0,1,1,1,0,0,1,1,2,E01011568
14944,2018135A91113,2018,135A91113,2,1,1,1,12,3,3,0,0,0,0,0,1,1,1,2018,135A91113,431769.0,434243.0,-1.51911,53.803537,13,3,2,1,09/10/2018,3,15:01,204,E08000035,E08000035,6,0,2,30.0,0,-1,-1,-1,0,0,1,1,1,0,0,1,1,2,E01011349
14945,2018135A91255,2018,135A91255,1,1,3,1,50,8,3,9,5,0,0,0,0,-1,-1,2018,135A91255,433051.0,427801.0,-1.500333,53.745559,13,3,1,1,09/10/2018,3,11:00,204,E08000035,E08000035,6,0,6,30.0,0,-1,-1,-1,0,0,1,1,1,0,0,1,2,2,E01011634
14946,2018135A91468,2018,135A91468,2,1,1,1,34,6,2,0,0,0,0,0,1,1,4,2018,135A91468,423414.0,428088.0,-1.646433,53.748658,13,2,2,1,10/10/2018,4,17:30,204,E08000035,E08000035,3,650,6,50.0,0,-1,-1,-1,0,0,1,1,1,0,0,1,1,2,E01011529
14947,2018135AA0617,2018,135AA0617,1,1,2,2,45,7,3,0,0,2,0,0,8,1,7,2018,135AA0617,434001.0,433885.0,-1.48526,53.800179,13,3,1,1,09/10/2018,3,15:10,204,E08000035,E08000035,6,0,6,30.0,0,-1,-1,-1,0,0,1,1,1,0,0,1,2,2,E01011617
14948,2018135AA0955,2018,135AA0955,1,1,1,2,45,7,3,0,0,0,0,0,9,3,9,2018,135AA0955,442620.0,428001.0,-1.35522,53.746665,13,3,2,1,10/10/2018,4,14:00,204,E08000035,E08000035,6,0,6,50.0,6,2,6,0,0,0,1,1,1,0,0,1,1,2,E01011307
14949,2018135AA1280,2018,135AA1280,1,1,1,2,36,7,3,0,0,0,0,0,9,1,1,2018,135AA1280,432886.0,435728.0,-1.501993,53.816814,13,3,2,1,10/10/2018,4,16:23,204,E08000035,E08000035,6,0,6,30.0,0,-1,-1,-1,0,0,1,1,1,0,0,1,1,2,E01011424
14950,2018135AA1326,2018,135AA1326,2,1,1,1,14,3,3,0,0,0,0,0,1,1,3,2018,135AA1326,432322.0,433117.0,-1.510831,53.793383,13,3,2,1,10/10/2018,4,16:34,204,E08000035,E08000035,6,0,6,30.0,0,-1,-1,-1,0,0,1,1,1,0,0,1,2,2,E01011625
14951,2018135AA1331,2018,135AA1331,2,1,1,1,56,9,3,0,0,0,0,0,1,1,9,2018,135AA1331,427915.0,441535.0,-1.576969,53.869295,13,3,2,1,10/10/2018,4,16:48,204,E08000035,E08000035,6,0,6,60.0,6,4,6,0,0,0,1,1,1,0,0,2,1,2,E01011554
14952,2018135AA1702,2018,135AA1702,2,1,2,2,8,2,3,0,0,2,4,0,11,1,1,2018,135AA1702,429062.0,432243.0,-1.5604,53.785719,13,3,2,1,10/10/2018,4,15:54,204,E08000035,E08000035,6,0,6,30.0,0,-1,-1,-1,0,0,1,1,1,0,0,1,2,2,E01033013
14953,2018135AA1775,2018,135AA1775,1,1,1,1,38,7,3,0,0,0,0,0,9,1,1,2018,135AA1775,432358.0,433693.0,-1.510225,53.798557,13,3,2,1,10/10/2018,4,20:33,204,E08000035,E08000035,3,64,3,40.0,0,-1,-1,-1,0,0,1,1,1,0,0,1,1,2,E01011348
14954,2018135AB0728,2018,135AB0728,2,1,1,2,29,6,3,0,0,0,0,0,9,1,5,2018,135AB0728,427825.0,431259.0,-1.579262,53.776942,13,3,2,1,11/10/2018,5,12:11,204,E08000035,E08000035,1,621,3,50.0,5,4,3,6110,0,0,1,1,1,0,0,1,1,1,E01011369
14955,2018135AB1553,2018,135AB1553,2,1,2,1,68,10,3,0,0,0,3,0,11,1,2,2018,135AB1553,431738.0,434584.0,-1.519546,53.806603,13,3,2,2,11/10/2018,5,17:26,204,E08000035,E08000035,6,0,6,30.0,0,-1,-1,-1,0,0,1,1,1,0,0,1,2,2,E01011677
14956,2018135AB1553,2018,135AB1553,2,2,2,2,50,8,3,0,0,0,3,0,11,1,1,2018,135AB1553,431738.0,434584.0,-1.519546,53.806603,13,3,2,2,11/10/2018,5,17:26,204,E08000035,E08000035,6,0,6,30.0,0,-1,-1,-1,0,0,1,1,1,0,0,1,2,2,E01011677
14957,2018135AB1640,2018,135AB1640,2,1,1,1,61,9,3,0,0,0,0,0,1,1,3,2018,135AB1640,422049.0,434381.0,-1.666685,53.805277,13,3,2,1,11/10/2018,5,19:32,204,E08000035,E08000035,4,6157,6,30.0,0,-1,-1,-1,0,0,1,1,1,0,0,1,2,2,E01011587
14958,2018135AC0971,2018,135AC0971,1,1,1,2,55,8,3,0,0,0,0,0,9,1,5,2018,135AC0971,436190.0,434397.0,-1.451968,53.804634,13,3,2,1,12/10/2018,6,14:20,204,E08000035,E08000035,6,0,3,30.0,0,-1,-1,-1,0,4,1,4,2,0,0,1,2,2,E01011408
14959,2018135AC1941,2018,135AC1941,1,1,3,1,33,6,1,4,3,0,0,0,0,1,5,2018,135AC1941,430698.0,433015.0,-1.535494,53.792564,13,1,1,1,12/10/2018,6,21:41,204,E08000035,E08000035,6,0,3,40.0,3,4,6,0,0,4,4,1,1,0,0,1,1,2,E01033019
14960,2018135AD0025,2018,135AD0025,1,1,3,1,20,4,3,5,3,0,0,0,0,1,8,2018,135AD0025,427518.0,435873.0,-1.583509,53.818428,13,3,1,1,13/10/2018,7,00:10,204,E08000035,E08000035,6,0,2,30.0,3,4,6,0,0,0,4,2,2,0,0,1,1,2,E01032945
14961,2018135AD0086,2018,135AD0086,1,1,3,1,22,5,3,5,2,0,0,0,0,1,10,2018,135AD0086,432447.0,438783.0,-1.50834,53.844299,13,3,1,1,13/10/2018,7,00:30,204,E08000035,E08000035,6,0,6,30.0,0,-1,-1,-1,0,0,4,5,2,0,0,1,1,2,E01011653
14962,2018135AE0112,2018,135AE0112,1,1,2,1,32,6,3,0,0,1,0,0,9,-1,-1,2018,135AE0112,427241.0,433281.0,-1.587945,53.795146,13,3,2,2,14/10/2018,1,00:48,204,E08000035,E08000035,6,0,6,30.0,3,4,6,0,0,0,4,1,1,0,0,1,1,2,E01011292
14963,2018135AE0112,2018,135AE0112,2,2,1,1,47,8,3,0,0,0,0,0,9,1,2,2018,135AE0112,427241.0,433281.0,-1.587945,53.795146,13,3,2,2,14/10/2018,1,00:48,204,E08000035,E08000035,6,0,6,30.0,3,4,6,0,0,0,4,1,1,0,0,1,1,2,E01011292
14964,2018135AE0647,2018,135AE0647,1,1,1,2,42,7,3,0,0,0,0,0,9,1,9,2018,135AE0647,427798.0,431233.0,-1.579674,53.77671,13,3,3,2,14/10/2018,1,10:20,204,E08000035,E08000035,1,621,3,50.0,5,4,1,621,0,0,1,2,2,0,0,1,1,1,E01011369
14965,2018135AE0647,2018,135AE0647,2,2,2,2,56,9,3,0,0,1,0,0,19,1,8,2018,135AE0647,427798.0,431233.0,-1.579674,53.77671,13,3,3,2,14/10/2018,1,10:20,204,E08000035,E08000035,1,621,3,50.0,5,4,1,621,0,0,1,2,2,0,0,1,1,1,E01011369
14966,2018135AE0908,2018,135AE0908,1,1,1,1,34,6,3,0,0,0,0,0,9,1,5,2018,135AE0908,430855.0,424427.0,-1.533964,53.715369,13,3,2,1,14/10/2018,1,11:00,204,E08000035,E08000035,1,1,7,40.0,5,4,3,650,0,0,1,1,1,0,0,1,2,1,E01011537
14967,2018135AE0924,2018,135AE0924,2,1,1,2,24,5,3,0,0,0,0,0,9,1,7,2018,135AE0924,424238.0,428281.0,-1.633923,53.750355,13,3,2,2,13/10/2018,7,15:00,204,E08000035,E08000035,3,62,6,30.0,1,2,3,650,0,0,1,1,2,0,0,1,2,2,E01011523
14968,2018135AE0924,2018,135AE0924,2,2,2,1,24,5,3,0,0,1,0,0,9,-1,-1,2018,135AE0924,424238.0,428281.0,-1.633923,53.750355,13,3,2,2,13/10/2018,7,15:00,204,E08000035,E08000035,3,62,6,30.0,1,2,3,650,0,0,1,1,2,0,0,1,2,2,E01011523
14969,2018135AE0941,2018,135AE0941,1,1,1,1,37,7,2,0,0,0,0,0,9,1,1,2018,135AE0941,425622.0,432956.0,-1.612548,53.792307,13,2,1,1,14/10/2018,1,13:00,204,E08000035,E08000035,6,0,6,30.0,3,4,6,0,0,0,1,2,2,0,0,1,1,2,E01011730
14970,2018135AF0162,2018,135AF0162,1,1,1,1,25,5,3,0,0,0,0,0,19,1,5,2018,135AF0162,415641.0,441634.0,-1.763617,53.870696,13,2,1,2,15/10/2018,2,04:06,204,E08000035,E08000035,6,0,6,60.0,0,-1,-1,-1,0,0,6,2,2,0,0,2,1,2,E01011270
14971,2018135AF0162,2018,135AF0162,1,2,2,2,20,4,2,0,0,1,0,0,19,1,3,2018,135AF0162,415641.0,441634.0,-1.763617,53.870696,13,2,1,2,15/10/2018,2,04:06,204,E08000035,E08000035,6,0,6,60.0,0,-1,-1,-1,0,0,6,2,2,0,0,2,1,2,E01011270
14972,2018135AF0277,2018,135AF0277,2,1,3,2,15,3,2,1,1,0,0,0,0,1,3,2018,135AF0277,428788.0,429716.0,-1.564793,53.763022,13,2,2,2,15/10/2018,2,07:47,204,E08000035,E08000035,3,653,6,40.0,0,-1,-1,-1,0,8,1,2,2,0,0,1,1,2,E01011322
14973,2018135AF0277,2018,135AF0277,2,2,1,2,27,6,3,0,0,0,0,0,9,1,5,2018,135AF0277,428788.0,429716.0,-1.564793,53.763022,13,2,2,2,15/10/2018,2,07:47,204,E08000035,E08000035,3,653,6,40.0,0,-1,-1,-1,0,8,1,2,2,0,0,1,1,2,E01011322
14974,2018135AF0405,2018,135AF0405,2,1,1,2,36,7,3,0,0,0,0,0,9,1,7,2018,135AF0405,427745.0,431177.0,-1.580483,53.77621,13,3,3,1,15/10/2018,2,09:25,204,E08000035,E08000035,1,621,3,70.0,0,-1,-1,-1,0,0,1,1,1,0,0,1,1,1,E01011369
14975,2018135AF0759,2018,135AF0759,2,1,1,1,47,8,3,0,0,0,0,0,9,1,1,2018,135AF0759,421795.0,433954.0,-1.670571,53.80145,13,3,2,1,15/10/2018,2,12:42,204,E08000035,E08000035,3,647,3,30.0,0,-1,-1,-1,0,0,1,1,1,0,0,1,1,2,E01011585
14976,2018135AF0879,2018,135AF0879,1,1,3,1,90,11,2,5,1,0,0,0,0,-1,-1,2018,135AF0879,425231.0,432304.0,-1.618537,53.786466,13,2,1,1,15/10/2018,2,13:33,204,E08000035,E08000035,6,0,1,20.0,1,4,6,0,0,0,1,1,2,0,0,1,1,2,E01011738
14977,2018135AF1145,2018,135AF1145,1,1,2,1,70,10,3,0,0,1,0,0,9,2,9,2018,135AF1145,424873.0,443594.0,-1.623063,53.887954,13,3,2,1,15/10/2018,2,15:20,204,E08000035,E08000035,6,0,6,30.0,0,-1,-1,-1,0,0,1,1,1,0,0,2,2,2,E01011576
14978,2018135AF1211,2018,135AF1211,1,1,1,2,47,8,3,0,0,0,0,0,1,1,7,2018,135AF1211,427568.0,436873.0,-1.582661,53.827413,13,3,2,1,15/10/2018,2,06:40,204,E08000035,E08000035,6,0,6,30.0,0,-1,-1,-1,0,0,1,1,1,0,0,1,2,2,E01011694