,accident_index,accident_year_x,accident_reference_x,vehicle_reference,casualty_reference,casualty_class,sex_of_casualty,age_of_casualty,age_band_of_casualty,casualty_severity,pedestrian_location,pedestrian_movement,car_passenger,bus_or_coach_passenger,pedestrian_road_maintenance_worker,casualty_type,casualty_home_area_type,casualty_imd_decile,accident_year_y,accident_reference_y,location_easting_osgr,location_northing_osgr,longitude,latitude,police_force,accident_severity,number_of_vehicles,number_of_casualties,date,day_of_week,time,local_authority_district,local_authority_ons_district,local_authority_highway,first_road_class,first_road_number,road_type,speed_limit,junction_detail,junction_control,second_road_class,second_road_number,pedestrian_crossing_human_control,pedestrian_crossing_physical_facilities,light_conditions,weather_conditions,road_surface_conditions,special_conditions_at_site,carriageway_hazards,urban_or_rural_area,did_police_officer_attend_scene_of_accident,trunk_road_flag,lsoa_of_accident_location
14979,2018135AF1232,2018,135AF1232,1,1,2,2,55,8,3,0,0,2,0,0,9,-1,-1,2018,135AF1232,428799.0,432656.0,-1.564353,53.789446,13,3,2,1,15/10/2018,2,16:12,204,E08000035,E08000035,3,58,7,30.0,3,2,6,0,0,0,1,1,1,0,0,1,2,2,E01033013
14980,2018135AF1337,2018,135AF1337,1,1,1,1,18,4,3,0,0,0,0,0,9,2,9,2018,135AF1337,443528.0,442842.0,-1.339361,53.879972,13,3,1,1,15/10/2018,2,17:00,204,E08000035,E08000035,6,0,6,40.0,0,-1,-1,-1,0,0,6,1,1,0,0,2,2,2,E01011712
14981,2018135AF1376,2018,135AF1376,1,1,3,1,35,6,1,5,1,0,0,0,0,1,2,2018,135AF1376,432868.0,435934.0,-1.502244,53.818667,13,1,1,1,15/10/2018,2,18:12,204,E08000035,E08000035,6,0,6,30.0,0,-1,-1,-1,0,0,1,1,1,0,0,1,1,2,E01011424
14982,2018135AG0765,2018,135AG0765,1,1,3,1,44,7,2,5,1,0,0,0,0,1,1,2018,135AG0765,436349.0,434228.0,-1.449574,53.803104,13,2,2,1,16/10/2018,3,12:40,204,E08000035,E08000035,6,0,6,20.0,0,-1,-1,-1,0,0,1,1,1,0,0,1,1,2,E01011408
14983,2018135AG1238,2018,135AG1238,1,1,1,2,50,8,3,0,0,0,0,0,9,1,4,2018,135AG1238,442204.0,443235.0,-1.359446,53.883613,13,3,2,1,16/10/2018,3,17:00,204,E08000035,E08000035,2,1,3,70.0,0,-1,-1,-1,0,0,1,1,1,0,0,2,1,1,E01011712
14984,2018135AG1352,2018,135AG1352,2,1,1,1,22,5,3,0,0,0,0,0,1,1,1,2018,135AG1352,431001.0,430600.0,-1.531136,53.770841,13,3,2,1,16/10/2018,3,17:20,204,E08000035,E08000035,6,0,3,30.0,3,4,1,621,0,0,1,1,1,0,0,1,1,2,E01011471
14985,2018135AH0421,2018,135AH0421,1,1,2,2,50,8,3,0,0,0,3,0,11,1,1,2018,135AH0421,426294.0,436972.0,-1.602007,53.828369,13,3,1,1,17/10/2018,4,08:35,204,E08000035,E08000035,6,0,6,30.0,0,-1,-1,-1,0,0,1,1,1,0,0,1,2,2,E01011485
14986,2018135AH0978,2018,135AH0978,1,1,1,1,40,7,3,0,0,0,0,0,1,1,1,2018,135AH0978,432526.0,433756.0,-1.507667,53.799113,13,3,2,1,17/10/2018,4,14:05,204,E08000035,E08000035,3,64,7,40.0,3,4,6,0,0,0,1,1,1,0,0,1,1,2,E01011615
14987,2018135AI0028,2018,135AI0028,1,1,3,1,54,8,3,10,9,0,0,0,0,1,5,2018,135AI0028,429342.0,433478.0,-1.556033,53.796803,13,3,1,1,18/10/2018,5,00:15,204,E08000035,E08000035,6,0,6,30.0,0,-1,-1,-1,0,0,4,1,1,0,0,1,1,2,E01033015
14988,2018135AI0822,2018,135AI0822,2,1,1,1,30,6,3,0,0,0,0,0,9,-1,-1,2018,135AI0822,431373.0,434229.0,-1.525124,53.803435,13,3,3,1,18/10/2018,5,13:42,204,E08000035,E08000035,6,0,6,30.0,3,4,6,0,0,0,1,1,1,0,0,1,1,2,E01033035
14989,2018135AI0980,2018,135AI0980,2,1,2,1,46,8,3,0,0,1,0,0,9,1,2,2018,135AI0980,429962.0,430873.0,-1.546873,53.773355,13,3,2,1,29/09/2018,7,01:27,204,E08000035,E08000035,6,0,6,30.0,3,2,3,653,0,1,4,1,1,0,0,1,2,2,E01011312
14990,2018135AI1224,2018,135AI1224,2,1,2,2,74,10,3,0,0,1,0,0,9,-1,-1,2018,135AI1224,428567.0,431620.0,-1.567969,53.780147,13,3,2,2,20/10/2018,7,16:55,204,E08000035,E08000035,1,621,3,50.0,0,-1,-1,-1,0,0,1,1,1,0,0,1,1,1,E01011366
14991,2018135AI1224,2018,135AI1224,2,2,2,2,28,6,3,0,0,2,0,0,9,1,4,2018,135AI1224,428567.0,431620.0,-1.567969,53.780147,13,3,2,2,20/10/2018,7,16:55,204,E08000035,E08000035,1,621,3,50.0,0,-1,-1,-1,0,0,1,1,1,0,0,1,1,1,E01011366
14992,2018135AI1448,2018,135AI1448,2,1,1,1,57,9,2,0,0,0,0,0,1,1,8,2018,135AI1448,435333.0,439426.0,-1.464405,53.849891,13,2,2,1,18/10/2018,5,18:28,204,E08000035,E08000035,3,58,6,60.0,3,4,6,0,0,0,6,1,1,0,0,2,1,2,E01011311
14993,2018135AJ0311,2018,135AJ0311,1,1,3,1,13,3,3,5,3,0,0,0,0,-1,-1,2018,135AJ0311,438934.0,436645.0,-1.410022,53.82464,13,3,2,1,19/10/2018,6,08:03,204,E08000035,E08000035,6,0,6,30.0,3,4,6,0,0,0,1,1,1,0,0,2,1,2,E01011719
14994,2018135AJ0462,2018,135AJ0462,1,1,2,2,30,6,3,0,0,0,2,0,11,1,6,2018,135AJ0462,419472.0,445241.0,-1.705129,53.902986,13,3,1,1,19/10/2018,6,07:50,204,E08000035,E08000035,6,0,6,30.0,0,-1,-1,-1,0,0,1,1,1,0,0,1,2,2,E01011571
14995,2018135AJ1098,2018,135AJ1098,1,1,3,1,4,1,2,5,1,0,0,0,0,1,1,2018,135AJ1098,431630.0,434983.0,-1.521145,53.810196,13,2,1,1,19/10/2018,6,15:35,204,E08000035,E08000035,6,0,6,30.0,6,4,6,0,0,0,1,1,1,0,0,1,1,2,E01011673
14996,2018135AK0639,2018,135AK0639,2,1,1,1,52,8,2,0,0,0,0,0,1,-1,-1,2018,135AK0639,426811.0,438012.0,-1.594063,53.837689,13,2,2,1,25/10/2018,5,11:33,204,E08000035,E08000035,3,6120,1,40.0,1,4,3,620,0,0,1,1,1,0,0,1,1,2,E01011687
14997,2018135AK1289,2018,135AK1289,2,1,1,2,38,7,2,0,0,0,0,0,9,1,10,2018,135AK1289,422956.0,437695.0,-1.652667,53.835024,13,2,2,1,20/10/2018,7,14:50,204,E08000035,E08000035,3,65,6,30.0,3,4,6,0,0,0,1,1,1,0,0,2,1,2,E01011452
14998,2018135AK1341,2018,135AK1341,2,1,1,1,61,9,3,0,0,0,0,0,4,1,4,2018,135AK1341,425151.0,437879.0,-1.619298,53.836577,13,3,2,1,20/10/2018,7,15:10,204,E08000035,E08000035,3,6120,1,40.0,1,4,6,0,0,0,1,1,1,0,0,1,1,2,E01011463
14999,2018135AK1810,2018,135AK1810,1,1,3,1,41,7,2,1,1,0,0,0,0,-1,-1,2018,135AK1810,425625.0,434226.0,-1.612397,53.803722,13,2,1,1,20/10/2018,7,19:09,204,E08000035,E08000035,3,647,3,40.0,3,2,6,0,0,4,4,1,1,0,0,1,1,2,E01011286
15000,2018135AK1838,2018,135AK1838,1,1,1,1,15,3,2,0,0,0,0,0,1,1,1,2018,135AK1838,425205.0,432538.0,-1.618912,53.788571,13,2,2,1,20/10/2018,7,19:15,204,E08000035,E08000035,6,0,6,30.0,3,4,6,0,0,0,4,1,1,0,0,1,1,2,E01011735
15001,2018135AK2252,2018,135AK2252,1,1,1,2,45,7,3,0,0,0,0,0,9,1,1,2018,135AK2252,434848.0,435776.0,-1.472189,53.817119,13,3,2,1,20/10/2018,7,23:10,204,E08000035,E08000035,6,0,6,20.0,0,-1,-1,-1,0,0,4,1,1,0,0,1,1,2,E01011660
15002,2018135AL0394,2018,135AL0394,1,1,1,2,26,6,3,0,0,0,0,0,9,-1,-1,2018,135AL0394,431143.0,436269.0,-1.528411,53.821784,13,3,2,1,21/10/2018,1,04:30,204,E08000035,E08000035,6,0,6,30.0,0,-1,-1,-1,0,0,4,1,1,0,0,1,1,2,E01011356
15003,2018135AL1210,2018,135AL1210,2,1,1,1,22,5,2,0,0,0,0,0,4,1,3,2018,135AL1210,425948.0,434690.0,-1.607454,53.807876,13,2,2,1,21/10/2018,1,15:00,204,E08000035,E08000035,6,0,6,30.0,9,4,6,0,0,0,1,1,1,0,0,1,1,2,E01011281
15004,2018135AL1306,2018,135AL1306,2,1,1,1,33,6,3,0,0,0,0,0,1,1,8,2018,135AL1306,428743.0,434077.0,-1.565071,53.80222,13,3,2,1,21/10/2018,1,15:45,204,E08000035,E08000035,6,0,6,30.0,0,-1,-1,-1,0,0,1,1,1,0,0,1,1,2,E01011681
15005,2018135AL1485,2018,135AL1485,1,1,2,2,23,5,3,0,0,1,0,0,9,1,6,2018,135AL1485,434500.0,425884.0,-1.478575,53.728236,13,3,3,3,21/10/2018,1,17:10,204,E08000035,E08000035,1,62,3,70.0,0,-1,-1,-1,0,0,1,1,1,0,0,2,1,1,E01011636
15006,2018135AL1485,2018,135AL1485,2,2,2,2,79,11,3,0,0,1,0,0,9,1,2,2018,135AL1485,434500.0,425884.0,-1.478575,53.728236,13,3,3,3,21/10/2018,1,17:10,204,E08000035,E08000035,1,62,3,70.0,0,-1,-1,-1,0,0,1,1,1,0,0,2,1,1,E01011636
15007,2018135AL1485,2018,135AL1485,3,3,2,2,23,5,3,0,0,1,0,0,9,2,6,2018,135AL1485,434500.0,425884.0,-1.478575,53.728236,13,3,3,3,21/10/2018,1,17:10,204,E08000035,E08000035,1,62,3,70.0,0,-1,-1,-1,0,0,1,1,1,0,0,2,1,1,E01011636
15008,2018135AL1615,2018,135AL1615,2,1,1,1,22,5,3,0,0,0,0,0,3,1,2,2018,135AL1615,429609.0,425744.0,-1.552718,53.727277,13,3,2,1,21/10/2018,1,18:15,204,E08000035,E08000035,3,650,6,40.0,0,-1,-1,-1,0,0,4,1,1,0,0,1,1,2,E01011538
15009,2018135AM0314,2018,135AM0314,1,1,1,2,21,5,3,0,0,0,0,0,9,3,8,2018,135AM0314,421634.0,440843.0,-1.672534,53.863373,13,3,1,1,24/10/2018,4,08:36,204,E08000035,E08000035,6,0,6,30.0,6,2,3,658,0,5,1,1,1,0,0,1,1,2,E01011578
15010,2018135AM0319,2018,135AM0319,2,1,1,2,27,6,3,0,0,0,0,0,1,1,7,2018,135AM0319,430007.0,434147.0,-1.545873,53.802778,13,3,2,1,22/10/2018,2,06:45,204,E08000035,E08000035,6,0,6,30.0,3,2,3,660,0,5,1,1,1,0,0,1,2,2,E01033010
15011,2018135AM0344,2018,135AM0344,2,1,1,2,59,9,3,0,0,0,0,0,9,1,2,2018,135AM0344,422808.0,436098.0,-1.655034,53.820677,13,3,2,1,22/10/2018,2,08:55,204,E08000035,E08000035,6,0,6,30.0,0,-1,-1,-1,0,0,1,1,2,0,0,1,1,2,E01011591
15012,2018135AM0734,2018,135AM0734,1,1,1,2,36,7,3,0,0,0,0,0,9,1,9,2018,135AM0734,431187.0,426500.0,-1.528726,53.733981,13,3,2,2,22/10/2018,2,12:45,204,E08000035,E08000035,1,62,3,40.0,0,-1,-1,-1,0,0,1,1,1,0,0,1,1,1,E01011499
15013,2018135AM0734,2018,135AM0734,1,2,2,2,6,2,3,0,0,2,0,0,9,1,9,2018,135AM0734,431187.0,426500.0,-1.528726,53.733981,13,3,2,2,22/10/2018,2,12:45,204,E08000035,E08000035,1,62,3,40.0,0,-1,-1,-1,0,0,1,1,1,0,0,1,1,1,E01011499
15014,2018135AM0970,2018,135AM0970,2,1,1,1,23,5,3,0,0,0,0,0,9,1,3,2018,135AM0970,429429.0,433957.0,-1.554667,53.801104,13,3,2,1,22/10/2018,2,14:30,204,E08000035,E08000035,2,58,3,40.0,0,-1,-1,-1,0,0,1,1,1,0,0,1,2,2,E01033008
15015,2018135AM1636,2018,135AM1636,3,1,1,1,15,3,3,0,0,0,0,0,1,1,2,2018,135AM1636,437584.0,432327.0,-1.431054,53.785931,13,1,5,3,22/10/2018,2,19:20,204,E08000035,E08000035,6,0,6,60.0,0,-1,-1,-1,0,0,6,1,1,0,0,2,1,2,E01011411
15016,2018135AM1636,2018,135AM1636,4,2,1,1,15,3,2,0,0,0,0,0,1,1,1,2018,135AM1636,437584.0,432327.0,-1.431054,53.785931,13,1,5,3,22/10/2018,2,19:20,204,E08000035,E08000035,6,0,6,60.0,0,-1,-1,-1,0,0,6,1,1,0,0,2,1,2,E01011411
15017,2018135AM1636,2018,135AM1636,5,3,1,1,14,3,1,0,0,0,0,0,1,1,1,2018,135AM1636,437584.0,432327.0,-1.431054,53.785931,13,1,5,3,22/10/2018,2,19:20,204,E08000035,E08000035,6,0,6,60.0,0,-1,-1,-1,0,0,6,1,1,0,0,2,1,2,E01011411
15018,2018135AN0290,2018,135AN0290,2,1,1,1,50,8,2,0,0,0,0,0,1,1,7,2018,135AN0290,423799.0,437360.0,-1.639882,53.831975,13,2,3,1,23/10/2018,3,07:58,204,E08000035,E08000035,6,0,6,30.0,3,4,6,0,0,0,1,1,1,0,0,1,1,2,E01011454
15019,2018135AN0439,2018,135AN0439,1,1,1,1,37,7,3,0,0,0,0,0,9,1,1,2018,135AN0439,431481.0,435011.0,-1.523405,53.810457,13,3,2,2,24/10/2018,4,09:50,204,E08000035,E08000035,6,0,6,30.0,6,4,6,0,0,0,1,1,1,0,0,1,1,2,E01011673
15020,2018135AN0439,2018,135AN0439,2,2,1,1,56,9,3,0,0,0,0,0,19,1,2,2018,135AN0439,431481.0,435011.0,-1.523405,53.810457,13,3,2,2,24/10/2018,4,09:50,204,E08000035,E08000035,6,0,6,30.0,6,4,6,0,0,0,1,1,1,0,0,1,1,2,E01011673
15021,2018135AN0856,2018,135AN0856,2,1,1,2,48,8,3,0,0,0,0,0,9,2,4,2018,135AN0856,438656.0,430082.0,-1.415065,53.765676,13,3,2,1,23/10/2018,3,08:45,204,E08000035,E08000035,6,0,6,30.0,0,-1,-1,-1,0,0,1,1,1,0,0,2,2,2,E01011390
15022,2018135AN0877,2018,135AN0877,2,1,1,2,26,6,3,0,0,0,0,0,9,3,8,2018,135AN0877,431626.0,430525.0,-1.521662,53.77013,13,3,2,1,23/10/2018,3,07:15,204,E08000035,E08000035,1,621,3,50.0,5,4,3,61,0,0,1,4,1,0,0,1,2,1,E01011470
15023,2018135AN2038,2018,135AN2038,2,1,2,1,35,6,3,0,0,1,0,0,9,1,8,2018,135AN2038,423932.0,427819.0,-1.638599,53.746217,13,3,2,1,24/10/2018,4,00:04,204,E08000035,E08000035,1,621,1,70.0,1,2,3,65,0,0,4,4,1,4,0,1,1,1,E01011523
15024,2018135AO0335,2018,135AO0335,2,1,1,1,46,8,3,0,0,0,0,0,1,1,10,2018,135AO0335,428717.0,435614.0,-1.565323,53.816036,13,3,2,1,24/10/2018,4,08:33,204,E08000035,E08000035,3,660,6,30.0,3,3,6,0,0,0,1,1,1,0,0,1,1,2,E01032946
15025,2018135AO0770,2018,135AO0770,2,1,1,1,42,7,3,0,0,0,0,0,1,1,10,2018,135AO0770,428001.0,426144.0,-1.577052,53.73096,13,3,2,1,24/10/2018,4,07:30,204,E08000035,E08000035,3,653,6,40.0,0,-1,-1,-1,0,0,1,1,1,0,0,1,2,2,E01011550
15026,2018135AP0528,2018,135AP0528,2,1,1,2,59,9,3,0,0,0,0,0,1,1,8,2018,135AP0528,420493.0,445130.0,-1.689597,53.901949,13,2,3,2,25/10/2018,5,10:33,204,E08000035,E08000035,6,0,6,30.0,3,4,6,0,0,0,1,1,1,0,0,1,1,2,E01011572
15027,2018135AP0528,2018,135AP0528,3,2,1,2,44,7,2,0,0,0,0,0,1,1,8,2018,135AP0528,420493.0,445130.0,-1.689597,53.901949,13,2,3,2,25/10/2018,5,10:33,204,E08000035,E08000035,6,0,6,30.0,3,4,6,0,0,0,1,1,1,0,0,1,1,2,E01011572
15028,2018135AP0840,2018,135AP0840,1,1,1,2,77,11,2,0,0,0,0,0,9,1,10,2018,135AP0840,430495.0,438549.0,-1.53803,53.842314,13,2,2,1,25/10/2018,5,13:09,204,E08000035,E08000035,6,0,6,30.0,0,-1,-1,-1,0,0,1,1,1,0,0,1,1,2,E01011514
15029,2018135AP0905,2018,135AP0905,2,1,1,1,38,7,3,0,0,0,0,0,1,1,8,2018,135AP0905,429670.0,432928.0,-1.551107,53.791842,13,3,2,1,25/10/2018,5,09:05,204,E08000035,E08000035,6,0,6,30.0,9,4,6,0,0,4,1,1,1,0,0,1,2,2,E01033015
15030,2018135AP0979,2018,135AP0979,1,1,1,2,31,6,3,0,0,0,0,0,9,1,3,2018,135AP0979,429487.0,435412.0,-1.553648,53.814177,13,3,2,1,25/10/2018,5,14:12,204,E08000035,E08000035,6,0,6,20.0,3,4,6,0,0,0,1,1,1,0,0,1,1,2,E01011669
15031,2018135AQ0933,2018,135AQ0933,2,1,1,1,53,8,2,0,0,0,0,0,5,1,7,2018,135AQ0933,427551.0,430943.0,-1.583447,53.774117,13,2,2,1,26/10/2018,6,13:23,204,E08000035,E08000035,1,621,7,50.0,0,-1,-1,-1,0,0,1,1,1,0,0,1,1,1,E01011318
15032,2018135AQ1609,2018,135AQ1609,1,1,3,1,12,3,3,4,1,0,0,0,0,-1,-1,2018,135AQ1609,434401.0,434399.0,-1.479131,53.804772,13,3,1,1,26/10/2018,6,18:05,204,E08000035,E08000035,6,0,6,30.0,3,2,3,64,2,0,4,1,1,0,0,1,1,2,E01011346
15033,2018135AR0500,2018,135AR0500,2,1,1,1,40,7,3,0,0,0,0,0,9,1,4,2018,135AR0500,440428.0,448058.0,-1.385828,53.927099,13,3,2,1,27/10/2018,7,09:51,204,E08000035,E08000035,6,0,1,30.0,1,4,6,0,0,0,1,4,1,0,0,1,1,2,E01011704
15034,2018135AR0961,2018,135AR0961,2,1,1,2,23,5,3,0,0,0,0,0,9,1,5,2018,135AR0961,435190.0,433540.0,-1.467249,53.796999,13,3,2,2,27/10/2018,7,14:20,204,E08000035,E08000035,4,6159,6,30.0,3,4,6,0,0,0,1,1,1,0,0,1,1,2,E01011417
15035,2018135AR0961,2018,135AR0961,2,2,2,2,53,8,3,0,0,1,0,0,9,-1,-1,2018,135AR0961,435190.0,433540.0,-1.467249,53.796999,13,3,2,2,27/10/2018,7,14:20,204,E08000035,E08000035,4,6159,6,30.0,3,4,6,0,0,0,1,1,1,0,0,1,1,2,E01011417
15036,2018135AR1342,2018,135AR1342,2,1,1,1,58,9,2,0,0,0,0,0,1,1,9,2018,135AR1342,429353.0,436616.0,-1.555568,53.825006,13,2,2,1,27/10/2018,7,17:47,204,E08000035,E08000035,4,6159,6,30.0,0,-1,-1,-1,0,0,1,1,1,0,0,1,1,2,E01011354
15037,2018135AS0075,2018,135AS0075,1,1,1,1,62,9,3,0,0,0,0,0,9,1,5,2018,135AS0075,420945.0,434451.0,-1.683443,53.805952,13,3,1,1,28/10/2018,1,00:50,204,E08000035,E08000035,3,647,1,30.0,1,2,6,0,0,5,4,1,2,0,0,1,1,2,E01011595
15038,2018135AS0576,2018,135AS0576,1,1,1,1,17,4,3,0,0,0,0,0,1,-1,-1,2018,135AS0576,428777.0,440371.0,-1.563969,53.858786,13,3,2,1,28/10/2018,1,09:21,204,E08000035,E08000035,6,0,6,30.0,3,4,6,0,0,0,1,1,1,0,0,1,1,2,E01011564
15039,2018135AS0587,2018,135AS0587,2,1,1,2,46,8,3,0,0,0,0,0,19,1,4,2018,135AS0587,428787.0,430098.0,-1.564772,53.766456,13,3,2,1,28/10/2018,1,09:33,204,E08000035,E08000035,6,0,6,30.0,3,4,6,0,0,0,1,1,1,0,0,1,1,2,E01011320
15040,2018135AS1526,2018,135AS1526,1,1,3,2,10,2,2,5,1,0,0,0,0,1,1,2018,135AS1526,432047.0,434901.0,-1.514821,53.809434,13,2,1,1,28/10/2018,1,18:10,204,E08000035,E08000035,6,0,6,30.0,3,4,6,0,0,0,1,1,1,0,0,1,1,2,E01011434
15041,2018135AS1580,2018,135AS1580,1,1,1,1,43,7,3,0,0,0,0,0,9,-1,-1,2018,135AS1580,423801.0,437387.0,-1.63985,53.832218,13,3,2,3,28/10/2018,1,18:45,204,E08000035,E08000035,3,65,6,30.0,3,2,6,0,0,0,1,1,1,0,0,1,1,2,E01011454
15042,2018135AS1580,2018,135AS1580,2,2,1,1,22,5,3,0,0,0,0,0,9,-1,-1,2018,135AS1580,423801.0,437387.0,-1.63985,53.832218,13,3,2,3,28/10/2018,1,18:45,204,E08000035,E08000035,3,65,6,30.0,3,2,6,0,0,0,1,1,1,0,0,1,1,2,E01011454
15043,2018135AS1580,2018,135AS1580,2,3,2,2,19,4,3,0,0,1,0,0,9,-1,-1,2018,135AS1580,423801.0,437387.0,-1.63985,53.832218,13,3,2,3,28/10/2018,1,18:45,204,E08000035,E08000035,3,65,6,30.0,3,2,6,0,0,0,1,1,1,0,0,1,1,2,E01011454
15044,2018135AS1870,2018,135AS1870,2,1,2,1,41,7,3,0,0,1,0,0,9,1,4,2018,135AS1870,432551.0,427340.0,-1.507962,53.741447,13,3,2,1,28/10/2018,1,21:05,204,E08000035,E08000035,3,654,6,30.0,0,-1,-1,-1,0,0,4,1,1,0,0,1,2,2,E01032496
15045,2018135AT0079,2018,135AT0079,1,1,1,2,23,5,3,0,0,0,0,0,9,1,2,2018,135AT0079,437015.0,429229.0,-1.440059,53.758128,13,3,1,1,29/10/2018,2,01:50,204,E08000035,E08000035,6,0,6,40.0,0,-1,-1,-1,0,0,4,1,2,0,0,2,1,2,E01011637
15046,2018135AT0208,2018,135AT0208,1,1,1,2,22,5,2,0,0,0,0,0,9,3,7,2018,135AT0208,441644.0,445732.0,-1.367626,53.906099,13,2,2,2,29/10/2018,2,07:29,204,E08000035,E08000035,3,659,6,30.0,0,-1,-1,-1,0,0,1,1,4,0,0,2,1,2,E01011707
15047,2018135AT0208,2018,135AT0208,2,2,1,2,41,7,3,0,0,0,0,0,9,1,7,2018,135AT0208,441644.0,445732.0,-1.367626,53.906099,13,2,2,2,29/10/2018,2,07:29,204,E08000035,E08000035,3,659,6,30.0,0,-1,-1,-1,0,0,1,1,4,0,0,2,1,2,E01011707
15048,2018135AT1154,2018,135AT1154,1,1,2,2,70,10,3,0,0,0,3,0,11,-1,-1,2018,135AT1154,430163.0,435271.0,-1.543395,53.812871,13,3,1,1,02/11/2018,6,10:15,204,E08000035,E08000035,6,0,9,30.0,0,-1,-1,-1,0,0,1,1,1,0,0,1,2,2,E01011671
15049,2018135AT1573,2018,135AT1573,1,1,1,1,17,4,3,0,0,0,0,0,9,3,7,2018,135AT1573,442620.0,428001.0,-1.35522,53.746665,13,3,2,3,29/10/2018,2,18:25,204,E08000035,E08000035,3,656,6,40.0,6,2,6,0,0,0,4,1,1,0,0,1,1,2,E01011307
15050,2018135AT1573,2018,135AT1573,2,2,1,1,21,5,3,0,0,0,0,0,9,1,6,2018,135AT1573,442620.0,428001.0,-1.35522,53.746665,13,3,2,3,29/10/2018,2,18:25,204,E08000035,E08000035,3,656,6,40.0,6,2,6,0,0,0,4,1,1,0,0,1,1,2,E01011307
15051,2018135AT1573,2018,135AT1573,2,3,2,2,1,1,3,0,0,2,0,0,9,1,6,2018,135AT1573,442620.0,428001.0,-1.35522,53.746665,13,3,2,3,29/10/2018,2,18:25,204,E08000035,E08000035,3,656,6,40.0,6,2,6,0,0,0,4,1,1,0,0,1,1,2,E01011307
15052,2018135AU0892,2018,135AU0892,1,1,2,2,63,9,3,0,0,0,4,0,11,-1,-1,2018,135AU0892,431078.0,433024.0,-1.529725,53.792622,13,3,1,1,30/10/2018,3,13:00,204,E08000035,E08000035,3,61,3,40.0,0,-1,-1,-1,0,0,1,1,1,0,0,1,2,2,E01033034
15053,2018135AU1006,2018,135AU1006,1,1,3,2,55,8,3,5,9,0,0,0,0,1,2,2018,135AU1006,428445.0,434006.0,-1.569601,53.801598,13,3,1,1,30/10/2018,3,15:06,204,E08000035,E08000035,3,65,3,30.0,0,-1,-1,-1,0,0,1,1,1,0,0,1,2,2,E01011678
15054,2018135AU1917,2018,135AU1917,1,1,1,1,39,7,3,0,0,0,0,0,9,1,1,2018,135AU1917,432372.0,436365.0,-1.509733,53.822572,13,3,2,1,30/10/2018,3,21:55,204,E08000035,E08000035,3,58,6,30.0,0,-1,-1,-1,0,0,4,1,1,0,0,1,1,2,E01011647
15055,2018135AV0392,2018,135AV0392,2,1,1,1,79,11,3,0,0,0,0,0,9,1,8,2018,135AV0392,425777.0,431458.0,-1.610321,53.778836,13,3,2,1,01/11/2018,5,09:39,204,E08000035,E08000035,3,58,6,30.0,9,4,6,0,0,0,1,1,1,0,0,1,1,2,E01011734
15056,2018135AV0797,2018,135AV0797,1,1,1,2,49,8,3,0,0,0,0,0,9,1,5,2018,135AV0797,423948.0,427943.0,-1.638346,53.74733,13,3,2,3,01/10/2018,2,13:15,204,E08000035,E08000035,3,62,6,30.0,9,4,6,0,0,0,1,1,1,0,0,1,1,1,E01011523
15057,2018135AV0797,2018,135AV0797,1,2,2,2,18,4,3,0,0,1,0,0,9,1,1,2018,135AV0797,423948.0,427943.0,-1.638346,53.74733,13,3,2,3,01/10/2018,2,13:15,204,E08000035,E08000035,3,62,6,30.0,9,4,6,0,0,0,1,1,1,0,0,1,1,1,E01011523
15058,2018135AV0797,2018,135AV0797,2,3,1,2,34,6,3,0,0,0,0,0,9,1,1,2018,135AV0797,423948.0,427943.0,-1.638346,53.74733,13,3,2,3,01/10/2018,2,13:15,204,E08000035,E08000035,3,62,6,30.0,9,4,6,0,0,0,1,1,1,0,0,1,1,1,E01011523
15059,2018135AV0917,2018,135AV0917,2,1,1,1,23,5,3,0,0,0,0,0,19,1,4,2018,135AV0917,428527.0,429636.0,-1.568759,53.762318,13,3,2,2,31/10/2018,4,14:10,204,E08000035,E08000035,3,6110,3,30.0,3,4,6,0,0,0,1,1,1,0,0,1,1,2,E01011321
15060,2018135AV0917,2018,135AV0917,2,2,2,2,23,5,3,0,0,1,0,0,19,1,4,2018,135AV0917,428527.0,429636.0,-1.568759,53.762318,13,3,2,2,31/10/2018,4,14:10,204,E08000035,E08000035,3,6110,3,30.0,3,4,6,0,0,0,1,1,1,0,0,1,1,2,E01011321
15061,2018135AV1095,2018,135AV1095,2,1,1,2,29,6,3,0,0,0,0,0,9,1,2,2018,135AV1095,431020.0,431473.0,-1.53076,53.778686,13,3,2,1,31/10/2018,4,15:20,204,E08000035,E08000035,6,0,6,30.0,3,4,6,0,0,0,1,1,1,0,0,1,2,2,E01011467
15062,2018135AV1142,2018,135AV1142,2,1,1,2,50,8,3,0,0,0,0,0,9,1,7,2018,135AV1142,422791.0,438258.0,-1.655132,53.840091,13,3,2,1,31/10/2018,4,08:00,204,E08000035,E08000035,6,0,6,30.0,0,-1,-1,-1,0,0,1,1,1,0,0,1,2,2,E01011461
15063,2018135AV1552,2018,135AV1552,1,1,1,1,58,9,3,0,0,0,0,0,9,1,1,2018,135AV1552,428812.0,429756.0,-1.564425,53.76338,13,3,2,4,31/10/2018,4,18:20,204,E08000035,E08000035,3,6110,6,30.0,3,4,6,0,0,0,4,1,1,0,0,1,1,2,E01011320
15064,2018135AV1552,2018,135AV1552,2,2,1,1,46,8,3,0,0,0,0,0,9,1,6,2018,135AV1552,428812.0,429756.0,-1.564425,53.76338,13,3,2,4,31/10/2018,4,18:20,204,E08000035,E08000035,3,6110,6,30.0,3,4,6,0,0,0,4,1,1,0,0,1,1,2,E01011320
15065,2018135AV1552,2018,135AV1552,2,3,2,1,43,7,3,0,0,1,0,0,9,1,6,2018,135AV1552,428812.0,429756.0,-1.564425,53.76338,13,3,2,4,31/10/2018,4,18:20,204,E08000035,E08000035,3,6110,6,30.0,3,4,6,0,0,0,4,1,1,0,0,1,1,2,E01011320