,accident_index,accident_year_x,accident_reference_x,vehicle_reference,casualty_reference,casualty_class,sex_of_casualty,age_of_casualty,age_band_of_casualty,casualty_severity,pedestrian_location,pedestrian_movement,car_passenger,bus_or_coach_passenger,pedestrian_road_maintenance_worker,casualty_type,casualty_home_area_type,casualty_imd_decile,accident_year_y,accident_reference_y,location_easting_osgr,location_northing_osgr,longitude,latitude,police_force,accident_severity,number_of_vehicles,number_of_casualties,date,day_of_week,time,local_authority_district,local_authority_ons_district,local_authority_highway,first_road_class,first_road_number,road_type,speed_limit,junction_detail,junction_control,second_road_class,second_road_number,pedestrian_crossing_human_control,pedestrian_crossing_physical_facilities,light_conditions,weather_conditions,road_surface_conditions,special_conditions_at_site,carriageway_hazards,urban_or_rural_area,did_police_officer_attend_scene_of_accident,trunk_road_flag,lsoa_of_accident_location
15153,2018135BE1334,2018,135BE1334,3,1,1,1,38,7,3,0,0,0,0,0,9,1,1,2018,135BE1334,431854.0,426305.0,-1.518636,53.732188,13,3,3,2,14/11/2018,4,16:55,204,E08000035,E08000035,1,62,3,70.0,0,-1,-1,-1,0,0,4,1,1,0,0,2,1,1,E01011499
15154,2018135BE1730,2018,135BE1730,1,1,1,1,12,3,3,0,0,0,0,0,1,1,1,2018,135BE1730,431255.0,429673.0,-1.527376,53.762495,13,3,2,1,14/11/2018,4,19:00,204,E08000035,E08000035,6,0,6,30.0,6,4,6,0,0,0,4,1,1,0,0,1,2,2,E01011474
15155,2018135BE1872,2018,135BE1872,2,1,1,1,45,7,3,0,0,0,0,0,1,1,7,2018,135BE1872,430172.0,438251.0,-1.542968,53.839654,13,3,2,1,14/11/2018,4,15:30,204,E08000035,E08000035,3,61,6,40.0,1,4,6,0,0,0,1,1,1,0,0,1,2,2,E01011506
15156,2018135BF0540,2018,135BF0540,1,1,1,1,17,4,3,0,0,0,0,0,2,1,8,2018,135BF0540,429277.0,433447.0,-1.557023,53.796528,13,3,1,1,15/11/2018,5,10:25,204,E08000035,E08000035,6,0,6,30.0,0,-1,-1,-1,0,0,1,1,1,0,0,1,1,2,E01033015
15157,2018135BF1369,2018,135BF1369,2,1,1,2,50,8,2,0,0,0,0,0,4,1,3,2018,135BF1369,423475.0,434036.0,-1.645058,53.802115,13,2,2,1,15/11/2018,5,17:00,204,E08000035,E08000035,6,0,6,30.0,6,2,6,0,0,0,4,1,2,0,0,1,1,2,E01011608
15158,2018135BF1394,2018,135BF1394,1,1,1,2,27,6,2,0,0,0,0,0,9,3,7,2018,135BF1394,427802.0,431236.0,-1.579613,53.776737,13,2,2,1,15/11/2018,5,17:09,204,E08000035,E08000035,1,621,3,50.0,0,-1,-1,-1,0,0,1,1,1,0,0,1,1,1,E01011369
15159,2018135BF1464,2018,135BF1464,2,1,1,2,23,5,3,0,0,0,0,0,9,1,7,2018,135BF1464,422182.0,428748.0,-1.665067,53.754643,13,3,2,1,15/11/2018,5,17:36,204,E08000035,E08000035,6,0,6,30.0,6,4,6,0,0,0,4,1,1,0,0,1,1,2,E01011521
15160,2018135BF1725,2018,135BF1725,1,1,1,1,25,5,2,0,0,0,0,0,4,-1,-1,2018,135BF1725,423404.0,435057.0,-1.646059,53.811294,13,2,2,1,15/11/2018,5,17:09,204,E08000035,E08000035,6,0,6,30.0,0,-1,-1,-1,0,0,4,1,1,0,0,1,1,2,E01011333
15161,2018135BF1998,2018,135BF1998,1,1,3,1,34,6,3,10,9,0,0,0,0,1,1,2018,135BF1998,430723.0,438788.0,-1.534541,53.844448,13,3,1,1,15/11/2018,5,21:50,204,E08000035,E08000035,6,0,9,20.0,0,-1,-1,-1,0,0,4,1,2,0,0,1,2,2,E01011512
15162,2018135BG0827,2018,135BG0827,1,1,1,1,55,8,2,0,0,0,0,0,4,1,5,2018,135BG0827,421060.0,439382.0,-1.681361,53.850265,13,2,3,1,16/11/2018,6,13:16,204,E08000035,E08000035,3,54,6,30.0,3,4,6,0,0,0,1,1,1,0,0,1,1,2,E01011580
15163,2018135BG1160,2018,135BG1160,1,1,3,2,15,3,3,5,2,0,0,0,0,1,1,2018,135BG1160,423720.0,434573.0,-1.641297,53.80693,13,3,1,1,16/11/2018,6,15:30,204,E08000035,E08000035,4,6157,6,40.0,0,-1,-1,-1,0,0,1,1,1,0,0,1,1,2,E01011334
15164,2018135BG1349,2018,135BG1349,1,1,1,2,23,5,3,0,0,0,0,0,9,1,6,2018,135BG1349,443642.0,436942.0,-1.338462,53.826937,13,3,2,1,16/11/2018,6,16:59,204,E08000035,E08000035,2,1,3,70.0,0,-1,-1,-1,0,0,1,1,1,0,0,2,1,1,E01011297
15165,2018135BG1379,2018,135BG1379,2,1,1,1,39,7,3,0,0,0,0,0,1,1,6,2018,135BG1379,426712.0,435038.0,-1.595823,53.810965,13,3,2,1,16/11/2018,6,17:10,204,E08000035,E08000035,3,65,6,40.0,0,-1,-1,-1,0,0,4,1,2,0,0,1,1,2,E01011477
15166,2018135BG1429,2018,135BG1429,1,1,1,2,34,6,3,0,0,0,0,0,9,1,3,2018,135BG1429,443106.0,440620.0,-1.346091,53.860037,13,3,3,2,21/11/2018,4,17:27,204,E08000035,E08000035,2,1,7,70.0,0,-1,-1,-1,0,0,6,1,2,0,0,2,1,1,E01011712
15167,2018135BG1429,2018,135BG1429,2,2,1,1,43,7,3,0,0,0,0,0,9,2,10,2018,135BG1429,443106.0,440620.0,-1.346091,53.860037,13,3,3,2,21/11/2018,4,17:27,204,E08000035,E08000035,2,1,7,70.0,0,-1,-1,-1,0,0,6,1,2,0,0,2,1,1,E01011712
15168,2018135BG1558,2018,135BG1558,4,1,1,1,26,6,3,0,0,0,0,0,9,3,5,2018,135BG1558,440976.0,447851.0,-1.37751,53.925195,13,3,4,1,16/11/2018,6,18:15,204,E08000035,E08000035,1,1,3,70.0,0,-1,-1,-1,0,0,6,1,2,0,2,1,1,1,E01011704
15169,2018135BG1584,2018,135BG1584,1,1,3,1,23,5,3,5,1,0,0,0,0,1,4,2018,135BG1584,428564.0,434248.0,-1.567772,53.803767,13,3,1,1,16/11/2018,6,17:20,204,E08000035,E08000035,6,0,6,30.0,0,-1,-1,-1,0,0,1,1,1,0,0,1,1,2,E01011681
15170,2018135BG2172,2018,135BG2172,1,1,1,1,20,4,2,0,0,0,0,0,9,1,6,2018,135BG2172,421156.0,441155.0,-1.67978,53.866197,13,2,4,3,16/11/2018,6,23:20,204,E08000035,E08000035,6,0,6,30.0,0,-1,-1,-1,0,0,4,8,2,0,0,1,1,2,E01011269
15171,2018135BG2172,2018,135BG2172,1,2,2,2,17,4,2,0,0,1,0,0,9,1,1,2018,135BG2172,421156.0,441155.0,-1.67978,53.866197,13,2,4,3,16/11/2018,6,23:20,204,E08000035,E08000035,6,0,6,30.0,0,-1,-1,-1,0,0,4,8,2,0,0,1,1,2,E01011269
15172,2018135BG2172,2018,135BG2172,1,3,2,2,16,4,2,0,0,2,0,0,9,1,2,2018,135BG2172,421156.0,441155.0,-1.67978,53.866197,13,2,4,3,16/11/2018,6,23:20,204,E08000035,E08000035,6,0,6,30.0,0,-1,-1,-1,0,0,4,8,2,0,0,1,1,2,E01011269
15173,2018135BG2218,2018,135BG2218,1,1,1,1,18,4,3,0,0,0,0,0,9,1,7,2018,135BG2218,432033.0,437763.0,-1.514738,53.835157,13,3,1,2,16/11/2018,6,23:45,204,E08000035,E08000035,6,0,6,30.0,0,-1,-1,-1,0,0,4,2,2,0,0,1,1,2,E01011654
15174,2018135BG2218,2018,135BG2218,1,2,2,2,17,4,3,0,0,1,0,0,9,1,9,2018,135BG2218,432033.0,437763.0,-1.514738,53.835157,13,3,1,2,16/11/2018,6,23:45,204,E08000035,E08000035,6,0,6,30.0,0,-1,-1,-1,0,0,4,2,2,0,0,1,1,2,E01011654
15175,2018135BH0023,2018,135BH0023,1,1,3,2,19,4,3,1,1,0,0,0,0,1,6,2018,135BH0023,428958.0,435471.0,-1.561676,53.814737,13,3,1,1,17/11/2018,7,00:09,204,E08000035,E08000035,3,660,6,30.0,6,2,6,0,0,5,4,1,2,0,0,1,1,2,E01033005
15176,2018135BH0739,2018,135BH0739,2,1,1,1,35,6,3,0,0,0,0,0,9,1,1,2018,135BH0739,431006.0,430557.0,-1.531065,53.770454,13,3,2,3,17/11/2018,7,11:28,204,E08000035,E08000035,6,0,7,70.0,5,4,1,621,0,0,1,1,2,0,0,1,1,2,E01011471
15177,2018135BH0739,2018,135BH0739,2,2,2,1,21,5,3,0,0,1,0,0,9,1,3,2018,135BH0739,431006.0,430557.0,-1.531065,53.770454,13,3,2,3,17/11/2018,7,11:28,204,E08000035,E08000035,6,0,7,70.0,5,4,1,621,0,0,1,1,2,0,0,1,1,2,E01011471
15178,2018135BH0739,2018,135BH0739,2,3,2,2,21,5,3,0,0,2,0,0,9,1,3,2018,135BH0739,431006.0,430557.0,-1.531065,53.770454,13,3,2,3,17/11/2018,7,11:28,204,E08000035,E08000035,6,0,7,70.0,5,4,1,621,0,0,1,1,2,0,0,1,1,2,E01011471
15179,2018135BI0516,2018,135BI0516,1,1,1,1,34,6,3,0,0,0,0,0,9,3,4,2018,135BI0516,431494.0,431547.0,-1.52356,53.779323,13,3,2,1,18/11/2018,1,08:32,204,E08000035,E08000035,3,639,6,30.0,3,2,6,0,0,0,1,1,1,0,0,1,1,2,E01011468
15180,2018135BI1736,2018,135BI1736,1,1,1,1,37,7,3,0,0,0,0,0,1,1,5,2018,135BI1736,430156.0,434271.0,-1.543599,53.803884,13,3,2,1,18/11/2018,1,21:44,204,E08000035,E08000035,3,58,6,30.0,0,-1,-1,-1,0,0,4,1,1,0,0,1,1,2,E01033010
15181,2018135BJ0648,2018,135BJ0648,2,1,1,1,18,4,3,0,0,0,0,0,1,1,8,2018,135BJ0648,428792.0,435576.0,-1.564187,53.81569,13,3,2,1,19/11/2018,2,12:00,204,E08000035,E08000035,3,660,6,30.0,3,4,6,0,0,0,1,1,1,0,0,1,1,2,E01032946
15182,2018135BJ1117,2018,135BJ1117,1,1,2,2,55,8,3,0,0,0,3,0,11,1,1,2018,135BJ1117,435327.0,436536.0,-1.464827,53.823917,13,3,1,1,19/11/2018,2,16:21,204,E08000035,E08000035,6,0,6,30.0,0,-1,-1,-1,0,0,4,1,2,0,0,1,2,2,E01011659
15183,2018135BJ1148,2018,135BJ1148,2,1,1,2,33,6,3,0,0,0,0,0,9,1,1,2018,135BJ1148,429010.0,436838.0,-1.560758,53.82702,13,3,2,1,19/11/2018,2,16:35,204,E08000035,E08000035,6,0,6,30.0,6,2,4,6159,0,0,4,2,2,0,0,1,1,2,E01011688
15184,2018135BJ1281,2018,135BJ1281,3,1,1,1,20,4,3,0,0,0,0,0,2,1,1,2018,135BJ1281,435965.0,437141.0,-1.455065,53.829311,13,3,3,1,19/11/2018,2,17:36,204,E08000035,E08000035,6,0,6,20.0,3,4,6,0,0,0,4,1,1,0,0,1,1,2,E01011718
15185,2018135BJ1378,2018,135BJ1378,2,1,2,2,41,7,3,0,0,1,0,0,9,1,8,2018,135BJ1378,443519.0,438293.0,-1.34014,53.839089,13,3,3,1,19/11/2018,2,18:15,204,E08000035,E08000035,2,1,3,70.0,0,-1,-1,-1,0,0,4,2,2,0,0,2,1,1,E01011309
15186,2018135BK0285,2018,135BK0285,2,1,1,1,33,6,2,0,0,0,0,0,1,1,7,2018,135BK0285,429666.0,435844.0,-1.550888,53.81805,13,2,2,1,20/11/2018,3,07:40,204,E08000035,E08000035,6,0,6,30.0,3,4,6,0,0,0,7,2,2,0,0,1,1,2,E01011669
15187,2018135BK0335,2018,135BK0335,1,1,3,1,5,1,3,5,3,0,0,0,0,1,3,2018,135BK0335,427659.0,428116.0,-1.58206,53.748702,13,3,1,1,21/11/2018,4,08:32,204,E08000035,E08000035,6,0,6,30.0,0,-1,-1,-1,0,0,1,1,1,0,0,1,1,2,E01011540
15188,2018135BK0499,2018,135BK0499,2,1,1,1,33,6,3,0,0,0,0,0,9,1,7,2018,135BK0499,429940.0,433031.0,-1.546998,53.792752,13,3,3,1,20/11/2018,3,13:16,204,E08000035,E08000035,6,0,6,30.0,0,-1,-1,-1,0,0,1,2,2,0,0,1,1,2,E01033016
15189,2018135BK0748,2018,135BK0748,2,1,1,1,45,7,3,0,0,0,0,0,1,1,6,2018,135BK0748,430070.0,433831.0,-1.544947,53.799935,13,3,2,1,20/11/2018,3,13:15,204,E08000035,E08000035,6,0,6,30.0,3,4,6,0,0,4,1,2,2,0,0,1,2,2,E01033010
15190,2018135BL0225,2018,135BL0225,2,1,1,1,19,4,3,0,0,0,0,0,1,1,8,2018,135BL0225,428902.0,435507.0,-1.562523,53.815064,13,3,2,1,21/11/2018,4,06:55,204,E08000035,E08000035,3,660,6,30.0,3,4,6,0,0,0,4,2,2,0,0,1,1,2,E01011443
15191,2018135BL0229,2018,135BL0229,1,1,3,2,32,6,3,1,3,0,0,0,0,1,2,2018,135BL0229,426280.0,435596.0,-1.602336,53.816002,13,3,1,1,21/11/2018,4,07:10,204,E08000035,E08000035,3,65,6,30.0,6,2,4,6157,0,5,5,2,2,0,0,1,1,2,E01011488
15192,2018135BL0333,2018,135BL0333,2,1,1,1,30,6,3,0,0,0,0,0,1,1,1,2018,135BL0333,431420.0,434084.0,-1.524425,53.802129,13,3,2,1,21/11/2018,4,08:25,204,E08000035,E08000035,6,0,6,30.0,6,2,6,0,0,5,1,2,2,0,0,1,2,2,E01033031
15193,2018135BL0713,2018,135BL0713,1,1,1,1,37,7,3,0,0,0,0,0,1,3,5,2018,135BL0713,429598.0,433440.0,-1.552151,53.796447,13,3,2,1,21/11/2018,4,08:30,204,E08000035,E08000035,6,0,6,30.0,0,-1,-1,-1,0,0,1,1,1,0,0,1,2,2,E01033008
15194,2018135BL1639,2018,135BL1639,2,1,1,1,44,7,2,0,0,0,0,0,1,1,7,2018,135BL1639,430076.0,438408.0,-1.544411,53.841071,13,2,2,1,21/11/2018,4,20:10,204,E08000035,E08000035,6,0,6,30.0,0,-1,-1,-1,0,0,4,1,2,0,0,1,1,2,E01011514
15195,2018135BM0300,2018,135BM0300,1,1,2,1,21,5,3,0,0,2,0,0,9,-1,-1,2018,135BM0300,428962.0,435478.0,-1.561615,53.8148,13,3,2,1,22/11/2018,5,08:22,204,E08000035,E08000035,6,0,6,30.0,6,2,3,660,0,5,1,1,2,0,0,1,1,2,E01011443
15196,2018135BM1024,2018,135BM1024,1,1,3,2,30,6,3,5,1,0,0,0,0,-1,-1,2018,135BM1024,430091.0,431309.0,-1.544873,53.777266,13,3,1,1,22/11/2018,5,15:15,204,E08000035,E08000035,3,653,6,30.0,0,-1,-1,-1,0,0,1,7,2,0,0,1,1,2,E01011371
15197,2018135BM1324,2018,135BM1324,2,1,1,1,54,8,3,0,0,0,0,0,1,1,3,2018,135BM1324,424657.0,432799.0,-1.62721,53.790942,13,3,2,1,22/11/2018,5,18:00,204,E08000035,E08000035,6,0,6,50.0,0,-1,-1,-1,0,0,4,2,2,0,0,1,2,2,E01011726
15198,2018135BM1361,2018,135BM1361,2,1,1,1,35,6,3,0,0,0,0,0,9,1,7,2018,135BM1361,429881.0,426405.0,-1.548532,53.733203,13,3,2,1,22/11/2018,5,18:55,204,E08000035,E08000035,1,62,3,70.0,0,-1,-1,-1,0,0,4,1,2,0,0,2,2,1,E01011538
15199,2018135BM1504,2018,135BM1504,1,1,3,2,33,6,3,10,1,0,0,0,0,-1,-1,2018,135BM1504,432474.0,434863.0,-1.508341,53.809066,13,3,1,1,22/11/2018,5,20:29,204,E08000035,E08000035,6,0,6,30.0,0,-1,-1,-1,0,0,4,1,1,0,0,1,1,2,E01011433
15200,2018135BM1579,2018,135BM1579,1,1,3,2,42,7,3,5,1,0,0,0,0,1,2,2018,135BM1579,430337.0,433736.0,-1.540903,53.799065,13,3,1,1,22/11/2018,5,21:18,204,E08000035,E08000035,6,0,6,30.0,0,-1,-1,-1,0,0,4,2,2,0,0,1,1,2,E01033010
15201,2018135BM1636,2018,135BM1636,2,1,1,2,21,5,3,0,0,0,0,0,9,1,1,2018,135BM1636,430089.0,435422.0,-1.544504,53.814233,13,3,2,1,22/11/2018,5,21:55,204,E08000035,E08000035,6,0,1,30.0,1,4,6,0,0,0,4,1,2,0,0,1,1,2,E01011670
15202,2018135BN0954,2018,135BN0954,1,1,3,1,32,6,2,1,4,0,0,0,0,1,8,2018,135BN0954,435724.0,436928.0,-1.458751,53.827413,13,2,1,1,23/11/2018,6,14:39,204,E08000035,E08000035,3,6120,6,40.0,3,2,6,0,0,5,1,1,1,0,0,1,1,2,E01011661
15203,2018135BN1231,2018,135BN1231,1,1,2,1,26,6,3,0,0,1,0,0,9,1,1,2018,135BN1231,431336.0,431590.0,-1.525953,53.779719,13,3,2,1,23/11/2018,6,16:38,204,E08000035,E08000035,6,0,6,30.0,3,4,6,0,0,0,4,1,1,0,0,1,1,2,E01011467
15204,2018135BN1687,2018,135BN1687,1,1,2,2,26,6,3,0,0,1,0,0,9,-1,-1,2018,135BN1687,428935.0,430409.0,-1.562498,53.769243,13,3,2,1,23/11/2018,6,19:58,204,E08000035,E08000035,6,0,6,30.0,6,4,6,0,0,0,4,1,1,0,0,1,1,2,E01011320
15205,2018135BO1212,2018,135BO1212,1,1,1,1,21,5,2,0,0,0,0,0,2,1,1,2018,135BO1212,424878.0,436945.0,-1.623521,53.828195,13,2,1,2,24/11/2018,7,15:40,204,E08000035,E08000035,6,0,6,30.0,0,-1,-1,-1,0,0,1,1,2,0,0,1,1,2,E01032494
15206,2018135BO1212,2018,135BO1212,1,2,2,1,14,3,2,0,0,0,0,0,2,1,3,2018,135BO1212,424878.0,436945.0,-1.623521,53.828195,13,2,1,2,24/11/2018,7,15:40,204,E08000035,E08000035,6,0,6,30.0,0,-1,-1,-1,0,0,1,1,2,0,0,1,1,2,E01032494
15207,2018135BO1421,2018,135BO1421,1,1,1,1,39,7,2,0,0,0,0,0,1,1,2,2018,135BO1421,431066.0,432003.0,-1.530009,53.783447,13,2,2,1,24/11/2018,7,17:40,204,E08000035,E08000035,3,639,6,30.0,6,4,6,0,0,0,4,2,2,0,0,1,1,2,E01011467
15208,2018135BO1581,2018,135BO1581,2,1,1,1,46,8,1,0,0,0,0,0,9,3,8,2018,135BO1581,422014.0,433943.0,-1.667247,53.801342,13,1,2,1,24/11/2018,7,18:58,204,E08000035,E08000035,3,647,3,70.0,0,-1,-1,-1,0,0,4,1,2,0,0,1,1,2,E01011587
15209,2018135BP0570,2018,135BP0570,2,1,1,2,30,6,3,0,0,0,0,0,9,1,1,2018,135BP0570,429430.0,434017.0,-1.554646,53.801643,13,3,2,1,25/11/2018,1,09:40,204,E08000035,E08000035,2,58,3,40.0,0,-1,-1,-1,0,0,1,1,2,0,0,1,1,2,E01011678
15210,2018135BP1490,2018,135BP1490,2,1,1,1,34,6,3,0,0,0,0,0,2,1,3,2018,135BP1490,429242.0,433910.0,-1.55751,53.800692,13,3,2,1,25/11/2018,1,18:30,204,E08000035,E08000035,6,0,3,30.0,3,4,6,0,0,0,4,2,2,0,0,1,1,2,E01011678
15211,2018135BQ0779,2018,135BQ0779,1,1,1,2,49,8,3,0,0,0,0,0,9,-1,-1,2018,135BQ0779,426443.0,427125.0,-1.600584,53.739858,13,3,2,1,26/11/2018,2,13:05,204,E08000035,E08000035,6,0,6,30.0,3,4,6,0,0,0,1,1,1,0,0,1,1,2,E01011541
15212,2018135BQ1028,2018,135BQ1028,2,1,1,1,32,6,3,0,0,0,0,0,9,1,2,2018,135BQ1028,430489.0,431744.0,-1.538791,53.781153,13,3,2,1,26/11/2018,2,15:10,204,E08000035,E08000035,3,61,3,30.0,3,2,1,621,0,0,1,1,1,0,0,1,1,2,E01011467
15213,2018135BQ1437,2018,135BQ1437,1,1,1,2,22,5,3,0,0,0,0,0,9,1,3,2018,135BQ1437,425564.0,434138.0,-1.613331,53.802934,13,3,2,2,26/11/2018,2,18:06,204,E08000035,E08000035,6,0,6,30.0,3,4,6,0,0,0,4,1,1,0,0,1,1,2,E01032499
15214,2018135BQ1437,2018,135BQ1437,1,2,2,2,22,5,3,0,0,1,0,0,9,1,2,2018,135BQ1437,425564.0,434138.0,-1.613331,53.802934,13,3,2,2,26/11/2018,2,18:06,204,E08000035,E08000035,6,0,6,30.0,3,4,6,0,0,0,4,1,1,0,0,1,1,2,E01032499
15215,2018135BR0246,2018,135BR0246,1,1,1,2,45,7,3,0,0,0,0,0,9,1,2,2018,135BR0246,422811.0,437418.0,-1.654891,53.83254,13,3,3,1,27/11/2018,3,07:08,204,E08000035,E08000035,3,6120,6,60.0,0,-1,-1,-1,0,0,1,1,2,0,0,2,1,2,E01011452
15216,2018135BR0461,2018,135BR0461,2,1,1,1,29,6,3,0,0,0,0,0,9,1,1,2018,135BR0461,426223.0,431886.0,-1.603516,53.782661,13,3,2,1,27/11/2018,3,10:22,204,E08000035,E08000035,3,6110,3,40.0,6,2,6,0,0,4,1,1,2,0,0,1,1,2,E01011737
15217,2018135BR1117,2018,135BR1117,1,1,3,1,14,3,3,1,1,0,0,0,0,1,1,2018,135BR1117,433915.0,434119.0,-1.48654,53.802287,13,3,1,1,27/11/2018,3,16:30,204,E08000035,E08000035,3,65,3,40.0,0,-1,-1,-1,0,5,4,2,2,0,0,1,1,2,E01011346
15218,2018135BR1184,2018,135BR1184,1,1,3,1,40,7,2,5,1,0,0,0,0,1,3,2018,135BR1184,434924.0,435027.0,-1.471119,53.810382,13,2,1,1,27/11/2018,3,17:01,204,E08000035,E08000035,6,0,6,30.0,0,-1,-1,-1,0,0,4,2,2,0,0,1,1,2,E01011667
15219,2018135BR1373,2018,135BR1373,1,1,1,2,44,7,3,0,0,0,0,0,9,1,8,2018,135BR1373,438907.0,426838.0,-1.411664,53.736502,13,3,1,1,27/11/2018,3,18:30,204,E08000035,E08000035,3,639,6,40.0,0,-1,-1,-1,0,0,4,2,2,0,0,2,1,2,E01011393
15220,2018135BR1533,2018,135BR1533,2,1,1,1,40,7,3,0,0,0,0,0,1,1,1,2018,135BR1533,428390.0,434070.0,-1.570431,53.802177,13,3,2,1,27/11/2018,3,19:15,204,E08000035,E08000035,3,65,3,40.0,3,4,6,0,0,0,4,2,2,0,0,1,2,2,E01011681
15221,2018135BR1639,2018,135BR1639,2,1,1,2,20,4,3,0,0,0,0,0,9,1,8,2018,135BR1639,428466.0,428561.0,-1.569783,53.752659,13,3,3,2,27/11/2018,3,21:05,204,E08000035,E08000035,3,653,3,60.0,0,-1,-1,-1,0,0,6,2,2,0,2,2,1,2,E01011493
15222,2018135BR1639,2018,135BR1639,2,2,2,1,20,4,3,0,0,1,0,0,9,1,8,2018,135BR1639,428466.0,428561.0,-1.569783,53.752659,13,3,3,2,27/11/2018,3,21:05,204,E08000035,E08000035,3,653,3,60.0,0,-1,-1,-1,0,0,6,2,2,0,2,2,1,2,E01011493
15223,2018135BS0968,2018,135BS0968,1,1,3,1,73,10,3,10,3,0,0,0,0,-1,-1,2018,135BS0968,430297.0,434092.0,-1.541475,53.802267,13,3,1,1,28/11/2018,4,14:43,204,E08000035,E08000035,6,0,6,30.0,0,-1,-1,-1,0,0,1,1,1,0,0,1,1,2,E01033010
15224,2018135BT1088,2018,135BT1088,1,1,1,2,20,4,3,0,0,0,0,0,9,1,1,2018,135BT1088,415910.0,442016.0,-1.759507,53.874121,13,3,2,1,29/11/2018,5,14:33,204,E08000035,E08000035,6,0,6,60.0,6,4,6,0,0,0,1,1,1,0,0,2,1,2,E01011270
15225,2018135BT1195,2018,135BT1195,1,1,3,1,21,5,3,1,1,0,0,0,0,1,3,2018,135BT1195,429911.0,434502.0,-1.547296,53.805974,13,3,1,1,29/11/2018,5,11:40,204,E08000035,E08000035,3,660,6,30.0,0,-1,-1,-1,0,4,1,1,1,0,0,1,2,2,E01033005
15226,2018135BT1366,2018,135BT1366,2,1,1,2,39,7,3,0,0,0,0,0,9,1,3,2018,135BT1366,432187.0,433612.0,-1.512829,53.79784,13,3,2,1,29/11/2018,5,17:26,204,E08000035,E08000035,3,65,3,40.0,0,-1,-1,-1,0,0,4,1,1,0,0,1,1,2,E01011349
15227,2018135BT1553,2018,135BT1553,1,1,3,1,49,8,3,1,3,0,0,0,0,1,10,2018,135BT1553,427501.0,425511.0,-1.584687,53.725297,13,3,1,1,29/11/2018,5,19:02,204,E08000035,E08000035,6,0,3,30.0,3,2,6,0,0,5,4,1,1,0,0,1,1,2,E01011548
15228,2018135BT1920,2018,135BT1920,2,1,1,2,30,6,3,0,0,0,0,0,9,1,1,2018,135BT1920,424145.0,428170.0,-1.635342,53.749362,13,3,2,1,29/11/2018,5,22:14,204,E08000035,E08000035,3,62,3,40.0,1,2,3,650,0,0,4,1,1,4,0,1,1,1,E01011523
15229,2018135BT2005,2018,135BT2005,2,1,1,1,42,7,3,0,0,0,0,0,1,1,9,2018,135BT2005,431350.0,435060.0,-1.525389,53.810905,13,3,2,1,29/11/2018,5,22:00,204,E08000035,E08000035,3,58,6,30.0,3,4,6,0,0,4,4,1,1,0,0,1,2,2,E01011429
15230,2018135BU0298,2018,135BU0298,1,1,1,1,34,6,3,0,0,0,0,0,1,1,3,2018,135BU0298,427467.0,433030.0,-1.584536,53.792879,13,3,2,1,30/11/2018,6,07:00,204,E08000035,E08000035,6,0,6,30.0,8,4,6,0,0,0,4,1,2,0,0,1,1,2,E01011292
15231,2018135BU0304,2018,135BU0304,1,1,2,2,41,7,3,0,0,0,3,0,11,1,1,2018,135BU0304,429956.0,434217.0,-1.546641,53.80341,13,3,1,1,30/11/2018,6,10:51,204,E08000035,E08000035,3,660,6,30.0,0,-1,-1,-1,0,0,1,1,2,0,0,1,2,2,E01033010
15232,2018135BU0748,2018,135BU0748,1,1,3,2,84,11,1,5,1,0,0,0,0,1,4,2018,135BU0748,431435.0,429404.0,-1.524673,53.760066,13,1,1,1,30/11/2018,6,12:25,204,E08000035,E08000035,6,0,6,30.0,3,4,6,0,0,0,1,4,1,0,0,1,1,2,E01011475
15233,2018135BU0835,2018,135BU0835,1,1,3,1,37,7,3,10,5,0,0,0,0,-1,-1,2018,135BU0835,428041.0,434292.0,-1.575709,53.804191,13,3,1,1,30/11/2018,6,13:07,204,E08000035,E08000035,3,65,6,30.0,6,2,6,0,0,1,1,1,1,0,0,1,1,2,E01011483
15234,2018135BU1289,2018,135BU1289,1,1,1,2,40,7,2,0,0,0,0,0,9,1,6,2018,135BU1289,424362.0,432740.0,-1.631692,53.790426,13,2,1,2,30/11/2018,6,16:55,204,E08000035,E08000035,6,0,6,50.0,9,4,6,0,0,0,4,8,2,0,0,1,1,2,E01011728
15235,2018135BU1289,2018,135BU1289,1,2,2,1,5,1,2,0,0,2,0,0,9,1,6,2018,135BU1289,424362.0,432740.0,-1.631692,53.790426,13,2,1,2,30/11/2018,6,16:55,204,E08000035,E08000035,6,0,6,50.0,9,4,6,0,0,0,4,8,2,0,0,1,1,2,E01011728
15236,2018135BU2059,2018,135BU2059,1,1,1,1,52,8,3,0,0,0,0,0,9,1,3,2018,135BU2059,431752.0,434601.0,-1.519332,53.806755,13,3,2,3,29/11/2018,5,23:57,204,E08000035,E08000035,6,0,6,30.0,3,4,6,0,0,0,4,2,2,0,0,1,1,2,E01011677
15237,2018135BU2059,2018,135BU2059,1,2,2,2,15,3,3,0,0,1,0,0,9,1,3,2018,135BU2059,431752.0,434601.0,-1.519332,53.806755,13,3,2,3,29/11/2018,5,23:57,204,E08000035,E08000035,6,0,6,30.0,3,4,6,0,0,0,4,2,2,0,0,1,1,2,E01011677
15238,2018135BU2059,2018,135BU2059,2,3,1,1,30,6,3,0,0,0,0,0,8,1,1,2018,135BU2059,431752.0,434601.0,-1.519332,53.806755,13,3,2,3,29/11/2018,5,23:57,204,E08000035,E08000035,6,0,6,30.0,3,4,6,0,0,0,4,2,2,0,0,1,1,2,E01011677
15239,2018135C10567,2018,135C10567,2,1,2,2,88,11,3,0,0,0,4,0,11,1,3,2018,135C10567,428444.0,435062.0,-1.56952,53.811089,13,3,2,2,30/11/2018,6,13:19,204,E08000035,E08000035,6,0,6,30.0,0,-1,-1,-1,0,0,1,1,1,0,0,1,2,2,E01011445