,accident_index,accident_year_x,accident_reference_x,vehicle_reference,casualty_reference,casualty_class,sex_of_casualty,age_of_casualty,age_band_of_casualty,casualty_severity,pedestrian_location,pedestrian_movement,car_passenger,bus_or_coach_passenger,pedestrian_road_maintenance_worker,casualty_type,casualty_home_area_type,casualty_imd_decile,accident_year_y,accident_reference_y,location_easting_osgr,location_northing_osgr,longitude,latitude,police_force,accident_severity,number_of_vehicles,number_of_casualties,date,day_of_week,time,local_authority_district,local_authority_ons_district,local_authority_highway,first_road_class,first_road_number,road_type,speed_limit,junction_detail,junction_control,second_road_class,second_road_number,pedestrian_crossing_human_control,pedestrian_crossing_physical_facilities,light_conditions,weather_conditions,road_surface_conditions,special_conditions_at_site,carriageway_hazards,urban_or_rural_area,did_police_officer_attend_scene_of_accident,trunk_road_flag,lsoa_of_accident_location
15240,2018135C10567,2018,135C10567,2,2,2,2,58,9,3,0,0,0,4,0,11,1,3,2018,135C10567,428444.0,435062.0,-1.56952,53.811089,13,3,2,2,30/11/2018,6,13:19,204,E08000035,E08000035,6,0,6,30.0,0,-1,-1,-1,0,0,1,1,1,0,0,1,2,2,E01011445
15241,2018135C11587,2018,135C11587,1,1,1,1,55,8,3,0,0,0,0,0,9,3,6,2018,135C11587,429930.0,432975.0,-1.547155,53.792249,13,3,2,1,01/12/2018,7,19:20,204,E08000035,E08000035,6,0,6,30.0,3,2,6,0,0,5,4,2,2,0,0,1,1,2,E01033016
15242,2018135C21152,2018,135C21152,1,1,1,1,63,9,3,0,0,0,0,0,9,-1,-1,2018,135C21152,443629.0,436542.0,-1.338716,53.823343,13,3,2,4,02/12/2018,1,15:04,204,E08000035,E08000035,2,1,3,70.0,0,-1,-1,-1,0,0,1,1,2,0,0,2,1,1,E01011297
15243,2018135C21152,2018,135C21152,1,2,2,2,63,9,3,0,0,1,0,0,9,-1,-1,2018,135C21152,443629.0,436542.0,-1.338716,53.823343,13,3,2,4,02/12/2018,1,15:04,204,E08000035,E08000035,2,1,3,70.0,0,-1,-1,-1,0,0,1,1,2,0,0,2,1,1,E01011297
15244,2018135C21152,2018,135C21152,1,3,2,1,42,7,3,0,0,2,0,0,9,-1,-1,2018,135C21152,443629.0,436542.0,-1.338716,53.823343,13,3,2,4,02/12/2018,1,15:04,204,E08000035,E08000035,2,1,3,70.0,0,-1,-1,-1,0,0,1,1,2,0,0,2,1,1,E01011297
15245,2018135C21152,2018,135C21152,2,4,1,2,52,8,3,0,0,0,0,0,9,-1,-1,2018,135C21152,443629.0,436542.0,-1.338716,53.823343,13,3,2,4,02/12/2018,1,15:04,204,E08000035,E08000035,2,1,3,70.0,0,-1,-1,-1,0,0,1,1,2,0,0,2,1,1,E01011297
15246,2018135C30266,2018,135C30266,2,1,1,1,38,7,3,0,0,0,0,0,1,1,10,2018,135C30266,427963.0,430297.0,-1.577254,53.768289,13,3,2,1,03/12/2018,2,07:15,204,E08000035,E08000035,3,6110,1,40.0,1,4,3,643,0,0,4,2,2,0,0,1,1,2,E01011317
15247,2018135C30611,2018,135C30611,3,1,1,1,25,5,3,0,0,0,0,0,9,1,1,2018,135C30611,427816.0,435148.0,-1.579048,53.811896,13,3,3,2,03/12/2018,2,11:08,204,E08000035,E08000035,6,0,6,30.0,3,4,6,0,0,0,1,1,2,0,0,1,1,2,E01011479
15248,2018135C30611,2018,135C30611,3,2,2,1,40,7,3,0,0,1,0,0,9,1,4,2018,135C30611,427816.0,435148.0,-1.579048,53.811896,13,3,3,2,03/12/2018,2,11:08,204,E08000035,E08000035,6,0,6,30.0,3,4,6,0,0,0,1,1,2,0,0,1,1,2,E01011479
15249,2018135C31371,2018,135C31371,2,1,1,1,31,6,3,0,0,0,0,0,1,1,1,2018,135C31371,431082.0,432307.0,-1.529736,53.786178,13,3,2,1,03/12/2018,2,16:50,204,E08000035,E08000035,3,61,6,30.0,3,4,6,0,0,0,4,2,2,0,0,1,1,2,E01011467
15250,2018135C40292,2018,135C40292,2,1,1,2,23,5,3,0,0,0,0,0,9,1,7,2018,135C40292,424469.0,433647.0,-1.629997,53.798573,13,3,3,1,04/12/2018,3,07:30,204,E08000035,E08000035,4,6154,6,30.0,6,2,6,0,0,0,1,1,4,0,0,1,1,2,E01011608
15251,2018135C40875,2018,135C40875,1,1,3,1,28,6,3,8,2,0,0,0,0,1,1,2018,135C40875,430838.0,433997.0,-1.533271,53.801382,13,3,1,1,04/12/2018,3,13:08,204,E08000035,E08000035,3,61,6,30.0,0,-1,-1,-1,0,0,1,1,1,0,0,1,1,2,E01033031
15252,2018135C50306,2018,135C50306,2,1,1,1,18,4,3,0,0,0,0,0,3,1,2,2018,135C50306,425652.0,439977.0,-1.611512,53.855408,13,3,2,1,05/12/2018,4,07:59,204,E08000035,E08000035,6,0,6,20.0,0,-1,-1,-1,0,1,1,2,2,0,0,1,1,2,E01011379
15253,2018135C50307,2018,135C50307,1,1,1,2,36,7,3,0,0,0,0,0,9,1,6,2018,135C50307,426301.0,435567.0,-1.602019,53.815741,13,3,2,1,05/12/2018,4,07:50,204,E08000035,E08000035,6,0,9,30.0,6,2,3,65,0,4,1,1,1,0,0,1,2,2,E01011488
15254,2018135C50329,2018,135C50329,1,1,1,2,28,6,3,0,0,0,0,0,9,1,4,2018,135C50329,423240.0,434748.0,-1.648573,53.808524,13,3,2,2,05/12/2018,4,08:10,204,E08000035,E08000035,6,0,6,20.0,6,4,6,0,0,0,1,2,2,0,0,1,1,2,E01011335
15255,2018135C50329,2018,135C50329,2,2,2,2,11,3,3,0,0,1,0,0,9,1,1,2018,135C50329,423240.0,434748.0,-1.648573,53.808524,13,3,2,2,05/12/2018,4,08:10,204,E08000035,E08000035,6,0,6,20.0,6,4,6,0,0,0,1,2,2,0,0,1,1,2,E01011335
15256,2018135C50589,2018,135C50589,1,1,2,2,70,10,3,0,0,0,4,0,11,1,2,2018,135C50589,426067.0,427716.0,-1.606235,53.745189,13,3,1,1,05/12/2018,4,11:27,204,E08000035,E08000035,6,0,6,30.0,0,-1,-1,-1,0,0,1,2,2,0,0,1,1,2,E01011541
15257,2018135C50617,2018,135C50617,1,1,1,1,27,6,3,0,0,0,0,0,1,1,1,2018,135C50617,432436.0,434836.0,-1.508921,53.808825,13,3,2,1,05/12/2018,4,11:17,204,E08000035,E08000035,6,0,6,30.0,6,2,6,0,0,0,1,2,2,0,0,1,1,2,E01011344
15258,2018135C51083,2018,135C51083,1,1,3,2,6,2,3,1,3,0,0,0,0,1,7,2018,135C51083,429910.0,436615.0,-1.547107,53.824965,13,3,1,2,05/12/2018,4,15:42,204,E08000035,E08000035,4,6159,6,30.0,0,-1,-1,-1,0,1,4,2,2,0,0,1,1,2,E01011355
15259,2018135C51083,2018,135C51083,1,2,3,2,32,6,3,1,3,0,0,0,0,1,7,2018,135C51083,429910.0,436615.0,-1.547107,53.824965,13,3,1,2,05/12/2018,4,15:42,204,E08000035,E08000035,4,6159,6,30.0,0,-1,-1,-1,0,1,4,2,2,0,0,1,1,2,E01011355
15260,2018135C60332,2018,135C60332,2,1,1,2,26,6,2,0,0,0,0,0,9,1,6,2018,135C60332,437781.0,448278.0,-1.426109,53.929275,13,2,2,1,06/12/2018,5,08:05,204,E08000035,E08000035,6,0,6,60.0,0,-1,-1,-1,0,0,1,1,1,0,0,2,2,2,E01011706
15261,2018135C60491,2018,135C60491,1,1,2,2,36,7,3,0,0,0,4,0,11,1,1,2018,135C60491,432036.0,435711.0,-1.514904,53.816714,13,3,2,1,06/12/2018,5,10:14,204,E08000035,E08000035,6,0,6,30.0,0,-1,-1,-1,0,0,1,1,1,0,0,1,1,2,E01011427
15262,2018135C60827,2018,135C60827,1,1,3,1,26,6,2,5,1,0,0,0,0,1,6,2018,135C60827,428615.0,433969.0,-1.567024,53.801257,13,2,1,1,06/12/2018,5,13:00,204,E08000035,E08000035,3,65,3,30.0,0,-1,-1,-1,0,0,1,1,1,0,0,1,2,2,E01011678
15263,2018135C60885,2018,135C60885,1,1,3,2,28,6,3,8,1,0,0,0,0,1,1,2018,135C60885,428728.0,429690.0,-1.565705,53.762792,13,3,1,1,06/12/2018,5,04:45,204,E08000035,E08000035,3,653,7,40.0,5,4,3,6110,0,0,4,2,2,0,0,1,2,2,E01011322
15264,2018135C61363,2018,135C61363,1,1,3,2,13,3,3,1,1,0,0,0,0,1,2,2018,135C61363,432687.0,435875.0,-1.505,53.818148,13,3,1,1,06/12/2018,5,16:00,204,E08000035,E08000035,3,58,3,40.0,0,-1,-1,-1,0,4,7,1,1,0,0,1,2,2,E01011424
15265,2018135C61456,2018,135C61456,1,1,3,2,39,7,3,1,3,0,0,0,0,1,1,2018,135C61456,431290.0,431553.0,-1.526655,53.779389,13,3,1,1,06/12/2018,5,15:55,204,E08000035,E08000035,6,0,6,30.0,0,-1,-1,-1,0,4,1,1,1,0,0,1,2,2,E01011467
15266,2018135C61765,2018,135C61765,1,1,1,2,27,6,3,0,0,0,0,0,9,1,6,2018,135C61765,432524.0,427557.0,-1.508349,53.743399,13,3,3,3,06/12/2018,5,20:30,204,E08000035,E08000035,6,0,6,30.0,6,2,3,61,0,4,4,2,2,0,0,1,1,2,E01011496
15267,2018135C61765,2018,135C61765,1,2,2,2,30,6,3,0,0,1,0,0,9,1,5,2018,135C61765,432524.0,427557.0,-1.508349,53.743399,13,3,3,3,06/12/2018,5,20:30,204,E08000035,E08000035,6,0,6,30.0,6,2,3,61,0,4,4,2,2,0,0,1,1,2,E01011496
15268,2018135C61765,2018,135C61765,2,3,1,1,33,6,3,0,0,0,0,0,9,1,1,2018,135C61765,432524.0,427557.0,-1.508349,53.743399,13,3,3,3,06/12/2018,5,20:30,204,E08000035,E08000035,6,0,6,30.0,6,2,3,61,0,4,4,2,2,0,0,1,1,2,E01011496
15269,2018135C61932,2018,135C61932,2,1,1,2,22,5,2,0,0,0,0,0,1,1,2,2018,135C61932,428631.0,434605.0,-1.566722,53.806972,13,2,2,1,06/12/2018,5,22:00,204,E08000035,E08000035,6,0,6,30.0,3,4,6,0,0,0,4,1,1,0,0,1,2,2,E01011681
15270,2018135C61940,2018,135C61940,1,1,3,1,16,4,3,5,3,0,0,0,0,1,1,2018,135C61940,430717.0,430914.0,-1.535414,53.77368,13,3,1,1,06/12/2018,5,22:10,204,E08000035,E08000035,6,0,6,30.0,0,-1,-1,-1,0,0,4,1,1,0,0,1,1,2,E01011471
15271,2018135C70431,2018,135C70431,1,1,1,2,75,10,3,0,0,0,0,0,8,2,10,2018,135C70431,426287.0,444697.0,-1.601456,53.897798,13,3,3,1,07/12/2018,6,09:00,204,E08000035,E08000035,3,659,6,30.0,0,-1,-1,-1,0,0,1,1,2,0,2,2,1,2,E01011576
15272,2018135C70525,2018,135C70525,1,1,3,1,26,6,3,4,1,0,0,0,0,1,3,2018,135C70525,430415.0,433747.0,-1.539718,53.79916,13,3,1,1,07/12/2018,6,10:10,204,E08000035,E08000035,6,0,6,30.0,6,2,6,0,0,5,1,1,2,0,0,1,1,2,E01033010
15273,2018135C70602,2018,135C70602,2,1,1,1,24,5,3,0,0,0,0,0,1,1,5,2018,135C70602,428838.0,436574.0,-1.563396,53.824657,13,3,2,1,07/12/2018,6,19:20,204,E08000035,E08000035,6,0,6,30.0,6,4,6,0,0,0,4,1,1,0,0,1,2,2,E01011691
15274,2018135C70788,2018,135C70788,2,1,1,1,46,8,3,0,0,0,0,0,1,1,5,2018,135C70788,427053.0,439815.0,-1.590228,53.853881,13,3,2,1,07/12/2018,6,12:50,204,E08000035,E08000035,6,0,6,30.0,3,4,6,0,0,0,1,4,2,0,0,1,1,2,E01011380
15275,2018135C70960,2018,135C70960,1,1,3,2,12,3,3,4,3,0,0,0,0,1,2,2018,135C70960,427797.0,425850.0,-1.580171,53.728329,13,3,1,1,07/12/2018,6,14:15,204,E08000035,E08000035,3,653,3,40.0,3,2,6,0,0,5,1,1,2,0,0,1,1,2,E01011550
15276,2018135C71136,2018,135C71136,2,1,1,2,87,11,3,0,0,0,0,0,9,1,8,2018,135C71136,440140.0,426162.0,-1.393061,53.730334,13,3,2,2,07/12/2018,6,15:41,204,E08000035,E08000035,3,639,6,60.0,3,4,6,0,0,0,4,2,2,0,0,2,1,2,E01011394
15277,2018135C71136,2018,135C71136,2,2,2,1,91,11,3,0,0,1,0,0,9,1,8,2018,135C71136,440140.0,426162.0,-1.393061,53.730334,13,3,2,2,07/12/2018,6,15:41,204,E08000035,E08000035,3,639,6,60.0,3,4,6,0,0,0,4,2,2,0,0,2,1,2,E01011394
15278,2018135C71161,2018,135C71161,1,1,3,1,11,3,3,4,3,0,0,0,0,1,3,2018,135C71161,434339.0,434341.0,-1.480078,53.804255,13,3,1,1,07/12/2018,6,15:50,204,E08000035,E08000035,3,64,6,40.0,0,-1,-1,-1,0,5,4,2,2,0,0,1,1,2,E01011346
15279,2018135C71237,2018,135C71237,1,1,3,1,50,8,3,1,3,0,0,0,0,2,10,2018,135C71237,424444.0,445235.0,-1.629459,53.902723,13,3,1,1,07/12/2018,6,16:30,204,E08000035,E08000035,3,658,6,20.0,0,-1,-1,-1,0,4,4,2,2,0,0,2,1,2,E01011570
15280,2018135C80075,2018,135C80075,1,1,3,1,66,10,1,9,9,0,0,0,0,1,3,2018,135C80075,429664.0,435398.0,-1.550961,53.814041,13,1,1,1,08/12/2018,7,00:40,204,E08000035,E08000035,6,0,6,30.0,0,-1,-1,-1,0,0,4,5,2,0,0,1,1,2,E01011670
15281,2018135C80709,2018,135C80709,2,1,1,1,73,10,3,0,0,0,0,0,9,1,1,2018,135C80709,428528.0,431535.0,-1.568569,53.779385,13,3,2,1,08/12/2018,7,11:04,204,E08000035,E08000035,3,643,6,30.0,1,2,1,621,0,0,1,1,2,0,0,1,1,2,E01011366
15282,2018135C81045,2018,135C81045,2,1,1,1,52,8,3,0,0,0,0,0,1,1,4,2018,135C81045,439312.0,432368.0,-1.404823,53.786172,13,3,2,1,08/12/2018,7,14:46,204,E08000035,E08000035,3,642,1,40.0,1,4,3,63,0,0,1,2,2,0,0,2,2,2,E01011402
15283,2018135C81352,2018,135C81352,1,1,2,1,31,6,3,0,0,2,0,0,9,1,1,2018,135C81352,428698.0,433087.0,-1.565846,53.793325,13,3,2,1,08/12/2018,7,17:10,204,E08000035,E08000035,3,58,3,40.0,1,2,6,0,0,5,4,1,1,0,0,1,1,2,E01011363
15284,2018135C90568,2018,135C90568,1,1,3,2,4,1,3,10,9,0,0,0,0,1,1,2018,135C90568,427622.0,432470.0,-1.582234,53.787837,13,3,1,1,09/12/2018,1,10:10,204,E08000035,E08000035,6,0,6,30.0,0,-1,-1,-1,0,0,1,1,1,0,0,1,2,2,E01011362
15285,2018135C90576,2018,135C90576,2,1,2,1,52,8,3,0,0,1,0,0,9,1,8,2018,135C90576,428937.0,429842.0,-1.562521,53.764147,13,3,2,2,09/12/2018,1,10:47,204,E08000035,E08000035,6,0,6,30.0,6,2,6,0,0,1,1,1,1,0,0,1,1,2,E01011320
15286,2018135C90576,2018,135C90576,2,2,2,1,52,8,3,0,0,1,0,0,9,1,8,2018,135C90576,428937.0,429842.0,-1.562521,53.764147,13,3,2,2,09/12/2018,1,10:47,204,E08000035,E08000035,6,0,6,30.0,6,2,6,0,0,1,1,1,1,0,0,1,1,2,E01011320
15287,2018135C90697,2018,135C90697,1,1,1,2,19,4,3,0,0,0,0,0,9,1,8,2018,135C90697,443460.0,438470.0,-1.341012,53.840685,13,3,2,4,09/12/2018,1,12:14,204,E08000035,E08000035,2,1,3,70.0,0,-1,-1,-1,0,0,1,1,1,0,0,2,1,1,E01011309
15288,2018135C90697,2018,135C90697,2,2,1,2,49,8,3,0,0,0,0,0,9,1,8,2018,135C90697,443460.0,438470.0,-1.341012,53.840685,13,3,2,4,09/12/2018,1,12:14,204,E08000035,E08000035,2,1,3,70.0,0,-1,-1,-1,0,0,1,1,1,0,0,2,1,1,E01011309
15289,2018135C90697,2018,135C90697,2,3,2,2,74,10,3,0,0,2,0,0,9,1,8,2018,135C90697,443460.0,438470.0,-1.341012,53.840685,13,3,2,4,09/12/2018,1,12:14,204,E08000035,E08000035,2,1,3,70.0,0,-1,-1,-1,0,0,1,1,1,0,0,2,1,1,E01011309
15290,2018135C90697,2018,135C90697,2,4,2,2,51,8,3,0,0,1,0,0,9,1,8,2018,135C90697,443460.0,438470.0,-1.341012,53.840685,13,3,2,4,09/12/2018,1,12:14,204,E08000035,E08000035,2,1,3,70.0,0,-1,-1,-1,0,0,1,1,1,0,0,2,1,1,E01011309
15291,2018135C90757,2018,135C90757,3,1,1,1,78,11,2,0,0,0,0,0,9,3,7,2018,135C90757,415909.0,442022.0,-1.759522,53.874175,13,2,3,1,09/12/2018,1,12:53,204,E08000035,E08000035,6,0,6,30.0,6,4,6,0,0,0,1,1,2,0,0,2,1,2,E01011270
15292,2018135C90864,2018,135C90864,2,1,1,1,27,6,3,0,0,0,0,0,3,1,3,2018,135C90864,424929.0,427640.0,-1.623496,53.744561,13,3,2,1,09/12/2018,1,14:00,204,E08000035,E08000035,3,650,6,30.0,6,2,3,643,0,5,1,1,2,0,0,1,1,2,E01011530
15293,2018135C91441,2018,135C91441,1,1,1,1,43,7,2,0,0,0,0,0,1,1,9,2018,135C91441,419954.0,446142.0,-1.697735,53.911066,13,2,2,1,09/12/2018,1,18:30,204,E08000035,E08000035,6,0,6,60.0,0,-1,-1,-1,0,0,6,1,1,0,0,1,2,2,E01011583
15294,2018135C91592,2018,135C91592,2,1,1,2,38,7,3,0,0,0,0,0,9,1,5,2018,135C91592,433225.0,426248.0,-1.497861,53.73159,13,3,2,1,09/12/2018,1,12:10,204,E08000035,E08000035,6,0,6,30.0,0,-1,-1,-1,0,0,1,1,1,0,0,1,2,2,E01011500
15295,2018135CA1058,2018,135CA1058,1,1,1,2,33,6,3,0,0,0,0,0,1,-1,-1,2018,135CA1058,424581.0,434665.0,-1.628215,53.807717,13,3,3,1,10/12/2018,2,12:35,204,E08000035,E08000035,6,0,6,30.0,3,4,6,0,0,0,1,1,2,0,0,1,1,2,E01011336
15296,2018135CA1324,2018,135CA1324,1,1,1,1,74,10,3,0,0,0,0,0,9,1,8,2018,135CA1324,431842.0,426340.0,-1.518814,53.732503,13,3,2,2,10/12/2018,2,16:20,204,E08000035,E08000035,1,62,3,70.0,0,-1,-1,-1,0,0,4,1,1,0,0,2,1,1,E01011499
15297,2018135CA1324,2018,135CA1324,2,2,1,1,22,5,3,0,0,0,0,0,9,1,4,2018,135CA1324,431842.0,426340.0,-1.518814,53.732503,13,3,2,2,10/12/2018,2,16:20,204,E08000035,E08000035,1,62,3,70.0,0,-1,-1,-1,0,0,4,1,1,0,0,2,1,1,E01011499
15298,2018135CA1436,2018,135CA1436,1,1,3,1,7,2,3,5,4,0,0,0,0,1,7,2018,135CA1436,431128.0,434877.0,-1.528779,53.809274,13,3,1,1,10/12/2018,2,17:12,204,E08000035,E08000035,6,0,9,30.0,0,-1,-1,-1,0,0,4,1,2,0,0,1,1,2,E01033031
15299,2018135CA1491,2018,135CA1491,1,1,1,2,39,7,3,0,0,0,0,0,9,1,1,2018,135CA1491,431593.0,434016.0,-1.521806,53.801507,13,3,2,3,10/12/2018,2,17:35,204,E08000035,E08000035,6,0,1,30.0,2,4,6,0,0,0,4,1,1,0,0,1,1,2,E01033031
15300,2018135CA1491,2018,135CA1491,2,2,1,2,30,6,3,0,0,0,0,0,9,3,3,2018,135CA1491,431593.0,434016.0,-1.521806,53.801507,13,3,2,3,10/12/2018,2,17:35,204,E08000035,E08000035,6,0,1,30.0,2,4,6,0,0,0,4,1,1,0,0,1,1,2,E01033031
15301,2018135CA1491,2018,135CA1491,2,3,2,2,5,1,3,0,0,2,0,0,9,3,3,2018,135CA1491,431593.0,434016.0,-1.521806,53.801507,13,3,2,3,10/12/2018,2,17:35,204,E08000035,E08000035,6,0,1,30.0,2,4,6,0,0,0,4,1,1,0,0,1,1,2,E01033031
15302,2018135CA1800,2018,135CA1800,1,1,1,1,32,6,3,0,0,0,0,0,9,1,4,2018,135CA1800,426867.0,436008.0,-1.593385,53.819675,13,3,2,1,11/12/2018,3,20:07,204,E08000035,E08000035,6,0,6,30.0,0,-1,-1,-1,0,0,4,1,2,0,0,1,1,2,E01011477
15303,2018135CB0204,2018,135CB0204,1,1,3,2,20,4,3,1,3,0,0,0,0,1,2,2018,135CB0204,428035.0,435100.0,-1.575727,53.811453,13,3,1,1,11/12/2018,3,05:48,204,E08000035,E08000035,6,0,6,30.0,3,4,6,0,0,4,4,1,1,0,0,1,2,2,E01011446
15304,2018135CB0226,2018,135CB0226,3,1,1,1,45,7,3,0,0,0,0,0,9,1,1,2018,135CB0226,432944.0,425953.0,-1.502151,53.728957,13,3,4,1,11/12/2018,3,06:35,204,E08000035,E08000035,1,62,3,70.0,0,-1,-1,-1,0,0,6,1,2,0,0,2,1,1,E01011500
15305,2018135CB0273,2018,135CB0273,2,1,1,1,38,7,3,0,0,0,0,0,9,1,8,2018,135CB0273,424997.0,426936.0,-1.622521,53.73823,13,3,3,1,11/12/2018,3,07:35,204,E08000035,E08000035,1,62,3,70.0,0,-1,-1,-1,0,0,1,1,1,0,0,1,1,1,E01011534
15306,2018135CB0323,2018,135CB0323,1,1,1,1,34,6,3,0,0,0,0,0,1,1,7,2018,135CB0323,425044.0,436070.0,-1.62107,53.820323,13,3,4,1,11/12/2018,3,08:15,204,E08000035,E08000035,4,6157,6,30.0,0,-1,-1,-1,0,0,1,1,1,0,0,1,1,2,E01011326
15307,2018135CB0325,2018,135CB0325,1,1,3,1,12,3,3,1,1,0,0,0,0,1,1,2018,135CB0325,431727.0,432860.0,-1.51989,53.79111,13,3,1,1,11/12/2018,3,08:15,204,E08000035,E08000035,6,0,6,30.0,0,-1,-1,-1,0,1,1,1,1,0,0,1,2,2,E01011626
15308,2018135CB0345,2018,135CB0345,2,1,2,1,49,8,3,0,0,1,0,0,9,1,3,2018,135CB0345,428688.0,429646.0,-1.566316,53.762399,13,3,2,1,11/12/2018,3,08:30,204,E08000035,E08000035,3,653,6,30.0,0,-1,-1,-1,0,0,1,1,2,0,0,1,1,2,E01011321
15309,2018135CB0505,2018,135CB0505,2,1,1,1,56,9,3,0,0,0,0,0,8,1,3,2018,135CB0505,428452.0,429061.0,-1.569949,53.757154,13,3,2,2,11/12/2018,3,09:15,204,E08000035,E08000035,6,0,3,30.0,3,4,6,0,0,0,1,1,2,0,0,2,1,2,E01011493
15310,2018135CB0505,2018,135CB0505,2,2,2,1,54,8,3,0,0,2,0,0,8,1,1,2018,135CB0505,428452.0,429061.0,-1.569949,53.757154,13,3,2,2,11/12/2018,3,09:15,204,E08000035,E08000035,6,0,3,30.0,3,4,6,0,0,0,1,1,2,0,0,2,1,2,E01011493
15311,2018135CB1497,2018,135CB1497,2,1,1,2,31,6,3,0,0,0,0,0,9,3,10,2018,135CB1497,435177.0,437621.0,-1.466982,53.833679,13,3,2,1,11/12/2018,3,17:00,204,E08000035,E08000035,3,6120,6,40.0,3,4,6,0,0,0,4,1,1,0,0,1,2,2,E01011657
15312,2018135CB1892,2018,135CB1892,1,1,1,1,33,6,3,0,0,0,0,0,1,1,4,2018,135CB1892,426821.0,437995.0,-1.593912,53.837536,13,3,2,1,11/12/2018,3,20:00,204,E08000035,E08000035,6,0,1,30.0,1,4,3,6120,0,0,4,1,1,0,0,2,2,2,E01011687
15313,2018135CC0392,2018,135CC0392,1,1,1,1,24,5,2,0,0,0,0,0,3,1,1,2018,135CC0392,434068.0,435139.0,-1.484105,53.811445,13,2,2,1,12/12/2018,4,09:15,204,E08000035,E08000035,6,0,6,30.0,6,4,6,0,0,0,1,1,1,0,0,1,1,2,E01011339
15314,2018135CC0699,2018,135CC0699,2,1,1,2,75,10,3,0,0,0,0,0,1,1,8,2018,135CC0699,430781.0,438590.0,-1.533679,53.842665,13,3,2,1,11/12/2018,3,16:52,204,E08000035,E08000035,6,0,6,30.0,6,2,6,0,0,5,4,2,2,0,0,1,2,2,E01011512
15315,2018135CC1201,2018,135CC1201,1,1,1,1,74,10,3,0,0,0,0,0,9,3,3,2018,135CC1201,442129.0,431745.0,-1.362155,53.780354,13,3,2,3,12/12/2018,4,17:00,204,E08000035,E08000035,3,63,6,60.0,0,-1,-1,-1,0,0,6,1,1,0,0,2,1,2,E01011302
15316,2018135CC1201,2018,135CC1201,1,2,2,2,65,9,3,0,0,1,0,0,9,3,3,2018,135CC1201,442129.0,431745.0,-1.362155,53.780354,13,3,2,3,12/12/2018,4,17:00,204,E08000035,E08000035,3,63,6,60.0,0,-1,-1,-1,0,0,6,1,1,0,0,2,1,2,E01011302
15317,2018135CC1201,2018,135CC1201,2,3,1,1,48,8,3,0,0,0,0,0,9,1,7,2018,135CC1201,442129.0,431745.0,-1.362155,53.780354,13,3,2,3,12/12/2018,4,17:00,204,E08000035,E08000035,3,63,6,60.0,0,-1,-1,-1,0,0,6,1,1,0,0,2,1,2,E01011302
15318,2018135CC1443,2018,135CC1443,1,1,1,2,31,6,3,0,0,0,0,0,9,1,7,2018,135CC1443,441671.0,434632.0,-1.368716,53.806337,13,3,2,1,12/12/2018,4,18:19,204,E08000035,E08000035,1,1,3,70.0,0,-1,-1,-1,0,0,6,1,1,0,0,2,1,1,E01011297
15319,2018135CC1625,2018,135CC1625,2,1,1,1,37,7,3,0,0,0,0,0,9,-1,-1,2018,135CC1625,438671.0,445823.0,-1.412864,53.907146,13,3,2,1,12/12/2018,4,19:49,204,E08000035,E08000035,3,58,6,40.0,0,-1,-1,-1,0,0,6,1,1,0,0,1,1,2,E01011696
15320,2018135CC1635,2018,135CC1635,1,1,1,1,34,6,3,0,0,0,0,0,9,1,1,2018,135CC1635,431669.0,425236.0,-1.521549,53.722591,13,3,2,2,12/12/2018,4,16:35,204,E08000035,E08000035,1,1,3,70.0,0,-1,-1,-1,0,0,4,1,1,0,0,2,1,1,E01011551
15321,2018135CC1635,2018,135CC1635,2,2,1,2,25,5,3,0,0,0,0,0,9,1,3,2018,135CC1635,431669.0,425236.0,-1.521549,53.722591,13,3,2,2,12/12/2018,4,16:35,204,E08000035,E08000035,1,1,3,70.0,0,-1,-1,-1,0,0,4,1,1,0,0,2,1,1,E01011551
15322,2018135CD0593,2018,135CD0593,1,1,1,2,50,8,3,0,0,0,0,0,9,1,2,2018,135CD0593,429907.0,432964.0,-1.547506,53.792152,13,3,2,1,13/12/2018,5,10:40,204,E08000035,E08000035,6,0,6,30.0,0,-1,-1,-1,0,0,1,1,1,0,0,1,2,2,E01033016
15323,2018135CD1056,2018,135CD1056,1,1,1,1,54,8,2,0,0,0,0,0,1,1,9,2018,135CD1056,441301.0,431051.0,-1.374812,53.774182,13,2,2,1,13/12/2018,5,14:20,204,E08000035,E08000035,4,6137,6,30.0,0,-1,-1,-1,0,0,1,1,1,0,0,1,2,2,E01011301
15324,2018135CD1424,2018,135CD1424,2,1,1,1,34,6,3,0,0,0,0,0,1,1,1,2018,135CD1424,430440.0,434398.0,-1.539274,53.805009,13,3,2,1,13/12/2018,5,17:05,204,E08000035,E08000035,6,0,6,30.0,0,-1,-1,-1,0,0,4,1,1,0,0,1,2,2,E01033002
15325,2018135CD1917,2018,135CD1917,2,1,2,2,80,11,3,0,0,1,0,0,9,-1,-1,2018,135CD1917,428010.0,426194.0,-1.576911,53.731409,13,3,2,1,13/12/2018,5,21:25,204,E08000035,E08000035,3,653,3,40.0,1,2,3,650,0,0,4,1,1,0,0,1,1,2,E01011550
15326,2018135CE0280,2018,135CE0280,1,1,1,1,35,6,2,0,0,0,0,0,3,1,3,2018,135CE0280,423990.0,435839.0,-1.637099,53.818296,13,2,2,1,14/12/2018,6,07:10,204,E08000035,E08000035,4,6157,6,40.0,6,4,6,0,0,0,4,1,1,0,0,1,1,2,E01011325