,accident_index,accident_year_x,accident_reference_x,vehicle_reference,casualty_reference,casualty_class,sex_of_casualty,age_of_casualty,age_band_of_casualty,casualty_severity,pedestrian_location,pedestrian_movement,car_passenger,bus_or_coach_passenger,pedestrian_road_maintenance_worker,casualty_type,casualty_home_area_type,casualty_imd_decile,accident_year_y,accident_reference_y,location_easting_osgr,location_northing_osgr,longitude,latitude,police_force,accident_severity,number_of_vehicles,number_of_casualties,date,day_of_week,time,local_authority_district,local_authority_ons_district,local_authority_highway,first_road_class,first_road_number,road_type,speed_limit,junction_detail,junction_control,second_road_class,second_road_number,pedestrian_crossing_human_control,pedestrian_crossing_physical_facilities,light_conditions,weather_conditions,road_surface_conditions,special_conditions_at_site,carriageway_hazards,urban_or_rural_area,did_police_officer_attend_scene_of_accident,trunk_road_flag,lsoa_of_accident_location
15327,2018135CE0495,2018,135CE0495,2,1,1,2,59,9,3,0,0,0,0,0,9,1,5,2018,135CE0495,422939.0,435169.0,-1.653113,53.812321,13,3,3,1,14/12/2018,6,10:00,204,E08000035,E08000035,6,0,6,30.0,0,-1,-1,-1,0,0,1,8,1,0,0,1,1,2,E01011333
15328,2018135CE1087,2018,135CE1087,1,1,3,1,14,3,3,5,3,0,0,0,0,1,1,2018,135CE1087,431075.0,431213.0,-1.529952,53.776346,13,3,1,1,14/12/2018,6,15:10,204,E08000035,E08000035,6,0,6,30.0,3,4,6,0,0,0,1,1,1,0,0,1,1,2,E01011467
15329,2018135CE1376,2018,135CE1376,1,1,1,1,53,8,3,0,0,0,0,0,19,1,10,2018,135CE1376,443384.0,438678.0,-1.342138,53.842561,13,3,5,2,14/12/2018,6,17:28,204,E08000035,E08000035,2,1,3,70.0,0,-1,-1,-1,0,0,4,1,1,0,0,2,1,1,E01011309
15330,2018135CE1376,2018,135CE1376,4,2,1,1,39,7,3,0,0,0,0,0,9,1,9,2018,135CE1376,443384.0,438678.0,-1.342138,53.842561,13,3,5,2,14/12/2018,6,17:28,204,E08000035,E08000035,2,1,3,70.0,0,-1,-1,-1,0,0,4,1,1,0,0,2,1,1,E01011309
15331,2018135CE1402,2018,135CE1402,1,1,3,1,79,11,2,5,3,0,0,0,0,1,7,2018,135CE1402,433910.0,436512.0,-1.486354,53.823795,13,2,1,1,14/12/2018,6,17:40,204,E08000035,E08000035,6,0,6,30.0,0,-1,-1,-1,0,0,4,1,1,0,0,1,1,2,E01011421
15332,2018135CE1818,2018,135CE1818,1,1,1,1,57,9,2,0,0,0,0,0,20,1,1,2018,135CE1818,422649.0,442784.0,-1.656958,53.880775,13,2,2,2,14/12/2018,6,20:56,204,E08000035,E08000035,3,658,6,50.0,0,-1,-1,-1,0,0,6,1,2,0,0,2,1,2,E01032503
15333,2018135CE1818,2018,135CE1818,2,2,1,2,43,7,2,0,0,0,0,0,9,1,2,2018,135CE1818,422649.0,442784.0,-1.656958,53.880775,13,2,2,2,14/12/2018,6,20:56,204,E08000035,E08000035,3,658,6,50.0,0,-1,-1,-1,0,0,6,1,2,0,0,2,1,2,E01032503
15334,2018135CE1925,2018,135CE1925,1,1,1,2,27,6,3,0,0,0,0,0,9,1,2,2018,135CE1925,435100.0,431253.0,-1.468874,53.776451,13,3,1,1,14/12/2018,6,21:59,204,E08000035,E08000035,1,1,3,70.0,5,4,1,1,0,0,6,1,1,0,0,2,1,1,E01011420
15335,2018135CE2049,2018,135CE2049,1,1,1,1,45,7,3,0,0,0,0,0,9,-1,-1,2018,135CE2049,428686.0,434942.0,-1.565856,53.809998,13,3,1,1,14/12/2018,6,23:10,204,E08000035,E08000035,6,0,6,30.0,0,-1,-1,-1,0,0,4,1,1,0,0,1,2,2,E01011681
15336,2018135CF0936,2018,135CF0936,1,1,1,1,52,8,3,0,0,0,0,0,9,1,2,2018,135CF0936,427142.0,437375.0,-1.589089,53.831947,13,3,2,1,15/12/2018,7,13:00,204,E08000035,E08000035,6,0,6,30.0,0,-1,-1,-1,0,0,1,1,2,0,0,1,1,2,E01011690
15337,2018135CF1269,2018,135CF1269,2,1,1,2,38,7,3,0,0,0,0,0,9,1,3,2018,135CF1269,420577.0,445102.0,-1.688321,53.901694,13,3,2,1,15/12/2018,7,16:55,204,E08000035,E08000035,6,0,6,30.0,0,-1,-1,-1,0,4,4,2,2,0,0,1,2,2,E01011572
15338,2018135CG0691,2018,135CG0691,2,1,1,2,22,5,3,0,0,0,0,0,9,1,9,2018,135CG0691,443632.0,437505.0,-1.338535,53.831998,13,3,3,3,16/12/2018,1,11:45,204,E08000035,E08000035,2,1,3,70.0,0,-1,-1,-1,0,0,1,1,2,0,0,2,1,1,E01011297
15339,2018135CG0691,2018,135CG0691,2,2,2,2,51,8,3,0,0,1,0,0,9,1,9,2018,135CG0691,443632.0,437505.0,-1.338535,53.831998,13,3,3,3,16/12/2018,1,11:45,204,E08000035,E08000035,2,1,3,70.0,0,-1,-1,-1,0,0,1,1,2,0,0,2,1,1,E01011297
15340,2018135CG0691,2018,135CG0691,3,3,1,2,31,6,3,0,0,0,0,0,9,3,9,2018,135CG0691,443632.0,437505.0,-1.338535,53.831998,13,3,3,3,16/12/2018,1,11:45,204,E08000035,E08000035,2,1,3,70.0,0,-1,-1,-1,0,0,1,1,2,0,0,2,1,1,E01011297
15341,2018135CG1548,2018,135CG1548,1,1,1,1,33,6,3,0,0,0,0,0,9,1,5,2018,135CG1548,430504.0,430647.0,-1.538672,53.771293,13,3,2,1,16/12/2018,1,12:45,204,E08000035,E08000035,1,621,3,50.0,0,-1,-1,-1,0,0,1,1,2,0,7,1,2,1,E01011468
15342,2018135CH0498,2018,135CH0498,2,1,1,1,36,7,3,0,0,0,0,0,1,1,5,2018,135CH0498,424655.0,433593.0,-1.627177,53.798079,13,3,2,1,17/12/2018,2,09:15,204,E08000035,E08000035,3,6110,1,30.0,1,4,6,0,0,0,1,1,2,0,0,1,2,2,E01011727
15343,2018135CH0840,2018,135CH0840,2,1,1,1,22,5,3,0,0,0,0,0,1,1,1,2018,135CH0840,427915.0,433636.0,-1.577681,53.798302,13,3,2,1,17/12/2018,2,09:00,204,E08000035,E08000035,6,0,6,30.0,8,4,6,0,0,0,1,1,2,0,0,1,2,2,E01011293
15344,2018135CH1052,2018,135CH1052,1,1,1,2,52,8,2,0,0,0,0,0,9,1,3,2018,135CH1052,430617.0,432662.0,-1.536758,53.789396,13,2,2,1,17/12/2018,2,14:59,204,E08000035,E08000035,6,0,3,30.0,3,2,6,0,0,4,1,1,1,0,0,1,1,2,E01033018
15345,2018135CH1376,2018,135CH1376,1,1,1,2,24,5,3,0,0,0,0,0,9,3,6,2018,135CH1376,430438.0,434355.0,-1.539309,53.804623,13,3,2,2,17/12/2018,2,17:23,204,E08000035,E08000035,6,0,6,30.0,3,4,6,0,0,0,4,1,2,0,0,1,1,2,E01033002
15346,2018135CH1376,2018,135CH1376,2,2,1,1,49,8,3,0,0,0,0,0,9,1,6,2018,135CH1376,430438.0,434355.0,-1.539309,53.804623,13,3,2,2,17/12/2018,2,17:23,204,E08000035,E08000035,6,0,6,30.0,3,4,6,0,0,0,4,1,2,0,0,1,1,2,E01033002
15347,2018135CI0933,2018,135CI0933,1,1,1,1,50,8,3,0,0,0,0,0,9,1,5,2018,135CI0933,436741.0,425946.0,-1.444604,53.728641,13,3,2,2,23/11/2018,6,15:40,204,E08000035,E08000035,1,62,3,70.0,0,-1,-1,-1,0,0,1,1,1,0,0,2,2,1,E01011636
15348,2018135CI0933,2018,135CI0933,2,2,1,1,48,8,3,0,0,0,0,0,9,1,5,2018,135CI0933,436741.0,425946.0,-1.444604,53.728641,13,3,2,2,23/11/2018,6,15:40,204,E08000035,E08000035,1,62,3,70.0,0,-1,-1,-1,0,0,1,1,1,0,0,2,2,1,E01011636
15349,2018135CI1012,2018,135CI1012,1,1,2,1,43,7,3,0,0,1,0,0,9,1,1,2018,135CI1012,430770.0,438458.0,-1.533859,53.84148,13,3,2,1,18/12/2018,3,15:13,204,E08000035,E08000035,6,0,6,30.0,3,4,6,0,0,0,4,2,2,0,0,1,1,2,E01011512
15350,2018135CI1122,2018,135CI1122,1,1,3,2,12,3,2,5,1,0,0,0,0,1,1,2018,135CI1122,436207.0,435596.0,-1.45157,53.815409,13,2,2,1,18/12/2018,3,16:06,204,E08000035,E08000035,6,0,6,30.0,3,4,6,0,0,0,4,5,2,0,0,1,1,2,E01011724
15351,2018135CI1194,2018,135CI1194,1,1,1,1,21,5,3,0,0,0,0,0,9,1,5,2018,135CI1194,431016.0,431517.0,-1.530817,53.779082,13,3,2,2,18/12/2018,3,16:43,204,E08000035,E08000035,6,0,6,30.0,3,4,6,0,0,0,4,2,2,0,0,1,2,2,E01011467
15352,2018135CI1194,2018,135CI1194,1,2,2,2,19,4,3,0,0,1,0,0,9,1,5,2018,135CI1194,431016.0,431517.0,-1.530817,53.779082,13,3,2,2,18/12/2018,3,16:43,204,E08000035,E08000035,6,0,6,30.0,3,4,6,0,0,0,4,2,2,0,0,1,2,2,E01011467
15353,2018135CI1377,2018,135CI1377,1,1,1,1,24,5,3,0,0,0,0,0,9,1,1,2018,135CI1377,431391.0,434776.0,-1.524796,53.80835,13,3,2,2,18/12/2018,3,18:06,204,E08000035,E08000035,6,0,6,30.0,3,4,6,0,0,0,4,2,2,0,0,1,1,2,E01011673
15354,2018135CI1377,2018,135CI1377,2,2,1,2,28,6,3,0,0,0,0,0,9,1,7,2018,135CI1377,431391.0,434776.0,-1.524796,53.80835,13,3,2,2,18/12/2018,3,18:06,204,E08000035,E08000035,6,0,6,30.0,3,4,6,0,0,0,4,2,2,0,0,1,1,2,E01011673
15355,2018135CJ0853,2018,135CJ0853,1,1,2,2,64,9,3,0,0,0,4,0,11,1,2,2018,135CJ0853,427837.0,432935.0,-1.578929,53.792005,13,3,2,1,19/12/2018,4,11:30,204,E08000035,E08000035,6,0,6,30.0,0,-1,-1,-1,0,0,1,1,2,0,0,1,2,2,E01011294
15356,2018135CJ0871,2018,135CJ0871,2,1,1,2,41,7,3,0,0,0,0,0,9,3,7,2018,135CJ0871,432215.0,436203.0,-1.512134,53.821125,13,3,2,1,19/12/2018,4,13:39,204,E08000035,E08000035,3,58,6,40.0,0,-1,-1,-1,0,0,1,1,2,0,0,1,1,2,E01011647
15357,2018135CJ0961,2018,135CJ0961,2,1,1,1,46,8,2,0,0,0,0,0,9,1,4,2018,135CJ0961,419839.0,441182.0,-1.699804,53.866491,13,2,2,1,19/12/2018,4,14:25,204,E08000035,E08000035,6,0,6,40.0,3,2,3,65,0,0,1,1,1,0,0,1,1,2,E01011275
15358,2018135CJ1116,2018,135CJ1116,2,1,2,2,32,6,3,0,0,1,0,0,9,1,2,2018,135CJ1116,428047.0,432828.0,-1.575751,53.791032,13,3,2,1,19/12/2018,4,15:35,204,E08000035,E08000035,3,58,6,30.0,3,4,6,0,0,0,1,1,2,0,0,1,1,2,E01011362
15359,2018135CJ1196,2018,135CJ1196,2,1,2,2,32,6,3,0,0,0,4,0,11,1,1,2018,135CJ1196,432227.0,433613.0,-1.512222,53.797847,13,3,2,1,19/12/2018,4,16:10,204,E08000035,E08000035,3,64,3,40.0,0,-1,-1,-1,0,0,1,1,2,0,0,1,1,2,E01011623
15360,2018135CJ1347,2018,135CJ1347,2,1,1,2,32,6,3,0,0,0,0,0,9,1,1,2018,135CJ1347,431514.0,432677.0,-1.523142,53.789478,13,3,3,1,19/12/2018,4,17:30,204,E08000035,E08000035,3,61,3,30.0,0,-1,-1,-1,0,0,4,1,2,0,0,1,1,2,E01011626
15361,2018135CJ1379,2018,135CJ1379,1,1,3,2,5,1,3,6,9,0,0,0,0,1,1,2018,135CJ1379,434953.0,436436.0,-1.470519,53.823044,13,3,1,1,19/12/2018,4,17:30,204,E08000035,E08000035,6,0,6,30.0,0,-1,-1,-1,0,0,4,1,2,0,0,1,1,2,E01011659
15362,2018135CJ1623,2018,135CJ1623,1,1,2,2,7,2,3,0,0,2,0,0,9,1,2,2018,135CJ1623,425749.0,432097.0,-1.610692,53.78458,13,3,2,2,19/12/2018,4,19:40,204,E08000035,E08000035,6,0,6,30.0,3,4,6,0,0,0,4,2,2,0,0,1,1,2,E01011735
15363,2018135CJ1623,2018,135CJ1623,1,2,2,2,31,6,3,0,0,2,0,0,9,1,2,2018,135CJ1623,425749.0,432097.0,-1.610692,53.78458,13,3,2,2,19/12/2018,4,19:40,204,E08000035,E08000035,6,0,6,30.0,3,4,6,0,0,0,4,2,2,0,0,1,1,2,E01011735
15364,2018135CJ1932,2018,135CJ1932,1,1,1,1,21,5,3,0,0,0,0,0,9,1,1,2018,135CJ1932,430779.0,433346.0,-1.534231,53.795534,13,3,1,1,19/12/2018,4,22:23,204,E08000035,E08000035,3,61,3,30.0,6,4,6,0,0,5,4,1,2,0,0,1,1,2,E01033011
15365,2018135CK0941,2018,135CK0941,1,1,1,1,77,11,3,0,0,0,0,0,9,1,10,2018,135CK0941,418021.0,442691.0,-1.727361,53.880119,13,3,2,2,20/12/2018,5,14:15,204,E08000035,E08000035,3,65,6,40.0,8,4,6,0,0,0,1,2,2,0,0,1,2,2,E01011280
15366,2018135CK0941,2018,135CK0941,1,2,2,2,74,10,3,0,0,1,0,0,9,1,10,2018,135CK0941,418021.0,442691.0,-1.727361,53.880119,13,3,2,2,20/12/2018,5,14:15,204,E08000035,E08000035,3,65,6,40.0,8,4,6,0,0,0,1,2,2,0,0,1,2,2,E01011280
15367,2018135CK1817,2018,135CK1817,1,1,1,2,26,6,3,0,0,0,0,0,9,1,2,2018,135CK1817,428454.0,429077.0,-1.569917,53.757297,13,3,2,1,20/12/2018,5,20:15,204,E08000035,E08000035,3,653,6,30.0,3,4,6,0,0,0,4,1,2,0,0,2,2,2,E01011493
15368,2018135CK1834,2018,135CK1834,2,1,2,2,65,9,3,0,0,1,0,0,9,1,3,2018,135CK1834,435289.0,434830.0,-1.465599,53.808587,13,3,2,1,20/12/2018,5,21:05,204,E08000035,E08000035,3,64,3,30.0,6,2,6,0,0,5,4,1,1,0,0,1,1,2,E01011666
15369,2018135CK1973,2018,135CK1973,1,1,1,1,21,5,3,0,0,0,0,0,3,1,3,2018,135CK1973,431301.0,431732.0,-1.52647,53.780997,13,3,2,1,20/12/2018,5,22:29,204,E08000035,E08000035,3,639,3,40.0,0,-1,-1,-1,0,0,4,1,2,0,0,1,1,2,E01011467
15370,2018135CL0858,2018,135CL0858,1,1,1,2,80,11,3,0,0,0,0,0,9,1,10,2018,135CL0858,427199.0,433534.0,-1.58856,53.797423,13,2,2,2,21/12/2018,6,13:51,204,E08000035,E08000035,6,0,2,30.0,0,-1,-1,-1,0,0,1,1,1,0,0,1,1,2,E01011293
15371,2018135CL0858,2018,135CL0858,1,2,3,2,66,10,2,6,9,0,0,0,0,1,1,2018,135CL0858,427199.0,433534.0,-1.58856,53.797423,13,2,2,2,21/12/2018,6,13:51,204,E08000035,E08000035,6,0,2,30.0,0,-1,-1,-1,0,0,1,1,1,0,0,1,1,2,E01011293
15372,2018135CL1088,2018,135CL1088,1,1,3,1,6,2,3,5,3,0,0,0,0,1,3,2018,135CL1088,436204.0,436253.0,-1.451538,53.821314,13,3,1,1,21/12/2018,6,15:15,204,E08000035,E08000035,6,0,6,30.0,0,-1,-1,-1,0,0,1,1,1,0,0,1,1,2,E01011724
15373,2018135CL1122,2018,135CL1122,2,1,1,2,32,6,3,0,0,0,0,0,9,1,2,2018,135CL1122,431914.0,428209.0,-1.517531,53.749297,13,3,2,1,21/12/2018,6,15:44,204,E08000035,E08000035,1,1,3,70.0,0,-1,-1,-1,0,0,1,1,2,0,0,2,1,1,E01011502
15374,2018135CM0267,2018,135CM0267,1,1,2,2,21,5,3,0,0,1,0,0,9,1,3,2018,135CM0267,425974.0,433087.0,-1.607194,53.793467,13,3,3,1,22/12/2018,7,03:00,204,E08000035,E08000035,6,0,6,30.0,0,-1,-1,-1,0,0,4,1,2,0,0,1,1,2,E01011725
15375,2018135CM1715,2018,135CM1715,1,1,1,1,33,6,3,0,0,0,0,0,9,1,2,2018,135CM1715,428432.0,435006.0,-1.569707,53.810587,13,3,2,1,22/12/2018,7,19:30,204,E08000035,E08000035,6,0,6,30.0,6,4,6,0,0,0,1,1,1,0,0,1,1,2,E01011445
15376,2018135CN0571,2018,135CN0571,2,1,1,2,29,6,3,0,0,0,0,0,1,1,9,2018,135CN0571,434997.0,438393.0,-1.46963,53.840629,13,3,2,1,22/12/2018,7,15:00,204,E08000035,E08000035,3,58,6,40.0,6,4,6,0,0,0,1,1,1,0,0,1,2,2,E01011716
15377,2018135CN1067,2018,135CN1067,1,1,1,2,49,8,3,0,0,0,0,0,9,1,7,2018,135CN1067,437312.0,429479.0,-1.435525,53.760354,13,3,2,2,23/12/2018,1,15:50,204,E08000035,E08000035,6,0,6,30.0,3,4,6,0,0,0,4,1,2,0,0,2,1,2,E01011402
15378,2018135CN1067,2018,135CN1067,2,2,1,1,25,5,3,0,0,0,0,0,9,1,1,2018,135CN1067,437312.0,429479.0,-1.435525,53.760354,13,3,2,2,23/12/2018,1,15:50,204,E08000035,E08000035,6,0,6,30.0,3,4,6,0,0,0,4,1,2,0,0,2,1,2,E01011402
15379,2018135CN1387,2018,135CN1387,1,1,3,1,50,8,2,5,1,0,0,0,0,1,1,2018,135CN1387,429221.0,431514.0,-1.558055,53.779158,13,2,1,1,23/12/2018,1,18:55,204,E08000035,E08000035,6,0,6,30.0,3,4,6,0,0,0,4,1,2,0,0,1,1,2,E01011370
15380,2018135CO0357,2018,135CO0357,1,1,3,1,65,9,2,6,6,0,0,0,0,1,7,2018,135CO0357,424970.0,440039.0,-1.621875,53.855998,13,2,1,1,24/12/2018,2,09:00,204,E08000035,E08000035,6,0,6,30.0,8,4,6,0,0,0,1,1,2,0,0,1,1,2,E01011384
15381,2018135CO0478,2018,135CO0478,3,1,1,2,61,9,3,0,0,0,0,0,9,1,2,2018,135CO0478,426230.0,431901.0,-1.603409,53.782795,13,3,4,1,24/12/2018,2,10:38,204,E08000035,E08000035,3,6110,3,40.0,6,2,6,0,0,5,1,1,1,0,0,1,1,2,E01011737
15382,2018135CQ0436,2018,135CQ0436,1,1,3,2,56,9,3,9,6,0,0,0,0,1,1,2018,135CQ0436,424791.0,435328.0,-1.624973,53.813666,13,3,1,1,21/12/2018,6,17:25,204,E08000035,E08000035,6,0,6,30.0,0,-1,-1,-1,0,0,4,1,1,0,0,1,2,2,E01011332
15383,2018135CQ0470,2018,135CQ0470,1,1,1,2,22,5,3,0,0,0,0,0,9,-1,-1,2018,135CQ0470,428399.0,427183.0,-1.570925,53.740277,13,3,1,1,26/12/2018,4,10:40,204,E08000035,E08000035,3,635,3,70.0,0,-1,-1,-1,0,0,1,1,2,0,0,2,1,2,E01011540
15384,2018135CQ0762,2018,135CQ0762,2,1,1,1,35,6,3,0,0,0,0,0,9,3,7,2018,135CQ0762,430516.0,432719.0,-1.538286,53.789914,13,3,2,1,26/12/2018,4,13:42,204,E08000035,E08000035,3,61,6,30.0,3,4,6,0,0,0,1,1,2,0,0,1,1,2,E01033016
15385,2018135CR1051,2018,135CR1051,1,1,1,1,47,8,3,0,0,0,0,0,5,1,2,2018,135CR1051,430543.0,435124.0,-1.537638,53.811528,13,3,2,1,27/12/2018,5,14:54,204,E08000035,E08000035,3,61,6,30.0,6,2,6,0,0,5,1,1,2,0,0,1,1,2,E01011361
15386,2018135CR1299,2018,135CR1299,1,1,1,1,28,6,3,0,0,0,0,0,9,1,7,2018,135CR1299,430240.0,433914.0,-1.542358,53.800671,13,3,2,1,26/12/2018,4,23:10,204,E08000035,E08000035,6,0,2,30.0,0,-1,-1,-1,0,4,4,1,1,0,0,1,2,2,E01033010
15387,2018135CU0470,2018,135CU0470,2,1,1,1,40,7,2,0,0,0,0,0,1,-1,-1,2018,135CU0470,442104.0,434636.0,-1.362141,53.806338,13,2,2,1,30/12/2018,1,09:45,204,E08000035,E08000035,3,642,1,30.0,0,-1,-1,-1,0,0,1,1,1,0,0,2,1,2,E01011297
15388,2018135CU0926,2018,135CU0926,2,1,1,2,40,7,3,0,0,0,0,0,9,1,8,2018,135CU0926,431181.0,434172.0,-1.528045,53.802934,13,3,2,1,30/12/2018,1,07:25,204,E08000035,E08000035,6,0,6,30.0,3,4,6,0,0,0,4,1,1,0,0,1,2,2,E01033035
15389,2018135CU1803,2018,135CU1803,2,1,2,1,42,7,3,0,0,1,0,0,9,1,4,2018,135CU1803,431965.0,435832.0,-1.51597,53.817806,13,3,2,1,30/12/2018,1,22:56,204,E08000035,E08000035,3,58,6,30.0,6,2,4,6159,0,0,4,1,2,0,0,1,1,2,E01011422
15390,2018135CV0814,2018,135CV0814,2,1,1,1,42,7,2,0,0,0,0,0,9,-1,-1,2018,135CV0814,432096.0,427519.0,-1.514842,53.743084,13,2,2,4,31/12/2018,2,13:45,204,E08000035,E08000035,1,1,3,70.0,0,-1,-1,-1,0,0,1,1,2,0,0,2,1,1,E01032496
15391,2018135CV0814,2018,135CV0814,2,2,2,1,36,7,3,0,0,1,0,0,9,-1,-1,2018,135CV0814,432096.0,427519.0,-1.514842,53.743084,13,2,2,4,31/12/2018,2,13:45,204,E08000035,E08000035,1,1,3,70.0,0,-1,-1,-1,0,0,1,1,2,0,0,2,1,1,E01032496
15392,2018135CV0814,2018,135CV0814,2,3,2,2,9,2,3,0,0,2,0,0,9,-1,-1,2018,135CV0814,432096.0,427519.0,-1.514842,53.743084,13,2,2,4,31/12/2018,2,13:45,204,E08000035,E08000035,1,1,3,70.0,0,-1,-1,-1,0,0,1,1,2,0,0,2,1,1,E01032496
15393,2018135CV0814,2018,135CV0814,2,4,2,2,9,2,3,0,0,2,0,0,9,-1,-1,2018,135CV0814,432096.0,427519.0,-1.514842,53.743084,13,2,2,4,31/12/2018,2,13:45,204,E08000035,E08000035,1,1,3,70.0,0,-1,-1,-1,0,0,1,1,2,0,0,2,1,1,E01032496
15394,2018135CV1097,2018,135CV1097,1,1,3,1,18,4,3,4,1,0,0,0,0,1,8,2018,135CV1097,429895.0,433375.0,-1.547648,53.795846,13,3,1,1,31/12/2018,2,16:08,204,E08000035,E08000035,6,0,6,30.0,0,-1,-1,-1,2,5,4,1,1,0,0,1,1,2,E01033016
15395,201813T087373,2018,13T087373,1,1,1,1,45,7,3,0,0,0,0,0,4,2,9,2018,13T087373,446375.0,430896.0,-1.297853,53.772364,13,3,1,1,18/05/2018,6,20:30,204,E08000035,E08000035,3,1,3,60.0,0,-1,-1,-1,0,0,1,1,1,0,0,2,1,1,E01011299
15396,2019131901350,2019,131901350,1,1,1,1,39,7,2,0,0,0,0,0,21,1,1,2019,131901350,443576.0,438198.0,-1.339288,53.838231,13,2,4,1,27/09/2019,6,14:55,204,E08000035,E08000035,2,1,3,70.0,0,-1,-1,-1,0,0,1,2,2,0,0,2,1,1,E01011309
15397,20191358F1730,2019,1358F1730,2,1,2,2,6,2,3,0,0,0,4,0,11,1,1,2019,1358F1730,436147.0,434957.0,-1.452556,53.80967,13,3,2,7,15/08/2019,5,18:12,204,E08000035,E08000035,3,6120,3,40.0,0,-1,-1,-1,0,0,1,1,1,0,0,1,2,2,E01011666
15398,20191358F1730,2019,1358F1730,2,2,2,1,9,2,3,0,0,0,4,0,11,1,1,2019,1358F1730,436147.0,434957.0,-1.452556,53.80967,13,3,2,7,15/08/2019,5,18:12,204,E08000035,E08000035,3,6120,3,40.0,0,-1,-1,-1,0,0,1,1,1,0,0,1,2,2,E01011666
15399,20191358F1730,2019,1358F1730,2,3,2,2,39,7,3,0,0,0,4,0,11,1,2,2019,1358F1730,436147.0,434957.0,-1.452556,53.80967,13,3,2,7,15/08/2019,5,18:12,204,E08000035,E08000035,3,6120,3,40.0,0,-1,-1,-1,0,0,1,1,1,0,0,1,2,2,E01011666
15400,20191358F1730,2019,1358F1730,2,4,2,1,5,1,3,0,0,0,4,0,11,1,2,2019,1358F1730,436147.0,434957.0,-1.452556,53.80967,13,3,2,7,15/08/2019,5,18:12,204,E08000035,E08000035,3,6120,3,40.0,0,-1,-1,-1,0,0,1,1,1,0,0,1,2,2,E01011666
15401,20191358F1730,2019,1358F1730,2,5,2,2,8,2,3,0,0,0,4,0,11,1,2,2019,1358F1730,436147.0,434957.0,-1.452556,53.80967,13,3,2,7,15/08/2019,5,18:12,204,E08000035,E08000035,3,6120,3,40.0,0,-1,-1,-1,0,0,1,1,1,0,0,1,2,2,E01011666
15402,20191358F1730,2019,1358F1730,2,6,2,2,48,8,3,0,0,0,4,0,11,-1,-1,2019,1358F1730,436147.0,434957.0,-1.452556,53.80967,13,3,2,7,15/08/2019,5,18:12,204,E08000035,E08000035,3,6120,3,40.0,0,-1,-1,-1,0,0,1,1,1,0,0,1,2,2,E01011666
15403,20191358F1730,2019,1358F1730,2,7,2,2,57,9,3,0,0,0,4,0,11,1,1,2019,1358F1730,436147.0,434957.0,-1.452556,53.80967,13,3,2,7,15/08/2019,5,18:12,204,E08000035,E08000035,3,6120,3,40.0,0,-1,-1,-1,0,0,1,1,1,0,0,1,2,2,E01011666
15404,2019136111190,2019,136111190,2,1,1,1,54,8,3,0,0,0,0,0,1,1,5,2019,136111190,435904.0,425850.0,-1.4573,53.727837,13,3,2,1,01/01/2019,3,10:07,204,E08000035,E08000035,3,642,3,70.0,1,4,1,62,0,0,1,1,1,0,0,2,1,2,E01011636
15405,2019136111674,2019,136111674,1,1,3,2,3,1,3,5,3,0,0,0,0,1,5,2019,136111674,423194.0,438111.0,-1.649019,53.838752,13,3,1,1,01/01/2019,3,15:05,204,E08000035,E08000035,6,0,6,20.0,0,-1,-1,-1,0,0,1,1,1,0,0,1,1,2,E01011461
15406,2019136111836,2019,136111836,2,1,1,1,45,7,2,0,0,0,0,0,1,1,1,2019,136111836,429149.0,431736.0,-1.559127,53.781158,13,2,2,1,01/01/2019,3,16:40,204,E08000035,E08000035,6,0,6,30.0,9,4,6,0,0,0,4,1,1,0,0,1,1,2,E01011366
15407,2019136120357,2019,136120357,2,1,1,1,44,7,2,0,0,0,0,0,1,1,1,2019,136120357,428760.0,432723.0,-1.564938,53.79005,13,2,2,1,02/01/2019,4,09:29,204,E08000035,E08000035,3,58,6,30.0,1,4,6,0,0,0,1,1,1,0,0,1,1,2,E01033013
15408,2019136121501,2019,136121501,1,1,3,1,16,4,3,1,1,0,0,0,0,-1,-1,2019,136121501,431451.0,435823.0,-1.523778,53.817757,13,3,1,1,02/01/2019,4,19:15,204,E08000035,E08000035,6,0,6,30.0,6,4,6,0,0,1,4,1,1,0,0,1,1,2,E01011359
15409,2019136130451,2019,136130451,2,1,1,2,38,7,3,0,0,0,0,0,9,1,3,2019,136130451,427555.0,433891.0,-1.583124,53.800613,13,3,2,1,03/01/2019,5,09:55,204,E08000035,E08000035,6,0,6,30.0,3,4,6,0,0,0,1,1,1,0,0,1,1,2,E01011284
15410,2019136130492,2019,136130492,1,1,1,1,35,6,2,0,0,0,0,0,5,2,10,2019,136130492,420066.0,445481.0,-1.696073,53.905121,13,2,2,2,03/01/2019,5,10:35,204,E08000035,E08000035,6,0,6,30.0,0,-1,-1,-1,0,0,1,1,1,0,0,1,1,2,E01011569
15411,2019136130492,2019,136130492,1,2,2,2,37,7,3,0,0,0,0,0,5,2,10,2019,136130492,420066.0,445481.0,-1.696073,53.905121,13,2,2,2,03/01/2019,5,10:35,204,E08000035,E08000035,6,0,6,30.0,0,-1,-1,-1,0,0,1,1,1,0,0,1,1,2,E01011569
15412,2019136130581,2019,136130581,2,1,1,1,28,6,3,0,0,0,0,0,19,1,4,2019,136130581,427140.0,437363.0,-1.58912,53.83184,13,3,3,3,03/01/2019,5,11:28,204,E08000035,E08000035,3,660,6,30.0,0,-1,-1,-1,0,0,1,1,1,0,0,1,1,2,E01011690
15413,2019136130581,2019,136130581,2,2,2,1,32,6,3,0,0,1,0,0,19,1,2,2019,136130581,427140.0,437363.0,-1.58912,53.83184,13,3,3,3,03/01/2019,5,11:28,204,E08000035,E08000035,3,660,6,30.0,0,-1,-1,-1,0,0,1,1,1,0,0,1,1,2,E01011690