,accident_index,accident_year_x,accident_reference_x,vehicle_reference,casualty_reference,casualty_class,sex_of_casualty,age_of_casualty,age_band_of_casualty,casualty_severity,pedestrian_location,pedestrian_movement,car_passenger,bus_or_coach_passenger,pedestrian_road_maintenance_worker,casualty_type,casualty_home_area_type,casualty_imd_decile,accident_year_y,accident_reference_y,location_easting_osgr,location_northing_osgr,longitude,latitude,police_force,accident_severity,number_of_vehicles,number_of_casualties,date,day_of_week,time,local_authority_district,local_authority_ons_district,local_authority_highway,first_road_class,first_road_number,road_type,speed_limit,junction_detail,junction_control,second_road_class,second_road_number,pedestrian_crossing_human_control,pedestrian_crossing_physical_facilities,light_conditions,weather_conditions,road_surface_conditions,special_conditions_at_site,carriageway_hazards,urban_or_rural_area,did_police_officer_attend_scene_of_accident,trunk_road_flag,lsoa_of_accident_location
15414,2019136130581,2019,136130581,3,3,1,2,46,8,3,0,0,0,0,0,9,3,6,2019,136130581,427140.0,437363.0,-1.58912,53.83184,13,3,3,3,03/01/2019,5,11:28,204,E08000035,E08000035,3,660,6,30.0,0,-1,-1,-1,0,0,1,1,1,0,0,1,1,2,E01011690
15415,2019136140252,2019,136140252,1,1,1,1,69,10,3,0,0,0,0,0,9,3,7,2019,136140252,430783.0,438603.0,-1.533647,53.842782,13,3,2,2,04/01/2019,6,07:46,204,E08000035,E08000035,6,0,6,30.0,3,4,6,0,0,0,1,1,1,0,0,1,1,2,E01011512
15416,2019136140252,2019,136140252,1,2,2,2,69,10,3,0,0,1,0,0,9,3,7,2019,136140252,430783.0,438603.0,-1.533647,53.842782,13,3,2,2,04/01/2019,6,07:46,204,E08000035,E08000035,6,0,6,30.0,3,4,6,0,0,0,1,1,1,0,0,1,1,2,E01011512
15417,2019136141399,2019,136141399,1,1,1,1,20,4,2,0,0,0,0,0,3,1,7,2019,136141399,420015.0,445436.0,-1.696852,53.904718,13,2,2,1,04/01/2019,6,17:30,204,E08000035,E08000035,3,659,6,30.0,0,-1,-1,-1,0,0,4,1,1,0,0,1,1,2,E01011569
15418,2019136170679,2019,136170679,2,1,1,1,25,5,3,0,0,0,0,0,1,1,5,2019,136170679,432347.0,430836.0,-1.51069,53.772881,13,3,2,1,07/01/2019,2,03:30,204,E08000035,E08000035,6,0,6,30.0,3,4,6,0,0,0,6,1,1,0,0,1,2,2,E01011470
15419,2019136170725,2019,136170725,1,1,3,2,23,5,3,5,9,0,0,0,0,1,3,2019,136170725,422786.0,434721.0,-1.655469,53.808302,13,3,1,1,07/01/2019,2,12:30,204,E08000035,E08000035,4,6157,6,30.0,3,4,6,0,0,0,1,1,1,0,0,1,2,2,E01011335
15420,2019136170834,2019,136170834,1,1,2,2,53,8,3,0,0,1,0,0,9,1,7,2019,136170834,434118.0,445048.0,-1.482251,53.900499,13,3,2,1,07/01/2019,2,14:00,204,E08000035,E08000035,6,0,6,60.0,9,4,6,0,0,0,1,5,2,0,0,2,1,2,E01011708
15421,2019136171024,2019,136171024,1,1,2,2,28,6,2,0,0,2,0,0,8,1,1,2019,136171024,425491.0,432085.0,-1.614609,53.784485,13,2,1,1,07/01/2019,2,00:00,204,E08000035,E08000035,6,0,6,30.0,0,-1,-1,-1,0,0,1,1,1,0,0,1,1,2,E01011735
15422,2019136171334,2019,136171334,1,1,3,2,21,5,2,8,1,0,0,0,0,1,3,2019,136171334,430549.0,432911.0,-1.537766,53.791638,13,2,1,1,07/01/2019,2,17:48,204,E08000035,E08000035,6,0,3,30.0,3,4,6,0,0,0,4,1,1,0,0,1,1,2,E01033018
15423,2019136180248,2019,136180248,2,1,1,1,32,6,3,0,0,0,0,0,1,1,4,2019,136180248,429558.0,431566.0,-1.552937,53.779607,13,3,2,1,08/01/2019,3,07:54,204,E08000035,E08000035,6,0,6,30.0,6,4,6,0,0,1,1,1,1,0,0,1,1,2,E01011364
15424,2019136180290,2019,136180290,1,1,1,2,58,9,3,0,0,0,0,0,9,2,10,2019,136180290,427216.0,444133.0,-1.587369,53.892681,13,3,1,1,08/01/2019,3,08:30,204,E08000035,E08000035,6,0,6,60.0,0,-1,-1,-1,0,0,1,1,1,0,0,2,1,2,E01011576
15425,2019136180639,2019,136180639,1,1,1,1,32,6,3,0,0,0,0,0,8,1,1,2019,136180639,430787.0,433346.0,-1.53411,53.795534,13,3,2,3,08/01/2019,3,12:00,204,E08000035,E08000035,3,61,6,30.0,9,2,6,0,0,5,1,1,1,0,0,1,1,2,E01033011
15426,2019136180639,2019,136180639,1,2,2,1,28,6,3,0,0,1,0,0,8,1,1,2019,136180639,430787.0,433346.0,-1.53411,53.795534,13,3,2,3,08/01/2019,3,12:00,204,E08000035,E08000035,3,61,6,30.0,9,2,6,0,0,5,1,1,1,0,0,1,1,2,E01033011
15427,2019136180639,2019,136180639,2,3,1,2,39,7,3,0,0,0,0,0,9,1,2,2019,136180639,430787.0,433346.0,-1.53411,53.795534,13,3,2,3,08/01/2019,3,12:00,204,E08000035,E08000035,3,61,6,30.0,9,2,6,0,0,5,1,1,1,0,0,1,1,2,E01033011
15428,2019136181012,2019,136181012,2,1,2,2,79,11,3,0,0,0,3,0,11,1,7,2019,136181012,430398.0,433300.0,-1.54002,53.795143,13,3,2,1,08/01/2019,3,12:10,204,E08000035,E08000035,6,0,2,30.0,0,-1,-1,-1,0,0,1,1,1,0,0,1,2,2,E01033011
15429,2019136181312,2019,136181312,1,1,3,1,58,9,3,9,5,0,0,0,0,1,1,2019,136181312,428128.0,432795.0,-1.574524,53.790731,13,3,1,1,08/01/2019,3,17:20,204,E08000035,E08000035,4,6154,6,30.0,3,4,6,0,0,0,4,1,1,0,0,1,1,2,E01011363
15430,2019136191325,2019,136191325,2,1,1,1,39,7,3,0,0,0,0,0,1,1,10,2019,136191325,429858.0,432972.0,-1.548249,53.792226,13,3,2,1,09/01/2019,4,17:33,204,E08000035,E08000035,6,0,9,20.0,6,4,6,0,0,0,4,1,1,0,0,1,1,2,E01033015
15431,2019136191450,2019,136191450,2,1,1,1,29,6,3,0,0,0,0,0,9,1,1,2019,136191450,426664.0,431789.0,-1.596832,53.781766,13,3,2,1,09/01/2019,4,17:15,204,E08000035,E08000035,3,6110,3,40.0,0,-1,-1,-1,0,0,4,1,1,0,0,1,2,2,E01011736
15432,20191361A0359,2019,1361A0359,2,1,1,2,29,6,3,0,0,0,0,0,9,1,1,2019,1361A0359,435931.0,436473.0,-1.455659,53.82331,13,3,2,2,10/01/2019,5,08:30,204,E08000035,E08000035,3,64,3,40.0,0,-1,-1,-1,0,0,1,1,1,0,0,1,2,2,E01011720
15433,20191361A0359,2019,1361A0359,2,2,2,2,23,5,3,0,0,1,0,0,9,1,8,2019,1361A0359,435931.0,436473.0,-1.455659,53.82331,13,3,2,2,10/01/2019,5,08:30,204,E08000035,E08000035,3,64,3,40.0,0,-1,-1,-1,0,0,1,1,1,0,0,1,2,2,E01011720
15434,20191361A0620,2019,1361A0620,1,1,2,2,21,5,3,0,0,1,0,0,9,1,6,2019,1361A0620,431468.0,432543.0,-1.523853,53.788276,13,3,2,2,10/01/2019,5,12:00,204,E08000035,E08000035,3,61,3,40.0,9,2,6,0,0,0,1,1,1,0,0,1,1,2,E01011626
15435,20191361A0620,2019,1361A0620,2,2,1,2,39,7,3,0,0,0,0,0,9,1,1,2019,1361A0620,431468.0,432543.0,-1.523853,53.788276,13,3,2,2,10/01/2019,5,12:00,204,E08000035,E08000035,3,61,3,40.0,9,2,6,0,0,0,1,1,1,0,0,1,1,2,E01011626
15436,20191361A0698,2019,1361A0698,2,1,1,2,20,4,2,0,0,0,0,0,1,2,10,2019,1361A0698,418989.0,444837.0,-1.712505,53.899373,13,2,2,1,10/01/2019,5,12:31,204,E08000035,E08000035,3,6038,6,30.0,3,4,6,0,0,0,1,1,2,0,0,1,1,2,E01011573
15437,20191361A1192,2019,1361A1192,2,1,1,1,43,7,2,0,0,0,0,0,1,1,8,2019,1361A1192,419724.0,437029.0,-1.701819,53.829169,13,2,2,1,10/01/2019,5,16:40,204,E08000035,E08000035,6,0,6,30.0,0,-1,-1,-1,0,0,4,1,1,0,0,1,2,2,E01011590
15438,20191361B1470,2019,1361B1470,1,1,1,2,73,10,3,0,0,0,0,0,9,1,1,2019,1361B1470,429705.0,431847.0,-1.550679,53.782124,13,3,2,1,11/01/2019,6,18:07,204,E08000035,E08000035,6,0,6,30.0,3,4,6,0,0,0,4,1,1,0,0,1,1,2,E01011364
15439,20191361B2042,2019,1361B2042,2,1,1,1,17,4,2,0,0,0,0,0,2,1,1,2019,1361B2042,429392.0,431357.0,-1.555475,53.777738,13,2,2,1,11/01/2019,6,22:30,204,E08000035,E08000035,6,0,6,30.0,6,2,6,0,0,0,4,1,1,0,0,1,2,2,E01011373
15440,20191361C1047,2019,1361C1047,1,1,1,2,32,6,3,0,0,0,0,0,9,1,8,2019,1361C1047,431234.0,435814.0,-1.527075,53.817689,13,3,2,1,12/01/2019,7,15:29,204,E08000035,E08000035,6,0,6,30.0,0,-1,-1,-1,0,0,1,1,1,0,0,1,2,2,E01011359
15441,20191361C1318,2019,1361C1318,1,1,1,2,23,5,3,0,0,0,0,0,9,1,9,2019,1361C1318,430836.0,435427.0,-1.533159,53.814234,13,3,2,2,12/01/2019,7,17:10,204,E08000035,E08000035,6,0,6,30.0,0,-1,-1,-1,0,0,4,1,1,0,0,1,1,2,E01011360
15442,20191361C1318,2019,1361C1318,1,2,2,2,20,4,3,0,0,1,0,0,9,1,9,2019,1361C1318,430836.0,435427.0,-1.533159,53.814234,13,3,2,2,12/01/2019,7,17:10,204,E08000035,E08000035,6,0,6,30.0,0,-1,-1,-1,0,0,4,1,1,0,0,1,1,2,E01011360
15443,20191361C1383,2019,1361C1383,1,1,2,2,36,7,3,0,0,1,0,0,9,3,7,2019,1361C1383,428934.0,429852.0,-1.562565,53.764237,13,3,2,2,12/01/2019,7,18:45,204,E08000035,E08000035,3,653,6,30.0,6,2,6,0,0,4,4,1,1,0,0,1,1,2,E01011320
15444,20191361C1383,2019,1361C1383,2,2,1,1,45,7,3,0,0,0,0,0,9,1,9,2019,1361C1383,428934.0,429852.0,-1.562565,53.764237,13,3,2,2,12/01/2019,7,18:45,204,E08000035,E08000035,3,653,6,30.0,6,2,6,0,0,4,4,1,1,0,0,1,1,2,E01011320
15445,20191361D1077,2019,1361D1077,2,1,1,2,37,7,2,0,0,0,0,0,1,1,4,2019,1361D1077,424551.0,433074.0,-1.628797,53.793419,13,2,2,1,13/01/2019,1,15:30,204,E08000035,E08000035,6,0,6,30.0,3,4,6,0,0,0,1,1,2,0,0,1,1,2,E01011726
15446,20191361D1464,2019,1361D1464,1,1,1,1,38,7,3,0,0,0,0,0,9,1,2,2019,1361D1464,428628.0,433188.0,-1.566899,53.794236,13,3,2,1,13/01/2019,1,19:10,204,E08000035,E08000035,3,58,3,40.0,1,2,6,0,0,0,4,1,1,0,0,1,1,2,E01011363
15447,20191361E0235,2019,1361E0235,1,1,1,2,40,7,3,0,0,0,0,0,9,1,7,2019,1361E0235,420559.0,437109.0,-1.689128,53.829856,13,3,2,2,14/01/2019,2,07:44,204,E08000035,E08000035,3,657,6,30.0,3,4,6,0,0,0,1,1,2,0,0,1,1,2,E01011589
15448,20191361E0235,2019,1361E0235,2,2,1,2,47,8,3,0,0,0,0,0,9,1,7,2019,1361E0235,420559.0,437109.0,-1.689128,53.829856,13,3,2,2,14/01/2019,2,07:44,204,E08000035,E08000035,3,657,6,30.0,3,4,6,0,0,0,1,1,2,0,0,1,1,2,E01011589
15449,20191361E0807,2019,1361E0807,1,1,3,2,67,10,3,5,1,0,0,0,0,1,7,2019,1361E0807,422203.0,433911.0,-1.66438,53.801046,13,3,1,1,16/01/2019,4,13:31,204,E08000035,E08000035,4,6155,6,40.0,3,4,3,647,0,0,1,1,1,0,0,1,1,2,E01011587
15450,20191361E1326,2019,1361E1326,1,1,3,1,34,6,2,9,5,0,0,0,0,1,3,2019,1361E1326,430480.0,433823.0,-1.538723,53.799839,13,2,1,1,14/01/2019,2,17:30,204,E08000035,E08000035,6,0,2,20.0,3,4,6,0,0,0,4,1,1,0,0,1,1,2,E01033010
15451,20191361E1647,2019,1361E1647,2,1,1,1,26,6,3,0,0,0,0,0,9,1,9,2019,1361E1647,419782.0,434064.0,-1.701127,53.802518,13,3,2,1,14/01/2019,2,20:20,204,E08000035,E08000035,3,647,6,30.0,3,4,6,0,0,0,4,1,1,0,0,1,1,2,E01011597
15452,20191361F0040,2019,1361F0040,1,1,2,2,23,5,3,0,0,1,0,0,8,-1,-1,2019,1361F0040,431120.0,430172.0,-1.529374,53.766987,13,3,1,1,14/01/2019,2,22:50,204,E08000035,E08000035,6,0,6,30.0,0,-1,-1,-1,0,0,4,1,1,0,0,1,1,2,E01011472
15453,20191361F0342,2019,1361F0342,1,1,3,2,10,2,3,5,4,0,0,0,0,1,1,2019,1361F0342,429482.0,431195.0,-1.554125,53.776277,13,3,1,1,16/01/2019,4,08:47,204,E08000035,E08000035,6,0,6,20.0,0,-1,-1,-1,0,0,1,1,2,0,0,1,1,2,E01011375
15454,20191361F1055,2019,1361F1055,1,1,1,2,27,6,3,0,0,0,0,0,9,1,5,2019,1361F1055,431908.0,437322.0,-1.516682,53.831201,13,3,3,2,15/01/2019,3,15:03,204,E08000035,E08000035,6,0,6,20.0,9,4,6,0,0,0,1,1,1,0,0,1,1,2,E01011641
15455,20191361F1055,2019,1361F1055,3,2,1,2,64,9,3,0,0,0,0,0,9,1,7,2019,1361F1055,431908.0,437322.0,-1.516682,53.831201,13,3,3,2,15/01/2019,3,15:03,204,E08000035,E08000035,6,0,6,20.0,9,4,6,0,0,0,1,1,1,0,0,1,1,2,E01011641
15456,20191361F1155,2019,1361F1155,2,1,1,2,29,6,3,0,0,0,0,0,9,1,1,2019,1361F1155,428513.0,433058.0,-1.568656,53.793074,13,3,2,1,15/01/2019,3,15:45,204,E08000035,E08000035,4,6154,6,30.0,1,4,3,58,0,0,1,1,1,0,0,1,1,2,E01011363
15457,20191361F1513,2019,1361F1513,1,1,1,1,35,6,2,0,0,0,0,0,9,1,1,2019,1361F1513,431131.0,431414.0,-1.529082,53.778149,13,2,2,3,15/01/2019,3,18:42,204,E08000035,E08000035,6,0,6,30.0,0,-1,-1,-1,0,0,4,1,1,0,0,1,1,2,E01011467
15458,20191361F1513,2019,1361F1513,2,2,1,1,72,10,2,0,0,0,0,0,9,1,1,2019,1361F1513,431131.0,431414.0,-1.529082,53.778149,13,2,2,3,15/01/2019,3,18:42,204,E08000035,E08000035,6,0,6,30.0,0,-1,-1,-1,0,0,4,1,1,0,0,1,1,2,E01011467
15459,20191361F1513,2019,1361F1513,2,3,2,2,73,10,2,0,0,1,0,0,9,1,1,2019,1361F1513,431131.0,431414.0,-1.529082,53.778149,13,2,2,3,15/01/2019,3,18:42,204,E08000035,E08000035,6,0,6,30.0,0,-1,-1,-1,0,0,4,1,1,0,0,1,1,2,E01011467
15460,20191361F1644,2019,1361F1644,1,1,2,2,33,6,3,0,0,1,0,0,9,1,5,2019,1361F1644,428249.0,434452.0,-1.572536,53.805618,13,3,2,1,15/01/2019,3,19:40,204,E08000035,E08000035,6,0,6,30.0,3,4,6,0,0,0,4,1,1,0,0,1,1,2,E01011481
15461,20191361F1668,2019,1361F1668,2,1,1,1,20,4,3,0,0,0,0,0,9,1,10,2019,1361F1668,427457.0,435882.0,-1.584435,53.818512,13,3,2,1,15/01/2019,3,19:50,204,E08000035,E08000035,6,0,6,30.0,6,4,6,0,0,0,4,1,1,0,0,1,1,2,E01032945
15462,20191361G0289,2019,1361G0289,1,1,1,2,38,7,3,0,0,0,0,0,9,1,9,2019,1361G0289,426144.0,437228.0,-1.604264,53.830677,13,3,2,1,16/01/2019,4,08:00,204,E08000035,E08000035,6,0,6,30.0,0,-1,-1,-1,0,0,1,2,2,0,0,1,1,2,E01011485
15463,20191361G0325,2019,1361G0325,1,1,1,1,52,8,3,0,0,0,0,0,9,3,10,2019,1361G0325,431269.0,445730.0,-1.525538,53.906807,13,3,2,2,16/01/2019,4,08:30,204,E08000035,E08000035,3,659,6,30.0,3,4,3,61,0,0,1,1,1,0,0,2,1,2,E01011561
15464,20191361G0325,2019,1361G0325,2,2,1,1,60,9,3,0,0,0,0,0,9,1,2,2019,1361G0325,431269.0,445730.0,-1.525538,53.906807,13,3,2,2,16/01/2019,4,08:30,204,E08000035,E08000035,3,659,6,30.0,3,4,3,61,0,0,1,1,1,0,0,2,1,2,E01011561
15465,20191361G1338,2019,1361G1338,1,1,1,1,27,6,3,0,0,0,0,0,9,1,1,2019,1361G1338,430088.0,431277.0,-1.544922,53.776979,13,3,2,1,16/01/2019,4,17:55,204,E08000035,E08000035,3,653,6,30.0,8,4,6,0,0,0,4,1,1,0,0,1,2,2,E01011371
15466,20191361G1474,2019,1361G1474,2,1,1,2,28,6,3,0,0,0,0,0,9,1,1,2019,1361G1474,430067.0,434407.0,-1.544937,53.805112,13,3,2,1,16/01/2019,4,19:07,204,E08000035,E08000035,2,58,7,40.0,5,4,2,58,0,0,4,1,1,0,0,1,1,2,E01033010
15467,20191361H1015,2019,1361H1015,1,1,3,1,11,3,3,5,1,0,0,0,0,1,1,2019,1361H1015,432212.0,434654.0,-1.512341,53.807204,13,3,1,1,17/01/2019,5,16:08,204,E08000035,E08000035,6,0,6,30.0,0,-1,-1,-1,0,0,1,1,1,0,0,1,1,2,E01011433
15468,20191361H1225,2019,1361H1225,1,1,1,2,57,9,2,0,0,0,0,0,9,1,8,2019,1361H1225,429203.0,433634.0,-1.558128,53.798213,13,2,2,1,16/01/2019,4,21:00,204,E08000035,E08000035,3,58,3,40.0,5,4,3,65,0,0,7,1,1,0,0,1,2,2,E01033008
15469,20191361H1302,2019,1361H1302,2,1,1,1,25,5,3,0,0,0,0,0,3,1,3,2019,1361H1302,434842.0,428545.0,-1.473094,53.75213,13,3,2,1,17/01/2019,5,18:18,204,E08000035,E08000035,6,0,6,30.0,3,4,6,0,0,0,4,1,1,0,0,1,1,2,E01011628
15470,20191361I0299,2019,1361I0299,1,1,1,1,17,4,3,0,0,0,0,0,3,1,6,2019,1361I0299,428670.0,432833.0,-1.566294,53.791044,13,3,1,1,18/01/2019,6,08:15,204,E08000035,E08000035,6,0,2,30.0,0,-1,-1,-1,0,0,1,1,2,0,0,1,1,2,E01033013
15471,20191361I0315,2019,1361I0315,2,1,1,1,35,6,3,0,0,0,0,0,1,1,9,2019,1361I0315,426901.0,439315.0,-1.592582,53.849396,13,3,2,1,18/01/2019,6,08:29,204,E08000035,E08000035,3,660,3,40.0,6,4,6,0,0,0,1,1,2,0,0,1,1,2,E01011386
15472,20191361I0341,2019,1361I0341,1,1,3,1,81,11,2,7,3,0,0,0,0,1,8,2019,1361I0341,436909.0,433709.0,-1.441134,53.7984,13,2,1,1,18/01/2019,6,08:50,204,E08000035,E08000035,3,6120,3,40.0,0,-1,-1,-1,0,0,1,1,1,0,0,1,1,2,E01011411
15473,20191361I1036,2019,1361I1036,1,1,3,1,12,3,3,5,3,0,0,0,0,1,1,2019,1361I1036,433450.0,434055.0,-1.493607,53.801742,13,3,1,1,18/01/2019,6,15:34,204,E08000035,E08000035,3,64,3,40.0,0,-1,-1,-1,0,4,1,1,1,0,0,1,1,2,E01011346
15474,20191361I1506,2019,1361I1506,1,1,1,1,46,8,3,0,0,0,0,0,9,1,1,2019,1361I1506,431037.0,428655.0,-1.530785,53.753358,13,3,1,1,18/01/2019,6,19:10,204,E08000035,E08000035,6,0,6,30.0,3,4,6,0,0,0,4,3,2,0,2,1,1,2,E01011466
15475,20191361I1984,2019,1361I1984,1,1,1,1,30,6,2,0,0,0,0,0,9,1,3,2019,1361I1984,442987.0,431602.0,-1.349156,53.778998,13,2,1,1,18/01/2019,6,23:55,204,E08000035,E08000035,3,656,1,60.0,1,4,3,63,0,0,4,1,2,0,0,2,1,2,E01011299
15476,20191361J0921,2019,1361J0921,1,1,3,2,12,3,2,5,1,0,0,0,0,1,4,2019,1361J0921,434471.0,434398.0,-1.478068,53.804759,13,2,1,1,19/01/2019,7,14:15,204,E08000035,E08000035,3,64,3,40.0,0,-1,-1,-1,0,0,1,1,2,0,0,1,1,2,E01011341
15477,20191361J0998,2019,1361J0998,1,1,3,2,49,8,3,6,9,0,0,0,0,1,7,2019,1361J0998,420364.0,444894.0,-1.691576,53.899833,13,3,1,1,19/01/2019,7,14:50,204,E08000035,E08000035,6,0,6,30.0,0,-1,-1,-1,0,0,1,8,2,0,0,1,2,2,E01011569
15478,20191361J1143,2019,1361J1143,1,1,1,2,72,10,3,0,0,0,0,0,9,1,6,2019,1361J1143,426284.0,435584.0,-1.602276,53.815894,13,3,2,1,19/01/2019,7,16:16,204,E08000035,E08000035,3,65,6,30.0,6,2,6,0,0,0,4,1,2,0,0,1,1,2,E01011488
15479,20191361J1508,2019,1361J1508,2,1,1,1,76,11,3,0,0,0,0,0,9,1,5,2019,1361J1508,429902.0,436616.0,-1.547229,53.824975,13,3,2,1,19/01/2019,7,19:20,204,E08000035,E08000035,4,6159,6,30.0,8,4,6,0,0,0,4,1,1,0,0,1,2,2,E01011355
15480,20191361J1842,2019,1361J1842,1,1,3,2,27,6,2,1,3,0,0,0,0,1,4,2019,1361J1842,428969.0,435476.0,-1.561508,53.814782,13,2,1,1,19/01/2019,7,22:35,204,E08000035,E08000035,6,0,6,30.0,3,2,3,660,0,4,4,1,1,0,0,1,1,2,E01033005
15481,20191361L0225,2019,1361L0225,1,1,1,1,78,11,3,0,0,0,0,0,9,2,8,2019,1361L0225,432961.0,429594.0,-1.501507,53.76168,13,3,1,1,21/01/2019,2,07:05,204,E08000035,E08000035,1,1,3,70.0,0,-1,-1,-1,0,0,4,1,2,0,0,2,1,1,E01011470
15482,20191361L0311,2019,1361L0311,4,1,1,1,56,9,3,0,0,0,0,0,9,3,9,2019,1361L0311,431568.0,433623.0,-1.522225,53.797977,13,3,5,2,21/01/2019,2,08:39,204,E08000035,E08000035,3,64,3,40.0,0,-1,-1,-1,0,0,1,1,1,0,0,1,1,2,E01033021
15483,20191361L0311,2019,1361L0311,4,2,2,1,59,9,3,0,0,1,0,0,9,3,9,2019,1361L0311,431568.0,433623.0,-1.522225,53.797977,13,3,5,2,21/01/2019,2,08:39,204,E08000035,E08000035,3,64,3,40.0,0,-1,-1,-1,0,0,1,1,1,0,0,1,1,2,E01033021
15484,20191361L0651,2019,1361L0651,1,1,1,1,20,4,2,0,0,0,0,0,9,1,4,2019,1361L0651,425031.0,425763.0,-1.6221,53.727686,13,2,2,2,21/01/2019,2,12:10,204,E08000035,E08000035,6,0,6,40.0,0,-1,-1,-1,0,0,1,1,2,0,0,1,1,2,E01011534
15485,20191361L0651,2019,1361L0651,2,2,1,1,22,5,3,0,0,0,0,0,9,1,4,2019,1361L0651,425031.0,425763.0,-1.6221,53.727686,13,2,2,2,21/01/2019,2,12:10,204,E08000035,E08000035,6,0,6,40.0,0,-1,-1,-1,0,0,1,1,2,0,0,1,1,2,E01011534
15486,20191361L1015,2019,1361L1015,1,1,3,1,81,11,2,5,1,0,0,0,0,1,1,2019,1361L1015,430178.0,433925.0,-1.543298,53.800773,13,2,1,1,21/01/2019,2,15:15,204,E08000035,E08000035,6,0,6,30.0,3,4,6,0,0,0,1,1,1,0,0,1,1,2,E01033010
15487,20191361L1638,2019,1361L1638,1,1,1,2,57,9,3,0,0,0,0,0,9,2,5,2019,1361L1638,434620.0,438143.0,-1.475387,53.838408,13,3,1,1,21/01/2019,2,20:24,204,E08000035,E08000035,3,6120,6,40.0,0,-1,-1,-1,0,0,4,1,2,0,0,2,1,2,E01011650
15488,20191361M0231,2019,1361M0231,1,1,1,1,20,4,3,0,0,0,0,0,3,1,2,2019,1361M0231,425374.0,435317.0,-1.616119,53.813539,13,3,1,1,22/01/2019,3,07:25,204,E08000035,E08000035,6,0,6,30.0,0,-1,-1,-1,0,0,4,1,4,0,0,1,1,2,E01011281
15489,20191361M0505,2019,1361M0505,1,1,1,2,39,7,3,0,0,0,0,0,3,1,9,2019,1361M0505,429944.0,425105.0,-1.547702,53.721515,13,3,1,1,22/01/2019,3,11:05,204,E08000035,E08000035,6,0,6,30.0,0,-1,-1,-1,0,0,1,1,1,7,0,1,1,2,E01011537
15490,20191361M0884,2019,1361M0884,1,1,1,2,36,7,3,0,0,0,0,0,9,1,6,2019,1361M0884,431467.0,430207.0,-1.524106,53.767281,13,3,2,1,22/01/2019,3,14:50,204,E08000035,E08000035,6,0,6,30.0,0,-1,-1,-1,0,0,1,1,1,0,0,2,1,2,E01011469
15491,20191361M0965,2019,1361M0965,1,1,3,1,10,2,3,5,4,0,0,0,0,1,1,2019,1361M0965,432686.0,435009.0,-1.505106,53.810365,13,3,1,1,22/01/2019,3,15:28,204,E08000035,E08000035,6,0,6,20.0,0,-1,-1,-1,0,0,1,1,1,0,0,1,1,2,E01011431
15492,20191361M1029,2019,1361M1029,1,1,3,2,11,3,3,5,1,0,0,0,0,1,9,2019,1361M1029,440330.0,449423.0,-1.38714,53.939374,13,3,2,1,22/01/2019,3,16:00,204,E08000035,E08000035,4,6164,6,30.0,0,-1,-1,-1,0,0,1,1,1,0,0,1,1,2,E01011698
15493,20191361M1203,2019,1361M1203,1,1,1,1,34,6,3,0,0,0,0,0,3,1,3,2019,1361M1203,427616.0,434515.0,-1.582142,53.806218,13,3,2,1,22/01/2019,3,15:55,204,E08000035,E08000035,3,65,6,30.0,6,4,6,0,0,0,1,1,2,0,0,1,2,2,E01011482
15494,20191361N0345,2019,1361N0345,1,1,1,2,19,4,3,0,0,0,0,0,9,3,8,2019,1361N0345,440756.0,445994.0,-1.381107,53.908524,13,3,2,2,23/01/2019,4,09:45,204,E08000035,E08000035,2,1,3,70.0,0,-1,-1,-1,0,0,1,1,1,0,0,2,1,1,E01011707
15495,20191361N0345,2019,1361N0345,2,2,1,1,42,7,3,0,0,0,0,0,9,3,9,2019,1361N0345,440756.0,445994.0,-1.381107,53.908524,13,3,2,2,23/01/2019,4,09:45,204,E08000035,E08000035,2,1,3,70.0,0,-1,-1,-1,0,0,1,1,1,0,0,2,1,1,E01011707
15496,20191361N0516,2019,1361N0516,2,1,1,1,32,6,3,0,0,0,0,0,1,1,3,2019,1361N0516,429085.0,430838.0,-1.560182,53.77309,13,3,2,1,23/01/2019,4,14:20,204,E08000035,E08000035,6,0,6,30.0,0,-1,-1,-1,0,0,1,1,1,0,0,1,2,2,E01011314
15497,20191361N0719,2019,1361N0719,2,1,2,2,30,6,3,0,0,2,4,0,11,-1,-1,2019,1361N0719,430266.0,433741.0,-1.54198,53.799114,13,3,2,1,23/01/2019,4,12:40,204,E08000035,E08000035,6,0,3,30.0,6,2,6,0,0,0,1,1,1,0,0,1,1,2,E01033010
15498,20191361N0729,2019,1361N0729,1,1,1,1,74,10,3,0,0,0,0,0,9,1,9,2019,1361N0729,430241.0,437021.0,-1.542039,53.828595,13,3,2,2,23/01/2019,4,13:05,204,E08000035,E08000035,6,0,6,30.0,3,4,6,0,0,0,1,1,2,0,0,1,1,2,E01011352
15499,20191361N0729,2019,1361N0729,2,2,2,2,23,5,3,0,0,1,0,0,9,1,7,2019,1361N0729,430241.0,437021.0,-1.542039,53.828595,13,3,2,2,23/01/2019,4,13:05,204,E08000035,E08000035,6,0,6,30.0,3,4,6,0,0,0,1,1,2,0,0,1,1,2,E01011352
15500,20191361N0870,2019,1361N0870,1,1,3,2,70,10,1,5,9,0,0,0,0,1,7,2019,1361N0870,440388.0,433288.0,-1.388373,53.794359,13,1,1,1,23/01/2019,4,14:23,204,E08000035,E08000035,6,0,6,30.0,3,4,4,6137,0,0,1,1,1,0,0,1,1,2,E01011396