,accident_index,accident_year_x,accident_reference_x,vehicle_reference,casualty_reference,casualty_class,sex_of_casualty,age_of_casualty,age_band_of_casualty,casualty_severity,pedestrian_location,pedestrian_movement,car_passenger,bus_or_coach_passenger,pedestrian_road_maintenance_worker,casualty_type,casualty_home_area_type,casualty_imd_decile,accident_year_y,accident_reference_y,location_easting_osgr,location_northing_osgr,longitude,latitude,police_force,accident_severity,number_of_vehicles,number_of_casualties,date,day_of_week,time,local_authority_district,local_authority_ons_district,local_authority_highway,first_road_class,first_road_number,road_type,speed_limit,junction_detail,junction_control,second_road_class,second_road_number,pedestrian_crossing_human_control,pedestrian_crossing_physical_facilities,light_conditions,weather_conditions,road_surface_conditions,special_conditions_at_site,carriageway_hazards,urban_or_rural_area,did_police_officer_attend_scene_of_accident,trunk_road_flag,lsoa_of_accident_location
16023,20191364T0135,2019,1364T0135,2,2,1,1,48,8,3,0,0,0,0,0,9,1,1,2019,1364T0135,427520.0,435875.0,-1.583479,53.818446,13,3,2,3,29/04/2019,2,02:42,204,E08000035,E08000035,4,6157,6,30.0,3,4,6,0,0,4,4,1,1,0,0,1,1,2,E01032945
16024,20191364T0135,2019,1364T0135,2,3,2,1,29,6,3,0,0,1,0,0,9,1,1,2019,1364T0135,427520.0,435875.0,-1.583479,53.818446,13,3,2,3,29/04/2019,2,02:42,204,E08000035,E08000035,4,6157,6,30.0,3,4,6,0,0,4,4,1,1,0,0,1,1,2,E01032945
16025,20191364T0454,2019,1364T0454,2,1,1,2,30,6,3,0,0,0,0,0,9,1,1,2019,1364T0454,428336.0,429529.0,-1.571666,53.761366,13,3,2,1,29/04/2019,2,09:54,204,E08000035,E08000035,3,6110,3,40.0,9,2,6,0,0,0,1,1,1,0,0,1,2,2,E01011531
16026,20191364T0696,2019,1364T0696,2,1,1,1,52,8,3,0,0,0,0,0,8,1,1,2019,1364T0696,429796.0,433786.0,-1.549111,53.799546,13,3,2,1,26/04/2019,6,14:00,204,E08000035,E08000035,6,0,2,30.0,6,1,6,0,0,5,1,1,1,0,0,1,2,2,E01033008
16027,20191364T0922,2019,1364T0922,2,1,1,2,69,10,3,0,0,0,0,0,9,1,10,2019,1364T0922,417950.0,443044.0,-1.72842,53.883294,13,3,3,1,29/04/2019,2,14:37,204,E08000035,E08000035,3,65,6,30.0,0,-1,-1,-1,0,0,1,1,1,0,0,1,1,2,E01011280
16028,20191364U0323,2019,1364U0323,1,1,1,2,34,6,3,0,0,0,0,0,9,1,10,2019,1364U0323,440434.0,446486.0,-1.385943,53.91297,13,3,1,1,30/04/2019,3,08:45,204,E08000035,E08000035,2,1,3,70.0,0,-1,-1,-1,0,0,1,1,1,0,0,2,1,1,E01011704
16029,20191364U1255,2019,1364U1255,2,1,2,1,24,5,3,0,0,1,0,0,9,1,5,2019,1364U1255,429391.0,433839.0,-1.555255,53.800045,13,3,2,1,30/04/2019,3,12:55,204,E08000035,E08000035,2,58,3,40.0,5,4,6,0,0,0,1,1,1,0,0,1,2,2,E01011678
16030,20191364U1291,2019,1364U1291,2,1,1,1,61,9,3,0,0,0,0,0,9,1,7,2019,1364U1291,434065.0,435140.0,-1.484151,53.811454,13,3,3,1,30/04/2019,3,17:15,204,E08000035,E08000035,6,0,6,30.0,3,4,6,0,0,0,1,1,1,0,0,1,2,2,E01011339
16031,2019136510342,2019,136510342,2,1,1,1,63,9,3,0,0,0,0,0,9,1,8,2019,136510342,420109.0,444969.0,-1.695452,53.900517,13,3,2,1,01/05/2019,4,08:10,204,E08000035,E08000035,3,660,6,60.0,0,-1,-1,-1,0,0,1,1,1,0,0,1,1,2,E01011574
16032,2019136510400,2019,136510400,2,1,1,2,43,7,3,0,0,0,0,0,1,1,7,2019,136510400,429968.0,436639.0,-1.546224,53.825178,13,3,2,1,01/05/2019,4,08:59,204,E08000035,E08000035,3,61,3,40.0,1,4,6,0,0,0,1,1,1,0,0,1,2,2,E01011350
16033,2019136510407,2019,136510407,2,1,1,1,51,8,3,0,0,0,0,0,1,1,9,2019,136510407,426846.0,438036.0,-1.593529,53.837903,13,3,2,1,01/05/2019,4,09:05,204,E08000035,E08000035,3,660,1,40.0,1,4,3,6120,0,0,1,1,1,0,0,1,1,2,E01011687
16034,2019136510488,2019,136510488,1,1,1,1,66,10,2,0,0,0,0,0,9,1,7,2019,136510488,430857.0,434346.0,-1.532947,53.804517,13,2,1,2,01/05/2019,4,09:59,204,E08000035,E08000035,3,61,3,30.0,1,2,3,61,0,0,1,1,1,0,0,1,1,2,E01033003
16035,2019136510488,2019,136510488,1,2,2,2,62,9,3,0,0,1,0,0,9,1,7,2019,136510488,430857.0,434346.0,-1.532947,53.804517,13,2,1,2,01/05/2019,4,09:59,204,E08000035,E08000035,3,61,3,30.0,1,2,3,61,0,0,1,1,1,0,0,1,1,2,E01033003
16036,2019136511140,2019,136511140,1,1,1,2,33,6,3,0,0,0,0,0,9,1,4,2019,136511140,429333.0,430476.0,-1.556454,53.769823,13,3,2,1,01/05/2019,4,15:45,204,E08000035,E08000035,6,0,6,20.0,6,4,6,0,0,0,1,1,1,0,0,1,1,2,E01011313
16037,2019136521035,2019,136521035,1,1,2,2,58,9,3,0,0,1,0,0,9,1,4,2019,136521035,424528.0,435097.0,-1.628986,53.811602,13,3,1,1,02/05/2019,5,15:13,204,E08000035,E08000035,6,0,6,30.0,0,-1,-1,-1,0,0,1,2,2,0,0,1,1,2,E01011331
16038,2019136521156,2019,136521156,1,1,1,1,50,8,3,0,0,0,0,0,9,1,3,2019,136521156,432179.0,426091.0,-1.513732,53.730245,13,3,1,1,02/05/2019,5,16:05,204,E08000035,E08000035,1,1,3,50.0,5,4,1,62,0,0,1,1,1,0,0,2,1,1,E01011499
16039,2019136530385,2019,136530385,3,1,1,1,61,9,3,0,0,0,0,0,19,1,1,2019,136530385,429137.0,433089.0,-1.559182,53.793319,13,3,3,1,03/05/2019,6,09:57,204,E08000035,E08000035,6,0,6,30.0,3,4,6,0,0,0,1,1,1,0,0,1,1,2,E01033013
16040,2019136530886,2019,136530886,1,1,1,2,63,9,3,0,0,0,0,0,9,1,1,2019,136530886,430801.0,435342.0,-1.533699,53.813472,13,3,2,1,03/05/2019,6,14:50,204,E08000035,E08000035,6,0,6,30.0,3,4,6,0,0,0,1,1,1,0,0,1,1,2,E01011360
16041,2019136540591,2019,136540591,1,1,3,2,66,10,3,6,9,0,0,0,0,1,8,2019,136540591,424269.0,429073.0,-1.633391,53.757472,13,3,2,1,04/05/2019,7,10:55,204,E08000035,E08000035,6,0,6,20.0,0,-1,-1,-1,0,0,1,1,1,0,0,1,2,2,E01011523
16042,2019136540653,2019,136540653,2,1,1,2,67,10,3,0,0,0,0,0,9,1,7,2019,136540653,427972.0,433617.0,-1.576818,53.798128,13,3,2,1,03/05/2019,6,18:00,204,E08000035,E08000035,3,647,6,40.0,0,-1,-1,-1,0,0,1,1,1,0,0,1,2,2,E01011294
16043,2019136540915,2019,136540915,2,1,1,2,41,7,3,0,0,0,0,0,9,1,7,2019,136540915,432009.0,436161.0,-1.515268,53.820761,13,3,2,1,04/05/2019,7,13:23,204,E08000035,E08000035,6,0,6,30.0,6,4,6,0,0,0,1,1,1,0,0,1,2,2,E01011642
16044,2019136560196,2019,136560196,1,1,1,2,24,5,3,0,0,0,0,0,9,3,6,2019,136560196,430906.0,432294.0,-1.532408,53.786072,13,3,2,2,06/05/2019,2,02:43,204,E08000035,E08000035,3,653,3,30.0,7,2,6,0,0,5,4,1,1,0,0,1,1,2,E01033018
16045,2019136560196,2019,136560196,2,2,1,1,46,8,3,0,0,0,0,0,8,1,10,2019,136560196,430906.0,432294.0,-1.532408,53.786072,13,3,2,2,06/05/2019,2,02:43,204,E08000035,E08000035,3,653,3,30.0,7,2,6,0,0,5,4,1,1,0,0,1,1,2,E01033018
16046,2019136560537,2019,136560537,1,1,1,1,32,6,3,0,0,0,0,0,9,1,6,2019,136560537,429602.0,434277.0,-1.55201,53.80397,13,3,1,1,06/05/2019,2,10:39,204,E08000035,E08000035,2,58,3,40.0,0,-1,-1,-1,0,0,1,1,1,0,0,1,1,2,E01011678
16047,2019136560924,2019,136560924,1,1,1,1,29,6,3,0,0,0,0,0,5,1,9,2019,136560924,430408.0,431800.0,-1.540015,53.781661,13,3,1,1,06/05/2019,2,14:20,204,E08000035,E08000035,1,621,3,50.0,0,-1,-1,-1,0,0,1,8,3,0,0,1,1,1,E01011364
16048,2019136570714,2019,136570714,1,1,1,2,41,7,3,0,0,0,0,0,9,1,4,2019,136570714,431889.0,435693.0,-1.517139,53.816562,13,3,2,3,06/05/2019,2,20:40,204,E08000035,E08000035,6,0,6,30.0,3,2,3,58,0,4,1,1,1,0,0,1,2,2,E01011428
16049,2019136570714,2019,136570714,1,2,2,1,66,10,3,0,0,1,0,0,9,1,7,2019,136570714,431889.0,435693.0,-1.517139,53.816562,13,3,2,3,06/05/2019,2,20:40,204,E08000035,E08000035,6,0,6,30.0,3,2,3,58,0,4,1,1,1,0,0,1,2,2,E01011428
16050,2019136570714,2019,136570714,1,3,2,2,37,7,3,0,0,2,0,0,9,1,10,2019,136570714,431889.0,435693.0,-1.517139,53.816562,13,3,2,3,06/05/2019,2,20:40,204,E08000035,E08000035,6,0,6,30.0,3,2,3,58,0,4,1,1,1,0,0,1,2,2,E01011428
16051,2019136571177,2019,136571177,1,1,1,1,22,5,3,0,0,0,0,0,9,1,1,2019,136571177,442243.0,442962.0,-1.35889,53.881156,13,3,4,2,07/05/2019,3,16:22,204,E08000035,E08000035,2,1,3,70.0,0,-1,-1,-1,0,0,1,1,1,0,0,2,1,1,E01011712
16052,2019136571177,2019,136571177,2,2,2,2,45,7,3,0,0,2,0,0,9,1,2,2019,136571177,442243.0,442962.0,-1.35889,53.881156,13,3,4,2,07/05/2019,3,16:22,204,E08000035,E08000035,2,1,3,70.0,0,-1,-1,-1,0,0,1,1,1,0,0,2,1,1,E01011712
16053,2019136580245,2019,136580245,2,1,1,2,43,7,3,0,0,0,0,0,3,1,9,2019,136580245,423808.0,439246.0,-1.639601,53.848925,13,3,2,1,08/05/2019,4,08:25,204,E08000035,E08000035,6,0,6,30.0,3,3,6,0,0,0,1,2,2,0,0,1,1,2,E01011456
16054,2019136580279,2019,136580279,2,1,1,1,15,3,2,0,0,0,0,0,1,1,10,2019,136580279,431638.0,437180.0,-1.520799,53.829942,13,2,2,1,08/05/2019,4,08:30,204,E08000035,E08000035,6,0,6,30.0,3,4,6,0,0,0,1,1,1,0,0,1,2,2,E01011641
16055,2019136580471,2019,136580471,2,1,2,2,29,6,3,0,0,1,0,0,9,1,2,2019,136580471,425996.0,428206.0,-1.60727,53.749597,13,3,2,1,08/05/2019,4,11:13,204,E08000035,E08000035,6,0,1,30.0,1,4,6,0,0,0,1,1,2,0,0,1,1,2,E01011525
16056,2019136580631,2019,136580631,2,1,1,2,62,9,3,0,0,0,0,0,1,1,3,2019,136580631,428377.0,434060.0,-1.570629,53.802087,13,3,2,1,08/05/2019,4,09:45,204,E08000035,E08000035,3,65,3,30.0,3,4,6,0,0,0,1,2,2,0,0,1,2,2,E01011681
16057,2019136581478,2019,136581478,2,1,1,1,36,7,3,0,0,0,0,0,9,1,1,2019,136581478,429989.0,434179.0,-1.546143,53.803067,13,3,2,1,08/05/2019,4,17:10,204,E08000035,E08000035,3,58,6,30.0,3,2,6,0,0,5,1,1,2,0,0,1,2,2,E01033010
16058,20191365A0520,2019,1365A0520,1,1,2,1,70,10,3,0,0,0,4,0,11,1,3,2019,1365A0520,430035.0,433378.0,-1.545523,53.795865,13,3,1,1,09/05/2019,5,13:40,204,E08000035,E08000035,6,0,6,30.0,0,-1,-1,-1,0,4,1,2,2,0,0,1,2,2,E01033010
16059,20191365A1188,2019,1365A1188,2,1,1,1,51,8,3,0,0,0,0,0,1,1,10,2019,1365A1188,427943.0,436117.0,-1.577032,53.820599,13,3,2,1,10/05/2019,6,16:10,204,E08000035,E08000035,3,660,6,30.0,3,4,6,0,0,0,1,1,1,0,0,1,1,2,E01011440
16060,20191365A1547,2019,1365A1547,2,1,1,1,37,7,3,0,0,0,0,0,9,1,1,2019,1365A1547,431067.0,434319.0,-1.529762,53.804262,13,3,2,1,10/05/2019,6,19:20,204,E08000035,E08000035,6,0,6,30.0,0,-1,-1,-1,0,0,1,1,1,0,0,1,1,2,E01033031
16061,20191365B0477,2019,1365B0477,1,1,1,1,24,5,3,0,0,0,0,0,2,1,3,2019,1365B0477,422156.0,436666.0,-1.664897,53.82581,13,3,2,1,11/05/2019,7,09:18,204,E08000035,E08000035,3,6120,6,40.0,0,-1,-1,-1,0,0,1,1,1,0,0,1,1,2,E01011591
16062,20191365B0593,2019,1365B0593,1,1,2,2,58,9,3,0,0,0,4,0,11,1,8,2019,1365B0593,429586.0,434718.0,-1.552211,53.807934,13,3,1,1,10/05/2019,6,10:00,204,E08000035,E08000035,3,660,6,30.0,0,-1,-1,-1,0,4,1,2,2,0,0,1,2,2,E01033006
16063,20191365B0728,2019,1365B0728,1,1,1,2,21,5,3,0,0,0,0,0,9,1,10,2019,1365B0728,432193.0,444976.0,-1.511553,53.899974,13,3,2,2,11/05/2019,7,12:23,204,E08000035,E08000035,3,61,6,30.0,6,2,3,659,0,0,1,2,2,0,0,2,1,2,E01011561
16064,20191365B0728,2019,1365B0728,2,2,2,2,56,9,3,0,0,1,0,0,9,1,10,2019,1365B0728,432193.0,444976.0,-1.511553,53.899974,13,3,2,2,11/05/2019,7,12:23,204,E08000035,E08000035,3,61,6,30.0,6,2,3,659,0,0,1,2,2,0,0,2,1,2,E01011561
16065,20191365B0729,2019,1365B0729,2,1,3,1,56,9,3,9,9,0,0,0,0,1,2,2019,1365B0729,435193.0,437607.0,-1.466741,53.833552,13,3,2,1,13/10/2019,1,13:01,204,E08000035,E08000035,3,6120,6,30.0,0,-1,-1,-1,0,0,1,1,1,0,0,1,1,2,E01011657
16066,20191365B1092,2019,1365B1092,1,2,1,1,18,4,2,0,0,0,0,0,9,1,1,2019,1365B1092,427772.0,432628.0,-1.579943,53.789249,13,2,2,6,11/05/2019,7,15:41,204,E08000035,E08000035,6,0,6,30.0,0,-1,-1,-1,0,0,1,5,2,0,0,1,1,2,E01011362
16067,20191365B1092,2019,1365B1092,1,3,2,1,17,4,2,0,0,2,0,0,9,1,1,2019,1365B1092,427772.0,432628.0,-1.579943,53.789249,13,2,2,6,11/05/2019,7,15:41,204,E08000035,E08000035,6,0,6,30.0,0,-1,-1,-1,0,0,1,5,2,0,0,1,1,2,E01011362
16068,20191365B1092,2019,1365B1092,1,4,2,1,18,4,3,0,0,1,0,0,9,1,5,2019,1365B1092,427772.0,432628.0,-1.579943,53.789249,13,2,2,6,11/05/2019,7,15:41,204,E08000035,E08000035,6,0,6,30.0,0,-1,-1,-1,0,0,1,5,2,0,0,1,1,2,E01011362
16069,20191365B1092,2019,1365B1092,1,5,2,1,18,4,3,0,0,2,0,0,9,1,5,2019,1365B1092,427772.0,432628.0,-1.579943,53.789249,13,2,2,6,11/05/2019,7,15:41,204,E08000035,E08000035,6,0,6,30.0,0,-1,-1,-1,0,0,1,5,2,0,0,1,1,2,E01011362
16070,20191365B1092,2019,1365B1092,1,6,2,1,18,4,3,0,0,2,0,0,9,1,3,2019,1365B1092,427772.0,432628.0,-1.579943,53.789249,13,2,2,6,11/05/2019,7,15:41,204,E08000035,E08000035,6,0,6,30.0,0,-1,-1,-1,0,0,1,5,2,0,0,1,1,2,E01011362
16071,20191365B1092,2019,1365B1092,2,1,1,1,54,8,2,0,0,0,0,0,9,1,1,2019,1365B1092,427772.0,432628.0,-1.579943,53.789249,13,2,2,6,11/05/2019,7,15:41,204,E08000035,E08000035,6,0,6,30.0,0,-1,-1,-1,0,0,1,5,2,0,0,1,1,2,E01011362
16072,20191365B1350,2019,1365B1350,1,1,3,1,34,6,3,1,9,0,0,0,0,-1,-1,2019,1365B1350,432288.0,435052.0,-1.511146,53.810776,13,3,1,1,11/05/2019,7,18:10,204,E08000035,E08000035,6,0,6,30.0,6,2,4,6159,0,4,1,2,2,0,0,1,2,2,E01011432
16073,20191365B1578,2019,1365B1578,1,1,1,2,44,7,3,0,0,0,0,0,9,1,6,2019,1365B1578,428902.0,429818.0,-1.563054,53.763933,13,3,2,4,11/05/2019,7,20:00,204,E08000035,E08000035,6,0,6,30.0,6,2,3,653,0,5,1,1,2,0,0,1,1,2,E01011320
16074,20191365B1578,2019,1365B1578,1,2,2,2,25,5,3,0,0,1,0,0,9,1,6,2019,1365B1578,428902.0,429818.0,-1.563054,53.763933,13,3,2,4,11/05/2019,7,20:00,204,E08000035,E08000035,6,0,6,30.0,6,2,3,653,0,5,1,1,2,0,0,1,1,2,E01011320
16075,20191365B1578,2019,1365B1578,2,3,1,2,31,6,3,0,0,0,0,0,9,1,4,2019,1365B1578,428902.0,429818.0,-1.563054,53.763933,13,3,2,4,11/05/2019,7,20:00,204,E08000035,E08000035,6,0,6,30.0,6,2,3,653,0,5,1,1,2,0,0,1,1,2,E01011320
16076,20191365B1578,2019,1365B1578,2,4,2,2,12,3,3,0,0,1,0,0,9,1,4,2019,1365B1578,428902.0,429818.0,-1.563054,53.763933,13,3,2,4,11/05/2019,7,20:00,204,E08000035,E08000035,6,0,6,30.0,6,2,3,653,0,5,1,1,2,0,0,1,1,2,E01011320
16077,20191365B1646,2019,1365B1646,2,1,1,1,28,6,3,0,0,0,0,0,3,1,1,2019,1365B1646,431885.0,435489.0,-1.517221,53.814728,13,3,2,1,11/05/2019,7,20:35,204,E08000035,E08000035,6,0,6,30.0,6,4,6,0,0,0,1,2,2,0,0,1,1,2,E01011428
16078,20191365B1839,2019,1365B1839,2,1,1,1,20,4,3,0,0,0,0,0,3,1,1,2019,1365B1839,440613.0,429143.0,-1.385501,53.757089,13,3,2,1,11/05/2019,7,22:00,204,E08000035,E08000035,6,0,6,30.0,3,4,6,0,0,0,4,1,1,0,0,1,1,2,E01011308
16079,20191365B1933,2019,1365B1933,1,1,1,1,34,6,3,0,0,0,0,0,1,-1,-1,2019,1365B1933,427963.0,434367.0,-1.576887,53.804869,13,3,2,1,11/05/2019,7,22:46,204,E08000035,E08000035,6,0,6,30.0,0,-1,-1,-1,0,0,6,1,1,0,0,1,1,2,E01011481
16080,20191365C1340,2019,1365C1340,2,1,2,1,36,7,3,0,0,0,3,0,11,-1,-1,2019,1365C1340,435501.0,433594.0,-1.462521,53.797464,13,3,2,3,12/05/2019,1,17:44,204,E08000035,E08000035,6,0,6,30.0,0,-1,-1,-1,0,0,1,1,1,0,0,1,1,2,E01011417
16081,20191365C1340,2019,1365C1340,2,2,2,1,5,1,3,0,0,0,4,0,11,1,5,2019,1365C1340,435501.0,433594.0,-1.462521,53.797464,13,3,2,3,12/05/2019,1,17:44,204,E08000035,E08000035,6,0,6,30.0,0,-1,-1,-1,0,0,1,1,1,0,0,1,1,2,E01011417
16082,20191365C1340,2019,1365C1340,2,3,2,1,6,2,3,0,0,0,4,0,11,1,5,2019,1365C1340,435501.0,433594.0,-1.462521,53.797464,13,3,2,3,12/05/2019,1,17:44,204,E08000035,E08000035,6,0,6,30.0,0,-1,-1,-1,0,0,1,1,1,0,0,1,1,2,E01011417
16083,20191365C1406,2019,1365C1406,2,1,1,1,64,9,3,0,0,0,0,0,9,1,1,2019,1365C1406,432648.0,435855.0,-1.505594,53.817971,13,3,2,2,12/05/2019,1,18:20,204,E08000035,E08000035,6,0,6,30.0,3,4,3,58,0,0,1,1,1,0,0,1,2,2,E01011424
16084,20191365C1406,2019,1365C1406,2,2,2,1,16,4,3,0,0,1,0,0,9,1,1,2019,1365C1406,432648.0,435855.0,-1.505594,53.817971,13,3,2,2,12/05/2019,1,18:20,204,E08000035,E08000035,6,0,6,30.0,3,4,3,58,0,0,1,1,1,0,0,1,2,2,E01011424
16085,20191365C1611,2019,1365C1611,2,1,2,2,75,10,3,0,0,1,0,0,9,1,9,2019,1365C1611,436216.0,425907.0,-1.452565,53.728327,13,3,2,1,12/05/2019,1,19:25,204,E08000035,E08000035,1,62,7,70.0,0,-1,-1,-1,0,0,1,1,1,0,0,2,2,1,E01011636
16086,20191365D0395,2019,1365D0395,1,1,1,2,46,8,3,0,0,0,0,0,9,1,1,2019,1365D0395,423350.0,434592.0,-1.646914,53.807117,13,3,3,1,13/05/2019,2,09:15,204,E08000035,E08000035,4,6157,6,40.0,5,4,6,0,0,0,1,1,1,0,0,1,1,2,E01011337
16087,20191365D1191,2019,1365D1191,1,1,3,1,8,2,3,5,4,0,0,0,0,1,1,2019,1365D1191,429384.0,431368.0,-1.555596,53.777837,13,3,1,1,13/05/2019,2,16:20,204,E08000035,E08000035,6,0,6,30.0,0,-1,-1,-1,0,0,1,1,1,0,0,1,1,2,E01011373
16088,20191365E0298,2019,1365E0298,3,1,1,1,40,7,3,0,0,0,0,0,9,3,7,2019,1365E0298,432162.0,427247.0,-1.51387,53.740636,13,3,3,1,15/05/2019,4,07:10,204,E08000035,E08000035,1,1,3,70.0,0,-1,-1,-1,0,0,1,1,1,0,0,2,1,1,E01032495
16089,20191365E0408,2019,1365E0408,2,1,1,1,27,6,3,0,0,0,0,0,1,1,1,2019,1365E0408,427718.0,436114.0,-1.58045,53.820584,13,3,2,1,14/05/2019,3,08:45,204,E08000035,E08000035,6,0,6,30.0,3,4,6,0,0,0,1,1,1,0,0,1,2,2,E01011435
16090,20191365E0979,2019,1365E0979,1,1,3,2,14,3,2,5,3,0,0,0,0,1,3,2019,1365E0979,423035.0,435212.0,-1.651651,53.812704,13,2,1,1,10/05/2019,6,15:05,204,E08000035,E08000035,6,0,6,30.0,0,-1,-1,-1,0,0,1,1,1,0,0,1,2,2,E01011327
16091,20191365E1608,2019,1365E1608,2,1,1,2,25,5,3,0,0,0,0,0,1,1,1,2019,1365E1608,431085.0,434209.0,-1.529499,53.803272,13,3,2,1,14/05/2019,3,09:50,204,E08000035,E08000035,6,0,6,30.0,3,4,6,0,0,0,1,1,1,0,0,1,2,2,E01033031
16092,20191365F0257,2019,1365F0257,1,1,1,2,50,8,3,0,0,0,0,0,9,1,3,2019,1365F0257,415992.0,442974.0,-1.75821,53.882729,13,3,2,1,15/05/2019,4,07:31,204,E08000035,E08000035,6,0,6,30.0,3,4,6,0,0,0,4,1,1,0,0,2,1,2,E01011270
16093,20191365F0348,2019,1365F0348,2,1,1,2,38,7,3,0,0,0,0,0,9,1,3,2019,1365F0348,425458.0,437945.0,-1.614628,53.837155,13,3,2,1,15/05/2019,4,08:45,204,E08000035,E08000035,3,6120,6,40.0,0,-1,-1,-1,0,0,1,1,1,0,0,1,2,2,E01011686
16094,20191365F0364,2019,1365F0364,1,1,3,2,63,9,2,4,3,0,0,0,0,1,5,2019,1365F0364,422233.0,433553.0,-1.66395,53.797828,13,2,1,1,15/05/2019,4,08:50,204,E08000035,E08000035,4,6155,6,30.0,6,4,6,0,0,4,1,1,1,0,0,1,1,2,E01011612
16095,20191365F0444,2019,1365F0444,2,1,1,1,12,3,2,0,0,0,0,0,1,1,1,2019,1365F0444,431591.0,430986.0,-1.522146,53.774275,13,2,2,1,15/05/2019,4,17:15,204,E08000035,E08000035,6,0,6,30.0,0,-1,-1,-1,0,0,1,1,1,0,0,1,2,2,E01011468
16096,20191365F0761,2019,1365F0761,1,1,1,1,51,8,3,0,0,0,0,0,1,1,4,2019,1365F0761,431336.0,435048.0,-1.525603,53.810798,13,3,2,1,15/05/2019,4,12:40,204,E08000035,E08000035,6,0,6,30.0,9,2,6,0,0,4,1,1,1,0,0,1,1,2,E01011673
16097,20191365F1177,2019,1365F1177,2,1,2,2,11,3,3,0,0,2,0,0,9,1,8,2019,1365F1177,433212.0,426335.0,-1.498048,53.732373,13,3,2,1,15/05/2019,4,15:30,204,E08000035,E08000035,6,0,6,30.0,0,-1,-1,-1,0,0,1,1,1,0,0,1,2,2,E01011500
16098,20191365F1399,2019,1365F1399,1,1,3,1,30,6,2,10,1,0,0,0,0,1,10,2019,1365F1399,423531.0,435422.0,-1.644103,53.814569,13,2,1,1,15/05/2019,4,17:00,204,E08000035,E08000035,4,6157,6,30.0,6,4,3,1,0,0,1,2,1,0,0,1,1,2,E01011330
16099,20191365F1920,2019,1365F1920,2,1,1,1,47,8,3,0,0,0,0,0,5,1,2,2019,1365F1920,434203.0,436974.0,-1.481853,53.827929,13,3,2,1,15/05/2019,4,21:10,204,E08000035,E08000035,3,58,3,40.0,3,2,6,0,0,0,4,1,1,0,0,2,1,2,E01011658
16100,20191365G0514,2019,1365G0514,2,1,1,1,27,6,3,0,0,0,0,0,9,1,5,2019,1365G0514,431871.0,435947.0,-1.517386,53.818846,13,3,2,1,15/05/2019,4,22:00,204,E08000035,E08000035,6,0,6,20.0,6,4,6,0,0,0,1,1,1,0,0,1,2,2,E01011422
16101,20191365G1172,2019,1365G1172,2,1,1,2,30,6,3,0,0,0,0,0,9,1,2,2019,1365G1172,434925.0,437444.0,-1.470831,53.832105,13,3,3,3,16/05/2019,5,16:15,204,E08000035,E08000035,6,0,6,20.0,0,-1,-1,-1,0,0,1,1,1,0,0,1,2,2,E01011656
16102,20191365G1172,2019,1365G1172,2,2,2,2,30,6,3,0,0,1,0,0,9,1,2,2019,1365G1172,434925.0,437444.0,-1.470831,53.832105,13,3,3,3,16/05/2019,5,16:15,204,E08000035,E08000035,6,0,6,20.0,0,-1,-1,-1,0,0,1,1,1,0,0,1,2,2,E01011656
16103,20191365G1172,2019,1365G1172,2,3,2,2,7,2,3,0,0,2,0,0,9,1,2,2019,1365G1172,434925.0,437444.0,-1.470831,53.832105,13,3,3,3,16/05/2019,5,16:15,204,E08000035,E08000035,6,0,6,20.0,0,-1,-1,-1,0,0,1,1,1,0,0,1,2,2,E01011656
16104,20191365G1246,2019,1365G1246,1,1,3,2,52,8,3,5,1,0,0,0,0,1,2,2019,1365G1246,426436.0,433296.0,-1.600163,53.795323,13,3,1,1,16/05/2019,5,16:45,204,E08000035,E08000035,6,0,6,50.0,6,3,6,0,0,0,1,1,1,0,0,1,1,2,E01032607
16105,20191365G1364,2019,1365G1364,2,1,1,1,42,7,3,0,0,0,0,0,1,1,7,2019,1365G1364,429780.0,438894.0,-1.548862,53.845456,13,3,2,1,10/05/2019,6,06:40,204,E08000035,E08000035,3,6120,1,40.0,1,4,5,0,0,0,1,1,1,0,0,1,2,2,E01011558
16106,20191365G1470,2019,1365G1470,1,1,3,1,29,6,3,5,3,0,0,0,0,-1,-1,2019,1365G1470,430297.0,433832.0,-1.541501,53.79993,13,3,1,1,16/05/2019,5,18:25,204,E08000035,E08000035,6,0,6,30.0,0,-1,-1,-1,0,0,1,1,1,4,0,1,1,2,E01033010
16107,20191365G1682,2019,1365G1682,1,1,1,2,25,5,2,0,0,0,0,0,3,1,6,2019,1365G1682,442073.0,431753.0,-1.363004,53.78043,13,2,1,1,16/05/2019,5,19:54,204,E08000035,E08000035,3,63,6,60.0,0,-1,-1,-1,0,0,1,1,1,0,0,2,1,2,E01011302
16108,20191365H0429,2019,1365H0429,2,1,1,1,44,7,3,0,0,0,0,0,1,1,8,2019,1365H0429,432131.0,429375.0,-1.514119,53.759763,13,3,2,1,18/05/2019,7,09:00,204,E08000035,E08000035,3,61,3,40.0,0,-1,-1,-1,0,0,1,1,1,0,0,1,2,2,E01011469
16109,20191365H1099,2019,1365H1099,2,1,1,2,73,10,3,0,0,0,0,0,9,3,7,2019,1365H1099,438037.0,438422.0,-1.423429,53.840677,13,3,4,3,17/05/2019,6,15:15,204,E08000035,E08000035,3,64,6,40.0,0,-1,-1,-1,0,0,1,1,1,0,0,2,1,2,E01011715