,accident_index,accident_year_x,accident_reference_x,vehicle_reference,casualty_reference,casualty_class,sex_of_casualty,age_of_casualty,age_band_of_casualty,casualty_severity,pedestrian_location,pedestrian_movement,car_passenger,bus_or_coach_passenger,pedestrian_road_maintenance_worker,casualty_type,casualty_home_area_type,casualty_imd_decile,accident_year_y,accident_reference_y,location_easting_osgr,location_northing_osgr,longitude,latitude,police_force,accident_severity,number_of_vehicles,number_of_casualties,date,day_of_week,time,local_authority_district,local_authority_ons_district,local_authority_highway,first_road_class,first_road_number,road_type,speed_limit,junction_detail,junction_control,second_road_class,second_road_number,pedestrian_crossing_human_control,pedestrian_crossing_physical_facilities,light_conditions,weather_conditions,road_surface_conditions,special_conditions_at_site,carriageway_hazards,urban_or_rural_area,did_police_officer_attend_scene_of_accident,trunk_road_flag,lsoa_of_accident_location
16110,20191365H1099,2019,1365H1099,3,2,2,2,25,5,3,0,0,2,0,0,9,1,10,2019,1365H1099,438037.0,438422.0,-1.423429,53.840677,13,3,4,3,17/05/2019,6,15:15,204,E08000035,E08000035,3,64,6,40.0,0,-1,-1,-1,0,0,1,1,1,0,0,2,1,2,E01011715
16111,20191365H1099,2019,1365H1099,3,3,2,2,31,6,3,0,0,2,0,0,9,1,10,2019,1365H1099,438037.0,438422.0,-1.423429,53.840677,13,3,4,3,17/05/2019,6,15:15,204,E08000035,E08000035,3,64,6,40.0,0,-1,-1,-1,0,0,1,1,1,0,0,2,1,2,E01011715
16112,20191365H1315,2019,1365H1315,2,1,1,2,43,7,3,0,0,0,0,0,9,1,2,2019,1365H1315,430079.0,434406.0,-1.544755,53.805102,13,3,2,1,16/05/2019,5,16:05,204,E08000035,E08000035,2,58,6,30.0,0,-1,-1,-1,0,0,1,1,1,0,0,1,2,2,E01033010
16113,20191365H1613,2019,1365H1613,1,1,2,2,10,2,3,0,0,2,0,0,9,-1,-1,2019,1365H1613,430836.0,433983.0,-1.533302,53.801256,13,3,2,1,17/05/2019,6,16:15,204,E08000035,E08000035,6,0,6,30.0,0,-1,-1,-1,0,0,1,1,1,0,0,1,2,2,E01033031
16114,20191365H1964,2019,1365H1964,2,1,1,1,35,6,3,0,0,0,0,0,9,1,5,2019,1365H1964,433087.0,435820.0,-1.49893,53.817629,13,3,2,1,17/05/2019,6,21:00,204,E08000035,E08000035,6,0,6,30.0,0,-1,-1,-1,0,0,1,1,1,0,0,1,2,2,E01011423
16115,20191365I1432,2019,1365I1432,1,1,1,1,26,6,3,0,0,0,0,0,2,1,1,2019,1365I1432,429978.0,437643.0,-1.545975,53.834201,13,3,2,1,18/05/2019,7,18:30,204,E08000035,E08000035,6,0,6,30.0,0,-1,-1,-1,0,0,1,1,1,0,0,1,1,2,E01011506
16116,20191365J1833,2019,1365J1833,2,1,1,1,38,7,3,0,0,0,0,0,1,1,8,2019,1365J1833,427569.0,436879.0,-1.582645,53.827467,13,3,2,1,19/05/2019,1,17:10,204,E08000035,E08000035,3,660,6,30.0,3,4,6,0,0,0,1,1,1,0,0,1,2,2,E01011694
16117,20191365K1271,2019,1365K1271,1,1,3,1,28,6,3,6,9,0,0,0,0,1,2,2019,1365K1271,429133.0,431868.0,-1.559357,53.782345,13,3,1,1,20/05/2019,2,17:00,204,E08000035,E08000035,6,0,6,20.0,0,-1,-1,-1,0,0,1,1,1,0,0,1,1,2,E01011368
16118,20191365K1555,2019,1365K1555,2,1,1,1,37,7,3,0,0,0,0,0,4,1,8,2019,1365K1555,430707.0,438575.0,-1.534805,53.842535,13,3,2,1,20/05/2019,2,19:11,204,E08000035,E08000035,6,0,6,30.0,9,4,6,0,0,0,1,1,1,0,0,1,1,2,E01011514
16119,20191365L0861,2019,1365L0861,1,1,2,2,51,8,3,0,0,2,2,0,11,1,1,2019,1365L0861,430512.0,433453.0,-1.538274,53.796512,13,3,1,1,21/05/2019,3,13:30,204,E08000035,E08000035,6,0,2,30.0,0,-1,-1,-1,0,0,1,1,1,0,0,1,1,2,E01033010
16120,20191365L1015,2019,1365L1015,2,1,1,1,77,11,3,0,0,0,0,0,9,1,1,2019,1365L1015,432859.0,435383.0,-1.502439,53.813715,13,3,2,1,21/05/2019,3,14:45,204,E08000035,E08000035,6,0,6,30.0,6,4,6,0,0,0,1,1,1,0,0,1,1,2,E01011424
16121,20191365L1511,2019,1365L1511,2,1,1,1,24,5,3,0,0,0,0,0,1,1,1,2019,1365L1511,432133.0,434947.0,-1.51351,53.809842,13,3,2,1,21/05/2019,3,18:00,204,E08000035,E08000035,6,0,6,30.0,0,-1,-1,-1,0,0,1,1,1,0,0,1,2,2,E01011434
16122,20191365M0322,2019,1365M0322,1,1,3,2,12,3,3,6,7,0,0,0,0,-1,-1,2019,1365M0322,424965.0,432221.0,-1.622581,53.785733,13,3,1,1,22/05/2019,4,07:55,204,E08000035,E08000035,6,0,6,30.0,0,-1,-1,-1,0,0,1,1,1,0,0,1,2,2,E01011726
16123,20191365M1628,2019,1365M1628,1,1,1,2,27,6,3,0,0,0,0,0,9,1,2,2019,1365M1628,431300.0,437028.0,-1.52595,53.828596,13,3,2,1,22/05/2019,4,19:00,204,E08000035,E08000035,6,0,6,30.0,3,4,6,0,0,0,1,1,1,0,0,1,1,2,E01011353
16124,20191365M1644,2019,1365M1644,2,1,1,2,22,5,2,0,0,0,0,0,1,1,3,2019,1365M1644,427169.0,435879.0,-1.58881,53.8185,13,2,2,1,22/05/2019,4,19:06,204,E08000035,E08000035,6,0,6,20.0,6,4,6,0,0,0,1,1,1,0,0,1,1,2,E01032945
16125,20191365M2111,2019,1365M2111,1,1,1,2,35,6,3,0,0,0,0,0,9,1,1,2019,1365M2111,435758.0,434450.0,-1.458521,53.80514,13,3,2,1,22/05/2019,4,23:12,204,E08000035,E08000035,6,0,6,20.0,0,-1,-1,-1,0,0,4,1,1,5,0,1,1,2,E01011345
16126,20191365N0308,2019,1365N0308,1,1,1,1,21,5,3,0,0,0,0,0,9,1,8,2019,1365N0308,434580.0,430848.0,-1.476809,53.772846,13,3,1,1,23/05/2019,5,08:24,204,E08000035,E08000035,1,1,3,70.0,0,-1,-1,-1,0,0,1,1,1,0,0,2,1,1,E01011624
16127,20191365N1597,2019,1365N1597,1,1,1,1,16,4,3,0,0,0,0,0,1,1,1,2019,1365N1597,433562.0,435270.0,-1.491775,53.812655,13,3,2,1,23/05/2019,5,09:00,204,E08000035,E08000035,6,0,6,20.0,0,-1,-1,-1,0,0,1,1,1,0,0,1,2,2,E01011339
16128,20191365O0652,2019,1365O0652,1,1,3,2,44,7,2,4,1,0,0,0,0,-1,-1,2019,1365O0652,429334.0,433240.0,-1.556177,53.794665,13,2,1,1,24/05/2019,6,12:18,204,E08000035,E08000035,6,0,6,30.0,0,-1,-1,-1,0,4,1,1,1,0,0,1,1,2,E01033015
16129,20191365O1165,2019,1365O1165,1,1,1,1,60,9,3,0,0,0,0,0,5,1,1,2019,1365O1165,432786.0,436848.0,-1.503393,53.826887,13,3,2,1,24/05/2019,6,16:00,204,E08000035,E08000035,6,0,6,30.0,3,4,6,0,0,0,1,1,1,0,0,1,1,2,E01011643
16130,20191365O1928,2019,1365O1928,2,1,1,2,40,7,3,0,0,0,0,0,9,1,3,2019,1365O1928,428882.0,430127.0,-1.563328,53.766711,13,3,2,1,24/05/2019,6,20:05,204,E08000035,E08000035,6,0,6,20.0,0,-1,-1,-1,0,0,1,1,1,0,0,1,2,2,E01011320
16131,20191365P0589,2019,1365P0589,2,1,1,1,31,6,3,0,0,0,0,0,1,1,5,2019,1365P0589,421917.0,432966.0,-1.668789,53.792565,13,3,2,1,25/05/2019,7,10:37,204,E08000035,E08000035,4,6154,6,30.0,3,4,6,0,0,0,1,1,1,0,0,1,1,2,E01011602
16132,20191365P0673,2019,1365P0673,2,1,1,1,55,8,3,0,0,0,0,0,9,1,7,2019,1365P0673,431693.0,425283.0,-1.52118,53.723012,13,3,4,2,25/05/2019,7,11:15,204,E08000035,E08000035,1,1,3,70.0,0,-1,-1,-1,0,0,1,1,1,0,0,2,1,1,E01011551
16133,20191365P0673,2019,1365P0673,3,2,1,1,47,8,3,0,0,0,0,0,9,1,6,2019,1365P0673,431693.0,425283.0,-1.52118,53.723012,13,3,4,2,25/05/2019,7,11:15,204,E08000035,E08000035,1,1,3,70.0,0,-1,-1,-1,0,0,1,1,1,0,0,2,1,1,E01011551
16134,20191365P0942,2019,1365P0942,2,1,2,2,63,9,2,0,0,0,4,0,11,1,1,2019,1365P0942,434136.0,433895.0,-1.48321,53.80026,13,2,2,3,25/05/2019,7,13:50,204,E08000035,E08000035,4,6159,3,30.0,9,1,6,0,0,0,1,1,1,0,0,1,1,2,E01011341
16135,20191365P0942,2019,1365P0942,2,2,2,2,44,7,3,0,0,0,4,0,11,1,2,2019,1365P0942,434136.0,433895.0,-1.48321,53.80026,13,2,2,3,25/05/2019,7,13:50,204,E08000035,E08000035,4,6159,3,30.0,9,1,6,0,0,0,1,1,1,0,0,1,1,2,E01011341
16136,20191365P0942,2019,1365P0942,2,3,2,2,40,7,3,0,0,0,4,0,11,1,1,2019,1365P0942,434136.0,433895.0,-1.48321,53.80026,13,2,2,3,25/05/2019,7,13:50,204,E08000035,E08000035,4,6159,3,30.0,9,1,6,0,0,0,1,1,1,0,0,1,1,2,E01011341
16137,20191365P1136,2019,1365P1136,2,1,1,1,22,5,3,0,0,0,0,0,3,3,9,2019,1365P1136,434615.0,441233.0,-1.475116,53.866179,13,3,2,1,25/05/2019,7,15:00,204,E08000035,E08000035,6,0,6,60.0,6,3,6,0,0,0,1,2,2,0,0,2,2,2,E01011713
16138,20191365P1156,2019,1365P1156,2,1,2,2,30,6,3,0,0,1,0,0,9,1,4,2019,1365P1156,431274.0,434604.0,-1.52659,53.806811,13,3,2,1,25/05/2019,7,15:35,204,E08000035,E08000035,6,0,6,30.0,0,-1,-1,-1,0,0,1,1,1,0,0,1,1,2,E01033031
16139,20191365P1337,2019,1365P1337,1,1,1,1,19,4,2,0,0,0,0,0,1,1,1,2019,1365P1337,429468.0,430993.0,-1.554357,53.774462,13,2,2,1,26/05/2019,1,17:00,204,E08000035,E08000035,6,0,6,20.0,0,-1,-1,-1,0,0,1,2,2,0,0,1,1,2,E01011375
16140,20191365P1474,2019,1365P1474,2,1,1,2,26,6,3,0,0,0,0,0,9,1,2,2019,1365P1474,428089.0,434900.0,-1.574925,53.809653,13,3,2,1,25/05/2019,7,18:18,204,E08000035,E08000035,6,0,6,30.0,0,-1,-1,-1,0,0,1,1,1,0,0,1,1,2,E01011447
16141,20191365Q0505,2019,1365Q0505,2,1,1,2,60,9,3,0,0,0,0,0,9,1,5,2019,1365Q0505,418143.0,442485.0,-1.725517,53.878264,13,3,2,2,26/05/2019,1,19:10,204,E08000035,E08000035,3,65,1,30.0,1,4,6,0,0,0,1,2,2,0,0,1,2,2,E01011266
16142,20191365Q0505,2019,1365Q0505,2,2,2,1,59,9,3,0,0,1,0,0,9,1,5,2019,1365Q0505,418143.0,442485.0,-1.725517,53.878264,13,3,2,2,26/05/2019,1,19:10,204,E08000035,E08000035,3,65,1,30.0,1,4,6,0,0,0,1,2,2,0,0,1,2,2,E01011266
16143,20191365Q0813,2019,1365Q0813,2,1,2,2,25,5,3,0,0,1,0,0,9,1,2,2019,1365Q0813,436145.0,435314.0,-1.452544,53.812878,13,3,2,1,26/05/2019,1,14:02,204,E08000035,E08000035,3,6120,3,40.0,0,-1,-1,-1,0,0,1,1,1,0,0,1,1,2,E01011406
16144,20191365Q0944,2019,1365Q0944,1,1,1,2,38,7,2,0,0,0,0,0,9,1,1,2019,1365Q0944,435464.0,437288.0,-1.46266,53.830667,13,2,2,2,26/05/2019,1,14:58,204,E08000035,E08000035,3,6120,6,50.0,3,4,6,0,0,4,1,4,1,0,0,1,1,2,E01011657
16145,20191365Q0944,2019,1365Q0944,2,2,1,1,28,6,3,0,0,0,0,0,19,-1,-1,2019,1365Q0944,435464.0,437288.0,-1.46266,53.830667,13,2,2,2,26/05/2019,1,14:58,204,E08000035,E08000035,3,6120,6,50.0,3,4,6,0,0,4,1,4,1,0,0,1,1,2,E01011657
16146,20191365Q1043,2019,1365Q1043,1,1,1,2,20,4,3,0,0,0,0,0,1,1,2,2019,1365Q1043,439015.0,431739.0,-1.40941,53.780541,13,3,2,1,26/05/2019,1,15:46,204,E08000035,E08000035,3,642,6,60.0,3,4,6,0,0,0,1,1,1,0,0,2,1,2,E01011402
16147,20191365Q1097,2019,1365Q1097,1,1,1,2,68,10,3,0,0,0,0,0,9,1,1,2019,1365Q1097,427833.0,435806.0,-1.578731,53.817809,13,3,2,3,26/05/2019,1,16:15,204,E08000035,E08000035,6,0,6,30.0,6,2,6,0,0,5,1,1,1,0,0,1,1,2,E01011435
16148,20191365Q1097,2019,1365Q1097,2,2,1,1,52,8,3,0,0,0,0,0,8,1,1,2019,1365Q1097,427833.0,435806.0,-1.578731,53.817809,13,3,2,3,26/05/2019,1,16:15,204,E08000035,E08000035,6,0,6,30.0,6,2,6,0,0,5,1,1,1,0,0,1,1,2,E01011435
16149,20191365Q1097,2019,1365Q1097,2,3,2,2,19,4,3,0,0,2,0,0,8,1,6,2019,1365Q1097,427833.0,435806.0,-1.578731,53.817809,13,3,2,3,26/05/2019,1,16:15,204,E08000035,E08000035,6,0,6,30.0,6,2,6,0,0,5,1,1,1,0,0,1,1,2,E01011435
16150,20191365Q1175,2019,1365Q1175,1,1,3,2,30,6,3,9,5,0,0,0,0,1,1,2019,1365Q1175,431487.0,433580.0,-1.523459,53.797595,13,3,1,1,26/05/2019,1,00:30,204,E08000035,E08000035,3,64,3,40.0,0,-1,-1,-1,0,0,7,1,1,0,0,1,2,2,E01033021
16151,20191365S2023,2019,1365S2023,2,1,1,1,25,5,1,0,0,0,0,0,1,1,3,2019,1365S2023,425576.0,434243.0,-1.61314,53.803877,13,1,2,1,28/05/2019,3,22:45,204,E08000035,E08000035,3,647,3,40.0,0,-1,-1,-1,0,0,4,1,1,0,0,1,1,2,E01011286
16152,20191365T0771,2019,1365T0771,1,1,2,1,4,1,3,0,0,2,0,0,9,3,5,2019,1365T0771,424320.0,427890.0,-1.63271,53.746837,13,3,2,1,29/05/2019,4,12:51,204,E08000035,E08000035,1,62,3,70.0,5,4,1,62,0,0,1,1,1,0,0,1,1,1,E01011523
16153,20191365U1363,2019,1365U1363,1,1,1,1,36,7,3,0,0,0,0,0,9,1,3,2019,1365U1363,432151.0,427338.0,-1.514027,53.741454,13,3,3,4,30/05/2019,5,18:06,204,E08000035,E08000035,1,1,9,70.0,9,4,1,62,0,0,1,1,1,0,0,2,1,1,E01032495
16154,20191365U1363,2019,1365U1363,2,2,1,1,31,6,3,0,0,0,0,0,9,2,7,2019,1365U1363,432151.0,427338.0,-1.514027,53.741454,13,3,3,4,30/05/2019,5,18:06,204,E08000035,E08000035,1,1,9,70.0,9,4,1,62,0,0,1,1,1,0,0,2,1,1,E01032495
16155,20191365U1363,2019,1365U1363,2,3,2,2,29,6,3,0,0,2,0,0,9,3,9,2019,1365U1363,432151.0,427338.0,-1.514027,53.741454,13,3,3,4,30/05/2019,5,18:06,204,E08000035,E08000035,1,1,9,70.0,9,4,1,62,0,0,1,1,1,0,0,2,1,1,E01032495
16156,20191365U1363,2019,1365U1363,2,4,2,2,1,1,3,0,0,2,0,0,9,3,9,2019,1365U1363,432151.0,427338.0,-1.514027,53.741454,13,3,3,4,30/05/2019,5,18:06,204,E08000035,E08000035,1,1,9,70.0,9,4,1,62,0,0,1,1,1,0,0,2,1,1,E01032495
16157,20191365U1527,2019,1365U1527,2,1,1,1,54,8,3,0,0,0,0,0,9,1,2,2019,1365U1527,430339.0,425047.0,-1.541722,53.720971,13,3,2,1,30/05/2019,5,19:24,204,E08000035,E08000035,3,650,3,30.0,0,-1,-1,-1,0,0,1,1,1,0,0,1,2,2,E01011537
16158,20191365U1740,2019,1365U1740,2,1,1,1,46,8,3,0,0,0,0,0,1,1,8,2019,1365U1740,427256.0,444361.0,-1.58674,53.894728,13,3,2,1,30/05/2019,5,19:00,204,E08000035,E08000035,6,0,6,30.0,9,4,6,0,0,0,1,1,1,0,0,2,2,2,E01011576
16159,20191365V1216,2019,1365V1216,1,1,1,1,44,7,3,0,0,0,0,0,9,1,4,2019,1365V1216,431800.0,425392.0,-1.519547,53.723986,13,3,3,5,31/05/2019,6,16:05,204,E08000035,E08000035,1,1,3,70.0,0,-1,-1,-1,0,0,1,1,1,0,0,1,1,1,E01011551
16160,20191365V1216,2019,1365V1216,1,2,2,1,52,8,3,0,0,1,0,0,9,1,1,2019,1365V1216,431800.0,425392.0,-1.519547,53.723986,13,3,3,5,31/05/2019,6,16:05,204,E08000035,E08000035,1,1,3,70.0,0,-1,-1,-1,0,0,1,1,1,0,0,1,1,1,E01011551
16161,20191365V1216,2019,1365V1216,2,3,1,1,56,9,3,0,0,0,0,0,9,3,6,2019,1365V1216,431800.0,425392.0,-1.519547,53.723986,13,3,3,5,31/05/2019,6,16:05,204,E08000035,E08000035,1,1,3,70.0,0,-1,-1,-1,0,0,1,1,1,0,0,1,1,1,E01011551
16162,20191365V1216,2019,1365V1216,2,4,2,1,39,7,3,0,0,1,0,0,9,1,6,2019,1365V1216,431800.0,425392.0,-1.519547,53.723986,13,3,3,5,31/05/2019,6,16:05,204,E08000035,E08000035,1,1,3,70.0,0,-1,-1,-1,0,0,1,1,1,0,0,1,1,1,E01011551
16163,20191365V1216,2019,1365V1216,3,5,1,2,46,8,3,0,0,0,0,0,9,1,7,2019,1365V1216,431800.0,425392.0,-1.519547,53.723986,13,3,3,5,31/05/2019,6,16:05,204,E08000035,E08000035,1,1,3,70.0,0,-1,-1,-1,0,0,1,1,1,0,0,1,1,1,E01011551
16164,2019136610877,2019,136610877,2,1,1,2,54,8,3,0,0,0,0,0,9,1,5,2019,136610877,424092.0,428106.0,-1.63615,53.748789,13,3,2,1,01/06/2019,7,13:25,204,E08000035,E08000035,6,0,3,30.0,5,2,6,0,0,0,1,1,1,0,0,1,1,2,E01011529
16165,2019136610883,2019,136610883,1,1,1,2,61,9,3,0,0,0,0,0,9,1,2,2019,136610883,436750.0,436321.0,-1.443237,53.821887,13,3,3,1,01/06/2019,7,13:30,204,E08000035,E08000035,6,0,6,30.0,0,-1,-1,-1,0,0,1,1,1,0,0,1,1,2,E01011722
16166,2019136611356,2019,136611356,1,1,1,1,61,9,2,0,0,0,0,0,5,1,1,2019,136611356,425627.0,433079.0,-1.612462,53.793412,13,2,2,1,01/06/2019,7,17:45,204,E08000035,E08000035,6,0,6,30.0,3,4,6,0,0,0,1,1,1,0,0,1,1,2,E01011730
16167,2019136611397,2019,136611397,1,1,1,1,49,8,2,0,0,0,0,0,1,2,8,2019,136611397,432289.0,444344.0,-1.510159,53.894288,13,2,2,1,01/06/2019,7,18:00,204,E08000035,E08000035,3,61,6,60.0,0,-1,-1,-1,0,0,1,1,1,0,0,2,1,2,E01011561
16168,2019136612120,2019,136612120,2,1,1,1,59,9,3,0,0,0,0,0,9,1,2,2019,136612120,428769.0,432727.0,-1.564801,53.790085,13,3,2,1,01/06/2019,7,23:30,204,E08000035,E08000035,3,58,1,30.0,1,4,6,0,0,1,4,1,1,0,0,1,1,2,E01033013
16169,2019136620779,2019,136620779,2,1,1,1,46,8,3,0,0,0,0,0,5,3,7,2019,136620779,435912.0,436248.0,-1.455974,53.821289,13,3,2,1,01/06/2019,7,16:30,204,E08000035,E08000035,3,64,7,40.0,5,4,6,0,0,0,1,1,1,0,0,1,2,2,E01011661
16170,2019136640394,2019,136640394,1,1,1,2,39,7,3,0,0,0,0,0,9,-1,-1,2019,136640394,426991.0,427914.0,-1.592207,53.746922,13,3,2,1,04/06/2019,3,08:00,204,E08000035,E08000035,6,0,6,30.0,3,4,6,0,0,0,1,1,1,0,0,1,1,2,E01032489
16171,2019136641227,2019,136641227,1,1,3,1,11,3,3,10,9,0,0,0,0,1,1,2019,136641227,425272.0,432888.0,-1.617867,53.791713,13,3,1,1,04/06/2019,3,15:30,204,E08000035,E08000035,6,0,6,30.0,0,-1,-1,-1,0,0,1,1,1,0,0,1,2,2,E01011726
16172,2019136641574,2019,136641574,1,1,3,2,70,10,3,5,1,0,0,0,0,-1,-1,2019,136641574,421180.0,441480.0,-1.679393,53.869117,13,3,1,1,04/06/2019,3,18:17,204,E08000035,E08000035,6,0,6,30.0,0,-1,-1,-1,0,0,1,2,2,0,0,1,1,2,E01011264
16173,2019136641765,2019,136641765,1,1,2,1,15,3,3,0,0,1,0,0,9,1,8,2019,136641765,423049.0,434159.0,-1.651517,53.803239,13,3,3,2,04/06/2019,3,20:25,204,E08000035,E08000035,3,647,3,60.0,0,-1,-1,-1,0,0,1,2,2,0,0,1,1,2,E01011587
16174,2019136641765,2019,136641765,1,2,2,2,21,5,3,0,0,2,0,0,9,1,8,2019,136641765,423049.0,434159.0,-1.651517,53.803239,13,3,3,2,04/06/2019,3,20:25,204,E08000035,E08000035,3,647,3,60.0,0,-1,-1,-1,0,0,1,2,2,0,0,1,1,2,E01011587
16175,2019136650664,2019,136650664,1,1,2,2,71,10,3,0,0,2,3,0,11,1,7,2019,136650664,426546.0,428241.0,-1.598927,53.749884,13,3,1,1,05/06/2019,4,10:45,204,E08000035,E08000035,6,0,6,30.0,0,-1,-1,-1,0,0,1,1,1,0,0,1,2,2,E01011533
16176,2019136660162,2019,136660162,1,1,3,1,33,6,2,6,8,0,0,0,0,1,2,2019,136660162,428071.0,434988.0,-1.575191,53.810445,13,2,1,1,06/06/2019,5,19:10,204,E08000035,E08000035,6,0,6,30.0,3,4,6,0,0,0,1,1,1,0,0,1,2,2,E01011447
16177,2019136660432,2019,136660432,2,1,1,2,46,8,3,0,0,0,0,0,9,2,9,2019,136660432,440840.0,442755.0,-1.380259,53.879407,13,3,2,1,06/06/2019,5,09:31,204,E08000035,E08000035,6,0,6,60.0,3,4,6,0,0,0,1,1,1,0,0,2,1,2,E01011712
16178,2019136660832,2019,136660832,1,1,2,2,30,6,3,0,0,0,2,0,11,-1,-1,2019,136660832,429423.0,428211.0,-1.555303,53.749461,13,3,1,2,06/06/2019,5,13:00,204,E08000035,E08000035,6,0,3,30.0,0,-1,-1,-1,0,0,1,1,1,0,0,1,2,2,E01032498
16179,2019136660832,2019,136660832,1,2,2,2,2,1,3,0,0,0,2,0,11,-1,-1,2019,136660832,429423.0,428211.0,-1.555303,53.749461,13,3,1,2,06/06/2019,5,13:00,204,E08000035,E08000035,6,0,3,30.0,0,-1,-1,-1,0,0,1,1,1,0,0,1,2,2,E01032498
16180,2019136661134,2019,136661134,2,1,2,2,75,10,3,0,0,2,0,0,9,1,8,2019,136661134,428983.0,425984.0,-1.562183,53.729469,13,3,2,1,06/06/2019,5,16:07,204,E08000035,E08000035,3,650,6,40.0,3,4,3,654,0,5,1,1,1,0,0,2,1,2,E01011538
16181,2019136661171,2019,136661171,2,1,1,1,52,8,3,0,0,0,0,0,1,1,8,2019,136661171,427646.0,434743.0,-1.581666,53.808265,13,3,2,1,06/06/2019,5,16:15,204,E08000035,E08000035,6,0,6,30.0,0,-1,-1,-1,0,0,1,1,1,0,0,1,1,2,E01011482
16182,2019136661173,2019,136661173,1,1,3,2,7,2,2,5,1,0,0,0,0,1,1,2019,136661173,432030.0,435262.0,-1.515042,53.812679,13,2,1,2,06/06/2019,5,16:20,204,E08000035,E08000035,6,0,6,30.0,0,-1,-1,-1,0,0,1,1,1,0,0,1,1,2,E01011434
16183,2019136661173,2019,136661173,1,2,3,2,35,6,2,5,1,0,0,0,0,1,1,2019,136661173,432030.0,435262.0,-1.515042,53.812679,13,2,1,2,06/06/2019,5,16:20,204,E08000035,E08000035,6,0,6,30.0,0,-1,-1,-1,0,0,1,1,1,0,0,1,1,2,E01011434
16184,2019136671488,2019,136671488,1,1,3,1,55,8,2,5,1,0,0,0,0,1,5,2019,136671488,429654.0,433381.0,-1.551306,53.795914,13,2,1,1,07/06/2019,6,13:00,204,E08000035,E08000035,6,0,6,30.0,3,2,6,0,0,0,1,1,1,0,0,1,2,2,E01033008
16185,2019136680016,2019,136680016,3,1,1,2,41,7,3,0,0,0,0,0,9,3,7,2019,136680016,430697.0,434523.0,-1.535359,53.806118,13,3,3,2,08/06/2019,7,00:09,204,E08000035,E08000035,6,0,2,40.0,3,4,6,0,0,0,4,1,2,0,0,1,1,2,E01033003
16186,2019136680016,2019,136680016,3,2,2,1,30,6,3,0,0,1,0,0,9,1,1,2019,136680016,430697.0,434523.0,-1.535359,53.806118,13,3,3,2,08/06/2019,7,00:09,204,E08000035,E08000035,6,0,2,40.0,3,4,6,0,0,0,4,1,2,0,0,1,1,2,E01033003
16187,2019136690217,2019,136690217,1,1,3,1,21,5,3,5,3,0,0,0,0,1,1,2019,136690217,430091.0,431311.0,-1.544873,53.777284,13,3,1,1,09/06/2019,1,02:51,204,E08000035,E08000035,3,653,6,30.0,3,4,6,0,0,0,4,1,1,0,0,1,1,2,E01011371
16188,2019136690239,2019,136690239,1,1,1,1,23,5,3,0,0,0,0,0,9,1,1,2019,136690239,426584.0,433440.0,-1.597904,53.796609,13,3,1,1,09/06/2019,1,03:15,204,E08000035,E08000035,6,0,6,30.0,0,-1,-1,-1,0,0,4,1,1,0,0,1,1,2,E01032607
16189,2019136690394,2019,136690394,1,1,1,1,33,6,3,0,0,0,0,0,9,1,2,2019,136690394,437230.0,437747.0,-1.435774,53.834669,13,3,3,2,09/06/2019,1,06:40,204,E08000035,E08000035,3,64,6,40.0,0,-1,-1,-1,0,0,1,1,1,4,0,2,1,2,E01011715
16190,2019136690394,2019,136690394,2,2,1,1,48,8,3,0,0,0,0,0,9,1,3,2019,136690394,437230.0,437747.0,-1.435774,53.834669,13,3,3,2,09/06/2019,1,06:40,204,E08000035,E08000035,3,64,6,40.0,0,-1,-1,-1,0,0,1,1,1,4,0,2,1,2,E01011715
16191,2019136691582,2019,136691582,1,1,2,2,22,5,3,0,0,2,0,0,8,1,9,2019,136691582,429857.0,433410.0,-1.548222,53.796163,13,3,2,1,08/06/2019,7,18:15,204,E08000035,E08000035,6,0,6,30.0,0,-1,-1,-1,0,0,1,1,2,0,0,1,2,2,E01033016
16192,20191366A0364,2019,1366A0364,2,1,1,2,32,6,3,0,0,0,0,0,9,1,6,2019,1366A0364,431488.0,429559.0,-1.523853,53.761456,13,3,2,3,10/06/2019,2,08:58,204,E08000035,E08000035,6,0,6,30.0,0,-1,-1,-1,0,0,1,1,1,0,0,1,1,2,E01011474
16193,20191366A0364,2019,1366A0364,2,2,2,2,11,3,3,0,0,2,0,0,9,1,6,2019,1366A0364,431488.0,429559.0,-1.523853,53.761456,13,3,2,3,10/06/2019,2,08:58,204,E08000035,E08000035,6,0,6,30.0,0,-1,-1,-1,0,0,1,1,1,0,0,1,1,2,E01011474
16194,20191366A0364,2019,1366A0364,2,3,2,2,11,3,3,0,0,2,0,0,9,1,6,2019,1366A0364,431488.0,429559.0,-1.523853,53.761456,13,3,2,3,10/06/2019,2,08:58,204,E08000035,E08000035,6,0,6,30.0,0,-1,-1,-1,0,0,1,1,1,0,0,1,1,2,E01011474
16195,20191366A0741,2019,1366A0741,1,1,3,1,82,11,2,5,1,0,0,0,0,1,2,2019,1366A0741,426470.0,427642.0,-1.60013,53.744504,13,2,1,1,10/06/2019,2,12:39,204,E08000035,E08000035,6,0,6,30.0,9,4,6,0,0,0,1,1,1,0,0,1,1,2,E01011541
16196,20191366A0944,2019,1366A0944,2,1,1,1,55,8,3,0,0,0,0,0,9,1,7,2019,1366A0944,442984.0,427731.0,-1.349738,53.744209,13,3,2,1,10/06/2019,2,14:15,204,E08000035,E08000035,6,0,6,60.0,3,4,6,0,0,0,1,2,2,0,0,2,1,2,E01011299