,accident_index,accident_year_x,accident_reference_x,vehicle_reference,casualty_reference,casualty_class,sex_of_casualty,age_of_casualty,age_band_of_casualty,casualty_severity,pedestrian_location,pedestrian_movement,car_passenger,bus_or_coach_passenger,pedestrian_road_maintenance_worker,casualty_type,casualty_home_area_type,casualty_imd_decile,accident_year_y,accident_reference_y,location_easting_osgr,location_northing_osgr,longitude,latitude,police_force,accident_severity,number_of_vehicles,number_of_casualties,date,day_of_week,time,local_authority_district,local_authority_ons_district,local_authority_highway,first_road_class,first_road_number,road_type,speed_limit,junction_detail,junction_control,second_road_class,second_road_number,pedestrian_crossing_human_control,pedestrian_crossing_physical_facilities,light_conditions,weather_conditions,road_surface_conditions,special_conditions_at_site,carriageway_hazards,urban_or_rural_area,did_police_officer_attend_scene_of_accident,trunk_road_flag,lsoa_of_accident_location
16197,20191366A1765,2019,1366A1765,2,1,1,1,29,6,2,0,0,0,0,0,3,1,1,2019,1366A1765,430438.0,434355.0,-1.539309,53.804623,13,2,2,1,10/06/2019,2,20:43,204,E08000035,E08000035,6,0,6,30.0,3,4,6,0,0,0,1,1,1,0,0,1,1,2,E01033002
16198,20191366B0333,2019,1366B0333,2,1,1,1,52,8,3,0,0,0,0,0,1,1,6,2019,1366B0333,430021.0,435532.0,-1.545526,53.815225,13,3,2,1,11/06/2019,3,08:30,204,E08000035,E08000035,6,0,6,30.0,3,4,6,0,0,0,1,1,1,0,0,1,1,2,E01011670
16199,20191366B0409,2019,1366B0409,2,1,1,1,51,8,3,0,0,0,0,0,9,1,1,2019,1366B0409,429737.0,438346.0,-1.549569,53.840533,13,3,2,1,11/06/2019,3,09:58,204,E08000035,E08000035,4,6157,6,30.0,0,-1,-1,-1,0,0,1,2,2,0,0,1,1,2,E01011505
16200,20191366B1039,2019,1366B1039,1,1,3,1,13,3,3,1,1,0,0,0,0,1,10,2019,1366B1039,423806.0,438264.0,-1.639706,53.8401,13,3,1,1,11/06/2019,3,00:00,204,E08000035,E08000035,6,0,6,30.0,0,-1,-1,-1,0,4,1,1,2,0,0,1,1,2,E01011459
16201,20191366B1160,2019,1366B1160,1,1,1,1,35,6,2,0,0,0,0,0,9,-1,-1,2019,1366B1160,425023.0,433179.0,-1.621623,53.79434,13,2,1,1,11/06/2019,3,19:30,204,E08000035,E08000035,3,6110,1,40.0,0,-1,-1,-1,0,0,1,1,1,0,0,1,2,2,E01011727
16202,20191366B1180,2019,1366B1180,2,1,1,1,27,6,3,0,0,0,0,0,1,1,4,2019,1366B1180,430807.0,435341.0,-1.533608,53.813463,13,3,2,1,11/06/2019,3,17:01,204,E08000035,E08000035,6,0,6,30.0,3,4,6,0,0,0,1,2,2,0,0,1,1,2,E01011360
16203,20191366B1368,2019,1366B1368,3,1,1,2,48,8,3,0,0,0,0,0,9,-1,-1,2019,1366B1368,428003.0,426155.0,-1.577021,53.731059,13,3,4,1,11/06/2019,3,18:26,204,E08000035,E08000035,3,653,3,40.0,0,-1,-1,-1,0,0,1,1,2,0,0,1,1,2,E01011550
16204,20191366B1461,2019,1366B1461,2,1,1,1,37,7,3,0,0,0,0,0,9,1,1,2019,1366B1461,424991.0,432897.0,-1.622132,53.791807,13,3,2,1,11/06/2019,3,19:14,204,E08000035,E08000035,6,0,6,30.0,6,2,6,0,0,5,1,2,2,0,0,1,1,2,E01011727
16205,20191366C0350,2019,1366C0350,2,1,1,1,40,7,2,0,0,0,0,0,1,1,4,2019,1366C0350,426822.0,434974.0,-1.594158,53.810384,13,2,2,1,12/06/2019,4,09:21,204,E08000035,E08000035,3,65,6,30.0,3,4,6,0,0,0,1,2,2,0,0,1,1,2,E01011482
16206,20191366C1562,2019,1366C1562,1,1,1,2,30,6,3,0,0,0,0,0,9,1,8,2019,1366C1562,424759.0,444404.0,-1.624732,53.895239,13,3,1,1,12/06/2019,4,21:54,204,E08000035,E08000035,3,658,6,30.0,0,-1,-1,-1,0,0,4,2,2,0,0,2,1,2,E01011570
16207,20191366D0281,2019,1366D0281,2,1,1,1,66,10,2,0,0,0,0,0,9,1,4,2019,1366D0281,433662.0,434316.0,-1.49036,53.804074,13,2,2,2,13/06/2019,5,08:05,204,E08000035,E08000035,6,0,6,30.0,3,4,6,0,0,0,1,2,2,0,0,1,1,2,E01011346
16208,20191366D0281,2019,1366D0281,2,2,2,2,60,9,2,0,0,1,0,0,9,1,4,2019,1366D0281,433662.0,434316.0,-1.49036,53.804074,13,2,2,2,13/06/2019,5,08:05,204,E08000035,E08000035,6,0,6,30.0,3,4,6,0,0,0,1,2,2,0,0,1,1,2,E01011346
16209,20191366D0593,2019,1366D0593,2,1,1,2,27,6,3,0,0,0,0,0,9,3,4,2019,1366D0593,429683.0,425693.0,-1.551601,53.726815,13,3,2,2,13/06/2019,5,11:39,204,E08000035,E08000035,3,650,6,40.0,3,2,6,0,0,0,1,2,2,0,0,1,1,2,E01011538
16210,20191366D0593,2019,1366D0593,2,2,2,1,3,1,3,0,0,2,0,0,9,3,4,2019,1366D0593,429683.0,425693.0,-1.551601,53.726815,13,3,2,2,13/06/2019,5,11:39,204,E08000035,E08000035,3,650,6,40.0,3,2,6,0,0,0,1,2,2,0,0,1,1,2,E01011538
16211,20191366D0700,2019,1366D0700,2,1,1,1,11,3,3,0,0,0,0,0,1,1,1,2019,1366D0700,433426.0,435894.0,-1.493773,53.818272,13,3,2,1,12/06/2019,4,15:50,204,E08000035,E08000035,6,0,6,20.0,0,-1,-1,-1,0,0,1,2,2,0,0,1,2,2,E01011421
16212,20191366E0262,2019,1366E0262,2,1,1,2,46,8,3,0,0,0,0,0,9,1,5,2019,1366E0262,428324.0,429565.0,-1.571845,53.76169,13,3,2,1,14/06/2019,6,07:20,204,E08000035,E08000035,3,610,6,40.0,0,-1,-1,-1,0,4,1,1,1,0,0,1,2,2,E01011531
16213,20191366E0814,2019,1366E0814,3,1,2,2,64,9,3,0,0,1,0,0,9,1,5,2019,1366E0814,442987.0,441349.0,-1.347798,53.866599,13,3,5,1,14/06/2019,6,13:15,204,E08000035,E08000035,2,1,3,70.0,0,-1,-1,-1,0,0,1,1,1,0,0,2,1,1,E01011712
16214,20191366E1700,2019,1366E1700,1,1,1,2,22,5,3,0,0,0,0,0,9,3,9,2019,1366E1700,429138.0,433089.0,-1.559167,53.793318,13,3,2,3,14/06/2019,6,19:25,204,E08000035,E08000035,6,0,6,30.0,3,4,6,0,0,4,1,1,2,0,0,1,1,2,E01033013
16215,20191366E1700,2019,1366E1700,2,2,2,2,61,9,3,0,0,1,0,0,9,1,10,2019,1366E1700,429138.0,433089.0,-1.559167,53.793318,13,3,2,3,14/06/2019,6,19:25,204,E08000035,E08000035,6,0,6,30.0,3,4,6,0,0,4,1,1,2,0,0,1,1,2,E01033013
16216,20191366E1700,2019,1366E1700,2,3,1,1,53,8,3,0,0,0,0,0,9,1,10,2019,1366E1700,429138.0,433089.0,-1.559167,53.793318,13,3,2,3,14/06/2019,6,19:25,204,E08000035,E08000035,6,0,6,30.0,3,4,6,0,0,4,1,1,2,0,0,1,1,2,E01033013
16217,20191366F0521,2019,1366F0521,2,1,1,1,53,8,3,0,0,0,0,0,9,1,3,2019,1366F0521,423983.0,429736.0,-1.637677,53.763444,13,3,2,1,15/06/2019,7,10:13,204,E08000035,E08000035,6,0,6,30.0,0,-1,-1,-1,0,0,1,1,1,0,0,1,1,2,E01011519
16218,20191366F1249,2019,1366F1249,1,1,3,2,13,3,3,1,1,0,0,0,0,1,5,2019,1366F1249,430411.0,433471.0,-1.539805,53.796679,13,3,1,1,15/06/2019,7,17:15,204,E08000035,E08000035,6,0,6,30.0,0,-1,-1,-1,0,4,1,2,2,0,0,1,1,2,E01033010
16219,20191366F1271,2019,1366F1271,1,1,3,1,5,1,3,1,1,0,0,0,0,1,1,2019,1366F1271,430024.0,434091.0,-1.54562,53.802274,13,3,1,1,15/06/2019,7,12:49,204,E08000035,E08000035,6,0,6,30.0,0,-1,-1,-1,0,4,1,2,2,0,0,1,2,2,E01033010
16220,20191366G0198,2019,1366G0198,1,1,1,1,32,6,2,0,0,0,0,0,9,1,2,2019,1366G0198,422801.0,433542.0,-1.655328,53.797704,13,2,2,2,16/06/2019,1,02:10,204,E08000035,E08000035,6,0,6,30.0,6,2,4,6154,0,0,7,1,1,0,0,1,1,2,E01011610
16221,20191366G0198,2019,1366G0198,2,2,1,1,21,5,2,0,0,0,0,0,9,1,7,2019,1366G0198,422801.0,433542.0,-1.655328,53.797704,13,2,2,2,16/06/2019,1,02:10,204,E08000035,E08000035,6,0,6,30.0,6,2,4,6154,0,0,7,1,1,0,0,1,1,2,E01011610
16222,20191366G0496,2019,1366G0496,1,1,3,2,48,8,2,5,1,0,0,0,0,1,3,2019,1366G0496,435816.0,437728.0,-1.457261,53.834597,13,2,2,1,16/06/2019,1,09:31,204,E08000035,E08000035,6,0,6,20.0,3,4,6,0,0,0,1,1,1,0,0,1,1,2,E01011717
16223,20191366G1685,2019,1366G1685,1,1,1,1,48,8,3,0,0,0,0,0,9,1,2,2019,1366G1685,419497.0,445019.0,-1.704763,53.90099,13,3,2,2,16/06/2019,1,21:18,204,E08000035,E08000035,3,660,1,60.0,1,4,3,6038,0,0,1,1,1,0,0,1,1,2,E01011571
16224,20191366G1685,2019,1366G1685,2,2,2,1,20,4,3,0,0,1,0,0,9,1,8,2019,1366G1685,419497.0,445019.0,-1.704763,53.90099,13,3,2,2,16/06/2019,1,21:18,204,E08000035,E08000035,3,660,1,60.0,1,4,3,6038,0,0,1,1,1,0,0,1,1,2,E01011571
16225,20191366H0382,2019,1366H0382,1,1,3,1,8,2,3,9,5,0,0,0,0,1,1,2019,1366H0382,434722.0,436852.0,-1.473982,53.826798,13,3,1,1,17/06/2019,2,08:30,204,E08000035,E08000035,6,0,6,20.0,0,-1,-1,-1,0,0,1,1,1,0,0,1,2,2,E01011657
16226,20191366H0683,2019,1366H0683,1,1,1,2,25,5,3,0,0,0,0,0,1,1,3,2019,1366H0683,436167.0,427495.0,-1.453123,53.742603,13,3,1,1,17/06/2019,2,12:01,204,E08000035,E08000035,3,642,6,40.0,0,-1,-1,-1,0,0,1,1,1,0,0,1,1,2,E01011635
16227,20191366I0343,2019,1366I0343,1,1,1,1,21,5,3,0,0,0,0,0,3,1,4,2019,1366I0343,427073.0,433706.0,-1.590458,53.798975,13,3,2,1,18/06/2019,3,08:01,204,E08000035,E08000035,3,647,6,30.0,3,4,6,0,0,0,1,1,1,0,0,1,1,2,E01011284
16228,20191366I0602,2019,1366I0602,1,1,1,2,24,5,3,0,0,0,0,0,9,1,8,2019,1366I0602,427643.0,429947.0,-1.58214,53.76516,13,3,2,2,18/06/2019,3,10:40,204,E08000035,E08000035,3,642,6,30.0,3,4,6,0,0,0,1,1,1,0,0,1,1,2,E01011318
16229,20191366I0602,2019,1366I0602,2,2,2,2,74,10,3,0,0,1,0,0,9,2,8,2019,1366I0602,427643.0,429947.0,-1.58214,53.76516,13,3,2,2,18/06/2019,3,10:40,204,E08000035,E08000035,3,642,6,30.0,3,4,6,0,0,0,1,1,1,0,0,1,1,2,E01011318
16230,20191366I1226,2019,1366I1226,1,1,3,2,12,3,2,5,3,0,0,0,0,1,2,2019,1366I1226,426542.0,433400.0,-1.598545,53.796252,13,2,1,1,18/06/2019,3,15:45,204,E08000035,E08000035,6,0,6,30.0,0,-1,-1,-1,0,0,1,1,1,0,0,1,1,2,E01032607
16231,20191366I1270,2019,1366I1270,2,1,1,1,14,3,3,0,0,0,0,0,1,1,4,2019,1366I1270,426289.0,434015.0,-1.602334,53.801792,13,3,2,1,18/06/2019,3,15:19,204,E08000035,E08000035,6,0,3,40.0,6,2,3,647,0,5,1,2,2,0,0,1,2,2,E01032499
16232,20191366J0142,2019,1366J0142,2,1,1,1,48,8,3,0,0,0,0,0,1,1,7,2019,1366J0142,426481.0,428549.0,-1.599886,53.752655,13,3,2,1,18/06/2019,3,17:45,204,E08000035,E08000035,3,643,6,30.0,0,-1,-1,-1,0,0,1,2,2,0,0,1,2,2,E01011528
16233,20191366J0175,2019,1366J0175,2,1,1,1,65,9,3,0,0,0,0,0,17,1,3,2019,1366J0175,431616.0,426420.0,-1.522231,53.733236,13,3,2,1,19/06/2019,4,03:09,204,E08000035,E08000035,1,62,3,70.0,0,-1,-1,-1,0,0,4,2,2,0,0,1,1,1,E01011499
16234,20191366J1107,2019,1366J1107,2,1,1,1,23,5,3,0,0,0,0,0,1,1,3,2019,1366J1107,426513.0,435657.0,-1.598792,53.816539,13,3,2,1,19/06/2019,4,07:30,204,E08000035,E08000035,6,0,6,30.0,3,4,6,0,0,0,1,2,2,0,0,1,2,2,E01011477
16235,20191366J1291,2019,1366J1291,1,1,1,1,33,6,3,0,0,0,0,0,9,1,2,2019,1366J1291,428800.0,436942.0,-1.563939,53.827967,13,2,2,2,19/06/2019,4,16:35,204,E08000035,E08000035,6,0,6,30.0,0,-1,-1,-1,0,0,1,1,1,0,0,1,1,2,E01011691
16236,20191366J1291,2019,1366J1291,2,2,1,1,23,5,2,0,0,0,0,0,3,1,1,2019,1366J1291,428800.0,436942.0,-1.563939,53.827967,13,2,2,2,19/06/2019,4,16:35,204,E08000035,E08000035,6,0,6,30.0,0,-1,-1,-1,0,0,1,1,1,0,0,1,1,2,E01011691
16237,20191366J1339,2019,1366J1339,2,1,1,1,43,7,3,0,0,0,0,0,3,1,4,2019,1366J1339,426310.0,427963.0,-1.602529,53.747397,13,3,2,1,19/06/2019,4,16:51,204,E08000035,E08000035,6,0,6,30.0,3,4,6,0,0,0,1,1,1,0,0,1,1,2,E01011541
16238,20191366J1705,2019,1366J1705,2,1,1,1,16,4,3,0,0,0,0,0,1,1,5,2019,1366J1705,423345.0,433945.0,-1.647039,53.801302,13,3,2,1,19/06/2019,4,18:37,204,E08000035,E08000035,6,0,6,30.0,3,4,6,0,0,0,1,1,1,0,0,1,2,2,E01011609
16239,20191366K0883,2019,1366K0883,2,1,1,1,23,5,3,0,0,0,0,0,9,1,4,2019,1366K0883,424093.0,428105.0,-1.636135,53.74878,13,3,2,1,20/06/2019,5,14:07,204,E08000035,E08000035,3,62,3,40.0,3,4,1,62,0,0,1,1,1,0,0,1,2,1,E01011529
16240,20191366K1157,2019,1366K1157,3,1,1,2,32,6,3,0,0,0,0,0,9,1,7,2019,1366K1157,430074.0,434403.0,-1.544831,53.805075,13,3,3,2,20/06/2019,5,14:45,204,E08000035,E08000035,3,58,7,40.0,5,4,2,58,0,0,1,1,1,0,0,1,2,2,E01033010
16241,20191366K1157,2019,1366K1157,3,2,2,2,32,6,3,0,0,1,0,0,9,-1,-1,2019,1366K1157,430074.0,434403.0,-1.544831,53.805075,13,3,3,2,20/06/2019,5,14:45,204,E08000035,E08000035,3,58,7,40.0,5,4,2,58,0,0,1,1,1,0,0,1,2,2,E01033010
16242,20191366K1356,2019,1366K1356,1,1,1,1,45,7,3,0,0,0,0,0,9,1,1,2019,1366K1356,431322.0,433913.0,-1.525931,53.800598,13,3,2,2,20/06/2019,5,18:03,204,E08000035,E08000035,6,0,6,30.0,0,-1,-1,-1,0,0,1,1,1,0,0,1,1,2,E01033031
16243,20191366K1356,2019,1366K1356,2,2,2,2,47,8,3,0,0,1,0,0,9,1,1,2019,1366K1356,431322.0,433913.0,-1.525931,53.800598,13,3,2,2,20/06/2019,5,18:03,204,E08000035,E08000035,6,0,6,30.0,0,-1,-1,-1,0,0,1,1,1,0,0,1,1,2,E01033031
16244,20191366K1398,2019,1366K1398,1,1,1,2,48,8,3,0,0,0,0,0,1,1,9,2019,1366K1398,437454.0,432737.0,-1.432978,53.789625,13,3,2,1,20/06/2019,5,18:23,204,E08000035,E08000035,6,0,6,30.0,0,-1,-1,-1,0,0,1,1,1,0,0,1,1,2,E01011411
16245,20191366L0304,2019,1366L0304,1,1,3,1,38,7,2,7,3,0,0,0,0,1,1,2019,1366L0304,430816.0,435056.0,-1.533499,53.810901,13,2,1,1,21/06/2019,6,07:11,204,E08000035,E08000035,6,0,3,30.0,0,-1,-1,-1,0,5,1,1,1,0,0,1,1,2,E01011361
16246,20191366L0697,2019,1366L0697,2,1,1,2,28,6,3,0,0,0,0,0,9,-1,-1,2019,1366L0697,435431.0,439805.0,-1.462872,53.85329,13,3,2,1,21/06/2019,6,11:49,204,E08000035,E08000035,3,58,6,50.0,6,4,6,0,0,0,1,1,1,0,0,2,1,2,E01011311
16247,20191366L1016,2019,1366L1016,2,1,1,1,28,6,3,0,0,0,0,0,9,1,1,2019,1366L1016,426095.0,435591.0,-1.605146,53.815967,13,3,2,1,21/06/2019,6,14:20,204,E08000035,E08000035,6,0,6,30.0,0,-1,-1,-1,0,5,1,1,1,0,0,1,1,2,E01011477
16248,20191366L1551,2019,1366L1551,2,1,1,1,26,6,3,0,0,0,0,0,1,1,6,2019,1366L1551,421187.0,445783.0,-1.67899,53.907791,13,3,2,1,21/06/2019,6,18:46,204,E08000035,E08000035,3,659,6,30.0,3,4,6,0,0,0,1,1,1,0,0,1,1,2,E01011569
16249,20191366L1727,2019,1366L1727,2,1,1,1,28,6,3,0,0,0,0,0,1,1,8,2019,1366L1727,426119.0,437499.0,-1.604621,53.833114,13,3,2,1,21/06/2019,6,19:55,204,E08000035,E08000035,6,0,6,30.0,3,4,6,0,0,1,1,1,1,0,0,1,1,2,E01011687
16250,20191366N0779,2019,1366N0779,1,1,2,2,6,2,3,0,0,2,0,0,9,-1,-1,2019,1366N0779,429131.0,431827.0,-1.559392,53.781976,13,3,3,1,23/06/2019,1,12:05,204,E08000035,E08000035,1,621,3,50.0,0,-1,-1,-1,0,0,1,1,1,0,0,1,1,1,E01011366
16251,20191366O0113,2019,1366O0113,1,1,1,1,68,10,3,0,0,0,0,0,9,1,1,2019,1366O0113,436443.0,425946.0,-1.44912,53.728662,13,3,1,1,24/06/2019,2,02:02,204,E08000035,E08000035,1,62,3,70.0,0,-1,-1,-1,0,0,6,2,2,0,0,2,1,1,E01011636
16252,20191366O0400,2019,1366O0400,1,1,1,1,23,5,3,0,0,0,0,0,9,1,3,2019,1366O0400,435600.0,436435.0,-1.460692,53.822991,13,3,2,3,24/06/2019,2,09:05,204,E08000035,E08000035,6,0,6,30.0,3,4,6,0,0,0,1,1,1,0,0,1,1,2,E01011661
16253,20191366O0400,2019,1366O0400,1,2,2,1,3,1,3,0,0,2,0,0,9,1,1,2019,1366O0400,435600.0,436435.0,-1.460692,53.822991,13,3,2,3,24/06/2019,2,09:05,204,E08000035,E08000035,6,0,6,30.0,3,4,6,0,0,0,1,1,1,0,0,1,1,2,E01011661
16254,20191366O0400,2019,1366O0400,2,3,1,2,52,8,3,0,0,0,0,0,9,1,4,2019,1366O0400,435600.0,436435.0,-1.460692,53.822991,13,3,2,3,24/06/2019,2,09:05,204,E08000035,E08000035,6,0,6,30.0,3,4,6,0,0,0,1,1,1,0,0,1,1,2,E01011661
16255,20191366O1055,2019,1366O1055,1,1,3,2,13,3,3,4,2,0,0,0,0,1,1,2019,1366O1055,431206.0,431839.0,-1.527901,53.781965,13,3,1,1,24/06/2019,2,15:09,204,E08000035,E08000035,3,639,6,30.0,0,-1,-1,-1,0,5,1,1,1,0,0,1,1,2,E01011467
16256,20191366O1188,2019,1366O1188,1,1,1,2,39,7,3,0,0,0,0,0,9,1,9,2019,1366O1188,437534.0,433228.0,-1.431704,53.794032,13,3,2,2,24/06/2019,2,16:11,204,E08000035,E08000035,3,6120,3,40.0,1,2,6,0,0,0,1,1,1,0,0,1,1,2,E01011411
16257,20191366O1188,2019,1366O1188,2,2,1,1,74,10,3,0,0,0,0,0,9,3,8,2019,1366O1188,437534.0,433228.0,-1.431704,53.794032,13,3,2,2,24/06/2019,2,16:11,204,E08000035,E08000035,3,6120,3,40.0,1,2,6,0,0,0,1,1,1,0,0,1,1,2,E01011411
16258,20191366O1561,2019,1366O1561,3,1,1,1,13,3,2,0,0,0,0,0,1,1,2,2019,1366O1561,428490.0,434321.0,-1.568889,53.804427,13,2,3,1,24/06/2019,2,19:09,204,E08000035,E08000035,6,0,6,30.0,3,4,6,0,0,0,1,1,1,0,0,1,1,2,E01011681
16259,20191366O1598,2019,1366O1598,1,1,2,1,13,3,2,0,0,2,0,0,9,1,2,2019,1366O1598,429847.0,444790.0,-1.547273,53.898442,13,2,2,4,24/06/2019,2,19:30,204,E08000035,E08000035,6,0,6,60.0,0,-1,-1,-1,0,0,1,1,1,0,0,2,1,2,E01011561
16260,20191366O1598,2019,1366O1598,1,2,2,1,23,5,3,0,0,2,0,0,9,1,2,2019,1366O1598,429847.0,444790.0,-1.547273,53.898442,13,2,2,4,24/06/2019,2,19:30,204,E08000035,E08000035,6,0,6,60.0,0,-1,-1,-1,0,0,1,1,1,0,0,2,1,2,E01011561
16261,20191366O1598,2019,1366O1598,2,3,1,2,52,8,3,0,0,0,0,0,19,1,9,2019,1366O1598,429847.0,444790.0,-1.547273,53.898442,13,2,2,4,24/06/2019,2,19:30,204,E08000035,E08000035,6,0,6,60.0,0,-1,-1,-1,0,0,1,1,1,0,0,2,1,2,E01011561
16262,20191366O1598,2019,1366O1598,2,4,2,1,56,9,3,0,0,1,0,0,19,1,6,2019,1366O1598,429847.0,444790.0,-1.547273,53.898442,13,2,2,4,24/06/2019,2,19:30,204,E08000035,E08000035,6,0,6,60.0,0,-1,-1,-1,0,0,1,1,1,0,0,2,1,2,E01011561
16263,20191366P0620,2019,1366P0620,1,1,1,2,21,5,3,0,0,0,0,0,9,1,7,2019,1366P0620,432285.0,426113.0,-1.512123,53.730436,13,3,2,1,12/06/2019,4,17:50,204,E08000035,E08000035,1,1,7,70.0,5,2,1,62,0,0,1,1,1,0,0,2,2,1,E01011499
16264,20191366P0718,2019,1366P0718,1,1,3,2,67,10,3,5,1,0,0,0,0,1,7,2019,1366P0718,428087.0,434919.0,-1.574954,53.809824,13,3,1,1,25/06/2019,3,08:30,204,E08000035,E08000035,6,0,6,30.0,0,-1,-1,-1,0,0,1,1,2,0,0,1,2,2,E01011447
16265,20191366P0976,2019,1366P0976,2,1,1,2,71,10,3,0,0,0,0,0,9,1,4,2019,1366P0976,429585.0,431562.0,-1.552527,53.779569,13,3,2,1,25/06/2019,3,14:32,204,E08000035,E08000035,6,0,6,30.0,0,-1,-1,-1,0,0,1,1,2,0,0,1,1,2,E01011364
16266,20191366P1159,2019,1366P1159,2,1,1,1,56,9,3,0,0,0,0,0,9,1,5,2019,1366P1159,431627.0,435288.0,-1.521159,53.812938,13,3,2,1,25/06/2019,3,15:25,204,E08000035,E08000035,3,58,6,30.0,0,-1,-1,-1,0,0,1,1,1,0,0,1,2,2,E01011429
16267,20191366P1280,2019,1366P1280,2,1,1,1,36,7,2,0,0,0,0,0,1,1,7,2019,1366P1280,437657.0,433128.0,-1.429849,53.793125,13,2,2,1,25/06/2019,3,17:00,204,E08000035,E08000035,3,6120,3,30.0,0,-1,-1,-1,0,4,1,1,1,0,0,1,1,2,E01011411
16268,20191366P1743,2019,1366P1743,1,1,1,1,24,5,3,0,0,0,0,0,9,1,4,2019,1366P1743,429386.0,435421.0,-1.555181,53.814264,13,3,2,3,25/06/2019,3,20:51,204,E08000035,E08000035,6,0,6,30.0,3,4,6,0,0,4,1,1,1,0,0,1,1,2,E01011670
16269,20191366P1743,2019,1366P1743,1,3,2,2,19,4,3,0,0,1,0,0,9,1,4,2019,1366P1743,429386.0,435421.0,-1.555181,53.814264,13,3,2,3,25/06/2019,3,20:51,204,E08000035,E08000035,6,0,6,30.0,3,4,6,0,0,4,1,1,1,0,0,1,1,2,E01011670
16270,20191366P1743,2019,1366P1743,2,2,1,2,25,5,3,0,0,0,0,0,9,1,1,2019,1366P1743,429386.0,435421.0,-1.555181,53.814264,13,3,2,3,25/06/2019,3,20:51,204,E08000035,E08000035,6,0,6,30.0,3,4,6,0,0,4,1,1,1,0,0,1,1,2,E01011670
16271,20191366P1889,2019,1366P1889,2,1,1,1,48,8,3,0,0,0,0,0,9,1,1,2019,1366P1889,431110.0,435031.0,-1.529037,53.810659,13,3,3,1,25/06/2019,3,22:30,204,E08000035,E08000035,6,0,6,30.0,0,-1,-1,-1,0,0,4,2,2,0,0,1,1,2,E01033031
16272,20191366Q0229,2019,1366Q0229,1,1,1,1,33,6,2,0,0,0,0,0,9,1,2,2019,1366Q0229,430010.0,425136.0,-1.546699,53.72179,13,1,6,7,26/06/2019,4,06:45,204,E08000035,E08000035,3,650,6,30.0,3,4,6,0,0,0,1,1,2,0,0,1,1,2,E01011537
16273,20191366Q0229,2019,1366Q0229,1,2,2,1,17,4,2,0,0,1,0,0,9,1,1,2019,1366Q0229,430010.0,425136.0,-1.546699,53.72179,13,1,6,7,26/06/2019,4,06:45,204,E08000035,E08000035,3,650,6,30.0,3,4,6,0,0,0,1,1,2,0,0,1,1,2,E01011537
16274,20191366Q0229,2019,1366Q0229,1,3,2,1,34,6,1,0,0,2,0,0,9,1,3,2019,1366Q0229,430010.0,425136.0,-1.546699,53.72179,13,1,6,7,26/06/2019,4,06:45,204,E08000035,E08000035,3,650,6,30.0,3,4,6,0,0,0,1,1,2,0,0,1,1,2,E01011537
16275,20191366Q0229,2019,1366Q0229,1,4,2,1,25,5,2,0,0,2,0,0,9,1,1,2019,1366Q0229,430010.0,425136.0,-1.546699,53.72179,13,1,6,7,26/06/2019,4,06:45,204,E08000035,E08000035,3,650,6,30.0,3,4,6,0,0,0,1,1,2,0,0,1,1,2,E01011537
16276,20191366Q0229,2019,1366Q0229,1,5,2,1,26,6,1,0,0,2,0,0,9,1,1,2019,1366Q0229,430010.0,425136.0,-1.546699,53.72179,13,1,6,7,26/06/2019,4,06:45,204,E08000035,E08000035,3,650,6,30.0,3,4,6,0,0,0,1,1,2,0,0,1,1,2,E01011537
16277,20191366Q0229,2019,1366Q0229,2,6,1,1,59,9,2,0,0,0,0,0,9,1,4,2019,1366Q0229,430010.0,425136.0,-1.546699,53.72179,13,1,6,7,26/06/2019,4,06:45,204,E08000035,E08000035,3,650,6,30.0,3,4,6,0,0,0,1,1,2,0,0,1,1,2,E01011537
16278,20191366Q0229,2019,1366Q0229,4,7,1,1,26,6,3,0,0,0,0,0,9,2,2,2019,1366Q0229,430010.0,425136.0,-1.546699,53.72179,13,1,6,7,26/06/2019,4,06:45,204,E08000035,E08000035,3,650,6,30.0,3,4,6,0,0,0,1,1,2,0,0,1,1,2,E01011537
16279,20191366Q0526,2019,1366Q0526,2,1,1,1,47,8,3,0,0,0,0,0,3,1,1,2019,1366Q0526,430272.0,433057.0,-1.541956,53.792966,13,3,2,1,24/06/2019,2,14:40,204,E08000035,E08000035,6,0,3,30.0,0,-1,-1,-1,0,0,1,1,1,0,0,1,2,2,E01033016
16280,20191366Q1292,2019,1366Q1292,1,1,1,1,22,5,3,0,0,0,0,0,3,1,3,2019,1366Q1292,431288.0,437146.0,-1.52612,53.829657,13,3,2,1,26/06/2019,4,17:20,204,E08000035,E08000035,6,0,6,30.0,6,4,6,0,0,0,1,1,1,0,0,1,1,2,E01011504
16281,20191366R0261,2019,1366R0261,1,1,3,2,51,8,3,5,3,0,0,0,0,1,1,2019,1366R0261,431398.0,433361.0,-1.524833,53.795632,13,3,1,1,27/06/2019,5,06:40,204,E08000035,E08000035,6,0,6,30.0,3,4,6,0,0,0,1,1,2,0,0,1,1,2,E01033021
16282,20191366R0473,2019,1366R0473,2,1,1,2,38,7,3,0,0,0,0,0,9,1,3,2019,1366R0473,431919.0,430500.0,-1.517219,53.769887,13,3,2,1,10/06/2019,2,09:27,204,E08000035,E08000035,3,639,1,60.0,1,4,1,621,0,0,1,1,1,0,0,2,1,2,E01011469
16283,20191366R0728,2019,1366R0728,1,1,1,1,29,6,2,0,0,0,0,0,9,1,1,2019,1366R0728,428985.0,429563.0,-1.561819,53.761636,13,2,2,1,27/06/2019,5,12:08,204,E08000035,E08000035,6,0,6,40.0,0,-1,-1,-1,0,0,1,1,1,0,0,2,1,2,E01011322