,accident_index,accident_year_x,accident_reference_x,vehicle_reference,casualty_reference,casualty_class,sex_of_casualty,age_of_casualty,age_band_of_casualty,casualty_severity,pedestrian_location,pedestrian_movement,car_passenger,bus_or_coach_passenger,pedestrian_road_maintenance_worker,casualty_type,casualty_home_area_type,casualty_imd_decile,accident_year_y,accident_reference_y,location_easting_osgr,location_northing_osgr,longitude,latitude,police_force,accident_severity,number_of_vehicles,number_of_casualties,date,day_of_week,time,local_authority_district,local_authority_ons_district,local_authority_highway,first_road_class,first_road_number,road_type,speed_limit,junction_detail,junction_control,second_road_class,second_road_number,pedestrian_crossing_human_control,pedestrian_crossing_physical_facilities,light_conditions,weather_conditions,road_surface_conditions,special_conditions_at_site,carriageway_hazards,urban_or_rural_area,did_police_officer_attend_scene_of_accident,trunk_road_flag,lsoa_of_accident_location
16371,20191367C0905,2019,1367C0905,2,1,1,2,35,6,3,0,0,0,0,0,9,1,1,2019,1367C0905,430155.0,431189.0,-1.543914,53.776184,13,3,2,1,12/07/2019,6,13:00,204,E08000035,E08000035,6,0,6,30.0,3,2,3,653,0,0,1,1,1,0,0,1,2,2,E01011371
16372,20191367C0913,2019,1367C0913,1,1,1,1,58,9,2,0,0,0,0,0,5,1,1,2019,1367C0913,440441.0,446650.0,-1.385815,53.914444,13,2,1,1,12/07/2019,6,13:28,204,E08000035,E08000035,2,1,3,70.0,0,-1,-1,-1,0,0,1,1,1,0,0,2,1,1,E01011704
16373,20191367C1256,2019,1367C1256,1,1,3,1,11,3,3,5,4,0,0,0,0,1,3,2019,1367C1256,440210.0,433075.0,-1.391103,53.792458,13,3,1,1,12/07/2019,6,15:39,204,E08000035,E08000035,6,0,6,30.0,3,4,6,0,0,0,1,1,1,0,0,1,1,2,E01011396
16374,20191367D0492,2019,1367D0492,2,1,1,2,32,6,3,0,0,0,0,0,9,1,1,2019,1367D0492,435020.0,434974.0,-1.469667,53.809899,13,3,2,1,13/07/2019,7,09:11,204,E08000035,E08000035,6,0,1,30.0,1,4,6,0,0,0,1,1,1,0,0,1,1,2,E01011667
16375,20191367D1642,2019,1367D1642,1,1,1,1,19,4,2,0,0,0,0,0,9,1,2,2019,1367D1642,428493.0,423975.0,-1.569794,53.71144,13,2,1,1,13/07/2019,7,19:14,204,E08000035,E08000035,6,0,6,60.0,0,-1,-1,-1,0,0,1,1,1,0,0,2,1,2,E01011536
16376,20191367D2189,2019,1367D2189,1,1,3,1,30,6,1,5,9,0,0,0,0,1,1,2019,1367D2189,425969.0,434129.0,-1.607182,53.802833,13,1,2,1,13/07/2019,7,22:58,204,E08000035,E08000035,3,647,3,40.0,0,-1,-1,-1,0,0,4,1,1,0,0,1,1,2,E01032499
16377,20191367E0039,2019,1367E0039,1,1,3,1,30,6,3,5,1,0,0,0,0,-1,-1,2019,1367E0039,429938.0,432991.0,-1.547032,53.792392,13,3,1,1,14/07/2019,1,00:22,204,E08000035,E08000035,6,0,6,30.0,3,2,6,0,0,0,4,2,2,0,0,1,1,2,E01033016
16378,20191367E1264,2019,1367E1264,2,1,1,1,25,5,3,0,0,0,0,0,9,1,1,2019,1367E1264,433386.0,433697.0,-1.494617,53.798529,13,3,2,2,14/07/2019,1,16:00,204,E08000035,E08000035,6,0,6,20.0,0,-1,-1,-1,0,0,1,1,1,0,0,1,1,2,E01011617
16379,20191367E1264,2019,1367E1264,2,2,2,2,27,6,3,0,0,1,0,0,9,1,1,2019,1367E1264,433386.0,433697.0,-1.494617,53.798529,13,3,2,2,14/07/2019,1,16:00,204,E08000035,E08000035,6,0,6,20.0,0,-1,-1,-1,0,0,1,1,1,0,0,1,1,2,E01011617
16380,20191367E1803,2019,1367E1803,2,1,1,1,38,7,3,0,0,0,0,0,3,1,1,2019,1367E1803,431539.0,435164.0,-1.522509,53.811828,13,3,2,1,14/07/2019,1,20:11,204,E08000035,E08000035,3,58,6,30.0,3,4,6,0,0,0,1,1,1,0,0,1,1,2,E01011429
16381,20191367F1314,2019,1367F1314,1,1,1,2,26,6,3,0,0,0,0,0,9,2,7,2019,1367F1314,425906.0,436262.0,-1.60796,53.822007,13,3,2,2,15/07/2019,2,16:08,204,E08000035,E08000035,3,65,3,30.0,9,4,6,0,0,0,1,1,1,0,0,2,1,2,E01011485
16382,20191367F1314,2019,1367F1314,2,2,1,1,49,8,3,0,0,0,0,0,9,1,1,2019,1367F1314,425906.0,436262.0,-1.60796,53.822007,13,3,2,2,15/07/2019,2,16:08,204,E08000035,E08000035,3,65,3,30.0,9,4,6,0,0,0,1,1,1,0,0,2,1,2,E01011485
16383,20191367F1391,2019,1367F1391,1,1,1,1,44,7,3,0,0,0,0,0,9,2,10,2019,1367F1391,427340.0,426476.0,-1.587042,53.733979,13,3,2,2,15/07/2019,2,15:30,204,E08000035,E08000035,6,0,6,30.0,0,-1,-1,-1,0,0,1,1,1,0,0,1,2,2,E01032491
16384,20191367F1391,2019,1367F1391,2,2,2,1,23,5,3,0,0,1,0,0,9,1,9,2019,1367F1391,427340.0,426476.0,-1.587042,53.733979,13,3,2,2,15/07/2019,2,15:30,204,E08000035,E08000035,6,0,6,30.0,0,-1,-1,-1,0,0,1,1,1,0,0,1,2,2,E01032491
16385,20191367F1894,2019,1367F1894,1,1,1,1,34,6,3,0,0,0,0,0,1,-1,-1,2019,1367F1894,424117.0,432073.0,-1.635463,53.784442,13,3,2,1,15/07/2019,2,20:00,204,E08000035,E08000035,4,6154,6,30.0,3,4,6,0,0,0,1,1,1,0,0,1,1,2,E01011728
16386,20191367F2127,2019,1367F2127,1,1,3,1,12,3,3,5,1,0,0,0,0,1,1,2019,1367F2127,431315.0,429061.0,-1.526528,53.756991,13,3,1,1,15/07/2019,2,08:40,204,E08000035,E08000035,6,0,6,30.0,0,-1,-1,-1,0,0,1,1,1,0,0,1,1,2,E01011475
16387,20191367G0582,2019,1367G0582,1,1,1,1,75,10,3,0,0,0,0,0,9,1,3,2019,1367G0582,431371.0,432380.0,-1.525342,53.786817,13,3,2,3,16/07/2019,3,10:32,204,E08000035,E08000035,3,61,3,40.0,5,2,6,0,0,0,1,1,1,0,0,1,1,2,E01011467
16388,20191367G0582,2019,1367G0582,2,2,1,1,35,6,3,0,0,0,0,0,9,1,1,2019,1367G0582,431371.0,432380.0,-1.525342,53.786817,13,3,2,3,16/07/2019,3,10:32,204,E08000035,E08000035,3,61,3,40.0,5,2,6,0,0,0,1,1,1,0,0,1,1,2,E01011467
16389,20191367G0582,2019,1367G0582,2,3,2,1,16,4,3,0,0,1,0,0,9,1,1,2019,1367G0582,431371.0,432380.0,-1.525342,53.786817,13,3,2,3,16/07/2019,3,10:32,204,E08000035,E08000035,3,61,3,40.0,5,2,6,0,0,0,1,1,1,0,0,1,1,2,E01011467
16390,20191367G0892,2019,1367G0892,1,1,1,1,27,6,3,0,0,0,0,0,1,1,7,2019,1367G0892,440471.0,448400.0,-1.385128,53.930169,13,3,2,1,16/07/2019,3,12:45,204,E08000035,E08000035,4,6164,6,20.0,0,-1,-1,-1,0,4,1,1,1,0,0,1,1,2,E01011704
16391,20191367G1049,2019,1367G1049,2,1,1,1,51,8,3,0,0,0,0,0,9,1,4,2019,1367G1049,425260.0,432967.0,-1.618042,53.792424,13,3,2,1,16/07/2019,3,14:00,204,E08000035,E08000035,3,6110,3,40.0,6,2,4,6154,0,0,1,1,1,0,0,1,1,2,E01011726
16392,20191367G1405,2019,1367G1405,2,1,1,1,55,8,3,0,0,0,0,0,1,1,9,2019,1367G1405,440466.0,448359.0,-1.385209,53.929801,13,3,2,1,16/07/2019,3,15:10,204,E08000035,E08000035,4,6164,6,30.0,8,4,6,0,0,0,1,1,1,0,0,1,2,2,E01011704
16393,20191367H0264,2019,1367H0264,1,1,3,1,85,11,2,9,9,0,0,0,0,1,4,2019,1367H0264,422307.0,433311.0,-1.662844,53.795649,13,2,1,1,17/07/2019,4,10:32,204,E08000035,E08000035,6,0,6,20.0,0,-1,-1,-1,0,0,1,1,1,0,0,1,2,2,E01011612
16394,20191367H0398,2019,1367H0398,1,1,1,1,44,7,3,0,0,0,0,0,1,1,5,2019,1367H0398,427753.0,432619.0,-1.580232,53.78917,13,3,2,1,17/07/2019,4,08:00,204,E08000035,E08000035,6,0,6,30.0,0,-1,-1,-1,0,0,1,1,1,0,0,1,2,2,E01011362
16395,20191367H0587,2019,1367H0587,2,1,1,1,41,7,3,0,0,0,0,0,1,1,10,2019,1367H0587,430085.0,434197.0,-1.544684,53.803223,13,3,2,1,15/07/2019,2,08:20,204,E08000035,E08000035,3,58,2,30.0,0,-1,-1,-1,0,0,1,1,1,0,0,1,2,2,E01033010
16396,20191367H1717,2019,1367H1717,1,1,2,2,64,9,3,0,0,2,0,0,8,1,1,2019,1367H1717,434639.0,433494.0,-1.475618,53.796623,13,3,1,1,17/07/2019,4,18:15,204,E08000035,E08000035,6,0,6,30.0,0,-1,-1,-1,0,0,1,1,1,0,0,1,2,2,E01011616
16397,20191367I0300,2019,1367I0300,1,1,1,1,29,6,3,0,0,0,0,0,9,1,4,2019,1367I0300,431435.0,431610.0,-1.524449,53.779893,13,3,2,2,18/07/2019,5,07:51,204,E08000035,E08000035,3,639,2,30.0,9,4,6,0,0,0,1,1,1,0,0,1,1,2,E01011467
16398,20191367I0300,2019,1367I0300,2,2,1,2,34,6,3,0,0,0,0,0,9,1,9,2019,1367I0300,431435.0,431610.0,-1.524449,53.779893,13,3,2,2,18/07/2019,5,07:51,204,E08000035,E08000035,3,639,2,30.0,9,4,6,0,0,0,1,1,1,0,0,1,1,2,E01011467
16399,20191367I0319,2019,1367I0319,1,1,1,1,15,3,3,0,0,0,0,0,1,1,9,2019,1367I0319,431079.0,439122.0,-1.529097,53.847429,13,3,2,1,18/07/2019,5,08:15,204,E08000035,E08000035,6,0,6,30.0,0,-1,-1,-1,0,0,1,1,1,0,0,1,1,2,E01011509
16400,20191367I0966,2019,1367I0966,2,1,1,1,45,7,3,0,0,0,0,0,9,1,1,2019,1367I0966,429099.0,432193.0,-1.559843,53.785268,13,3,2,1,18/07/2019,5,14:00,204,E08000035,E08000035,6,0,1,30.0,1,4,6,0,0,0,1,1,1,0,0,1,1,2,E01033013
16401,20191367I1557,2019,1367I1557,1,1,1,1,31,6,3,0,0,0,0,0,1,1,8,2019,1367I1557,426403.0,432010.0,-1.600774,53.783766,13,3,2,1,18/07/2019,5,17:20,204,E08000035,E08000035,6,0,6,30.0,0,-1,-1,-1,0,0,1,1,1,0,0,1,2,2,E01011731
16402,20191367I1682,2019,1367I1682,1,1,1,1,23,5,3,0,0,0,0,0,2,1,1,2019,1367I1682,429032.0,431772.0,-1.560899,53.781488,13,3,1,1,18/07/2019,5,19:00,204,E08000035,E08000035,6,0,2,20.0,3,4,6,0,0,0,1,1,1,0,0,1,1,2,E01011368
16403,20191367I1694,2019,1367I1694,2,1,1,1,55,8,3,0,0,0,0,0,9,1,6,2019,1367I1694,437862.0,432781.0,-1.426779,53.789991,13,2,4,5,18/07/2019,5,19:15,204,E08000035,E08000035,1,1,7,70.0,5,4,1,1,0,0,1,1,1,0,0,2,1,1,E01011402
16404,20191367I1694,2019,1367I1694,3,2,1,1,40,7,3,0,0,0,0,0,9,1,8,2019,1367I1694,437862.0,432781.0,-1.426779,53.789991,13,2,4,5,18/07/2019,5,19:15,204,E08000035,E08000035,1,1,7,70.0,5,4,1,1,0,0,1,1,1,0,0,2,1,1,E01011402
16405,20191367I1694,2019,1367I1694,3,3,2,1,13,3,2,0,0,1,0,0,9,1,1,2019,1367I1694,437862.0,432781.0,-1.426779,53.789991,13,2,4,5,18/07/2019,5,19:15,204,E08000035,E08000035,1,1,7,70.0,5,4,1,1,0,0,1,1,1,0,0,2,1,1,E01011402
16406,20191367I1694,2019,1367I1694,4,4,1,1,27,6,3,0,0,0,0,0,9,1,5,2019,1367I1694,437862.0,432781.0,-1.426779,53.789991,13,2,4,5,18/07/2019,5,19:15,204,E08000035,E08000035,1,1,7,70.0,5,4,1,1,0,0,1,1,1,0,0,2,1,1,E01011402
16407,20191367I1694,2019,1367I1694,4,5,2,2,26,6,3,0,0,1,0,0,9,-1,-1,2019,1367I1694,437862.0,432781.0,-1.426779,53.789991,13,2,4,5,18/07/2019,5,19:15,204,E08000035,E08000035,1,1,7,70.0,5,4,1,1,0,0,1,1,1,0,0,2,1,1,E01011402
16408,20191367J0353,2019,1367J0353,2,1,1,1,22,5,2,0,0,0,0,0,1,1,7,2019,1367J0353,438065.0,432892.0,-1.423685,53.790974,13,2,2,1,19/07/2019,6,08:17,204,E08000035,E08000035,3,63,3,50.0,0,-1,-1,-1,0,0,1,1,2,0,0,2,1,2,E01011402
16409,20191367J0670,2019,1367J0670,2,1,1,1,41,7,3,0,0,0,0,0,1,1,8,2019,1367J0670,430875.0,434255.0,-1.532683,53.803698,13,3,2,1,19/07/2019,6,16:55,204,E08000035,E08000035,3,61,6,30.0,6,2,6,0,0,5,1,2,2,0,0,1,2,2,E01033003
16410,20191367J1346,2019,1367J1346,2,1,1,1,53,8,3,0,0,0,0,0,19,1,4,2019,1367J1346,421215.0,429087.0,-1.679709,53.75773,13,3,3,1,19/07/2019,6,16:35,204,E08000035,E08000035,3,650,6,60.0,0,-1,-1,-1,0,0,1,2,2,0,0,1,1,2,E01011521
16411,20191367J1921,2019,1367J1921,1,1,1,2,23,5,3,0,0,0,0,0,9,1,7,2019,1367J1921,424878.0,444621.0,-1.622903,53.897184,13,3,1,3,19/07/2019,6,20:45,204,E08000035,E08000035,3,658,6,30.0,0,-1,-1,-1,0,0,1,1,2,0,0,2,1,2,E01011570
16412,20191367J1921,2019,1367J1921,1,2,2,1,22,5,3,0,0,1,0,0,9,-1,-1,2019,1367J1921,424878.0,444621.0,-1.622903,53.897184,13,3,1,3,19/07/2019,6,20:45,204,E08000035,E08000035,3,658,6,30.0,0,-1,-1,-1,0,0,1,1,2,0,0,2,1,2,E01011570
16413,20191367J1921,2019,1367J1921,1,3,2,1,23,5,3,0,0,2,0,0,9,1,7,2019,1367J1921,424878.0,444621.0,-1.622903,53.897184,13,3,1,3,19/07/2019,6,20:45,204,E08000035,E08000035,3,658,6,30.0,0,-1,-1,-1,0,0,1,1,2,0,0,2,1,2,E01011570
16414,20191367J2062,2019,1367J2062,2,1,1,1,70,10,2,0,0,0,0,0,9,1,6,2019,1367J2062,421542.0,444314.0,-1.67369,53.894573,13,2,4,3,19/07/2019,6,21:30,204,E08000035,E08000035,6,0,6,60.0,0,-1,-1,-1,0,0,6,1,2,0,0,2,1,2,E01011569
16415,20191367J2062,2019,1367J2062,2,2,2,2,70,10,3,0,0,1,0,0,9,1,6,2019,1367J2062,421542.0,444314.0,-1.67369,53.894573,13,2,4,3,19/07/2019,6,21:30,204,E08000035,E08000035,6,0,6,60.0,0,-1,-1,-1,0,0,6,1,2,0,0,2,1,2,E01011569
16416,20191367J2062,2019,1367J2062,4,3,1,2,46,8,2,0,0,0,0,0,9,1,7,2019,1367J2062,421542.0,444314.0,-1.67369,53.894573,13,2,4,3,19/07/2019,6,21:30,204,E08000035,E08000035,6,0,6,60.0,0,-1,-1,-1,0,0,6,1,2,0,0,2,1,2,E01011569
16417,20191367J2160,2019,1367J2160,2,1,1,2,45,7,3,0,0,0,0,0,9,3,7,2019,1367J2160,441858.0,445739.0,-1.364368,53.906144,13,3,2,1,19/07/2019,6,22:56,204,E08000035,E08000035,6,0,6,30.0,3,4,6,0,0,0,4,1,2,0,0,2,1,2,E01011707
16418,20191367K1199,2019,1367K1199,1,1,1,1,48,8,2,0,0,0,0,0,97,1,4,2019,1367K1199,432293.0,436085.0,-1.510962,53.82006,13,2,1,1,20/07/2019,7,15:35,204,E08000035,E08000035,6,0,6,20.0,0,-1,-1,-1,0,0,1,1,1,0,0,1,1,2,E01011647
16419,20191367K1420,2019,1367K1420,2,1,1,1,53,8,3,0,0,0,0,0,4,1,3,2019,1367K1420,432911.0,433351.0,-1.501865,53.795449,13,3,2,1,20/07/2019,7,17:25,204,E08000035,E08000035,6,0,6,30.0,0,-1,-1,-1,0,0,1,1,1,0,0,1,1,2,E01011615
16420,20191367K1480,2019,1367K1480,2,1,1,1,8,2,3,0,0,0,0,0,1,-1,-1,2019,1367K1480,427218.0,429828.0,-1.588598,53.764113,13,3,2,1,20/07/2019,7,17:52,204,E08000035,E08000035,6,0,6,20.0,3,4,6,0,0,0,1,1,1,0,0,1,1,2,E01011518
16421,20191367L0743,2019,1367L0743,1,1,2,1,14,3,3,0,0,2,0,0,9,1,8,2019,1367L0743,434111.0,429948.0,-1.484024,53.764788,13,3,2,2,21/07/2019,1,11:40,204,E08000035,E08000035,1,1,3,70.0,0,-1,-1,-1,0,0,1,1,1,0,2,2,1,1,E01011639
16422,20191367L0743,2019,1367L0743,2,2,1,2,52,8,3,0,0,0,0,0,9,1,4,2019,1367L0743,434111.0,429948.0,-1.484024,53.764788,13,3,2,2,21/07/2019,1,11:40,204,E08000035,E08000035,1,1,3,70.0,0,-1,-1,-1,0,0,1,1,1,0,2,2,1,1,E01011639
16423,20191367L1699,2019,1367L1699,1,1,1,2,51,8,3,0,0,0,0,0,9,1,9,2019,1367L1699,430484.0,437131.0,-1.538337,53.82957,13,3,1,1,21/07/2019,1,19:35,204,E08000035,E08000035,6,0,6,30.0,3,4,6,0,0,0,1,1,1,0,0,1,1,2,E01011352
16424,20191367M0651,2019,1367M0651,1,1,1,1,19,4,3,0,0,0,0,0,9,1,5,2019,1367M0651,432041.0,428516.0,-1.515573,53.752048,13,3,2,4,22/07/2019,2,11:51,204,E08000035,E08000035,1,1,3,70.0,0,-1,-1,-1,0,0,1,1,1,0,0,2,1,1,E01011496
16425,20191367M0651,2019,1367M0651,2,2,1,1,27,6,3,0,0,0,0,0,9,1,5,2019,1367M0651,432041.0,428516.0,-1.515573,53.752048,13,3,2,4,22/07/2019,2,11:51,204,E08000035,E08000035,1,1,3,70.0,0,-1,-1,-1,0,0,1,1,1,0,0,2,1,1,E01011496
16426,20191367M0651,2019,1367M0651,2,3,2,2,59,9,3,0,0,1,0,0,9,1,5,2019,1367M0651,432041.0,428516.0,-1.515573,53.752048,13,3,2,4,22/07/2019,2,11:51,204,E08000035,E08000035,1,1,3,70.0,0,-1,-1,-1,0,0,1,1,1,0,0,2,1,1,E01011496
16427,20191367M0651,2019,1367M0651,2,4,2,1,6,2,3,0,0,2,0,0,9,1,7,2019,1367M0651,432041.0,428516.0,-1.515573,53.752048,13,3,2,4,22/07/2019,2,11:51,204,E08000035,E08000035,1,1,3,70.0,0,-1,-1,-1,0,0,1,1,1,0,0,2,1,1,E01011496
16428,20191367N0603,2019,1367N0603,1,1,1,1,32,6,3,0,0,0,0,0,9,-1,-1,2019,1367N0603,427834.0,435807.0,-1.578716,53.817818,13,3,2,1,23/07/2019,3,10:58,204,E08000035,E08000035,6,0,6,30.0,6,2,6,0,0,5,1,1,1,0,0,1,1,2,E01011435
16429,20191367N0881,2019,1367N0881,2,1,1,2,25,5,3,0,0,0,0,0,1,1,8,2019,1367N0881,427955.0,433625.0,-1.577075,53.798201,13,3,2,1,18/07/2019,5,16:30,204,E08000035,E08000035,3,647,6,30.0,3,4,6,0,0,0,1,1,1,0,0,1,2,2,E01011284
16430,20191367N1769,2019,1367N1769,1,1,1,1,20,4,2,0,0,0,0,0,5,1,10,2019,1367N1769,445481.0,436216.0,-1.310633,53.820255,13,2,1,1,23/07/2019,3,19:00,204,E08000035,E08000035,6,0,6,30.0,0,-1,-1,-1,0,0,1,1,1,0,0,2,1,2,E01011297
16431,20191367N1804,2019,1367N1804,1,1,1,2,27,6,3,0,0,0,0,0,9,1,7,2019,1367N1804,430330.0,433394.0,-1.541043,53.795992,13,3,2,1,23/07/2019,3,19:20,204,E08000035,E08000035,6,0,6,20.0,3,4,6,0,0,0,1,1,1,0,0,1,1,2,E01033010
16432,20191367O0247,2019,1367O0247,1,1,1,1,30,6,3,0,0,0,0,0,9,1,2,2019,1367O0247,430438.0,431159.0,-1.539623,53.775898,13,3,2,3,24/07/2019,4,05:50,204,E08000035,E08000035,6,0,6,30.0,3,4,1,621,0,0,1,2,2,0,0,1,1,2,E01011312
16433,20191367O0247,2019,1367O0247,2,2,1,1,67,10,3,0,0,0,0,0,9,1,1,2019,1367O0247,430438.0,431159.0,-1.539623,53.775898,13,3,2,3,24/07/2019,4,05:50,204,E08000035,E08000035,6,0,6,30.0,3,4,1,621,0,0,1,2,2,0,0,1,1,2,E01011312
16434,20191367O0247,2019,1367O0247,2,3,2,2,67,10,3,0,0,1,0,0,9,1,1,2019,1367O0247,430438.0,431159.0,-1.539623,53.775898,13,3,2,3,24/07/2019,4,05:50,204,E08000035,E08000035,6,0,6,30.0,3,4,1,621,0,0,1,2,2,0,0,1,1,2,E01011312
16435,20191367O0409,2019,1367O0409,1,1,1,2,20,4,3,0,0,0,0,0,9,3,10,2019,1367O0409,421168.0,444945.0,-1.679337,53.90026,13,2,2,3,24/07/2019,4,08:20,204,E08000035,E08000035,3,660,6,40.0,0,-1,-1,-1,0,0,1,1,2,0,0,2,1,2,E01011569
16436,20191367O0409,2019,1367O0409,2,2,1,2,32,6,2,0,0,0,0,0,9,1,10,2019,1367O0409,421168.0,444945.0,-1.679337,53.90026,13,2,2,3,24/07/2019,4,08:20,204,E08000035,E08000035,3,660,6,40.0,0,-1,-1,-1,0,0,1,1,2,0,0,2,1,2,E01011569
16437,20191367O0409,2019,1367O0409,2,3,2,1,32,6,3,0,0,1,0,0,9,1,10,2019,1367O0409,421168.0,444945.0,-1.679337,53.90026,13,2,2,3,24/07/2019,4,08:20,204,E08000035,E08000035,3,660,6,40.0,0,-1,-1,-1,0,0,1,1,2,0,0,2,1,2,E01011569
16438,20191367O0704,2019,1367O0704,1,1,1,2,18,4,3,0,0,0,0,0,9,1,7,2019,1367O0704,422448.0,436372.0,-1.660482,53.823155,13,3,2,1,24/07/2019,4,11:50,204,E08000035,E08000035,6,0,6,30.0,0,-1,-1,-1,0,0,1,1,1,0,0,1,1,2,E01011591
16439,20191367O0733,2019,1367O0733,1,1,1,1,19,4,3,0,0,0,0,0,1,1,1,2019,1367O0733,433614.0,434246.0,-1.491096,53.803448,13,3,2,1,22/07/2019,2,22:30,204,E08000035,E08000035,6,0,6,30.0,0,-1,-1,-1,0,0,4,1,1,0,0,1,2,2,E01011346
16440,20191367O1144,2019,1367O1144,2,1,1,2,35,6,3,0,0,0,0,0,9,1,7,2019,1367O1144,432646.0,435861.0,-1.505624,53.818025,13,3,2,1,24/07/2019,4,15:10,204,E08000035,E08000035,6,0,6,30.0,3,4,3,58,0,0,1,1,1,0,0,1,2,2,E01011424
16441,20191367O1434,2019,1367O1434,2,1,1,2,33,6,3,0,0,0,0,0,9,1,2,2019,1367O1434,427400.0,431364.0,-1.585701,53.777909,13,3,2,1,24/07/2019,4,16:40,204,E08000035,E08000035,6,0,6,30.0,0,-1,-1,-1,0,0,1,1,1,0,0,1,2,2,E01011318
16442,20191367O1815,2019,1367O1815,1,1,1,1,16,4,2,0,0,0,0,0,1,1,4,2019,1367O1815,423698.0,437016.0,-1.641444,53.828888,13,2,2,1,24/07/2019,4,19:37,204,E08000035,E08000035,6,0,6,30.0,3,4,6,0,0,0,1,1,1,0,0,1,1,2,E01011452
16443,20191367P0388,2019,1367P0388,1,1,2,2,77,11,3,0,0,0,3,0,11,1,1,2019,1367P0388,425573.0,435382.0,-1.613091,53.814114,13,3,1,1,25/07/2019,5,08:30,204,E08000035,E08000035,6,0,6,30.0,0,-1,-1,-1,0,0,1,1,1,0,0,1,2,2,E01011324
16444,20191367P1746,2019,1367P1746,2,1,1,2,41,7,3,0,0,0,0,0,9,1,1,2019,1367P1746,432150.0,436131.0,-1.513129,53.820482,13,3,2,2,19/07/2019,6,19:00,204,E08000035,E08000035,6,0,6,30.0,3,4,6,0,0,0,1,1,1,0,0,1,2,2,E01011647
16445,20191367P1746,2019,1367P1746,2,2,2,2,13,3,3,0,0,1,0,0,9,1,1,2019,1367P1746,432150.0,436131.0,-1.513129,53.820482,13,3,2,2,19/07/2019,6,19:00,204,E08000035,E08000035,6,0,6,30.0,3,4,6,0,0,0,1,1,1,0,0,1,2,2,E01011647
16446,20191367P1784,2019,1367P1784,1,1,1,1,19,4,2,0,0,0,0,0,3,1,2,2019,1367P1784,425658.0,433913.0,-1.611922,53.800907,13,2,2,1,25/07/2019,5,19:00,204,E08000035,E08000035,6,0,6,30.0,3,3,6,0,0,0,1,1,1,0,0,1,1,2,E01032499
16447,20191367P1900,2019,1367P1900,2,1,1,1,41,7,3,0,0,0,0,0,1,1,4,2019,1367P1900,430322.0,433278.0,-1.541175,53.79495,13,3,2,1,25/07/2019,5,19:45,204,E08000035,E08000035,6,0,6,30.0,3,2,6,0,0,0,1,1,1,0,0,1,2,2,E01033016
16448,20191367Q0590,2019,1367Q0590,2,1,1,2,45,7,2,0,0,0,0,0,1,1,8,2019,1367Q0590,433310.0,426326.0,-1.496564,53.732286,13,2,2,1,26/07/2019,6,10:20,204,E08000035,E08000035,6,0,6,30.0,6,4,6,0,0,0,1,1,1,0,0,1,1,2,E01011500
16449,20191367Q0597,2019,1367Q0597,2,1,1,1,60,9,3,0,0,0,0,0,9,1,7,2019,1367Q0597,439385.0,432434.0,-1.403707,53.78676,13,3,2,1,26/07/2019,6,10:20,204,E08000035,E08000035,3,63,6,40.0,1,4,3,642,0,0,1,1,1,0,0,2,2,2,E01011402
16450,20191367Q1299,2019,1367Q1299,2,1,1,1,34,6,2,0,0,0,0,0,9,2,9,2019,1367Q1299,431508.0,429644.0,-1.523541,53.762219,13,2,3,1,26/07/2019,6,15:50,204,E08000035,E08000035,6,0,6,30.0,9,3,6,0,0,0,1,1,1,0,0,1,1,2,E01011474
16451,20191367R1235,2019,1367R1235,1,1,3,2,12,3,3,5,1,0,0,0,0,-1,-1,2019,1367R1235,432020.0,435735.0,-1.515145,53.816931,13,3,1,3,27/07/2019,7,15:30,204,E08000035,E08000035,4,6159,6,30.0,0,-1,-1,-1,0,0,1,1,2,0,0,1,2,2,E01011428
16452,20191367R1235,2019,1367R1235,1,2,2,2,30,6,3,0,0,2,0,0,8,1,1,2019,1367R1235,432020.0,435735.0,-1.515145,53.816931,13,3,1,3,27/07/2019,7,15:30,204,E08000035,E08000035,4,6159,6,30.0,0,-1,-1,-1,0,0,1,1,2,0,0,1,2,2,E01011428
16453,20191367R1235,2019,1367R1235,1,3,2,2,7,2,3,0,0,2,0,0,8,1,1,2019,1367R1235,432020.0,435735.0,-1.515145,53.816931,13,3,1,3,27/07/2019,7,15:30,204,E08000035,E08000035,4,6159,6,30.0,0,-1,-1,-1,0,0,1,1,2,0,0,1,2,2,E01011428
16454,20191367R1474,2019,1367R1474,1,1,1,2,20,4,3,0,0,0,0,0,9,1,8,2019,1367R1474,431935.0,430604.0,-1.516965,53.770821,13,3,1,1,27/07/2019,7,18:00,204,E08000035,E08000035,3,639,3,40.0,0,-1,-1,-1,0,0,1,2,2,0,0,2,1,2,E01011470
16455,20191367R1711,2019,1367R1711,1,1,1,1,21,5,3,0,0,0,0,0,9,3,4,2019,1367R1711,428014.0,426151.0,-1.576855,53.731023,13,3,1,1,27/07/2019,7,20:15,204,E08000035,E08000035,3,653,1,40.0,1,4,3,650,0,4,1,2,2,0,0,1,1,2,E01011549
16456,20191367R2116,2019,1367R2116,1,1,1,1,24,5,3,0,0,0,0,0,9,2,9,2019,1367R2116,424699.0,444386.0,-1.625646,53.89508,13,3,1,3,27/07/2019,7,23:45,204,E08000035,E08000035,3,658,6,30.0,0,-1,-1,-1,0,0,4,1,2,0,0,2,1,2,E01011570
16457,20191367R2116,2019,1367R2116,1,2,2,2,22,5,3,0,0,1,0,0,9,1,5,2019,1367R2116,424699.0,444386.0,-1.625646,53.89508,13,3,1,3,27/07/2019,7,23:45,204,E08000035,E08000035,3,658,6,30.0,0,-1,-1,-1,0,0,4,1,2,0,0,2,1,2,E01011570