,accident_index,accident_year_x,accident_reference_x,vehicle_reference,casualty_reference,casualty_class,sex_of_casualty,age_of_casualty,age_band_of_casualty,casualty_severity,pedestrian_location,pedestrian_movement,car_passenger,bus_or_coach_passenger,pedestrian_road_maintenance_worker,casualty_type,casualty_home_area_type,casualty_imd_decile,accident_year_y,accident_reference_y,location_easting_osgr,location_northing_osgr,longitude,latitude,police_force,accident_severity,number_of_vehicles,number_of_casualties,date,day_of_week,time,local_authority_district,local_authority_ons_district,local_authority_highway,first_road_class,first_road_number,road_type,speed_limit,junction_detail,junction_control,second_road_class,second_road_number,pedestrian_crossing_human_control,pedestrian_crossing_physical_facilities,light_conditions,weather_conditions,road_surface_conditions,special_conditions_at_site,carriageway_hazards,urban_or_rural_area,did_police_officer_attend_scene_of_accident,trunk_road_flag,lsoa_of_accident_location
16458,20191367R2116,2019,1367R2116,1,3,2,1,21,5,3,0,0,2,0,0,9,1,1,2019,1367R2116,424699.0,444386.0,-1.625646,53.89508,13,3,1,3,27/07/2019,7,23:45,204,E08000035,E08000035,3,658,6,30.0,0,-1,-1,-1,0,0,4,1,2,0,0,2,1,2,E01011570
16459,20191367S0407,2019,1367S0407,1,1,1,1,30,6,3,0,0,0,0,0,9,1,1,2019,1367S0407,431266.0,434826.0,-1.526689,53.808807,13,3,2,1,28/07/2019,1,05:40,204,E08000035,E08000035,6,0,6,30.0,0,-1,-1,-1,0,0,1,1,1,0,0,1,2,2,E01011673
16460,20191367S0693,2019,1367S0693,1,1,1,1,56,9,3,0,0,0,0,0,9,-1,-1,2019,1367S0693,420844.0,439799.0,-1.684616,53.854022,13,3,2,1,28/07/2019,1,11:00,204,E08000035,E08000035,6,0,6,30.0,3,4,6,0,0,0,1,1,1,0,0,1,1,2,E01011580
16461,20191367T0004,2019,1367T0004,2,1,1,1,34,6,3,0,0,0,0,0,9,1,3,2019,1367T0004,429179.0,433842.0,-1.558473,53.800084,13,3,2,1,29/07/2019,2,00:00,204,E08000035,E08000035,6,0,6,30.0,0,-1,-1,-1,0,4,4,2,2,0,0,1,1,2,E01011678
16462,20191367T0234,2019,1367T0234,1,1,2,2,51,8,3,0,0,0,4,0,11,-1,-1,2019,1367T0234,430421.0,433813.0,-1.53962,53.799752,13,3,1,1,26/07/2019,6,19:06,204,E08000035,E08000035,6,0,2,30.0,0,-1,-1,-1,0,4,1,1,1,0,0,1,2,2,E01033010
16463,20191367T0870,2019,1367T0870,2,1,1,2,42,7,3,0,0,0,0,0,9,1,2,2019,1367T0870,424468.0,437097.0,-1.629738,53.829581,13,3,2,1,23/07/2019,3,16:05,204,E08000035,E08000035,3,65,6,30.0,3,2,6,0,0,5,1,1,1,0,0,1,2,2,E01011453
16464,20191367T1056,2019,1367T1056,2,1,1,2,68,10,2,0,0,0,0,0,1,1,6,2019,1367T1056,430000.0,434162.0,-1.545978,53.802913,13,2,2,1,21/07/2019,1,12:40,204,E08000035,E08000035,3,660,3,30.0,6,2,3,58,0,4,1,1,1,0,0,1,2,2,E01033010
16465,20191367T1460,2019,1367T1460,2,1,1,1,29,6,3,0,0,0,0,0,1,1,3,2019,1367T1460,429609.0,435399.0,-1.551796,53.814054,13,3,2,1,29/07/2019,2,17:00,204,E08000035,E08000035,6,0,6,30.0,3,4,6,0,0,0,1,1,1,0,0,1,2,2,E01011670
16466,20191367U0394,2019,1367U0394,2,1,1,1,27,6,2,0,0,0,0,0,3,1,2,2019,1367U0394,423823.0,431578.0,-1.639963,53.780007,13,2,2,1,03/07/2019,4,08:28,204,E08000035,E08000035,6,0,6,30.0,3,4,6,0,0,0,1,1,1,0,0,1,1,2,E01011728
16467,20191367U0528,2019,1367U0528,1,1,3,1,8,2,3,1,1,0,0,0,0,1,1,2019,1367U0528,431969.0,435830.0,-1.51591,53.817788,13,3,1,1,31/07/2019,4,10:06,204,E08000035,E08000035,3,58,6,30.0,6,2,6,0,0,5,1,1,2,0,0,1,1,2,E01011422
16468,20191367U1225,2019,1367U1225,1,1,1,2,64,9,2,0,0,0,0,0,9,3,9,2019,1367U1225,432265.0,442314.0,-1.510737,53.876045,13,2,2,2,30/07/2019,3,15:21,204,E08000035,E08000035,3,61,6,60.0,9,4,6,0,0,0,1,2,2,0,0,2,1,2,E01011561
16469,20191367U1225,2019,1367U1225,2,2,1,2,45,7,3,0,0,0,0,0,9,1,9,2019,1367U1225,432265.0,442314.0,-1.510737,53.876045,13,2,2,2,30/07/2019,3,15:21,204,E08000035,E08000035,3,61,6,60.0,9,4,6,0,0,0,1,2,2,0,0,2,1,2,E01011561
16470,20191367V0637,2019,1367V0637,1,1,3,1,4,1,3,9,6,0,0,0,0,1,1,2019,1367V0637,432482.0,434458.0,-1.508262,53.805425,13,3,1,1,31/07/2019,4,11:55,204,E08000035,E08000035,6,0,6,30.0,0,-1,-1,-1,0,0,1,1,1,0,0,1,1,2,E01011347
16471,20191367V1269,2019,1367V1269,1,1,3,1,30,6,3,6,9,0,0,0,0,1,1,2019,1367V1269,428337.0,434086.0,-1.571234,53.802323,13,3,1,1,31/07/2019,4,08:30,204,E08000035,E08000035,3,65,3,40.0,0,-1,-1,-1,0,0,1,1,1,0,0,1,2,2,E01011681
16472,20191367V1517,2019,1367V1517,1,1,1,1,27,6,2,0,0,0,0,0,5,1,1,2019,1367V1517,419823.0,432193.0,-1.700624,53.785701,13,2,2,2,31/07/2019,4,18:40,204,E08000035,E08000035,6,0,6,30.0,0,-1,-1,-1,0,0,1,1,1,0,0,1,1,2,E01011606
16473,20191367V1517,2019,1367V1517,1,2,2,1,13,3,2,0,0,2,0,0,5,1,1,2019,1367V1517,419823.0,432193.0,-1.700624,53.785701,13,2,2,2,31/07/2019,4,18:40,204,E08000035,E08000035,6,0,6,30.0,0,-1,-1,-1,0,0,1,1,1,0,0,1,1,2,E01011606
16474,20191367V1604,2019,1367V1604,1,1,3,2,40,7,3,6,9,0,0,0,0,1,3,2019,1367V1604,429716.0,433371.0,-1.550366,53.79582,13,3,1,1,31/07/2019,4,16:15,204,E08000035,E08000035,6,0,6,30.0,0,-1,-1,-1,0,0,1,1,1,0,0,1,2,2,E01033016
16475,2019136810676,2019,136810676,2,1,1,1,25,5,2,0,0,0,0,0,4,2,10,2019,136810676,431206.0,431863.0,-1.527899,53.78218,13,2,2,1,31/07/2019,4,17:30,204,E08000035,E08000035,3,639,3,30.0,0,-1,-1,-1,1,1,1,1,2,0,0,1,2,2,E01011467
16476,2019136810757,2019,136810757,1,1,2,1,28,6,3,0,0,0,3,0,11,1,5,2019,136810757,420890.0,433364.0,-1.684351,53.796184,13,3,1,1,01/08/2019,5,11:35,204,E08000035,E08000035,6,0,6,30.0,0,-1,-1,-1,0,0,1,1,1,0,0,1,2,2,E01011613
16477,2019136810760,2019,136810760,2,1,1,1,57,9,3,0,0,0,0,0,9,1,1,2019,136810760,422409.0,436968.0,-1.661031,53.828513,13,3,2,1,01/08/2019,5,12:25,204,E08000035,E08000035,3,6120,6,40.0,3,4,6,0,0,0,1,1,1,0,0,2,1,2,E01011452
16478,2019136811318,2019,136811318,2,3,1,1,58,9,3,0,0,0,0,0,9,3,3,2019,136811318,435463.0,425915.0,-1.463977,53.728451,13,3,4,3,01/08/2019,5,16:40,204,E08000035,E08000035,1,62,3,70.0,0,-1,-1,-1,0,0,1,1,1,0,0,2,1,1,E01011636
16479,2019136811318,2019,136811318,3,2,1,2,21,5,3,0,0,0,0,0,9,1,6,2019,136811318,435463.0,425915.0,-1.463977,53.728451,13,3,4,3,01/08/2019,5,16:40,204,E08000035,E08000035,1,62,3,70.0,0,-1,-1,-1,0,0,1,1,1,0,0,2,1,1,E01011636
16480,2019136811318,2019,136811318,4,1,1,2,55,8,3,0,0,0,0,0,9,1,9,2019,136811318,435463.0,425915.0,-1.463977,53.728451,13,3,4,3,01/08/2019,5,16:40,204,E08000035,E08000035,1,62,3,70.0,0,-1,-1,-1,0,0,1,1,1,0,0,2,1,1,E01011636
16481,2019136811353,2019,136811353,2,1,1,2,63,9,3,0,0,0,0,0,9,1,4,2019,136811353,425877.0,426271.0,-1.609236,53.732211,13,3,2,1,04/07/2019,5,08:44,204,E08000035,E08000035,1,62,3,70.0,0,-1,-1,-1,0,0,1,1,1,0,0,1,2,1,E01011546
16482,2019136811573,2019,136811573,1,1,3,2,27,6,3,5,1,0,0,0,0,1,1,2019,136811573,430404.0,433693.0,-1.53989,53.798675,13,3,1,1,02/08/2019,6,18:30,204,E08000035,E08000035,6,0,6,30.0,0,-1,-1,-1,0,0,1,1,1,0,0,1,1,2,E01033010
16483,2019136811650,2019,136811650,1,1,1,2,27,6,3,0,0,0,0,0,9,1,1,2019,136811650,427419.0,434985.0,-1.585092,53.810452,13,3,2,2,01/08/2019,5,19:00,204,E08000035,E08000035,6,0,6,30.0,3,4,6,0,0,0,1,1,1,0,0,1,1,2,E01011478
16484,2019136811650,2019,136811650,2,2,1,1,52,8,3,0,0,0,0,0,9,1,3,2019,136811650,427419.0,434985.0,-1.585092,53.810452,13,3,2,2,01/08/2019,5,19:00,204,E08000035,E08000035,6,0,6,30.0,3,4,6,0,0,0,1,1,1,0,0,1,1,2,E01011478
16485,2019136830273,2019,136830273,2,1,1,1,17,4,3,0,0,0,0,0,3,1,1,2019,136830273,426524.0,433718.0,-1.598791,53.799111,13,3,2,1,29/08/2019,5,07:20,204,E08000035,E08000035,6,0,6,30.0,3,4,6,0,0,0,1,1,1,0,0,1,2,2,E01032500
16486,2019136840059,2019,136840059,1,1,1,2,36,7,3,0,0,0,0,0,9,1,2,2019,136840059,429774.0,430607.0,-1.549751,53.770975,13,3,4,2,04/08/2019,1,00:29,204,E08000035,E08000035,3,653,3,40.0,0,-1,-1,-1,0,4,4,1,1,0,0,1,1,2,E01011316
16487,2019136840059,2019,136840059,2,2,1,2,26,6,3,0,0,0,0,0,9,1,1,2019,136840059,429774.0,430607.0,-1.549751,53.770975,13,3,4,2,04/08/2019,1,00:29,204,E08000035,E08000035,3,653,3,40.0,0,-1,-1,-1,0,4,4,1,1,0,0,1,1,2,E01011316
16488,2019136841546,2019,136841546,1,1,1,1,22,5,3,0,0,0,0,0,2,1,1,2019,136841546,435089.0,435686.0,-1.468539,53.816294,13,3,3,1,04/08/2019,1,17:56,204,E08000035,E08000035,6,0,1,30.0,3,4,6,0,0,0,1,1,1,0,0,1,1,2,E01011664
16489,2019136851136,2019,136851136,1,1,1,1,35,6,2,0,0,0,0,0,9,1,1,2019,136851136,433273.0,437414.0,-1.495934,53.831943,13,2,2,1,06/08/2019,3,14:56,204,E08000035,E08000035,6,0,6,30.0,0,-1,-1,-1,0,0,1,1,1,0,0,1,1,2,E01011655
16490,2019136851523,2019,136851523,2,1,1,1,33,6,2,0,0,0,0,0,1,1,1,2019,136851523,430534.0,432704.0,-1.538014,53.789779,13,2,2,1,05/08/2019,2,17:49,204,E08000035,E08000035,3,61,3,30.0,3,3,6,0,0,5,1,1,1,0,0,1,1,2,E01033016
16491,2019136851610,2019,136851610,1,1,1,1,16,4,2,0,0,0,0,0,3,1,3,2019,136851610,435642.0,434464.0,-1.460281,53.805273,13,2,2,2,05/08/2019,2,18:21,204,E08000035,E08000035,6,0,6,20.0,3,4,6,0,0,0,1,1,1,0,0,1,1,2,E01011345
16492,2019136851610,2019,136851610,1,2,2,1,17,4,3,0,0,0,0,0,3,1,1,2019,136851610,435642.0,434464.0,-1.460281,53.805273,13,2,2,2,05/08/2019,2,18:21,204,E08000035,E08000035,6,0,6,20.0,3,4,6,0,0,0,1,1,1,0,0,1,1,2,E01011345
16493,2019136851910,2019,136851910,2,1,1,2,29,6,3,0,0,0,0,0,1,1,3,2019,136851910,427568.0,436873.0,-1.582661,53.827413,13,3,2,1,05/08/2019,2,20:30,204,E08000035,E08000035,3,660,6,30.0,3,4,6,0,0,0,1,1,1,0,0,1,1,2,E01011694
16494,2019136852157,2019,136852157,1,1,1,1,21,5,3,0,0,0,0,0,9,1,7,2019,136852157,421358.0,445776.0,-1.676388,53.907721,13,3,1,1,05/08/2019,2,22:20,204,E08000035,E08000035,3,659,6,60.0,0,-1,-1,-1,0,0,5,1,1,0,0,1,2,2,E01011569
16495,2019136860470,2019,136860470,1,1,3,1,37,7,3,10,9,0,0,0,0,-1,-1,2019,136860470,429284.0,433491.0,-1.556912,53.796923,13,3,1,1,06/08/2019,3,08:45,204,E08000035,E08000035,6,0,6,30.0,0,-1,-1,-1,0,0,1,1,1,0,0,1,2,2,E01033015
16496,2019136861222,2019,136861222,1,1,1,1,12,3,3,0,0,0,0,0,1,1,7,2019,136861222,419364.0,446516.0,-1.706693,53.914449,13,3,2,1,06/08/2019,3,16:17,204,E08000035,E08000035,6,0,6,30.0,0,-1,-1,-1,0,0,1,1,1,0,0,1,1,2,E01011581
16497,2019136870640,2019,136870640,1,1,1,2,61,9,2,0,0,0,0,0,9,1,5,2019,136870640,443648.0,437139.0,-1.338343,53.828707,13,2,1,1,07/08/2019,4,11:30,204,E08000035,E08000035,2,1,3,70.0,0,-1,-1,-1,0,0,1,1,1,0,0,2,1,1,E01011297
16498,2019136871155,2019,136871155,2,1,1,1,28,6,3,0,0,0,0,0,1,1,8,2019,136871155,427653.0,436656.0,-1.581389,53.825458,13,3,2,1,25/07/2019,5,17:35,204,E08000035,E08000035,3,660,6,30.0,3,4,6,0,0,0,1,1,1,0,0,1,2,2,E01011694
16499,2019136880467,2019,136880467,1,1,1,2,19,4,3,0,0,0,0,0,9,1,6,2019,136880467,431776.0,426356.0,-1.519813,53.732651,13,3,2,2,08/08/2019,5,09:47,204,E08000035,E08000035,1,62,3,70.0,0,-1,-1,-1,0,0,1,1,1,0,2,2,1,1,E01011499
16500,2019136880467,2019,136880467,2,2,1,1,20,4,3,0,0,0,0,0,9,1,1,2019,136880467,431776.0,426356.0,-1.519813,53.732651,13,3,2,2,08/08/2019,5,09:47,204,E08000035,E08000035,1,62,3,70.0,0,-1,-1,-1,0,0,1,1,1,0,2,2,1,1,E01011499
16501,2019136880544,2019,136880544,1,1,3,1,39,7,3,4,1,0,0,0,0,1,3,2019,136880544,426397.0,433971.0,-1.600698,53.801391,13,3,1,1,08/08/2019,5,10:30,204,E08000035,E08000035,3,647,3,40.0,3,2,6,0,0,5,1,1,1,0,0,1,1,2,E01032608
16502,2019136881540,2019,136881540,2,1,1,1,61,9,2,0,0,0,0,0,5,1,1,2019,136881540,426387.0,435618.0,-1.600709,53.816195,13,2,2,1,09/08/2019,6,00:00,204,E08000035,E08000035,6,0,6,30.0,3,4,6,0,0,0,1,1,1,0,0,1,1,2,E01011488
16503,2019136890314,2019,136890314,1,1,1,1,41,7,2,0,0,0,0,0,3,1,2,2019,136890314,425904.0,436250.0,-1.607992,53.821899,13,2,1,1,09/08/2019,6,06:25,204,E08000035,E08000035,3,65,3,40.0,3,4,6,0,0,4,1,2,2,0,0,2,1,2,E01011485
16504,2019136890539,2019,136890539,2,1,1,1,60,9,3,0,0,0,0,0,9,1,9,2019,136890539,432046.0,439740.0,-1.514335,53.852925,13,3,2,1,09/08/2019,6,09:50,204,E08000035,E08000035,6,0,6,30.0,3,4,6,0,0,0,1,2,2,0,0,1,1,2,E01011568
16505,2019136891280,2019,136891280,1,1,1,2,25,5,3,0,0,0,0,0,9,1,6,2019,136891280,440504.0,447298.0,-1.384771,53.920263,13,3,1,2,09/08/2019,6,16:14,204,E08000035,E08000035,2,1,3,70.0,0,-1,-1,-1,0,0,1,1,1,0,0,2,1,1,E01011704
16506,2019136891280,2019,136891280,1,2,2,1,26,6,3,0,0,1,0,0,9,1,6,2019,136891280,440504.0,447298.0,-1.384771,53.920263,13,3,1,2,09/08/2019,6,16:14,204,E08000035,E08000035,2,1,3,70.0,0,-1,-1,-1,0,0,1,1,1,0,0,2,1,1,E01011704
16507,20191368A1357,2019,1368A1357,1,1,3,2,47,8,3,5,3,0,0,0,0,1,1,2019,1368A1357,430930.0,436028.0,-1.531671,53.81963,13,3,1,1,10/08/2019,7,17:40,204,E08000035,E08000035,6,0,6,30.0,3,4,6,0,0,0,1,2,2,0,0,1,1,2,E01011357
16508,20191368A1448,2019,1368A1448,1,1,1,1,21,5,3,0,0,0,0,0,19,1,3,2019,1368A1448,424123.0,444024.0,-1.634439,53.891854,13,3,2,1,10/08/2019,7,18:25,204,E08000035,E08000035,6,0,6,30.0,3,3,3,660,0,0,1,1,1,0,0,2,1,2,E01032503
16509,20191368A1602,2019,1368A1602,3,1,1,1,64,9,3,0,0,0,0,0,9,1,1,2019,1368A1602,428472.0,433317.0,-1.569255,53.795404,13,3,3,1,10/08/2019,7,19:36,204,E08000035,E08000035,3,647,3,40.0,0,-1,-1,-1,0,0,1,1,1,0,0,1,1,2,E01011363
16510,20191368A1911,2019,1368A1911,1,1,2,2,17,4,2,0,0,2,0,0,9,1,1,2019,1368A1911,436138.0,435220.0,-1.452662,53.812034,13,2,3,1,10/08/2019,7,21:47,204,E08000035,E08000035,3,6120,3,40.0,0,-1,-1,-1,0,0,4,1,1,0,0,1,1,2,E01011665
16511,20191368B0730,2019,1368B0730,2,1,1,2,24,5,3,0,0,0,0,0,9,3,6,2019,1368B0730,427212.0,437303.0,-1.588031,53.831297,13,3,2,1,11/08/2019,1,11:30,204,E08000035,E08000035,3,660,6,30.0,3,4,6,0,0,0,1,1,1,0,0,1,2,2,E01011690
16512,20191368B0740,2019,1368B0740,1,1,3,1,41,7,3,5,1,0,0,0,0,-1,-1,2019,1368B0740,428980.0,429767.0,-1.561875,53.76347,13,3,1,1,11/08/2019,1,12:36,204,E08000035,E08000035,6,0,6,30.0,0,-1,-1,-1,0,0,1,1,1,0,0,1,1,2,E01011320
16513,20191368B1033,2019,1368B1033,2,1,2,1,17,4,3,0,0,2,0,0,9,1,2,2019,1368B1033,429412.0,431639.0,-1.555145,53.780271,13,3,3,1,11/08/2019,1,15:20,204,E08000035,E08000035,6,0,6,30.0,0,-1,-1,-1,0,0,1,1,1,0,0,1,1,2,E01011364
16514,20191368B1524,2019,1368B1524,2,1,1,1,39,7,3,0,0,0,0,0,9,1,1,2019,1368B1524,425936.0,435568.0,-1.607563,53.815768,13,3,2,1,11/08/2019,1,17:30,204,E08000035,E08000035,6,0,6,30.0,3,2,6,0,0,0,1,1,1,0,0,1,2,2,E01011324
16515,20191368C0406,2019,1368C0406,2,1,1,1,52,8,2,0,0,0,0,0,1,1,5,2019,1368C0406,430490.0,435970.0,-1.53836,53.819135,13,2,2,1,12/08/2019,2,09:20,204,E08000035,E08000035,6,0,6,20.0,3,4,6,0,0,0,1,1,1,0,0,1,1,2,E01011357
16516,20191368C1193,2019,1368C1193,2,1,1,1,36,7,3,0,0,0,0,0,3,-1,-1,2019,1368C1193,431343.0,434943.0,-1.525508,53.809854,13,3,2,1,12/08/2019,2,16:23,204,E08000035,E08000035,6,0,6,30.0,3,4,6,0,0,0,1,1,1,0,0,1,1,2,E01011673
16517,20191368C1375,2019,1368C1375,2,1,1,1,49,8,2,0,0,0,0,0,3,1,1,2019,1368C1375,428419.0,432512.0,-1.570133,53.788172,13,2,2,1,12/08/2019,2,16:30,204,E08000035,E08000035,6,0,1,30.0,1,4,6,0,0,0,1,1,2,0,0,1,2,2,E01011363
16518,20191368C2098,2019,1368C2098,1,1,1,2,50,8,2,0,0,0,0,0,9,-1,-1,2019,1368C2098,422451.0,428363.0,-1.661015,53.751172,13,2,3,1,12/08/2019,2,22:48,204,E08000035,E08000035,6,0,6,30.0,0,-1,-1,-1,0,0,4,1,2,0,0,1,1,2,E01011527
16519,20191368D0573,2019,1368D0573,1,1,1,1,67,10,3,0,0,0,0,0,9,3,7,2019,1368D0573,430675.0,432499.0,-1.535894,53.787928,13,3,2,3,13/08/2019,3,11:00,204,E08000035,E08000035,6,0,6,30.0,0,-1,-1,-1,0,0,1,1,1,0,0,1,1,2,E01033016
16520,20191368D0573,2019,1368D0573,1,2,2,2,74,10,3,0,0,1,0,0,9,3,7,2019,1368D0573,430675.0,432499.0,-1.535894,53.787928,13,3,2,3,13/08/2019,3,11:00,204,E08000035,E08000035,6,0,6,30.0,0,-1,-1,-1,0,0,1,1,1,0,0,1,1,2,E01033016
16521,20191368D0573,2019,1368D0573,1,3,2,1,63,9,3,0,0,2,0,0,9,3,7,2019,1368D0573,430675.0,432499.0,-1.535894,53.787928,13,3,2,3,13/08/2019,3,11:00,204,E08000035,E08000035,6,0,6,30.0,0,-1,-1,-1,0,0,1,1,1,0,0,1,1,2,E01033016
16522,20191368D1203,2019,1368D1203,1,1,1,1,51,8,2,0,0,0,0,0,3,1,1,2019,1368D1203,432189.0,432810.0,-1.512882,53.790632,13,2,1,1,13/08/2019,3,16:30,204,E08000035,E08000035,6,0,6,30.0,2,4,6,0,0,0,1,1,1,0,0,1,1,2,E01011625
16523,20191368D1281,2019,1368D1281,1,1,1,1,21,5,3,0,0,0,0,0,9,-1,-1,2019,1368D1281,431424.0,435629.0,-1.524208,53.816015,13,3,4,1,13/08/2019,3,17:10,204,E08000035,E08000035,6,0,6,30.0,0,-1,-1,-1,0,0,1,1,1,0,0,1,1,2,E01011361
16524,20191368E1129,2019,1368E1129,1,1,2,2,68,10,3,0,0,0,3,0,11,1,1,2019,1368E1129,431206.0,437668.0,-1.527313,53.834354,13,3,2,1,14/08/2019,4,16:40,204,E08000035,E08000035,6,0,6,20.0,3,4,6,0,0,0,1,1,2,0,0,1,1,2,E01011504
16525,20191368F0455,2019,1368F0455,1,1,1,1,35,6,3,0,0,0,0,0,19,1,2,2019,1368F0455,430234.0,433401.0,-1.542499,53.79606,13,3,1,3,15/08/2019,5,10:38,204,E08000035,E08000035,6,0,6,30.0,3,4,6,0,0,4,1,1,1,0,0,1,1,2,E01033010
16526,20191368F0455,2019,1368F0455,1,2,2,1,35,6,3,0,0,1,0,0,19,1,2,2019,1368F0455,430234.0,433401.0,-1.542499,53.79606,13,3,1,3,15/08/2019,5,10:38,204,E08000035,E08000035,6,0,6,30.0,3,4,6,0,0,4,1,1,1,0,0,1,1,2,E01033010
16527,20191368F0455,2019,1368F0455,1,3,2,1,29,6,3,0,0,2,0,0,19,1,2,2019,1368F0455,430234.0,433401.0,-1.542499,53.79606,13,3,1,3,15/08/2019,5,10:38,204,E08000035,E08000035,6,0,6,30.0,3,4,6,0,0,4,1,1,1,0,0,1,1,2,E01033010
16528,20191368F0812,2019,1368F0812,2,1,1,1,70,10,3,0,0,0,0,0,9,3,10,2019,1368F0812,434620.0,441231.0,-1.47504,53.866161,13,3,2,1,15/08/2019,5,14:10,204,E08000035,E08000035,6,0,6,40.0,6,4,6,0,0,0,1,4,1,0,0,2,1,2,E01011713
16529,20191368F1342,2019,1368F1342,1,1,1,2,31,6,3,0,0,0,0,0,9,1,10,2019,1368F1342,426988.0,426455.0,-1.592379,53.733809,13,3,3,2,15/08/2019,5,18:00,204,E08000035,E08000035,6,0,6,20.0,3,4,6,0,0,0,1,1,1,0,0,1,1,2,E01011547
16530,20191368F1342,2019,1368F1342,1,2,2,2,4,1,3,0,0,1,0,0,9,1,10,2019,1368F1342,426988.0,426455.0,-1.592379,53.733809,13,3,3,2,15/08/2019,5,18:00,204,E08000035,E08000035,6,0,6,20.0,3,4,6,0,0,0,1,1,1,0,0,1,1,2,E01011547
16531,20191368F1382,2019,1368F1382,1,1,3,2,39,7,2,4,4,0,0,0,0,1,3,2019,1368F1382,429383.0,433470.0,-1.555411,53.796729,13,2,1,1,15/08/2019,5,18:15,204,E08000035,E08000035,6,0,3,30.0,0,-1,-1,-1,0,5,1,1,1,0,0,1,1,2,E01033008
16532,20191368G0081,2019,1368G0081,2,1,1,2,26,6,3,0,0,0,0,0,9,1,7,2019,1368G0081,425548.0,437562.0,-1.613292,53.833708,13,3,2,1,15/08/2019,5,19:35,204,E08000035,E08000035,6,0,6,30.0,0,-1,-1,-1,0,0,1,1,1,0,0,1,2,2,E01011686
16533,20191368G0700,2019,1368G0700,1,1,3,1,51,8,3,5,1,0,0,0,0,1,1,2019,1368G0700,430773.0,433449.0,-1.534312,53.79646,13,3,1,1,18/08/2019,1,12:25,204,E08000035,E08000035,3,61,6,30.0,9,2,6,0,0,4,1,2,2,4,0,1,1,2,E01033011
16534,20191368G0934,2019,1368G0934,2,1,1,2,35,6,2,0,0,0,0,0,9,-1,-1,2019,1368G0934,440192.0,426166.0,-1.392272,53.730366,13,2,3,1,16/08/2019,6,14:50,204,E08000035,E08000035,3,639,6,40.0,0,-1,-1,-1,0,0,1,2,2,0,0,2,1,2,E01011395
16535,20191368G1317,2019,1368G1317,2,1,1,1,40,7,3,0,0,0,0,0,8,1,1,2019,1368G1317,430880.0,433361.0,-1.532697,53.795663,13,3,2,1,16/08/2019,6,17:48,204,E08000035,E08000035,3,653,3,30.0,0,-1,-1,-1,0,0,1,2,2,0,0,1,1,2,E01033033
16536,20191368G1931,2019,1368G1931,1,1,1,1,26,6,3,0,0,0,0,0,9,1,2,2019,1368G1931,431137.0,434297.0,-1.528701,53.80406,13,3,2,1,16/08/2019,6,23:10,204,E08000035,E08000035,6,0,6,30.0,3,4,6,0,0,0,4,1,2,0,0,1,1,2,E01033031
16537,20191368H0058,2019,1368H0058,1,1,2,1,28,6,3,0,0,1,0,0,9,1,4,2019,1368H0058,432661.0,438017.0,-1.505169,53.837401,13,3,2,1,17/08/2019,7,00:31,204,E08000035,E08000035,6,0,2,30.0,0,-1,-1,-1,0,0,4,1,1,0,0,2,1,2,E01011655
16538,20191368H0488,2019,1368H0488,2,1,1,2,24,5,3,0,0,0,0,0,9,1,8,2019,1368H0488,422947.0,443102.0,-1.652401,53.88362,13,3,2,1,17/08/2019,7,08:35,204,E08000035,E08000035,6,0,6,50.0,6,2,3,658,0,0,1,1,2,0,0,2,1,2,E01032503
16539,20191368I0453,2019,1368I0453,2,1,1,1,43,7,3,0,0,0,0,0,9,3,8,2019,1368I0453,422377.0,441728.0,-1.661172,53.871296,13,3,2,4,18/08/2019,1,05:50,204,E08000035,E08000035,6,0,6,30.0,0,-1,-1,-1,0,0,1,1,1,0,0,1,1,2,E01032503
16540,20191368I0453,2019,1368I0453,2,2,2,2,39,7,3,0,0,1,0,0,9,3,8,2019,1368I0453,422377.0,441728.0,-1.661172,53.871296,13,3,2,4,18/08/2019,1,05:50,204,E08000035,E08000035,6,0,6,30.0,0,-1,-1,-1,0,0,1,1,1,0,0,1,1,2,E01032503
16541,20191368I0453,2019,1368I0453,2,3,2,1,10,2,3,0,0,2,0,0,9,3,8,2019,1368I0453,422377.0,441728.0,-1.661172,53.871296,13,3,2,4,18/08/2019,1,05:50,204,E08000035,E08000035,6,0,6,30.0,0,-1,-1,-1,0,0,1,1,1,0,0,1,1,2,E01032503
16542,20191368I0453,2019,1368I0453,2,4,2,2,7,2,3,0,0,2,0,0,9,3,8,2019,1368I0453,422377.0,441728.0,-1.661172,53.871296,13,3,2,4,18/08/2019,1,05:50,204,E08000035,E08000035,6,0,6,30.0,0,-1,-1,-1,0,0,1,1,1,0,0,1,1,2,E01032503
16543,20191368I0870,2019,1368I0870,2,1,1,1,30,6,3,0,0,0,0,0,9,1,1,2019,1368I0870,431396.0,429436.0,-1.525261,53.760356,13,3,2,1,16/08/2019,6,23:11,204,E08000035,E08000035,6,0,6,30.0,0,-1,-1,-1,0,0,7,1,2,0,0,1,2,2,E01011475
16544,20191368I0949,2019,1368I0949,2,1,1,1,38,7,3,0,0,0,0,0,1,1,2,2019,1368I0949,429316.0,440221.0,-1.555788,53.857408,13,3,2,1,18/08/2019,1,18:15,204,E08000035,E08000035,6,0,6,30.0,8,4,6,0,0,0,1,1,1,0,0,1,1,2,E01011567