,accident_index,accident_year_x,accident_reference_x,vehicle_reference,casualty_reference,casualty_class,sex_of_casualty,age_of_casualty,age_band_of_casualty,casualty_severity,pedestrian_location,pedestrian_movement,car_passenger,bus_or_coach_passenger,pedestrian_road_maintenance_worker,casualty_type,casualty_home_area_type,casualty_imd_decile,accident_year_y,accident_reference_y,location_easting_osgr,location_northing_osgr,longitude,latitude,police_force,accident_severity,number_of_vehicles,number_of_casualties,date,day_of_week,time,local_authority_district,local_authority_ons_district,local_authority_highway,first_road_class,first_road_number,road_type,speed_limit,junction_detail,junction_control,second_road_class,second_road_number,pedestrian_crossing_human_control,pedestrian_crossing_physical_facilities,light_conditions,weather_conditions,road_surface_conditions,special_conditions_at_site,carriageway_hazards,urban_or_rural_area,did_police_officer_attend_scene_of_accident,trunk_road_flag,lsoa_of_accident_location
16545,20191368I1603,2019,1368I1603,1,1,3,2,25,5,3,6,9,0,0,0,0,2,9,2019,1368I1603,420021.0,444947.0,-1.696793,53.900323,13,3,1,1,18/08/2019,1,15:30,204,E08000035,E08000035,6,0,6,30.0,0,-1,-1,-1,0,0,1,1,1,0,0,2,2,2,E01011571
16546,20191368J0223,2019,1368J0223,1,1,2,2,22,5,2,0,0,2,0,0,9,1,1,2019,1368J0223,442220.0,434606.0,-1.360384,53.806059,13,2,1,2,19/08/2019,2,06:20,204,E08000035,E08000035,4,1217,1,50.0,1,4,1,1,0,0,1,1,1,0,0,2,1,2,E01011297
16547,20191368J0223,2019,1368J0223,1,2,2,2,22,5,3,0,0,1,0,0,9,1,1,2019,1368J0223,442220.0,434606.0,-1.360384,53.806059,13,2,1,2,19/08/2019,2,06:20,204,E08000035,E08000035,4,1217,1,50.0,1,4,1,1,0,0,1,1,1,0,0,2,1,2,E01011297
16548,20191368J0493,2019,1368J0493,1,1,1,1,89,11,2,0,0,0,0,0,9,1,1,2019,1368J0493,435850.0,433766.0,-1.457204,53.798986,13,2,2,1,19/08/2019,2,10:15,204,E08000035,E08000035,6,0,6,30.0,0,-1,-1,-1,0,0,1,1,1,0,0,1,1,2,E01011416
16549,20191368J0795,2019,1368J0795,2,1,1,1,37,7,3,0,0,0,0,0,1,1,2,2019,1368J0795,431028.0,434897.0,-1.530296,53.809459,13,3,2,1,07/07/2019,1,17:45,204,E08000035,E08000035,6,0,6,30.0,9,4,6,0,0,0,1,1,1,0,0,1,2,2,E01033031
16550,20191368J0975,2019,1368J0975,1,1,1,1,28,6,3,0,0,0,0,0,9,1,8,2019,1368J0975,424446.0,433731.0,-1.630339,53.799329,13,3,1,2,19/08/2019,2,14:15,204,E08000035,E08000035,6,0,6,30.0,0,-1,-1,-1,0,0,1,1,1,0,0,1,1,2,E01011608
16551,20191368J0975,2019,1368J0975,1,2,2,2,20,4,3,0,0,1,0,0,9,1,8,2019,1368J0975,424446.0,433731.0,-1.630339,53.799329,13,3,1,2,19/08/2019,2,14:15,204,E08000035,E08000035,6,0,6,30.0,0,-1,-1,-1,0,0,1,1,1,0,0,1,1,2,E01011608
16552,20191368J1722,2019,1368J1722,2,1,1,1,26,6,3,0,0,0,0,0,1,1,4,2019,1368J1722,430064.0,433785.0,-1.545043,53.799521,13,3,2,1,19/08/2019,2,17:45,204,E08000035,E08000035,6,0,6,30.0,6,2,6,0,2,4,1,1,1,0,0,1,2,2,E01033010
16553,20191368K0467,2019,1368K0467,2,1,1,2,44,7,3,0,0,0,0,0,9,1,7,2019,1368K0467,440139.0,426162.0,-1.393076,53.730334,13,3,3,1,20/08/2019,3,09:24,204,E08000035,E08000035,3,639,6,30.0,6,4,6,0,0,0,1,1,1,0,0,2,2,2,E01011394
16554,20191368K1436,2019,1368K1436,1,1,1,1,25,5,2,0,0,0,0,0,9,-1,-1,2019,1368K1436,434620.0,441231.0,-1.47504,53.866161,13,2,2,3,20/08/2019,3,17:51,204,E08000035,E08000035,6,0,6,40.0,6,4,6,0,0,0,1,1,1,0,0,2,1,2,E01011713
16555,20191368K1436,2019,1368K1436,1,2,2,1,20,4,3,0,0,1,0,0,9,1,6,2019,1368K1436,434620.0,441231.0,-1.47504,53.866161,13,2,2,3,20/08/2019,3,17:51,204,E08000035,E08000035,6,0,6,40.0,6,4,6,0,0,0,1,1,1,0,0,2,1,2,E01011713
16556,20191368K1436,2019,1368K1436,2,3,1,1,51,8,3,0,0,0,0,0,9,1,10,2019,1368K1436,434620.0,441231.0,-1.47504,53.866161,13,2,2,3,20/08/2019,3,17:51,204,E08000035,E08000035,6,0,6,40.0,6,4,6,0,0,0,1,1,1,0,0,2,1,2,E01011713
16557,20191368L0468,2019,1368L0468,1,1,1,1,83,11,3,0,0,0,0,0,9,-1,-1,2019,1368L0468,425897.0,426615.0,-1.608904,53.735302,13,3,2,2,21/08/2019,4,09:54,204,E08000035,E08000035,6,0,6,20.0,0,-1,-1,-1,0,0,1,1,1,0,0,1,1,2,E01011546
16558,20191368L0468,2019,1368L0468,2,2,2,1,11,3,3,0,0,1,0,0,9,1,10,2019,1368L0468,425897.0,426615.0,-1.608904,53.735302,13,3,2,2,21/08/2019,4,09:54,204,E08000035,E08000035,6,0,6,20.0,0,-1,-1,-1,0,0,1,1,1,0,0,1,1,2,E01011546
16559,20191368L1264,2019,1368L1264,1,1,1,1,45,7,3,0,0,0,0,0,9,1,2,2019,1368L1264,443633.0,436749.0,-1.338626,53.825203,13,3,2,2,21/08/2019,4,17:12,204,E08000035,E08000035,2,1,3,70.0,0,-1,-1,-1,0,0,1,1,1,0,0,2,1,1,E01011297
16560,20191368L1264,2019,1368L1264,2,2,2,2,59,9,3,0,0,1,0,0,9,-1,-1,2019,1368L1264,443633.0,436749.0,-1.338626,53.825203,13,3,2,2,21/08/2019,4,17:12,204,E08000035,E08000035,2,1,3,70.0,0,-1,-1,-1,0,0,1,1,1,0,0,2,1,1,E01011297
16561,20191368L1423,2019,1368L1423,2,1,1,1,29,6,3,0,0,0,0,0,19,1,4,2019,1368L1423,440441.0,446650.0,-1.385815,53.914444,13,3,3,3,21/08/2019,4,17:56,204,E08000035,E08000035,2,1,3,70.0,0,-1,-1,-1,0,0,1,1,1,0,0,2,2,1,E01011704
16562,20191368L1423,2019,1368L1423,2,2,2,1,32,6,3,0,0,1,0,0,19,1,3,2019,1368L1423,440441.0,446650.0,-1.385815,53.914444,13,3,3,3,21/08/2019,4,17:56,204,E08000035,E08000035,2,1,3,70.0,0,-1,-1,-1,0,0,1,1,1,0,0,2,2,1,E01011704
16563,20191368L1423,2019,1368L1423,2,3,2,1,24,5,3,0,0,1,0,0,19,1,1,2019,1368L1423,440441.0,446650.0,-1.385815,53.914444,13,3,3,3,21/08/2019,4,17:56,204,E08000035,E08000035,2,1,3,70.0,0,-1,-1,-1,0,0,1,1,1,0,0,2,2,1,E01011704
16564,20191368L1479,2019,1368L1479,1,1,2,2,15,3,3,0,0,2,0,0,9,1,1,2019,1368L1479,420447.0,434296.0,-1.691015,53.804578,13,3,2,1,21/08/2019,4,18:16,204,E08000035,E08000035,3,647,3,40.0,0,-1,-1,-1,0,0,1,1,1,0,0,1,1,2,E01011595
16565,20191368L1548,2019,1368L1548,1,1,3,1,14,3,3,6,9,0,0,0,0,1,1,2019,1368L1548,425778.0,434409.0,-1.610059,53.805359,13,3,1,2,21/08/2019,4,18:55,204,E08000035,E08000035,6,0,6,30.0,0,-1,-1,-1,0,0,1,1,1,0,0,1,1,2,E01011283
16566,20191368L1548,2019,1368L1548,1,2,3,2,32,6,3,6,9,0,0,0,0,1,1,2019,1368L1548,425778.0,434409.0,-1.610059,53.805359,13,3,1,2,21/08/2019,4,18:55,204,E08000035,E08000035,6,0,6,30.0,0,-1,-1,-1,0,0,1,1,1,0,0,1,1,2,E01011283
16567,20191368L1670,2019,1368L1670,1,1,3,1,23,5,3,9,5,0,0,0,0,-1,-1,2019,1368L1670,428078.0,431596.0,-1.575392,53.779958,13,3,1,1,21/08/2019,4,19:41,204,E08000035,E08000035,6,0,6,30.0,0,-1,-1,-1,0,0,1,1,1,0,0,1,1,2,E01011369
16568,20191368L1749,2019,1368L1749,2,1,1,1,24,5,3,0,0,0,0,0,1,1,1,2019,1368L1749,430068.0,433810.0,-1.54498,53.799746,13,3,2,1,21/08/2019,4,17:30,204,E08000035,E08000035,6,0,6,30.0,3,4,6,0,0,0,1,1,1,0,0,1,2,2,E01033010
16569,20191368M0393,2019,1368M0393,1,1,3,1,26,6,2,5,1,0,0,0,0,1,4,2019,1368M0393,429542.0,435408.0,-1.552813,53.814138,13,2,1,1,22/08/2019,5,09:10,204,E08000035,E08000035,6,0,6,30.0,9,4,6,0,0,0,1,1,1,0,0,1,1,2,E01011669
16570,20191368M1329,2019,1368M1329,1,1,2,2,5,1,3,0,0,2,0,0,9,1,6,2019,1368M1329,442047.0,443581.0,-1.361787,53.886735,13,3,2,2,22/08/2019,5,17:14,204,E08000035,E08000035,2,1,3,70.0,0,-1,-1,-1,0,0,1,1,1,0,0,2,1,1,E01011712
16571,20191368M1329,2019,1368M1329,1,2,2,1,34,6,3,0,0,1,0,0,9,1,2,2019,1368M1329,442047.0,443581.0,-1.361787,53.886735,13,3,2,2,22/08/2019,5,17:14,204,E08000035,E08000035,2,1,3,70.0,0,-1,-1,-1,0,0,1,1,1,0,0,2,1,1,E01011712
16572,20191368M1404,2019,1368M1404,2,1,1,2,29,6,3,0,0,0,0,0,9,1,6,2019,1368M1404,441648.0,433793.0,-1.369178,53.798798,13,3,2,1,22/08/2019,5,17:00,204,E08000035,E08000035,3,642,6,30.0,3,4,6,0,0,0,1,1,1,0,0,1,1,2,E01011398
16573,20191368M1465,2019,1368M1465,1,1,1,1,54,8,2,0,0,0,0,0,4,1,8,2019,1368M1465,439288.0,432421.0,-1.405181,53.78665,13,2,1,1,22/08/2019,5,18:05,204,E08000035,E08000035,3,63,3,40.0,1,4,3,642,0,0,1,1,1,0,0,2,1,2,E01011402
16574,20191368M1786,2019,1368M1786,1,1,3,1,54,8,3,5,1,0,0,0,0,1,1,2019,1368M1786,436168.0,434462.0,-1.452295,53.805219,13,3,1,1,21/08/2019,4,18:00,204,E08000035,E08000035,3,6120,3,40.0,3,4,6,0,0,0,1,1,1,0,0,1,2,2,E01011345
16575,20191368N0397,2019,1368N0397,1,1,2,2,52,8,3,0,0,1,0,0,9,2,7,2019,1368N0397,435901.0,425848.0,-1.457346,53.727819,13,3,2,1,23/08/2019,6,09:15,204,E08000035,E08000035,1,62,7,60.0,1,4,3,642,0,0,1,1,1,0,0,2,2,1,E01011636
16576,20191368N0424,2019,1368N0424,1,2,1,2,18,4,3,0,0,0,0,0,9,1,2,2019,1368N0424,429680.0,425690.0,-1.551647,53.726788,13,2,3,2,23/08/2019,6,09:35,204,E08000035,E08000035,6,0,6,30.0,6,2,3,650,0,0,1,1,1,0,0,1,1,2,E01011538
16577,20191368N0424,2019,1368N0424,2,1,1,2,69,10,2,0,0,0,0,0,9,1,10,2019,1368N0424,429680.0,425690.0,-1.551647,53.726788,13,2,3,2,23/08/2019,6,09:35,204,E08000035,E08000035,6,0,6,30.0,6,2,3,650,0,0,1,1,1,0,0,1,1,2,E01011538
16578,20191368N0563,2019,1368N0563,2,1,1,1,39,7,3,0,0,0,0,0,9,1,5,2019,1368N0563,441740.0,434639.0,-1.367668,53.806395,13,3,3,1,23/08/2019,6,10:53,204,E08000035,E08000035,1,1,3,70.0,0,-1,-1,-1,0,0,1,1,1,0,0,2,1,1,E01011297
16579,20191368N0761,2019,1368N0761,1,1,1,2,58,9,3,0,0,0,0,0,9,1,5,2019,1368N0761,432247.0,426312.0,-1.512678,53.732227,13,3,2,1,23/08/2019,6,12:40,204,E08000035,E08000035,4,6135,6,30.0,0,-1,-1,-1,0,0,1,1,1,0,0,2,1,2,E01011499
16580,20191368N0837,2019,1368N0837,1,2,1,2,53,8,3,0,0,0,0,0,9,1,10,2019,1368N0837,425356.0,440808.0,-1.615943,53.862891,13,3,3,2,23/08/2019,6,13:10,204,E08000035,E08000035,6,0,6,30.0,3,4,6,0,0,1,1,1,1,0,0,1,1,2,E01011377
16581,20191368N0837,2019,1368N0837,2,1,1,2,44,7,3,0,0,0,0,0,9,1,9,2019,1368N0837,425356.0,440808.0,-1.615943,53.862891,13,3,3,2,23/08/2019,6,13:10,204,E08000035,E08000035,6,0,6,30.0,3,4,6,0,0,1,1,1,1,0,0,1,1,2,E01011377
16582,20191368N0956,2019,1368N0956,2,1,2,2,27,6,3,0,0,2,0,0,9,1,8,2019,1368N0956,432572.0,426025.0,-1.507782,53.729627,13,3,2,1,23/08/2019,6,14:00,204,E08000035,E08000035,1,62,3,70.0,0,-1,-1,-1,0,0,1,1,1,0,0,2,1,1,E01011499
16583,20191368N1499,2019,1368N1499,1,1,1,1,22,5,2,0,0,0,0,0,90,1,1,2019,1368N1499,432134.0,431059.0,-1.513899,53.774898,13,2,2,2,23/08/2019,6,17:41,204,E08000035,E08000035,4,6481,6,30.0,0,-1,-1,-1,0,0,1,1,1,0,0,1,1,2,E01011470
16584,20191368N1499,2019,1368N1499,2,2,1,2,32,6,3,0,0,0,0,0,9,1,6,2019,1368N1499,432134.0,431059.0,-1.513899,53.774898,13,2,2,2,23/08/2019,6,17:41,204,E08000035,E08000035,4,6481,6,30.0,0,-1,-1,-1,0,0,1,1,1,0,0,1,1,2,E01011470
16585,20191368N2160,2019,1368N2160,1,1,1,2,45,7,3,0,0,0,0,0,9,1,10,2019,1368N2160,426786.0,428248.0,-1.595287,53.749934,13,3,2,1,23/08/2019,6,22:00,204,E08000035,E08000035,6,0,6,30.0,0,-1,-1,-1,0,0,4,1,1,0,0,1,1,2,E01011533
16586,20191368O0065,2019,1368O0065,2,1,1,1,36,7,3,0,0,0,0,0,9,1,1,2019,1368O0065,442043.0,437540.0,-1.362672,53.832443,13,3,2,1,24/08/2019,7,00:30,204,E08000035,E08000035,6,0,6,40.0,0,-1,-1,-1,0,0,6,1,1,0,0,2,1,2,E01011297
16587,20191368O0885,2019,1368O0885,1,1,3,1,2,1,3,1,3,0,0,0,0,1,1,2019,1368O0885,430240.0,433914.0,-1.542358,53.800671,13,3,1,1,24/08/2019,7,12:00,204,E08000035,E08000035,6,0,6,30.0,0,-1,-1,-1,0,4,1,1,1,0,0,1,1,2,E01033010
16588,20191368O0899,2019,1368O0899,1,1,3,1,2,1,3,5,1,0,0,0,0,-1,-1,2019,1368O0899,428862.0,431916.0,-1.563465,53.782791,13,3,1,1,24/08/2019,7,12:16,204,E08000035,E08000035,6,0,6,20.0,0,-1,-1,-1,0,0,1,1,1,0,0,1,1,2,E01011366
16589,20191368O2325,2019,1368O2325,1,1,2,2,21,5,3,0,0,2,0,0,8,1,2,2019,1368O2325,440631.0,446075.0,-1.382999,53.909261,13,3,2,2,24/08/2019,7,01:30,204,E08000035,E08000035,2,1,3,70.0,5,4,2,1,0,0,7,1,1,0,0,2,2,1,E01011707
16590,20191368O2325,2019,1368O2325,1,2,2,1,23,5,3,0,0,2,0,0,8,1,2,2019,1368O2325,440631.0,446075.0,-1.382999,53.909261,13,3,2,2,24/08/2019,7,01:30,204,E08000035,E08000035,2,1,3,70.0,5,4,2,1,0,0,7,1,1,0,0,2,2,1,E01011707
16591,20191368P0233,2019,1368P0233,1,1,1,1,25,5,2,0,0,0,0,0,9,-1,-1,2019,1368P0233,426044.0,432256.0,-1.606202,53.785995,13,2,2,1,25/08/2019,1,02:32,204,E08000035,E08000035,6,0,6,30.0,0,-1,-1,-1,0,0,4,1,1,0,0,1,1,2,E01011737
16592,20191368P0876,2019,1368P0876,1,1,1,2,20,4,2,0,0,0,0,0,9,3,6,2019,1368P0876,434620.0,441231.0,-1.47504,53.866161,13,2,2,4,25/08/2019,1,12:45,204,E08000035,E08000035,6,0,6,30.0,3,4,6,0,0,0,1,1,1,0,0,2,1,2,E01011713
16593,20191368P0876,2019,1368P0876,1,2,2,1,21,5,3,0,0,1,0,0,9,3,6,2019,1368P0876,434620.0,441231.0,-1.47504,53.866161,13,2,2,4,25/08/2019,1,12:45,204,E08000035,E08000035,6,0,6,30.0,3,4,6,0,0,0,1,1,1,0,0,2,1,2,E01011713
16594,20191368P0876,2019,1368P0876,1,3,2,2,20,4,2,0,0,2,0,0,9,2,2,2019,1368P0876,434620.0,441231.0,-1.47504,53.866161,13,2,2,4,25/08/2019,1,12:45,204,E08000035,E08000035,6,0,6,30.0,3,4,6,0,0,0,1,1,1,0,0,2,1,2,E01011713
16595,20191368P0876,2019,1368P0876,2,4,1,2,53,8,3,0,0,0,0,0,9,1,3,2019,1368P0876,434620.0,441231.0,-1.47504,53.866161,13,2,2,4,25/08/2019,1,12:45,204,E08000035,E08000035,6,0,6,30.0,3,4,6,0,0,0,1,1,1,0,0,2,1,2,E01011713
16596,20191368P1537,2019,1368P1537,2,1,1,1,47,8,2,0,0,0,0,0,5,1,1,2019,1368P1537,435555.0,434799.0,-1.461563,53.80829,13,2,2,1,26/08/2019,2,17:40,204,E08000035,E08000035,6,0,3,40.0,3,4,6,0,0,0,1,1,1,0,0,1,1,2,E01011343
16597,20191368P1652,2019,1368P1652,1,1,1,1,79,11,2,0,0,0,0,0,9,1,5,2019,1368P1652,430902.0,424549.0,-1.53324,53.716463,13,2,2,2,25/08/2019,1,18:30,204,E08000035,E08000035,1,1,3,70.0,0,-1,-1,-1,0,0,1,1,1,0,0,2,1,1,E01011537
16598,20191368P1652,2019,1368P1652,1,2,2,2,80,11,2,0,0,1,0,0,9,1,5,2019,1368P1652,430902.0,424549.0,-1.53324,53.716463,13,2,2,2,25/08/2019,1,18:30,204,E08000035,E08000035,1,1,3,70.0,0,-1,-1,-1,0,0,1,1,1,0,0,2,1,1,E01011537
16599,20191368P1725,2019,1368P1725,2,1,2,2,65,9,3,0,0,1,0,0,9,1,7,2019,1368P1725,432572.0,428113.0,-1.507563,53.748394,13,3,2,1,25/08/2019,1,18:36,204,E08000035,E08000035,3,61,6,40.0,3,4,6,0,0,0,1,1,1,0,0,1,2,2,E01011496
16600,20191368P2179,2019,1368P2179,2,1,1,1,36,7,2,0,0,0,0,0,1,1,2,2019,1368P2179,429578.0,433795.0,-1.55242,53.799639,13,2,2,1,25/08/2019,1,22:05,204,E08000035,E08000035,6,0,6,30.0,0,-1,-1,-1,0,5,4,1,1,0,0,1,1,2,E01033008
16601,20191368P2292,2019,1368P2292,1,1,3,1,47,8,3,1,3,0,0,0,0,1,3,2019,1368P2292,429850.0,433431.0,-1.548326,53.796352,13,3,1,1,25/08/2019,1,22:45,204,E08000035,E08000035,6,0,6,30.0,0,-1,-1,-1,1,5,4,1,1,0,0,1,1,2,E01033016
16602,20191368Q1039,2019,1368Q1039,1,1,1,2,19,4,3,0,0,0,0,0,9,2,10,2019,1368Q1039,436746.0,437346.0,-1.443176,53.831099,13,3,2,1,26/08/2019,2,13:00,204,E08000035,E08000035,3,64,6,40.0,0,-1,-1,-1,0,0,1,1,1,0,0,2,1,2,E01011714
16603,20191368Q1524,2019,1368Q1524,2,1,2,2,83,11,3,0,0,1,0,0,9,1,3,2019,1368Q1524,428527.0,429635.0,-1.568759,53.762309,13,3,2,1,26/08/2019,2,14:45,204,E08000035,E08000035,6,0,6,30.0,3,4,3,6110,0,0,1,1,1,0,0,1,2,2,E01011321
16604,20191368Q1673,2019,1368Q1673,2,1,1,1,47,8,2,0,0,0,0,0,1,1,2,2019,1368Q1673,431016.0,434496.0,-1.530518,53.805856,13,2,2,1,26/08/2019,2,17:43,204,E08000035,E08000035,6,0,6,30.0,3,4,6,0,0,0,1,1,1,0,0,1,1,2,E01033003
16605,20191368Q1944,2019,1368Q1944,1,1,1,2,45,7,3,0,0,0,0,0,9,2,8,2019,1368Q1944,443618.0,435478.0,-1.339034,53.813781,13,3,2,1,26/08/2019,2,19:44,204,E08000035,E08000035,1,1,3,70.0,0,-1,-1,-1,0,0,1,1,1,0,0,2,2,1,E01011297
16606,20191368R0275,2019,1368R0275,1,1,3,1,21,5,3,5,1,0,0,0,0,-1,-1,2019,1368R0275,430872.0,434221.0,-1.532732,53.803393,13,3,1,1,27/08/2019,3,04:50,204,E08000035,E08000035,3,61,3,40.0,0,-1,-1,-1,0,0,4,1,1,0,0,1,1,2,E01033031
16607,20191368R0608,2019,1368R0608,4,1,1,1,32,6,3,0,0,0,0,0,9,1,1,2019,1368R0608,426797.0,430018.0,-1.594967,53.765842,13,3,5,2,27/08/2019,3,10:00,204,E08000035,E08000035,1,621,3,70.0,0,-1,-1,-1,0,0,1,1,1,0,0,1,1,1,E01011522
16608,20191368R0608,2019,1368R0608,4,2,2,2,27,6,3,0,0,1,0,0,9,1,1,2019,1368R0608,426797.0,430018.0,-1.594967,53.765842,13,3,5,2,27/08/2019,3,10:00,204,E08000035,E08000035,1,621,3,70.0,0,-1,-1,-1,0,0,1,1,1,0,0,1,1,1,E01011522
16609,20191368R0934,2019,1368R0934,1,1,2,1,20,4,3,0,0,1,0,0,9,1,2,2019,1368R0934,422837.0,434080.0,-1.654742,53.802538,13,3,1,1,31/08/2019,7,12:46,204,E08000035,E08000035,3,647,3,70.0,0,-1,-1,-1,0,0,1,1,1,0,0,1,1,2,E01011610
16610,20191368R2007,2019,1368R2007,2,1,1,1,32,6,3,0,0,0,0,0,9,1,10,2019,1368R2007,427582.0,434576.0,-1.582653,53.806768,13,3,2,1,27/08/2019,3,14:10,204,E08000035,E08000035,6,0,6,20.0,6,4,6,0,0,0,1,1,1,0,0,1,2,2,E01011482
16611,20191368S0224,2019,1368S0224,1,1,1,1,29,6,3,0,0,0,0,0,19,-1,-1,2019,1368S0224,429091.0,428699.0,-1.560292,53.753865,13,3,2,4,28/08/2019,4,04:26,204,E08000035,E08000035,6,0,6,30.0,3,4,6,0,0,0,4,1,2,0,0,1,1,2,E01011493
16612,20191368S0224,2019,1368S0224,1,2,2,2,40,7,3,0,0,1,0,0,19,-1,-1,2019,1368S0224,429091.0,428699.0,-1.560292,53.753865,13,3,2,4,28/08/2019,4,04:26,204,E08000035,E08000035,6,0,6,30.0,3,4,6,0,0,0,4,1,2,0,0,1,1,2,E01011493
16613,20191368S0224,2019,1368S0224,2,3,1,1,35,6,3,0,0,0,0,0,19,-1,-1,2019,1368S0224,429091.0,428699.0,-1.560292,53.753865,13,3,2,4,28/08/2019,4,04:26,204,E08000035,E08000035,6,0,6,30.0,3,4,6,0,0,0,4,1,2,0,0,1,1,2,E01011493
16614,20191368S0224,2019,1368S0224,2,4,2,1,28,6,3,0,0,1,0,0,19,-1,-1,2019,1368S0224,429091.0,428699.0,-1.560292,53.753865,13,3,2,4,28/08/2019,4,04:26,204,E08000035,E08000035,6,0,6,30.0,3,4,6,0,0,0,4,1,2,0,0,1,1,2,E01011493
16615,20191368S0541,2019,1368S0541,2,1,1,1,46,8,2,0,0,0,0,0,1,1,10,2019,1368S0541,440404.0,447686.0,-1.386242,53.923757,13,2,2,1,28/08/2019,4,10:30,204,E08000035,E08000035,3,58,6,40.0,9,4,6,0,0,0,1,1,1,0,0,2,1,2,E01011704
16616,20191368S1138,2019,1368S1138,1,1,1,1,33,6,2,0,0,0,0,0,1,1,1,2019,1368S1138,429515.0,430284.0,-1.553711,53.768087,13,2,2,1,20/08/2019,3,05:30,204,E08000035,E08000035,3,653,6,30.0,3,4,6,0,0,0,1,1,1,0,0,1,2,2,E01011319
16617,20191368S1355,2019,1368S1355,2,1,2,1,7,2,3,0,0,1,0,0,9,3,9,2019,1368S1355,433180.0,434010.0,-1.497711,53.801355,13,3,2,1,28/08/2019,4,15:28,204,E08000035,E08000035,3,64,3,40.0,3,2,6,0,0,5,1,1,1,0,0,1,2,2,E01011617
16618,20191368S1357,2019,1368S1357,1,1,2,2,44,7,3,0,0,0,4,0,11,-1,-1,2019,1368S1357,430388.0,433387.0,-1.540163,53.795926,13,3,1,1,28/08/2019,4,15:05,204,E08000035,E08000035,6,0,6,30.0,0,-1,-1,-1,0,0,1,1,2,0,0,1,2,2,E01033011
16619,20191368T0361,2019,1368T0361,1,1,1,2,44,7,3,0,0,0,0,0,9,3,6,2019,1368T0361,431625.0,430528.0,-1.521676,53.770157,13,3,2,1,29/08/2019,5,08:31,204,E08000035,E08000035,1,621,7,70.0,5,4,6,0,0,0,1,1,1,0,0,1,1,1,E01011470
16620,20191368T0761,2019,1368T0761,2,1,1,1,40,7,3,0,0,0,0,0,9,1,6,2019,1368T0761,425913.0,432231.0,-1.608192,53.785777,13,3,2,2,29/08/2019,5,14:01,204,E08000035,E08000035,3,6110,3,40.0,3,2,6,0,0,0,1,1,1,0,0,1,1,2,E01011735
16621,20191368T0761,2019,1368T0761,2,2,2,1,27,6,3,0,0,1,0,0,9,1,6,2019,1368T0761,425913.0,432231.0,-1.608192,53.785777,13,3,2,2,29/08/2019,5,14:01,204,E08000035,E08000035,3,6110,3,40.0,3,2,6,0,0,0,1,1,1,0,0,1,1,2,E01011735
16622,20191368T0911,2019,1368T0911,1,1,3,2,86,11,3,6,6,0,0,0,0,1,5,2019,1368T0911,436266.0,434708.0,-1.450778,53.807423,13,3,1,1,29/08/2019,5,15:00,204,E08000035,E08000035,6,0,6,20.0,0,-1,-1,-1,0,0,1,1,1,0,0,1,1,2,E01011408
16623,20191368T1064,2019,1368T1064,2,1,1,2,34,6,3,0,0,0,0,0,9,1,1,2019,1368T1064,434621.0,438144.0,-1.475371,53.838417,13,3,2,1,29/08/2019,5,15:40,204,E08000035,E08000035,3,6120,6,40.0,0,-1,-1,-1,0,0,1,1,1,0,0,2,1,2,E01011650
16624,20191368T1364,2019,1368T1364,2,1,1,1,38,7,3,0,0,0,0,0,1,1,6,2019,1368T1364,427733.0,433707.0,-1.580438,53.798949,13,3,2,1,29/08/2019,5,07:30,204,E08000035,E08000035,3,647,6,30.0,0,-1,-1,-1,0,0,1,1,1,0,0,1,2,2,E01011284
16625,20191368T1673,2019,1368T1673,2,1,1,1,27,6,3,0,0,0,0,0,1,1,2,2019,1368T1673,428780.0,433767.0,-1.564538,53.799432,13,3,2,1,29/08/2019,5,18:05,204,E08000035,E08000035,3,65,6,30.0,0,-1,-1,-1,0,0,1,1,1,0,0,1,2,2,E01011678
16626,20191368U0014,2019,1368U0014,1,1,1,1,20,4,2,0,0,0,0,0,3,1,7,2019,1368U0014,434804.0,428897.0,-1.47363,53.755296,13,2,2,1,30/08/2019,6,00:10,204,E08000035,E08000035,6,0,6,30.0,6,4,6,0,0,0,4,1,1,0,0,1,1,2,E01011628
16627,20191368U0381,2019,1368U0381,1,1,1,1,34,6,3,0,0,0,0,0,9,2,10,2019,1368U0381,433605.0,425845.0,-1.492144,53.727944,13,3,3,3,30/08/2019,6,08:00,204,E08000035,E08000035,1,62,3,70.0,0,-1,-1,-1,0,0,1,1,1,0,0,2,1,1,E01011500
16628,20191368U0381,2019,1368U0381,2,2,1,1,42,7,3,0,0,0,0,0,9,1,1,2019,1368U0381,433605.0,425845.0,-1.492144,53.727944,13,3,3,3,30/08/2019,6,08:00,204,E08000035,E08000035,1,62,3,70.0,0,-1,-1,-1,0,0,1,1,1,0,0,2,1,1,E01011500
16629,20191368U0381,2019,1368U0381,3,3,1,2,24,5,3,0,0,0,0,0,9,1,4,2019,1368U0381,433605.0,425845.0,-1.492144,53.727944,13,3,3,3,30/08/2019,6,08:00,204,E08000035,E08000035,1,62,3,70.0,0,-1,-1,-1,0,0,1,1,1,0,0,2,1,1,E01011500
16630,20191368V0278,2019,1368V0278,1,1,1,1,25,5,1,0,0,0,0,0,3,-1,-1,2019,1368V0278,425080.0,428026.0,-1.621175,53.748023,13,1,1,1,31/08/2019,7,03:54,204,E08000035,E08000035,1,621,3,70.0,0,-1,-1,-1,0,0,4,1,1,0,0,1,1,1,E01011530
16631,2019136910821,2019,136910821,1,1,3,2,72,10,3,10,3,0,0,0,0,2,10,2019,136910821,443079.0,445634.0,-1.345799,53.905101,13,3,1,1,31/08/2019,7,12:30,204,E08000035,E08000035,6,0,2,30.0,8,4,6,0,0,0,1,1,1,0,0,2,1,2,E01011711