,accident_index,accident_year_x,accident_reference_x,vehicle_reference,casualty_reference,casualty_class,sex_of_casualty,age_of_casualty,age_band_of_casualty,casualty_severity,pedestrian_location,pedestrian_movement,car_passenger,bus_or_coach_passenger,pedestrian_road_maintenance_worker,casualty_type,casualty_home_area_type,casualty_imd_decile,accident_year_y,accident_reference_y,location_easting_osgr,location_northing_osgr,longitude,latitude,police_force,accident_severity,number_of_vehicles,number_of_casualties,date,day_of_week,time,local_authority_district,local_authority_ons_district,local_authority_highway,first_road_class,first_road_number,road_type,speed_limit,junction_detail,junction_control,second_road_class,second_road_number,pedestrian_crossing_human_control,pedestrian_crossing_physical_facilities,light_conditions,weather_conditions,road_surface_conditions,special_conditions_at_site,carriageway_hazards,urban_or_rural_area,did_police_officer_attend_scene_of_accident,trunk_road_flag,lsoa_of_accident_location
16719,20191369I1278,2019,1369I1278,1,1,1,2,38,7,3,0,0,0,0,0,9,1,8,2019,1369I1278,418937.0,441940.0,-1.713474,53.873337,13,3,2,1,18/09/2019,4,16:25,204,E08000035,E08000035,6,0,6,30.0,0,-1,-1,-1,0,0,1,1,1,0,0,1,1,2,E01011265
16720,20191369I1422,2019,1369I1422,1,1,1,1,21,5,3,0,0,0,0,0,5,3,5,2019,1369I1422,430533.0,434502.0,-1.537852,53.805938,13,3,2,1,18/09/2019,4,16:55,204,E08000035,E08000035,3,58,3,40.0,0,-1,-1,-1,0,0,1,1,1,0,0,1,2,2,E01033003
16721,20191369I1492,2019,1369I1492,2,1,1,1,31,6,3,0,0,0,0,0,9,1,7,2019,1369I1492,432341.0,426349.0,-1.511249,53.732554,13,3,2,1,18/09/2019,4,17:29,204,E08000035,E08000035,1,1,3,70.0,0,-1,-1,-1,0,0,1,1,1,0,0,2,2,1,E01011499
16722,20191369I2038,2019,1369I2038,2,1,1,1,33,6,2,0,0,0,0,0,1,1,1,2019,1369I2038,428706.0,432806.0,-1.56575,53.790799,13,2,2,1,18/09/2019,4,21:51,204,E08000035,E08000035,6,0,6,30.0,3,4,6,0,0,1,4,1,1,0,0,1,1,2,E01033013
16723,20191369J0100,2019,1369J0100,2,1,1,1,19,4,3,0,0,0,0,0,1,1,3,2019,1369J0100,428390.0,434070.0,-1.570431,53.802177,13,3,2,1,19/09/2019,5,10:00,204,E08000035,E08000035,6,0,6,30.0,3,4,3,65,0,0,1,1,1,0,0,1,1,2,E01011681
16724,20191369J0861,2019,1369J0861,2,1,1,1,40,7,3,0,0,0,0,0,8,1,1,2019,1369J0861,431495.0,436228.0,-1.523069,53.821394,13,3,2,1,17/09/2019,3,16:10,204,E08000035,E08000035,4,6159,3,30.0,0,-1,-1,-1,0,0,1,1,1,0,0,1,2,2,E01011359
16725,20191369J0953,2019,1369J0953,1,1,3,2,86,11,2,5,4,0,0,0,0,1,7,2019,1369J0953,432772.0,436856.0,-1.503605,53.82696,13,2,1,1,19/09/2019,5,14:39,204,E08000035,E08000035,6,0,6,30.0,0,-1,-1,-1,0,0,1,1,1,0,0,1,1,2,E01011643
16726,20191369J1336,2019,1369J1336,1,1,1,1,34,6,3,0,0,0,0,0,9,1,1,2019,1369J1336,430490.0,435976.0,-1.538359,53.819189,13,3,2,2,19/09/2019,5,17:10,204,E08000035,E08000035,6,0,6,30.0,3,4,6,0,0,0,1,1,1,0,0,1,1,2,E01011357
16727,20191369J1336,2019,1369J1336,2,2,1,1,51,8,3,0,0,0,0,0,9,1,2,2019,1369J1336,430490.0,435976.0,-1.538359,53.819189,13,3,2,2,19/09/2019,5,17:10,204,E08000035,E08000035,6,0,6,30.0,3,4,6,0,0,0,1,1,1,0,0,1,1,2,E01011357
16728,20191369J1526,2019,1369J1526,1,1,3,1,30,6,3,6,7,0,0,0,0,1,3,2019,1369J1526,426326.0,428159.0,-1.60227,53.749158,13,3,1,1,19/09/2019,5,18:20,204,E08000035,E08000035,4,6126,6,30.0,0,-1,-1,-1,0,0,1,1,1,0,0,1,2,2,E01011533
16729,20191369J1866,2019,1369J1866,2,1,2,2,50,8,3,0,0,2,2,0,11,1,3,2019,1369J1866,418767.0,446467.0,-1.715784,53.914031,13,3,2,1,19/09/2019,5,19:00,204,E08000035,E08000035,6,0,6,30.0,0,-1,-1,-1,0,0,1,1,1,0,0,1,2,2,E01011582
16730,20191369J1941,2019,1369J1941,2,1,1,1,16,4,3,0,0,0,0,0,1,1,1,2019,1369J1941,427279.0,433073.0,-1.587386,53.793275,13,3,2,1,19/09/2019,5,21:05,204,E08000035,E08000035,4,6154,6,30.0,3,4,6,0,0,0,4,1,1,0,0,1,1,2,E01011292
16731,20191369K0384,2019,1369K0384,1,1,3,2,33,6,2,5,2,0,0,0,0,1,1,2019,1369K0384,430954.0,435884.0,-1.531321,53.818335,13,2,1,1,20/09/2019,6,08:46,204,E08000035,E08000035,6,0,6,30.0,0,-1,-1,-1,0,0,1,1,1,0,0,1,1,2,E01011357
16732,20191369K0853,2019,1369K0853,1,1,1,1,40,7,3,0,0,0,0,0,9,1,1,2019,1369K0853,430798.0,435342.0,-1.533744,53.813472,13,3,2,2,20/09/2019,6,13:15,204,E08000035,E08000035,6,0,6,30.0,3,4,6,0,0,0,1,1,1,0,0,1,1,2,E01011360
16733,20191369K0853,2019,1369K0853,2,2,1,1,35,6,3,0,0,0,0,0,9,1,1,2019,1369K0853,430798.0,435342.0,-1.533744,53.813472,13,3,2,2,20/09/2019,6,13:15,204,E08000035,E08000035,6,0,6,30.0,3,4,6,0,0,0,1,1,1,0,0,1,1,2,E01011360
16734,20191369K0964,2019,1369K0964,1,1,3,2,35,6,3,1,3,0,0,0,0,-1,-1,2019,1369K0964,426015.0,428237.0,-1.606979,53.749874,13,3,1,1,20/09/2019,6,13:00,204,E08000035,E08000035,6,0,6,30.0,0,-1,-1,-1,0,1,1,1,1,0,0,1,1,2,E01011525
16735,20191369K1189,2019,1369K1189,2,1,1,1,71,10,2,0,0,0,0,0,1,1,5,2019,1369K1189,440556.0,447694.0,-1.383927,53.923817,13,2,2,1,20/09/2019,6,15:34,204,E08000035,E08000035,3,168,6,40.0,0,-1,-1,-1,0,0,1,1,1,0,0,2,1,2,E01011704
16736,20191369K1395,2019,1369K1395,2,1,2,2,27,6,3,0,0,0,3,0,11,-1,-1,2019,1369K1395,429240.0,433846.0,-1.557547,53.800116,13,3,2,1,20/09/2019,6,14:15,204,E08000035,E08000035,6,0,3,30.0,3,4,6,0,0,0,1,1,1,0,0,1,2,2,E01011678
16737,20191369K1469,2019,1369K1469,1,1,3,2,32,6,3,9,9,0,0,0,0,1,3,2019,1369K1469,426523.0,427467.0,-1.599342,53.742928,13,3,1,1,13/09/2019,6,21:33,204,E08000035,E08000035,6,0,6,30.0,0,-1,-1,-1,0,0,7,1,1,0,0,1,2,2,E01011541
16738,20191369K1631,2019,1369K1631,2,1,1,1,45,7,3,0,0,0,0,0,1,1,9,2019,1369K1631,432080.0,438851.0,-1.513911,53.844933,13,3,2,1,20/09/2019,6,14:55,204,E08000035,E08000035,6,0,6,30.0,3,4,6,0,0,0,1,1,1,0,0,1,1,2,E01011652
16739,20191369K1791,2019,1369K1791,1,1,2,2,35,6,3,0,0,0,3,0,11,1,1,2019,1369K1791,432996.0,436046.0,-1.500288,53.819666,13,3,1,1,20/09/2019,6,17:25,204,E08000035,E08000035,3,58,3,40.0,0,-1,-1,-1,0,0,1,1,1,0,0,1,2,2,E01011423
16740,20191369K2059,2019,1369K2059,2,1,1,1,46,8,3,0,0,0,0,0,9,1,8,2019,1369K2059,430230.0,424102.0,-1.543466,53.712484,13,3,2,1,20/09/2019,6,21:34,204,E08000035,E08000035,1,1,3,70.0,0,-1,-1,-1,0,0,6,1,1,0,1,2,1,1,E01011537
16741,20191369L0510,2019,1369L0510,2,1,1,1,32,6,3,0,0,0,0,0,1,1,6,2019,1369L0510,424384.0,434459.0,-1.631223,53.805875,13,3,2,1,21/09/2019,7,09:15,204,E08000035,E08000035,6,0,6,30.0,3,4,6,0,0,0,1,1,1,0,0,1,1,2,E01011334
16742,20191369L0750,2019,1369L0750,2,1,1,2,35,6,3,0,0,0,0,0,9,1,8,2019,1369L0750,431558.0,432768.0,-1.522464,53.790293,13,3,2,1,21/09/2019,7,11:40,204,E08000035,E08000035,6,0,6,30.0,0,-1,-1,-1,0,0,1,1,1,0,0,1,2,2,E01011626
16743,20191369L0760,2019,1369L0760,1,1,2,1,24,5,2,0,0,0,0,0,97,1,2,2019,1369L0760,425957.0,438578.0,-1.606992,53.842819,13,2,3,1,21/09/2019,7,11:40,204,E08000035,E08000035,6,0,6,30.0,0,-1,-1,-1,0,0,1,1,1,0,0,1,1,2,E01011684
16744,20191369L0852,2019,1369L0852,3,1,1,1,41,7,3,0,0,0,0,0,8,1,4,2019,1369L0852,436469.0,434064.0,-1.447771,53.801621,13,3,3,2,21/09/2019,7,12:35,204,E08000035,E08000035,3,6120,6,30.0,0,-1,-1,-1,0,0,1,1,1,0,0,1,1,2,E01011408
16745,20191369L0852,2019,1369L0852,3,2,2,1,40,7,3,0,0,1,0,0,8,1,1,2019,1369L0852,436469.0,434064.0,-1.447771,53.801621,13,3,3,2,21/09/2019,7,12:35,204,E08000035,E08000035,3,6120,6,30.0,0,-1,-1,-1,0,0,1,1,1,0,0,1,1,2,E01011408
16746,20191369L1182,2019,1369L1182,2,1,1,1,26,6,2,0,0,0,0,0,3,1,8,2019,1369L1182,431526.0,434298.0,-1.522794,53.804046,13,2,2,1,21/09/2019,7,15:25,204,E08000035,E08000035,6,0,6,30.0,3,4,6,0,0,0,1,1,1,0,0,1,1,2,E01033035
16747,20191369L1487,2019,1369L1487,2,1,1,1,8,2,2,0,0,0,0,0,1,1,1,2019,1369L1487,436937.0,435820.0,-1.440456,53.817371,13,2,2,1,21/09/2019,7,17:30,204,E08000035,E08000035,6,0,6,30.0,0,-1,-1,-1,0,0,1,1,1,0,0,1,1,2,E01011723
16748,20191369L1758,2019,1369L1758,2,1,1,1,64,9,3,0,0,0,0,0,9,-1,-1,2019,1369L1758,435903.0,436428.0,-1.45609,53.822907,13,3,2,1,21/09/2019,7,19:38,204,E08000035,E08000035,3,64,1,30.0,1,4,3,6120,0,0,1,1,1,0,0,1,1,2,E01011720
16749,20191369L1889,2019,1369L1889,2,1,1,2,76,11,3,0,0,0,0,0,9,1,7,2019,1369L1889,437036.0,441712.0,-1.438245,53.870318,13,3,2,1,21/09/2019,7,20:48,204,E08000035,E08000035,6,0,6,30.0,0,-1,-1,-1,0,0,1,1,1,0,0,2,2,2,E01011310
16750,20191369L1925,2019,1369L1925,2,1,1,1,22,5,3,0,0,0,0,0,9,1,3,2019,1369L1925,429566.0,433907.0,-1.552592,53.800646,13,3,2,1,21/09/2019,7,19:54,204,E08000035,E08000035,3,58,3,40.0,0,-1,-1,-1,0,0,1,1,1,0,0,1,2,2,E01033008
16751,20191369L2019,2019,1369L2019,1,1,3,2,82,11,3,4,4,0,0,0,0,-1,-1,2019,1369L2019,428140.0,432795.0,-1.574342,53.790731,13,3,1,1,21/09/2019,7,21:47,204,E08000035,E08000035,4,6154,3,30.0,3,1,6,0,2,4,4,1,1,0,0,1,1,2,E01011363
16752,20191369M0366,2019,1369M0366,2,1,1,1,48,8,3,0,0,0,0,0,9,1,3,2019,1369M0366,428097.0,434515.0,-1.574839,53.806192,13,3,2,1,22/09/2019,1,05:53,204,E08000035,E08000035,6,0,6,30.0,6,2,6,0,2,5,1,1,1,0,0,1,1,2,E01011481
16753,20191369M0435,2019,1369M0435,2,1,1,2,45,7,2,0,0,0,0,0,1,1,10,2019,1369M0435,420549.0,444952.0,-1.688757,53.900347,13,2,2,1,22/09/2019,1,07:50,204,E08000035,E08000035,6,0,6,30.0,3,4,6,0,0,0,1,1,1,0,0,1,1,2,E01011569
16754,20191369N0187,2019,1369N0187,1,1,1,1,31,6,3,0,0,0,0,0,9,1,1,2019,1369N0187,429189.0,431915.0,-1.558503,53.782764,13,3,2,1,23/09/2019,2,05:50,204,E08000035,E08000035,6,0,7,30.0,9,4,6,0,0,0,4,1,1,0,0,1,1,2,E01011368
16755,20191369N0482,2019,1369N0482,1,1,1,1,58,9,3,0,0,0,0,0,9,1,1,2019,1369N0482,429457.0,433776.0,-1.554259,53.799475,13,3,2,1,23/09/2019,2,10:00,204,E08000035,E08000035,3,58,7,30.0,5,4,6,0,0,0,1,1,1,0,0,1,1,2,E01033008
16756,20191369N0973,2019,1369N0973,1,1,1,1,50,8,2,0,0,0,0,0,19,1,4,2019,1369N0973,432183.0,426112.0,-1.513669,53.730433,13,2,2,1,23/09/2019,2,14:20,204,E08000035,E08000035,1,62,1,30.0,1,4,1,1,0,0,1,1,1,0,0,2,1,1,E01011499
16757,20191369N1475,2019,1369N1475,1,1,1,1,29,6,2,0,0,0,0,0,1,1,7,2019,1369N1475,424003.0,434399.0,-1.637013,53.805353,13,2,2,1,23/09/2019,2,17:35,204,E08000035,E08000035,6,0,6,30.0,0,-1,-1,-1,2,1,1,1,2,0,0,1,1,2,E01011287
16758,20191369N1614,2019,1369N1614,2,1,1,1,18,4,3,0,0,0,0,0,9,1,6,2019,1369N1614,431223.0,427890.0,-1.528041,53.746471,13,3,2,1,23/09/2019,2,18:30,204,E08000035,E08000035,6,0,6,30.0,0,-1,-1,-1,0,0,1,1,2,0,0,2,1,2,E01011490
16759,20191369N1760,2019,1369N1760,2,1,1,1,51,8,2,0,0,0,0,0,1,1,7,2019,1369N1760,431292.0,435032.0,-1.526273,53.810657,13,2,2,1,23/09/2019,2,18:30,204,E08000035,E08000035,3,58,6,30.0,0,-1,-1,-1,0,0,1,1,1,0,0,1,2,2,E01011361
16760,20191369O0297,2019,1369O0297,2,1,1,1,40,7,3,0,0,0,0,0,1,1,6,2019,1369O0297,431822.0,436440.0,-1.51808,53.82328,13,3,2,1,24/09/2019,3,07:30,204,E08000035,E08000035,6,0,6,30.0,0,-1,-1,-1,0,0,1,1,2,0,0,1,1,2,E01011642
16761,20191369O0540,2019,1369O0540,1,1,1,2,24,5,3,0,0,0,0,0,9,1,4,2019,1369O0540,441202.0,448876.0,-1.373931,53.934389,13,3,6,2,24/09/2019,3,11:00,204,E08000035,E08000035,2,1,3,70.0,0,-1,-1,-1,0,0,1,2,5,0,0,2,1,1,E01011700
16762,20191369O0540,2019,1369O0540,2,2,2,2,24,5,3,0,0,1,0,0,21,1,4,2019,1369O0540,441202.0,448876.0,-1.373931,53.934389,13,3,6,2,24/09/2019,3,11:00,204,E08000035,E08000035,2,1,3,70.0,0,-1,-1,-1,0,0,1,2,5,0,0,2,1,1,E01011700
16763,20191369O1268,2019,1369O1268,1,1,3,2,19,4,3,5,1,0,0,0,0,1,6,2019,1369O1268,428156.0,435824.0,-1.573824,53.817954,13,3,1,1,24/09/2019,3,16:55,204,E08000035,E08000035,3,660,6,30.0,0,-1,-1,-1,0,0,1,2,2,0,0,1,1,2,E01032946
16764,20191369O1290,2019,1369O1290,2,1,1,2,32,6,3,0,0,0,0,0,1,1,3,2019,1369O1290,428782.0,433795.0,-1.564505,53.799684,13,3,2,1,24/09/2019,3,16:45,204,E08000035,E08000035,3,65,3,30.0,0,-1,-1,-1,0,0,1,1,1,0,0,1,2,2,E01011678
16765,20191369O1371,2019,1369O1371,2,1,1,1,23,5,3,0,0,0,0,0,9,1,3,2019,1369O1371,442230.0,434700.0,-1.360219,53.806903,13,3,5,2,24/09/2019,3,17:48,204,E08000035,E08000035,4,1217,1,50.0,1,4,3,656,0,0,1,2,2,0,0,2,1,2,E01011297
16766,20191369O1371,2019,1369O1371,3,2,1,2,40,7,3,0,0,0,0,0,9,1,8,2019,1369O1371,442230.0,434700.0,-1.360219,53.806903,13,3,5,2,24/09/2019,3,17:48,204,E08000035,E08000035,4,1217,1,50.0,1,4,3,656,0,0,1,2,2,0,0,2,1,2,E01011297
16767,20191369O1962,2019,1369O1962,1,1,1,1,20,4,2,0,0,0,0,0,9,1,6,2019,1369O1962,426460.0,427821.0,-1.600267,53.746113,13,2,2,1,30/09/2019,2,22:30,204,E08000035,E08000035,6,0,6,30.0,3,4,6,0,0,0,4,2,2,0,0,1,2,2,E01011541
16768,20191369P0273,2019,1369P0273,1,1,3,1,12,3,3,5,1,0,0,0,0,1,1,2019,1369P0273,421087.0,434488.0,-1.681284,53.806278,13,3,1,1,25/09/2019,4,07:53,204,E08000035,E08000035,4,6157,6,30.0,0,-1,-1,-1,0,0,1,1,1,0,0,1,1,2,E01011599
16769,20191369P0294,2019,1369P0294,1,1,3,1,11,3,3,5,1,0,0,0,0,2,6,2019,1369P0294,442686.0,445802.0,-1.351757,53.906643,13,3,1,1,25/09/2019,4,08:05,204,E08000035,E08000035,6,0,6,30.0,0,-1,-1,-1,0,0,1,1,2,0,0,2,1,2,E01011709
16770,20191369P0654,2019,1369P0654,2,1,1,1,59,9,3,0,0,0,0,0,20,3,8,2019,1369P0654,443385.0,438775.0,-1.342109,53.843433,13,3,2,1,25/09/2019,4,11:50,204,E08000035,E08000035,2,1,3,70.0,0,-1,-1,-1,0,0,1,1,1,0,0,2,1,1,E01011309
16771,20191369P0787,2019,1369P0787,2,1,1,1,44,7,2,0,0,0,0,0,1,1,3,2019,1369P0787,431288.0,432100.0,-1.52663,53.784305,13,2,2,1,24/09/2019,3,18:40,204,E08000035,E08000035,6,0,1,30.0,1,4,6,0,0,0,1,1,1,0,0,1,2,2,E01011467
16772,20191369P1292,2019,1369P1292,2,1,1,1,28,6,3,0,0,0,0,0,19,1,4,2019,1369P1292,437069.0,437611.0,-1.438236,53.833458,13,3,2,1,25/09/2019,4,16:43,204,E08000035,E08000035,3,64,6,60.0,3,4,6,0,0,0,1,1,1,0,0,2,1,2,E01011715
16773,20191369Q0404,2019,1369Q0404,2,1,1,1,74,10,2,0,0,0,0,0,1,1,8,2019,1369Q0404,439007.0,446687.0,-1.407641,53.914886,13,2,3,1,23/08/2019,6,09:10,204,E08000035,E08000035,6,0,6,30.0,0,-1,-1,-1,0,0,1,1,1,0,0,1,2,2,E01011706
16774,20191369Q1430,2019,1369Q1430,1,1,1,1,77,11,2,0,0,0,0,0,9,1,5,2019,1369Q1430,424639.0,433563.0,-1.627422,53.79781,13,2,2,1,26/09/2019,5,15:12,204,E08000035,E08000035,3,6110,1,30.0,1,4,6,0,0,0,1,1,1,0,0,1,1,2,E01011608
16775,20191369R0866,2019,1369R0866,1,1,1,1,16,4,3,0,0,0,0,0,2,1,7,2019,1369R0866,419952.0,445398.0,-1.697814,53.904379,13,3,1,1,28/09/2019,7,12:49,204,E08000035,E08000035,3,659,6,30.0,9,4,6,0,0,1,1,2,2,0,0,1,1,2,E01011569
16776,20191369R1430,2019,1369R1430,1,1,3,1,34,6,2,5,1,0,0,0,0,1,1,2019,1369R1430,430266.0,431232.0,-1.542226,53.776564,13,2,1,1,27/09/2019,6,16:30,204,E08000035,E08000035,6,0,6,20.0,3,4,6,0,0,0,1,2,2,0,0,1,1,2,E01011374
16777,20191369R1599,2019,1369R1599,2,1,1,1,41,7,3,0,0,0,0,0,1,1,8,2019,1369R1599,428762.0,432740.0,-1.564906,53.790203,13,3,2,1,27/09/2019,6,17:45,204,E08000035,E08000035,6,0,6,30.0,0,-1,-1,-1,0,0,1,2,2,0,0,1,1,2,E01033013
16778,20191369R1825,2019,1369R1825,1,1,2,1,30,6,2,0,0,1,0,0,9,1,1,2019,1369R1825,434955.0,436362.0,-1.470497,53.822378,13,2,2,1,27/09/2019,6,00:00,204,E08000035,E08000035,6,0,6,20.0,0,-1,-1,-1,0,0,4,2,2,0,0,1,1,2,E01011660
16779,20191369R2037,2019,1369R2037,2,1,1,1,24,5,3,0,0,0,0,0,1,-1,-1,2019,1369R2037,431402.0,435029.0,-1.524603,53.810623,13,3,2,1,27/09/2019,6,21:00,204,E08000035,E08000035,3,58,6,30.0,6,2,6,0,0,0,4,1,1,0,0,1,2,2,E01011673
16780,20191369S0658,2019,1369S0658,2,1,1,2,50,8,3,0,0,0,0,0,9,1,2,2019,1369S0658,429089.0,431247.0,-1.560083,53.776766,13,3,2,1,28/09/2019,7,11:25,204,E08000035,E08000035,6,0,6,30.0,6,4,6,0,0,0,1,1,1,0,0,1,2,2,E01011370
16781,20191369S1352,2019,1369S1352,2,1,1,2,46,8,3,0,0,0,0,0,9,1,1,2019,1369S1352,431351.0,435060.0,-1.525374,53.810905,13,3,2,1,28/09/2019,7,12:07,204,E08000035,E08000035,6,0,6,30.0,3,4,3,58,0,0,1,1,2,0,0,1,2,2,E01011429
16782,20191369T0470,2019,1369T0470,2,1,1,2,35,6,3,0,0,0,0,0,9,1,3,2019,1369T0470,424900.0,433480.0,-1.623466,53.797052,13,3,2,1,29/09/2019,1,09:45,204,E08000035,E08000035,6,0,6,30.0,0,-1,-1,-1,0,0,1,1,1,0,0,1,2,2,E01011727
16783,20191369T0667,2019,1369T0667,1,1,1,1,27,6,3,0,0,0,0,0,9,1,1,2019,1369T0667,430846.0,434032.0,-1.533146,53.801696,13,2,2,13,29/09/2019,1,11:54,204,E08000035,E08000035,6,0,3,30.0,3,4,6,0,0,0,1,2,2,0,2,1,1,2,E01033031
16784,20191369T0667,2019,1369T0667,2,2,1,1,65,9,3,0,0,0,0,0,9,1,4,2019,1369T0667,430846.0,434032.0,-1.533146,53.801696,13,2,2,13,29/09/2019,1,11:54,204,E08000035,E08000035,6,0,3,30.0,3,4,6,0,0,0,1,2,2,0,2,1,1,2,E01033031
16785,20191369T0667,2019,1369T0667,2,3,2,1,35,6,3,0,0,1,0,0,9,1,1,2019,1369T0667,430846.0,434032.0,-1.533146,53.801696,13,2,2,13,29/09/2019,1,11:54,204,E08000035,E08000035,6,0,3,30.0,3,4,6,0,0,0,1,2,2,0,2,1,1,2,E01033031
16786,20191369T0667,2019,1369T0667,2,4,2,2,36,7,2,0,0,2,0,0,9,1,5,2019,1369T0667,430846.0,434032.0,-1.533146,53.801696,13,2,2,13,29/09/2019,1,11:54,204,E08000035,E08000035,6,0,3,30.0,3,4,6,0,0,0,1,2,2,0,2,1,1,2,E01033031
16787,20191369T0667,2019,1369T0667,2,5,2,2,33,6,2,0,0,2,0,0,9,1,5,2019,1369T0667,430846.0,434032.0,-1.533146,53.801696,13,2,2,13,29/09/2019,1,11:54,204,E08000035,E08000035,6,0,3,30.0,3,4,6,0,0,0,1,2,2,0,2,1,1,2,E01033031
16788,20191369T0667,2019,1369T0667,2,6,2,1,1,1,3,0,0,2,0,0,9,1,5,2019,1369T0667,430846.0,434032.0,-1.533146,53.801696,13,2,2,13,29/09/2019,1,11:54,204,E08000035,E08000035,6,0,3,30.0,3,4,6,0,0,0,1,2,2,0,2,1,1,2,E01033031
16789,20191369T0667,2019,1369T0667,2,7,3,2,10,2,3,10,9,0,0,0,0,1,3,2019,1369T0667,430846.0,434032.0,-1.533146,53.801696,13,2,2,13,29/09/2019,1,11:54,204,E08000035,E08000035,6,0,3,30.0,3,4,6,0,0,0,1,2,2,0,2,1,1,2,E01033031
16790,20191369T0667,2019,1369T0667,2,8,3,1,45,7,3,10,9,0,0,0,0,1,3,2019,1369T0667,430846.0,434032.0,-1.533146,53.801696,13,2,2,13,29/09/2019,1,11:54,204,E08000035,E08000035,6,0,3,30.0,3,4,6,0,0,0,1,2,2,0,2,1,1,2,E01033031
16791,20191369T0667,2019,1369T0667,2,9,3,1,4,1,3,10,9,0,0,0,0,1,3,2019,1369T0667,430846.0,434032.0,-1.533146,53.801696,13,2,2,13,29/09/2019,1,11:54,204,E08000035,E08000035,6,0,3,30.0,3,4,6,0,0,0,1,2,2,0,2,1,1,2,E01033031
16792,20191369T0667,2019,1369T0667,2,10,3,1,5,1,3,10,9,0,0,0,0,1,3,2019,1369T0667,430846.0,434032.0,-1.533146,53.801696,13,2,2,13,29/09/2019,1,11:54,204,E08000035,E08000035,6,0,3,30.0,3,4,6,0,0,0,1,2,2,0,2,1,1,2,E01033031
16793,20191369T0667,2019,1369T0667,2,11,3,2,33,6,3,10,9,0,0,0,0,1,3,2019,1369T0667,430846.0,434032.0,-1.533146,53.801696,13,2,2,13,29/09/2019,1,11:54,204,E08000035,E08000035,6,0,3,30.0,3,4,6,0,0,0,1,2,2,0,2,1,1,2,E01033031
16794,20191369T0667,2019,1369T0667,2,12,3,1,1,1,3,10,9,0,0,0,0,1,3,2019,1369T0667,430846.0,434032.0,-1.533146,53.801696,13,2,2,13,29/09/2019,1,11:54,204,E08000035,E08000035,6,0,3,30.0,3,4,6,0,0,0,1,2,2,0,2,1,1,2,E01033031
16795,20191369T0667,2019,1369T0667,2,13,3,2,49,8,3,10,9,0,0,0,0,1,1,2019,1369T0667,430846.0,434032.0,-1.533146,53.801696,13,2,2,13,29/09/2019,1,11:54,204,E08000035,E08000035,6,0,3,30.0,3,4,6,0,0,0,1,2,2,0,2,1,1,2,E01033031
16796,20191369T1275,2019,1369T1275,2,1,1,1,49,8,3,0,0,0,0,0,9,1,2,2019,1369T1275,422529.0,433996.0,-1.659424,53.801796,13,3,2,1,29/09/2019,1,17:45,204,E08000035,E08000035,3,647,3,70.0,0,-1,-1,-1,0,0,1,2,2,0,0,1,1,2,E01011610
16797,20191369T1376,2019,1369T1376,2,1,1,1,28,6,3,0,0,0,0,0,9,1,1,2019,1369T1376,431142.0,434408.0,-1.528614,53.805058,13,3,4,1,29/09/2019,1,18:30,204,E08000035,E08000035,6,0,6,30.0,0,-1,-1,-1,0,0,1,1,1,0,0,1,1,2,E01033031
16798,20191369U0271,2019,1369U0271,1,1,3,1,41,7,2,4,1,0,0,0,0,1,3,2019,1369U0271,430820.0,433464.0,-1.533597,53.796592,13,2,1,1,30/09/2019,2,08:07,204,E08000035,E08000035,6,0,6,30.0,6,2,3,61,2,4,1,1,1,4,0,1,1,2,E01033011
16799,20191369U0375,2019,1369U0375,2,1,1,1,45,7,3,0,0,0,0,0,1,2,5,2019,1369U0375,427360.0,433748.0,-1.586097,53.799338,13,3,2,1,30/09/2019,2,09:10,204,E08000035,E08000035,6,0,6,30.0,0,-1,-1,-1,0,0,1,1,2,0,0,1,2,2,E01011284
16800,20191369U0493,2019,1369U0493,1,1,3,2,31,6,3,9,5,0,0,0,0,1,1,2019,1369U0493,430058.0,433628.0,-1.545149,53.798111,13,3,1,1,30/09/2019,2,10:30,204,E08000035,E08000035,6,0,6,20.0,0,-1,-1,-1,0,0,1,1,1,0,0,1,1,2,E01033010
16801,20191369U1697,2019,1369U1697,2,1,1,1,34,6,2,0,0,0,0,0,1,1,8,2019,1369U1697,422613.0,433533.0,-1.658183,53.797632,13,2,2,1,30/09/2019,2,07:05,204,E08000035,E08000035,6,0,6,30.0,0,-1,-1,-1,0,0,1,1,1,0,0,1,1,2,E01011610
16802,2019136A10228,2019,136A10228,2,1,1,2,53,8,2,0,0,0,0,0,1,1,10,2019,136A10228,426822.0,434977.0,-1.594158,53.810411,13,2,2,1,01/10/2019,3,07:20,204,E08000035,E08000035,3,65,6,40.0,3,4,6,0,0,0,1,2,2,0,0,1,1,2,E01011482
16803,2019136A10325,2019,136A10325,1,1,3,1,9,2,3,4,1,0,0,0,0,1,1,2019,136A10325,429443.0,437313.0,-1.554135,53.831265,13,3,1,1,01/10/2019,3,08:40,204,E08000035,E08000035,6,0,6,30.0,6,2,6,0,0,4,1,2,2,0,0,1,1,2,E01011505
16804,2019136A11103,2019,136A11103,2,1,1,1,57,9,3,0,0,0,0,0,1,1,9,2019,136A11103,420554.0,437108.0,-1.689204,53.829848,13,3,2,1,01/10/2019,3,08:15,204,E08000035,E08000035,3,657,6,30.0,3,4,6,0,0,0,1,2,2,0,0,1,2,2,E01011589
16805,2019136A11284,2019,136A11284,2,1,1,1,17,4,3,0,0,0,0,0,1,1,2,2019,136A11284,428794.0,434539.0,-1.564253,53.80637,13,3,2,1,01/10/2019,3,17:14,204,E08000035,E08000035,6,0,6,30.0,0,-1,-1,-1,0,0,1,2,2,0,0,1,1,2,E01011681