,accident_index,accident_year_x,accident_reference_x,vehicle_reference,casualty_reference,casualty_class,sex_of_casualty,age_of_casualty,age_band_of_casualty,casualty_severity,pedestrian_location,pedestrian_movement,car_passenger,bus_or_coach_passenger,pedestrian_road_maintenance_worker,casualty_type,casualty_home_area_type,casualty_imd_decile,accident_year_y,accident_reference_y,location_easting_osgr,location_northing_osgr,longitude,latitude,police_force,accident_severity,number_of_vehicles,number_of_casualties,date,day_of_week,time,local_authority_district,local_authority_ons_district,local_authority_highway,first_road_class,first_road_number,road_type,speed_limit,junction_detail,junction_control,second_road_class,second_road_number,pedestrian_crossing_human_control,pedestrian_crossing_physical_facilities,light_conditions,weather_conditions,road_surface_conditions,special_conditions_at_site,carriageway_hazards,urban_or_rural_area,did_police_officer_attend_scene_of_accident,trunk_road_flag,lsoa_of_accident_location
16893,2019136AH0287,2019,136AH0287,2,1,1,2,58,9,3,0,0,0,0,0,9,1,10,2019,136AH0287,420549.0,444954.0,-1.688757,53.900365,13,3,3,1,17/10/2019,5,07:49,204,E08000035,E08000035,6,0,6,30.0,9,4,6,0,0,0,1,1,2,0,0,1,1,2,E01011569
16894,2019136AH0330,2019,136AH0330,1,1,3,2,32,6,3,6,9,0,0,0,0,-1,-1,2019,136AH0330,425949.0,435450.0,-1.607375,53.814707,13,3,1,1,17/10/2019,5,08:22,204,E08000035,E08000035,6,0,6,30.0,0,-1,-1,-1,0,0,1,1,1,0,0,1,1,2,E01011281
16895,2019136AH0370,2019,136AH0370,2,1,1,1,40,7,3,0,0,0,0,0,19,1,9,2019,136AH0370,443606.0,435854.0,-1.339163,53.817162,13,3,2,1,17/10/2019,5,08:48,204,E08000035,E08000035,1,1,3,70.0,9,4,2,1,0,0,1,1,1,0,0,2,1,1,E01011297
16896,2019136AH0535,2019,136AH0535,1,1,1,1,21,5,3,0,0,0,0,0,3,2,3,2019,136AH0535,430021.0,435536.0,-1.545526,53.815261,13,3,2,1,17/10/2019,5,10:40,204,E08000035,E08000035,6,0,6,30.0,3,4,6,0,0,4,1,1,1,0,0,1,1,2,E01011670
16897,2019136AH0581,2019,136AH0581,1,1,1,1,51,8,3,0,0,0,0,0,5,1,8,2019,136AH0581,423960.0,428215.0,-1.638143,53.749775,13,3,2,1,17/10/2019,5,07:30,204,E08000035,E08000035,3,650,3,50.0,0,-1,-1,-1,0,0,1,1,1,0,0,1,2,2,E01011523
16898,2019136AH1155,2019,136AH1155,2,1,1,1,55,8,2,0,0,0,0,0,1,1,5,2019,136AH1155,436128.0,434842.0,-1.452858,53.808637,13,2,2,1,17/10/2019,5,15:45,204,E08000035,E08000035,3,6120,3,30.0,1,4,6,0,0,0,1,1,1,0,0,1,1,2,E01011666
16899,2019136AH1371,2019,136AH1371,1,1,3,1,9,2,3,5,4,0,0,0,0,1,2,2019,136AH1371,424404.0,439034.0,-1.630558,53.846992,13,3,1,1,17/10/2019,5,16:15,204,E08000035,E08000035,6,0,6,30.0,0,-1,-1,-1,0,0,1,1,1,0,0,1,1,2,E01011459
16900,2019136AH1454,2019,136AH1454,2,1,1,1,20,4,2,0,0,0,0,0,1,1,6,2019,136AH1454,427568.0,436873.0,-1.582661,53.827413,13,2,2,1,16/10/2019,4,16:30,204,E08000035,E08000035,3,660,6,30.0,3,4,6,0,0,0,1,1,1,0,0,1,2,2,E01011694
16901,2019136AH1514,2019,136AH1514,1,1,3,1,26,6,3,5,3,0,0,0,0,1,1,2019,136AH1514,431783.0,435035.0,-1.518816,53.810654,13,3,1,2,17/10/2019,5,19:00,204,E08000035,E08000035,6,0,6,30.0,3,4,6,0,0,0,4,1,1,0,0,1,2,2,E01011677
16902,2019136AH1514,2019,136AH1514,1,2,3,1,15,3,3,5,3,0,0,0,0,1,1,2019,136AH1514,431783.0,435035.0,-1.518816,53.810654,13,3,1,2,17/10/2019,5,19:00,204,E08000035,E08000035,6,0,6,30.0,3,4,6,0,0,0,4,1,1,0,0,1,2,2,E01011677
16903,2019136AH1648,2019,136AH1648,1,1,3,2,50,8,3,5,3,0,0,0,0,1,1,2019,136AH1648,427747.0,430064.0,-1.580552,53.766206,13,3,1,1,17/10/2019,5,18:55,204,E08000035,E08000035,6,0,6,30.0,3,4,6,0,0,0,5,1,1,0,0,1,1,2,E01011317
16904,2019136AI0307,2019,136AI0307,2,1,1,1,37,7,3,0,0,0,0,0,9,1,2,2019,136AI0307,424454.0,437775.0,-1.629897,53.835675,13,3,2,1,18/10/2019,6,08:15,204,E08000035,E08000035,3,6120,6,30.0,0,-1,-1,-1,0,0,1,2,2,0,0,1,2,2,E01011462
16905,2019136AI0313,2019,136AI0313,2,1,2,1,11,3,3,0,0,2,0,0,9,1,2,2019,136AI0313,430687.0,439540.0,-1.535013,53.851209,13,3,2,1,18/10/2019,6,08:20,204,E08000035,E08000035,6,0,2,30.0,0,-1,-1,-1,0,0,1,1,1,0,0,1,2,2,E01011556
16906,2019136AI0649,2019,136AI0649,1,1,1,1,16,4,2,0,0,0,0,0,3,-1,-1,2019,136AI0649,426949.0,433346.0,-1.592372,53.795746,13,2,2,1,18/10/2019,6,11:57,204,E08000035,E08000035,6,0,6,30.0,9,4,6,0,0,0,1,1,1,0,0,1,1,2,E01011292
16907,2019136AI1561,2019,136AI1561,3,1,1,1,55,8,3,0,0,0,0,0,9,1,5,2019,136AI1561,422488.0,427896.0,-1.660488,53.746973,13,2,3,2,18/10/2019,6,18:40,204,E08000035,E08000035,3,650,6,50.0,0,-1,-1,-1,0,0,4,2,2,0,0,1,1,2,E01011527
16908,2019136AI1561,2019,136AI1561,3,2,2,2,48,8,2,0,0,1,0,0,9,1,5,2019,136AI1561,422488.0,427896.0,-1.660488,53.746973,13,2,3,2,18/10/2019,6,18:40,204,E08000035,E08000035,3,650,6,50.0,0,-1,-1,-1,0,0,4,2,2,0,0,1,1,2,E01011527
16909,2019136AI1781,2019,136AI1781,1,1,2,2,31,6,3,0,0,1,0,0,9,1,1,2019,136AI1781,423062.0,428555.0,-1.651735,53.752871,13,3,2,1,18/10/2019,6,20:09,204,E08000035,E08000035,4,6135,6,30.0,0,-1,-1,-1,0,0,4,1,2,0,0,1,1,2,E01011529
16910,2019136AJ0182,2019,136AJ0182,1,1,1,1,19,4,3,0,0,0,0,0,9,1,3,2019,136AJ0182,416055.0,443133.0,-1.757243,53.884156,13,3,1,2,19/10/2019,7,02:26,204,E08000035,E08000035,6,0,6,60.0,0,-1,-1,-1,0,0,6,2,2,0,0,2,1,2,E01011270
16911,2019136AJ0182,2019,136AJ0182,1,2,2,1,19,4,3,0,0,1,0,0,9,1,2,2019,136AJ0182,416055.0,443133.0,-1.757243,53.884156,13,3,1,2,19/10/2019,7,02:26,204,E08000035,E08000035,6,0,6,60.0,0,-1,-1,-1,0,0,6,2,2,0,0,2,1,2,E01011270
16912,2019136AJ0381,2019,136AJ0381,1,1,1,1,23,5,3,0,0,0,0,0,1,1,1,2019,136AJ0381,430777.0,433452.0,-1.534251,53.796487,13,3,2,1,19/10/2019,7,07:40,204,E08000035,E08000035,6,0,3,30.0,6,2,6,0,0,0,1,1,2,0,0,1,1,2,E01033011
16913,2019136AJ0568,2019,136AJ0568,1,1,1,1,27,6,3,0,0,0,0,0,9,1,4,2019,136AJ0568,431370.0,434985.0,-1.525093,53.81023,13,3,2,1,19/10/2019,7,10:25,204,E08000035,E08000035,6,0,6,30.0,0,-1,-1,-1,0,0,1,1,1,0,0,1,1,2,E01011673
16914,2019136AJ1121,2019,136AJ1121,1,1,2,2,89,11,3,0,0,0,4,0,11,1,1,2019,136AJ1121,426384.0,438887.0,-1.600477,53.845575,13,3,1,2,19/10/2019,7,15:42,204,E08000035,E08000035,6,0,6,30.0,3,4,6,0,0,0,1,1,1,0,0,2,1,2,E01011695
16915,2019136AJ1121,2019,136AJ1121,1,2,2,2,53,8,3,0,0,0,4,0,11,1,8,2019,136AJ1121,426384.0,438887.0,-1.600477,53.845575,13,3,1,2,19/10/2019,7,15:42,204,E08000035,E08000035,6,0,6,30.0,3,4,6,0,0,0,1,1,1,0,0,2,1,2,E01011695
16916,2019136AJ1142,2019,136AJ1142,2,1,2,2,27,6,2,0,0,2,0,0,8,1,4,2019,136AJ1142,428772.0,434403.0,-1.5646,53.805149,13,2,2,1,19/10/2019,7,15:52,204,E08000035,E08000035,6,0,6,20.0,3,4,6,0,0,0,1,1,1,0,0,1,1,2,E01033006
16917,2019136AJ1630,2019,136AJ1630,1,1,3,2,44,7,2,4,4,0,0,0,0,1,5,2019,136AJ1630,429570.0,433795.0,-1.552542,53.79964,13,2,2,1,19/10/2019,7,19:54,204,E08000035,E08000035,6,0,3,30.0,6,2,6,0,0,5,4,1,2,0,0,1,1,2,E01033008
16918,2019136AK1182,2019,136AK1182,1,1,1,1,71,10,3,0,0,0,0,0,9,1,1,2019,136AK1182,435243.0,434858.0,-1.466294,53.808842,13,3,2,1,20/10/2019,1,15:40,204,E08000035,E08000035,6,0,6,30.0,3,2,3,64,0,5,1,1,2,0,0,1,1,2,E01011667
16919,2019136AK1628,2019,136AK1628,2,1,3,1,18,4,3,10,9,0,0,0,0,2,8,2019,136AK1628,442239.0,444971.0,-1.358675,53.899212,13,3,2,1,20/10/2019,1,19:45,204,E08000035,E08000035,6,0,6,20.0,0,-1,-1,-1,0,0,4,1,2,0,0,2,1,2,E01011707
16920,2019136AK1821,2019,136AK1821,1,1,1,1,39,7,3,0,0,0,0,0,9,1,2,2019,136AK1821,437248.0,428106.0,-1.43666,53.748019,13,3,1,1,20/10/2019,1,22:00,204,E08000035,E08000035,6,0,6,30.0,0,-1,-1,-1,0,0,6,1,2,0,0,2,1,2,E01011636
16921,2019136AL0070,2019,136AL0070,2,1,1,1,26,6,3,0,0,0,0,0,9,1,4,2019,136AL0070,422471.0,427901.0,-1.660745,53.747018,13,3,2,2,21/10/2019,2,00:55,204,E08000035,E08000035,3,650,6,50.0,3,4,4,6125,0,0,4,1,2,0,0,1,1,2,E01011527
16922,2019136AL0070,2019,136AL0070,2,2,2,1,22,5,3,0,0,1,0,0,9,1,3,2019,136AL0070,422471.0,427901.0,-1.660745,53.747018,13,3,2,2,21/10/2019,2,00:55,204,E08000035,E08000035,3,650,6,50.0,3,4,4,6125,0,0,4,1,2,0,0,1,1,2,E01011527
16923,2019136AL0355,2019,136AL0355,1,1,1,2,45,7,3,0,0,0,0,0,9,1,7,2019,136AL0355,431266.0,436334.0,-1.526536,53.82236,13,3,2,1,21/10/2019,2,08:32,204,E08000035,E08000035,4,6159,6,30.0,0,-1,-1,-1,0,0,1,2,2,0,0,1,1,2,E01011359
16924,2019136AL0509,2019,136AL0509,1,1,1,1,31,6,3,0,0,0,0,0,21,1,1,2019,136AL0509,434905.0,431290.0,-1.471829,53.776797,13,3,1,1,21/10/2019,2,10:19,204,E08000035,E08000035,3,63,3,50.0,1,2,1,1,0,0,1,1,1,0,0,2,1,2,E01011624
16925,2019136AL1423,2019,136AL1423,1,1,3,1,8,2,2,5,4,0,0,0,0,3,7,2019,136AL1423,437572.0,432099.0,-1.431264,53.783883,13,2,1,1,21/10/2019,2,17:24,204,E08000035,E08000035,6,0,6,40.0,0,-1,-1,-1,0,0,1,1,1,0,0,2,1,2,E01011411
16926,2019136AM0221,2019,136AM0221,3,1,1,1,40,7,3,0,0,0,0,0,9,2,5,2019,136AM0221,430251.0,431959.0,-1.542382,53.783099,13,3,4,1,22/10/2019,3,07:13,204,E08000035,E08000035,1,621,3,50.0,0,-1,-1,-1,0,0,1,1,1,0,0,1,1,1,E01011364
16927,2019136AM0862,2019,136AM0862,2,1,1,2,38,7,3,0,0,0,0,0,9,3,3,2019,136AM0862,439459.0,446166.0,-1.400827,53.910169,13,3,2,1,22/10/2019,3,13:43,204,E08000035,E08000035,3,659,6,30.0,3,4,3,58,0,0,1,1,1,0,0,1,1,2,E01011696
16928,2019136AN0983,2019,136AN0983,2,1,1,1,26,6,3,0,0,0,0,0,9,1,5,2019,136AN0983,429421.0,433886.0,-1.554795,53.800466,13,3,4,2,23/10/2019,4,14:55,204,E08000035,E08000035,2,58,3,40.0,0,-1,-1,-1,0,0,1,1,1,0,0,1,1,2,E01033008
16929,2019136AN0983,2019,136AN0983,3,2,1,1,26,6,3,0,0,0,0,0,19,3,7,2019,136AN0983,429421.0,433886.0,-1.554795,53.800466,13,3,4,2,23/10/2019,4,14:55,204,E08000035,E08000035,2,58,3,40.0,0,-1,-1,-1,0,0,1,1,1,0,0,1,1,2,E01033008
16930,2019136AN1070,2019,136AN1070,1,1,1,1,9,2,3,0,0,0,0,0,1,-1,-1,2019,136AN1070,435672.0,433901.0,-1.45989,53.800211,13,3,2,1,23/10/2019,4,15:30,204,E08000035,E08000035,6,0,6,30.0,3,4,6,0,0,0,1,1,1,0,0,1,1,2,E01011416
16931,2019136AO0217,2019,136AO0217,2,1,1,1,54,8,3,0,0,0,0,0,9,1,4,2019,136AO0217,424929.0,427642.0,-1.623495,53.744579,13,3,2,1,24/10/2019,5,07:15,204,E08000035,E08000035,3,650,6,40.0,6,2,3,643,0,0,4,1,2,0,0,1,1,2,E01011530
16932,2019136AO0396,2019,136AO0396,2,1,1,2,72,10,3,0,0,0,0,0,9,2,7,2019,136AO0396,430957.0,426513.0,-1.532211,53.734111,13,3,2,1,24/10/2019,5,09:40,204,E08000035,E08000035,1,62,3,70.0,0,-1,-1,-1,0,0,1,1,1,0,0,1,1,1,E01011499
16933,2019136AO0444,2019,136AO0444,1,1,1,1,57,9,2,0,0,0,0,0,5,1,9,2019,136AO0444,437371.0,425752.0,-1.435079,53.726853,13,2,1,1,24/10/2019,5,10:00,204,E08000035,E08000035,6,0,6,60.0,0,-1,-1,-1,0,0,1,1,1,0,0,2,1,2,E01011636
16934,2019136AO0457,2019,136AO0457,1,1,3,1,23,5,3,5,1,0,0,0,0,-1,-1,2019,136AO0457,424321.0,435331.0,-1.632111,53.813715,13,3,1,1,24/10/2019,5,10:10,204,E08000035,E08000035,3,657,6,30.0,3,4,6,0,0,0,1,1,1,0,0,1,1,2,E01011323
16935,2019136AO2015,2019,136AO2015,2,1,1,1,49,8,3,0,0,0,0,0,3,1,1,2019,136AO2015,433149.0,426328.0,-1.499004,53.732314,13,3,2,1,24/10/2019,5,22:39,204,E08000035,E08000035,3,61,6,30.0,6,4,4,6135,0,0,4,2,2,0,0,1,1,2,E01011500
16936,2019136AP0484,2019,136AP0484,2,1,1,1,39,7,3,0,0,0,0,0,9,1,7,2019,136AP0484,429968.0,436635.0,-1.546224,53.825142,13,3,2,1,25/10/2019,6,08:20,204,E08000035,E08000035,3,61,3,40.0,6,2,4,6159,0,4,1,1,1,0,0,1,2,2,E01011350
16937,2019136AP0837,2019,136AP0837,1,1,3,2,10,2,3,10,1,0,0,0,0,1,4,2019,136AP0837,420398.0,434130.0,-1.69177,53.803088,13,3,1,1,25/10/2019,6,14:00,204,E08000035,E08000035,6,0,6,30.0,0,-1,-1,-1,0,0,1,2,2,0,0,1,1,2,E01011597
16938,2019136AP1018,2019,136AP1018,1,1,3,1,39,7,3,5,9,0,0,0,0,1,4,2019,136AP1018,426066.0,427380.0,-1.606278,53.742169,13,3,1,1,25/10/2019,6,15:15,204,E08000035,E08000035,4,6123,6,30.0,3,4,6,0,0,0,1,1,1,0,0,1,1,2,E01011545
16939,2019136AP1120,2019,136AP1120,2,1,3,2,46,8,3,9,6,0,0,0,0,2,7,2019,136AP1120,436686.0,436620.0,-1.444173,53.824578,13,3,2,1,25/10/2019,6,16:12,204,E08000035,E08000035,6,0,6,30.0,0,-1,-1,-1,0,0,1,2,2,0,0,1,1,2,E01011721
16940,2019136AP1251,2019,136AP1251,2,1,1,1,39,7,3,0,0,0,0,0,1,1,7,2019,136AP1251,431451.0,435823.0,-1.523778,53.817757,13,3,2,1,25/10/2019,6,17:00,204,E08000035,E08000035,6,0,6,20.0,6,4,6,0,0,1,1,2,2,0,0,1,1,2,E01011359
16941,2019136AP1303,2019,136AP1303,2,1,1,1,33,6,2,0,0,0,0,0,1,1,3,2019,136AP1303,428858.0,433953.0,-1.563336,53.801099,13,2,2,1,25/10/2019,6,17:28,204,E08000035,E08000035,6,0,6,30.0,3,4,6,0,0,0,4,2,2,0,0,1,1,2,E01011678
16942,2019136AP1708,2019,136AP1708,2,1,1,1,27,6,3,0,0,0,0,0,9,1,5,2019,136AP1708,424092.0,428106.0,-1.63615,53.748789,13,3,2,2,25/10/2019,6,20:46,204,E08000035,E08000035,3,62,3,40.0,3,2,1,62,0,0,4,1,1,0,0,1,2,1,E01011529
16943,2019136AP1708,2019,136AP1708,2,2,2,2,28,6,3,0,0,1,0,0,9,1,5,2019,136AP1708,424092.0,428106.0,-1.63615,53.748789,13,3,2,2,25/10/2019,6,20:46,204,E08000035,E08000035,3,62,3,40.0,3,2,1,62,0,0,4,1,1,0,0,1,2,1,E01011529
16944,2019136AQ0248,2019,136AQ0248,1,1,3,2,41,7,3,10,9,0,0,0,0,-1,-1,2019,136AQ0248,429561.0,431046.0,-1.552941,53.774933,13,3,1,1,26/10/2019,7,04:33,204,E08000035,E08000035,6,0,6,20.0,6,4,6,0,0,0,4,2,2,0,0,1,1,2,E01011375
16945,2019136AQ0496,2019,136AQ0496,2,1,1,1,29,6,3,0,0,0,0,0,3,1,6,2019,136AQ0496,424860.0,441876.0,-1.623399,53.872514,13,3,2,1,26/10/2019,7,09:50,204,E08000035,E08000035,6,0,6,60.0,3,4,6,0,0,0,1,2,2,0,0,2,1,2,E01032503
16946,2019136AR1250,2019,136AR1250,2,1,1,1,19,4,3,0,0,0,0,0,1,1,2,2019,136AR1250,427326.0,434673.0,-1.586531,53.807653,13,3,2,1,27/10/2019,1,15:30,204,E08000035,E08000035,3,65,6,30.0,0,-1,-1,-1,0,0,1,1,1,0,0,1,2,2,E01011478
16947,2019136AR1412,2019,136AR1412,2,1,1,1,18,4,3,0,0,0,0,0,3,1,3,2019,136AR1412,436295.0,436657.0,-1.450109,53.824938,13,3,2,1,27/10/2019,1,16:40,204,E08000035,E08000035,6,0,6,20.0,3,4,6,0,0,0,4,1,1,0,0,1,1,2,E01011721
16948,2019136AS1179,2019,136AS1179,1,1,3,1,18,4,2,5,1,0,0,0,0,1,4,2019,136AS1179,429674.0,434589.0,-1.550887,53.80677,13,2,1,1,28/10/2019,2,16:29,204,E08000035,E08000035,3,660,6,30.0,0,-1,-1,-1,0,0,1,1,1,0,0,1,1,2,E01033005
16949,2019136AT0895,2019,136AT0895,1,1,3,1,84,11,3,8,1,0,0,0,0,1,1,2019,136AT0895,429771.0,430660.0,-1.549791,53.771452,13,3,1,1,29/10/2019,3,15:01,204,E08000035,E08000035,6,0,6,20.0,3,4,6,0,0,0,1,1,1,0,0,1,1,2,E01011316
16950,2019136AT1415,2019,136AT1415,1,1,1,1,30,6,3,0,0,0,0,0,9,1,7,2019,136AT1415,421728.0,428374.0,-1.671978,53.751301,13,3,2,2,29/10/2019,3,17:55,204,E08000035,E08000035,3,650,6,40.0,0,-1,-1,-1,0,0,4,1,1,0,0,1,1,2,E01011527
16951,2019136AT1415,2019,136AT1415,2,2,1,1,40,7,3,0,0,0,0,0,9,-1,-1,2019,136AT1415,421728.0,428374.0,-1.671978,53.751301,13,3,2,2,29/10/2019,3,17:55,204,E08000035,E08000035,3,650,6,40.0,0,-1,-1,-1,0,0,4,1,1,0,0,1,1,2,E01011527
16952,2019136AT1673,2019,136AT1673,2,1,1,2,20,4,3,0,0,0,0,0,9,1,1,2019,136AT1673,420842.0,434796.0,-1.684984,53.809056,13,3,3,1,29/10/2019,3,20:03,204,E08000035,E08000035,3,6120,3,60.0,0,-1,-1,-1,0,0,4,1,1,0,0,2,1,2,E01011595
16953,2019136AU0042,2019,136AU0042,2,1,1,1,45,7,2,0,0,0,0,0,1,1,7,2019,136AU0042,432743.0,436150.0,-1.50412,53.820616,13,2,2,1,29/10/2019,3,23:50,204,E08000035,E08000035,6,0,6,20.0,0,-1,-1,-1,0,0,4,1,1,0,0,1,1,2,E01011648
16954,2019136AU1542,2019,136AU1542,2,1,1,1,22,5,3,0,0,0,0,0,1,1,3,2019,136AU1542,428916.0,434804.0,-1.562376,53.808745,13,3,2,1,08/11/2019,6,18:35,204,E08000035,E08000035,6,0,6,30.0,3,4,6,0,0,0,4,1,1,0,0,1,1,2,E01033006
16955,2019136AV0146,2019,136AV0146,1,1,3,1,20,4,3,1,3,0,0,0,0,1,7,2019,136AV0146,430256.0,433231.0,-1.542182,53.794531,13,3,1,1,31/10/2019,5,04:16,204,E08000035,E08000035,6,0,2,30.0,6,2,6,0,0,5,4,1,2,0,0,1,1,2,E01033016
16956,2019136AV0193,2019,136AV0193,1,1,3,2,18,4,3,5,1,0,0,0,0,1,3,2019,136AV0193,429582.0,434806.0,-1.552263,53.808725,13,3,1,1,31/10/2019,5,06:41,204,E08000035,E08000035,3,660,6,30.0,3,4,6,0,0,0,1,1,1,0,0,1,1,2,E01033006
16957,2019136AV0506,2019,136AV0506,2,1,1,2,59,9,3,0,0,0,0,0,9,1,6,2019,136AV0506,428112.0,426284.0,-1.575357,53.732213,13,3,2,1,31/10/2019,5,11:00,204,E08000035,E08000035,3,650,1,30.0,1,2,3,653,0,0,1,1,1,0,0,1,1,2,E01011550
16958,2019136AV0827,2019,136AV0827,2,1,1,2,72,10,3,0,0,0,0,0,9,1,5,2019,136AV0827,426208.0,427459.0,-1.604118,53.742872,13,3,2,1,31/10/2019,5,13:15,204,E08000035,E08000035,6,0,1,30.0,0,-1,-1,-1,0,0,1,1,1,0,0,1,1,2,E01011541
16959,2019136AV1572,2019,136AV1572,2,1,1,1,21,5,3,0,0,0,0,0,9,1,4,2019,136AV1572,428958.0,435471.0,-1.561676,53.814737,13,3,2,1,31/10/2019,5,18:20,204,E08000035,E08000035,3,660,6,30.0,6,2,3,660,0,4,4,2,2,0,0,1,2,2,E01033005
16960,2019136AV2230,2019,136AV2230,1,1,1,1,19,4,3,0,0,0,0,0,3,1,3,2019,136AV2230,423826.0,429504.0,-1.640077,53.761366,13,3,2,1,31/10/2019,5,21:33,204,E08000035,E08000035,4,6126,6,30.0,0,-1,-1,-1,0,0,4,2,2,0,0,1,1,2,E01011520
16961,2019136AV2475,2019,136AV2475,1,1,3,1,29,6,3,1,3,0,0,0,0,1,5,2019,136AV2475,427896.0,436196.0,-1.577739,53.821311,13,3,1,1,31/10/2019,5,23:25,204,E08000035,E08000035,3,660,6,30.0,6,2,4,6157,0,4,4,2,2,0,0,1,1,2,E01011440
16962,2019136B10436,2019,136B10436,1,1,3,2,59,9,2,1,1,0,0,0,0,1,4,2019,136B10436,430942.0,433305.0,-1.531761,53.795156,13,2,1,1,01/11/2019,6,06:00,204,E08000035,E08000035,6,0,6,30.0,0,-1,-1,-1,0,4,1,1,1,0,0,1,2,2,E01033033
16963,2019136B11019,2019,136B11019,2,1,1,1,36,7,3,0,0,0,0,0,9,1,6,2019,136B11019,425901.0,436250.0,-1.608037,53.821899,13,3,2,1,01/11/2019,6,18:56,204,E08000035,E08000035,6,0,6,30.0,3,4,3,65,0,0,4,5,2,0,0,2,2,2,E01011485
16964,2019136B11410,2019,136B11410,1,1,2,2,59,9,3,0,0,2,0,0,9,1,3,2019,136B11410,440074.0,434243.0,-1.393016,53.802966,13,3,3,1,01/11/2019,6,16:45,204,E08000035,E08000035,1,1,3,70.0,0,-1,-1,-1,0,0,6,2,2,0,0,2,1,1,E01011296
16965,2019136B11613,2019,136B11613,1,1,1,1,35,6,3,0,0,0,0,0,9,1,3,2019,136B11613,429950.0,423840.0,-1.547733,53.710145,13,3,2,1,03/11/2019,1,18:19,204,E08000035,E08000035,1,1,3,70.0,0,-1,-1,-1,0,0,6,1,1,0,0,2,1,1,E01011536
16966,2019136B11704,2019,136B11704,1,1,2,1,75,10,3,0,0,0,3,0,11,1,5,2019,136B11704,436558.0,434703.0,-1.446345,53.807358,13,3,1,1,01/11/2019,6,17:18,204,E08000035,E08000035,6,0,6,30.0,9,4,6,0,0,0,4,2,2,0,0,1,2,2,E01011409
16967,2019136B12126,2019,136B12126,1,1,3,1,38,7,3,5,9,0,0,0,0,1,1,2019,136B12126,434915.0,436251.0,-1.471117,53.821383,13,3,1,1,01/11/2019,6,15:00,204,E08000035,E08000035,6,0,6,30.0,0,-1,-1,-1,0,0,1,2,2,0,0,1,2,2,E01011659
16968,2019136B21190,2019,136B21190,2,1,1,1,22,5,3,0,0,0,0,0,3,1,1,2019,136B21190,424792.0,434818.0,-1.624998,53.809082,13,3,2,1,02/11/2019,7,16:15,204,E08000035,E08000035,3,657,6,30.0,9,4,6,0,0,0,1,2,2,0,0,1,1,2,E01011282
16969,2019136B21241,2019,136B21241,1,1,3,1,48,8,2,4,1,0,0,0,0,-1,-1,2019,136B21241,428601.0,430887.0,-1.567521,53.773557,13,2,1,1,02/11/2019,7,16:37,204,E08000035,E08000035,3,643,6,30.0,0,-1,-1,-1,0,1,1,2,2,0,0,1,1,2,E01011369
16970,2019136B21306,2019,136B21306,1,1,3,1,65,9,1,6,7,0,0,0,0,1,9,2019,136B21306,442124.0,449037.0,-1.359867,53.935762,13,1,1,2,02/11/2019,7,17:05,204,E08000035,E08000035,6,0,2,40.0,0,-1,-1,-1,0,0,6,8,2,0,0,2,1,2,E01011704
16971,2019136B21306,2019,136B21306,1,2,3,1,52,8,2,6,7,0,0,0,0,1,3,2019,136B21306,442124.0,449037.0,-1.359867,53.935762,13,1,1,2,02/11/2019,7,17:05,204,E08000035,E08000035,6,0,2,40.0,0,-1,-1,-1,0,0,6,8,2,0,0,2,1,2,E01011704
16972,2019136B31213,2019,136B31213,1,1,3,2,14,3,3,1,1,0,0,0,0,-1,-1,2019,136B31213,423548.0,437863.0,-1.643658,53.836507,13,3,1,1,03/11/2019,1,15:16,204,E08000035,E08000035,6,0,6,30.0,0,-1,-1,-1,0,4,1,1,2,0,0,1,1,2,E01011465
16973,2019136B40089,2019,136B40089,1,1,1,1,27,6,3,0,0,0,0,0,19,-1,-1,2019,136B40089,425155.0,429007.0,-1.619958,53.756837,13,3,4,2,04/11/2019,2,02:00,204,E08000035,E08000035,3,62,6,40.0,0,-1,-1,-1,0,0,6,1,2,0,0,1,1,2,E01011522
16974,2019136B40089,2019,136B40089,1,2,2,2,39,7,3,0,0,1,0,0,19,-1,-1,2019,136B40089,425155.0,429007.0,-1.619958,53.756837,13,3,4,2,04/11/2019,2,02:00,204,E08000035,E08000035,3,62,6,40.0,0,-1,-1,-1,0,0,6,1,2,0,0,1,1,2,E01011522
16975,2019136B40169,2019,136B40169,1,1,3,1,47,8,1,5,1,0,0,0,0,1,1,2019,136B40169,429704.0,432133.0,-1.550667,53.784694,13,1,2,1,04/11/2019,2,05:00,204,E08000035,E08000035,1,621,3,50.0,0,-1,-1,-1,0,0,1,2,2,0,0,1,1,1,E01011364
16976,2019136B40370,2019,136B40370,2,1,1,2,51,8,3,0,0,0,0,0,19,1,6,2019,136B40370,427449.0,430904.0,-1.584998,53.773772,13,3,2,1,04/11/2019,2,09:04,204,E08000035,E08000035,1,621,3,50.0,0,-1,-1,-1,0,0,1,1,1,0,0,1,2,1,E01011318
16977,2019136B41484,2019,136B41484,1,1,3,2,75,10,1,5,1,0,0,0,0,1,1,2019,136B41484,431071.0,427777.0,-1.530357,53.745465,13,1,1,1,04/11/2019,2,17:30,204,E08000035,E08000035,6,0,6,20.0,0,-1,-1,-1,0,0,4,2,2,0,0,2,1,2,E01011490
16978,2019136B41525,2019,136B41525,1,1,3,1,11,3,3,5,3,0,0,0,0,3,4,2019,136B41525,432902.0,426227.0,-1.502759,53.731422,13,3,1,1,04/11/2019,2,14:30,204,E08000035,E08000035,4,6135,6,30.0,0,-1,-1,-1,0,0,1,1,1,0,0,1,2,2,E01011500
16979,2019136B50029,2019,136B50029,2,1,1,1,43,7,3,0,0,0,0,0,9,1,6,2019,136B50029,428351.0,433471.0,-1.571078,53.796795,13,3,2,2,05/11/2019,3,01:38,204,E08000035,E08000035,6,0,6,30.0,0,-1,-1,-1,0,0,4,1,2,0,0,1,1,2,E01011363