,accident_index,accident_year_x,accident_reference_x,vehicle_reference,casualty_reference,casualty_class,sex_of_casualty,age_of_casualty,age_band_of_casualty,casualty_severity,pedestrian_location,pedestrian_movement,car_passenger,bus_or_coach_passenger,pedestrian_road_maintenance_worker,casualty_type,casualty_home_area_type,casualty_imd_decile,accident_year_y,accident_reference_y,location_easting_osgr,location_northing_osgr,longitude,latitude,police_force,accident_severity,number_of_vehicles,number_of_casualties,date,day_of_week,time,local_authority_district,local_authority_ons_district,local_authority_highway,first_road_class,first_road_number,road_type,speed_limit,junction_detail,junction_control,second_road_class,second_road_number,pedestrian_crossing_human_control,pedestrian_crossing_physical_facilities,light_conditions,weather_conditions,road_surface_conditions,special_conditions_at_site,carriageway_hazards,urban_or_rural_area,did_police_officer_attend_scene_of_accident,trunk_road_flag,lsoa_of_accident_location
16980,2019136B50029,2019,136B50029,2,2,2,1,26,6,3,0,0,1,0,0,9,1,2,2019,136B50029,428351.0,433471.0,-1.571078,53.796795,13,3,2,2,05/11/2019,3,01:38,204,E08000035,E08000035,6,0,6,30.0,0,-1,-1,-1,0,0,4,1,2,0,0,1,1,2,E01011363
16981,2019136B50229,2019,136B50229,1,1,1,1,21,5,3,0,0,0,0,0,9,2,9,2019,136B50229,442690.0,437584.0,-1.352836,53.832786,13,3,1,1,05/11/2019,3,07:45,204,E08000035,E08000035,6,0,6,60.0,0,-1,-1,-1,0,0,1,1,2,0,0,2,1,2,E01011297
16982,2019136B50275,2019,136B50275,2,1,1,1,26,6,3,0,0,0,0,0,1,1,9,2019,136B50275,428349.0,429220.0,-1.571497,53.758588,13,3,2,1,05/11/2019,3,08:22,204,E08000035,E08000035,6,0,6,30.0,0,-1,-1,-1,0,4,1,1,1,0,0,1,2,2,E01011531
16983,2019136B50416,2019,136B50416,1,1,3,2,64,9,2,5,1,0,0,0,0,1,1,2019,136B50416,426156.0,439135.0,-1.603921,53.847816,13,2,1,1,05/11/2019,3,09:40,204,E08000035,E08000035,6,0,6,30.0,3,4,6,0,0,8,1,1,1,0,0,1,1,2,E01011383
16984,2019136B50636,2019,136B50636,2,1,1,1,53,8,3,0,0,0,0,0,5,1,4,2019,136B50636,426350.0,435931.0,-1.601244,53.81901,13,3,2,1,05/11/2019,3,16:10,204,E08000035,E08000035,6,0,6,30.0,3,4,6,0,0,0,4,8,2,0,0,1,2,2,E01011488
16985,2019136B51024,2019,136B51024,1,1,1,1,83,11,3,0,0,0,0,0,9,1,8,2019,136B51024,418939.0,444820.0,-1.713267,53.899222,13,2,2,3,11/02/2019,2,14:45,204,E08000035,E08000035,3,6038,6,30.0,3,4,6,0,0,0,1,1,1,0,0,1,1,2,E01011573
16986,2019136B51024,2019,136B51024,1,2,2,1,89,11,3,0,0,1,0,0,9,1,7,2019,136B51024,418939.0,444820.0,-1.713267,53.899222,13,2,2,3,11/02/2019,2,14:45,204,E08000035,E08000035,3,6038,6,30.0,3,4,6,0,0,0,1,1,1,0,0,1,1,2,E01011573
16987,2019136B51024,2019,136B51024,1,3,2,1,81,11,2,0,0,2,0,0,9,1,10,2019,136B51024,418939.0,444820.0,-1.713267,53.899222,13,2,2,3,11/02/2019,2,14:45,204,E08000035,E08000035,3,6038,6,30.0,3,4,6,0,0,0,1,1,1,0,0,1,1,2,E01011573
16988,2019136B51322,2019,136B51322,2,1,1,2,45,7,3,0,0,0,0,0,9,1,2,2019,136B51322,431086.0,431385.0,-1.529768,53.777891,13,3,2,1,05/11/2019,3,15:45,204,E08000035,E08000035,6,0,6,30.0,6,2,6,0,0,5,1,2,2,0,0,1,2,2,E01011467
16989,2019136B51399,2019,136B51399,2,1,1,2,56,9,3,0,0,0,0,0,9,1,6,2019,136B51399,424417.0,438120.0,-1.630432,53.838777,13,3,2,1,05/11/2019,3,17:15,204,E08000035,E08000035,6,0,6,20.0,3,4,6,0,0,0,4,2,2,0,0,1,1,2,E01011460
16990,2019136B52332,2019,136B52332,1,1,1,1,18,4,3,0,0,0,0,0,9,3,8,2019,136B52332,437581.0,437236.0,-1.430503,53.830051,13,3,1,1,05/11/2019,3,22:31,204,E08000035,E08000035,6,0,6,30.0,0,-1,-1,-1,0,0,4,8,4,0,0,2,1,2,E01011715
16991,2019136B60626,2019,136B60626,1,1,3,2,56,9,3,1,3,0,0,0,0,2,10,2019,136B60626,429655.0,433382.0,-1.551291,53.795923,13,3,1,1,06/11/2019,4,10:40,204,E08000035,E08000035,6,0,6,30.0,6,2,6,0,0,5,1,1,1,0,0,1,1,2,E01033008
16992,2019136B61688,2019,136B61688,1,1,3,1,73,10,3,5,1,0,0,0,0,-1,-1,2019,136B61688,430958.0,435814.0,-1.531267,53.817705,13,3,1,1,06/11/2019,4,18:25,204,E08000035,E08000035,6,0,6,30.0,0,-1,-1,-1,0,0,4,2,2,0,0,1,1,2,E01011360
16993,2019136B61938,2019,136B61938,1,1,3,1,20,4,2,10,7,0,0,0,0,1,6,2019,136B61938,436159.0,434497.0,-1.452427,53.805534,13,2,1,1,06/11/2019,4,19:40,204,E08000035,E08000035,3,6120,9,40.0,0,-1,-1,-1,0,4,4,1,2,0,0,1,2,2,E01011345
16994,2019136B70264,2019,136B70264,1,1,1,1,54,8,3,0,0,0,0,0,5,1,5,2019,136B70264,424946.0,434225.0,-1.622707,53.803745,13,3,2,1,07/11/2019,5,08:30,204,E08000035,E08000035,3,647,3,60.0,0,-1,-1,-1,0,0,1,2,2,0,0,1,1,2,E01032606
16995,2019136B70390,2019,136B70390,1,1,1,2,28,6,3,0,0,0,0,0,9,2,10,2019,136B70390,443331.0,435489.0,-1.343391,53.813904,13,3,2,2,07/11/2019,5,09:30,204,E08000035,E08000035,4,1217,6,40.0,6,4,6,0,0,0,1,2,2,0,0,2,1,2,E01011297
16996,2019136B70390,2019,136B70390,2,2,1,1,39,7,3,0,0,0,0,0,9,1,6,2019,136B70390,443331.0,435489.0,-1.343391,53.813904,13,3,2,2,07/11/2019,5,09:30,204,E08000035,E08000035,4,1217,6,40.0,6,4,6,0,0,0,1,2,2,0,0,2,1,2,E01011297
16997,2019136B71008,2019,136B71008,2,1,2,1,12,3,3,0,0,2,0,0,9,1,1,2019,136B71008,420911.0,434468.0,-1.683958,53.806106,13,3,2,3,26/10/2019,7,18:00,204,E08000035,E08000035,6,0,1,30.0,0,-1,-1,-1,0,0,7,1,1,0,0,1,2,2,E01011595
16998,2019136B71008,2019,136B71008,2,2,2,1,9,2,3,0,0,2,0,0,9,1,1,2019,136B71008,420911.0,434468.0,-1.683958,53.806106,13,3,2,3,26/10/2019,7,18:00,204,E08000035,E08000035,6,0,1,30.0,0,-1,-1,-1,0,0,7,1,1,0,0,1,2,2,E01011595
16999,2019136B71008,2019,136B71008,2,3,2,2,10,2,3,0,0,2,0,0,9,1,1,2019,136B71008,420911.0,434468.0,-1.683958,53.806106,13,3,2,3,26/10/2019,7,18:00,204,E08000035,E08000035,6,0,1,30.0,0,-1,-1,-1,0,0,7,1,1,0,0,1,2,2,E01011595
17000,2019136B71137,2019,136B71137,1,1,3,2,5,1,3,1,1,0,0,0,0,1,6,2019,136B71137,430955.0,435796.0,-1.531314,53.817544,13,3,1,1,07/11/2019,5,15:35,204,E08000035,E08000035,6,0,6,30.0,6,2,6,0,0,4,1,2,2,0,0,1,1,2,E01011360
17001,2019136B71490,2019,136B71490,1,1,3,2,33,6,2,5,1,0,0,0,0,1,7,2019,136B71490,429725.0,433525.0,-1.550214,53.797204,13,2,1,1,07/11/2019,5,18:00,204,E08000035,E08000035,6,0,2,20.0,0,-1,-1,-1,0,0,6,2,2,0,0,1,1,2,E01033016
17002,2019136B71513,2019,136B71513,2,1,1,2,35,6,3,0,0,0,0,0,9,1,1,2019,136B71513,429001.0,438958.0,-1.560696,53.846075,13,3,2,1,07/11/2019,5,18:00,204,E08000035,E08000035,6,0,6,30.0,6,4,6,0,0,0,4,5,2,0,0,1,1,2,E01011560
17003,2019136B71583,2019,136B71583,1,1,1,1,52,8,3,0,0,0,0,0,9,1,8,2019,136B71583,425160.0,429000.0,-1.619883,53.756774,13,3,3,1,07/11/2019,5,18:38,204,E08000035,E08000035,3,62,6,30.0,6,2,4,6126,2,5,4,2,2,0,0,1,1,2,E01011522
17004,2019136B71587,2019,136B71587,1,1,3,2,16,4,3,5,1,0,0,0,0,1,5,2019,136B71587,432224.0,435160.0,-1.512106,53.811751,13,3,1,1,07/11/2019,5,18:42,204,E08000035,E08000035,6,0,6,30.0,3,4,6,0,0,0,7,1,1,0,0,1,2,2,E01011432
17005,2019136B71716,2019,136B71716,1,1,1,1,30,6,3,0,0,0,0,0,9,1,1,2019,136B71716,422735.0,434052.0,-1.656292,53.802291,13,2,1,2,07/11/2019,5,19:35,204,E08000035,E08000035,3,647,3,70.0,0,-1,-1,-1,0,0,4,2,5,0,0,1,1,2,E01011610
17006,2019136B71716,2019,136B71716,1,2,2,1,27,6,2,0,0,1,0,0,9,1,1,2019,136B71716,422735.0,434052.0,-1.656292,53.802291,13,2,1,2,07/11/2019,5,19:35,204,E08000035,E08000035,3,647,3,70.0,0,-1,-1,-1,0,0,4,2,5,0,0,1,1,2,E01011610
17007,2019136B80226,2019,136B80226,1,1,1,1,43,7,3,0,0,0,0,0,19,1,1,2019,136B80226,432872.0,432385.0,-1.50256,53.78677,13,3,2,3,08/11/2019,6,07:09,204,E08000035,E08000035,3,63,3,40.0,3,4,6,0,0,4,1,1,2,0,0,1,1,2,E01011621
17008,2019136B80226,2019,136B80226,1,2,2,1,60,9,3,0,0,1,0,0,19,1,1,2019,136B80226,432872.0,432385.0,-1.50256,53.78677,13,3,2,3,08/11/2019,6,07:09,204,E08000035,E08000035,3,63,3,40.0,3,4,6,0,0,4,1,1,2,0,0,1,1,2,E01011621
17009,2019136B80226,2019,136B80226,2,3,1,1,49,8,3,0,0,0,0,0,9,1,1,2019,136B80226,432872.0,432385.0,-1.50256,53.78677,13,3,2,3,08/11/2019,6,07:09,204,E08000035,E08000035,3,63,3,40.0,3,4,6,0,0,4,1,1,2,0,0,1,1,2,E01011621
17010,2019136B80281,2019,136B80281,2,1,1,2,27,6,3,0,0,0,0,0,9,1,2,2019,136B80281,430962.0,433259.0,-1.531462,53.794741,13,3,2,1,08/11/2019,6,08:30,204,E08000035,E08000035,3,61,3,40.0,0,-1,-1,-1,0,0,1,1,1,0,0,1,1,2,E01033033
17011,2019136B80338,2019,136B80338,1,1,3,2,59,9,2,1,1,0,0,0,0,1,9,2019,136B80338,430959.0,435790.0,-1.531254,53.817489,13,2,1,1,08/11/2019,6,08:52,204,E08000035,E08000035,6,0,6,30.0,6,2,6,0,2,5,1,1,2,0,0,1,1,2,E01011356
17012,2019136B80386,2019,136B80386,2,1,1,1,25,5,3,0,0,0,0,0,2,-1,-1,2019,136B80386,430107.0,431188.0,-1.544642,53.776178,13,3,2,1,08/11/2019,6,09:37,204,E08000035,E08000035,6,0,6,30.0,3,4,3,1,0,0,1,1,1,0,0,1,1,2,E01011371
17013,2019136B80579,2019,136B80579,1,1,2,2,39,7,3,0,0,1,0,0,9,1,1,2019,136B80579,432626.0,436857.0,-1.505823,53.826978,13,3,2,3,08/11/2019,6,11:15,204,E08000035,E08000035,6,0,6,30.0,3,4,6,0,0,0,1,1,2,0,0,1,1,2,E01011645
17014,2019136B80579,2019,136B80579,1,2,2,2,49,8,3,0,0,2,0,0,9,1,1,2019,136B80579,432626.0,436857.0,-1.505823,53.826978,13,3,2,3,08/11/2019,6,11:15,204,E08000035,E08000035,6,0,6,30.0,3,4,6,0,0,0,1,1,2,0,0,1,1,2,E01011645
17015,2019136B80579,2019,136B80579,1,3,2,2,12,3,3,0,0,2,0,0,9,1,1,2019,136B80579,432626.0,436857.0,-1.505823,53.826978,13,3,2,3,08/11/2019,6,11:15,204,E08000035,E08000035,6,0,6,30.0,3,4,6,0,0,0,1,1,2,0,0,1,1,2,E01011645
17016,2019136B81142,2019,136B81142,1,1,3,2,4,1,3,5,1,0,0,0,0,1,2,2019,136B81142,425142.0,435224.0,-1.61965,53.812715,13,3,1,1,08/11/2019,6,15:50,204,E08000035,E08000035,6,0,6,20.0,0,-1,-1,-1,0,0,1,1,2,0,0,1,1,2,E01011332
17017,2019136B81288,2019,136B81288,2,1,1,2,40,7,3,0,0,0,0,0,9,1,2,2019,136B81288,433878.0,425861.0,-1.488005,53.72807,13,3,4,2,08/11/2019,6,16:40,204,E08000035,E08000035,1,62,3,70.0,0,-1,-1,-1,0,0,6,1,2,0,0,2,1,1,E01011500
17018,2019136B81288,2019,136B81288,3,2,1,1,54,8,3,0,0,0,0,0,9,1,3,2019,136B81288,433878.0,425861.0,-1.488005,53.72807,13,3,4,2,08/11/2019,6,16:40,204,E08000035,E08000035,1,62,3,70.0,0,-1,-1,-1,0,0,6,1,2,0,0,2,1,1,E01011500
17019,2019136B81381,2019,136B81381,1,1,1,1,63,9,3,0,0,0,0,0,1,1,2,2019,136B81381,428509.0,431382.0,-1.568872,53.778011,13,3,2,1,08/11/2019,6,17:20,204,E08000035,E08000035,3,643,6,30.0,3,4,6,0,0,0,4,1,2,0,0,1,1,2,E01011369
17020,2019136B81502,2019,136B81502,1,1,1,1,38,7,3,0,0,0,0,0,9,1,2,2019,136B81502,432139.0,429216.0,-1.514014,53.758334,13,3,2,3,08/11/2019,6,18:11,204,E08000035,E08000035,1,621,3,70.0,0,-1,-1,-1,0,0,4,1,2,0,0,2,1,1,E01011496
17021,2019136B81502,2019,136B81502,2,2,1,1,54,8,3,0,0,0,0,0,9,1,3,2019,136B81502,432139.0,429216.0,-1.514014,53.758334,13,3,2,3,08/11/2019,6,18:11,204,E08000035,E08000035,1,621,3,70.0,0,-1,-1,-1,0,0,4,1,2,0,0,2,1,1,E01011496
17022,2019136B81502,2019,136B81502,2,3,2,2,75,10,3,0,0,1,0,0,9,1,3,2019,136B81502,432139.0,429216.0,-1.514014,53.758334,13,3,2,3,08/11/2019,6,18:11,204,E08000035,E08000035,1,621,3,70.0,0,-1,-1,-1,0,0,4,1,2,0,0,2,1,1,E01011496
17023,2019136B81577,2019,136B81577,1,1,3,1,18,4,3,5,3,0,0,0,0,1,1,2019,136B81577,432221.0,435640.0,-1.512102,53.816065,13,3,1,1,08/11/2019,6,08:50,204,E08000035,E08000035,6,0,6,30.0,0,-1,-1,-1,0,0,1,4,2,0,0,1,2,2,E01011427
17024,2019136B81718,2019,136B81718,1,1,1,1,38,7,3,0,0,0,0,0,9,1,1,2019,136B81718,430576.0,430891.0,-1.537555,53.773482,13,3,3,1,08/11/2019,6,19:45,204,E08000035,E08000035,6,0,6,30.0,0,-1,-1,-1,0,0,4,1,2,0,0,1,1,2,E01011471
17025,2019136B82165,2019,136B82165,1,1,1,1,18,4,2,0,0,0,0,0,9,1,9,2019,136B82165,433616.0,438997.0,-1.49055,53.846149,13,2,1,1,08/11/2019,6,23:20,204,E08000035,E08000035,3,6120,6,40.0,0,-1,-1,-1,0,0,4,1,2,0,0,2,1,2,E01011649
17026,2019136B90750,2019,136B90750,1,1,1,2,32,6,3,0,0,0,0,0,9,1,1,2019,136B90750,437765.0,432416.0,-1.428296,53.786718,13,3,1,4,09/11/2019,7,12:32,204,E08000035,E08000035,1,1,3,70.0,0,-1,-1,-1,0,0,1,1,1,0,0,2,1,1,E01011402
17027,2019136B90750,2019,136B90750,1,2,2,1,8,2,3,0,0,2,0,0,9,1,1,2019,136B90750,437765.0,432416.0,-1.428296,53.786718,13,3,1,4,09/11/2019,7,12:32,204,E08000035,E08000035,1,1,3,70.0,0,-1,-1,-1,0,0,1,1,1,0,0,2,1,1,E01011402
17028,2019136B90750,2019,136B90750,1,3,2,1,6,2,3,0,0,2,0,0,9,1,1,2019,136B90750,437765.0,432416.0,-1.428296,53.786718,13,3,1,4,09/11/2019,7,12:32,204,E08000035,E08000035,1,1,3,70.0,0,-1,-1,-1,0,0,1,1,1,0,0,2,1,1,E01011402
17029,2019136B90750,2019,136B90750,1,4,2,2,1,1,3,0,0,1,0,0,9,1,1,2019,136B90750,437765.0,432416.0,-1.428296,53.786718,13,3,1,4,09/11/2019,7,12:32,204,E08000035,E08000035,1,1,3,70.0,0,-1,-1,-1,0,0,1,1,1,0,0,2,1,1,E01011402
17030,2019136B90943,2019,136B90943,1,1,1,2,26,6,3,0,0,0,0,0,9,2,1,2019,136B90943,432148.0,429795.0,-1.513818,53.763537,13,3,1,1,09/11/2019,7,14:20,204,E08000035,E08000035,1,621,3,50.0,0,-1,-1,-1,0,0,1,1,2,0,2,2,1,1,E01011469
17031,2019136B91723,2019,136B91723,2,1,1,2,68,10,3,0,0,0,0,0,9,1,9,2019,136B91723,431883.0,441881.0,-1.516591,53.872177,13,3,2,2,09/11/2019,7,19:40,204,E08000035,E08000035,3,61,6,30.0,9,4,6,0,0,0,4,2,2,0,0,2,2,2,E01011561
17032,2019136B91723,2019,136B91723,2,2,2,1,14,3,3,0,0,1,0,0,9,1,9,2019,136B91723,431883.0,441881.0,-1.516591,53.872177,13,3,2,2,09/11/2019,7,19:40,204,E08000035,E08000035,3,61,6,30.0,9,4,6,0,0,0,4,2,2,0,0,2,2,2,E01011561
17033,2019136BA0889,2019,136BA0889,1,1,3,2,47,8,3,5,1,0,0,0,0,1,1,2019,136BA0889,433218.0,436186.0,-1.496901,53.82091,13,3,1,1,08/11/2019,6,17:15,204,E08000035,E08000035,3,58,3,30.0,0,-1,-1,-1,0,0,7,1,1,0,0,1,2,2,E01011648
17034,2019136BA1743,2019,136BA1743,1,1,1,1,19,4,3,0,0,0,0,0,9,1,3,2019,136BA1743,424438.0,442066.0,-1.629802,53.874241,13,3,1,2,10/11/2019,1,20:00,204,E08000035,E08000035,6,0,6,60.0,0,-1,-1,-1,0,0,6,5,2,7,0,2,1,2,E01032503
17035,2019136BA1743,2019,136BA1743,1,2,2,2,18,4,3,0,0,1,0,0,9,1,3,2019,136BA1743,424438.0,442066.0,-1.629802,53.874241,13,3,1,2,10/11/2019,1,20:00,204,E08000035,E08000035,6,0,6,60.0,0,-1,-1,-1,0,0,6,5,2,7,0,2,1,2,E01032503
17036,2019136BA1770,2019,136BA1770,2,1,2,1,50,8,2,0,0,1,0,0,9,-1,-1,2019,136BA1770,421547.0,428506.0,-1.674714,53.752495,13,2,2,1,10/11/2019,1,20:16,204,E08000035,E08000035,3,650,1,30.0,1,4,3,58,0,0,4,1,1,0,0,1,1,2,E01011527
17037,2019136BB0194,2019,136BB0194,1,1,1,1,27,6,3,0,0,0,0,0,9,1,4,2019,136BB0194,430473.0,431158.0,-1.539092,53.775887,13,3,3,2,11/11/2019,2,07:00,204,E08000035,E08000035,1,621,3,50.0,0,-1,-1,-1,0,0,1,1,2,0,0,1,1,1,E01011374
17038,2019136BB0194,2019,136BB0194,2,2,1,1,50,8,3,0,0,0,0,0,9,3,3,2019,136BB0194,430473.0,431158.0,-1.539092,53.775887,13,3,3,2,11/11/2019,2,07:00,204,E08000035,E08000035,1,621,3,50.0,0,-1,-1,-1,0,0,1,1,2,0,0,1,1,1,E01011374
17039,2019136BB1304,2019,136BB1304,1,1,3,2,79,11,2,5,3,0,0,0,0,3,10,2019,136BB1304,418402.0,442323.0,-1.721587,53.876798,13,2,1,1,11/11/2019,2,17:30,204,E08000035,E08000035,6,0,6,30.0,3,4,3,65,0,0,4,2,2,0,0,1,1,2,E01011265
17040,2019136BB1461,2019,136BB1461,1,1,3,2,16,4,2,1,1,0,0,0,0,-1,-1,2019,136BB1461,427314.0,435777.0,-1.586616,53.817576,13,2,1,1,07/11/2019,5,07:40,204,E08000035,E08000035,6,0,6,30.0,3,4,6,0,0,4,1,1,1,0,0,1,1,2,E01032945
17041,2019136BC0162,2019,136BC0162,1,1,1,1,40,7,3,0,0,0,0,0,9,1,1,2019,136BC0162,430933.0,433311.0,-1.531897,53.795211,13,3,2,2,12/11/2019,3,05:12,204,E08000035,E08000035,3,61,3,40.0,6,2,3,61,0,5,4,2,2,0,0,1,1,2,E01033033
17042,2019136BC0162,2019,136BC0162,2,2,1,1,49,8,3,0,0,0,0,0,11,1,1,2019,136BC0162,430933.0,433311.0,-1.531897,53.795211,13,3,2,2,12/11/2019,3,05:12,204,E08000035,E08000035,3,61,3,40.0,6,2,3,61,0,5,4,2,2,0,0,1,1,2,E01033033
17043,2019136BC0393,2019,136BC0393,1,1,3,2,19,4,3,6,9,0,0,0,0,1,3,2019,136BC0393,423332.0,434349.0,-1.647206,53.804934,13,3,1,1,12/11/2019,3,08:45,204,E08000035,E08000035,6,0,2,30.0,0,-1,-1,-1,0,0,1,1,1,0,0,1,2,2,E01011337
17044,2019136BC0446,2019,136BC0446,1,1,3,1,19,4,3,5,1,0,0,0,0,1,1,2019,136BC0446,429785.0,432721.0,-1.549381,53.789975,13,3,1,1,12/11/2019,3,10:10,204,E08000035,E08000035,6,0,6,30.0,0,-1,-1,-1,0,0,1,1,2,0,0,1,1,2,E01033016
17045,2019136BC0488,2019,136BC0488,1,1,3,1,8,2,3,1,3,0,0,0,0,1,7,2019,136BC0488,428312.0,436511.0,-1.571392,53.82412,13,3,1,1,11/11/2019,2,17:45,204,E08000035,E08000035,4,6159,6,30.0,0,-1,-1,-1,0,1,4,2,2,0,0,1,2,2,E01011693
17046,2019136BC0608,2019,136BC0608,1,1,3,1,74,10,3,5,3,0,0,0,0,1,8,2019,136BC0608,426230.0,427821.0,-1.603754,53.746125,13,3,1,1,12/11/2019,3,11:36,204,E08000035,E08000035,6,0,9,30.0,0,-1,-1,-1,0,0,1,2,2,0,0,1,1,2,E01011541
17047,2019136BC1391,2019,136BC1391,1,1,1,1,38,7,2,0,0,0,0,0,21,3,5,2019,136BC1391,442803.0,429679.0,-1.352214,53.761731,13,2,1,1,12/11/2019,3,18:00,204,E08000035,E08000035,6,0,6,60.0,0,-1,-1,-1,0,0,6,1,2,0,0,2,1,2,E01011299
17048,2019136BD0232,2019,136BD0232,1,1,1,1,17,4,3,0,0,0,0,0,1,-1,-1,2019,136BD0232,430096.0,431356.0,-1.544793,53.777689,13,3,2,1,13/11/2019,4,07:27,204,E08000035,E08000035,3,653,6,30.0,3,4,6,0,0,0,1,1,1,0,0,1,1,2,E01011371
17049,2019136BD0931,2019,136BD0931,2,1,1,1,29,6,3,0,0,0,0,0,1,1,5,2019,136BD0931,430402.0,437865.0,-1.53951,53.836172,13,3,2,1,13/11/2019,4,14:30,204,E08000035,E08000035,6,0,6,30.0,3,4,6,0,0,0,1,1,1,0,0,1,1,2,E01011515
17050,2019136BD1094,2019,136BD1094,2,1,1,1,26,6,3,0,0,0,0,0,9,1,4,2019,136BD1094,428516.0,432660.0,-1.568648,53.789497,13,3,2,1,07/11/2019,5,00:00,204,E08000035,E08000035,3,62,6,30.0,0,-1,-1,-1,0,0,1,1,2,0,0,1,2,2,E01011363
17051,2019136BD1323,2019,136BD1323,2,1,1,1,57,9,3,0,0,0,0,0,9,-1,-1,2019,136BD1323,436114.0,436704.0,-1.452853,53.825373,13,3,2,1,13/11/2019,4,17:00,204,E08000035,E08000035,3,64,6,30.0,0,-1,-1,-1,0,0,4,1,1,0,0,1,1,2,E01011720
17052,2019136BE0396,2019,136BE0396,2,1,1,2,30,6,3,0,0,0,0,0,9,1,1,2019,136BE0396,433180.0,434013.0,-1.497711,53.801382,13,2,2,3,14/11/2019,5,09:30,204,E08000035,E08000035,3,64,3,40.0,3,2,6,0,0,5,1,1,2,0,0,1,1,2,E01011617
17053,2019136BE0396,2019,136BE0396,2,2,2,2,60,9,2,0,0,1,0,0,9,1,1,2019,136BE0396,433180.0,434013.0,-1.497711,53.801382,13,2,2,3,14/11/2019,5,09:30,204,E08000035,E08000035,3,64,3,40.0,3,2,6,0,0,5,1,1,2,0,0,1,1,2,E01011617
17054,2019136BE0396,2019,136BE0396,2,3,2,2,25,5,3,0,0,2,0,0,9,1,1,2019,136BE0396,433180.0,434013.0,-1.497711,53.801382,13,2,2,3,14/11/2019,5,09:30,204,E08000035,E08000035,3,64,3,40.0,3,2,6,0,0,5,1,1,2,0,0,1,1,2,E01011617
17055,2019136BE0937,2019,136BE0937,2,1,1,1,54,8,3,0,0,0,0,0,1,1,6,2019,136BE0937,429859.0,433789.0,-1.548155,53.799569,13,3,2,1,14/11/2019,5,00:00,204,E08000035,E08000035,6,0,6,30.0,0,-1,-1,-1,0,0,4,2,2,0,0,1,2,2,E01033008
17056,2019136BE0949,2019,136BE0949,1,1,1,2,50,8,3,0,0,0,0,0,9,1,6,2019,136BE0949,440495.0,433470.0,-1.386725,53.795986,13,3,2,1,14/11/2019,5,14:24,204,E08000035,E08000035,6,0,6,20.0,0,-1,-1,-1,0,0,1,2,2,0,0,1,1,2,E01011400
17057,2019136BE1058,2019,136BE1058,2,1,1,1,63,9,3,0,0,0,0,0,9,1,2,2019,136BE1058,426585.0,433861.0,-1.597853,53.800393,13,3,2,1,14/11/2019,5,15:05,204,E08000035,E08000035,6,0,6,30.0,3,4,6,0,0,0,1,1,2,0,0,1,2,2,E01032608
17058,2019136BE1172,2019,136BE1172,1,1,3,2,69,10,2,5,1,0,0,0,0,1,3,2019,136BE1172,429751.0,433527.0,-1.549819,53.797221,13,2,1,1,14/11/2019,5,16:00,204,E08000035,E08000035,6,0,2,30.0,0,-1,-1,-1,0,0,4,2,2,0,0,1,1,2,E01033010
17059,2019136BE1182,2019,136BE1182,2,1,1,1,17,4,3,0,0,0,0,0,3,1,10,2019,136BE1182,441054.0,448822.0,-1.376193,53.933916,13,3,2,1,14/11/2019,5,16:11,204,E08000035,E08000035,6,0,6,30.0,3,4,6,0,0,0,1,1,1,0,0,1,1,2,E01011700
17060,2019136BE1946,2019,136BE1946,1,1,1,1,29,6,2,0,0,0,0,0,9,1,1,2019,136BE1946,431433.0,428351.0,-1.52481,53.750602,13,2,1,1,14/11/2019,5,23:00,204,E08000035,E08000035,6,0,6,20.0,0,-1,-1,-1,0,0,4,2,2,0,0,1,1,2,E01011502
17061,2019136BF1365,2019,136BF1365,1,1,3,2,41,7,3,5,1,0,0,0,0,1,9,2019,136BF1365,426044.0,436353.0,-1.605857,53.822818,13,3,1,1,15/11/2019,6,17:00,204,E08000035,E08000035,6,0,6,30.0,3,4,6,0,0,0,6,2,2,0,0,1,1,2,E01011488
17062,2019136BG0018,2019,136BG0018,1,1,1,1,40,7,3,0,0,0,0,0,9,1,1,2019,136BG0018,441106.0,449599.0,-1.375297,53.940895,13,3,4,1,16/11/2019,7,00:09,204,E08000035,E08000035,2,1,3,70.0,0,-1,-1,-1,0,0,6,2,2,0,3,2,1,1,E01011704
17063,2019136BG1757,2019,136BG1757,2,1,2,2,34,6,3,0,0,1,0,0,9,1,4,2019,136BG1757,429243.0,430844.0,-1.557785,53.773135,13,3,2,3,16/11/2019,7,20:45,204,E08000035,E08000035,6,0,6,30.0,3,4,6,0,0,0,4,1,2,0,0,1,2,2,E01011314
17064,2019136BG1757,2019,136BG1757,2,2,2,2,12,3,3,0,0,2,0,0,9,1,4,2019,136BG1757,429243.0,430844.0,-1.557785,53.773135,13,3,2,3,16/11/2019,7,20:45,204,E08000035,E08000035,6,0,6,30.0,3,4,6,0,0,0,4,1,2,0,0,1,2,2,E01011314
17065,2019136BG1757,2019,136BG1757,2,3,2,2,10,2,3,0,0,2,0,0,9,1,4,2019,136BG1757,429243.0,430844.0,-1.557785,53.773135,13,3,2,3,16/11/2019,7,20:45,204,E08000035,E08000035,6,0,6,30.0,3,4,6,0,0,0,4,1,2,0,0,1,2,2,E01011314
17066,2019136BG1842,2019,136BG1842,1,1,3,1,46,8,3,5,3,0,0,0,0,1,2,2019,136BG1842,426383.0,427480.0,-1.601463,53.743052,13,3,1,1,16/11/2019,7,21:30,204,E08000035,E08000035,4,6123,2,20.0,0,-1,-1,-1,0,0,4,2,2,0,0,1,1,2,E01011541