,accident_index,accident_year_x,accident_reference_x,vehicle_reference,casualty_reference,casualty_class,sex_of_casualty,age_of_casualty,age_band_of_casualty,casualty_severity,pedestrian_location,pedestrian_movement,car_passenger,bus_or_coach_passenger,pedestrian_road_maintenance_worker,casualty_type,casualty_home_area_type,casualty_imd_decile,accident_year_y,accident_reference_y,location_easting_osgr,location_northing_osgr,longitude,latitude,police_force,accident_severity,number_of_vehicles,number_of_casualties,date,day_of_week,time,local_authority_district,local_authority_ons_district,local_authority_highway,first_road_class,first_road_number,road_type,speed_limit,junction_detail,junction_control,second_road_class,second_road_number,pedestrian_crossing_human_control,pedestrian_crossing_physical_facilities,light_conditions,weather_conditions,road_surface_conditions,special_conditions_at_site,carriageway_hazards,urban_or_rural_area,did_police_officer_attend_scene_of_accident,trunk_road_flag,lsoa_of_accident_location
17067,2019136BH0099,2019,136BH0099,1,1,3,1,50,8,2,9,7,0,0,0,0,2,10,2019,136BH0099,434608.0,437396.0,-1.475653,53.831695,13,2,1,1,17/11/2019,1,01:00,204,E08000035,E08000035,3,58,6,40.0,0,-1,-1,-1,0,0,5,2,2,0,0,2,1,2,E01011644
17068,2019136BH0330,2019,136BH0330,1,1,1,1,42,7,2,0,0,0,0,0,3,1,2,2019,136BH0330,428400.0,429373.0,-1.570709,53.759961,13,2,1,2,17/11/2019,1,04:38,204,E08000035,E08000035,3,6110,3,40.0,0,-1,-1,-1,0,0,4,1,2,0,0,2,1,2,E01011321
17069,2019136BH0330,2019,136BH0330,1,2,3,1,37,7,2,6,5,0,0,0,0,1,3,2019,136BH0330,428400.0,429373.0,-1.570709,53.759961,13,2,1,2,17/11/2019,1,04:38,204,E08000035,E08000035,3,6110,3,40.0,0,-1,-1,-1,0,0,4,1,2,0,0,2,1,2,E01011321
17070,2019136BH0607,2019,136BH0607,2,1,1,2,50,8,3,0,0,0,0,0,9,1,5,2019,136BH0607,443400.0,438717.0,-1.341889,53.84291,13,3,4,4,17/11/2019,1,11:00,204,E08000035,E08000035,2,1,3,70.0,0,-1,-1,-1,0,0,1,1,1,0,0,2,1,1,E01011309
17071,2019136BH0607,2019,136BH0607,2,2,2,1,52,8,3,0,0,1,0,0,9,1,5,2019,136BH0607,443400.0,438717.0,-1.341889,53.84291,13,3,4,4,17/11/2019,1,11:00,204,E08000035,E08000035,2,1,3,70.0,0,-1,-1,-1,0,0,1,1,1,0,0,2,1,1,E01011309
17072,2019136BH0607,2019,136BH0607,3,3,1,2,60,9,3,0,0,0,0,0,9,2,10,2019,136BH0607,443400.0,438717.0,-1.341889,53.84291,13,3,4,4,17/11/2019,1,11:00,204,E08000035,E08000035,2,1,3,70.0,0,-1,-1,-1,0,0,1,1,1,0,0,2,1,1,E01011309
17073,2019136BH0607,2019,136BH0607,3,4,2,1,61,9,3,0,0,1,0,0,9,2,10,2019,136BH0607,443400.0,438717.0,-1.341889,53.84291,13,3,4,4,17/11/2019,1,11:00,204,E08000035,E08000035,2,1,3,70.0,0,-1,-1,-1,0,0,1,1,1,0,0,2,1,1,E01011309
17074,2019136BH1810,2019,136BH1810,2,1,1,2,24,5,3,0,0,0,0,0,1,1,3,2019,136BH1810,429192.0,435352.0,-1.558133,53.813655,13,3,2,1,15/11/2019,6,19:25,204,E08000035,E08000035,6,0,6,30.0,3,4,6,0,0,0,4,8,1,0,0,1,2,2,E01033005
17075,2019136BI0924,2019,136BI0924,1,1,3,1,85,11,2,1,1,0,0,0,0,1,3,2019,136BI0924,424271.0,435373.0,-1.632867,53.814095,13,2,1,1,18/11/2019,2,14:32,204,E08000035,E08000035,6,0,6,30.0,0,-1,-1,-1,2,1,1,1,1,0,0,1,1,2,E01011323
17076,2019136BI1339,2019,136BI1339,1,1,3,2,52,8,3,5,9,0,0,0,0,-1,-1,2019,136BI1339,430902.0,435530.0,-1.532146,53.815156,13,3,1,1,18/11/2019,2,17:10,204,E08000035,E08000035,6,0,6,30.0,3,4,6,0,0,0,4,1,2,0,0,1,2,2,E01011361
17077,2019136BI1779,2019,136BI1779,2,1,1,1,24,5,3,0,0,0,0,0,4,1,4,2019,136BI1779,428364.0,435155.0,-1.570726,53.81193,13,3,2,1,18/11/2019,2,20:48,204,E08000035,E08000035,6,0,6,30.0,3,4,6,0,0,0,4,1,1,0,0,1,1,2,E01011445
17078,2019136BJ0215,2019,136BJ0215,1,1,1,2,40,7,3,0,0,0,0,0,9,1,2,2019,136BJ0215,432101.0,435537.0,-1.513935,53.815147,13,3,2,2,19/11/2019,3,07:48,204,E08000035,E08000035,6,0,6,30.0,3,4,6,0,0,0,1,1,4,0,0,1,1,2,E01011430
17079,2019136BJ0215,2019,136BJ0215,1,2,2,1,12,3,3,0,0,1,0,0,9,1,2,2019,136BJ0215,432101.0,435537.0,-1.513935,53.815147,13,3,2,2,19/11/2019,3,07:48,204,E08000035,E08000035,6,0,6,30.0,3,4,6,0,0,0,1,1,4,0,0,1,1,2,E01011430
17080,2019136BJ0218,2019,136BJ0218,1,1,1,2,22,5,3,0,0,0,0,0,9,-1,-1,2019,136BJ0218,428835.0,437842.0,-1.563323,53.836054,13,3,2,1,19/11/2019,3,07:45,204,E08000035,E08000035,6,0,6,30.0,0,-1,-1,-1,0,0,1,1,4,0,0,1,1,2,E01011513
17081,2019136BJ0242,2019,136BJ0242,1,1,1,2,43,7,3,0,0,0,0,0,9,-1,-1,2019,136BJ0242,436727.0,435925.0,-1.443633,53.818329,13,3,2,1,19/11/2019,3,08:11,204,E08000035,E08000035,6,0,7,20.0,3,4,6,0,0,0,1,1,4,0,0,1,1,2,E01011723
17082,2019136BJ0250,2019,136BJ0250,1,1,1,1,27,6,3,0,0,0,0,0,9,1,5,2019,136BJ0250,437951.0,433215.0,-1.425375,53.793885,13,3,2,3,19/11/2019,3,08:19,204,E08000035,E08000035,1,1,3,70.0,0,-1,-1,-1,0,0,1,1,1,0,0,2,1,1,E01011402
17083,2019136BJ0250,2019,136BJ0250,2,2,1,1,24,5,3,0,0,0,0,0,20,1,5,2019,136BJ0250,437951.0,433215.0,-1.425375,53.793885,13,3,2,3,19/11/2019,3,08:19,204,E08000035,E08000035,1,1,3,70.0,0,-1,-1,-1,0,0,1,1,1,0,0,2,1,1,E01011402
17084,2019136BJ0250,2019,136BJ0250,2,3,2,1,18,4,3,0,0,1,0,0,20,1,6,2019,136BJ0250,437951.0,433215.0,-1.425375,53.793885,13,3,2,3,19/11/2019,3,08:19,204,E08000035,E08000035,1,1,3,70.0,0,-1,-1,-1,0,0,1,1,1,0,0,2,1,1,E01011402
17085,2019136BJ0638,2019,136BJ0638,1,1,3,1,38,7,2,1,1,0,0,0,0,1,1,2019,136BJ0638,430811.0,433259.0,-1.533754,53.79475,13,2,1,1,19/11/2019,3,11:59,204,E08000035,E08000035,3,61,3,30.0,6,2,3,653,0,4,1,1,1,0,0,1,1,2,E01033033
17086,2019136BJ1268,2019,136BJ1268,1,1,3,1,11,3,3,1,1,0,0,0,0,-1,-1,2019,136BJ1268,431971.0,435822.0,-1.51588,53.817716,13,3,1,1,19/11/2019,3,16:50,204,E08000035,E08000035,3,58,6,30.0,6,2,4,6159,0,4,4,1,1,0,0,1,1,2,E01011422
17087,2019136BJ1587,2019,136BJ1587,2,1,2,1,55,8,3,0,0,1,0,0,9,-1,-1,2019,136BJ1587,430246.0,434376.0,-1.542222,53.804823,13,3,2,1,19/11/2019,3,18:50,204,E08000035,E08000035,3,58,3,40.0,6,2,3,58,0,0,4,1,1,0,0,1,1,2,E01033002
17088,2019136BK0149,2019,136BK0149,2,1,1,1,31,6,3,0,0,0,0,0,8,1,1,2019,136BK0149,426818.0,438059.0,-1.593952,53.838111,13,3,2,1,20/11/2019,4,05:33,204,E08000035,E08000035,3,6120,3,30.0,1,4,3,660,0,0,4,1,1,0,0,1,1,2,E01011684
17089,2019136BK0366,2019,136BK0366,1,1,1,2,59,9,3,0,0,0,0,0,9,2,10,2019,136BK0366,432417.0,426204.0,-1.510112,53.731246,13,3,3,2,20/11/2019,4,09:46,204,E08000035,E08000035,1,1,3,70.0,1,4,1,62,0,0,1,1,1,0,0,2,1,1,E01011499
17090,2019136BK0366,2019,136BK0366,3,2,1,1,55,8,3,0,0,0,0,0,21,1,1,2019,136BK0366,432417.0,426204.0,-1.510112,53.731246,13,3,3,2,20/11/2019,4,09:46,204,E08000035,E08000035,1,1,3,70.0,1,4,1,62,0,0,1,1,1,0,0,2,1,1,E01011499
17091,2019136BK0944,2019,136BK0944,1,1,1,2,86,11,3,0,0,0,0,0,9,1,7,2019,136BK0944,423424.0,445514.0,-1.644961,53.905277,13,3,4,2,20/11/2019,4,14:50,204,E08000035,E08000035,3,659,6,40.0,0,-1,-1,-1,0,0,1,2,2,0,0,2,1,2,E01011570
17092,2019136BK0944,2019,136BK0944,2,2,1,1,36,7,3,0,0,0,0,0,19,-1,-1,2019,136BK0944,423424.0,445514.0,-1.644961,53.905277,13,3,4,2,20/11/2019,4,14:50,204,E08000035,E08000035,3,659,6,40.0,0,-1,-1,-1,0,0,1,2,2,0,0,2,1,2,E01011570
17093,2019136BK1024,2019,136BK1024,1,1,1,1,41,7,3,0,0,0,0,0,9,3,10,2019,136BK1024,435002.0,438403.0,-1.469553,53.840719,13,3,2,2,20/11/2019,4,15:20,204,E08000035,E08000035,3,58,6,30.0,6,4,6,0,0,0,1,1,2,0,0,2,1,2,E01011714
17094,2019136BK1024,2019,136BK1024,2,2,1,1,31,6,3,0,0,0,0,0,9,1,3,2019,136BK1024,435002.0,438403.0,-1.469553,53.840719,13,3,2,2,20/11/2019,4,15:20,204,E08000035,E08000035,3,58,6,30.0,6,4,6,0,0,0,1,1,2,0,0,2,1,2,E01011714
17095,2019136BK1285,2019,136BK1285,2,1,1,1,46,8,3,0,0,0,0,0,8,1,1,2019,136BK1285,429551.0,430311.0,-1.553162,53.768328,13,3,2,1,20/11/2019,4,17:06,204,E08000035,E08000035,3,653,3,40.0,0,-1,-1,-1,0,0,4,1,1,0,0,1,1,2,E01011319
17096,2019136BK1301,2019,136BK1301,2,1,1,2,27,6,3,0,0,0,0,0,9,1,4,2019,136BK1301,430149.0,445351.0,-1.542623,53.903467,13,3,2,1,20/11/2019,4,17:10,204,E08000035,E08000035,3,659,6,60.0,0,-1,-1,-1,0,0,6,1,1,0,0,2,1,2,E01011561
17097,2019136BK1454,2019,136BK1454,2,1,1,2,39,7,3,0,0,0,0,0,1,1,6,2019,136BK1454,426766.0,438350.0,-1.594717,53.840729,13,3,2,1,20/11/2019,4,18:14,204,E08000035,E08000035,3,660,3,40.0,3,4,6,0,0,0,4,1,1,0,0,1,1,2,E01011684
17098,2019136BK1527,2019,136BK1527,2,1,1,2,35,6,3,0,0,0,0,0,9,1,1,2019,136BK1527,431402.0,435029.0,-1.524603,53.810623,13,3,2,1,20/11/2019,4,18:30,204,E08000035,E08000035,6,0,6,30.0,3,4,6,0,0,0,4,2,2,0,0,1,2,2,E01011673
17099,2019136BK1693,2019,136BK1693,2,1,1,1,54,8,3,0,0,0,0,0,3,1,1,2019,136BK1693,427153.0,432524.0,-1.589347,53.788347,13,3,2,1,20/11/2019,4,17:50,204,E08000035,E08000035,6,0,6,30.0,9,4,6,0,0,0,4,2,2,0,0,1,2,2,E01011732
17100,2019136BK1842,2019,136BK1842,1,1,1,1,26,6,3,0,0,0,0,0,9,-1,-1,2019,136BK1842,424586.0,435143.0,-1.628101,53.812013,13,3,4,5,20/11/2019,4,21:19,204,E08000035,E08000035,3,657,6,30.0,0,-1,-1,-1,0,0,4,1,2,0,0,1,1,2,E01011336
17101,2019136BK1842,2019,136BK1842,1,2,2,1,24,5,3,0,0,2,0,0,9,1,2,2019,136BK1842,424586.0,435143.0,-1.628101,53.812013,13,3,4,5,20/11/2019,4,21:19,204,E08000035,E08000035,3,657,6,30.0,0,-1,-1,-1,0,0,4,1,2,0,0,1,1,2,E01011336
17102,2019136BK1842,2019,136BK1842,1,3,2,2,20,4,3,0,0,1,0,0,9,1,2,2019,136BK1842,424586.0,435143.0,-1.628101,53.812013,13,3,4,5,20/11/2019,4,21:19,204,E08000035,E08000035,3,657,6,30.0,0,-1,-1,-1,0,0,4,1,2,0,0,1,1,2,E01011336
17103,2019136BK1842,2019,136BK1842,2,4,1,1,44,7,3,0,0,0,0,0,9,1,4,2019,136BK1842,424586.0,435143.0,-1.628101,53.812013,13,3,4,5,20/11/2019,4,21:19,204,E08000035,E08000035,3,657,6,30.0,0,-1,-1,-1,0,0,4,1,2,0,0,1,1,2,E01011336
17104,2019136BK1842,2019,136BK1842,3,5,1,1,27,6,3,0,0,0,0,0,9,1,1,2019,136BK1842,424586.0,435143.0,-1.628101,53.812013,13,3,4,5,20/11/2019,4,21:19,204,E08000035,E08000035,3,657,6,30.0,0,-1,-1,-1,0,0,4,1,2,0,0,1,1,2,E01011336
17105,2019136BK1996,2019,136BK1996,2,1,1,1,42,7,3,0,0,0,0,0,8,1,1,2019,136BK1996,428559.0,434257.0,-1.567848,53.803848,13,3,2,1,20/11/2019,4,23:46,204,E08000035,E08000035,6,0,6,30.0,0,-1,-1,-1,0,0,4,1,2,0,0,1,1,2,E01011681
17106,2019136BL0192,2019,136BL0192,1,1,3,2,11,3,2,1,3,0,0,0,0,1,1,2019,136BL0192,431250.0,429705.0,-1.527449,53.762782,13,2,1,1,21/11/2019,5,07:05,204,E08000035,E08000035,6,0,6,30.0,0,-1,-1,-1,0,4,1,1,2,0,0,1,1,2,E01011474
17107,2019136BL0264,2019,136BL0264,2,1,1,1,53,8,3,0,0,0,0,0,19,1,9,2019,136BL0264,430112.0,438324.0,-1.543872,53.840314,13,3,2,1,21/11/2019,5,08:28,204,E08000035,E08000035,6,0,6,30.0,6,4,6,0,0,0,1,1,1,0,0,1,1,2,E01011514
17108,2019136BL0915,2019,136BL0915,2,1,1,1,47,8,2,0,0,0,0,0,1,2,10,2019,136BL0915,424371.0,445352.0,-1.630561,53.903778,13,2,2,1,21/11/2019,5,16:30,204,E08000035,E08000035,3,658,6,30.0,3,4,6,0,0,0,1,1,1,0,0,2,1,2,E01011570
17109,2019136BL1139,2019,136BL1139,1,1,2,1,83,11,3,0,0,1,0,0,9,1,5,2019,136BL1139,426082.0,431596.0,-1.605681,53.780061,13,3,1,1,21/11/2019,5,17:31,204,E08000035,E08000035,3,58,6,40.0,0,-1,-1,-1,0,0,4,1,2,0,0,1,1,2,E01011737
17110,2019136BL1309,2019,136BL1309,2,1,1,1,50,8,3,0,0,0,0,0,9,1,1,2019,136BL1309,430464.0,435594.0,-1.538792,53.815757,13,3,2,1,21/11/2019,5,17:20,204,E08000035,E08000035,3,61,3,40.0,9,4,6,0,0,0,4,1,2,0,0,1,1,2,E01011357
17111,2019136BL1488,2019,136BL1488,2,1,1,2,10,2,3,0,0,0,0,0,1,1,1,2019,136BL1488,425134.0,433917.0,-1.619878,53.800968,13,3,2,1,21/11/2019,5,19:00,204,E08000035,E08000035,6,0,6,30.0,9,2,6,0,0,5,4,2,2,0,0,1,2,2,E01032606
17112,2019136BL1557,2019,136BL1557,1,1,1,1,89,11,3,0,0,0,0,0,9,1,3,2019,136BL1557,423005.0,437637.0,-1.651927,53.8345,13,3,3,1,21/11/2019,5,19:34,204,E08000035,E08000035,3,6120,3,30.0,9,2,3,65,0,0,4,2,2,0,0,2,1,2,E01011452
17113,2019136BM0217,2019,136BM0217,2,1,1,1,25,5,3,0,0,0,0,0,9,1,3,2019,136BM0217,427927.0,426408.0,-1.57815,53.733337,13,3,2,1,22/11/2019,6,06:10,204,E08000035,E08000035,6,0,7,40.0,1,4,1,62,0,0,1,2,2,0,0,2,2,2,E01011540
17114,2019136BM0242,2019,136BM0242,2,1,1,2,39,7,3,0,0,0,0,0,9,1,3,2019,136BM0242,438026.0,425857.0,-1.425139,53.72775,13,3,2,1,22/11/2019,6,07:45,204,E08000035,E08000035,4,6135,6,40.0,3,4,6,0,0,0,6,2,2,0,0,2,1,2,E01011395
17115,2019136BM1279,2019,136BM1279,2,1,1,2,55,8,3,0,0,0,0,0,9,1,4,2019,136BM1279,429572.0,423157.0,-1.553525,53.704028,13,3,2,1,22/11/2019,6,16:58,204,E08000035,E08000035,1,1,3,70.0,0,-1,-1,-1,0,0,1,2,2,0,0,2,1,1,E01011536
17116,2019136BM1280,2019,136BM1280,1,1,3,2,11,3,3,10,9,0,0,0,0,1,1,2019,136BM1280,427216.0,432898.0,-1.588358,53.791705,13,3,1,1,22/11/2019,6,08:30,204,E08000035,E08000035,6,0,9,30.0,0,-1,-1,-1,0,0,1,1,1,0,0,1,2,2,E01011732
17117,2019136BM1610,2019,136BM1610,1,1,3,2,13,3,3,5,3,0,0,0,0,1,4,2019,136BM1610,422337.0,433382.0,-1.662383,53.796286,13,3,1,1,22/11/2019,6,19:25,204,E08000035,E08000035,6,0,6,30.0,0,-1,-1,-1,0,0,4,1,1,0,0,1,1,2,E01011612
17118,2019136BN0207,2019,136BN0207,1,1,1,1,32,6,3,0,0,0,0,0,9,1,3,2019,136BN0207,429531.0,437005.0,-1.552827,53.828492,13,3,1,1,23/11/2019,7,02:34,204,E08000035,E08000035,6,0,6,30.0,0,-1,-1,-1,0,0,4,1,2,0,0,1,1,2,E01011354
17119,2019136BN0659,2019,136BN0659,2,1,1,1,26,6,3,0,0,0,0,0,1,1,1,2019,136BN0659,428760.0,432721.0,-1.564938,53.790032,13,3,2,1,23/11/2019,7,12:20,204,E08000035,E08000035,6,0,1,30.0,1,4,3,58,0,0,1,1,2,0,0,1,1,2,E01033013
17120,2019136BN1678,2019,136BN1678,2,1,1,1,32,6,3,0,0,0,0,0,1,1,1,2019,136BN1678,426325.0,433091.0,-1.601866,53.793486,13,3,2,1,23/11/2019,7,20:15,204,E08000035,E08000035,6,0,6,30.0,0,-1,-1,-1,0,0,4,1,1,0,0,1,1,2,E01011729
17121,2019136BO0921,2019,136BO0921,1,1,3,1,41,7,3,6,9,0,0,0,0,1,1,2019,136BO0921,431089.0,434206.0,-1.529439,53.803245,13,3,1,2,24/11/2019,1,13:55,204,E08000035,E08000035,6,0,2,30.0,0,-1,-1,-1,0,0,1,1,2,0,0,1,1,2,E01033035
17122,2019136BO0921,2019,136BO0921,1,2,3,1,31,6,3,6,9,0,0,0,0,1,2,2019,136BO0921,431089.0,434206.0,-1.529439,53.803245,13,3,1,2,24/11/2019,1,13:55,204,E08000035,E08000035,6,0,2,30.0,0,-1,-1,-1,0,0,1,1,2,0,0,1,1,2,E01033035
17123,2019136BO1225,2019,136BO1225,1,1,3,1,73,10,2,1,3,0,0,0,0,1,4,2019,136BO1225,429782.0,433497.0,-1.549352,53.796949,13,2,1,1,24/11/2019,1,16:30,204,E08000035,E08000035,6,0,3,30.0,0,-1,-1,-1,0,5,4,1,1,0,0,1,1,2,E01033010
17124,2019136BP0335,2019,136BP0335,2,1,1,1,30,6,3,0,0,0,0,0,1,-1,-1,2019,136BP0335,427534.0,429803.0,-1.583806,53.763872,13,3,2,1,25/11/2019,2,08:31,204,E08000035,E08000035,6,0,6,30.0,9,4,6,0,0,0,1,1,2,0,0,1,1,2,E01011518
17125,2019136BP1267,2019,136BP1267,1,1,3,2,15,3,2,4,2,0,0,0,0,1,5,2019,136BP1267,425587.0,434257.0,-1.612972,53.804002,13,2,1,1,25/11/2019,2,16:20,204,E08000035,E08000035,3,647,3,40.0,0,-1,-1,-1,0,4,4,2,2,0,0,1,1,2,E01011283
17126,2019136BP1296,2019,136BP1296,1,1,1,2,23,5,3,0,0,0,0,0,9,1,7,2019,136BP1296,422438.0,427908.0,-1.661245,53.747083,13,3,2,1,23/11/2019,7,13:50,204,E08000035,E08000035,6,0,6,30.0,5,4,3,650,0,0,1,1,2,0,0,1,2,2,E01011527
17127,2019136BP1326,2019,136BP1326,2,1,1,1,49,8,3,0,0,0,0,0,1,-1,-1,2019,136BP1326,432823.0,435217.0,-1.503004,53.812226,13,3,2,1,25/11/2019,2,16:30,204,E08000035,E08000035,6,0,6,30.0,3,4,6,0,0,0,4,1,2,0,0,1,1,2,E01011431
17128,2019136BQ0261,2019,136BQ0261,2,1,1,2,56,9,3,0,0,0,0,0,9,1,1,2019,136BQ0261,430653.0,434684.0,-1.536011,53.807567,13,3,3,1,26/11/2019,3,07:20,204,E08000035,E08000035,3,61,3,40.0,6,2,3,58,0,5,1,2,2,0,0,1,1,2,E01011671
17129,2019136BQ0767,2019,136BQ0767,1,1,1,2,17,4,3,0,0,0,0,0,9,3,6,2019,136BQ0767,432847.0,442494.0,-1.501865,53.877627,13,3,2,1,26/11/2019,3,13:00,204,E08000035,E08000035,6,0,6,60.0,0,-1,-1,-1,0,0,1,2,2,0,0,2,1,2,E01011561
17130,2019136BQ1250,2019,136BQ1250,1,1,3,2,16,4,3,5,3,0,0,0,0,1,3,2019,136BQ1250,429737.0,430566.0,-1.550316,53.770609,13,3,1,2,26/11/2019,3,16:43,204,E08000035,E08000035,6,0,6,30.0,0,-1,-1,-1,0,0,4,1,2,0,0,1,1,2,E01011316
17131,2019136BQ1250,2019,136BQ1250,1,2,3,2,16,4,3,5,3,0,0,0,0,1,1,2019,136BQ1250,429737.0,430566.0,-1.550316,53.770609,13,3,1,2,26/11/2019,3,16:43,204,E08000035,E08000035,6,0,6,30.0,0,-1,-1,-1,0,0,4,1,2,0,0,1,1,2,E01011316
17132,2019136BQ1401,2019,136BQ1401,1,1,1,1,21,5,3,0,0,0,0,0,9,1,1,2019,136BQ1401,434457.0,434385.0,-1.478282,53.804643,13,3,3,2,26/11/2019,3,18:30,204,E08000035,E08000035,3,64,3,40.0,3,2,6,0,0,4,4,1,1,0,0,1,1,2,E01011341
17133,2019136BQ1401,2019,136BQ1401,2,2,1,1,30,6,3,0,0,0,0,0,9,1,1,2019,136BQ1401,434457.0,434385.0,-1.478282,53.804643,13,3,3,2,26/11/2019,3,18:30,204,E08000035,E08000035,3,64,3,40.0,3,2,6,0,0,4,4,1,1,0,0,1,1,2,E01011341
17134,2019136BQ1875,2019,136BQ1875,2,1,1,2,23,5,3,0,0,0,0,0,9,1,9,2019,136BQ1875,428578.0,431540.0,-1.56781,53.779427,13,3,2,1,26/11/2019,3,07:50,204,E08000035,E08000035,6,0,6,30.0,1,2,1,621,0,0,4,2,2,0,0,1,2,2,E01011366
17135,2019136BQ2127,2019,136BQ2127,1,1,1,1,87,11,2,0,0,0,0,0,9,1,9,2019,136BQ2127,434950.0,442850.0,-1.469839,53.880689,13,2,1,1,26/11/2019,3,23:30,204,E08000035,E08000035,6,0,6,40.0,0,-1,-1,-1,0,0,6,1,2,0,0,2,1,2,E01011713
17136,2019136BR1254,2019,136BR1254,1,1,3,2,20,4,3,1,1,0,0,0,0,1,5,2019,136BR1254,432536.0,433789.0,-1.507512,53.799409,13,3,1,1,27/11/2019,4,17:00,204,E08000035,E08000035,3,64,3,40.0,3,4,6,0,0,5,4,2,2,0,0,1,1,2,E01011348
17137,2019136BR1544,2019,136BR1544,1,1,2,2,43,7,3,0,0,1,0,0,9,1,9,2019,136BR1544,431808.0,425365.0,-1.519429,53.723742,13,3,2,1,27/11/2019,4,19:05,204,E08000035,E08000035,1,1,3,70.0,5,4,1,1,0,0,4,2,2,0,0,1,1,1,E01011551
17138,2019136BR1643,2019,136BR1643,1,1,1,2,26,6,3,0,0,0,0,0,9,1,1,2019,136BR1643,429000.0,429625.0,-1.561585,53.762193,13,3,2,3,27/11/2019,4,19:50,204,E08000035,E08000035,6,0,6,30.0,3,4,6,0,0,0,4,2,2,0,0,1,1,2,E01011322
17139,2019136BR1643,2019,136BR1643,1,2,2,2,36,7,3,0,0,1,0,0,9,1,1,2019,136BR1643,429000.0,429625.0,-1.561585,53.762193,13,3,2,3,27/11/2019,4,19:50,204,E08000035,E08000035,6,0,6,30.0,3,4,6,0,0,0,4,2,2,0,0,1,1,2,E01011322
17140,2019136BR1643,2019,136BR1643,2,3,1,1,41,7,3,0,0,0,0,0,9,1,3,2019,136BR1643,429000.0,429625.0,-1.561585,53.762193,13,3,2,3,27/11/2019,4,19:50,204,E08000035,E08000035,6,0,6,30.0,3,4,6,0,0,0,4,2,2,0,0,1,1,2,E01011322
17141,2019136BR1732,2019,136BR1732,2,1,1,1,47,8,2,0,0,0,0,0,9,1,3,2019,136BR1732,430002.0,432656.0,-1.546093,53.789378,13,2,2,1,27/11/2019,4,20:40,204,E08000035,E08000035,3,653,3,30.0,3,4,6,0,0,0,4,2,2,0,0,1,1,2,E01033032
17142,2019136BR1817,2019,136BR1817,1,1,3,1,27,6,2,5,1,0,0,0,0,1,3,2019,136BR1817,427500.0,434515.0,-1.583903,53.806224,13,2,1,1,26/11/2019,3,20:30,204,E08000035,E08000035,6,0,6,20.0,3,4,6,0,0,0,4,1,2,0,0,1,1,2,E01011482
17143,2019136BR1828,2019,136BR1828,1,1,1,1,26,6,2,0,0,0,0,0,9,1,3,2019,136BR1828,423157.0,433366.0,-1.649936,53.796107,13,2,5,1,27/11/2019,4,21:45,204,E08000035,E08000035,4,6154,6,30.0,0,-1,-1,-1,0,0,4,2,2,0,0,1,1,2,E01011614
17144,2019136BS0342,2019,136BS0342,2,1,1,1,35,6,3,0,0,0,0,0,1,1,9,2019,136BS0342,431150.0,437982.0,-1.528133,53.837179,13,3,2,1,28/11/2019,5,09:00,204,E08000035,E08000035,6,0,6,30.0,3,4,6,0,0,0,1,1,2,0,0,1,2,2,E01011517
17145,2019136BS0422,2019,136BS0422,2,1,1,1,41,7,3,0,0,0,0,0,19,1,2,2019,136BS0422,421453.0,434000.0,-1.675761,53.801878,13,3,3,1,28/11/2019,5,09:53,204,E08000035,E08000035,3,647,3,70.0,0,-1,-1,-1,0,0,1,1,2,0,0,1,1,2,E01011585
17146,2019136BS1695,2019,136BS1695,1,1,1,1,38,7,3,0,0,0,0,0,1,1,3,2019,136BS1695,428958.0,435471.0,-1.561676,53.814737,13,3,2,1,28/11/2019,5,19:33,204,E08000035,E08000035,3,660,6,30.0,3,4,6,0,0,0,4,2,2,0,0,1,2,2,E01033005
17147,2019136BS1788,2019,136BS1788,2,1,1,1,13,3,3,0,0,0,0,0,1,1,1,2019,136BS1788,424958.0,434437.0,-1.622508,53.80565,13,3,2,1,28/11/2019,5,19:00,204,E08000035,E08000035,3,647,1,30.0,1,4,6,0,0,0,4,1,1,0,0,1,1,2,E01032606
17148,2019136BT0201,2019,136BT0201,1,1,1,2,27,6,3,0,0,0,0,0,9,1,2,2019,136BT0201,425033.0,433154.0,-1.621473,53.794115,13,3,2,1,29/11/2019,6,04:57,204,E08000035,E08000035,6,0,1,40.0,1,4,3,6110,0,0,4,1,4,0,0,1,1,2,E01011727
17149,2019136BT0778,2019,136BT0778,1,1,1,1,26,6,3,0,0,0,0,0,9,1,6,2019,136BT0778,430673.0,434946.0,-1.535682,53.809921,13,3,2,1,29/11/2019,6,12:40,204,E08000035,E08000035,3,58,3,40.0,6,2,3,61,0,4,1,1,1,0,0,1,2,2,E01011671
17150,2019136BT0924,2019,136BT0924,1,1,2,2,29,6,3,0,0,2,0,0,9,1,1,2019,136BT0924,433019.0,435018.0,-1.500048,53.810425,13,3,2,3,29/11/2019,6,14:05,204,E08000035,E08000035,6,0,6,30.0,8,4,6,0,0,0,1,1,2,0,0,1,1,2,E01011339
17151,2019136BT0924,2019,136BT0924,1,2,2,2,50,8,3,0,0,2,0,0,9,1,1,2019,136BT0924,433019.0,435018.0,-1.500048,53.810425,13,3,2,3,29/11/2019,6,14:05,204,E08000035,E08000035,6,0,6,30.0,8,4,6,0,0,0,1,1,2,0,0,1,1,2,E01011339
17152,2019136BT0924,2019,136BT0924,2,3,1,1,45,7,3,0,0,0,0,0,9,-1,-1,2019,136BT0924,433019.0,435018.0,-1.500048,53.810425,13,3,2,3,29/11/2019,6,14:05,204,E08000035,E08000035,6,0,6,30.0,8,4,6,0,0,0,1,1,2,0,0,1,1,2,E01011339
17153,2019136BT1427,2019,136BT1427,2,1,1,2,31,6,2,0,0,0,0,0,1,1,1,2019,136BT1427,430034.0,434069.0,-1.545471,53.802076,13,2,2,1,29/11/2019,6,17:39,204,E08000035,E08000035,6,0,6,30.0,0,-1,-1,-1,0,0,4,1,2,0,0,1,1,2,E01033010