,accident_index,accident_year_x,accident_reference_x,vehicle_reference,casualty_reference,casualty_class,sex_of_casualty,age_of_casualty,age_band_of_casualty,casualty_severity,pedestrian_location,pedestrian_movement,car_passenger,bus_or_coach_passenger,pedestrian_road_maintenance_worker,casualty_type,casualty_home_area_type,casualty_imd_decile,accident_year_y,accident_reference_y,location_easting_osgr,location_northing_osgr,longitude,latitude,police_force,accident_severity,number_of_vehicles,number_of_casualties,date,day_of_week,time,local_authority_district,local_authority_ons_district,local_authority_highway,first_road_class,first_road_number,road_type,speed_limit,junction_detail,junction_control,second_road_class,second_road_number,pedestrian_crossing_human_control,pedestrian_crossing_physical_facilities,light_conditions,weather_conditions,road_surface_conditions,special_conditions_at_site,carriageway_hazards,urban_or_rural_area,did_police_officer_attend_scene_of_accident,trunk_road_flag,lsoa_of_accident_location
17154,2019136BT1778,2019,136BT1778,2,1,2,2,47,8,3,0,0,2,0,0,9,1,1,2019,136BT1778,430782.0,438591.0,-1.533664,53.842674,13,3,2,1,29/11/2019,6,20:25,204,E08000035,E08000035,6,0,6,30.0,6,2,6,0,0,5,4,1,1,0,0,1,1,2,E01011512
17155,2019136BT1789,2019,136BT1789,2,1,1,1,35,6,3,0,0,0,0,0,9,1,1,2019,136BT1789,431524.0,432553.0,-1.523002,53.788363,13,3,2,1,29/11/2019,6,20:30,204,E08000035,E08000035,3,61,3,40.0,9,2,3,63,0,5,4,1,1,0,0,1,1,2,E01011626
17156,2019136BT2059,2019,136BT2059,1,1,3,1,39,7,2,4,1,0,0,0,0,1,7,2019,136BT2059,430170.0,433193.0,-1.543491,53.794195,13,2,1,1,29/11/2019,6,22:25,204,E08000035,E08000035,6,0,2,30.0,9,4,6,0,0,4,4,1,1,0,0,1,1,2,E01033016
17157,2019136BU0860,2019,136BU0860,1,1,1,1,57,9,3,0,0,0,0,0,9,1,3,2019,136BU0860,429925.0,432733.0,-1.547255,53.790074,13,3,2,3,30/11/2019,7,13:25,204,E08000035,E08000035,6,0,2,30.0,3,4,3,653,0,0,1,1,1,0,0,1,1,2,E01033016
17158,2019136BU0860,2019,136BU0860,2,2,1,2,42,7,3,0,0,0,0,0,9,1,7,2019,136BU0860,429925.0,432733.0,-1.547255,53.790074,13,3,2,3,30/11/2019,7,13:25,204,E08000035,E08000035,6,0,2,30.0,3,4,3,653,0,0,1,1,1,0,0,1,1,2,E01033016
17159,2019136BU0860,2019,136BU0860,2,3,2,1,41,7,3,0,0,1,0,0,9,1,7,2019,136BU0860,429925.0,432733.0,-1.547255,53.790074,13,3,2,3,30/11/2019,7,13:25,204,E08000035,E08000035,6,0,2,30.0,3,4,3,653,0,0,1,1,1,0,0,1,1,2,E01033016
17160,2019136BU1323,2019,136BU1323,2,1,2,1,24,5,3,0,0,1,0,0,9,1,5,2019,136BU1323,429141.0,430784.0,-1.559338,53.772602,13,3,2,1,30/11/2019,7,17:30,204,E08000035,E08000035,6,0,6,30.0,3,4,6,0,0,0,4,2,2,0,0,1,2,2,E01011314
17161,2019136BU1555,2019,136BU1555,1,1,1,1,88,11,3,0,0,0,0,0,9,1,1,2019,136BU1555,428936.0,425986.0,-1.562895,53.72949,13,3,2,2,30/11/2019,7,19:25,204,E08000035,E08000035,3,650,6,40.0,3,2,3,654,0,0,4,1,1,0,0,1,1,2,E01011538
17162,2019136BU1555,2019,136BU1555,2,2,1,2,27,6,3,0,0,0,0,0,9,1,1,2019,136BU1555,428936.0,425986.0,-1.562895,53.72949,13,3,2,2,30/11/2019,7,19:25,204,E08000035,E08000035,3,650,6,40.0,3,2,3,654,0,0,4,1,1,0,0,1,1,2,E01011538
17163,2019136C10319,2019,136C10319,1,1,1,1,21,5,3,0,0,0,0,0,9,1,6,2019,136C10319,420301.0,437124.0,-1.693047,53.830001,13,3,1,1,01/12/2019,1,04:57,204,E08000035,E08000035,3,657,6,40.0,0,-1,-1,-1,0,0,4,1,2,0,0,1,1,2,E01011589
17164,2019136C10519,2019,136C10519,1,1,2,1,29,6,3,0,0,2,0,0,9,1,1,2019,136C10519,432620.0,434597.0,-1.506152,53.806666,13,3,2,1,01/12/2019,1,09:30,204,E08000035,E08000035,4,6159,6,20.0,3,4,6,0,0,4,1,1,2,0,0,1,1,2,E01011344
17165,2019136C11193,2019,136C11193,1,1,3,2,36,7,3,5,4,0,0,0,0,1,2,2019,136C11193,429419.0,433281.0,-1.554883,53.795028,13,3,1,4,01/12/2019,1,16:30,204,E08000035,E08000035,6,0,6,30.0,0,-1,-1,-1,0,0,4,1,1,0,0,1,1,2,E01033015
17166,2019136C11193,2019,136C11193,1,2,3,2,12,3,3,5,4,0,0,0,0,1,2,2019,136C11193,429419.0,433281.0,-1.554883,53.795028,13,3,1,4,01/12/2019,1,16:30,204,E08000035,E08000035,6,0,6,30.0,0,-1,-1,-1,0,0,4,1,1,0,0,1,1,2,E01033015
17167,2019136C11193,2019,136C11193,1,3,3,1,8,2,3,5,4,0,0,0,0,1,2,2019,136C11193,429419.0,433281.0,-1.554883,53.795028,13,3,1,4,01/12/2019,1,16:30,204,E08000035,E08000035,6,0,6,30.0,0,-1,-1,-1,0,0,4,1,1,0,0,1,1,2,E01033015
17168,2019136C11193,2019,136C11193,1,4,3,2,34,6,3,5,4,0,0,0,0,1,2,2019,136C11193,429419.0,433281.0,-1.554883,53.795028,13,3,1,4,01/12/2019,1,16:30,204,E08000035,E08000035,6,0,6,30.0,0,-1,-1,-1,0,0,4,1,1,0,0,1,1,2,E01033015
17169,2019136C11207,2019,136C11207,2,1,1,1,20,4,2,0,0,0,0,0,3,1,4,2019,136C11207,426952.0,435691.0,-1.592122,53.816822,13,2,2,1,01/12/2019,1,16:40,204,E08000035,E08000035,6,0,6,30.0,8,4,6,0,0,0,4,1,1,0,0,1,1,2,E01011489
17170,2019136C11456,2019,136C11456,1,1,1,1,37,7,3,0,0,0,0,0,9,1,2,2019,136C11456,431558.0,435185.0,-1.522218,53.812016,13,3,2,2,01/12/2019,1,18:45,204,E08000035,E08000035,3,58,6,30.0,3,4,6,0,0,0,4,1,4,0,0,1,1,2,E01011429
17171,2019136C11456,2019,136C11456,2,2,1,2,27,6,3,0,0,0,0,0,9,1,1,2019,136C11456,431558.0,435185.0,-1.522218,53.812016,13,3,2,2,01/12/2019,1,18:45,204,E08000035,E08000035,3,58,6,30.0,3,4,6,0,0,0,4,1,4,0,0,1,1,2,E01011429
17172,2019136C30509,2019,136C30509,1,1,1,2,28,6,3,0,0,0,0,0,9,-1,-1,2019,136C30509,431978.0,439367.0,-1.515407,53.849577,13,3,2,1,03/12/2019,3,16:00,204,E08000035,E08000035,6,0,6,40.0,0,-1,-1,-1,0,0,1,1,1,0,0,1,1,2,E01011651
17173,2019136C30729,2019,136C30729,1,1,1,1,25,5,2,0,0,0,0,0,3,1,4,2019,136C30729,425639.0,434242.0,-1.612183,53.803865,13,2,1,1,03/12/2019,3,09:00,204,E08000035,E08000035,3,647,3,40.0,3,2,6,0,0,5,1,1,1,0,0,1,2,2,E01011283
17174,2019136C30824,2019,136C30824,2,1,1,1,49,8,3,0,0,0,0,0,1,1,10,2019,136C30824,426822.0,434974.0,-1.594158,53.810384,13,3,2,1,03/12/2019,3,14:00,204,E08000035,E08000035,3,65,6,30.0,3,4,6,0,0,0,1,1,1,0,0,1,1,2,E01011482
17175,2019136C31023,2019,136C31023,1,1,3,2,16,4,2,1,1,0,0,0,0,1,1,2019,136C31023,435971.0,435459.0,-1.45517,53.814194,13,2,1,1,03/12/2019,3,15:13,204,E08000035,E08000035,3,64,3,40.0,0,-1,-1,-1,0,5,1,1,1,0,0,1,1,2,E01011665
17176,2019136C31124,2019,136C31124,1,1,3,2,20,4,2,8,3,0,0,0,0,1,4,2019,136C31124,430071.0,433367.0,-1.544977,53.795764,13,2,1,1,03/12/2019,3,16:00,204,E08000035,E08000035,6,0,6,30.0,9,4,6,0,0,0,1,1,1,0,0,1,1,2,E01033010
17177,2019136C31147,2019,136C31147,1,1,3,2,76,11,3,5,9,0,0,0,0,-1,-1,2019,136C31147,429273.0,430095.0,-1.5574,53.766402,13,3,1,1,03/12/2019,3,16:10,204,E08000035,E08000035,6,0,6,30.0,3,4,3,653,0,0,4,1,1,0,0,1,1,2,E01011319
17178,2019136C31201,2019,136C31201,1,1,1,2,39,7,3,0,0,0,0,0,9,1,4,2019,136C31201,431573.0,425153.0,-1.523012,53.721851,13,3,5,3,03/12/2019,3,16:34,204,E08000035,E08000035,1,1,3,70.0,0,-1,-1,-1,0,0,4,1,1,0,0,2,1,1,E01011551
17179,2019136C31201,2019,136C31201,2,2,1,2,53,8,3,0,0,0,0,0,9,1,8,2019,136C31201,431573.0,425153.0,-1.523012,53.721851,13,3,5,3,03/12/2019,3,16:34,204,E08000035,E08000035,1,1,3,70.0,0,-1,-1,-1,0,0,4,1,1,0,0,2,1,1,E01011551
17180,2019136C31201,2019,136C31201,3,3,1,1,54,8,3,0,0,0,0,0,19,1,4,2019,136C31201,431573.0,425153.0,-1.523012,53.721851,13,3,5,3,03/12/2019,3,16:34,204,E08000035,E08000035,1,1,3,70.0,0,-1,-1,-1,0,0,4,1,1,0,0,2,1,1,E01011551
17181,2019136C31401,2019,136C31401,2,1,1,1,30,6,3,0,0,0,0,0,9,1,1,2019,136C31401,430951.0,433242.0,-1.531631,53.794589,13,3,2,1,03/12/2019,3,18:00,204,E08000035,E08000035,6,0,3,30.0,0,-1,-1,-1,0,0,4,1,1,0,0,1,2,2,E01033033
17182,2019136C40247,2019,136C40247,2,1,1,2,44,7,3,0,0,0,0,0,9,1,8,2019,136C40247,426089.0,435590.0,-1.605237,53.815958,13,3,2,1,04/12/2019,4,07:20,204,E08000035,E08000035,6,0,6,30.0,0,-1,-1,-1,0,0,1,1,1,0,0,1,2,2,E01011477
17183,2019136C40275,2019,136C40275,1,1,1,2,48,8,3,0,0,0,0,0,9,3,5,2019,136C40275,440641.0,426123.0,-1.385472,53.729945,13,3,2,2,04/12/2019,4,08:30,204,E08000035,E08000035,3,639,6,60.0,0,-1,-1,-1,0,0,1,1,1,0,0,2,1,2,E01011395
17184,2019136C40275,2019,136C40275,2,2,1,1,58,9,3,0,0,0,0,0,9,3,7,2019,136C40275,440641.0,426123.0,-1.385472,53.729945,13,3,2,2,04/12/2019,4,08:30,204,E08000035,E08000035,3,639,6,60.0,0,-1,-1,-1,0,0,1,1,1,0,0,2,1,2,E01011395
17185,2019136C40312,2019,136C40312,2,1,1,1,31,6,3,0,0,0,0,0,1,1,4,2019,136C40312,428205.0,434190.0,-1.573228,53.803265,13,3,2,1,04/12/2019,4,08:30,204,E08000035,E08000035,6,0,3,40.0,3,4,6,0,0,0,1,1,1,0,0,1,1,2,E01011483
17186,2019136C40630,2019,136C40630,1,1,3,1,43,7,2,9,9,0,0,0,0,1,7,2019,136C40630,441013.0,434557.0,-1.378717,53.805715,13,2,1,1,04/12/2019,4,12:10,204,E08000035,E08000035,1,1,3,70.0,0,-1,-1,-1,0,0,1,1,1,0,0,2,1,1,E01011297
17187,2019136C40833,2019,136C40833,2,1,1,1,18,4,2,0,0,0,0,0,3,1,2,2019,136C40833,432788.0,435457.0,-1.50351,53.814385,13,2,2,1,04/12/2019,4,13:46,204,E08000035,E08000035,6,0,6,30.0,0,-1,-1,-1,0,0,1,1,1,0,0,1,1,2,E01011427
17188,2019136C41103,2019,136C41103,1,1,3,1,11,3,3,5,1,0,0,0,0,1,1,2019,136C41103,429494.0,436615.0,-1.553427,53.824989,13,3,1,1,04/12/2019,4,15:40,204,E08000035,E08000035,6,0,6,30.0,0,-1,-1,-1,0,0,6,1,1,0,0,1,1,2,E01011354
17189,2019136C41302,2019,136C41302,2,1,1,1,28,6,3,0,0,0,0,0,9,1,7,2019,136C41302,437310.0,433424.0,-1.43508,53.79581,13,3,2,1,04/12/2019,4,17:14,204,E08000035,E08000035,3,6120,6,30.0,0,-1,-1,-1,0,0,7,1,1,0,0,1,1,2,E01011411
17190,2019136C41507,2019,136C41507,2,1,1,1,26,6,2,0,0,0,0,0,3,1,3,2019,136C41507,427261.0,429568.0,-1.587968,53.761774,13,2,2,1,04/12/2019,4,18:25,204,E08000035,E08000035,6,0,6,30.0,0,-1,-1,-1,0,0,4,1,2,0,0,1,1,2,E01011524
17191,2019136C41605,2019,136C41605,2,1,1,1,33,6,3,0,0,0,0,0,9,1,2,2019,136C41605,429002.0,436843.0,-1.560879,53.827066,13,3,3,1,04/12/2019,4,20:36,204,E08000035,E08000035,6,0,6,30.0,3,2,6,0,0,4,4,1,1,0,0,1,1,2,E01011688
17192,2019136C50223,2019,136C50223,1,4,1,2,37,7,3,0,0,0,0,0,9,-1,-1,2019,136C50223,443640.0,436793.0,-1.338514,53.825598,13,3,5,4,05/12/2019,5,07:49,204,E08000035,E08000035,2,1,3,70.0,0,-1,-1,-1,0,0,1,1,1,0,0,2,1,1,E01011297
17193,2019136C50223,2019,136C50223,3,2,1,1,40,7,3,0,0,0,0,0,9,1,2,2019,136C50223,443640.0,436793.0,-1.338514,53.825598,13,3,5,4,05/12/2019,5,07:49,204,E08000035,E08000035,2,1,3,70.0,0,-1,-1,-1,0,0,1,1,1,0,0,2,1,1,E01011297
17194,2019136C50223,2019,136C50223,3,3,2,1,38,7,3,0,0,1,0,0,9,-1,-1,2019,136C50223,443640.0,436793.0,-1.338514,53.825598,13,3,5,4,05/12/2019,5,07:49,204,E08000035,E08000035,2,1,3,70.0,0,-1,-1,-1,0,0,1,1,1,0,0,2,1,1,E01011297
17195,2019136C50223,2019,136C50223,5,1,1,2,39,7,3,0,0,0,0,0,9,-1,-1,2019,136C50223,443640.0,436793.0,-1.338514,53.825598,13,3,5,4,05/12/2019,5,07:49,204,E08000035,E08000035,2,1,3,70.0,0,-1,-1,-1,0,0,1,1,1,0,0,2,1,1,E01011297
17196,2019136C50715,2019,136C50715,2,1,1,1,37,7,2,0,0,0,0,0,1,1,9,2019,136C50715,431196.0,436831.0,-1.52755,53.826831,13,2,2,1,05/12/2019,5,07:29,204,E08000035,E08000035,6,0,1,30.0,1,4,6,0,0,0,1,1,1,0,0,1,2,2,E01011353
17197,2019136C50843,2019,136C50843,2,1,1,2,56,9,3,0,0,0,0,0,9,1,9,2019,136C50843,430634.0,432643.0,-1.536502,53.789224,13,3,2,2,05/12/2019,5,14:00,204,E08000035,E08000035,3,61,2,30.0,3,2,3,61,0,5,1,1,1,0,0,1,1,2,E01033018
17198,2019136C50843,2019,136C50843,2,2,2,2,20,4,3,0,0,1,0,0,9,1,9,2019,136C50843,430634.0,432643.0,-1.536502,53.789224,13,3,2,2,05/12/2019,5,14:00,204,E08000035,E08000035,3,61,2,30.0,3,2,3,61,0,5,1,1,1,0,0,1,1,2,E01033018
17199,2019136C50952,2019,136C50952,1,1,3,1,70,10,2,5,3,0,0,0,0,1,6,2019,136C50952,440760.0,428666.0,-1.383335,53.75279,13,2,1,2,05/12/2019,5,15:00,204,E08000035,E08000035,6,0,6,30.0,3,4,6,0,0,0,1,1,2,0,0,1,1,2,E01011308
17200,2019136C50952,2019,136C50952,1,2,3,2,67,10,2,5,3,0,0,0,0,1,6,2019,136C50952,440760.0,428666.0,-1.383335,53.75279,13,2,1,2,05/12/2019,5,15:00,204,E08000035,E08000035,6,0,6,30.0,3,4,6,0,0,0,1,1,2,0,0,1,1,2,E01011308
17201,2019136C51046,2019,136C51046,1,1,3,2,11,3,3,5,1,0,0,0,0,1,7,2019,136C51046,429340.0,437270.0,-1.555704,53.830885,13,3,1,1,05/12/2019,5,15:41,204,E08000035,E08000035,6,0,6,30.0,3,4,6,0,0,0,1,1,1,0,0,1,1,2,E01011688
17202,2019136C60241,2019,136C60241,1,1,1,2,33,6,3,0,0,0,0,0,9,1,4,2019,136C60241,428218.0,426435.0,-1.573737,53.733564,13,3,2,1,06/12/2019,6,06:56,204,E08000035,E08000035,1,62,3,70.0,0,-1,-1,-1,0,0,4,2,2,0,0,1,1,1,E01011538
17203,2019136C61143,2019,136C61143,1,1,3,2,22,5,2,6,9,0,0,0,0,1,6,2019,136C61143,431315.0,429850.0,-1.526448,53.764082,13,2,1,1,06/12/2019,6,15:30,204,E08000035,E08000035,6,0,6,30.0,0,-1,-1,-1,0,0,1,1,2,0,0,1,1,2,E01011474
17204,2019136C61223,2019,136C61223,2,1,2,2,45,7,3,0,0,2,0,0,9,1,6,2019,136C61223,433375.0,425876.0,-1.495627,53.728237,13,3,2,1,06/12/2019,6,16:22,204,E08000035,E08000035,1,62,3,70.0,0,-1,-1,-1,0,0,4,1,2,0,0,1,1,1,E01011500
17205,2019136C61272,2019,136C61272,2,1,1,2,61,9,3,0,0,0,0,0,9,1,8,2019,136C61272,427512.0,426313.0,-1.584449,53.732505,13,3,2,3,06/12/2019,6,16:45,204,E08000035,E08000035,1,62,3,40.0,0,-1,-1,-1,0,0,4,1,2,0,0,1,1,1,E01011550
17206,2019136C61272,2019,136C61272,2,2,2,2,38,7,3,0,0,1,0,0,9,2,7,2019,136C61272,427512.0,426313.0,-1.584449,53.732505,13,3,2,3,06/12/2019,6,16:45,204,E08000035,E08000035,1,62,3,40.0,0,-1,-1,-1,0,0,4,1,2,0,0,1,1,1,E01011550
17207,2019136C61272,2019,136C61272,2,3,2,1,12,3,3,0,0,2,0,0,9,2,7,2019,136C61272,427512.0,426313.0,-1.584449,53.732505,13,3,2,3,06/12/2019,6,16:45,204,E08000035,E08000035,1,62,3,40.0,0,-1,-1,-1,0,0,4,1,2,0,0,1,1,1,E01011550
17208,2019136C61275,2019,136C61275,1,1,3,1,17,4,3,5,2,0,0,0,0,1,2,2019,136C61275,430903.0,432278.0,-1.532456,53.785928,13,3,1,1,06/12/2019,6,16:48,204,E08000035,E08000035,6,0,6,30.0,3,4,6,0,0,5,4,1,2,0,0,1,1,2,E01033018
17209,2019136C61368,2019,136C61368,1,1,3,2,21,5,3,5,9,0,0,0,0,1,2,2019,136C61368,429849.0,433408.0,-1.548343,53.796145,13,3,1,2,05/12/2019,5,18:45,204,E08000035,E08000035,6,0,2,30.0,0,-1,-1,-1,0,5,4,1,1,0,0,1,2,2,E01033016
17210,2019136C61368,2019,136C61368,1,2,3,2,49,8,3,5,9,0,0,0,0,1,2,2019,136C61368,429849.0,433408.0,-1.548343,53.796145,13,3,1,2,05/12/2019,5,18:45,204,E08000035,E08000035,6,0,2,30.0,0,-1,-1,-1,0,5,4,1,1,0,0,1,2,2,E01033016
17211,2019136C61387,2019,136C61387,1,1,1,1,27,6,3,0,0,0,0,0,1,1,1,2019,136C61387,430013.0,434115.0,-1.545785,53.80249,13,3,2,1,06/12/2019,6,17:40,204,E08000035,E08000035,6,0,6,20.0,0,-1,-1,-1,0,4,4,1,2,0,0,1,1,2,E01033010
17212,2019136C70073,2019,136C70073,1,1,3,2,34,6,2,5,3,0,0,0,0,1,3,2019,136C70073,430028.0,434086.0,-1.54556,53.802229,13,2,1,1,07/12/2019,7,00:10,204,E08000035,E08000035,6,0,6,20.0,0,-1,-1,-1,0,0,4,2,2,0,0,1,1,2,E01033010
17213,2019136C90408,2019,136C90408,1,2,2,2,73,10,3,0,0,0,4,0,11,1,4,2019,136C90408,429885.0,430767.0,-1.548051,53.772407,13,3,2,3,09/12/2019,2,09:52,204,E08000035,E08000035,3,653,3,40.0,3,4,6,0,0,4,1,1,1,0,0,1,1,2,E01011312
17214,2019136C90408,2019,136C90408,1,3,2,2,18,4,3,0,0,0,4,0,11,1,4,2019,136C90408,429885.0,430767.0,-1.548051,53.772407,13,3,2,3,09/12/2019,2,09:52,204,E08000035,E08000035,3,653,3,40.0,3,4,6,0,0,4,1,1,1,0,0,1,1,2,E01011312
17215,2019136C90408,2019,136C90408,2,1,1,2,49,8,3,0,0,0,0,0,9,1,3,2019,136C90408,429885.0,430767.0,-1.548051,53.772407,13,3,2,3,09/12/2019,2,09:52,204,E08000035,E08000035,3,653,3,40.0,3,4,6,0,0,4,1,1,1,0,0,1,1,2,E01011312
17216,2019136C90500,2019,136C90500,2,1,1,1,29,6,3,0,0,0,0,0,5,1,10,2019,136C90500,426982.0,439897.0,-1.5913,53.854622,13,3,2,1,09/12/2019,2,10:54,204,E08000035,E08000035,3,660,6,30.0,0,-1,-1,-1,0,0,1,1,1,0,0,1,1,2,E01011380
17217,2019136C90806,2019,136C90806,2,1,1,1,32,6,3,0,0,0,0,0,9,1,4,2019,136C90806,428597.0,432793.0,-1.567406,53.790688,13,3,2,1,09/12/2019,2,13:35,204,E08000035,E08000035,3,58,3,40.0,3,4,6,0,0,0,1,1,1,0,0,1,1,2,E01011363
17218,2019136C91033,2019,136C91033,2,1,1,2,51,8,3,0,0,0,0,0,9,1,1,2019,136C91033,430150.0,428094.0,-1.54429,53.748368,13,3,2,1,09/12/2019,2,15:22,204,E08000035,E08000035,6,0,6,30.0,0,-1,-1,-1,2,5,1,1,1,0,0,1,2,2,E01032498
17219,2019136C91162,2019,136C91162,2,1,2,1,21,5,3,0,0,1,0,0,9,1,2,2019,136C91162,432317.0,426035.0,-1.511646,53.729733,13,3,2,2,09/12/2019,2,09:15,204,E08000035,E08000035,1,62,3,70.0,0,-1,-1,-1,0,0,1,1,1,0,0,2,2,1,E01011499
17220,2019136C91162,2019,136C91162,2,2,1,2,21,5,3,0,0,0,0,0,9,1,2,2019,136C91162,432317.0,426035.0,-1.511646,53.729733,13,3,2,2,09/12/2019,2,09:15,204,E08000035,E08000035,1,62,3,70.0,0,-1,-1,-1,0,0,1,1,1,0,0,2,2,1,E01011499
17221,2019136CA0272,2019,136CA0272,1,1,3,1,15,3,3,10,1,0,0,0,0,1,3,2019,136CA0272,428045.0,432828.0,-1.575781,53.791032,13,3,1,1,10/12/2019,3,07:55,204,E08000035,E08000035,4,6154,6,30.0,3,4,6,0,0,0,1,4,2,0,0,1,1,2,E01011362
17222,2019136CA1268,2019,136CA1268,3,1,1,1,32,6,3,0,0,0,0,0,9,1,3,2019,136CA1268,430436.0,431014.0,-1.539667,53.774595,13,3,3,1,10/12/2019,3,16:51,204,E08000035,E08000035,1,621,3,40.0,5,4,3,61,0,0,1,1,1,0,0,1,2,1,E01011468
17223,2019136CA1466,2019,136CA1466,1,1,3,1,23,5,3,5,1,0,0,0,0,1,4,2019,136CA1466,428845.0,430209.0,-1.563882,53.76745,13,3,1,2,10/12/2019,3,18:23,204,E08000035,E08000035,6,0,2,30.0,3,4,6,0,0,0,4,5,2,0,0,1,1,2,E01011320
17224,2019136CA1466,2019,136CA1466,1,2,3,1,27,6,3,5,1,0,0,0,0,1,4,2019,136CA1466,428845.0,430209.0,-1.563882,53.76745,13,3,1,2,10/12/2019,3,18:23,204,E08000035,E08000035,6,0,2,30.0,3,4,6,0,0,0,4,5,2,0,0,1,1,2,E01011320
17225,2019136CA1555,2019,136CA1555,1,1,3,2,81,11,2,5,1,0,0,0,0,1,3,2019,136CA1555,426021.0,427782.0,-1.606927,53.745784,13,2,1,1,10/12/2019,3,19:00,204,E08000035,E08000035,6,0,6,30.0,3,4,6,0,0,0,4,5,2,0,0,1,1,2,E01011533
17226,2019136CB1299,2019,136CB1299,2,1,1,1,41,7,3,0,0,0,0,0,1,1,10,2019,136CB1299,430690.0,433675.0,-1.53555,53.798496,13,3,2,1,11/12/2019,4,17:00,204,E08000035,E08000035,3,61,3,30.0,0,-1,-1,-1,0,4,4,1,1,0,0,1,2,2,E01033011
17227,2019136CB1409,2019,136CB1409,1,1,1,1,26,6,3,0,0,0,0,0,9,1,1,2019,136CB1409,430396.0,430892.0,-1.540286,53.773501,13,3,2,1,11/12/2019,4,17:42,204,E08000035,E08000035,1,621,3,70.0,0,-1,-1,-1,0,0,4,1,2,0,0,1,1,1,E01011312
17228,2019136CB1469,2019,136CB1469,1,1,3,2,29,6,2,5,3,0,0,0,0,1,5,2019,136CB1469,435743.0,436089.0,-1.458559,53.819871,13,2,1,1,11/12/2019,4,18:00,204,E08000035,E08000035,6,0,6,30.0,3,4,6,0,0,0,4,1,2,0,0,1,1,2,E01011661
17229,2019136CB1645,2019,136CB1645,1,1,3,2,12,3,3,1,1,0,0,0,0,1,7,2019,136CB1645,422025.0,436488.0,-1.666899,53.824215,13,3,1,1,11/12/2019,4,07:15,204,E08000035,E08000035,6,0,6,30.0,3,4,6,0,0,4,1,1,1,0,0,1,2,2,E01011591
17230,2019136CB1863,2019,136CB1863,2,1,1,1,38,7,3,0,0,0,0,0,9,1,1,2019,136CB1863,432513.0,427562.0,-1.508515,53.743445,13,2,2,2,11/12/2019,4,21:27,204,E08000035,E08000035,6,0,6,30.0,6,2,3,61,0,0,4,1,2,0,0,1,1,2,E01011496
17231,2019136CB1863,2019,136CB1863,2,2,2,2,38,7,2,0,0,2,0,0,9,3,4,2019,136CB1863,432513.0,427562.0,-1.508515,53.743445,13,2,2,2,11/12/2019,4,21:27,204,E08000035,E08000035,6,0,6,30.0,6,2,3,61,0,0,4,1,2,0,0,1,1,2,E01011496
17232,2019136CC0210,2019,136CC0210,2,1,1,1,34,6,2,0,0,0,0,0,3,1,2,2019,136CC0210,433106.0,436127.0,-1.498609,53.820387,13,2,2,1,12/12/2019,5,06:48,204,E08000035,E08000035,3,58,3,40.0,6,4,6,0,0,0,4,1,2,0,0,1,1,2,E01011648
17233,2019136CC1141,2019,136CC1141,1,1,1,1,73,10,2,0,0,0,0,0,9,1,8,2019,136CC1141,428479.0,426413.0,-1.569782,53.733352,13,2,3,1,12/12/2019,5,16:13,204,E08000035,E08000035,1,62,3,70.0,0,-1,-1,-1,0,0,4,2,2,0,0,1,1,1,E01011538
17234,2019136CC1185,2019,136CC1185,1,1,3,1,73,10,2,5,4,0,0,0,0,1,8,2019,136CC1185,424475.0,439080.0,-1.629475,53.847403,13,2,1,1,12/12/2019,5,16:30,204,E08000035,E08000035,6,0,6,30.0,3,4,6,0,0,0,4,2,2,0,0,1,1,2,E01032501
17235,2019136CC1520,2019,136CC1520,2,1,1,2,40,7,3,0,0,0,0,0,9,-1,-1,2019,136CC1520,424620.0,427641.0,-1.628181,53.744585,13,3,2,1,12/12/2019,5,18:55,204,E08000035,E08000035,1,62,3,70.0,0,-1,-1,-1,0,0,4,2,2,0,0,1,2,1,E01011530
17236,2019136CD0857,2019,136CD0857,1,1,3,1,65,9,3,5,2,0,0,0,0,1,3,2019,136CD0857,423739.0,437384.0,-1.640792,53.832194,13,3,1,1,10/12/2019,3,07:30,204,E08000035,E08000035,3,65,2,20.0,3,4,6,0,0,0,4,1,1,0,0,1,2,2,E01011454
17237,2019136CD0913,2019,136CD0913,2,1,1,1,62,9,3,0,0,0,0,0,9,1,1,2019,136CD0913,431109.0,436836.0,-1.528871,53.826882,13,3,2,1,13/12/2019,6,14:25,204,E08000035,E08000035,6,0,6,30.0,0,-1,-1,-1,0,0,1,1,1,0,0,1,2,2,E01011353
17238,2019136CD0935,2019,136CD0935,2,1,2,1,38,7,3,0,0,1,0,0,9,1,1,2019,136CD0935,428306.0,429579.0,-1.572116,53.761817,13,3,2,1,16/11/2019,7,11:43,204,E08000035,E08000035,3,6110,1,30.0,1,4,6,0,0,0,1,1,1,0,0,1,2,2,E01011531
17239,2019136CE0658,2019,136CE0658,1,1,1,1,59,9,2,0,0,0,0,0,19,1,8,2019,136CE0658,432302.0,444128.0,-1.509984,53.892346,13,2,2,2,14/12/2019,7,10:47,204,E08000035,E08000035,3,61,6,60.0,0,-1,-1,-1,0,0,1,1,2,0,0,2,1,2,E01011561
17240,2019136CE0658,2019,136CE0658,2,2,1,1,86,11,2,0,0,0,0,0,9,1,9,2019,136CE0658,432302.0,444128.0,-1.509984,53.892346,13,2,2,2,14/12/2019,7,10:47,204,E08000035,E08000035,3,61,6,60.0,0,-1,-1,-1,0,0,1,1,2,0,0,2,1,2,E01011561