,accident_index,accident_year_x,accident_reference_x,vehicle_reference,casualty_reference,casualty_class,sex_of_casualty,age_of_casualty,age_band_of_casualty,casualty_severity,pedestrian_location,pedestrian_movement,car_passenger,bus_or_coach_passenger,pedestrian_road_maintenance_worker,casualty_type,casualty_home_area_type,casualty_imd_decile,accident_year_y,accident_reference_y,location_easting_osgr,location_northing_osgr,longitude,latitude,police_force,accident_severity,number_of_vehicles,number_of_casualties,date,day_of_week,time,local_authority_district,local_authority_ons_district,local_authority_highway,first_road_class,first_road_number,road_type,speed_limit,junction_detail,junction_control,second_road_class,second_road_number,pedestrian_crossing_human_control,pedestrian_crossing_physical_facilities,light_conditions,weather_conditions,road_surface_conditions,special_conditions_at_site,carriageway_hazards,urban_or_rural_area,did_police_officer_attend_scene_of_accident,trunk_road_flag,lsoa_of_accident_location
17241,2019136CE0679,2019,136CE0679,1,1,3,1,33,6,3,10,1,0,0,0,0,1,1,2019,136CE0679,436039.0,434790.0,-1.454215,53.808176,13,3,1,1,13/12/2019,6,11:15,204,E08000035,E08000035,6,0,6,30.0,0,-1,-1,-1,0,0,1,1,1,0,0,1,2,2,E01011345
17242,2019136CE1096,2019,136CE1096,1,1,1,2,41,7,2,0,0,0,0,0,9,2,7,2019,136CE1096,441235.0,439816.0,-1.374644,53.852963,13,2,4,4,14/12/2019,7,14:47,204,E08000035,E08000035,3,64,6,50.0,0,-1,-1,-1,0,0,1,2,2,0,0,2,1,2,E01011309
17243,2019136CE1096,2019,136CE1096,2,2,1,2,30,6,2,0,0,0,0,0,9,2,10,2019,136CE1096,441235.0,439816.0,-1.374644,53.852963,13,2,4,4,14/12/2019,7,14:47,204,E08000035,E08000035,3,64,6,50.0,0,-1,-1,-1,0,0,1,2,2,0,0,2,1,2,E01011309
17244,2019136CE1096,2019,136CE1096,3,3,1,1,69,10,3,0,0,0,0,0,9,1,8,2019,136CE1096,441235.0,439816.0,-1.374644,53.852963,13,2,4,4,14/12/2019,7,14:47,204,E08000035,E08000035,3,64,6,50.0,0,-1,-1,-1,0,0,1,2,2,0,0,2,1,2,E01011309
17245,2019136CE1096,2019,136CE1096,4,4,1,2,44,7,3,0,0,0,0,0,9,1,10,2019,136CE1096,441235.0,439816.0,-1.374644,53.852963,13,2,4,4,14/12/2019,7,14:47,204,E08000035,E08000035,3,64,6,50.0,0,-1,-1,-1,0,0,1,2,2,0,0,2,1,2,E01011309
17246,2019136CF0033,2019,136CF0033,2,1,1,1,29,6,3,0,0,0,0,0,8,1,3,2019,136CF0033,428005.0,426228.0,-1.576984,53.731715,13,3,3,1,15/12/2019,1,00:18,204,E08000035,E08000035,3,653,3,40.0,1,2,3,650,0,0,4,3,2,0,0,1,1,2,E01011550
17247,2019136CF0516,2019,136CF0516,2,1,1,2,66,10,2,0,0,0,0,0,16,2,9,2019,136CF0516,444980.0,442685.0,-1.317298,53.878437,13,2,3,2,15/12/2019,1,09:05,204,E08000035,E08000035,6,0,6,60.0,0,-1,-1,-1,0,0,1,4,2,0,0,2,1,2,E01011712
17248,2019136CF0516,2019,136CF0516,3,2,1,2,59,9,3,0,0,0,0,0,16,2,7,2019,136CF0516,444980.0,442685.0,-1.317298,53.878437,13,2,3,2,15/12/2019,1,09:05,204,E08000035,E08000035,6,0,6,60.0,0,-1,-1,-1,0,0,1,4,2,0,0,2,1,2,E01011712
17249,2019136CF0784,2019,136CF0784,2,1,1,1,51,8,2,0,0,0,0,0,1,1,5,2019,136CF0784,425916.0,435496.0,-1.607873,53.815122,13,2,2,1,15/12/2019,1,12:20,204,E08000035,E08000035,6,0,6,30.0,8,4,6,0,0,0,1,1,2,0,0,1,1,2,E01011281
17250,2019136CF1769,2019,136CF1769,2,1,1,1,34,6,3,0,0,0,0,0,9,-1,-1,2019,136CF1769,432434.0,434839.0,-1.508951,53.808853,13,3,2,1,15/12/2019,1,21:20,204,E08000035,E08000035,4,6159,6,30.0,6,2,6,0,0,5,4,1,2,0,0,1,1,2,E01011433
17251,2019136CF1794,2019,136CF1794,1,1,1,1,21,5,3,0,0,0,0,0,9,2,6,2019,136CF1794,443563.0,431700.0,-1.340402,53.779832,13,3,1,1,15/12/2019,1,21:52,204,E08000035,E08000035,3,63,6,60.0,0,-1,-1,-1,0,0,6,1,2,0,0,2,1,2,E01011299
17252,2019136CG1041,2019,136CG1041,2,1,1,1,39,7,3,0,0,0,0,0,9,1,1,2019,136CG1041,430242.0,432968.0,-1.54242,53.792168,13,3,2,1,16/12/2019,2,14:20,204,E08000035,E08000035,6,0,6,30.0,0,-1,-1,-1,0,0,1,8,2,0,0,1,1,2,E01033016
17253,2019136CG1253,2019,136CG1253,1,1,3,2,17,4,2,6,9,0,0,0,0,1,8,2019,136CG1253,440088.0,433359.0,-1.392918,53.79502,13,2,1,1,16/12/2019,2,16:25,204,E08000035,E08000035,3,642,6,40.0,9,4,6,0,0,0,4,1,1,0,0,2,1,2,E01011396
17254,2019136CH0234,2019,136CH0234,2,1,1,1,57,9,3,0,0,0,0,0,9,-1,-1,2019,136CH0234,424093.0,428106.0,-1.636135,53.748789,13,3,2,1,17/12/2019,3,07:17,204,E08000035,E08000035,3,62,3,40.0,3,2,1,62,0,0,1,1,2,0,0,1,1,1,E01011529
17255,2019136CH0306,2019,136CH0306,3,1,1,2,25,5,3,0,0,0,0,0,19,1,3,2019,136CH0306,440900.0,434527.0,-1.380437,53.805454,13,3,3,1,17/12/2019,3,08:10,204,E08000035,E08000035,1,1,3,70.0,0,-1,-1,-1,0,0,1,1,2,0,0,2,1,1,E01011297
17256,2019136CH0494,2019,136CH0494,2,1,1,2,71,10,3,0,0,0,0,0,9,1,2,2019,136CH0494,431435.0,431610.0,-1.524449,53.779893,13,3,2,1,17/12/2019,3,10:45,204,E08000035,E08000035,6,0,6,30.0,3,2,3,639,0,0,1,1,2,0,0,1,1,2,E01011467
17257,2019136CH0759,2019,136CH0759,1,1,1,1,67,10,3,0,0,0,0,0,9,1,3,2019,136CH0759,431127.0,424754.0,-1.52981,53.718292,13,3,2,1,17/12/2019,3,13:03,204,E08000035,E08000035,1,1,3,70.0,9,4,1,1,0,0,1,1,2,0,0,2,1,1,E01011537
17258,2019136CH1238,2019,136CH1238,1,1,1,1,50,8,3,0,0,0,0,0,9,1,7,2019,136CH1238,426637.0,433085.0,-1.59713,53.793416,13,3,2,1,17/12/2019,3,16:50,204,E08000035,E08000035,4,6154,6,30.0,6,2,6,0,0,0,4,2,2,0,0,1,2,2,E01011729
17259,2019136CI0215,2019,136CI0215,2,1,1,1,50,8,3,0,0,0,0,0,9,1,8,2019,136CI0215,432047.0,425662.0,-1.515776,53.726397,13,3,3,1,18/12/2019,4,06:40,204,E08000035,E08000035,1,1,3,70.0,0,-1,-1,-1,0,0,4,1,2,0,0,2,1,1,E01011499
17260,2019136CI0332,2019,136CI0332,1,1,1,2,22,5,3,0,0,0,0,0,9,1,2,2019,136CI0332,423720.0,434202.0,-1.641326,53.803595,13,3,2,2,18/12/2019,4,08:47,204,E08000035,E08000035,6,0,6,30.0,3,4,6,0,0,0,1,1,4,0,0,1,1,2,E01011608
17261,2019136CI0332,2019,136CI0332,1,2,2,2,2,1,3,0,0,2,0,0,9,1,2,2019,136CI0332,423720.0,434202.0,-1.641326,53.803595,13,3,2,2,18/12/2019,4,08:47,204,E08000035,E08000035,6,0,6,30.0,3,4,6,0,0,0,1,1,4,0,0,1,1,2,E01011608
17262,2019136CI0859,2019,136CI0859,2,1,1,1,39,7,3,0,0,0,0,0,1,1,8,2019,136CI0859,439303.0,432396.0,-1.404956,53.786425,13,3,2,1,18/12/2019,4,06:45,204,E08000035,E08000035,3,63,1,30.0,1,4,6,0,0,0,1,1,2,0,0,2,2,2,E01011402
17263,2019136CI1657,2019,136CI1657,2,1,1,1,51,8,3,0,0,0,0,0,1,-1,-1,2019,136CI1657,431062.0,430364.0,-1.530234,53.768716,13,3,2,1,18/12/2019,4,20:12,204,E08000035,E08000035,6,0,6,30.0,3,4,6,0,0,0,4,2,2,0,0,1,1,2,E01011472
17264,2019136CI1918,2019,136CI1918,2,1,1,1,34,6,2,0,0,0,0,0,9,-1,-1,2019,136CI1918,431973.0,425559.0,-1.516909,53.725476,13,2,2,1,18/12/2019,4,23:10,204,E08000035,E08000035,1,1,3,70.0,0,-1,-1,-1,0,0,4,2,2,0,0,2,1,1,E01011499
17265,2019136CJ1207,2019,136CJ1207,1,1,3,1,51,8,2,4,3,0,0,0,0,1,1,2019,136CJ1207,430917.0,435590.0,-1.531912,53.815694,13,2,1,1,19/12/2019,5,16:25,204,E08000035,E08000035,6,0,6,30.0,0,-1,-1,-1,0,4,4,2,2,0,0,1,1,2,E01011360
17266,2019136CJ1441,2019,136CJ1441,1,1,3,2,54,8,3,5,3,0,0,0,0,3,7,2019,136CJ1441,440370.0,448115.0,-1.386703,53.927615,13,3,1,1,19/12/2019,5,18:22,204,E08000035,E08000035,3,661,6,30.0,3,4,6,0,0,0,4,1,2,0,0,1,1,2,E01011704
17267,2019136CK0591,2019,136CK0591,1,1,1,1,43,7,3,0,0,0,0,0,9,1,8,2019,136CK0591,431534.0,432542.0,-1.522852,53.788263,13,3,3,1,20/12/2019,6,11:00,204,E08000035,E08000035,3,61,3,30.0,6,2,3,63,0,0,1,2,2,0,0,1,1,2,E01011626
17268,2019136CK0806,2019,136CK0806,2,1,1,1,69,10,3,0,0,0,0,0,11,1,7,2019,136CK0806,433117.0,434025.0,-1.498666,53.801494,13,3,2,1,20/12/2019,6,09:39,204,E08000035,E08000035,4,6159,3,40.0,6,2,3,64,0,5,1,1,1,0,0,1,2,2,E01011340
17269,2019136CK1578,2019,136CK1578,2,1,1,1,59,9,3,0,0,0,0,0,9,1,9,2019,136CK1578,428545.0,426414.0,-1.568782,53.733358,13,3,2,1,20/12/2019,6,18:40,204,E08000035,E08000035,1,62,3,70.0,0,-1,-1,-1,0,0,4,1,2,0,0,2,1,1,E01011538
17270,2019136CK1751,2019,136CK1751,1,1,3,1,43,7,2,1,2,0,0,0,0,1,7,2019,136CK1751,430695.0,439199.0,-1.534926,53.848144,13,2,1,1,20/12/2019,6,19:55,204,E08000035,E08000035,3,6120,3,40.0,1,2,3,61,0,5,4,1,2,0,0,1,1,2,E01011512
17271,2019136CK2067,2019,136CK2067,2,1,1,1,31,6,3,0,0,0,0,0,1,-1,-1,2019,136CK2067,430765.0,433846.0,-1.534394,53.800029,13,3,2,1,20/12/2019,6,22:40,204,E08000035,E08000035,6,0,2,30.0,0,-1,-1,-1,2,4,4,1,1,0,0,1,1,2,E01033031
17272,2019136CL0578,2019,136CL0578,2,1,1,1,37,7,3,0,0,0,0,0,19,1,4,2019,136CL0578,430234.0,431975.0,-1.542639,53.783244,13,3,2,1,09/12/2019,2,13:30,204,E08000035,E08000035,1,621,7,50.0,5,4,1,621,0,0,1,1,1,0,2,1,2,1,E01011364
17273,2019136CL0944,2019,136CL0944,1,1,3,1,66,10,1,5,9,0,0,0,0,1,10,2019,136CL0944,430479.0,437776.0,-1.538349,53.835367,13,1,1,1,21/12/2019,7,13:00,204,E08000035,E08000035,6,0,6,30.0,3,4,6,0,0,0,1,1,2,0,0,1,1,2,E01011516
17274,2019136CL1034,2019,136CL1034,2,1,2,2,27,6,3,0,0,1,0,0,9,1,4,2019,136CL1034,430523.0,428345.0,-1.53861,53.750602,13,3,2,3,21/12/2019,7,13:55,204,E08000035,E08000035,6,0,6,30.0,3,4,6,0,0,0,1,1,1,0,0,1,1,2,E01032498
17275,2019136CL1034,2019,136CL1034,2,2,2,1,63,9,3,0,0,2,0,0,9,1,10,2019,136CL1034,430523.0,428345.0,-1.53861,53.750602,13,3,2,3,21/12/2019,7,13:55,204,E08000035,E08000035,6,0,6,30.0,3,4,6,0,0,0,1,1,1,0,0,1,1,2,E01032498
17276,2019136CL1034,2019,136CL1034,2,3,1,2,36,7,3,0,0,0,0,0,9,1,4,2019,136CL1034,430523.0,428345.0,-1.53861,53.750602,13,3,2,3,21/12/2019,7,13:55,204,E08000035,E08000035,6,0,6,30.0,3,4,6,0,0,0,1,1,1,0,0,1,1,2,E01032498
17277,2019136CL1292,2019,136CL1292,1,1,3,1,49,8,3,5,2,0,0,0,0,1,1,2019,136CL1292,425484.0,434124.0,-1.614547,53.802812,13,3,1,1,21/12/2019,7,15:45,204,E08000035,E08000035,6,0,6,30.0,0,-1,-1,-1,0,0,1,1,1,0,0,1,2,2,E01032606
17278,2019136CL1505,2019,136CL1505,1,1,1,2,30,6,3,0,0,0,0,0,9,3,4,2019,136CL1505,431656.0,426485.0,-1.521618,53.733818,13,3,3,1,21/12/2019,7,18:05,204,E08000035,E08000035,4,6135,6,20.0,0,-1,-1,-1,0,0,4,2,2,0,0,1,1,2,E01011499
17279,2019136CM0106,2019,136CM0106,1,1,2,1,20,4,3,0,0,2,0,0,9,-1,-1,2019,136CM0106,428595.0,427781.0,-1.567898,53.745641,13,3,1,1,22/12/2019,1,01:06,204,E08000035,E08000035,3,653,1,70.0,1,4,6,0,0,0,4,2,2,0,0,2,1,2,E01011538
17280,2019136CM0695,2019,136CM0695,2,1,1,1,25,5,3,0,0,0,0,0,9,3,7,2019,136CM0695,436176.0,427733.0,-1.452959,53.744742,13,3,2,1,21/12/2019,7,18:45,204,E08000035,E08000035,3,642,1,30.0,1,4,3,642,0,0,4,1,1,0,0,2,2,2,E01011635
17281,2019136CM0745,2019,136CM0745,2,1,1,1,63,9,3,0,0,0,0,0,9,1,2,2019,136CM0745,430931.0,436028.0,-1.531656,53.81963,13,3,2,1,22/12/2019,1,07:00,204,E08000035,E08000035,6,0,6,30.0,3,4,4,6159,0,0,1,1,1,0,0,1,2,2,E01011357
17282,2019136CM0966,2019,136CM0966,1,1,1,2,23,5,3,0,0,0,0,0,9,1,2,2019,136CM0966,435361.0,431300.0,-1.464909,53.776856,13,3,1,1,22/12/2019,1,15:11,204,E08000035,E08000035,1,1,3,70.0,0,-1,-1,-1,0,0,1,1,2,0,0,2,1,1,E01011420
17283,2019136CM1165,2019,136CM1165,2,1,1,1,19,4,2,0,0,0,0,0,9,1,10,2019,136CM1165,428440.0,428625.0,-1.570171,53.753236,13,2,4,5,22/12/2019,1,16:50,204,E08000035,E08000035,3,658,3,70.0,8,4,6,0,0,0,4,1,2,0,0,2,1,2,E01011540
17284,2019136CM1165,2019,136CM1165,2,2,2,1,19,4,2,0,0,1,0,0,9,1,8,2019,136CM1165,428440.0,428625.0,-1.570171,53.753236,13,2,4,5,22/12/2019,1,16:50,204,E08000035,E08000035,3,658,3,70.0,8,4,6,0,0,0,4,1,2,0,0,2,1,2,E01011540
17285,2019136CM1165,2019,136CM1165,4,3,1,1,43,7,2,0,0,0,0,0,9,1,8,2019,136CM1165,428440.0,428625.0,-1.570171,53.753236,13,2,4,5,22/12/2019,1,16:50,204,E08000035,E08000035,3,658,3,70.0,8,4,6,0,0,0,4,1,2,0,0,2,1,2,E01011540
17286,2019136CM1165,2019,136CM1165,4,4,2,2,43,7,2,0,0,1,0,0,9,1,8,2019,136CM1165,428440.0,428625.0,-1.570171,53.753236,13,2,4,5,22/12/2019,1,16:50,204,E08000035,E08000035,3,658,3,70.0,8,4,6,0,0,0,4,1,2,0,0,2,1,2,E01011540
17287,2019136CM1165,2019,136CM1165,4,5,2,2,9,2,2,0,0,2,0,0,9,1,8,2019,136CM1165,428440.0,428625.0,-1.570171,53.753236,13,2,4,5,22/12/2019,1,16:50,204,E08000035,E08000035,3,658,3,70.0,8,4,6,0,0,0,4,1,2,0,0,2,1,2,E01011540
17288,2019136CN0371,2019,136CN0371,1,1,2,1,32,6,3,0,0,2,0,0,8,1,1,2019,136CN0371,424808.0,433913.0,-1.624828,53.800948,13,3,1,1,21/12/2019,7,19:30,204,E08000035,E08000035,6,0,2,30.0,0,-1,-1,-1,0,0,7,1,1,0,0,1,2,2,E01011739
17289,2019136CN0446,2019,136CN0446,2,1,3,1,63,9,3,5,9,0,0,0,0,1,1,2019,136CN0446,430089.0,431324.0,-1.544902,53.777401,13,3,2,1,23/12/2019,2,10:30,204,E08000035,E08000035,3,653,6,30.0,3,4,6,0,0,0,1,2,2,0,0,1,1,2,E01011371
17290,2019136CN1379,2019,136CN1379,1,1,1,1,31,6,3,0,0,0,0,0,9,1,4,2019,136CN1379,429011.0,430281.0,-1.561357,53.768088,13,3,2,1,23/12/2019,2,18:00,204,E08000035,E08000035,6,0,6,30.0,6,4,6,0,0,0,4,1,1,0,0,1,1,2,E01011320
17291,2019136CN1639,2019,136CN1639,2,1,1,2,29,6,3,0,0,0,0,0,9,1,5,2019,136CN1639,429963.0,437208.0,-1.546245,53.830292,13,3,2,1,23/12/2019,2,20:13,204,E08000035,E08000035,3,63,3,40.0,6,4,6,0,0,0,4,1,2,0,0,1,1,2,E01011507
17292,2019136CO0955,2019,136CO0955,1,1,1,1,61,9,3,0,0,0,0,0,9,2,5,2019,136CO0955,437817.0,428195.0,-1.428022,53.748778,13,3,2,1,24/12/2019,3,15:29,204,E08000035,E08000035,6,0,6,30.0,0,-1,-1,-1,0,0,1,1,1,5,0,2,1,2,E01011636
17293,2019136CO1163,2019,136CO1163,1,1,2,2,90,11,3,0,0,1,0,0,9,3,7,2019,136CO1163,438414.0,432729.0,-1.418407,53.789483,13,3,2,1,24/12/2019,3,17:22,204,E08000035,E08000035,3,63,3,50.0,0,-1,-1,-1,0,0,4,1,2,0,0,2,1,2,E01011402
17294,2019136CO1340,2019,136CO1340,1,1,1,1,24,5,3,0,0,0,0,0,9,1,7,2019,136CO1340,420001.0,446004.0,-1.697028,53.909824,13,3,2,1,24/12/2019,3,19:15,204,E08000035,E08000035,6,0,6,30.0,3,4,6,0,0,0,7,1,2,0,0,1,1,2,E01011584
17295,2019136CO1687,2019,136CO1687,1,1,3,1,23,5,3,8,8,0,0,0,0,1,1,2019,136CO1687,438959.0,439138.0,-1.409327,53.847044,13,3,1,1,24/12/2019,3,23:23,204,E08000035,E08000035,3,64,6,50.0,0,-1,-1,-1,0,0,6,1,1,0,0,2,1,2,E01011715
17296,2019136CR1411,2019,136CR1411,2,1,2,2,28,6,3,0,0,1,0,0,9,1,8,2019,136CR1411,432397.0,426233.0,-1.510413,53.731508,13,3,2,1,27/12/2019,6,17:40,204,E08000035,E08000035,1,62,1,30.0,0,-1,-1,-1,0,0,4,1,1,0,0,2,1,1,E01011499
17297,2019136CT0180,2019,136CT0180,1,1,2,2,37,7,3,0,0,2,0,0,9,1,1,2019,136CT0180,430100.0,431497.0,-1.544719,53.778956,13,3,2,1,29/12/2019,1,01:52,204,E08000035,E08000035,6,0,6,20.0,9,4,6,0,0,0,4,1,1,0,0,1,1,2,E01011371
17298,2019136CT0238,2019,136CT0238,1,1,3,1,21,5,2,5,1,0,0,0,0,1,5,2019,136CT0238,430040.0,434040.0,-1.545382,53.801815,13,2,1,1,29/12/2019,1,02:20,204,E08000035,E08000035,6,0,6,30.0,0,-1,-1,-1,0,0,4,1,1,0,0,1,1,2,E01033010
17299,2019136CU0181,2019,136CU0181,1,1,1,1,27,6,3,0,0,0,0,0,9,2,9,2019,136CU0181,442094.0,434619.0,-1.362295,53.806186,13,3,1,1,30/12/2019,2,04:22,204,E08000035,E08000035,1,1,3,70.0,1,4,3,642,0,0,4,4,2,0,0,2,1,1,E01011297
17300,2019136CU0363,2019,136CU0363,1,1,1,1,36,7,2,0,0,0,0,0,5,1,3,2019,136CU0363,423019.0,437653.0,-1.651713,53.834643,13,2,1,1,30/12/2019,2,10:00,204,E08000035,E08000035,3,65,6,40.0,1,4,3,6120,0,0,1,1,4,7,0,1,1,2,E01011452
17301,2019136CV0723,2019,136CV0723,2,1,1,1,59,9,2,0,0,0,0,0,1,1,10,2019,136CV0723,436853.0,442515.0,-1.440932,53.877548,13,2,2,1,31/12/2019,3,13:40,204,E08000035,E08000035,3,58,6,50.0,0,-1,-1,-1,0,0,1,1,1,0,0,2,1,2,E01011713
17302,2019136CV1518,2019,136CV1518,2,1,1,1,41,7,3,0,0,0,0,0,9,1,3,2019,136CV1518,421466.0,433999.0,-1.675563,53.801868,13,3,3,2,31/12/2019,3,16:40,204,E08000035,E08000035,3,647,3,40.0,0,-1,-1,-1,0,0,4,1,1,0,0,1,2,2,E01011585
17303,2019136CV1518,2019,136CV1518,2,2,2,1,26,6,3,0,0,1,0,0,9,1,3,2019,136CV1518,421466.0,433999.0,-1.675563,53.801868,13,3,3,2,31/12/2019,3,16:40,204,E08000035,E08000035,3,647,3,40.0,0,-1,-1,-1,0,0,4,1,1,0,0,1,2,2,E01011585
17304,2020136BE1421,2020,136BE1421,1,1,3,1,33,6,3,5,1,0,0,0,0,1,1,2020,136BE1421,424403.0,438910.0,-1.630583,53.845878,13,3,1,1,14/02/2020,6,17:58,204,E08000035,E08000035,6,0,6,30.0,0,-1,0,-1,0,0,4,1,2,0,0,1,1,2,E01011459
17305,2020137121373,2020,137121373,1,1,1,2,50,8,3,0,0,0,0,0,9,2,5,2020,137121373,436861.0,428650.0,-1.442464,53.752935,13,3,2,1,02/01/2020,5,18:50,204,E08000035,E08000035,6,0,6,20.0,0,-1,0,-1,0,0,4,1,2,0,0,1,2,2,E01011637
17306,2020137130885,2020,137130885,1,1,1,2,24,5,3,0,0,0,0,0,9,1,3,2020,137130885,426349.0,435476.0,-1.601298,53.81492,13,3,2,1,03/01/2020,6,14:33,204,E08000035,E08000035,3,65,6,30.0,0,-1,0,-1,0,0,1,1,1,0,0,1,1,2,E01011477
17307,2020137131877,2020,137131877,1,1,1,1,24,5,2,0,0,0,0,0,3,1,8,2020,137131877,422188.0,436401.0,-1.664429,53.823427,13,2,2,1,03/01/2020,6,10:30,204,E08000035,E08000035,6,0,6,30.0,3,4,6,0,0,0,1,1,1,0,0,1,2,2,E01011591
17308,2020137140752,2020,137140752,1,1,1,1,39,7,3,0,0,0,0,0,9,3,9,2020,137140752,435913.0,440481.0,-1.455467,53.859333,13,3,2,3,04/01/2020,7,13:00,204,E08000035,E08000035,3,58,6,50.0,8,4,6,0,0,0,1,1,1,0,0,2,1,2,E01011311
17309,2020137140752,2020,137140752,1,2,2,2,38,7,3,0,0,2,0,0,9,3,9,2020,137140752,435913.0,440481.0,-1.455467,53.859333,13,3,2,3,04/01/2020,7,13:00,204,E08000035,E08000035,3,58,6,50.0,8,4,6,0,0,0,1,1,1,0,0,2,1,2,E01011311
17310,2020137140752,2020,137140752,1,3,2,1,1,1,3,0,0,2,0,0,9,3,9,2020,137140752,435913.0,440481.0,-1.455467,53.859333,13,3,2,3,04/01/2020,7,13:00,204,E08000035,E08000035,3,58,6,50.0,8,4,6,0,0,0,1,1,1,0,0,2,1,2,E01011311
17311,2020137160891,2020,137160891,2,1,1,1,23,5,3,0,0,0,0,0,9,1,2,2020,137160891,432704.0,430439.0,-1.505316,53.76929,13,3,2,1,06/01/2020,2,07:55,204,E08000035,E08000035,4,6481,6,30.0,0,-1,0,-1,0,0,1,1,1,0,0,2,2,2,E01011470
17312,2020137161294,2020,137161294,2,1,1,2,36,7,3,0,0,0,0,0,9,1,8,2020,137161294,425118.0,438981.0,-1.61971,53.846482,13,3,3,1,06/01/2020,2,17:30,204,E08000035,E08000035,6,0,6,30.0,3,3,6,0,0,0,7,1,1,0,0,1,1,2,E01032502
17313,2020137170258,2020,137170258,1,1,3,2,11,3,3,4,4,0,0,0,0,1,7,2020,137170258,420394.0,434138.0,-1.69183,53.80316,13,3,1,1,07/01/2020,3,07:50,204,E08000035,E08000035,6,0,6,30.0,0,-1,0,-1,0,4,1,1,1,0,0,1,1,2,E01011597
17314,2020137170524,2020,137170524,2,1,1,1,20,4,3,0,0,0,0,0,9,1,1,2020,137170524,433367.0,435980.0,-1.49466,53.819049,13,3,2,1,07/01/2020,3,11:20,204,E08000035,E08000035,6,0,6,30.0,6,4,6,0,0,0,1,1,1,0,0,1,1,2,E01011421
17315,2020137171307,2020,137171307,2,1,1,2,24,5,3,0,0,0,0,0,1,-1,-1,2020,137171307,430858.0,435466.0,-1.532821,53.814583,13,3,2,1,07/01/2020,3,16:55,204,E08000035,E08000035,6,0,6,30.0,0,-1,0,-1,0,0,4,4,1,0,0,1,2,2,E01011360
17316,2020137171515,2020,137171515,2,1,1,1,48,8,3,0,0,0,0,0,1,1,8,2020,137171515,427583.0,437315.0,-1.582394,53.831385,13,3,2,1,07/01/2020,3,16:31,204,E08000035,E08000035,6,0,7,30.0,6,4,6,0,0,0,4,1,1,0,0,1,2,2,E01032876
17317,2020137171763,2020,137171763,1,1,1,1,52,8,2,0,0,0,0,0,9,1,6,2020,137171763,426025.0,438122.0,-1.605997,53.838718,13,2,1,1,07/01/2020,3,21:35,204,E08000035,E08000035,3,6120,3,40.0,0,-1,0,-1,0,0,4,1,1,0,0,1,1,2,E01011684
17318,2020137180854,2020,137180854,1,1,1,1,23,5,3,0,0,0,0,0,9,1,7,2020,137180854,428374.0,436912.0,-1.570413,53.827721,13,3,1,1,08/01/2020,4,14:30,204,E08000035,E08000035,6,0,6,20.0,0,-1,0,-1,0,0,1,1,1,0,0,1,1,2,E01011693
17319,2020137181090,2020,137181090,2,1,2,1,36,7,3,0,0,0,4,0,11,1,5,2020,137181090,428397.0,434390.0,-1.570295,53.805052,13,3,2,2,08/01/2020,4,16:23,204,E08000035,E08000035,6,0,6,30.0,3,4,6,0,0,0,4,1,1,0,0,1,1,2,E01011681
17320,2020137181090,2020,137181090,2,2,2,1,34,6,3,0,0,0,4,0,11,1,1,2020,137181090,428397.0,434390.0,-1.570295,53.805052,13,3,2,2,08/01/2020,4,16:23,204,E08000035,E08000035,6,0,6,30.0,3,4,6,0,0,0,4,1,1,0,0,1,1,2,E01011681
17321,2020137181658,2020,137181658,2,1,1,2,22,5,3,0,0,0,0,0,9,1,3,2020,137181658,418303.0,441342.0,-1.723151,53.867985,13,3,2,1,08/01/2020,4,20:35,204,E08000035,E08000035,6,0,6,30.0,6,2,3,6038,0,0,4,1,1,0,0,1,1,2,E01011270
17322,2020137181957,2020,137181957,1,1,1,1,34,6,2,0,0,0,0,0,3,1,2,2020,137181957,426081.0,435591.0,-1.605359,53.815967,13,2,1,1,08/01/2020,4,23:50,204,E08000035,E08000035,6,0,6,30.0,0,-1,0,-1,0,4,4,2,2,0,0,1,1,2,E01011477
17323,2020137190307,2020,137190307,1,1,3,1,32,6,3,5,1,0,0,0,0,1,3,2020,137190307,429385.0,433497.0,-1.555379,53.796972,13,3,1,1,09/01/2020,5,08:45,204,E08000035,E08000035,6,0,6,30.0,0,-1,0,-1,0,0,1,1,2,0,0,1,1,2,E01033008
17324,2020137190369,2020,137190369,2,1,1,1,37,7,3,0,0,0,0,0,3,1,4,2020,137190369,430526.0,432315.0,-1.538174,53.786283,13,3,2,1,09/01/2020,5,09:25,204,E08000035,E08000035,6,0,6,30.0,9,4,6,0,0,0,1,1,1,0,0,1,1,2,E01033016
17325,2020137191117,2020,137191117,1,1,3,1,16,4,3,5,1,0,0,0,0,1,3,2020,137191117,423362.0,433838.0,-1.646789,53.80034,13,3,1,1,09/01/2020,5,15:30,204,E08000035,E08000035,5,0,6,30.0,0,-1,0,-1,0,0,1,1,1,0,0,1,2,2,E01011611
17326,2020137191183,2020,137191183,2,1,1,1,25,5,3,0,0,0,0,0,1,1,2,2020,137191183,425928.0,435146.0,-1.60772,53.811975,13,3,2,1,09/01/2020,5,07:40,204,E08000035,E08000035,6,0,6,30.0,3,4,6,0,0,0,1,1,1,0,0,1,2,2,E01011281
17327,2020137191475,2020,137191475,1,1,3,1,51,8,3,9,9,0,0,0,0,1,8,2020,137191475,426620.0,435090.0,-1.597216,53.811437,13,3,1,1,09/01/2020,5,00:00,204,E08000035,E08000035,3,65,9,30.0,3,4,4,6157,0,5,4,1,2,0,0,1,1,2,E01011477