,accident_index,accident_year_x,accident_reference_x,vehicle_reference,casualty_reference,casualty_class,sex_of_casualty,age_of_casualty,age_band_of_casualty,casualty_severity,pedestrian_location,pedestrian_movement,car_passenger,bus_or_coach_passenger,pedestrian_road_maintenance_worker,casualty_type,casualty_home_area_type,casualty_imd_decile,accident_year_y,accident_reference_y,location_easting_osgr,location_northing_osgr,longitude,latitude,police_force,accident_severity,number_of_vehicles,number_of_casualties,date,day_of_week,time,local_authority_district,local_authority_ons_district,local_authority_highway,first_road_class,first_road_number,road_type,speed_limit,junction_detail,junction_control,second_road_class,second_road_number,pedestrian_crossing_human_control,pedestrian_crossing_physical_facilities,light_conditions,weather_conditions,road_surface_conditions,special_conditions_at_site,carriageway_hazards,urban_or_rural_area,did_police_officer_attend_scene_of_accident,trunk_road_flag,lsoa_of_accident_location
17328,20201371A0078,2020,1371A0078,1,1,1,1,19,4,2,0,0,0,0,0,3,1,1,2020,1371A0078,434215.0,433012.0,-1.482108,53.792319,13,2,2,1,10/01/2020,6,01:30,204,E08000035,E08000035,6,0,6,30.0,3,4,6,0,0,0,4,1,1,0,0,1,2,2,E01011624
17329,20201371A0244,2020,1371A0244,2,1,1,1,42,7,2,0,0,0,0,0,3,1,4,2020,1371A0244,424368.0,445351.0,-1.630606,53.903769,13,2,2,1,10/01/2020,6,07:28,204,E08000035,E08000035,3,658,6,30.0,3,4,3,659,0,0,4,1,1,0,0,2,1,2,E01011570
17330,20201371A0792,2020,1371A0792,2,1,1,1,16,4,3,0,0,0,0,0,2,1,2,2020,1371A0792,436207.0,434718.0,-1.451673,53.807517,13,3,2,1,10/01/2020,6,12:52,204,E08000035,E08000035,6,0,6,30.0,3,4,6,0,0,0,1,1,1,0,0,1,1,2,E01011408
17331,20201371A1071,2020,1371A1071,2,1,1,2,58,9,3,0,0,0,0,0,9,1,9,2020,1371A1071,431962.0,430489.0,-1.516568,53.769786,13,3,2,1,10/01/2020,6,14:11,204,E08000035,E08000035,3,639,6,30.0,3,4,6,0,0,0,1,1,1,0,0,2,2,2,E01011470
17332,20201371A1187,2020,1371A1187,1,1,3,1,55,8,3,9,7,0,0,0,0,1,1,2020,1371A1187,431461.0,433619.0,-1.52385,53.797947,13,3,1,1,10/01/2020,6,15:45,204,E08000035,E08000035,3,63,3,40.0,9,2,3,61,0,4,1,1,1,0,0,1,1,2,E01033021
17333,20201371A1270,2020,1371A1270,2,1,1,2,38,7,3,0,0,0,0,0,9,1,8,2020,1371A1270,428501.0,426070.0,-1.56948,53.730268,13,3,2,1,09/01/2020,5,09:30,204,E08000035,E08000035,3,650,6,30.0,9,4,6,0,0,0,1,1,1,0,0,1,2,2,E01011553
17334,20201371A1810,2020,1371A1810,2,1,2,1,29,6,3,0,0,0,0,0,97,1,1,2020,1371A1810,430065.0,430924.0,-1.545305,53.773808,13,3,2,1,10/01/2020,6,20:15,204,E08000035,E08000035,6,0,6,20.0,0,-1,0,-1,0,0,4,1,1,0,0,1,2,2,E01011312
17335,20201371A1831,2020,1371A1831,1,1,1,1,68,10,3,0,0,0,0,0,9,1,10,2020,1371A1831,426508.0,435664.0,-1.598867,53.816602,13,3,2,1,10/01/2020,6,00:00,204,E08000035,E08000035,4,1,6,30.0,6,2,4,6157,0,5,4,1,1,0,0,1,1,2,E01011477
17336,20201371B0541,2020,1371B0541,1,1,3,1,50,8,3,10,9,0,0,0,0,1,1,2020,1371B0541,440075.0,428761.0,-1.39371,53.753697,13,3,1,1,11/01/2020,7,10:30,204,E08000035,E08000035,6,0,6,30.0,8,4,6,0,0,0,1,1,1,0,0,2,2,2,E01011392
17337,20201371B1349,2020,1371B1349,1,1,1,1,39,7,3,0,0,0,0,0,9,1,3,2020,1371B1349,429273.0,430094.0,-1.5574,53.766393,13,3,2,1,11/01/2020,7,17:30,204,E08000035,E08000035,6,0,6,30.0,3,4,3,653,0,0,4,1,1,0,0,1,1,2,E01011319
17338,20201371B1375,2020,1371B1375,2,1,1,2,33,6,3,0,0,0,0,0,9,1,2,2020,1371B1375,425158.0,437849.0,-1.619194,53.836307,13,3,2,1,10/01/2020,6,18:35,204,E08000035,E08000035,3,6120,1,40.0,0,-1,0,-1,0,0,4,1,1,0,0,1,2,2,E01011464
17339,20201371B1453,2020,1371B1453,2,1,1,2,22,5,3,0,0,0,0,0,9,1,1,2020,1371B1453,428083.0,430034.0,-1.575458,53.765919,13,3,2,2,11/01/2020,7,18:30,204,E08000035,E08000035,3,6110,3,40.0,1,4,6,0,0,0,4,1,1,0,0,1,2,2,E01011317
17340,20201371B1453,2020,1371B1453,2,2,2,2,50,8,3,0,0,1,0,0,9,1,1,2020,1371B1453,428083.0,430034.0,-1.575458,53.765919,13,3,2,2,11/01/2020,7,18:30,204,E08000035,E08000035,3,6110,3,40.0,1,4,6,0,0,0,4,1,1,0,0,1,2,2,E01011317
17341,20201371B1620,2020,1371B1620,1,1,1,1,36,7,2,0,0,0,0,0,9,1,1,2020,1371B1620,429244.0,430819.0,-1.557772,53.772911,13,2,2,1,11/01/2020,7,20:20,204,E08000035,E08000035,6,0,6,20.0,3,4,6,0,0,0,4,2,2,0,0,1,1,2,E01011314
17342,20201371B1639,2020,1371B1639,2,1,2,2,26,6,3,0,0,2,0,0,8,1,1,2020,1371B1639,429954.0,433346.0,-1.546755,53.795582,13,3,2,1,11/01/2020,7,20:40,204,E08000035,E08000035,6,0,6,30.0,0,-1,0,-1,0,0,1,1,1,0,0,1,2,2,E01033010
17343,20201371C0281,2020,1371C0281,1,1,1,1,18,4,3,0,0,0,0,0,1,1,2,2020,1371C0281,423275.0,433377.0,-1.648144,53.7962,13,3,3,2,12/01/2020,1,03:00,204,E08000035,E08000035,4,6154,6,30.0,3,4,6,0,0,0,4,1,2,0,0,1,1,2,E01011614
17344,20201371C0281,2020,1371C0281,2,2,1,1,18,4,3,0,0,0,0,0,1,1,2,2020,1371C0281,423275.0,433377.0,-1.648144,53.7962,13,3,3,2,12/01/2020,1,03:00,204,E08000035,E08000035,4,6154,6,30.0,3,4,6,0,0,0,4,1,2,0,0,1,1,2,E01011614
17345,20201371C0300,2020,1371C0300,2,1,1,1,21,5,2,0,0,0,0,0,9,1,1,2020,1371C0300,424231.0,428165.0,-1.634038,53.749313,13,2,2,1,12/01/2020,1,03:55,204,E08000035,E08000035,3,62,1,40.0,1,2,3,650,0,0,4,1,2,0,0,1,1,1,E01011523
17346,20201371C1109,2020,1371C1109,3,1,1,1,41,7,3,0,0,0,0,0,9,1,3,2020,1371C1109,422054.0,436581.0,-1.666452,53.82505,13,3,3,1,12/01/2020,1,15:30,204,E08000035,E08000035,3,6120,6,40.0,0,-1,0,-1,0,0,1,1,1,0,0,1,1,2,E01011589
17347,20201371C1279,2020,1371C1279,1,1,1,1,30,6,2,0,0,0,0,0,9,1,3,2020,1371C1279,419378.0,444013.0,-1.706637,53.891953,13,2,4,2,12/01/2020,1,16:56,204,E08000035,E08000035,6,0,6,30.0,0,-1,0,-1,0,0,4,1,1,0,0,2,2,2,E01011279
17348,20201371C1279,2020,1371C1279,2,2,1,1,25,5,3,0,0,0,0,0,9,1,3,2020,1371C1279,419378.0,444013.0,-1.706637,53.891953,13,2,4,2,12/01/2020,1,16:56,204,E08000035,E08000035,6,0,6,30.0,0,-1,0,-1,0,0,4,1,1,0,0,2,2,2,E01011279
17349,20201371D0247,2020,1371D0247,2,1,1,1,26,6,3,0,0,0,0,0,19,1,1,2020,1371D0247,430697.0,426527.0,-1.536151,53.734252,13,3,2,1,13/01/2020,2,07:03,204,E08000035,E08000035,1,62,3,70.0,0,-1,0,-1,0,0,4,1,1,0,0,2,1,1,E01011499
17350,20201371D0434,2020,1371D0434,1,1,1,2,60,9,2,0,0,0,0,0,9,1,3,2020,1371D0434,430060.0,423956.0,-1.546055,53.711182,13,2,2,1,13/01/2020,2,09:47,204,E08000035,E08000035,1,1,3,70.0,0,-1,0,-1,0,0,1,1,1,0,0,2,1,1,E01011536
17351,20201371D0612,2020,1371D0612,1,1,3,2,31,6,2,5,1,0,0,0,0,1,1,2020,1371D0612,431262.0,435471.0,-1.526684,53.814604,13,2,1,1,13/01/2020,2,11:30,204,E08000035,E08000035,6,0,6,20.0,0,-1,0,-1,0,0,1,1,1,0,0,1,1,2,E01011361
17352,20201371D0729,2020,1371D0729,1,1,3,2,13,3,3,5,1,0,0,0,0,1,1,2020,1371D0729,431917.0,434392.0,-1.516848,53.804867,13,3,1,1,13/01/2020,2,12:00,204,E08000035,E08000035,6,0,6,30.0,0,-1,0,-1,0,0,1,1,1,0,0,1,2,2,E01011349
17353,20201371D1058,2020,1371D1058,2,1,1,2,53,8,3,0,0,0,0,0,1,1,3,2020,1371D1058,435026.0,434969.0,-1.469577,53.809854,13,3,2,1,13/01/2020,2,15:20,204,E08000035,E08000035,6,0,1,30.0,1,4,6,0,0,0,1,2,2,0,0,1,1,2,E01011667
17354,20201371D1514,2020,1371D1514,2,1,1,1,42,7,3,0,0,0,0,0,1,1,5,2020,1371D1514,428201.0,435795.0,-1.573143,53.817691,13,3,2,1,13/01/2020,2,18:10,204,E08000035,E08000035,3,660,6,30.0,3,4,6,0,0,0,7,1,1,0,0,1,2,2,E01032946
17355,20201371E1257,2020,1371E1257,1,1,1,1,23,5,3,0,0,0,0,0,9,2,4,2020,1371E1257,432739.0,434592.0,-1.504345,53.806614,13,3,1,1,14/01/2020,3,17:12,204,E08000035,E08000035,6,0,6,30.0,3,4,6,0,0,0,4,1,2,0,0,1,1,2,E01011344
17356,20201371F0581,2020,1371F0581,2,1,1,1,48,8,2,0,0,0,0,0,4,1,4,2020,1371F0581,429558.0,431566.0,-1.552937,53.779607,13,2,2,1,15/01/2020,4,11:27,204,E08000035,E08000035,6,0,6,30.0,6,4,6,0,0,0,1,1,2,0,0,1,1,2,E01011364
17357,20201371F0878,2020,1371F0878,2,1,1,1,60,9,3,0,0,0,0,0,1,1,5,2020,1371F0878,418670.0,444348.0,-1.717389,53.894989,13,3,2,1,15/01/2020,4,13:50,204,E08000035,E08000035,6,0,6,40.0,0,-1,0,-1,0,0,1,1,2,0,0,2,1,2,E01011573
17358,20201371F0888,2020,1371F0888,2,1,1,2,57,9,3,0,0,0,0,0,9,1,1,2020,1371F0888,429170.0,432416.0,-1.558744,53.787268,13,3,3,1,15/01/2020,4,14:04,204,E08000035,E08000035,6,0,6,30.0,3,4,6,0,0,0,1,1,1,0,0,1,1,2,E01033013
17359,20201371F0989,2020,1371F0989,2,1,1,1,41,7,3,0,0,0,0,0,9,1,1,2020,1371F0989,428390.0,432523.0,-1.570573,53.788273,13,3,3,1,15/01/2020,4,14:03,204,E08000035,E08000035,3,62,1,30.0,1,4,3,58,0,0,1,1,1,0,0,1,1,2,E01011363
17360,20201371F1402,2020,1371F1402,2,1,1,1,41,7,3,0,0,0,0,0,1,1,7,2020,1371F1402,430949.0,433978.0,-1.531587,53.801204,13,3,2,1,15/01/2020,4,17:50,204,E08000035,E08000035,6,0,6,30.0,3,4,6,0,0,0,4,1,1,0,0,1,1,2,E01033031
17361,20201371F1485,2020,1371F1485,1,1,1,2,50,8,3,0,0,0,0,0,9,-1,-1,2020,1371F1485,441285.0,445237.0,-1.373157,53.901679,13,3,4,1,15/01/2020,4,18:00,204,E08000035,E08000035,1,1,9,70.0,0,-1,0,-1,0,0,6,1,1,0,0,2,1,1,E01011707
17362,20201371F1578,2020,1371F1578,1,1,1,1,37,7,3,0,0,0,0,0,9,1,3,2020,1371F1578,429848.0,432306.0,-1.548465,53.786241,13,3,2,5,15/01/2020,4,19:11,204,E08000035,E08000035,6,0,6,30.0,6,2,3,653,0,5,7,1,1,1,0,1,1,2,E01033032
17363,20201371F1578,2020,1371F1578,2,2,1,1,33,6,3,0,0,0,0,0,9,1,5,2020,1371F1578,429848.0,432306.0,-1.548465,53.786241,13,3,2,5,15/01/2020,4,19:11,204,E08000035,E08000035,6,0,6,30.0,6,2,3,653,0,5,7,1,1,1,0,1,1,2,E01033032
17364,20201371F1578,2020,1371F1578,2,3,2,1,19,4,3,0,0,2,0,0,9,1,5,2020,1371F1578,429848.0,432306.0,-1.548465,53.786241,13,3,2,5,15/01/2020,4,19:11,204,E08000035,E08000035,6,0,6,30.0,6,2,3,653,0,5,7,1,1,1,0,1,1,2,E01033032
17365,20201371F1578,2020,1371F1578,2,4,2,2,23,5,3,0,0,1,0,0,9,1,4,2020,1371F1578,429848.0,432306.0,-1.548465,53.786241,13,3,2,5,15/01/2020,4,19:11,204,E08000035,E08000035,6,0,6,30.0,6,2,3,653,0,5,7,1,1,1,0,1,1,2,E01033032
17366,20201371F1578,2020,1371F1578,2,5,2,2,21,5,3,0,0,2,0,0,9,1,3,2020,1371F1578,429848.0,432306.0,-1.548465,53.786241,13,3,2,5,15/01/2020,4,19:11,204,E08000035,E08000035,6,0,6,30.0,6,2,3,653,0,5,7,1,1,1,0,1,1,2,E01033032
17367,20201371G0305,2020,1371G0305,1,1,1,1,28,6,3,0,0,0,0,0,9,-1,-1,2020,1371G0305,436165.0,436040.0,-1.452156,53.819402,13,3,2,3,16/01/2020,5,08:36,204,E08000035,E08000035,6,0,6,30.0,0,-1,0,-1,0,0,1,1,1,0,0,1,1,2,E01011724
17368,20201371G0305,2020,1371G0305,2,2,1,2,42,7,3,0,0,0,0,0,9,1,2,2020,1371G0305,436165.0,436040.0,-1.452156,53.819402,13,3,2,3,16/01/2020,5,08:36,204,E08000035,E08000035,6,0,6,30.0,0,-1,0,-1,0,0,1,1,1,0,0,1,1,2,E01011724
17369,20201371G0305,2020,1371G0305,2,3,2,2,6,2,3,0,0,2,0,0,9,1,2,2020,1371G0305,436165.0,436040.0,-1.452156,53.819402,13,3,2,3,16/01/2020,5,08:36,204,E08000035,E08000035,6,0,6,30.0,0,-1,0,-1,0,0,1,1,1,0,0,1,1,2,E01011724
17370,20201371G0526,2020,1371G0526,1,1,3,1,75,10,3,1,1,0,0,0,0,1,2,2020,1371G0526,424616.0,435098.0,-1.627649,53.811607,13,3,1,1,16/01/2020,5,11:10,204,E08000035,E08000035,3,657,6,30.0,0,-1,0,-1,2,4,1,1,1,0,0,1,1,2,E01011331
17371,20201371G0961,2020,1371G0961,2,1,1,1,37,7,3,0,0,0,0,0,9,1,4,2020,1371G0961,429744.0,437054.0,-1.549587,53.82892,13,3,2,1,16/01/2020,5,15:00,204,E08000035,E08000035,6,0,6,30.0,3,4,6,0,0,0,1,1,1,0,0,1,1,2,E01011355
17372,20201371G1049,2020,1371G1049,1,1,3,1,11,3,2,4,1,0,0,0,0,1,1,2020,1371G1049,431024.0,433518.0,-1.530495,53.797066,13,2,1,1,16/01/2020,5,15:10,204,E08000035,E08000035,3,653,6,30.0,3,2,6,0,0,5,1,1,1,0,0,1,1,2,E01033011
17373,20201371H0226,2020,1371H0226,2,1,1,2,52,8,3,0,0,0,0,0,4,1,2,2020,1371H0226,425469.0,432866.0,-1.614878,53.791506,13,3,2,1,17/01/2020,6,07:14,204,E08000035,E08000035,3,6110,1,40.0,1,4,4,6154,0,0,4,2,2,0,0,1,1,2,E01011730
17374,20201371H0326,2020,1371H0326,2,1,1,1,72,10,3,0,0,0,0,0,1,1,5,2020,1371H0326,436084.0,434878.0,-1.453521,53.808964,13,3,2,1,17/01/2020,6,09:00,204,E08000035,E08000035,6,0,6,30.0,0,-1,0,-1,0,0,1,2,2,0,0,1,1,2,E01011666
17375,20201371H1047,2020,1371H1047,1,1,3,2,88,11,2,5,9,0,0,0,0,1,8,2020,1371H1047,427827.0,436515.0,-1.578759,53.824182,13,2,1,1,17/01/2020,6,15:15,204,E08000035,E08000035,6,0,6,30.0,3,4,6,0,0,0,1,1,1,0,0,1,1,2,E01011692
17376,20201371I0394,2020,1371I0394,1,1,1,2,71,10,3,0,0,0,0,0,9,2,8,2020,1371I0394,431402.0,435029.0,-1.524603,53.810623,13,3,2,1,20/01/2020,2,08:50,204,E08000035,E08000035,6,0,6,50.0,6,2,6,0,0,5,1,1,1,0,0,1,1,2,E01011673
17377,20201371I0638,2020,1371I0638,1,1,1,2,28,6,3,0,0,0,0,0,9,3,7,2020,1371I0638,439869.0,429925.0,-1.396684,53.764174,13,3,2,5,18/01/2020,7,11:40,204,E08000035,E08000035,6,0,6,30.0,3,4,6,0,0,0,1,1,1,0,0,1,1,2,E01011392
17378,20201371I0638,2020,1371I0638,1,2,2,1,1,1,3,0,0,2,0,0,9,3,7,2020,1371I0638,439869.0,429925.0,-1.396684,53.764174,13,3,2,5,18/01/2020,7,11:40,204,E08000035,E08000035,6,0,6,30.0,3,4,6,0,0,0,1,1,1,0,0,1,1,2,E01011392
17379,20201371I0638,2020,1371I0638,2,3,1,1,40,7,3,0,0,0,0,0,9,1,7,2020,1371I0638,439869.0,429925.0,-1.396684,53.764174,13,3,2,5,18/01/2020,7,11:40,204,E08000035,E08000035,6,0,6,30.0,3,4,6,0,0,0,1,1,1,0,0,1,1,2,E01011392
17380,20201371I0638,2020,1371I0638,2,4,2,1,60,9,3,0,0,1,0,0,9,1,2,2020,1371I0638,439869.0,429925.0,-1.396684,53.764174,13,3,2,5,18/01/2020,7,11:40,204,E08000035,E08000035,6,0,6,30.0,3,4,6,0,0,0,1,1,1,0,0,1,1,2,E01011392
17381,20201371I0638,2020,1371I0638,2,5,2,1,2,1,3,0,0,2,0,0,9,1,7,2020,1371I0638,439869.0,429925.0,-1.396684,53.764174,13,3,2,5,18/01/2020,7,11:40,204,E08000035,E08000035,6,0,6,30.0,3,4,6,0,0,0,1,1,1,0,0,1,1,2,E01011392
17382,20201371I0967,2020,1371I0967,1,1,3,2,22,5,3,1,1,0,0,0,0,1,1,2020,1371I0967,431024.0,430782.0,-1.530769,53.772476,13,3,1,1,18/01/2020,7,14:45,204,E08000035,E08000035,6,0,6,30.0,3,4,6,0,0,4,1,1,2,0,0,1,1,2,E01011472
17383,20201371I1614,2020,1371I1614,2,1,1,1,44,7,3,0,0,0,0,0,3,-1,-1,2020,1371I1614,429156.0,433594.0,-1.558846,53.797856,13,3,2,1,18/01/2020,7,20:01,204,E08000035,E08000035,6,0,2,30.0,0,-1,0,-1,0,0,4,1,2,0,0,1,1,2,E01033008
17384,20201371J0511,2020,1371J0511,2,1,1,1,47,8,3,0,0,0,0,0,3,1,4,2020,1371J0511,429051.0,435491.0,-1.560262,53.814912,13,3,2,1,18/01/2020,7,13:30,204,E08000035,E08000035,5,0,6,30.0,6,4,5,0,0,0,1,1,1,0,0,1,2,2,E01033005
17385,20201371J1492,2020,1371J1492,2,1,1,1,36,7,3,0,0,0,0,0,3,1,1,2020,1371J1492,429001.0,436843.0,-1.560894,53.827066,13,3,2,1,19/01/2020,1,19:40,204,E08000035,E08000035,6,0,6,30.0,6,2,6,0,0,5,4,1,1,0,0,1,1,2,E01011688
17386,20201371K0665,2020,1371K0665,1,1,3,1,35,6,2,5,1,0,0,0,0,1,7,2020,1371K0665,428291.0,436511.0,-1.571711,53.824121,13,2,1,1,20/01/2020,2,12:25,204,E08000035,E08000035,4,6159,6,30.0,3,4,6,0,0,0,1,1,2,0,0,1,1,2,E01011693
17387,20201371K0832,2020,1371K0832,1,1,3,1,41,7,2,5,2,0,0,0,0,1,1,2020,1371K0832,431593.0,434015.0,-1.521806,53.801498,13,2,1,1,20/01/2020,2,13:00,204,E08000035,E08000035,6,0,6,30.0,2,4,6,0,0,1,1,1,1,0,0,1,1,2,E01011349
17388,20201371K1012,2020,1371K1012,1,1,2,1,62,9,3,0,0,1,0,0,9,1,2,2020,1371K1012,430962.0,433130.0,-1.531475,53.793582,13,3,2,1,20/01/2020,2,15:10,204,E08000035,E08000035,3,61,6,40.0,9,4,6,0,0,0,1,1,1,0,0,1,2,2,E01033033
17389,20201371K1243,2020,1371K1243,2,1,1,2,44,7,3,0,0,0,0,0,9,1,8,2020,1371K1243,431599.0,425177.0,-1.522615,53.722065,13,3,2,2,20/01/2020,2,17:01,204,E08000035,E08000035,1,1,3,70.0,0,-1,0,-1,0,0,4,1,1,0,0,2,1,1,E01011551
17390,20201371K1243,2020,1371K1243,2,2,2,1,18,4,3,0,0,1,0,0,9,1,8,2020,1371K1243,431599.0,425177.0,-1.522615,53.722065,13,3,2,2,20/01/2020,2,17:01,204,E08000035,E08000035,1,1,3,70.0,0,-1,0,-1,0,0,4,1,1,0,0,2,1,1,E01011551
17391,20201371K1726,2020,1371K1726,2,1,1,1,25,5,3,0,0,0,0,0,9,1,8,2020,1371K1726,431740.0,436156.0,-1.519354,53.820732,13,3,3,1,20/01/2020,2,21:00,204,E08000035,E08000035,3,1,6,30.0,3,4,3,1,0,0,4,1,1,0,0,1,1,2,E01011359
17392,20201371L0205,2020,1371L0205,2,1,1,1,24,5,3,0,0,0,0,0,3,1,6,2020,1371L0205,438494.0,430407.0,-1.417482,53.768609,13,3,2,1,21/01/2020,3,07:15,204,E08000035,E08000035,3,642,6,30.0,3,4,6,0,0,4,4,1,2,0,0,2,1,2,E01011390
17393,20201371L0431,2020,1371L0431,1,3,2,1,37,7,3,0,0,0,4,0,11,1,1,2020,1371L0431,429175.0,430016.0,-1.558894,53.765697,13,3,2,3,21/01/2020,3,10:11,204,E08000035,E08000035,3,653,6,30.0,9,4,6,0,0,0,1,1,1,0,0,1,2,2,E01011319
17394,20201371L0431,2020,1371L0431,2,1,1,1,46,8,3,0,0,0,0,0,11,1,1,2020,1371L0431,429175.0,430016.0,-1.558894,53.765697,13,3,2,3,21/01/2020,3,10:11,204,E08000035,E08000035,3,653,6,30.0,9,4,6,0,0,0,1,1,1,0,0,1,2,2,E01011319
17395,20201371L0431,2020,1371L0431,2,2,2,2,85,11,3,0,0,0,4,0,11,1,1,2020,1371L0431,429175.0,430016.0,-1.558894,53.765697,13,3,2,3,21/01/2020,3,10:11,204,E08000035,E08000035,3,653,6,30.0,9,4,6,0,0,0,1,1,1,0,0,1,2,2,E01011319
17396,20201371M0183,2020,1371M0183,1,1,1,2,30,6,3,0,0,0,0,0,9,1,2,2020,1371M0183,428763.0,432717.0,-1.564893,53.789996,13,3,2,2,22/01/2020,4,06:41,204,E08000035,E08000035,6,0,1,30.0,1,4,3,58,0,0,4,1,1,0,0,1,1,2,E01033013
17397,20201371M0183,2020,1371M0183,2,2,1,1,28,6,3,0,0,0,0,0,9,1,7,2020,1371M0183,428763.0,432717.0,-1.564893,53.789996,13,3,2,2,22/01/2020,4,06:41,204,E08000035,E08000035,6,0,1,30.0,1,4,3,58,0,0,4,1,1,0,0,1,1,2,E01033013
17398,20201371M0654,2020,1371M0654,3,1,2,1,18,4,3,0,0,1,0,0,9,1,1,2020,1371M0654,426434.0,433300.0,-1.600193,53.795359,13,3,3,1,23/01/2020,5,12:00,204,E08000035,E08000035,6,0,6,30.0,6,4,6,0,0,0,1,1,2,0,0,1,1,2,E01032607
17399,20201371M1052,2020,1371M1052,1,1,2,2,62,9,3,0,0,1,0,0,10,1,1,2020,1371M1052,426733.0,438362.0,-1.595218,53.840839,13,3,2,3,22/01/2020,4,14:51,204,E08000035,E08000035,3,658,6,50.0,6,4,6,0,0,0,1,1,2,0,0,1,1,2,E01011684
17400,20201371M1052,2020,1371M1052,1,2,2,2,62,9,3,0,0,2,0,0,10,1,1,2020,1371M1052,426733.0,438362.0,-1.595218,53.840839,13,3,2,3,22/01/2020,4,14:51,204,E08000035,E08000035,3,658,6,50.0,6,4,6,0,0,0,1,1,2,0,0,1,1,2,E01011684
17401,20201371M1052,2020,1371M1052,2,3,2,2,19,4,3,0,0,1,0,0,9,1,6,2020,1371M1052,426733.0,438362.0,-1.595218,53.840839,13,3,2,3,22/01/2020,4,14:51,204,E08000035,E08000035,3,658,6,50.0,6,4,6,0,0,0,1,1,2,0,0,1,1,2,E01011684
17402,20201371M1523,2020,1371M1523,1,1,3,1,32,6,2,5,9,0,0,0,0,1,3,2020,1371M1523,429857.0,435064.0,-1.548062,53.811029,13,2,2,1,22/01/2020,4,17:47,204,E08000035,E08000035,6,0,6,30.0,3,4,6,0,0,0,4,1,1,0,0,1,1,2,E01033005
17403,20201371M1546,2020,1371M1546,1,1,1,2,28,6,3,0,0,0,0,0,9,1,2,2020,1371M1546,432145.0,427367.0,-1.514115,53.741715,13,3,2,1,22/01/2020,4,18:02,204,E08000035,E08000035,1,1,3,70.0,0,-1,0,-1,0,0,4,1,1,0,0,2,1,1,E01032496
17404,20201371N0419,2020,1371N0419,2,1,1,1,25,5,3,0,0,0,0,0,1,1,4,2020,1371N0419,429153.0,431689.0,-1.559071,53.780735,13,3,2,1,23/01/2020,5,09:26,204,E08000035,E08000035,6,0,6,30.0,9,4,6,0,0,0,1,1,1,0,0,1,1,2,E01011366
17405,20201371N0562,2020,1371N0562,1,1,3,1,47,8,3,5,1,0,0,0,0,1,10,2020,1371N0562,440370.0,433236.0,-1.388653,53.793893,13,3,1,1,22/01/2020,4,14:00,204,E08000035,E08000035,6,0,6,30.0,3,4,6,0,0,0,1,1,1,0,0,1,2,2,E01011396
17406,20201371N0646,2020,1371N0646,2,1,1,2,35,6,3,0,0,0,0,0,9,1,1,2020,1371N0646,430488.0,437157.0,-1.538273,53.829803,13,3,2,2,23/01/2020,5,10:40,204,E08000035,E08000035,6,0,6,30.0,3,4,6,0,0,0,1,1,1,0,0,1,2,2,E01011352
17407,20201371N0646,2020,1371N0646,2,2,2,2,23,5,3,0,0,1,0,0,9,1,1,2020,1371N0646,430488.0,437157.0,-1.538273,53.829803,13,3,2,2,23/01/2020,5,10:40,204,E08000035,E08000035,6,0,6,30.0,3,4,6,0,0,0,1,1,1,0,0,1,2,2,E01011352
17408,20201371N0935,2020,1371N0935,1,1,1,1,30,6,2,0,0,0,0,0,4,-1,-1,2020,1371N0935,424660.0,427974.0,-1.627548,53.747576,13,2,2,1,23/01/2020,5,14:00,204,E08000035,E08000035,3,650,6,40.0,9,4,6,0,0,0,1,1,1,0,0,1,1,2,E01011523
17409,20201371N1558,2020,1371N1558,1,1,1,1,35,6,3,0,0,0,0,0,3,1,3,2020,1371N1558,429944.0,433070.0,-1.546934,53.793102,13,3,1,1,23/01/2020,5,18:25,204,E08000035,E08000035,6,0,6,30.0,0,-1,0,-1,0,0,4,1,1,0,0,1,1,2,E01033016
17410,20201371N1963,2020,1371N1963,2,1,1,2,33,6,3,0,0,0,0,0,9,1,6,2020,1371N1963,431389.0,432390.0,-1.525068,53.786906,13,3,2,1,23/01/2020,5,22:01,204,E08000035,E08000035,3,61,3,40.0,0,-1,0,-1,0,0,4,1,1,0,0,1,1,2,E01011467
17411,20201371O0556,2020,1371O0556,2,1,1,1,23,5,3,0,0,0,0,0,1,-1,-1,2020,1371O0556,421274.0,433344.0,-1.678523,53.795989,13,3,2,1,24/01/2020,6,11:00,204,E08000035,E08000035,6,0,6,30.0,8,4,6,0,0,0,1,1,1,0,0,1,1,2,E01011605
17412,20201371O0834,2020,1371O0834,1,1,1,1,19,4,1,0,0,0,0,0,3,1,3,2020,1371O0834,442985.0,441663.0,-1.347785,53.869421,13,1,2,2,24/01/2020,6,13:48,204,E08000035,E08000035,6,0,6,60.0,8,4,6,0,0,0,1,1,1,0,0,2,1,2,E01011712
17413,20201371O0834,2020,1371O0834,2,2,1,1,41,7,3,0,0,0,0,0,9,3,9,2020,1371O0834,442985.0,441663.0,-1.347785,53.869421,13,1,2,2,24/01/2020,6,13:48,204,E08000035,E08000035,6,0,6,60.0,8,4,6,0,0,0,1,1,1,0,0,2,1,2,E01011712
17414,20201371P0863,2020,1371P0863,2,1,1,1,43,7,3,0,0,0,0,0,9,1,2,2020,1371P0863,429930.0,437014.0,-1.546765,53.82855,13,3,2,3,25/01/2020,7,13:23,204,E08000035,E08000035,3,61,1,40.0,1,4,6,0,0,0,1,1,1,0,0,1,1,2,E01011355