,accident_index,accident_year_x,accident_reference_x,vehicle_reference,casualty_reference,casualty_class,sex_of_casualty,age_of_casualty,age_band_of_casualty,casualty_severity,pedestrian_location,pedestrian_movement,car_passenger,bus_or_coach_passenger,pedestrian_road_maintenance_worker,casualty_type,casualty_home_area_type,casualty_imd_decile,accident_year_y,accident_reference_y,location_easting_osgr,location_northing_osgr,longitude,latitude,police_force,accident_severity,number_of_vehicles,number_of_casualties,date,day_of_week,time,local_authority_district,local_authority_ons_district,local_authority_highway,first_road_class,first_road_number,road_type,speed_limit,junction_detail,junction_control,second_road_class,second_road_number,pedestrian_crossing_human_control,pedestrian_crossing_physical_facilities,light_conditions,weather_conditions,road_surface_conditions,special_conditions_at_site,carriageway_hazards,urban_or_rural_area,did_police_officer_attend_scene_of_accident,trunk_road_flag,lsoa_of_accident_location
17590,20201373B0811,2020,1373B0811,1,1,2,2,3,1,3,0,0,2,0,0,9,1,7,2020,1373B0811,423047.0,437663.0,-1.651286,53.834732,13,3,2,1,11/03/2020,4,13:41,204,E08000035,E08000035,3,65,1,30.0,1,2,3,6120,0,5,1,1,1,0,0,1,1,2,E01011452
17591,20201373B1117,2020,1373B1117,2,1,1,2,45,7,3,0,0,0,0,0,9,1,4,2020,1373B1117,426602.0,431740.0,-1.597777,53.781329,13,3,2,1,11/03/2020,4,15:56,204,E08000035,E08000035,3,58,6,30.0,0,-1,0,-1,0,0,1,1,2,0,0,1,1,2,E01011734
17592,20201373B1343,2020,1373B1343,1,1,1,1,20,4,3,0,0,0,0,0,9,1,9,2020,1373B1343,425223.0,437874.0,-1.618204,53.836528,13,3,3,1,11/03/2020,4,17:38,204,E08000035,E08000035,3,6120,2,30.0,0,-1,0,-1,0,0,1,1,1,0,0,1,1,2,E01011464
17593,20201373C0211,2020,1373C0211,1,1,3,2,38,7,3,1,3,0,0,0,0,1,7,2020,1373C0211,430014.0,432555.0,-1.545921,53.78847,13,3,1,1,12/03/2020,5,07:01,204,E08000035,E08000035,3,653,6,30.0,0,-1,0,-1,0,4,1,1,1,0,0,1,1,2,E01033032
17594,20201373D0658,2020,1373D0658,1,1,3,2,86,11,2,4,1,0,0,0,0,1,8,2020,1373D0658,431750.0,434603.0,-1.519362,53.806774,13,2,1,1,08/03/2020,1,17:55,204,E08000035,E08000035,6,0,2,20.0,3,4,6,0,0,1,1,2,2,0,0,1,2,2,E01011677
17595,20201373D1028,2020,1373D1028,1,1,3,1,10,2,3,5,1,0,0,0,0,1,1,2020,1373D1028,431677.0,433043.0,-1.52063,53.792757,13,3,1,1,13/03/2020,6,15:20,204,E08000035,E08000035,6,0,6,30.0,0,-1,0,-1,0,0,1,1,1,0,0,1,1,2,E01011626
17596,20201373D1034,2020,1373D1034,1,1,3,1,11,3,3,5,3,0,0,0,0,1,1,2020,1373D1034,431411.0,434089.0,-1.524562,53.802174,13,3,1,1,13/03/2020,6,15:30,204,E08000035,E08000035,6,0,6,30.0,3,2,6,0,0,0,1,1,1,0,0,1,1,2,E01033035
17597,20201373D1038,2020,1373D1038,1,1,3,1,40,7,3,5,9,0,0,0,0,-1,-1,2020,1373D1038,432355.0,434152.0,-1.510222,53.802683,13,3,1,1,13/03/2020,6,15:35,204,E08000035,E08000035,6,0,6,20.0,0,-1,0,-1,0,0,1,1,1,0,0,1,1,2,E01011348
17598,20201373D1087,2020,1373D1087,1,1,1,2,44,7,3,0,0,0,0,0,9,1,1,2020,1373D1087,427009.0,433109.0,-1.591481,53.793613,13,3,2,1,13/03/2020,6,16:30,204,E08000035,E08000035,6,0,6,30.0,6,4,6,0,0,0,1,1,1,0,0,1,1,2,E01011292
17599,20201373D1095,2020,1373D1095,2,1,1,2,25,5,3,0,0,0,0,0,9,1,2,2020,1373D1095,432502.0,426134.0,-1.508831,53.730611,13,3,2,1,13/03/2020,6,15:55,204,E08000035,E08000035,1,62,3,70.0,5,4,1,1,0,0,1,1,1,0,0,2,1,1,E01011499
17600,20201373D1575,2020,1373D1575,2,1,2,2,59,9,3,0,0,2,0,0,8,1,8,2020,1373D1575,432329.0,438891.0,-1.510122,53.845277,13,3,2,1,13/03/2020,6,19:18,204,E08000035,E08000035,6,0,6,30.0,9,4,6,0,0,0,1,1,1,0,0,1,2,2,E01011651
17601,20201373E0214,2020,1373E0214,1,1,1,1,35,6,3,0,0,0,0,0,9,1,1,2020,1373E0214,430078.0,434394.0,-1.544771,53.804994,13,3,1,1,14/03/2020,7,03:50,204,E08000035,E08000035,2,64,7,40.0,0,-1,0,-1,0,0,4,1,1,0,0,1,1,2,E01033010
17602,20201373E1955,2020,1373E1955,2,1,1,1,57,9,3,0,0,0,0,0,9,1,1,2020,1373E1955,431495.0,433967.0,-1.523299,53.801073,13,3,2,1,14/03/2020,7,23:20,204,E08000035,E08000035,6,0,6,30.0,3,4,6,0,0,0,4,1,1,0,0,1,1,2,E01033031
17603,20201373F1563,2020,1373F1563,1,1,1,1,22,5,3,0,0,0,0,0,9,1,1,2020,1373F1563,432722.0,429626.0,-1.505129,53.761982,13,3,1,1,15/03/2020,1,20:40,204,E08000035,E08000035,6,0,6,30.0,1,4,3,61,0,0,4,1,1,0,0,2,1,2,E01011470
17604,20201373F1798,2020,1373F1798,1,1,1,2,62,9,3,0,0,0,0,0,22,1,6,2020,1373F1798,426261.0,427856.0,-1.603281,53.746438,13,3,2,1,15/03/2020,1,23:15,204,E08000035,E08000035,6,0,6,30.0,0,-1,0,-1,0,0,4,1,1,0,0,1,1,2,E01011541
17605,20201373G0393,2020,1373G0393,1,1,1,1,61,9,2,0,0,0,0,0,9,1,6,2020,1373G0393,420957.0,434380.0,-1.683266,53.805313,13,2,1,1,16/03/2020,2,09:41,204,E08000035,E08000035,3,647,3,60.0,0,-1,0,-1,0,0,1,1,1,0,0,1,1,2,E01011595
17606,20201373G0603,2020,1373G0603,1,1,1,1,76,11,3,0,0,0,0,0,9,1,1,2020,1373G0603,435758.0,435154.0,-1.45844,53.811467,13,3,3,3,16/03/2020,2,12:01,204,E08000035,E08000035,3,64,6,30.0,0,-1,0,-1,0,0,1,1,1,0,0,1,1,2,E01011666
17607,20201373G0603,2020,1373G0603,1,2,2,1,26,6,3,0,0,1,0,0,9,1,1,2020,1373G0603,435758.0,435154.0,-1.45844,53.811467,13,3,3,3,16/03/2020,2,12:01,204,E08000035,E08000035,3,64,6,30.0,0,-1,0,-1,0,0,1,1,1,0,0,1,1,2,E01011666
17608,20201373G0603,2020,1373G0603,2,3,1,1,50,8,3,0,0,0,0,0,9,1,2,2020,1373G0603,435758.0,435154.0,-1.45844,53.811467,13,3,3,3,16/03/2020,2,12:01,204,E08000035,E08000035,3,64,6,30.0,0,-1,0,-1,0,0,1,1,1,0,0,1,1,2,E01011666
17609,20201373G1345,2020,1373G1345,2,1,1,1,50,8,3,0,0,0,0,0,1,1,6,2020,1373G1345,431909.0,435747.0,-1.516829,53.817046,13,3,2,1,16/03/2020,2,17:00,204,E08000035,E08000035,3,58,3,40.0,3,4,6,0,0,0,1,1,1,0,0,1,2,2,E01011422
17610,20201373H0540,2020,1373H0540,2,1,1,1,66,10,3,0,0,0,0,0,9,1,1,2020,1373H0540,429953.0,430858.0,-1.547011,53.773221,13,3,2,2,17/03/2020,3,11:46,204,E08000035,E08000035,6,0,3,40.0,0,-1,0,-1,0,4,1,1,1,0,0,1,1,2,E01011322
17611,20201373H0540,2020,1373H0540,2,2,2,2,41,7,3,0,0,1,0,0,9,1,1,2020,1373H0540,429953.0,430858.0,-1.547011,53.773221,13,3,2,2,17/03/2020,3,11:46,204,E08000035,E08000035,6,0,3,40.0,0,-1,0,-1,0,4,1,1,1,0,0,1,1,2,E01011322
17612,20201373H0897,2020,1373H0897,2,1,1,2,40,7,3,0,0,0,0,0,9,1,5,2020,1373H0897,430863.0,436282.0,-1.532663,53.821917,13,3,2,1,17/03/2020,3,15:00,204,E08000035,E08000035,6,0,6,30.0,6,2,6,0,0,0,1,1,1,0,0,1,2,2,E01011356
17613,20201373I0887,2020,1373I0887,1,1,3,1,15,3,2,5,1,0,0,0,0,1,1,2020,1373I0887,429549.0,437489.0,-1.552508,53.832841,13,2,1,1,18/03/2020,4,15:15,204,E08000035,E08000035,6,0,6,20.0,0,-1,0,-1,0,0,1,1,1,0,0,1,1,2,E01011505
17614,20201373I1300,2020,1373I1300,1,1,1,2,36,7,3,0,0,0,0,0,9,1,1,2020,1373I1300,430723.0,436739.0,-1.534744,53.826033,13,3,2,2,18/03/2020,4,18:33,204,E08000035,E08000035,6,0,6,30.0,0,-1,0,-1,2,5,1,1,1,0,0,1,2,2,E01011352
17615,20201373I1300,2020,1373I1300,1,2,2,1,6,2,3,0,0,1,0,0,9,1,1,2020,1373I1300,430723.0,436739.0,-1.534744,53.826033,13,3,2,2,18/03/2020,4,18:33,204,E08000035,E08000035,6,0,6,30.0,0,-1,0,-1,2,5,1,1,1,0,0,1,2,2,E01011352
17616,20201373J0243,2020,1373J0243,2,1,1,1,29,6,3,0,0,0,0,0,1,1,7,2020,1373J0243,440138.0,426163.0,-1.393091,53.730343,13,3,2,1,19/03/2020,5,07:40,204,E08000035,E08000035,3,639,6,50.0,3,4,6,0,0,0,1,1,1,0,0,2,1,2,E01011394
17617,20201373J0687,2020,1373J0687,2,1,1,1,48,8,2,0,0,0,0,0,1,2,10,2020,1373J0687,428519.0,437318.0,-1.568173,53.831362,13,2,2,1,19/03/2020,5,12:59,204,E08000035,E08000035,6,0,6,30.0,0,-1,0,-1,0,0,1,1,1,0,0,1,1,2,E01011689
17618,20201373J1577,2020,1373J1577,1,1,1,1,28,6,3,0,0,0,0,0,9,3,5,2020,1373J1577,428682.0,434132.0,-1.565992,53.802718,13,3,2,2,19/03/2020,5,16:00,204,E08000035,E08000035,6,0,6,30.0,0,-1,0,-1,0,0,1,1,1,0,0,1,2,2,E01011681
17619,20201373J1577,2020,1373J1577,2,2,1,1,26,6,3,0,0,0,0,0,9,2,9,2020,1373J1577,428682.0,434132.0,-1.565992,53.802718,13,3,2,2,19/03/2020,5,16:00,204,E08000035,E08000035,6,0,6,30.0,0,-1,0,-1,0,0,1,1,1,0,0,1,2,2,E01011681
17620,20201373J1648,2020,1373J1648,1,1,3,1,64,9,2,5,3,0,0,0,0,1,1,2020,1373J1648,428225.0,435090.0,-1.572843,53.811353,13,2,1,1,19/03/2020,5,15:35,204,E08000035,E08000035,6,0,6,30.0,0,-1,0,-1,0,0,7,1,1,0,0,1,2,2,E01011447
17621,20201373L0899,2020,1373L0899,1,1,3,1,21,5,3,5,1,0,0,0,0,1,3,2020,1373L0899,430440.0,433949.0,-1.539318,53.800974,13,3,1,1,21/03/2020,7,14:45,204,E08000035,E08000035,6,0,2,30.0,0,-1,0,-1,0,0,1,1,1,0,0,1,1,2,E01033010
17622,20201373L1343,2020,1373L1343,2,1,1,2,21,5,3,0,0,0,0,0,9,1,3,2020,1373L1343,430072.0,425116.0,-1.545761,53.721607,13,3,3,2,21/03/2020,7,18:54,204,E08000035,E08000035,3,650,6,30.0,0,-1,0,-1,0,0,4,1,1,0,0,1,1,2,E01011537
17623,20201373L1343,2020,1373L1343,2,2,2,1,22,5,3,0,0,1,0,0,9,1,7,2020,1373L1343,430072.0,425116.0,-1.545761,53.721607,13,3,3,2,21/03/2020,7,18:54,204,E08000035,E08000035,3,650,6,30.0,0,-1,0,-1,0,0,4,1,1,0,0,1,1,2,E01011537
17624,20201373M0006,2020,1373M0006,1,1,1,1,19,4,3,0,0,0,0,0,9,1,6,2020,1373M0006,440288.0,448443.0,-1.387909,53.93057,13,3,1,1,22/03/2020,1,00:00,204,E08000035,E08000035,6,0,6,30.0,0,-1,0,-1,0,1,4,1,1,0,0,1,1,2,E01011704
17625,20201373M0505,2020,1373M0505,1,1,1,1,52,8,3,0,0,0,0,0,1,1,10,2020,1373M0505,424368.0,445353.0,-1.630606,53.903787,13,3,2,1,22/03/2020,1,12:15,204,E08000035,E08000035,3,659,6,30.0,3,4,3,658,0,0,1,1,1,0,0,2,1,2,E01011570
17626,20201373M0684,2020,1373M0684,1,1,1,1,29,6,2,0,0,0,0,0,4,1,9,2020,1373M0684,421177.0,440439.0,-1.67951,53.859761,13,2,2,1,22/03/2020,1,14:15,204,E08000035,E08000035,3,658,6,30.0,3,4,6,0,0,4,1,1,1,0,0,1,1,2,E01011276
17627,20201373M0895,2020,1373M0895,1,1,1,1,46,8,2,0,0,0,0,0,5,1,5,2020,1373M0895,430318.0,426989.0,-1.541851,53.738427,13,2,1,1,22/03/2020,1,16:15,204,E08000035,E08000035,6,0,6,30.0,0,-1,0,-1,0,0,1,1,1,0,0,1,1,2,E01032495
17628,20201373M1407,2020,1373M1407,1,1,1,1,33,6,3,0,0,0,0,0,9,1,1,2020,1373M1407,427196.0,430622.0,-1.588862,53.77125,13,3,2,1,22/03/2020,1,21:34,204,E08000035,E08000035,1,621,3,50.0,0,-1,0,-1,0,0,1,1,1,0,0,1,1,1,E01011318
17629,20201373N0491,2020,1373N0491,2,1,1,2,59,9,3,0,0,0,0,0,9,1,5,2020,1373N0491,441155.0,447997.0,-1.374765,53.926493,13,3,2,1,23/03/2020,2,12:00,204,E08000035,E08000035,2,1,3,70.0,0,-1,0,-1,0,0,1,1,1,0,0,2,1,1,E01011704
17630,20201373O0587,2020,1373O0587,1,1,1,1,64,9,3,0,0,0,0,0,9,1,2,2020,1373O0587,428123.0,426275.0,-1.575191,53.732131,13,3,2,2,24/03/2020,3,12:48,204,E08000035,E08000035,3,650,3,40.0,1,2,3,6110,0,5,1,1,1,1,0,1,1,2,E01011550
17631,20201373O0587,2020,1373O0587,2,2,1,2,60,9,3,0,0,0,0,0,9,1,7,2020,1373O0587,428123.0,426275.0,-1.575191,53.732131,13,3,2,2,24/03/2020,3,12:48,204,E08000035,E08000035,3,650,3,40.0,1,2,3,6110,0,5,1,1,1,1,0,1,1,2,E01011550
17632,20201373P0209,2020,1373P0209,2,1,1,2,63,9,3,0,0,0,0,0,9,1,3,2020,1373P0209,426304.0,434005.0,-1.602107,53.801702,13,3,2,1,25/03/2020,4,08:18,204,E08000035,E08000035,3,647,3,40.0,3,2,6,0,0,4,1,1,1,4,0,1,1,2,E01032499
17633,20201373P1113,2020,1373P1113,2,1,1,1,66,10,2,0,0,0,0,0,1,1,8,2020,1373P1113,435897.0,425846.0,-1.457407,53.727801,13,2,2,1,25/03/2020,4,16:10,204,E08000035,E08000035,3,642,1,40.0,1,4,1,62,0,0,1,1,1,0,0,2,1,2,E01011636
17634,20201373P1774,2020,1373P1774,1,1,1,1,34,6,2,0,0,0,0,0,1,1,1,2020,1373P1774,431334.0,435053.0,-1.525633,53.810843,13,2,2,1,25/03/2020,4,21:00,204,E08000035,E08000035,6,0,6,30.0,3,1,6,0,2,4,4,1,1,0,0,1,1,2,E01011429
17635,20201373Q0405,2020,1373Q0405,2,1,1,1,41,7,2,0,0,0,0,0,1,1,2,2020,1373Q0405,424105.0,434511.0,-1.635456,53.806355,13,2,2,1,24/03/2020,3,16:15,204,E08000035,E08000035,6,0,6,30.0,3,4,6,0,0,0,1,1,1,0,0,1,2,2,E01011334
17636,20201373Q0473,2020,1373Q0473,1,1,1,1,35,6,3,0,0,0,0,0,4,1,1,2020,1373Q0473,429605.0,430853.0,-1.552291,53.773196,13,3,2,1,28/03/2020,7,10:32,204,E08000035,E08000035,6,0,6,20.0,6,4,6,0,0,0,1,1,1,0,0,1,1,2,E01011375
17637,20201373Q1497,2020,1373Q1497,2,1,1,1,48,8,3,0,0,0,0,0,1,3,9,2020,1373Q1497,425581.0,443075.0,-1.612334,53.883255,13,3,2,1,26/03/2020,5,18:00,204,E08000035,E08000035,6,0,6,30.0,3,4,3,660,0,0,1,1,1,0,0,2,1,2,E01011576
17638,20201373R0293,2020,1373R0293,1,1,1,1,55,8,2,0,0,0,0,0,1,1,8,2020,1373R0293,436894.0,433768.0,-1.441354,53.798931,13,2,1,1,26/03/2020,5,13:00,204,E08000035,E08000035,6,0,6,30.0,0,-1,0,-1,0,0,1,1,1,0,0,1,2,2,E01011411
17639,20201373S0331,2020,1373S0331,1,1,1,1,47,8,2,0,0,0,0,0,3,1,10,2020,1373S0331,428345.0,441000.0,-1.570479,53.864463,13,2,1,1,28/03/2020,7,09:30,204,E08000035,E08000035,6,0,6,60.0,0,-1,0,-1,0,0,1,1,1,0,0,2,1,2,E01011554
17640,20201373S1378,2020,1373S1378,1,1,3,1,28,6,3,5,3,0,0,0,0,1,4,2020,1373S1378,427265.0,429574.0,-1.587907,53.761827,13,3,1,1,28/03/2020,7,19:48,204,E08000035,E08000035,6,0,6,30.0,0,-1,0,-1,0,0,4,2,2,0,0,1,1,2,E01011518
17641,20201373U1506,2020,1373U1506,1,1,1,2,25,5,3,0,0,0,0,0,9,1,8,2020,1373U1506,431401.0,435022.0,-1.524619,53.81056,13,3,2,1,30/03/2020,2,20:24,204,E08000035,E08000035,6,0,6,30.0,6,2,6,0,0,4,4,1,1,0,0,1,1,2,E01011673
17642,2020137411373,2020,137411373,1,1,1,1,38,7,3,0,0,0,0,0,9,1,7,2020,137411373,430234.0,436056.0,-1.54224,53.819923,13,3,2,2,01/04/2020,4,19:00,204,E08000035,E08000035,3,61,3,40.0,0,-1,0,-1,0,0,1,1,1,0,0,1,1,2,E01011357
17643,2020137411373,2020,137411373,2,2,1,1,26,6,3,0,0,0,0,0,9,1,9,2020,137411373,430234.0,436056.0,-1.54224,53.819923,13,3,2,2,01/04/2020,4,19:00,204,E08000035,E08000035,3,61,3,40.0,0,-1,0,-1,0,0,1,1,1,0,0,1,1,2,E01011357
17644,2020137440841,2020,137440841,2,1,1,1,40,7,3,0,0,0,0,0,8,1,3,2020,137440841,429521.0,435694.0,-1.553104,53.81671,13,3,2,1,04/04/2020,7,14:25,204,E08000035,E08000035,6,0,6,20.0,3,4,6,0,0,0,1,1,1,0,0,1,2,2,E01011669
17645,2020137450394,2020,137450394,2,1,1,1,40,7,3,0,0,0,0,0,9,3,6,2020,137450394,434622.0,428136.0,-1.476475,53.748469,13,3,2,1,05/04/2020,1,10:20,204,E08000035,E08000035,3,654,6,30.0,3,1,6,0,0,0,1,1,1,0,0,1,1,2,E01011633
17646,2020137470290,2020,137470290,2,1,1,1,56,9,1,0,0,0,0,0,5,1,7,2020,137470290,431241.0,439311.0,-1.526615,53.849118,13,1,2,1,07/04/2020,3,07:05,204,E08000035,E08000035,3,6120,6,40.0,6,2,6,0,0,5,1,1,1,0,0,1,1,2,E01011556
17647,2020137491551,2020,137491551,1,1,1,1,25,5,3,0,0,0,0,0,9,1,1,2020,137491551,428656.0,434153.0,-1.566384,53.802908,13,3,2,1,09/04/2020,5,16:16,204,E08000035,E08000035,6,0,6,40.0,0,-1,0,-1,0,0,1,1,1,0,0,1,1,2,E01011681
17648,2020137491817,2020,137491817,2,1,1,1,45,7,3,0,0,0,0,0,9,1,1,2020,137491817,429144.0,431776.0,-1.559199,53.781517,13,3,2,1,09/04/2020,5,17:20,204,E08000035,E08000035,6,0,6,30.0,3,4,1,621,0,0,1,1,1,0,0,1,2,2,E01011366
17649,20201374A2107,2020,1374A2107,2,1,1,1,37,7,3,0,0,0,0,0,1,1,4,2020,1374A2107,427569.0,434541.0,-1.582853,53.806454,13,3,2,1,09/04/2020,5,16:30,204,E08000035,E08000035,6,0,6,30.0,6,4,3,65,0,0,1,1,1,0,0,1,2,2,E01011482
17650,20201374B2807,2020,1374B2807,1,1,1,1,19,4,3,0,0,0,0,0,9,1,1,2020,1374B2807,430710.0,439718.0,-1.534646,53.852807,13,2,1,3,11/04/2020,7,21:00,204,E08000035,E08000035,6,0,6,20.0,6,4,6,0,0,0,4,1,1,0,0,1,1,2,E01011557
17651,20201374B2807,2020,1374B2807,1,2,2,1,20,4,2,0,0,1,0,0,9,1,1,2020,1374B2807,430710.0,439718.0,-1.534646,53.852807,13,2,1,3,11/04/2020,7,21:00,204,E08000035,E08000035,6,0,6,20.0,6,4,6,0,0,0,4,1,1,0,0,1,1,2,E01011557
17652,20201374B2807,2020,1374B2807,1,3,2,2,20,4,3,0,0,2,0,0,9,1,1,2020,1374B2807,430710.0,439718.0,-1.534646,53.852807,13,2,1,3,11/04/2020,7,21:00,204,E08000035,E08000035,6,0,6,20.0,6,4,6,0,0,0,4,1,1,0,0,1,1,2,E01011557
17653,20201374D1800,2020,1374D1800,2,1,1,1,19,4,3,0,0,0,0,0,1,1,1,2020,1374D1800,425020.0,433163.0,-1.62167,53.794197,13,3,2,1,13/04/2020,2,20:20,204,E08000035,E08000035,6,0,1,40.0,1,4,3,6110,0,0,4,1,1,0,0,1,1,2,E01011727
17654,20201374E0031,2020,1374E0031,1,1,1,1,19,4,3,0,0,0,0,0,9,1,1,2020,1374E0031,425061.0,434287.0,-1.620956,53.804297,13,3,1,1,14/04/2020,3,00:26,204,E08000035,E08000035,3,647,3,60.0,0,-1,0,-1,0,0,4,1,1,0,7,1,1,2,E01032606
17655,20201374E1710,2020,1374E1710,2,1,1,1,24,5,3,0,0,0,0,0,1,1,1,2020,1374E1710,431062.0,430364.0,-1.530234,53.768716,13,3,2,1,14/04/2020,3,17:22,204,E08000035,E08000035,6,0,6,30.0,3,4,6,0,0,1,1,1,1,0,0,1,1,2,E01011472
17656,20201374E2538,2020,1374E2538,2,1,1,2,37,7,3,0,0,0,0,0,1,1,7,2020,1374E2538,431644.0,438819.0,-1.52054,53.844672,13,3,2,1,14/04/2020,3,18:30,204,E08000035,E08000035,6,0,6,30.0,3,4,6,0,0,0,1,1,1,0,0,1,2,2,E01011508
17657,20201374F0855,2020,1374F0855,2,1,1,2,56,9,3,0,0,0,0,0,9,1,2,2020,1374F0855,426624.0,427722.0,-1.597789,53.745215,13,3,2,1,15/04/2020,4,13:28,204,E08000035,E08000035,6,0,6,30.0,3,4,6,0,0,0,1,1,1,0,0,1,2,2,E01032492
17658,20201374F1806,2020,1374F1806,1,1,3,2,22,5,3,1,1,0,0,0,0,-1,-1,2020,1374F1806,430351.0,428113.0,-1.541241,53.748527,13,3,1,1,15/04/2020,4,18:20,204,E08000035,E08000035,6,0,6,30.0,0,-1,0,-1,0,4,1,1,1,0,0,1,1,2,E01032498
17659,20201374F1874,2020,1374F1874,1,1,3,2,70,10,3,6,9,0,0,0,0,1,1,2020,1374F1874,429932.0,436669.0,-1.546768,53.825449,13,3,1,1,15/04/2020,4,11:45,204,E08000035,E08000035,3,61,3,40.0,1,2,6,0,0,5,1,1,1,0,0,1,2,2,E01011355
17660,20201374F1974,2020,1374F1974,1,1,1,1,26,6,2,0,0,0,0,0,1,1,9,2020,1374F1974,420328.0,445551.0,-1.692081,53.90574,13,2,2,1,15/04/2020,4,19:00,204,E08000035,E08000035,3,659,1,50.0,1,4,3,660,0,0,1,1,1,0,0,1,1,2,E01011569
17661,20201374G0567,2020,1374G0567,2,1,1,1,24,5,3,0,0,0,0,0,9,1,9,2020,1374G0567,425579.0,437074.0,-1.612861,53.829321,13,3,2,1,16/04/2020,5,10:50,204,E08000035,E08000035,6,0,6,30.0,0,-1,0,-1,0,0,1,1,1,0,0,1,1,2,E01011484
17662,20201374G1327,2020,1374G1327,1,1,1,1,55,8,3,0,0,0,0,0,9,1,2,2020,1374G1327,430658.0,434698.0,-1.535934,53.807693,13,3,2,3,16/04/2020,5,15:40,204,E08000035,E08000035,3,58,3,40.0,6,2,3,61,0,0,1,8,1,0,0,1,1,2,E01011671
17663,20201374G1327,2020,1374G1327,1,2,2,2,46,8,3,0,0,1,0,0,9,1,2,2020,1374G1327,430658.0,434698.0,-1.535934,53.807693,13,3,2,3,16/04/2020,5,15:40,204,E08000035,E08000035,3,58,3,40.0,6,2,3,61,0,0,1,8,1,0,0,1,1,2,E01011671
17664,20201374G1327,2020,1374G1327,1,3,2,2,10,2,3,0,0,2,0,0,9,1,2,2020,1374G1327,430658.0,434698.0,-1.535934,53.807693,13,3,2,3,16/04/2020,5,15:40,204,E08000035,E08000035,3,58,3,40.0,6,2,3,61,0,0,1,8,1,0,0,1,1,2,E01011671
17665,20201374H0477,2020,1374H0477,2,1,1,2,36,7,3,0,0,0,0,0,9,1,8,2020,1374H0477,424401.0,434761.0,-1.630941,53.808588,13,3,2,1,17/04/2020,6,10:00,204,E08000035,E08000035,6,0,6,30.0,6,4,6,0,0,0,1,1,1,0,0,1,2,2,E01011334
17666,20201374H1116,2020,1374H1116,2,1,1,1,44,7,3,0,0,0,0,0,1,1,9,2020,1374H1116,427827.0,436515.0,-1.578759,53.824182,13,3,2,1,17/04/2020,6,15:18,204,E08000035,E08000035,4,6159,6,30.0,3,4,4,6157,0,0,1,1,1,0,0,1,1,2,E01011692
17667,20201374H1366,2020,1374H1366,1,1,1,1,39,7,3,0,0,0,0,0,9,1,7,2020,1374H1366,425401.0,435427.0,-1.6157,53.814527,13,3,2,1,17/04/2020,6,16:49,204,E08000035,E08000035,6,0,6,20.0,0,-1,0,-1,0,0,1,1,1,0,0,1,1,2,E01011324
17668,20201374H1439,2020,1374H1439,2,1,1,1,26,6,3,0,0,0,0,0,9,1,1,2020,1374H1439,444364.0,427921.0,-1.328789,53.745801,13,3,2,1,17/04/2020,6,17:17,204,E08000035,E08000035,6,0,6,60.0,0,-1,0,-1,0,0,1,1,1,0,0,2,2,2,E01011299
17669,20201374H1611,2020,1374H1611,2,1,1,1,38,7,2,0,0,0,0,0,3,1,2,2020,1374H1611,433443.0,434034.0,-1.493716,53.801554,13,2,2,1,18/04/2020,7,18:11,204,E08000035,E08000035,3,64,3,40.0,3,2,6,0,0,0,1,1,1,0,0,1,2,2,E01011617
17670,20201374J0397,2020,1374J0397,1,1,1,1,17,4,3,0,0,0,0,0,4,1,1,2020,1374J0397,424463.0,435689.0,-1.629926,53.816926,13,3,2,1,19/04/2020,1,09:34,204,E08000035,E08000035,6,0,6,30.0,0,-1,0,-1,0,0,1,1,1,0,0,1,1,2,E01011323
17671,20201374J1395,2020,1374J1395,2,1,1,1,51,8,2,0,0,0,0,0,1,1,10,2020,1374J1395,441153.0,433267.0,-1.376763,53.79411,13,2,2,1,19/04/2020,1,00:20,204,E08000035,E08000035,6,0,6,20.0,0,-1,0,-1,0,0,6,1,1,0,0,1,2,2,E01011400
17672,20201374K1730,2020,1374K1730,2,1,1,1,49,8,3,0,0,0,0,0,1,1,8,2020,1374K1730,423506.0,434580.0,-1.644546,53.807002,13,3,2,1,20/04/2020,2,19:00,204,E08000035,E08000035,6,0,6,30.0,3,4,6,0,0,0,1,1,1,0,0,1,1,2,E01011337
17673,20201374K1924,2020,1374K1924,2,1,1,2,65,9,3,0,0,0,0,0,1,1,9,2020,1374K1924,427415.0,438322.0,-1.584857,53.840444,13,3,2,1,20/04/2020,2,13:20,204,E08000035,E08000035,6,0,6,30.0,0,-1,0,-1,0,0,1,1,1,0,0,1,2,2,E01032876
17674,20201374L0864,2020,1374L0864,2,1,1,1,60,9,2,0,0,0,0,0,1,1,10,2020,1374L0864,425173.0,440739.0,-1.618732,53.86228,13,2,2,1,21/04/2020,3,14:00,204,E08000035,E08000035,6,0,6,30.0,0,-1,0,-1,0,0,1,1,1,0,0,1,1,2,E01011376
17675,20201374L1355,2020,1374L1355,1,1,1,1,41,7,2,0,0,0,0,0,1,-1,-1,2020,1374L1355,427955.0,433624.0,-1.577075,53.798192,13,2,1,1,22/04/2020,4,17:05,204,E08000035,E08000035,3,647,2,40.0,0,-1,0,-1,0,0,1,1,1,0,0,1,1,2,E01011294
17676,20201374L1836,2020,1374L1836,1,1,2,1,23,5,3,0,0,1,0,0,9,-1,-1,2020,1374L1836,425180.0,435242.0,-1.619071,53.812875,13,3,1,1,21/04/2020,3,00:00,204,E08000035,E08000035,6,0,6,40.0,0,-1,0,-1,0,0,4,1,1,0,0,1,1,2,E01011332