,accident_index,accident_year_x,accident_reference_x,vehicle_reference,casualty_reference,casualty_class,sex_of_casualty,age_of_casualty,age_band_of_casualty,casualty_severity,pedestrian_location,pedestrian_movement,car_passenger,bus_or_coach_passenger,pedestrian_road_maintenance_worker,casualty_type,casualty_home_area_type,casualty_imd_decile,accident_year_y,accident_reference_y,location_easting_osgr,location_northing_osgr,longitude,latitude,police_force,accident_severity,number_of_vehicles,number_of_casualties,date,day_of_week,time,local_authority_district,local_authority_ons_district,local_authority_highway,first_road_class,first_road_number,road_type,speed_limit,junction_detail,junction_control,second_road_class,second_road_number,pedestrian_crossing_human_control,pedestrian_crossing_physical_facilities,light_conditions,weather_conditions,road_surface_conditions,special_conditions_at_site,carriageway_hazards,urban_or_rural_area,did_police_officer_attend_scene_of_accident,trunk_road_flag,lsoa_of_accident_location
17677,20201374O0434,2020,1374O0434,1,1,1,2,38,7,3,0,0,0,0,0,9,1,7,2020,1374O0434,425718.0,435163.0,-1.610907,53.812139,13,3,2,1,24/04/2020,6,10:05,204,E08000035,E08000035,6,0,6,20.0,3,4,6,0,0,0,1,1,1,0,0,1,1,2,E01011281
17678,20201374O0839,2020,1374O0839,2,1,2,1,23,5,3,0,0,1,0,0,9,1,1,2020,1374O0839,425751.0,432098.0,-1.610662,53.784589,13,3,2,2,24/04/2020,6,13:12,204,E08000035,E08000035,6,0,6,20.0,3,4,6,0,0,0,1,1,1,0,0,1,1,2,E01011735
17679,20201374O0839,2020,1374O0839,2,2,1,1,59,9,3,0,0,0,0,0,9,1,1,2020,1374O0839,425751.0,432098.0,-1.610662,53.784589,13,3,2,2,24/04/2020,6,13:12,204,E08000035,E08000035,6,0,6,20.0,3,4,6,0,0,0,1,1,1,0,0,1,1,2,E01011735
17680,20201374O0979,2020,1374O0979,1,1,1,1,80,11,3,0,0,0,0,0,9,1,4,2020,1374O0979,420215.0,445904.0,-1.693778,53.908917,13,3,1,1,24/04/2020,6,14:04,204,E08000035,E08000035,6,0,6,30.0,3,4,6,0,0,0,1,1,1,0,0,1,1,2,E01011584
17681,20201374O1252,2020,1374O1252,2,1,1,1,36,7,3,0,0,0,0,0,1,1,2,2020,1374O1252,419504.0,445053.0,-1.704654,53.901295,13,3,2,1,24/04/2020,6,15:28,204,E08000035,E08000035,3,660,1,30.0,1,4,3,659,0,0,1,1,1,0,0,1,1,2,E01011571
17682,20201374O1665,2020,1374O1665,1,1,1,2,31,6,2,0,0,0,0,0,9,1,2,2020,1374O1665,430627.0,434984.0,-1.536377,53.810265,13,2,1,1,24/04/2020,6,17:16,204,E08000035,E08000035,3,61,3,40.0,0,-1,0,-1,0,4,1,1,1,0,0,1,1,2,E01011671
17683,20201374O2026,2020,1374O2026,2,1,1,2,68,10,3,0,0,0,0,0,1,1,7,2020,1374O2026,419644.0,444994.0,-1.702527,53.90076,13,3,2,1,24/04/2020,6,19:00,204,E08000035,E08000035,6,0,6,30.0,3,4,6,0,0,0,1,1,1,0,0,1,1,2,E01011571
17684,20201374O2360,2020,1374O2360,2,1,1,1,59,9,2,0,0,0,0,0,1,1,1,2020,1374O2360,432713.0,438564.0,-1.504321,53.842314,13,2,2,1,24/04/2020,6,20:30,204,E08000035,E08000035,6,0,6,30.0,3,4,6,0,0,0,4,1,1,0,0,1,1,2,E01011653
17685,20201374P0944,2020,1374P0944,2,1,1,2,24,5,3,0,0,0,0,0,9,1,8,2020,1374P0944,434620.0,441230.0,-1.47504,53.866152,13,3,2,1,25/04/2020,7,13:40,204,E08000035,E08000035,6,0,6,40.0,6,4,6,0,0,0,1,1,1,0,0,2,2,2,E01011713
17686,20201374R1026,2020,1374R1026,1,1,1,2,55,8,3,0,0,0,0,0,9,1,4,2020,1374R1026,425018.0,433165.0,-1.6217,53.794215,13,3,2,3,27/04/2020,2,14:45,204,E08000035,E08000035,3,6110,1,40.0,1,4,6,0,0,4,1,1,1,0,0,1,1,2,E01011727
17687,20201374R1026,2020,1374R1026,1,2,2,1,13,3,3,0,0,1,0,0,9,1,4,2020,1374R1026,425018.0,433165.0,-1.6217,53.794215,13,3,2,3,27/04/2020,2,14:45,204,E08000035,E08000035,3,6110,1,40.0,1,4,6,0,0,4,1,1,1,0,0,1,1,2,E01011727
17688,20201374R1026,2020,1374R1026,2,3,1,1,28,6,3,0,0,0,0,0,9,1,1,2020,1374R1026,425018.0,433165.0,-1.6217,53.794215,13,3,2,3,27/04/2020,2,14:45,204,E08000035,E08000035,3,6110,1,40.0,1,4,6,0,0,4,1,1,1,0,0,1,1,2,E01011727
17689,20201374S0071,2020,1374S0071,2,1,1,1,30,6,3,0,0,0,0,0,9,1,2,2020,1374S0071,431513.0,435736.0,-1.522845,53.816971,13,3,4,2,28/04/2020,3,00:50,204,E08000035,E08000035,6,0,6,30.0,0,-1,0,-1,0,0,4,1,1,0,0,1,1,2,E01011426
17690,20201374S0071,2020,1374S0071,2,2,2,1,30,6,3,0,0,1,0,0,9,1,2,2020,1374S0071,431513.0,435736.0,-1.522845,53.816971,13,3,4,2,28/04/2020,3,00:50,204,E08000035,E08000035,6,0,6,30.0,0,-1,0,-1,0,0,4,1,1,0,0,1,1,2,E01011426
17691,20201374T0213,2020,1374T0213,2,1,1,1,31,6,3,0,0,0,0,0,9,1,7,2020,1374T0213,430802.0,433275.0,-1.533889,53.794895,13,3,2,1,29/04/2020,4,08:57,204,E08000035,E08000035,6,0,6,30.0,9,4,6,0,0,0,1,1,1,0,0,1,1,2,E01033011
17692,20201374T0743,2020,1374T0743,2,1,1,2,52,8,3,0,0,0,0,0,9,1,7,2020,1374T0743,436175.0,427789.0,-1.452967,53.745245,13,3,2,1,29/04/2020,4,14:07,204,E08000035,E08000035,3,642,1,40.0,1,4,3,639,0,0,1,1,1,0,0,2,1,2,E01011635
17693,20201374T1060,2020,1374T1060,1,1,1,1,24,5,3,0,0,0,0,0,9,1,8,2020,1374T1060,431919.0,428202.0,-1.517455,53.749234,13,3,1,1,29/04/2020,4,16:45,204,E08000035,E08000035,1,1,3,70.0,0,-1,0,-1,0,0,1,2,2,0,0,2,1,1,E01011502
17694,20201374U1243,2020,1374U1243,2,1,1,1,45,7,3,0,0,0,0,0,1,-1,-1,2020,1374U1243,433273.0,426152.0,-1.497143,53.730725,13,3,3,1,30/04/2020,5,16:56,204,E08000035,E08000035,3,61,6,30.0,3,4,6,0,0,0,1,1,1,0,0,1,1,2,E01011500
17695,2020137520377,2020,137520377,1,1,2,2,40,7,3,0,0,1,0,0,9,1,2,2020,137520377,425014.0,434365.0,-1.621664,53.805,13,3,1,2,02/05/2020,7,08:00,204,E08000035,E08000035,6,0,3,30.0,0,-1,0,-1,0,0,1,1,1,0,0,1,1,2,E01032606
17696,2020137520377,2020,137520377,1,2,2,1,30,6,3,0,0,2,0,0,9,1,4,2020,137520377,425014.0,434365.0,-1.621664,53.805,13,3,1,2,02/05/2020,7,08:00,204,E08000035,E08000035,6,0,3,30.0,0,-1,0,-1,0,0,1,1,1,0,0,1,1,2,E01032606
17697,2020137531070,2020,137531070,1,1,3,2,25,5,3,5,9,0,0,0,0,-1,-1,2020,137531070,432044.0,434958.0,-1.514861,53.809946,13,3,1,1,03/05/2020,1,14:30,204,E08000035,E08000035,6,0,6,30.0,6,4,6,0,0,0,1,1,1,0,0,1,1,2,E01011434
17698,2020137531206,2020,137531206,2,1,1,1,52,8,3,0,0,0,0,0,1,1,9,2020,137531206,431244.0,445728.0,-1.525919,53.90679,13,3,2,1,02/05/2020,7,16:00,204,E08000035,E08000035,3,61,6,40.0,3,4,3,659,0,0,1,1,1,0,0,2,2,2,E01011561
17699,2020137540464,2020,137540464,1,1,1,1,45,7,3,0,0,0,0,0,1,1,8,2020,137540464,430779.0,438578.0,-1.533711,53.842558,13,3,2,1,04/05/2020,2,11:05,204,E08000035,E08000035,3,61,6,30.0,3,2,6,0,0,4,1,1,1,0,0,1,1,2,E01011512
17700,2020137550899,2020,137550899,2,1,1,1,18,4,3,0,0,0,0,0,1,1,1,2020,137550899,432072.0,431120.0,-1.514833,53.77545,13,3,2,1,05/05/2020,3,14:40,204,E08000035,E08000035,3,639,6,40.0,6,2,5,0,0,5,1,1,1,4,0,1,1,2,E01011468
17701,2020137570298,2020,137570298,1,1,1,1,48,8,3,0,0,0,0,0,4,1,10,2020,137570298,425677.0,426875.0,-1.612217,53.737649,13,3,2,1,07/05/2020,5,07:40,204,E08000035,E08000035,3,650,2,30.0,3,4,6,0,0,0,1,1,1,0,0,1,1,2,E01011534
17702,2020137570724,2020,137570724,2,1,1,2,27,6,3,0,0,0,0,0,1,1,9,2020,137570724,427309.0,434682.0,-1.586789,53.807735,13,3,2,1,06/05/2020,4,13:04,204,E08000035,E08000035,3,65,6,30.0,6,4,6,0,0,0,1,1,1,0,0,1,1,2,E01011482
17703,2020137571196,2020,137571196,1,1,1,1,77,11,2,0,0,0,0,0,9,2,3,2020,137571196,442613.0,427568.0,-1.355386,53.742774,13,2,1,1,07/05/2020,5,15:15,204,E08000035,E08000035,3,656,6,40.0,9,2,5,0,0,5,1,1,1,0,2,2,1,2,E01011299
17704,2020137581165,2020,137581165,2,1,1,1,20,4,3,0,0,0,0,0,1,3,7,2020,137581165,431110.0,430229.0,-1.52952,53.7675,13,3,2,1,08/05/2020,6,14:00,204,E08000035,E08000035,6,0,6,30.0,3,4,6,0,0,0,1,1,1,0,0,1,2,2,E01011473
17705,2020137582401,2020,137582401,2,1,1,1,31,6,2,0,0,0,0,0,1,3,7,2020,137582401,419271.0,446313.0,-1.708121,53.912628,13,2,2,1,08/05/2020,6,19:30,204,E08000035,E08000035,6,0,6,20.0,3,4,6,0,0,0,1,1,1,0,0,1,1,2,E01011582
17706,20201375A0552,2020,1375A0552,1,1,1,2,50,8,3,0,0,0,0,0,9,1,1,2020,1375A0552,430428.0,440086.0,-1.538896,53.856131,13,3,2,2,11/05/2020,2,10:28,204,E08000035,E08000035,6,0,6,30.0,3,4,6,0,0,0,1,1,1,0,0,1,1,2,E01011565
17707,20201375A0552,2020,1375A0552,2,2,2,2,76,11,3,0,0,1,0,0,9,1,9,2020,1375A0552,430428.0,440086.0,-1.538896,53.856131,13,3,2,2,11/05/2020,2,10:28,204,E08000035,E08000035,6,0,6,30.0,3,4,6,0,0,0,1,1,1,0,0,1,1,2,E01011565
17708,20201375A1509,2020,1375A1509,1,1,1,1,24,5,2,0,0,0,0,0,3,1,2,2020,1375A1509,423636.0,438049.0,-1.642306,53.838175,13,2,2,1,10/05/2020,1,19:50,204,E08000035,E08000035,6,0,6,30.0,3,4,6,0,0,0,1,1,1,0,0,1,1,2,E01011461
17709,20201375D1369,2020,1375D1369,2,1,1,2,39,7,3,0,0,0,0,0,1,1,1,2020,1375D1369,424524.0,437059.0,-1.62889,53.829236,13,3,2,1,13/05/2020,4,18:50,204,E08000035,E08000035,3,65,6,30.0,3,4,6,0,0,0,1,1,1,0,0,1,1,2,E01011453
17710,20201375E1126,2020,1375E1126,1,1,3,2,3,1,3,5,3,0,0,0,0,1,1,2020,1375E1126,431392.0,434244.0,-1.524834,53.803569,13,3,1,1,14/05/2020,5,16:17,204,E08000035,E08000035,6,0,6,30.0,3,4,6,0,0,0,1,1,1,0,0,1,1,2,E01033035
17711,20201375E1704,2020,1375E1704,1,1,1,1,56,9,3,0,0,0,0,0,9,1,1,2020,1375E1704,428787.0,433276.0,-1.564477,53.795019,13,3,3,1,14/05/2020,5,20:15,204,E08000035,E08000035,3,58,3,40.0,0,-1,0,-1,0,0,1,1,1,0,0,1,1,2,E01033013
17712,20201375F1342,2020,1375F1342,1,1,3,2,39,7,3,9,5,0,0,0,0,1,1,2020,1375F1342,433168.0,432912.0,-1.498011,53.791487,13,3,1,1,15/05/2020,6,17:00,204,E08000035,E08000035,6,0,6,30.0,0,-1,0,-1,0,0,1,1,1,0,0,1,2,2,E01011621
17713,20201375F1640,2020,1375F1640,2,1,1,1,22,5,3,0,0,0,0,0,3,1,4,2020,1375F1640,431427.0,434077.0,-1.52432,53.802066,13,3,2,1,15/05/2020,6,19:31,204,E08000035,E08000035,6,0,6,30.0,6,2,6,0,0,0,1,1,1,0,0,1,2,2,E01033031
17714,20201375G0509,2020,1375G0509,1,1,1,1,32,6,3,0,0,0,0,0,9,1,1,2020,1375G0509,434674.0,436367.0,-1.474765,53.822442,13,3,1,1,16/05/2020,7,11:20,204,E08000035,E08000035,6,0,6,30.0,3,4,6,0,0,0,1,1,1,0,0,1,1,2,E01011660
17715,20201375H1599,2020,1375H1599,1,1,3,2,33,6,3,9,5,0,0,0,0,1,10,2020,1375H1599,427561.0,425410.0,-1.583786,53.724386,13,3,1,1,17/05/2020,1,19:07,204,E08000035,E08000035,6,0,2,20.0,0,-1,0,-1,0,0,1,1,1,0,0,1,2,2,E01011548
17716,20201375I0340,2020,1375I0340,1,1,3,1,19,4,3,6,9,0,0,0,0,1,3,2020,1375I0340,428604.0,434790.0,-1.567115,53.808636,13,3,1,1,17/05/2020,1,18:30,204,E08000035,E08000035,6,0,6,30.0,0,-1,0,-1,0,0,1,1,1,0,6,1,2,2,E01011448
17717,20201375I0598,2020,1375I0598,2,1,1,2,38,7,3,0,0,0,0,0,9,1,1,2020,1375I0598,431509.0,435132.0,-1.522967,53.811543,13,3,2,1,18/05/2020,2,18:20,204,E08000035,E08000035,6,0,2,30.0,3,4,3,58,0,0,1,1,1,0,0,1,2,2,E01011673
17718,20201375J0417,2020,1375J0417,2,1,1,1,62,9,3,0,0,0,0,0,9,1,7,2020,1375J0417,431422.0,435057.0,-1.524296,53.810874,13,3,2,1,19/05/2020,3,10:15,204,E08000035,E08000035,6,0,6,30.0,3,4,6,0,0,0,1,1,1,0,0,1,1,2,E01011673
17719,20201375J0544,2020,1375J0544,2,1,1,1,22,5,2,0,0,0,0,0,4,1,7,2020,1375J0544,424971.0,432918.0,-1.622433,53.791997,13,2,2,1,19/05/2020,3,11:35,204,E08000035,E08000035,6,0,6,40.0,6,2,6,0,2,4,1,1,1,0,0,1,1,2,E01011727
17720,20201375J0836,2020,1375J0836,2,1,1,2,29,6,3,0,0,0,0,0,9,1,1,2020,1375J0836,425326.0,434332.0,-1.616928,53.804689,13,3,2,2,19/05/2020,3,13:50,204,E08000035,E08000035,3,647,6,50.0,6,2,3,647,0,0,1,1,1,0,0,1,2,2,E01011286
17721,20201375J0836,2020,1375J0836,2,2,2,1,17,4,3,0,0,1,0,0,9,1,1,2020,1375J0836,425326.0,434332.0,-1.616928,53.804689,13,3,2,2,19/05/2020,3,13:50,204,E08000035,E08000035,3,647,6,50.0,6,2,3,647,0,0,1,1,1,0,0,1,2,2,E01011286
17722,20201375J1207,2020,1375J1207,2,1,1,1,72,10,2,0,0,0,0,0,5,1,7,2020,1375J1207,429687.0,432125.0,-1.550926,53.784623,13,2,2,1,19/05/2020,3,16:48,204,E08000035,E08000035,1,621,3,70.0,0,-1,0,-1,0,0,1,1,1,0,0,1,1,1,E01011364
17723,20201375J1467,2020,1375J1467,1,1,3,1,35,6,3,5,1,0,0,0,0,1,1,2020,1375J1467,423475.0,434036.0,-1.645058,53.802115,13,3,1,1,16/05/2020,7,22:40,204,E08000035,E08000035,6,0,6,30.0,6,2,6,0,0,0,7,1,1,0,0,1,2,2,E01011608
17724,20201375K1564,2020,1375K1564,2,1,1,1,18,4,3,0,0,0,0,0,9,1,10,2020,1375K1564,419836.0,441181.0,-1.69985,53.866482,13,3,3,1,20/05/2020,4,16:30,204,E08000035,E08000035,3,65,6,30.0,3,2,6,0,0,0,1,1,1,0,0,1,2,2,E01011275
17725,20201375K1608,2020,1375K1608,3,1,1,2,37,7,3,0,0,0,0,0,9,1,1,2020,1375K1608,430710.0,435664.0,-1.535049,53.816372,13,3,4,2,20/05/2020,4,18:27,204,E08000035,E08000035,6,0,6,30.0,0,-1,0,-1,0,0,1,1,1,0,0,1,1,2,E01011360
17726,20201375K1608,2020,1375K1608,3,2,2,2,24,5,3,0,0,1,0,0,9,1,1,2020,1375K1608,430710.0,435664.0,-1.535049,53.816372,13,3,4,2,20/05/2020,4,18:27,204,E08000035,E08000035,6,0,6,30.0,0,-1,0,-1,0,0,1,1,1,0,0,1,1,2,E01011360
17727,20201375K1653,2020,1375K1653,1,1,1,2,55,8,3,0,0,0,0,0,9,1,3,2020,1375K1653,423502.0,431843.0,-1.644814,53.782403,13,3,1,1,20/05/2020,4,18:41,204,E08000035,E08000035,6,0,6,30.0,0,-1,0,-1,0,0,1,1,1,0,0,1,1,2,E01011601
17728,20201375L0697,2020,1375L0697,2,1,1,2,30,6,3,0,0,0,0,0,1,1,6,2020,1375L0697,429685.0,425694.0,-1.551571,53.726824,13,3,2,1,20/05/2020,4,13:00,204,E08000035,E08000035,3,650,6,30.0,3,4,6,0,0,0,1,1,1,0,0,1,2,2,E01011538
17729,20201375L0811,2020,1375L0811,2,1,1,2,24,5,3,0,0,0,0,0,9,-1,-1,2020,1375L0811,442461.0,447897.0,-1.354892,53.92549,13,3,2,1,21/05/2020,5,11:37,204,E08000035,E08000035,6,0,6,30.0,0,-1,0,-1,0,0,1,1,1,0,0,2,1,2,E01011697
17730,20201375L1545,2020,1375L1545,2,1,1,2,52,8,3,0,0,0,0,0,9,1,9,2020,1375L1545,428958.0,435471.0,-1.561676,53.814737,13,3,2,1,21/05/2020,5,17:10,204,E08000035,E08000035,3,660,6,30.0,3,2,6,0,2,5,1,1,1,0,0,1,1,2,E01033005
17731,20201375M0659,2020,1375M0659,2,1,1,1,29,6,3,0,0,0,0,0,3,1,1,2020,1375M0659,433839.0,434449.0,-1.487658,53.805258,13,3,2,1,22/05/2020,6,12:00,204,E08000035,E08000035,6,0,6,30.0,9,4,6,0,0,0,1,1,1,0,0,1,1,2,E01011346
17732,20201375M0777,2020,1375M0777,1,1,3,2,30,6,3,5,3,0,0,0,0,1,1,2020,1375M0777,423429.0,437410.0,-1.645501,53.832441,13,3,1,1,22/05/2020,6,12:53,204,E08000035,E08000035,3,65,6,30.0,0,-1,0,-1,0,0,1,4,1,0,0,1,1,2,E01011454
17733,20201375M1252,2020,1375M1252,2,1,1,1,7,2,3,0,0,0,0,0,1,-1,-1,2020,1375M1252,420679.0,434146.0,-1.687502,53.803221,13,3,2,1,22/05/2020,6,12:00,204,E08000035,E08000035,6,0,6,30.0,0,-1,0,-1,0,0,1,1,1,0,0,1,2,2,E01011595
17734,20201375M1816,2020,1375M1816,1,1,1,1,34,6,3,0,0,0,0,0,9,1,1,2020,1375M1816,418423.0,441359.0,-1.721326,53.868134,13,3,2,2,22/05/2020,6,19:30,204,E08000035,E08000035,6,0,6,30.0,0,-1,0,-1,0,0,1,4,1,0,0,1,1,2,E01011271
17735,20201375M1816,2020,1375M1816,2,2,1,1,65,9,3,0,0,0,0,0,9,1,4,2020,1375M1816,418423.0,441359.0,-1.721326,53.868134,13,3,2,2,22/05/2020,6,19:30,204,E08000035,E08000035,6,0,6,30.0,0,-1,0,-1,0,0,1,4,1,0,0,1,1,2,E01011271
17736,20201375O1456,2020,1375O1456,1,1,2,2,21,5,3,0,0,2,0,0,8,3,3,2020,1375O1456,430681.0,434580.0,-1.535597,53.806631,13,2,2,5,24/05/2020,1,18:30,204,E08000035,E08000035,6,0,9,30.0,0,-1,0,-1,0,0,1,1,1,0,0,1,1,2,E01033003
17737,20201375O1456,2020,1375O1456,1,2,2,2,18,4,3,0,0,1,0,0,8,3,3,2020,1375O1456,430681.0,434580.0,-1.535597,53.806631,13,2,2,5,24/05/2020,1,18:30,204,E08000035,E08000035,6,0,9,30.0,0,-1,0,-1,0,0,1,1,1,0,0,1,1,2,E01033003
17738,20201375O1456,2020,1375O1456,1,3,2,2,21,5,2,0,0,2,0,0,8,3,3,2020,1375O1456,430681.0,434580.0,-1.535597,53.806631,13,2,2,5,24/05/2020,1,18:30,204,E08000035,E08000035,6,0,9,30.0,0,-1,0,-1,0,0,1,1,1,0,0,1,1,2,E01033003
17739,20201375O1456,2020,1375O1456,1,4,2,2,17,4,3,0,0,2,0,0,8,3,3,2020,1375O1456,430681.0,434580.0,-1.535597,53.806631,13,2,2,5,24/05/2020,1,18:30,204,E08000035,E08000035,6,0,9,30.0,0,-1,0,-1,0,0,1,1,1,0,0,1,1,2,E01033003
17740,20201375O1456,2020,1375O1456,2,5,1,1,33,6,3,0,0,0,0,0,9,1,1,2020,1375O1456,430681.0,434580.0,-1.535597,53.806631,13,2,2,5,24/05/2020,1,18:30,204,E08000035,E08000035,6,0,9,30.0,0,-1,0,-1,0,0,1,1,1,0,0,1,1,2,E01033003
17741,20201375P0822,2020,1375P0822,3,1,2,2,50,8,3,0,0,2,0,0,9,1,2,2020,1375P0822,420318.0,439719.0,-1.692617,53.853324,13,3,3,1,25/05/2020,2,13:20,204,E08000035,E08000035,3,658,6,30.0,3,4,6,0,0,0,1,1,1,0,0,1,1,2,E01011277
17742,20201375P1105,2020,1375P1105,1,1,1,1,18,4,3,0,0,0,0,0,9,1,6,2020,1375P1105,425019.0,441367.0,-1.621022,53.867931,13,3,1,3,25/05/2020,2,15:03,204,E08000035,E08000035,6,0,6,60.0,0,-1,0,-1,0,0,1,1,1,0,0,2,1,2,E01011376
17743,20201375P1105,2020,1375P1105,1,2,2,1,17,4,3,0,0,1,0,0,9,1,6,2020,1375P1105,425019.0,441367.0,-1.621022,53.867931,13,3,1,3,25/05/2020,2,15:03,204,E08000035,E08000035,6,0,6,60.0,0,-1,0,-1,0,0,1,1,1,0,0,2,1,2,E01011376
17744,20201375P1105,2020,1375P1105,1,3,2,1,18,4,3,0,0,2,0,0,9,1,5,2020,1375P1105,425019.0,441367.0,-1.621022,53.867931,13,3,1,3,25/05/2020,2,15:03,204,E08000035,E08000035,6,0,6,60.0,0,-1,0,-1,0,0,1,1,1,0,0,2,1,2,E01011376
17745,20201375Q1328,2020,1375Q1328,2,1,1,2,41,7,3,0,0,0,0,0,9,1,1,2020,1375Q1328,430862.0,424451.0,-1.533856,53.715584,13,3,2,1,22/05/2020,6,07:00,204,E08000035,E08000035,1,1,7,70.0,1,2,6,0,0,5,1,1,1,0,0,1,2,1,E01011537
17746,20201375Q1804,2020,1375Q1804,1,1,1,1,47,8,2,0,0,0,0,0,1,1,1,2020,1375Q1804,428841.0,439991.0,-1.563031,53.855368,13,2,2,1,25/05/2020,2,17:00,204,E08000035,E08000035,6,0,6,20.0,0,-1,0,-1,0,0,1,1,1,0,0,1,2,2,E01011567
17747,20201375R0293,2020,1375R0293,2,1,1,1,57,9,1,0,0,0,0,0,1,3,7,2020,1375R0293,434659.0,445068.0,-1.474015,53.900643,13,1,2,1,27/05/2020,4,08:20,204,E08000035,E08000035,3,659,6,60.0,3,4,6,0,0,0,1,1,1,0,0,2,1,2,E01011708
17748,20201375R1082,2020,1375R1082,2,1,1,2,25,5,3,0,0,0,0,0,9,1,3,2020,1375R1082,432102.0,433051.0,-1.514178,53.792803,13,3,2,1,27/05/2020,4,15:10,204,E08000035,E08000035,6,0,6,30.0,3,4,6,0,0,0,1,1,1,0,0,1,1,2,E01011625
17749,20201375R1670,2020,1375R1670,1,1,1,1,19,4,3,0,0,0,0,0,9,1,1,2020,1375R1670,431930.0,436837.0,-1.516398,53.826841,13,3,2,1,27/05/2020,4,18:40,204,E08000035,E08000035,6,0,6,20.0,3,4,6,0,0,0,1,1,1,0,0,1,1,2,E01011645
17750,20201375R2176,2020,1375R2176,1,1,1,2,31,6,3,0,0,0,0,0,9,1,2,2020,1375R2176,425738.0,436948.0,-1.610455,53.828181,13,3,4,1,27/05/2020,4,21:42,204,E08000035,E08000035,6,0,6,30.0,0,-1,0,-1,0,0,4,1,1,0,0,1,1,2,E01011484
17751,20201375R2192,2020,1375R2192,1,1,1,1,15,3,2,0,0,0,0,0,1,1,1,2020,1375R2192,432621.0,435765.0,-1.506014,53.817164,13,2,2,1,27/05/2020,4,21:48,204,E08000035,E08000035,6,0,6,30.0,3,4,6,0,0,0,1,1,1,0,0,1,1,2,E01011427
17752,20201375S0300,2020,1375S0300,2,1,1,2,52,8,3,0,0,0,0,0,9,1,2,2020,1375S0300,428835.0,436579.0,-1.563441,53.824702,13,3,2,1,28/05/2020,5,07:30,204,E08000035,E08000035,6,0,6,30.0,6,2,4,6159,0,5,1,1,1,0,0,1,1,2,E01011691
17753,20201375S0730,2020,1375S0730,2,1,1,2,53,8,3,0,0,0,0,0,9,1,7,2020,1375S0730,421826.0,436328.0,-1.669934,53.822786,13,3,2,1,28/05/2020,5,11:36,204,E08000035,E08000035,3,6120,6,60.0,0,-1,0,-1,0,0,1,1,1,0,0,2,1,2,E01011588
17754,20201375T0480,2020,1375T0480,2,1,1,2,60,9,3,0,0,0,0,0,1,1,9,2020,1375T0480,419968.0,446136.0,-1.697522,53.911011,13,3,2,1,29/05/2020,6,09:35,204,E08000035,E08000035,6,0,6,30.0,3,4,6,0,0,0,1,1,1,0,0,1,1,2,E01011583
17755,20201375T1954,2020,1375T1954,2,1,1,2,24,5,2,0,0,0,0,0,1,1,4,2020,1375T1954,428461.0,435704.0,-1.569202,53.816859,13,2,2,1,29/05/2020,6,19:39,204,E08000035,E08000035,6,0,6,30.0,3,4,6,0,0,0,1,1,1,0,0,1,1,2,E01032946
17756,20201375T2137,2020,1375T2137,2,1,1,2,33,6,3,0,0,0,0,0,1,1,3,2020,1375T2137,422043.0,443856.0,-1.666099,53.890436,13,3,2,1,29/05/2020,6,18:30,204,E08000035,E08000035,6,0,6,30.0,0,-1,0,-1,0,0,1,1,1,0,0,2,2,2,E01011569
17757,20201375U0696,2020,1375U0696,2,1,1,2,59,9,2,0,0,0,0,0,1,1,9,2020,1375U0696,432106.0,439765.0,-1.51342,53.853146,13,2,2,1,21/05/2020,5,12:45,204,E08000035,E08000035,6,0,6,30.0,0,-1,0,-1,0,0,1,1,1,0,0,1,2,2,E01011568
17758,20201375U1615,2020,1375U1615,1,1,3,1,7,2,3,10,1,0,0,0,0,-1,-1,2020,1375U1615,430726.0,435396.0,-1.534832,53.813962,13,3,1,1,30/05/2020,7,17:42,204,E08000035,E08000035,6,0,6,30.0,0,-1,0,-1,0,0,1,1,1,0,0,1,1,2,E01011360
17759,20201375V2290,2020,1375V2290,2,1,1,2,20,4,3,0,0,0,0,0,1,1,4,2020,1375V2290,430114.0,435385.0,-1.544128,53.813899,13,3,2,1,31/05/2020,1,22:35,204,E08000035,E08000035,6,0,6,30.0,3,4,6,0,0,0,4,1,1,0,0,1,1,2,E01011670
17760,2020137610295,2020,137610295,2,1,1,1,32,6,3,0,0,0,0,0,1,1,4,2020,137610295,432153.0,436131.0,-1.513084,53.820482,13,3,2,1,01/06/2020,2,07:15,204,E08000035,E08000035,6,0,6,30.0,3,4,6,0,0,0,1,1,1,0,0,1,2,2,E01011647
17761,2020137610965,2020,137610965,2,1,1,1,21,5,3,0,0,0,0,0,1,1,3,2020,137610965,427706.0,435025.0,-1.58073,53.810797,13,3,2,1,28/05/2020,5,18:15,204,E08000035,E08000035,6,0,6,30.0,0,-1,0,-1,0,0,1,1,1,0,0,1,2,2,E01011479
17762,2020137611162,2020,137611162,1,1,1,2,22,5,3,0,0,0,0,0,9,1,9,2020,137611162,425160.0,429000.0,-1.619883,53.756774,13,3,2,2,01/06/2020,2,21:00,204,E08000035,E08000035,3,62,2,30.0,3,2,4,6126,0,5,1,1,1,0,0,1,1,2,E01011522
17763,2020137611162,2020,137611162,2,2,2,2,11,3,3,0,0,1,0,0,19,1,6,2020,137611162,425160.0,429000.0,-1.619883,53.756774,13,3,2,2,01/06/2020,2,21:00,204,E08000035,E08000035,3,62,2,30.0,3,2,4,6126,0,5,1,1,1,0,0,1,1,2,E01011522