,accident_index,accident_year_x,accident_reference_x,vehicle_reference,casualty_reference,casualty_class,sex_of_casualty,age_of_casualty,age_band_of_casualty,casualty_severity,pedestrian_location,pedestrian_movement,car_passenger,bus_or_coach_passenger,pedestrian_road_maintenance_worker,casualty_type,casualty_home_area_type,casualty_imd_decile,accident_year_y,accident_reference_y,location_easting_osgr,location_northing_osgr,longitude,latitude,police_force,accident_severity,number_of_vehicles,number_of_casualties,date,day_of_week,time,local_authority_district,local_authority_ons_district,local_authority_highway,first_road_class,first_road_number,road_type,speed_limit,junction_detail,junction_control,second_road_class,second_road_number,pedestrian_crossing_human_control,pedestrian_crossing_physical_facilities,light_conditions,weather_conditions,road_surface_conditions,special_conditions_at_site,carriageway_hazards,urban_or_rural_area,did_police_officer_attend_scene_of_accident,trunk_road_flag,lsoa_of_accident_location
17764,2020137611918,2020,137611918,1,1,1,2,33,6,3,0,0,0,0,0,9,1,6,2020,137611918,422865.0,433407.0,-1.654366,53.796488,13,3,2,1,01/06/2020,2,20:17,204,E08000035,E08000035,6,0,6,30.0,0,-1,0,-1,0,0,1,1,1,0,0,1,1,2,E01011614
17765,2020137620460,2020,137620460,2,1,1,1,34,6,3,0,0,0,0,0,1,1,4,2020,137620460,431350.0,428518.0,-1.526052,53.752108,13,3,2,1,02/06/2020,3,10:00,204,E08000035,E08000035,6,0,1,30.0,1,4,6,0,0,0,1,1,1,0,0,1,1,2,E01011490
17766,2020137620732,2020,137620732,2,1,1,1,52,8,3,0,0,0,0,0,1,1,6,2020,137620732,432055.0,435969.0,-1.514589,53.819032,13,3,2,1,02/06/2020,3,10:30,204,E08000035,E08000035,6,0,6,30.0,3,4,6,0,0,0,1,1,1,0,0,1,2,2,E01011422
17767,2020137621784,2020,137621784,1,1,1,1,43,7,3,0,0,0,0,0,8,1,3,2020,137621784,424034.0,437717.0,-1.636284,53.835173,13,3,2,1,02/06/2020,3,19:37,204,E08000035,E08000035,3,6120,6,40.0,3,4,6,0,0,0,1,1,1,0,0,1,1,2,E01011462
17768,2020137630347,2020,137630347,2,1,1,1,52,8,3,0,0,0,0,0,1,1,4,2020,137630347,431496.0,431714.0,-1.523513,53.780824,13,3,2,1,03/06/2020,4,07:30,204,E08000035,E08000035,6,0,6,30.0,1,4,6,0,0,0,1,2,2,0,0,1,1,2,E01011468
17769,2020137630939,2020,137630939,3,1,1,1,44,7,3,0,0,0,0,0,1,1,1,2020,137630939,426841.0,437874.0,-1.593619,53.836448,13,3,3,1,03/06/2020,4,14:25,204,E08000035,E08000035,3,660,6,30.0,0,-1,0,-1,0,0,1,1,1,0,0,2,1,2,E01011685
17770,2020137631489,2020,137631489,2,1,1,1,32,6,2,0,0,0,0,0,1,1,8,2020,137631489,428857.0,440077.0,-1.56278,53.85614,13,2,2,1,03/06/2020,4,18:40,204,E08000035,E08000035,6,0,6,30.0,0,-1,0,-1,0,0,1,1,1,0,0,1,1,2,E01011554
17771,2020137631517,2020,137631517,1,1,3,1,22,5,3,5,1,0,0,0,0,1,3,2020,137631517,426660.0,436333.0,-1.596501,53.822607,13,3,1,1,03/06/2020,4,15:30,204,E08000035,E08000035,6,0,6,30.0,0,-1,0,-1,0,0,1,1,2,0,0,1,2,2,E01011489
17772,2020137640672,2020,137640672,1,1,3,2,77,11,3,5,9,0,0,0,0,1,3,2020,137640672,422412.0,433369.0,-1.661246,53.796166,13,3,1,1,04/06/2020,5,12:30,204,E08000035,E08000035,6,0,6,30.0,3,4,6,0,0,0,1,1,1,0,0,1,1,2,E01011612
17773,2020137640825,2020,137640825,1,1,2,2,53,8,3,0,0,1,0,0,9,3,7,2020,137640825,443591.0,436285.0,-1.33933,53.821037,13,3,1,1,04/06/2020,5,14:00,204,E08000035,E08000035,2,1,3,70.0,0,-1,0,-1,0,0,1,1,1,0,0,2,1,1,E01011297
17774,2020137640922,2020,137640922,1,1,1,1,17,4,3,0,0,0,0,0,1,3,4,2020,137640922,441146.0,429965.0,-1.377308,53.764434,13,3,2,1,04/06/2020,5,14:15,204,E08000035,E08000035,6,0,6,30.0,3,4,6,0,0,0,1,1,1,0,0,1,2,2,E01011305
17775,2020137641212,2020,137641212,2,1,1,1,29,6,3,0,0,0,0,0,9,1,1,2020,137641212,432129.0,429350.0,-1.514152,53.759539,13,3,2,1,04/06/2020,5,16:45,204,E08000035,E08000035,1,621,3,50.0,0,-1,0,-1,0,0,1,2,2,4,0,1,1,1,E01011469
17776,2020137641216,2020,137641216,1,1,1,1,19,4,3,0,0,0,0,0,9,1,7,2020,137641216,428329.0,441027.0,-1.570719,53.864707,13,3,1,1,04/06/2020,5,16:55,204,E08000035,E08000035,6,0,6,60.0,0,-1,0,-1,0,0,1,2,2,0,0,2,1,2,E01011554
17777,2020137641407,2020,137641407,1,1,3,2,54,8,3,10,9,0,0,0,0,3,10,2020,137641407,420101.0,445527.0,-1.695537,53.905533,13,3,1,2,04/06/2020,5,18:20,204,E08000035,E08000035,6,0,9,20.0,0,-1,0,-1,0,0,1,1,1,0,0,1,1,2,E01011569
17778,2020137641407,2020,137641407,1,2,3,2,19,4,3,10,9,0,0,0,0,3,10,2020,137641407,420101.0,445527.0,-1.695537,53.905533,13,3,1,2,04/06/2020,5,18:20,204,E08000035,E08000035,6,0,9,20.0,0,-1,0,-1,0,0,1,1,1,0,0,1,1,2,E01011569
17779,2020137641905,2020,137641905,1,1,1,1,32,6,3,0,0,0,0,0,9,1,1,2020,137641905,440917.0,447774.0,-1.378419,53.924508,13,3,1,1,04/06/2020,5,22:55,204,E08000035,E08000035,2,1,3,70.0,0,-1,0,-1,0,0,6,2,2,0,0,1,1,1,E01011704
17780,2020137650540,2020,137650540,2,1,1,1,48,8,3,0,0,0,0,0,1,1,7,2020,137650540,432910.0,433944.0,-1.501817,53.800779,13,3,2,1,04/06/2020,5,14:30,204,E08000035,E08000035,3,64,3,30.0,0,-1,0,-1,0,0,1,1,1,0,0,1,2,2,E01011615
17781,2020137650925,2020,137650925,1,1,1,2,29,6,3,0,0,0,0,0,9,1,1,2020,137650925,430118.0,432834.0,-1.544315,53.790971,13,3,2,1,05/06/2020,6,14:35,204,E08000035,E08000035,3,653,6,30.0,6,2,3,61,0,0,1,2,2,0,0,1,1,2,E01033016
17782,2020137652003,2020,137652003,1,1,3,1,52,8,2,5,3,0,0,0,0,-1,-1,2020,137652003,429947.0,433363.0,-1.54686,53.795735,13,2,1,1,05/06/2020,6,22:53,204,E08000035,E08000035,6,0,2,30.0,0,-1,0,-1,0,0,4,1,2,0,0,1,1,2,E01033010
17783,2020137660528,2020,137660528,2,1,1,1,29,6,3,0,0,0,0,0,4,1,1,2020,137660528,432060.0,432911.0,-1.51483,53.791548,13,3,2,1,06/06/2020,7,11:30,204,E08000035,E08000035,6,0,6,30.0,3,4,6,0,0,0,1,1,1,0,0,1,1,2,E01011625
17784,2020137671533,2020,137671533,1,2,1,2,38,7,3,0,0,0,0,0,9,1,2,2020,137671533,431992.0,436229.0,-1.515519,53.821373,13,2,2,3,07/06/2020,1,17:24,204,E08000035,E08000035,6,0,6,30.0,0,-1,0,-1,0,0,1,1,1,0,0,1,1,2,E01011642
17785,2020137671533,2020,137671533,2,1,1,2,35,6,2,0,0,0,0,0,9,1,8,2020,137671533,431992.0,436229.0,-1.515519,53.821373,13,2,2,3,07/06/2020,1,17:24,204,E08000035,E08000035,6,0,6,30.0,0,-1,0,-1,0,0,1,1,1,0,0,1,1,2,E01011642
17786,2020137671533,2020,137671533,2,3,2,2,38,7,2,0,0,1,0,0,9,1,8,2020,137671533,431992.0,436229.0,-1.515519,53.821373,13,2,2,3,07/06/2020,1,17:24,204,E08000035,E08000035,6,0,6,30.0,0,-1,0,-1,0,0,1,1,1,0,0,1,1,2,E01011642
17787,2020137681391,2020,137681391,2,1,1,2,26,6,3,0,0,0,0,0,9,1,2,2020,137681391,426991.0,427914.0,-1.592207,53.746922,13,3,2,2,08/06/2020,2,18:35,204,E08000035,E08000035,6,0,6,20.0,6,3,6,0,0,0,1,1,1,0,0,1,1,2,E01032489
17788,2020137681391,2020,137681391,2,2,2,2,42,7,3,0,0,1,0,0,9,1,2,2020,137681391,426991.0,427914.0,-1.592207,53.746922,13,3,2,2,08/06/2020,2,18:35,204,E08000035,E08000035,6,0,6,20.0,6,3,6,0,0,0,1,1,1,0,0,1,1,2,E01032489
17789,2020137690784,2020,137690784,1,1,1,1,31,6,3,0,0,0,0,0,9,1,4,2020,137690784,432500.0,429714.0,-1.508487,53.762787,13,3,2,2,09/06/2020,3,13:16,204,E08000035,E08000035,3,653,6,30.0,0,-1,0,-1,0,0,1,1,1,0,0,2,1,2,E01011470
17790,2020137690784,2020,137690784,1,2,2,2,6,2,3,0,0,2,0,0,9,-1,-1,2020,137690784,432500.0,429714.0,-1.508487,53.762787,13,3,2,2,09/06/2020,3,13:16,204,E08000035,E08000035,3,653,6,30.0,0,-1,0,-1,0,0,1,1,1,0,0,2,1,2,E01011470
17791,2020137691782,2020,137691782,1,1,1,1,43,7,3,0,0,0,0,0,9,1,1,2020,137691782,422704.0,431674.0,-1.656937,53.780919,13,3,1,3,09/06/2020,3,22:18,204,E08000035,E08000035,4,6273,6,30.0,0,-1,0,-1,0,0,1,1,1,0,0,1,1,2,E01011601
17792,2020137691782,2020,137691782,1,2,2,2,25,5,3,0,0,1,0,0,9,3,1,2020,137691782,422704.0,431674.0,-1.656937,53.780919,13,3,1,3,09/06/2020,3,22:18,204,E08000035,E08000035,4,6273,6,30.0,0,-1,0,-1,0,0,1,1,1,0,0,1,1,2,E01011601
17793,2020137691782,2020,137691782,1,3,2,2,27,6,3,0,0,2,0,0,9,3,1,2020,137691782,422704.0,431674.0,-1.656937,53.780919,13,3,1,3,09/06/2020,3,22:18,204,E08000035,E08000035,4,6273,6,30.0,0,-1,0,-1,0,0,1,1,1,0,0,1,1,2,E01011601
17794,2020137691933,2020,137691933,2,1,1,1,32,6,3,0,0,0,0,0,20,1,5,2020,137691933,431978.0,425561.0,-1.516833,53.725494,13,3,2,1,09/06/2020,3,22:33,204,E08000035,E08000035,1,1,3,70.0,0,-1,0,-1,0,0,4,1,1,0,0,2,1,1,E01011499
17795,20201376A0270,2020,1376A0270,1,1,3,2,30,6,3,6,9,0,0,0,0,1,2,2020,1376A0270,420846.0,441055.0,-1.684501,53.86531,13,3,1,2,10/06/2020,4,07:15,204,E08000035,E08000035,6,0,6,30.0,0,-1,0,-1,0,0,1,1,2,0,0,1,2,2,E01011274
17796,20201376A0270,2020,1376A0270,1,2,3,1,21,5,3,6,9,0,0,0,0,1,2,2020,1376A0270,420846.0,441055.0,-1.684501,53.86531,13,3,1,2,10/06/2020,4,07:15,204,E08000035,E08000035,6,0,6,30.0,0,-1,0,-1,0,0,1,1,2,0,0,1,2,2,E01011274
17797,20201376B0746,2020,1376B0746,1,1,2,1,57,9,2,0,0,1,0,0,9,3,7,2020,1376B0746,443669.0,437325.0,-1.337998,53.830377,13,2,1,1,11/06/2020,5,14:00,204,E08000035,E08000035,1,1,3,70.0,0,-1,0,-1,0,0,1,1,1,0,0,2,1,1,E01011297
17798,20201376B1163,2020,1376B1163,2,1,1,1,23,5,3,0,0,0,0,0,1,1,8,2020,1376B1163,431476.0,431706.0,-1.523817,53.780753,13,3,2,1,11/06/2020,5,17:00,204,E08000035,E08000035,6,0,1,30.0,1,4,6,0,0,0,1,1,2,0,0,1,2,2,E01011468
17799,20201376B1224,2020,1376B1224,2,1,1,1,25,5,3,0,0,0,0,0,1,1,10,2020,1376B1224,443339.0,437077.0,-1.343046,53.828176,13,3,2,1,11/06/2020,5,17:30,204,E08000035,E08000035,5,0,6,30.0,8,4,6,0,0,0,1,2,2,0,2,2,1,2,E01011297
17800,20201376C0278,2020,1376C0278,1,1,1,1,51,8,3,0,0,0,0,0,9,1,2,2020,1376C0278,442161.0,434561.0,-1.361286,53.80566,13,3,2,2,12/06/2020,6,08:49,204,E08000035,E08000035,1,1,3,70.0,0,-1,0,-1,0,0,1,5,2,0,0,2,1,1,E01011297
17801,20201376C0278,2020,1376C0278,1,2,2,2,8,2,3,0,0,1,0,0,9,1,2,2020,1376C0278,442161.0,434561.0,-1.361286,53.80566,13,3,2,2,12/06/2020,6,08:49,204,E08000035,E08000035,1,1,3,70.0,0,-1,0,-1,0,0,1,5,2,0,0,2,1,1,E01011297
17802,20201376C0910,2020,1376C0910,2,1,1,1,22,5,3,0,0,0,0,0,1,1,1,2020,1376C0910,431024.0,430533.0,-1.530794,53.770238,13,3,2,1,12/06/2020,6,14:30,204,E08000035,E08000035,6,0,6,30.0,0,-1,0,-1,0,0,1,2,2,0,0,1,2,2,E01011471
17803,20201376D1539,2020,1376D1539,2,1,1,2,22,5,3,0,0,0,0,0,9,3,8,2020,1376D1539,420670.0,444979.0,-1.686914,53.900585,13,3,2,1,13/06/2020,7,19:22,204,E08000035,E08000035,3,660,3,50.0,0,-1,0,-1,0,0,1,1,1,0,0,1,2,2,E01011569
17804,20201376D1655,2020,1376D1655,2,1,1,1,41,7,3,0,0,0,0,0,1,1,5,2020,1376D1655,431122.0,436118.0,-1.528745,53.820428,13,3,2,1,13/06/2020,7,20:10,204,E08000035,E08000035,6,0,6,30.0,0,-1,0,-1,0,0,1,1,1,0,0,1,2,2,E01011356
17805,20201376E0511,2020,1376E0511,1,1,3,2,26,6,2,6,9,0,0,0,0,1,1,2020,1376E0511,431882.0,435513.0,-1.517264,53.814944,13,2,1,1,14/06/2020,1,05:50,204,E08000035,E08000035,6,0,6,30.0,3,4,6,0,0,0,1,1,1,0,0,1,1,2,E01011422
17806,20201376E0981,2020,1376E0981,2,1,1,1,78,11,3,0,0,0,0,0,1,1,9,2020,1376E0981,443338.0,436862.0,-1.343092,53.826243,13,3,2,1,14/06/2020,1,13:55,204,E08000035,E08000035,6,0,6,30.0,3,4,6,0,0,0,1,1,1,0,0,2,1,2,E01011297
17807,20201376E1445,2020,1376E1445,2,1,1,1,44,7,3,0,0,0,0,0,11,1,3,2020,1376E1445,430752.0,439227.0,-1.534056,53.848392,13,3,2,1,14/06/2020,1,16:46,204,E08000035,E08000035,3,61,1,30.0,1,4,3,6120,0,0,1,1,1,0,0,1,2,2,E01011556
17808,20201376F0266,2020,1376F0266,1,1,1,1,21,5,3,0,0,0,0,0,9,1,3,2020,1376F0266,440455.0,446596.0,-1.385609,53.913957,13,3,1,1,15/06/2020,2,05:16,204,E08000035,E08000035,2,1,3,70.0,0,-1,0,-1,0,0,1,1,1,0,0,2,1,1,E01011704
17809,20201376F0946,2020,1376F0946,2,1,1,1,66,10,2,0,0,0,0,0,1,1,10,2020,1376F0946,424799.0,442383.0,-1.624286,53.877073,13,2,2,1,15/06/2020,2,14:30,204,E08000035,E08000035,6,0,6,30.0,0,-1,0,-1,0,0,1,1,1,0,0,2,1,2,E01032503
17810,20201376F1407,2020,1376F1407,2,1,1,1,-1,-1,3,0,0,0,0,0,8,1,7,2020,1376F1407,428814.0,433747.0,-1.564023,53.79925,13,3,2,1,15/06/2020,2,17:05,204,E08000035,E08000035,3,65,3,30.0,0,-1,0,-1,0,0,1,1,1,0,0,1,2,2,E01011678
17811,20201376F1624,2020,1376F1624,1,1,1,1,6,2,3,0,0,0,0,0,1,1,1,2020,1376F1624,425694.0,434648.0,-1.611315,53.807511,13,3,2,1,15/06/2020,2,18:20,204,E08000035,E08000035,6,0,6,30.0,9,4,6,0,0,0,1,1,1,0,0,1,1,2,E01011283
17812,20201376F1785,2020,1376F1785,2,1,1,1,47,8,3,0,0,0,0,0,9,2,9,2020,1376F1785,432464.0,429761.0,-1.509028,53.763212,13,3,2,2,15/06/2020,2,19:20,204,E08000035,E08000035,3,61,6,30.0,0,-1,0,-1,0,0,1,1,1,0,0,2,2,2,E01011470
17813,20201376F1785,2020,1376F1785,2,2,2,2,72,10,3,0,0,1,0,0,9,2,9,2020,1376F1785,432464.0,429761.0,-1.509028,53.763212,13,3,2,2,15/06/2020,2,19:20,204,E08000035,E08000035,3,61,6,30.0,0,-1,0,-1,0,0,1,1,1,0,0,2,2,2,E01011470
17814,20201376G0078,2020,1376G0078,1,1,1,1,26,6,2,0,0,0,0,0,17,1,7,2020,1376G0078,436832.0,429007.0,-1.442861,53.756146,13,2,1,1,16/06/2020,3,00:46,204,E08000035,E08000035,6,0,6,20.0,0,-1,0,-1,0,0,4,1,1,0,0,1,1,2,E01011637
17815,20201376G1772,2020,1376G1772,1,1,1,1,73,10,2,0,0,0,0,0,5,1,6,2020,1376G1772,420202.0,445694.0,-1.693989,53.90703,13,2,1,1,16/06/2020,3,19:55,204,E08000035,E08000035,6,0,6,30.0,0,-1,0,-1,0,0,1,1,1,0,0,1,2,2,E01011569
17816,20201376H0458,2020,1376H0458,2,1,1,2,47,8,3,0,0,0,0,0,9,1,4,2020,1376H0458,428047.0,432047.0,-1.575822,53.784013,13,3,2,1,16/06/2020,3,09:30,204,E08000035,E08000035,3,62,6,30.0,3,4,6,0,0,0,1,1,1,0,0,1,2,2,E01011362
17817,20201376H1000,2020,1376H1000,1,1,2,2,11,3,3,0,0,2,0,0,9,1,6,2020,1376H1000,441667.0,427952.0,-1.369676,53.746302,13,3,1,1,17/06/2020,4,14:50,204,E08000035,E08000035,6,0,1,30.0,2,4,6,0,0,0,1,1,1,0,0,2,1,2,E01011307
17818,20201376H1067,2020,1376H1067,1,1,1,1,90,11,1,0,0,0,0,0,9,1,10,2020,1376H1067,429516.0,439337.0,-1.552832,53.849452,13,1,1,1,17/06/2020,4,15:17,204,E08000035,E08000035,6,0,6,30.0,2,4,6,0,0,4,1,1,1,0,0,1,1,2,E01011559
17819,20201376H1392,2020,1376H1392,2,1,1,1,65,9,3,0,0,0,0,0,1,1,8,2020,1376H1392,432629.0,436856.0,-1.505777,53.826969,13,3,2,1,17/06/2020,4,17:30,204,E08000035,E08000035,6,0,6,30.0,3,4,6,0,0,0,1,1,2,0,0,1,2,2,E01011645
17820,20201376I0897,2020,1376I0897,1,1,2,1,13,3,3,0,0,0,0,0,97,1,1,2020,1376I0897,430503.0,435958.0,-1.538164,53.819026,13,3,2,1,18/06/2020,5,14:34,204,E08000035,E08000035,6,0,6,20.0,0,-1,0,-1,0,0,1,2,2,0,2,1,1,2,E01011357
17821,20201376K0454,2020,1376K0454,1,1,1,1,41,7,2,0,0,0,0,0,9,1,10,2020,1376K0454,428908.0,439983.0,-1.562013,53.855292,13,2,4,5,20/06/2020,7,08:52,204,E08000035,E08000035,6,0,6,30.0,0,-1,0,-1,0,0,1,1,1,0,0,1,1,2,E01011567
17822,20201376K0454,2020,1376K0454,1,4,3,1,40,7,3,10,9,0,0,0,0,1,10,2020,1376K0454,428908.0,439983.0,-1.562013,53.855292,13,2,4,5,20/06/2020,7,08:52,204,E08000035,E08000035,6,0,6,30.0,0,-1,0,-1,0,0,1,1,1,0,0,1,1,2,E01011567
17823,20201376K0454,2020,1376K0454,2,2,1,1,40,7,3,0,0,0,0,0,19,1,1,2020,1376K0454,428908.0,439983.0,-1.562013,53.855292,13,2,4,5,20/06/2020,7,08:52,204,E08000035,E08000035,6,0,6,30.0,0,-1,0,-1,0,0,1,1,1,0,0,1,1,2,E01011567
17824,20201376K0454,2020,1376K0454,2,3,2,1,23,5,3,0,0,1,0,0,19,1,5,2020,1376K0454,428908.0,439983.0,-1.562013,53.855292,13,2,4,5,20/06/2020,7,08:52,204,E08000035,E08000035,6,0,6,30.0,0,-1,0,-1,0,0,1,1,1,0,0,1,1,2,E01011567
17825,20201376K0454,2020,1376K0454,4,5,1,1,25,5,3,0,0,0,0,0,9,1,10,2020,1376K0454,428908.0,439983.0,-1.562013,53.855292,13,2,4,5,20/06/2020,7,08:52,204,E08000035,E08000035,6,0,6,30.0,0,-1,0,-1,0,0,1,1,1,0,0,1,1,2,E01011567
17826,20201376K0509,2020,1376K0509,1,1,1,1,42,7,3,0,0,0,0,0,9,1,8,2020,1376K0509,422848.0,439559.0,-1.654169,53.851781,13,3,2,3,20/06/2020,7,09:40,204,E08000035,E08000035,6,0,6,30.0,0,-1,0,-1,0,0,1,1,1,0,0,2,1,2,E01011455
17827,20201376K0509,2020,1376K0509,2,2,1,2,30,6,3,0,0,0,0,0,9,1,6,2020,1376K0509,422848.0,439559.0,-1.654169,53.851781,13,3,2,3,20/06/2020,7,09:40,204,E08000035,E08000035,6,0,6,30.0,0,-1,0,-1,0,0,1,1,1,0,0,2,1,2,E01011455
17828,20201376K0509,2020,1376K0509,2,3,2,2,4,1,3,0,0,1,0,0,9,1,6,2020,1376K0509,422848.0,439559.0,-1.654169,53.851781,13,3,2,3,20/06/2020,7,09:40,204,E08000035,E08000035,6,0,6,30.0,0,-1,0,-1,0,0,1,1,1,0,0,2,1,2,E01011455
17829,20201376K0607,2020,1376K0607,2,1,1,2,18,4,3,0,0,0,0,0,1,1,6,2020,1376K0607,428664.0,437012.0,-1.565998,53.828603,13,3,2,1,20/06/2020,7,10:45,204,E08000035,E08000035,4,6157,6,30.0,3,4,6,0,0,0,1,1,1,0,0,1,1,2,E01011691
17830,20201376K1047,2020,1376K1047,1,1,2,2,51,8,2,0,0,1,0,0,9,2,7,2020,1376K1047,439389.0,432653.0,-1.403618,53.788728,13,2,4,1,20/06/2020,7,14:40,204,E08000035,E08000035,3,642,6,30.0,3,4,6,0,0,0,1,1,1,0,0,2,1,2,E01011402
17831,20201376K1195,2020,1376K1195,2,1,1,1,59,9,3,0,0,0,0,0,1,1,7,2020,1376K1195,432165.0,438852.0,-1.512619,53.844937,13,3,3,2,20/06/2020,7,15:45,204,E08000035,E08000035,6,0,6,30.0,0,-1,0,-1,0,0,1,1,1,0,0,1,1,2,E01011653
17832,20201376K1195,2020,1376K1195,3,2,1,1,70,10,3,0,0,0,0,0,1,1,7,2020,1376K1195,432165.0,438852.0,-1.512619,53.844937,13,3,3,2,20/06/2020,7,15:45,204,E08000035,E08000035,6,0,6,30.0,0,-1,0,-1,0,0,1,1,1,0,0,1,1,2,E01011653
17833,20201376M1372,2020,1376M1372,2,1,1,1,27,6,3,0,0,0,0,0,1,1,2,2020,1376M1372,430644.0,424704.0,-1.537134,53.717871,13,3,2,1,22/06/2020,2,17:20,204,E08000035,E08000035,3,650,6,30.0,0,-1,0,-1,0,0,1,1,1,0,0,1,2,2,E01011537
17834,20201376N1843,2020,1376N1843,1,1,3,1,54,8,3,5,3,0,0,0,0,1,6,2020,1376N1843,421589.0,433556.0,-1.673727,53.797881,13,3,1,1,23/06/2020,3,20:38,204,E08000035,E08000035,6,0,6,30.0,3,4,6,0,0,0,1,1,1,0,0,1,1,2,E01011602
17835,20201376O0617,2020,1376O0617,2,1,2,2,24,5,3,0,0,2,0,0,8,-1,-1,2020,1376O0617,432996.0,436046.0,-1.500288,53.819666,13,3,2,1,24/06/2020,4,11:05,204,E08000035,E08000035,3,58,6,30.0,0,-1,0,-1,0,0,1,1,1,0,0,1,1,2,E01011423
17836,20201376O0998,2020,1376O0998,1,1,1,1,35,6,3,0,0,0,0,0,9,1,9,2020,1376O0998,424092.0,428106.0,-1.63615,53.748789,13,3,2,2,24/06/2020,4,13:54,204,E08000035,E08000035,3,62,3,30.0,3,2,1,62,0,0,1,1,1,0,0,1,1,1,E01011529
17837,20201376O0998,2020,1376O0998,2,2,1,1,66,10,3,0,0,0,0,0,21,1,8,2020,1376O0998,424092.0,428106.0,-1.63615,53.748789,13,3,2,2,24/06/2020,4,13:54,204,E08000035,E08000035,3,62,3,30.0,3,2,1,62,0,0,1,1,1,0,0,1,1,1,E01011529
17838,20201376O1140,2020,1376O1140,2,1,1,1,60,9,3,0,0,0,0,0,19,1,7,2020,1376O1140,428541.0,431752.0,-1.568352,53.781335,13,3,2,1,26/06/2020,6,16:30,204,E08000035,E08000035,3,643,3,50.0,0,-1,0,-1,0,0,1,1,1,0,0,1,2,2,E01011366
17839,20201376O1771,2020,1376O1771,2,1,1,2,11,3,2,0,0,0,0,0,90,1,5,2020,1376O1771,430648.0,427352.0,-1.536812,53.74167,13,2,2,1,24/06/2020,4,12:00,204,E08000035,E08000035,6,0,6,30.0,0,-1,0,-1,0,0,1,1,1,0,0,1,1,2,E01032495
17840,20201376P0815,2020,1376P0815,1,1,1,1,88,11,2,0,0,0,0,0,9,1,6,2020,1376P0815,426713.0,426890.0,-1.596511,53.737732,13,2,3,2,25/06/2020,5,12:40,204,E08000035,E08000035,4,6127,6,30.0,0,-1,0,-1,0,1,1,1,1,0,0,1,1,2,E01011547
17841,20201376P0815,2020,1376P0815,2,2,1,2,50,8,3,0,0,0,0,0,9,1,8,2020,1376P0815,426713.0,426890.0,-1.596511,53.737732,13,2,3,2,25/06/2020,5,12:40,204,E08000035,E08000035,4,6127,6,30.0,0,-1,0,-1,0,1,1,1,1,0,0,1,1,2,E01011547
17842,20201376P1354,2020,1376P1354,1,1,3,1,7,2,2,5,3,0,0,0,0,1,1,2020,1376P1354,430275.0,427516.0,-1.542451,53.743166,13,2,1,1,25/06/2020,5,16:23,204,E08000035,E08000035,6,0,6,20.0,0,-1,0,-1,0,0,1,1,1,0,0,1,1,2,E01011494
17843,20201376P2014,2020,1376P2014,2,1,1,1,28,6,3,0,0,0,0,0,3,1,4,2020,1376P2014,428664.0,434612.0,-1.56622,53.807033,13,3,2,1,25/06/2020,5,20:22,204,E08000035,E08000035,6,0,6,30.0,3,4,6,0,0,0,1,1,1,0,0,1,1,2,E01011681
17844,20201376Q0755,2020,1376Q0755,1,1,1,1,74,10,2,0,0,0,0,0,9,1,1,2020,1376Q0755,429787.0,430632.0,-1.549551,53.771199,13,2,3,3,26/06/2020,6,11:04,204,E08000035,E08000035,6,0,6,20.0,3,4,3,653,0,0,1,1,1,0,0,1,1,2,E01011316
17845,20201376Q0755,2020,1376Q0755,2,2,1,1,39,7,2,0,0,0,0,0,19,1,1,2020,1376Q0755,429787.0,430632.0,-1.549551,53.771199,13,2,3,3,26/06/2020,6,11:04,204,E08000035,E08000035,6,0,6,20.0,3,4,3,653,0,0,1,1,1,0,0,1,1,2,E01011316
17846,20201376Q0755,2020,1376Q0755,3,3,1,2,32,6,2,0,0,0,0,0,9,3,9,2020,1376Q0755,429787.0,430632.0,-1.549551,53.771199,13,2,3,3,26/06/2020,6,11:04,204,E08000035,E08000035,6,0,6,20.0,3,4,3,653,0,0,1,1,1,0,0,1,1,2,E01011316
17847,20201376Q1059,2020,1376Q1059,2,1,1,1,54,8,3,0,0,0,0,0,1,1,3,2020,1376Q1059,431786.0,431478.0,-1.519136,53.778685,13,3,2,1,26/06/2020,6,13:30,204,E08000035,E08000035,6,0,6,30.0,3,4,6,0,0,0,1,1,1,0,0,1,1,2,E01011468
17848,20201376Q1858,2020,1376Q1858,1,1,1,1,26,6,3,0,0,0,0,0,9,-1,-1,2020,1376Q1858,425938.0,435561.0,-1.607533,53.815705,13,3,2,3,26/06/2020,6,18:49,204,E08000035,E08000035,4,6157,6,30.0,9,2,4,6157,0,5,7,1,2,0,0,1,1,2,E01011281
17849,20201376Q1858,2020,1376Q1858,1,2,2,2,27,6,3,0,0,1,0,0,9,-1,-1,2020,1376Q1858,425938.0,435561.0,-1.607533,53.815705,13,3,2,3,26/06/2020,6,18:49,204,E08000035,E08000035,4,6157,6,30.0,9,2,4,6157,0,5,7,1,2,0,0,1,1,2,E01011281
17850,20201376Q1858,2020,1376Q1858,2,3,2,2,27,6,3,0,0,1,0,0,9,-1,-1,2020,1376Q1858,425938.0,435561.0,-1.607533,53.815705,13,3,2,3,26/06/2020,6,18:49,204,E08000035,E08000035,4,6157,6,30.0,9,2,4,6157,0,5,7,1,2,0,0,1,1,2,E01011281