,accident_index,accident_year_x,accident_reference_x,vehicle_reference,casualty_reference,casualty_class,sex_of_casualty,age_of_casualty,age_band_of_casualty,casualty_severity,pedestrian_location,pedestrian_movement,car_passenger,bus_or_coach_passenger,pedestrian_road_maintenance_worker,casualty_type,casualty_home_area_type,casualty_imd_decile,accident_year_y,accident_reference_y,location_easting_osgr,location_northing_osgr,longitude,latitude,police_force,accident_severity,number_of_vehicles,number_of_casualties,date,day_of_week,time,local_authority_district,local_authority_ons_district,local_authority_highway,first_road_class,first_road_number,road_type,speed_limit,junction_detail,junction_control,second_road_class,second_road_number,pedestrian_crossing_human_control,pedestrian_crossing_physical_facilities,light_conditions,weather_conditions,road_surface_conditions,special_conditions_at_site,carriageway_hazards,urban_or_rural_area,did_police_officer_attend_scene_of_accident,trunk_road_flag,lsoa_of_accident_location
17851,20201376R0540,2020,1376R0540,1,1,2,1,23,5,3,0,0,1,0,0,9,1,8,2020,1376R0540,428983.0,442310.0,-1.560655,53.876202,13,3,1,1,27/06/2020,7,08:00,204,E08000035,E08000035,6,0,6,60.0,0,-1,0,-1,0,0,1,2,2,0,0,2,1,2,E01011554
17852,20201376S0011,2020,1376S0011,1,1,2,2,25,5,3,0,0,1,0,0,9,1,6,2020,1376S0011,435384.0,433820.0,-1.464272,53.799503,13,3,1,1,28/06/2020,1,00:04,204,E08000035,E08000035,6,0,6,20.0,3,4,6,0,0,0,4,1,1,0,0,1,1,2,E01011415
17853,20201376S0311,2020,1376S0311,2,1,1,2,25,5,3,0,0,0,0,0,9,1,2,2020,1376S0311,427266.0,430732.0,-1.58779,53.772235,13,3,2,1,27/06/2020,7,23:30,204,E08000035,E08000035,1,621,2,50.0,0,-1,0,-1,0,0,7,8,1,0,0,1,2,1,E01011318
17854,20201376S1669,2020,1376S1669,1,1,3,2,41,7,3,10,9,0,0,0,0,1,1,2020,1376S1669,432231.0,434720.0,-1.512046,53.807796,13,3,2,1,28/06/2020,1,20:28,204,E08000035,E08000035,6,0,2,30.0,3,4,6,0,0,0,1,8,2,0,0,1,1,2,E01011433
17855,20201376T0665,2020,1376T0665,1,1,3,2,15,3,3,5,2,0,0,0,0,1,1,2020,1376T0665,429945.0,436666.0,-1.546571,53.825422,13,3,1,1,28/06/2020,1,19:00,204,E08000035,E08000035,3,61,3,40.0,0,-1,0,-1,0,0,1,1,1,0,0,1,2,2,E01011350
17856,20201376T0776,2020,1376T0776,1,1,3,2,26,6,3,1,1,0,0,0,0,3,4,2020,1376T0776,431365.0,433950.0,-1.525274,53.800928,13,3,1,1,29/06/2020,2,14:01,204,E08000035,E08000035,6,0,6,30.0,3,2,6,0,0,5,1,1,1,0,0,1,1,2,E01033031
17857,20201376T1049,2020,1376T1049,2,1,2,2,45,7,3,0,0,1,0,0,8,3,9,2020,1376T1049,436431.0,437087.0,-1.447992,53.828794,13,3,2,1,29/06/2020,2,16:10,204,E08000035,E08000035,3,64,3,40.0,6,2,6,0,0,5,1,1,1,0,0,2,1,2,E01011718
17858,20201376U0825,2020,1376U0825,1,1,1,1,25,5,3,0,0,0,0,0,9,1,1,2020,1376U0825,437408.0,439570.0,-1.432848,53.85104,13,3,1,1,30/06/2020,3,14:10,204,E08000035,E08000035,6,0,6,30.0,0,-1,0,-1,0,0,1,1,1,0,0,2,1,2,E01011311
17859,20201376U1060,2020,1376U1060,1,1,1,1,27,6,3,0,0,0,0,0,9,1,1,2020,1376U1060,421144.0,433593.0,-1.68048,53.798232,13,3,2,1,30/06/2020,3,16:11,204,E08000035,E08000035,6,0,6,30.0,0,-1,0,-1,0,0,1,1,1,0,0,1,1,2,E01011599
17860,20201376U1332,2020,1376U1332,1,1,1,1,50,8,3,0,0,0,0,0,9,1,1,2020,1376U1332,429683.0,430821.0,-1.551111,53.772904,13,3,3,2,30/06/2020,3,18:00,204,E08000035,E08000035,6,0,6,30.0,0,-1,0,-1,0,0,1,1,1,0,0,1,2,2,E01011375
17861,20201376U1332,2020,1376U1332,2,2,1,1,45,7,3,0,0,0,0,0,9,-1,-1,2020,1376U1332,429683.0,430821.0,-1.551111,53.772904,13,3,3,2,30/06/2020,3,18:00,204,E08000035,E08000035,6,0,6,30.0,0,-1,0,-1,0,0,1,1,1,0,0,1,2,2,E01011375
17862,2020137711481,2020,137711481,1,1,3,1,15,3,3,1,1,0,0,0,0,1,2,2020,137711481,430536.0,438130.0,-1.537448,53.838545,13,3,1,1,01/07/2020,4,18:30,204,E08000035,E08000035,6,0,6,30.0,0,-1,0,-1,0,1,1,1,1,0,0,1,2,2,E01011515
17863,2020137720677,2020,137720677,2,1,1,1,20,4,3,0,0,0,0,0,9,1,1,2020,137720677,428785.0,434039.0,-1.564436,53.801876,13,3,2,1,02/07/2020,5,10:00,204,E08000035,E08000035,6,0,6,30.0,0,-1,0,-1,0,0,1,1,1,0,0,1,2,2,E01011681
17864,2020137721373,2020,137721373,2,1,1,1,53,8,3,0,0,0,0,0,1,1,1,2020,137721373,427832.0,430603.0,-1.579214,53.771046,13,3,2,1,02/07/2020,5,18:19,204,E08000035,E08000035,3,6110,3,30.0,0,-1,0,-1,0,4,1,1,1,0,0,1,1,2,E01011369
17865,2020137721643,2020,137721643,1,1,1,1,51,8,2,0,0,0,0,0,9,1,7,2020,137721643,423981.0,434524.0,-1.637338,53.806478,13,2,1,1,02/07/2020,5,20:28,204,E08000035,E08000035,4,6157,6,30.0,0,-1,0,-1,0,0,1,1,1,0,0,1,1,2,E01011334
17866,2020137730555,2020,137730555,2,1,1,1,40,7,3,0,0,0,0,0,9,1,3,2020,137730555,428232.0,429694.0,-1.573228,53.762855,13,3,2,1,03/07/2020,6,11:50,204,E08000035,E08000035,3,6110,3,40.0,0,-1,0,-1,0,0,1,1,2,0,0,1,1,2,E01011321
17867,2020137730969,2020,137730969,1,1,1,2,12,3,3,0,0,0,0,0,1,1,1,2020,137730969,431536.0,432760.0,-1.522799,53.790222,13,3,2,1,03/07/2020,6,16:10,204,E08000035,E08000035,6,0,6,30.0,8,4,6,0,0,0,1,1,1,0,0,1,1,2,E01011626
17868,2020137731032,2020,137731032,2,1,2,2,49,8,3,0,0,1,0,0,9,1,7,2020,137731032,430087.0,437380.0,-1.544344,53.831831,13,3,2,1,03/07/2020,6,15:45,204,E08000035,E08000035,3,61,3,40.0,6,4,6,0,0,0,1,1,1,0,0,1,1,2,E01011350
17869,2020137731091,2020,137731091,2,1,1,2,21,5,3,0,0,0,0,0,9,1,1,2020,137731091,434181.0,436969.0,-1.482187,53.827885,13,3,2,1,03/07/2020,6,11:20,204,E08000035,E08000035,3,58,3,40.0,3,2,6,0,0,5,1,1,1,0,0,2,2,2,E01011644
17870,2020137731796,2020,137731796,1,1,3,1,4,1,3,5,1,0,0,0,0,1,2,2020,137731796,428557.0,434681.0,-1.567839,53.807659,13,3,1,1,03/07/2020,6,21:18,204,E08000035,E08000035,6,0,6,30.0,0,-1,0,-1,0,0,1,1,1,0,0,1,1,2,E01011448
17871,2020137740300,2020,137740300,1,1,1,1,33,6,3,0,0,0,0,0,9,1,8,2020,137740300,426391.0,438886.0,-1.600371,53.845566,13,3,1,1,04/07/2020,7,04:55,204,E08000035,E08000035,6,0,6,30.0,3,4,6,0,0,0,1,1,1,0,2,2,1,2,E01011684
17872,2020137740830,2020,137740830,2,1,1,1,14,3,3,0,0,0,0,0,1,1,3,2020,137740830,427987.0,433607.0,-1.576591,53.798037,13,3,2,1,04/07/2020,7,13:15,204,E08000035,E08000035,3,647,6,40.0,0,-1,0,-1,0,0,1,1,1,0,0,1,1,2,E01011294
17873,2020137741018,2020,137741018,2,1,1,1,47,8,2,0,0,0,0,0,1,1,10,2020,137741018,426860.0,437713.0,-1.593344,53.835,13,2,2,1,04/07/2020,7,14:55,204,E08000035,E08000035,3,660,6,30.0,0,-1,0,-1,0,0,1,1,1,0,0,1,1,2,E01011685
17874,2020137741438,2020,137741438,1,1,1,1,48,8,3,0,0,0,0,0,9,1,1,2020,137741438,428099.0,434522.0,-1.574808,53.806255,13,3,2,1,04/07/2020,7,17:55,204,E08000035,E08000035,6,0,6,30.0,6,2,6,0,0,5,1,1,1,0,0,1,1,2,E01011481
17875,2020137741697,2020,137741697,1,1,2,2,71,10,3,0,0,2,0,0,9,1,2,2020,137741697,429411.0,438791.0,-1.554481,53.844551,13,3,1,1,04/07/2020,7,19:00,204,E08000035,E08000035,6,0,6,30.0,0,-1,0,-1,0,0,1,1,1,0,0,1,2,2,E01011559
17876,2020137742091,2020,137742091,1,1,2,2,20,4,3,0,0,1,0,0,9,1,6,2020,137742091,425016.0,425748.0,-1.622329,53.727552,13,3,1,2,04/07/2020,7,22:02,204,E08000035,E08000035,4,6123,6,40.0,0,-1,0,-1,0,0,1,4,1,0,0,1,1,2,E01011534
17877,2020137742091,2020,137742091,1,2,2,2,20,4,3,0,0,2,0,0,9,1,2,2020,137742091,425016.0,425748.0,-1.622329,53.727552,13,3,1,2,04/07/2020,7,22:02,204,E08000035,E08000035,4,6123,6,40.0,0,-1,0,-1,0,0,1,4,1,0,0,1,1,2,E01011534
17878,2020137751543,2020,137751543,2,1,1,1,27,6,3,0,0,0,0,0,1,1,5,2020,137751543,432959.0,440276.0,-1.500399,53.857685,13,3,2,1,05/07/2020,1,13:30,204,E08000035,E08000035,6,0,6,30.0,0,-1,0,-1,0,0,1,1,1,0,0,1,2,2,E01011561
17879,2020137752163,2020,137752163,1,1,1,1,25,5,3,0,0,0,0,0,9,1,1,2020,137752163,425866.0,426257.0,-1.609404,53.732085,13,3,1,1,05/07/2020,1,23:25,204,E08000035,E08000035,1,62,3,70.0,0,-1,0,-1,0,0,4,2,2,0,0,1,1,1,E01011546
17880,2020137760199,2020,137760199,1,1,1,2,34,6,3,0,0,0,0,0,9,1,3,2020,137760199,421453.0,434014.0,-1.67576,53.802003,13,3,2,1,06/07/2020,2,06:14,204,E08000035,E08000035,3,647,3,70.0,0,-1,0,-1,0,0,1,2,2,0,0,1,1,2,E01011585
17881,2020137760466,2020,137760466,1,1,1,1,81,11,3,0,0,0,0,0,9,1,2,2020,137760466,424212.0,428250.0,-1.634319,53.750078,13,3,2,1,06/07/2020,2,10:50,204,E08000035,E08000035,3,650,1,40.0,1,2,3,62,0,0,1,1,1,1,0,1,1,1,E01011523
17882,2020137760548,2020,137760548,1,1,1,1,46,8,3,0,0,0,0,0,9,1,1,2020,137760548,431959.0,430317.0,-1.516631,53.76824,13,3,3,1,28/06/2020,1,22:30,204,E08000035,E08000035,3,61,1,50.0,1,4,3,639,0,0,7,1,1,0,0,2,2,2,E01011469
17883,2020137760847,2020,137760847,2,1,1,1,69,10,3,0,0,0,0,0,9,1,1,2020,137760847,424128.0,428190.0,-1.635598,53.749542,13,3,2,1,06/07/2020,2,13:57,204,E08000035,E08000035,3,62,3,40.0,1,2,3,650,0,0,1,1,1,1,0,1,1,1,E01011523
17884,2020137770464,2020,137770464,1,1,1,1,50,8,3,0,0,0,0,0,8,-1,-1,2020,137770464,434102.0,437059.0,-1.483378,53.828699,13,3,2,1,07/07/2020,3,17:26,204,E08000035,E08000035,6,0,6,30.0,0,-1,0,-1,0,1,1,1,1,0,0,2,2,2,E01011644
17885,2020137770796,2020,137770796,1,1,1,1,27,6,2,0,0,0,0,0,3,1,2,2020,137770796,423114.0,434196.0,-1.650527,53.803569,13,2,1,1,07/07/2020,3,13:02,204,E08000035,E08000035,3,647,7,60.0,5,4,6,0,0,0,1,2,2,0,0,1,1,2,E01011587
17886,2020137770995,2020,137770995,2,1,1,2,28,6,2,0,0,0,0,0,1,1,5,2020,137770995,428949.0,435473.0,-1.561812,53.814756,13,2,2,1,07/07/2020,3,17:40,204,E08000035,E08000035,6,0,6,30.0,6,2,6,0,0,5,1,1,1,0,0,1,2,2,E01011444
17887,2020137780003,2020,137780003,1,1,2,1,22,5,3,0,0,2,0,0,9,1,2,2020,137780003,431009.0,439224.0,-1.53015,53.84835,13,3,1,1,08/07/2020,4,00:01,204,E08000035,E08000035,3,6120,3,40.0,0,-1,0,-1,0,0,4,2,2,0,0,1,1,2,E01011556
17888,2020137780025,2020,137780025,1,1,1,1,43,7,3,0,0,0,0,0,3,1,5,2020,137780025,432901.0,430956.0,-1.502272,53.773925,13,3,1,1,07/07/2020,3,23:30,204,E08000035,E08000035,6,0,6,30.0,0,-1,0,-1,0,0,7,2,2,0,0,1,2,2,E01011468
17889,2020137780447,2020,137780447,1,1,3,2,30,6,3,1,1,0,0,0,0,1,2,2020,137780447,431514.0,433632.0,-1.523044,53.798061,13,3,1,1,08/07/2020,4,10:54,204,E08000035,E08000035,3,64,6,30.0,0,-1,0,-1,0,4,1,1,1,4,0,1,1,2,E01011338
17890,2020137781412,2020,137781412,2,1,1,1,21,5,3,0,0,0,0,0,1,1,1,2020,137781412,428486.0,435206.0,-1.568869,53.812381,13,3,2,1,08/07/2020,4,14:30,204,E08000035,E08000035,6,0,6,30.0,8,4,6,0,0,0,1,1,1,0,0,1,2,2,E01011445
17891,2020137790346,2020,137790346,1,1,1,1,37,7,3,0,0,0,0,0,9,1,8,2020,137790346,418287.0,445857.0,-1.723128,53.908565,13,3,1,1,09/07/2020,5,08:58,204,E08000035,E08000035,3,660,3,60.0,0,-1,0,-1,0,0,1,2,2,0,2,2,1,2,E01011582
17892,2020137790760,2020,137790760,1,1,2,2,27,6,3,0,0,2,0,0,8,1,1,2020,137790760,428582.0,431548.0,-1.567749,53.779499,13,3,2,1,09/07/2020,5,07:25,204,E08000035,E08000035,3,643,6,30.0,1,4,1,621,0,0,1,1,1,0,0,1,2,2,E01011366
17893,2020137791638,2020,137791638,2,1,1,1,21,5,3,0,0,0,0,0,9,1,3,2020,137791638,443615.0,435513.0,-1.339074,53.814096,13,3,2,1,09/07/2020,5,20:38,204,E08000035,E08000035,1,1,3,70.0,0,-1,0,-1,0,0,1,2,2,0,0,2,1,1,E01011297
17894,20201377A0434,2020,1377A0434,1,1,3,2,48,8,2,8,1,0,0,0,0,1,1,2020,1377A0434,432297.0,429983.0,-1.511538,53.765217,13,2,1,1,10/07/2020,6,10:05,204,E08000035,E08000035,3,61,3,50.0,0,-1,0,-1,0,0,1,1,1,0,0,2,1,2,E01011470
17895,20201377A0799,2020,1377A0799,1,1,3,2,20,4,3,10,9,0,0,0,0,1,1,2020,1377A0799,436281.0,434726.0,-1.450548,53.807584,13,3,1,1,10/07/2020,6,12:40,204,E08000035,E08000035,6,0,2,20.0,0,-1,0,-1,0,0,1,1,1,0,0,1,2,2,E01011408
17896,20201377A0840,2020,1377A0840,1,1,3,2,6,2,3,1,3,0,0,0,0,1,10,2020,1377A0840,429366.0,439555.0,-1.555092,53.85142,13,3,2,1,10/07/2020,6,14:10,204,E08000035,E08000035,6,0,6,30.0,3,2,6,0,0,4,1,2,2,0,0,1,1,2,E01011567
17897,20201377A1628,2020,1377A1628,1,1,1,1,15,3,2,0,0,0,0,0,2,1,2,2020,1377A1628,429620.0,433997.0,-1.551763,53.801452,13,2,1,1,10/07/2020,6,14:00,204,E08000035,E08000035,6,0,6,30.0,0,-1,0,-1,0,0,1,1,1,0,0,1,2,2,E01033008
17898,20201377B0363,2020,1377B0363,2,1,1,1,59,9,3,0,0,0,0,0,1,3,10,2020,1377B0363,440459.0,447691.0,-1.385404,53.923798,13,3,2,1,11/07/2020,7,06:05,204,E08000035,E08000035,3,168,1,30.0,1,4,3,58,0,0,1,1,1,0,0,2,1,2,E01011704
17899,20201377B1360,2020,1377B1360,2,1,3,1,29,6,3,10,9,0,0,0,0,1,1,2020,1377B1360,432527.0,428126.0,-1.508244,53.748513,13,3,2,2,11/07/2020,7,17:10,204,E08000035,E08000035,6,0,6,30.0,0,-1,0,-1,0,0,1,1,1,0,0,1,2,2,E01011496
17900,20201377B1360,2020,1377B1360,2,2,3,2,-1,-1,3,10,9,0,0,0,0,1,1,2020,1377B1360,432527.0,428126.0,-1.508244,53.748513,13,3,2,2,11/07/2020,7,17:10,204,E08000035,E08000035,6,0,6,30.0,0,-1,0,-1,0,0,1,1,1,0,0,1,2,2,E01011496
17901,20201377B1971,2020,1377B1971,2,1,1,1,32,6,3,0,0,0,0,0,1,1,7,2020,1377B1971,432643.0,428521.0,-1.506443,53.752056,13,3,2,1,11/07/2020,7,16:00,204,E08000035,E08000035,3,61,6,50.0,0,-1,0,-1,0,0,1,1,1,0,0,2,2,2,E01011496
17902,20201377C0117,2020,1377C0117,1,1,1,1,20,4,3,0,0,0,0,0,9,1,6,2020,1377C0117,420961.0,441584.0,-1.682716,53.87006,13,2,1,2,12/07/2020,1,00:54,204,E08000035,E08000035,6,0,6,30.0,3,4,6,0,0,0,4,1,1,0,0,1,1,2,E01011264
17903,20201377C0117,2020,1377C0117,1,2,2,2,18,4,2,0,0,1,0,0,9,-1,-1,2020,1377C0117,420961.0,441584.0,-1.682716,53.87006,13,2,1,2,12/07/2020,1,00:54,204,E08000035,E08000035,6,0,6,30.0,3,4,6,0,0,0,4,1,1,0,0,1,1,2,E01011264
17904,20201377C0387,2020,1377C0387,1,1,1,1,24,5,3,0,0,0,0,0,9,1,2,2020,1377C0387,441324.0,445148.0,-1.372575,53.900876,13,3,2,1,12/07/2020,1,03:56,204,E08000035,E08000035,2,1,3,70.0,0,-1,0,-1,0,0,1,1,1,0,0,2,1,1,E01011707
17905,20201377C1356,2020,1377C1356,1,1,1,2,33,6,3,0,0,0,0,0,9,1,10,2020,1377C1356,426371.0,438037.0,-1.600747,53.837936,13,3,2,1,12/07/2020,1,16:41,204,E08000035,E08000035,5,0,1,40.0,1,4,5,0,0,0,1,1,1,0,0,1,2,2,E01011687
17906,20201377C1484,2020,1377C1484,1,1,1,1,46,8,3,0,0,0,0,0,3,1,3,2020,1377C1484,432064.0,436087.0,-1.51444,53.820092,13,3,2,1,12/07/2020,1,17:45,204,E08000035,E08000035,6,0,6,30.0,6,4,6,0,0,0,1,1,1,0,0,1,1,2,E01011642
17907,20201377C1828,2020,1377C1828,2,1,1,1,28,6,3,0,0,0,0,0,19,1,1,2020,1377C1828,427208.0,437305.0,-1.588092,53.831315,13,3,2,1,12/07/2020,1,20:28,204,E08000035,E08000035,3,660,6,30.0,3,2,6,0,0,0,1,1,1,0,0,1,1,2,E01011690
17908,20201377C2144,2020,1377C2144,1,1,1,1,19,4,2,0,0,0,0,0,3,1,8,2020,1377C2144,440089.0,432652.0,-1.392994,53.788666,13,2,1,1,12/07/2020,1,22:45,204,E08000035,E08000035,4,6137,6,20.0,0,-1,0,-1,0,0,4,1,1,0,0,1,1,2,E01011402
17909,20201377D0231,2020,1377D0231,1,1,1,2,28,6,2,0,0,0,0,0,9,1,6,2020,1377D0231,440967.0,448756.0,-1.377527,53.93333,13,2,1,1,13/07/2020,2,04:01,204,E08000035,E08000035,6,0,6,30.0,0,-1,0,-1,0,0,4,1,1,0,0,1,1,2,E01011700
17910,20201377D0380,2020,1377D0380,2,1,1,1,25,5,3,0,0,0,0,0,1,1,9,2020,1377D0380,430075.0,431158.0,-1.545131,53.77591,13,3,2,1,13/07/2020,2,08:20,204,E08000035,E08000035,3,653,6,30.0,0,-1,0,-1,0,0,1,1,2,0,0,1,2,2,E01011371
17911,20201377D0853,2020,1377D0853,1,1,1,1,18,4,2,0,0,0,0,0,3,-1,-1,2020,1377D0853,429922.0,427804.0,-1.547776,53.745774,13,2,2,1,13/07/2020,2,13:30,204,E08000035,E08000035,6,0,6,30.0,6,4,6,0,0,0,1,2,2,0,0,1,1,2,E01011494
17912,20201377E0210,2020,1377E0210,2,1,1,1,57,9,3,0,0,0,0,0,1,1,1,2020,1377E0210,429109.0,432181.0,-1.559692,53.785159,13,3,2,1,14/07/2020,3,05:34,204,E08000035,E08000035,6,0,6,30.0,0,-1,0,-1,0,0,1,1,1,0,0,1,1,2,E01033013
17913,20201377E0714,2020,1377E0714,2,1,1,1,35,6,3,0,0,0,0,0,1,1,7,2020,1377E0714,426338.0,438936.0,-1.601172,53.846018,13,3,2,1,14/07/2020,3,12:10,204,E08000035,E08000035,6,0,6,30.0,3,4,6,0,0,0,1,1,1,0,0,1,1,2,E01011684
17914,20201377E1507,2020,1377E1507,1,1,1,1,11,3,2,0,0,0,0,0,1,1,6,2020,1377E1507,427127.0,434793.0,-1.589543,53.808742,13,2,2,1,14/07/2020,3,18:30,204,E08000035,E08000035,6,0,6,30.0,3,4,6,0,0,0,1,1,1,0,0,1,1,2,E01011482
17915,20201377H0436,2020,1377H0436,1,1,3,1,42,7,3,6,9,0,0,0,0,1,8,2020,1377H0436,418592.0,442843.0,-1.718666,53.881465,13,3,1,1,16/07/2020,5,16:30,204,E08000035,E08000035,6,0,6,30.0,0,-1,0,-1,0,0,1,1,1,0,0,1,2,2,E01011280
17916,20201377H0803,2020,1377H0803,2,1,1,1,59,9,3,0,0,0,0,0,9,1,5,2020,1377H0803,428275.0,424192.0,-1.573077,53.713402,13,3,2,1,15/07/2020,4,00:55,204,E08000035,E08000035,6,0,6,40.0,3,4,6,0,0,0,4,1,2,0,0,2,2,2,E01011536
17917,20201377H0884,2020,1377H0884,1,1,1,1,56,9,2,0,0,0,0,0,5,2,2,2020,1377H0884,435539.0,445220.0,-1.460605,53.90195,13,2,3,1,17/07/2020,6,13:00,204,E08000035,E08000035,3,659,6,60.0,0,-1,0,-1,0,0,1,1,1,0,0,2,1,2,E01011708
17918,20201377H1298,2020,1377H1298,1,1,1,1,41,7,2,0,0,0,0,0,1,1,1,2020,1377H1298,428992.0,429075.0,-1.561758,53.75725,13,2,1,1,17/07/2020,6,16:00,204,E08000035,E08000035,6,0,6,30.0,0,-1,0,-1,0,0,1,1,1,0,0,2,1,2,E01011493
17919,20201377H1626,2020,1377H1626,1,1,1,1,27,6,3,0,0,0,0,0,9,1,7,2020,1377H1626,441076.0,449547.0,-1.375761,53.94043,13,3,2,1,17/07/2020,6,18:22,204,E08000035,E08000035,2,1,1,40.0,1,4,4,1126,0,0,1,1,1,0,0,2,1,1,E01011704
17920,20201377I1296,2020,1377I1296,2,1,1,1,19,4,3,0,0,0,0,0,9,1,2,2020,1377I1296,425915.0,432234.0,-1.608161,53.785804,13,3,2,1,18/07/2020,7,16:13,204,E08000035,E08000035,3,6110,3,40.0,3,1,6,0,0,8,1,1,2,0,0,1,1,2,E01011737
17921,20201377I1640,2020,1377I1640,1,1,3,1,37,7,3,10,9,0,0,0,0,1,8,2020,1377I1640,427606.0,436197.0,-1.582144,53.821336,13,3,1,1,18/07/2020,7,16:25,204,E08000035,E08000035,6,0,6,30.0,0,-1,0,-1,0,0,1,1,1,0,0,1,2,2,E01011435
17922,20201377I1709,2020,1377I1709,2,1,1,1,19,4,3,0,0,0,0,0,1,1,8,2020,1377I1709,427996.0,436017.0,-1.576236,53.819697,13,3,2,1,18/07/2020,7,18:45,204,E08000035,E08000035,3,660,6,30.0,3,4,6,0,0,0,1,1,1,0,0,1,2,2,E01011440
17923,20201377J0812,2020,1377J0812,1,1,1,1,80,11,2,0,0,0,0,0,9,1,4,2020,1377J0812,420039.0,437085.0,-1.69703,53.829661,13,2,2,3,19/07/2020,1,12:24,204,E08000035,E08000035,3,657,6,40.0,3,4,6,0,0,0,1,1,1,0,0,1,1,2,E01011590
17924,20201377J0812,2020,1377J0812,2,2,1,1,54,8,2,0,0,0,0,0,9,1,7,2020,1377J0812,420039.0,437085.0,-1.69703,53.829661,13,2,2,3,19/07/2020,1,12:24,204,E08000035,E08000035,3,657,6,40.0,3,4,6,0,0,0,1,1,1,0,0,1,1,2,E01011590
17925,20201377J0812,2020,1377J0812,2,3,2,2,47,8,2,0,0,1,0,0,9,1,7,2020,1377J0812,420039.0,437085.0,-1.69703,53.829661,13,2,2,3,19/07/2020,1,12:24,204,E08000035,E08000035,3,657,6,40.0,3,4,6,0,0,0,1,1,1,0,0,1,1,2,E01011590
17926,20201377J0870,2020,1377J0870,2,1,1,1,56,9,3,0,0,0,0,0,1,1,6,2020,1377J0870,436963.0,433792.0,-1.440304,53.799142,13,3,2,1,19/07/2020,1,12:50,204,E08000035,E08000035,6,0,6,30.0,3,4,6,0,0,0,1,1,1,0,0,1,1,2,E01011411
17927,20201377K0803,2020,1377K0803,1,1,3,1,53,8,2,10,9,0,0,0,0,1,4,2020,1377K0803,432114.0,435378.0,-1.513754,53.813717,13,2,2,1,20/07/2020,2,12:56,204,E08000035,E08000035,4,6159,6,30.0,3,4,6,0,0,0,1,1,1,0,0,1,1,2,E01011430
17928,20201377K1172,2020,1377K1172,2,1,1,1,36,7,3,0,0,0,0,0,1,1,5,2020,1377K1172,428172.0,434799.0,-1.573674,53.80874,13,3,2,1,20/07/2020,2,14:30,204,E08000035,E08000035,6,0,6,20.0,6,4,6,0,0,0,1,1,1,0,0,1,2,2,E01011449
17929,20201377K1683,2020,1377K1683,2,1,1,2,47,8,3,0,0,0,0,0,9,1,8,2020,1377K1683,433714.0,442051.0,-1.488727,53.87359,13,3,2,2,20/07/2020,2,11:15,204,E08000035,E08000035,6,0,6,30.0,3,4,6,0,0,0,1,1,1,0,0,2,2,2,E01011561
17930,20201377K1683,2020,1377K1683,2,2,2,2,21,5,3,0,0,1,0,0,9,1,8,2020,1377K1683,433714.0,442051.0,-1.488727,53.87359,13,3,2,2,20/07/2020,2,11:15,204,E08000035,E08000035,6,0,6,30.0,3,4,6,0,0,0,1,1,1,0,0,2,2,2,E01011561
17931,20201377L0322,2020,1377L0322,1,1,2,2,-1,-1,3,0,0,0,4,0,11,-1,-1,2020,1377L0322,422020.0,434367.0,-1.667126,53.805153,13,3,1,1,21/07/2020,3,08:00,204,E08000035,E08000035,4,6157,1,30.0,1,4,6,0,0,0,1,1,1,0,0,1,2,2,E01011587
17932,20201377L0703,2020,1377L0703,2,1,1,2,29,6,3,0,0,0,0,0,9,1,4,2020,1377L0703,428438.0,435185.0,-1.569599,53.812195,13,3,2,2,21/07/2020,3,12:46,204,E08000035,E08000035,6,0,6,20.0,0,-1,0,-1,0,0,1,1,1,0,0,1,2,2,E01011445
17933,20201377L0703,2020,1377L0703,2,2,2,2,37,7,3,0,0,1,0,0,9,1,1,2020,1377L0703,428438.0,435185.0,-1.569599,53.812195,13,3,2,2,21/07/2020,3,12:46,204,E08000035,E08000035,6,0,6,20.0,0,-1,0,-1,0,0,1,1,1,0,0,1,2,2,E01011445
17934,20201377M0766,2020,1377M0766,1,1,1,1,68,10,3,0,0,0,0,0,9,1,8,2020,1377M0766,422596.0,440144.0,-1.657957,53.85705,13,3,1,1,22/07/2020,4,00:01,204,E08000035,E08000035,6,0,6,60.0,0,-1,0,-1,0,0,6,1,1,0,0,2,1,2,E01032503
17935,20201377M0944,2020,1377M0944,1,1,3,1,60,9,3,5,1,0,0,0,0,1,1,2020,1377M0944,429828.0,430821.0,-1.548911,53.772896,13,3,1,1,22/07/2020,4,14:15,204,E08000035,E08000035,6,0,6,30.0,3,4,6,0,0,0,1,1,1,0,0,1,1,2,E01011312
17936,20201377M1038,2020,1377M1038,1,1,3,1,53,8,3,6,9,0,0,0,0,1,6,2020,1377M1038,430753.0,428168.0,-1.53514,53.748998,13,3,1,1,22/07/2020,4,14:30,204,E08000035,E08000035,6,0,6,30.0,0,-1,0,-1,0,0,1,1,1,0,0,1,2,2,E01011490
17937,20201377N0459,2020,1377N0459,1,1,1,1,54,8,2,0,0,0,0,0,9,1,10,2020,1377N0459,431795.0,441718.0,-1.517946,53.870717,13,2,2,2,23/07/2020,5,10:14,204,E08000035,E08000035,3,61,6,60.0,0,-1,0,-1,0,0,1,1,1,0,0,2,1,2,E01011561