,accident_index,accident_year_x,accident_reference_x,vehicle_reference,casualty_reference,casualty_class,sex_of_casualty,age_of_casualty,age_band_of_casualty,casualty_severity,pedestrian_location,pedestrian_movement,car_passenger,bus_or_coach_passenger,pedestrian_road_maintenance_worker,casualty_type,casualty_home_area_type,casualty_imd_decile,accident_year_y,accident_reference_y,location_easting_osgr,location_northing_osgr,longitude,latitude,police_force,accident_severity,number_of_vehicles,number_of_casualties,date,day_of_week,time,local_authority_district,local_authority_ons_district,local_authority_highway,first_road_class,first_road_number,road_type,speed_limit,junction_detail,junction_control,second_road_class,second_road_number,pedestrian_crossing_human_control,pedestrian_crossing_physical_facilities,light_conditions,weather_conditions,road_surface_conditions,special_conditions_at_site,carriageway_hazards,urban_or_rural_area,did_police_officer_attend_scene_of_accident,trunk_road_flag,lsoa_of_accident_location
18026,20201378I1155,2020,1378I1155,1,1,1,1,7,2,3,0,0,0,0,0,1,1,1,2020,1378I1155,434292.0,432870.0,-1.480955,53.791037,13,3,2,1,18/08/2020,3,15:45,204,E08000035,E08000035,6,0,6,20.0,0,-1,0,-1,0,0,1,1,1,0,0,1,1,2,E01011624
18027,20201378I1270,2020,1378I1270,2,1,1,2,52,8,3,0,0,0,0,0,9,1,4,2020,1378I1270,430793.0,427528.0,-1.534597,53.743243,13,3,2,1,18/08/2020,3,16:35,204,E08000035,E08000035,6,0,6,30.0,3,4,6,0,0,0,1,1,1,0,0,2,1,2,E01032495
18028,20201378I1416,2020,1378I1416,2,1,1,1,53,8,3,0,0,0,0,0,1,1,1,2020,1378I1416,428275.0,434136.0,-1.572171,53.802776,13,3,2,1,18/08/2020,3,17:31,204,E08000035,E08000035,3,65,6,40.0,8,4,6,0,0,0,1,1,1,0,0,1,1,2,E01011681
18029,20201378J1094,2020,1378J1094,1,1,1,2,38,7,3,0,0,0,0,0,19,1,7,2020,1378J1094,431966.0,435836.0,-1.515955,53.817842,13,3,2,2,19/08/2020,4,15:38,204,E08000035,E08000035,3,58,3,40.0,3,2,4,6159,0,5,1,2,2,0,0,1,1,2,E01011422
18030,20201378J1094,2020,1378J1094,2,2,1,2,39,7,3,0,0,0,0,0,9,1,1,2020,1378J1094,431966.0,435836.0,-1.515955,53.817842,13,3,2,2,19/08/2020,4,15:38,204,E08000035,E08000035,3,58,3,40.0,3,2,4,6159,0,5,1,2,2,0,0,1,1,2,E01011422
18031,20201378K0709,2020,1378K0709,1,1,1,1,32,6,2,0,0,0,0,0,9,1,5,2020,1378K0709,428047.0,434300.0,-1.575617,53.804262,13,2,2,2,20/08/2020,5,12:15,204,E08000035,E08000035,3,65,3,30.0,6,2,6,0,0,4,1,1,1,0,0,1,1,2,E01011483
18032,20201378K0709,2020,1378K0709,2,2,2,2,16,4,3,0,0,1,0,0,9,1,1,2020,1378K0709,428047.0,434300.0,-1.575617,53.804262,13,2,2,2,20/08/2020,5,12:15,204,E08000035,E08000035,3,65,3,30.0,6,2,6,0,0,4,1,1,1,0,0,1,1,2,E01011483
18033,20201378K0897,2020,1378K0897,1,1,3,2,68,10,3,9,5,0,0,0,0,1,10,2020,1378K0897,430793.0,438640.0,-1.533492,53.843114,13,3,1,1,20/08/2020,5,12:40,204,E08000035,E08000035,3,61,7,30.0,0,-1,0,-1,0,0,1,1,1,0,0,1,2,2,E01011512
18034,20201378L0526,2020,1378L0526,2,1,1,2,68,10,3,0,0,0,0,0,9,1,6,2020,1378L0526,436379.0,428376.0,-1.449805,53.750507,13,3,2,1,21/08/2020,6,09:36,204,E08000035,E08000035,6,0,6,30.0,3,4,6,0,0,0,1,1,1,0,0,1,1,2,E01032487
18035,20201378L1135,2020,1378L1135,1,1,3,1,13,3,3,5,1,0,0,0,0,1,1,2020,1378L1135,431254.0,431739.0,-1.527183,53.781063,13,3,1,1,21/08/2020,6,15:04,204,E08000035,E08000035,6,0,6,20.0,0,-1,0,-1,0,0,1,1,1,0,0,1,1,2,E01011467
18036,20201378M0755,2020,1378M0755,2,1,1,1,50,8,3,0,0,0,0,0,1,1,2,2020,1378M0755,428264.0,440409.0,-1.571764,53.859156,13,3,2,1,22/08/2020,7,12:09,204,E08000035,E08000035,6,0,6,30.0,0,-1,0,-1,0,0,1,2,2,0,0,2,1,2,E01011554
18037,20201378M1787,2020,1378M1787,1,1,3,1,13,3,3,10,3,0,0,0,0,1,1,2020,1378M1787,431195.0,431469.0,-1.528105,53.77864,13,3,1,1,22/08/2020,7,20:45,204,E08000035,E08000035,6,0,6,30.0,3,4,6,0,0,4,4,2,2,0,0,1,1,2,E01011467
18038,20201378M2194,2020,1378M2194,1,1,3,1,31,6,2,5,1,0,0,0,0,1,8,2020,1378M2194,427874.0,436244.0,-1.578069,53.821744,13,2,1,1,22/08/2020,7,23:30,204,E08000035,E08000035,3,660,6,30.0,0,-1,0,-1,0,0,4,1,2,0,0,1,1,2,E01011451
18039,20201378N0913,2020,1378N0913,2,1,1,1,12,3,3,0,0,0,0,0,1,1,1,2020,1378N0913,432459.0,434590.0,-1.508597,53.806613,13,3,2,1,23/08/2020,1,14:00,204,E08000035,E08000035,6,0,6,30.0,6,4,6,0,0,0,1,1,1,0,0,1,1,2,E01011344
18040,20201378O0374,2020,1378O0374,1,1,1,1,61,9,2,0,0,0,0,0,9,1,4,2020,1378O0374,431868.0,433182.0,-1.517716,53.793995,13,2,4,2,24/08/2020,2,09:06,204,E08000035,E08000035,6,0,6,20.0,3,4,6,0,0,0,1,1,1,0,0,1,1,2,E01011623
18041,20201378O0374,2020,1378O0374,2,2,1,1,57,9,3,0,0,0,0,0,9,3,7,2020,1378O0374,431868.0,433182.0,-1.517716,53.793995,13,2,4,2,24/08/2020,2,09:06,204,E08000035,E08000035,6,0,6,20.0,3,4,6,0,0,0,1,1,1,0,0,1,1,2,E01011623
18042,20201378O0379,2020,1378O0379,1,1,1,1,89,11,3,0,0,0,0,0,9,1,8,2020,1378O0379,424799.0,427537.0,-1.625475,53.743642,13,3,2,1,24/08/2020,2,09:10,204,E08000035,E08000035,3,643,6,30.0,0,-1,0,-1,0,0,1,1,2,0,0,1,1,2,E01011530
18043,20201378O0765,2020,1378O0765,1,1,3,1,79,11,3,10,9,0,0,0,0,1,7,2020,1378O0765,436341.0,428003.0,-1.450425,53.747157,13,3,1,1,24/08/2020,2,11:45,204,E08000035,E08000035,6,0,6,30.0,0,-1,0,-1,0,0,1,1,1,0,0,1,1,2,E01011635
18044,20201378O0771,2020,1378O0771,1,1,2,1,17,4,2,0,0,0,0,0,5,1,1,2020,1378O0771,426316.0,436542.0,-1.601709,53.824503,13,2,2,1,24/08/2020,2,12:55,204,E08000035,E08000035,6,0,6,30.0,3,4,6,0,0,0,1,1,1,0,0,1,1,2,E01011485
18045,20201378P0263,2020,1378P0263,1,1,1,1,24,5,3,0,0,0,0,0,19,1,5,2020,1378P0263,434620.0,441227.0,-1.475041,53.866125,13,3,2,2,25/08/2020,3,07:25,204,E08000035,E08000035,6,0,6,30.0,6,4,6,0,0,0,1,2,2,0,0,2,1,2,E01011713
18046,20201378P0263,2020,1378P0263,2,2,1,1,31,6,3,0,0,0,0,0,9,1,8,2020,1378P0263,434620.0,441227.0,-1.475041,53.866125,13,3,2,2,25/08/2020,3,07:25,204,E08000035,E08000035,6,0,6,30.0,6,4,6,0,0,0,1,2,2,0,0,2,1,2,E01011713
18047,20201378P0280,2020,1378P0280,1,1,1,2,36,7,3,0,0,0,0,0,9,1,5,2020,1378P0280,435394.0,434913.0,-1.463995,53.809326,13,3,2,2,25/08/2020,3,07:43,204,E08000035,E08000035,3,64,3,40.0,0,-1,0,-1,0,0,1,2,2,0,0,1,1,2,E01011667
18048,20201378P0280,2020,1378P0280,2,2,1,2,33,6,3,0,0,0,0,0,9,1,1,2020,1378P0280,435394.0,434913.0,-1.463995,53.809326,13,3,2,2,25/08/2020,3,07:43,204,E08000035,E08000035,3,64,3,40.0,0,-1,0,-1,0,0,1,2,2,0,0,1,1,2,E01011667
18049,20201378P0397,2020,1378P0397,1,1,1,1,33,6,3,0,0,0,0,0,9,-1,-1,2020,1378P0397,435003.0,438402.0,-1.469537,53.84071,13,3,2,2,25/08/2020,3,09:42,204,E08000035,E08000035,3,58,6,40.0,3,4,6,0,0,0,1,2,2,0,0,2,1,2,E01011714
18050,20201378P0397,2020,1378P0397,2,2,1,1,35,6,3,0,0,0,0,0,9,-1,-1,2020,1378P0397,435003.0,438402.0,-1.469537,53.84071,13,3,2,2,25/08/2020,3,09:42,204,E08000035,E08000035,3,58,6,40.0,3,4,6,0,0,0,1,2,2,0,0,2,1,2,E01011714
18051,20201378P1230,2020,1378P1230,1,1,2,1,21,5,3,0,0,1,0,0,9,1,6,2020,1378P1230,424804.0,435628.0,-1.624751,53.816362,13,3,1,2,25/08/2020,3,17:30,204,E08000035,E08000035,6,0,6,30.0,3,4,6,0,0,0,1,2,2,0,0,1,1,2,E01011326
18052,20201378P1230,2020,1378P1230,1,2,2,1,21,5,3,0,0,2,0,0,9,1,4,2020,1378P1230,424804.0,435628.0,-1.624751,53.816362,13,3,1,2,25/08/2020,3,17:30,204,E08000035,E08000035,6,0,6,30.0,3,4,6,0,0,0,1,2,2,0,0,1,1,2,E01011326
18053,20201378Q0218,2020,1378Q0218,1,1,3,2,68,10,2,5,4,0,0,0,0,2,9,2020,1378Q0218,437042.0,438294.0,-1.438565,53.839599,13,2,1,1,26/08/2020,4,06:55,204,E08000035,E08000035,6,0,6,60.0,3,4,6,0,0,0,1,1,2,0,0,2,1,2,E01011715
18054,20201378Q1354,2020,1378Q1354,2,1,1,1,24,5,3,0,0,0,0,0,9,1,6,2020,1378Q1354,431261.0,432838.0,-1.526965,53.79094,13,3,4,1,26/08/2020,4,18:30,204,E08000035,E08000035,3,61,3,40.0,9,2,3,61,0,0,1,2,2,0,0,1,1,2,E01011626
18055,20201378Q1386,2020,1378Q1386,1,1,1,1,29,6,3,0,0,0,0,0,9,1,7,2020,1378Q1386,431085.0,434208.0,-1.529499,53.803263,13,3,2,3,26/08/2020,4,17:55,204,E08000035,E08000035,6,0,6,30.0,6,4,6,0,0,0,1,1,1,0,0,1,1,2,E01033031
18056,20201378Q1386,2020,1378Q1386,1,2,2,1,29,6,3,0,0,1,0,0,9,1,7,2020,1378Q1386,431085.0,434208.0,-1.529499,53.803263,13,3,2,3,26/08/2020,4,17:55,204,E08000035,E08000035,6,0,6,30.0,6,4,6,0,0,0,1,1,1,0,0,1,1,2,E01033031
18057,20201378Q1386,2020,1378Q1386,2,3,1,1,52,8,3,0,0,0,0,0,9,1,9,2020,1378Q1386,431085.0,434208.0,-1.529499,53.803263,13,3,2,3,26/08/2020,4,17:55,204,E08000035,E08000035,6,0,6,30.0,6,4,6,0,0,0,1,1,1,0,0,1,1,2,E01033031
18058,20201378Q1389,2020,1378Q1389,3,1,1,1,27,6,3,0,0,0,0,0,9,1,2,2020,1378Q1389,424078.0,435503.0,-1.635789,53.815272,13,3,3,1,26/08/2020,4,18:00,204,E08000035,E08000035,6,0,6,30.0,6,3,6,0,0,0,1,1,1,0,0,1,1,2,E01011329
18059,20201378Q1872,2020,1378Q1872,2,1,1,2,36,7,3,0,0,0,0,0,9,1,1,2020,1378Q1872,433443.0,434040.0,-1.493715,53.801608,13,3,2,1,26/08/2020,4,21:50,204,E08000035,E08000035,6,0,3,40.0,6,2,3,64,0,4,4,1,1,0,0,1,1,2,E01011617
18060,20201378Q1976,2020,1378Q1976,1,1,3,2,31,6,3,10,9,0,0,0,0,1,10,2020,1378Q1976,420628.0,445351.0,-1.687528,53.90393,13,3,1,1,26/08/2020,4,16:00,204,E08000035,E08000035,6,0,6,30.0,3,4,6,0,0,0,1,1,1,0,0,1,2,2,E01011574
18061,20201378R0562,2020,1378R0562,2,1,1,1,36,7,3,0,0,0,0,0,1,1,1,2020,1378R0562,430641.0,434695.0,-1.536193,53.807667,13,3,2,1,27/08/2020,5,10:55,204,E08000035,E08000035,3,61,6,40.0,6,2,3,58,0,0,1,1,1,0,0,1,1,2,E01011671
18062,20201378R0565,2020,1378R0565,2,1,1,1,52,8,3,0,0,0,0,0,1,1,1,2020,1378R0565,432262.0,435031.0,-1.511543,53.810589,13,3,2,1,26/08/2020,4,21:30,204,E08000035,E08000035,6,0,6,30.0,3,4,6,0,0,0,6,1,1,0,0,1,2,2,E01011432
18063,20201378R1839,2020,1378R1839,1,1,1,2,41,7,3,0,0,0,0,0,9,1,1,2020,1378R1839,431901.0,435733.0,-1.516952,53.81692,13,3,2,2,27/08/2020,5,21:45,204,E08000035,E08000035,3,58,6,30.0,3,4,6,0,0,0,4,1,2,0,0,1,1,2,E01011422
18064,20201378R1839,2020,1378R1839,1,2,2,1,15,3,3,0,0,1,0,0,9,1,1,2020,1378R1839,431901.0,435733.0,-1.516952,53.81692,13,3,2,2,27/08/2020,5,21:45,204,E08000035,E08000035,3,58,6,30.0,3,4,6,0,0,0,4,1,2,0,0,1,1,2,E01011422
18065,20201378S1516,2020,1378S1516,1,1,2,1,21,5,2,0,0,1,0,0,9,1,1,2020,1378S1516,424600.0,444355.0,-1.627155,53.894806,13,2,1,1,28/08/2020,6,19:30,204,E08000035,E08000035,6,0,6,30.0,0,-1,0,-1,0,0,1,2,2,0,0,2,1,2,E01011570
18066,20201378S1539,2020,1378S1539,2,1,1,1,37,7,3,0,0,0,0,0,9,1,3,2020,1378S1539,424217.0,428153.0,-1.634251,53.749205,13,3,2,1,28/08/2020,6,17:00,204,E08000035,E08000035,3,62,6,40.0,1,4,1,621,0,0,1,1,1,0,0,1,2,1,E01011523
18067,20201378S1617,2020,1378S1617,2,1,1,2,34,6,3,0,0,0,0,0,9,2,7,2020,1378S1617,437639.0,436889.0,-1.429664,53.826928,13,3,2,2,28/08/2020,6,20:20,204,E08000035,E08000035,6,0,6,30.0,3,4,6,0,0,0,7,2,2,0,0,2,2,2,E01011715
18068,20201378S1617,2020,1378S1617,2,2,2,2,15,3,3,0,0,1,0,0,9,2,7,2020,1378S1617,437639.0,436889.0,-1.429664,53.826928,13,3,2,2,28/08/2020,6,20:20,204,E08000035,E08000035,6,0,6,30.0,3,4,6,0,0,0,7,2,2,0,0,2,2,2,E01011715
18069,20201378T0578,2020,1378T0578,2,1,1,1,57,9,2,0,0,0,0,0,1,1,5,2020,1378T0578,432057.0,435965.0,-1.514559,53.818996,13,2,2,1,29/08/2020,7,10:11,204,E08000035,E08000035,3,58,6,40.0,3,4,6,0,0,0,1,1,1,0,0,1,1,2,E01011647
18070,20201378T0581,2020,1378T0581,2,1,1,1,26,6,3,0,0,0,0,0,5,1,3,2020,1378T0581,430741.0,434717.0,-1.534672,53.807859,13,3,2,1,29/08/2020,7,10:10,204,E08000035,E08000035,3,61,6,40.0,3,4,6,0,0,0,1,1,1,0,0,1,1,2,E01011671
18071,20201378T0657,2020,1378T0657,1,1,1,2,51,8,3,0,0,0,0,0,9,3,5,2020,1378T0657,429403.0,433890.0,-1.555068,53.800503,13,3,2,2,29/08/2020,7,11:10,204,E08000035,E08000035,3,58,7,40.0,5,4,6,0,0,0,1,1,1,0,0,1,1,2,E01011678
18072,20201378T0657,2020,1378T0657,1,2,2,2,86,11,3,0,0,1,0,0,9,1,3,2020,1378T0657,429403.0,433890.0,-1.555068,53.800503,13,3,2,2,29/08/2020,7,11:10,204,E08000035,E08000035,3,58,7,40.0,5,4,6,0,0,0,1,1,1,0,0,1,1,2,E01011678
18073,20201378T1188,2020,1378T1188,1,1,2,2,26,6,3,0,0,1,0,0,9,1,5,2020,1378T1188,421102.0,434195.0,-1.681076,53.803644,13,3,1,1,29/08/2020,7,16:00,204,E08000035,E08000035,3,647,3,70.0,0,-1,0,-1,0,0,1,2,2,0,0,1,1,2,E01011599
18074,20201378T1221,2020,1378T1221,2,1,1,2,20,4,3,0,0,0,0,0,1,1,2,2020,1378T1221,430649.0,434647.0,-1.536076,53.807235,13,3,2,1,29/08/2020,7,16:15,204,E08000035,E08000035,6,0,6,40.0,6,2,6,0,0,0,1,1,1,0,0,1,1,2,E01011671
18075,20201378T1509,2020,1378T1509,2,1,1,1,54,8,3,0,0,0,0,0,1,1,8,2020,1378T1509,421015.0,444636.0,-1.681687,53.897489,13,3,2,1,29/08/2020,7,16:45,204,E08000035,E08000035,6,0,6,60.0,0,-1,0,-1,0,0,1,2,2,0,0,2,2,2,E01011569
18076,20201378T1714,2020,1378T1714,2,1,1,1,42,7,3,0,0,0,0,0,9,1,3,2020,1378T1714,426073.0,427715.0,-1.606144,53.74518,13,3,2,2,29/08/2020,7,20:30,204,E08000035,E08000035,6,0,6,30.0,2,4,6,0,0,0,1,1,1,0,0,1,2,2,E01011541
18077,20201378T1714,2020,1378T1714,2,2,2,2,40,7,3,0,0,1,0,0,9,1,3,2020,1378T1714,426073.0,427715.0,-1.606144,53.74518,13,3,2,2,29/08/2020,7,20:30,204,E08000035,E08000035,6,0,6,30.0,2,4,6,0,0,0,1,1,1,0,0,1,2,2,E01011541
18078,20201378T1833,2020,1378T1833,1,1,1,1,24,5,3,0,0,0,0,0,9,1,1,2020,1378T1833,421870.0,429289.0,-1.669761,53.759519,13,3,3,2,29/08/2020,7,21:30,204,E08000035,E08000035,4,6135,6,40.0,0,-1,0,-1,0,0,4,1,1,0,0,1,1,2,E01011521
18079,20201378T1833,2020,1378T1833,2,2,1,2,25,5,3,0,0,0,0,0,9,1,1,2020,1378T1833,421870.0,429289.0,-1.669761,53.759519,13,3,3,2,29/08/2020,7,21:30,204,E08000035,E08000035,4,6135,6,40.0,0,-1,0,-1,0,0,4,1,1,0,0,1,1,2,E01011521
18080,20201378U0799,2020,1378U0799,1,1,1,1,27,6,3,0,0,0,0,0,9,1,3,2020,1378U0799,425659.0,435264.0,-1.611795,53.813049,13,3,2,3,30/08/2020,1,12:27,204,E08000035,E08000035,6,0,6,30.0,6,4,6,0,0,0,1,1,1,0,0,1,1,2,E01011281
18081,20201378U0799,2020,1378U0799,2,2,1,1,40,7,3,0,0,0,0,0,9,1,1,2020,1378U0799,425659.0,435264.0,-1.611795,53.813049,13,3,2,3,30/08/2020,1,12:27,204,E08000035,E08000035,6,0,6,30.0,6,4,6,0,0,0,1,1,1,0,0,1,1,2,E01011281
18082,20201378U0799,2020,1378U0799,2,3,2,1,11,3,3,0,0,1,0,0,9,1,1,2020,1378U0799,425659.0,435264.0,-1.611795,53.813049,13,3,2,3,30/08/2020,1,12:27,204,E08000035,E08000035,6,0,6,30.0,6,4,6,0,0,0,1,1,1,0,0,1,1,2,E01011281
18083,20201378U0858,2020,1378U0858,2,1,1,1,36,7,2,0,0,0,0,0,90,1,6,2020,1378U0858,430302.0,427154.0,-1.542077,53.739911,13,2,2,1,30/08/2020,1,12:50,204,E08000035,E08000035,6,0,6,30.0,0,-1,0,-1,0,0,1,1,1,0,0,1,1,2,E01011492
18084,20201378U1162,2020,1378U1162,2,1,1,1,42,7,3,0,0,0,0,0,9,1,2,2020,1378U1162,430954.0,433234.0,-1.531586,53.794517,13,3,2,1,30/08/2020,1,15:30,204,E08000035,E08000035,6,0,3,30.0,0,-1,0,-1,0,0,1,1,1,0,0,1,2,2,E01033033
18085,20201378V0621,2020,1378V0621,1,1,1,1,22,5,3,0,0,0,0,0,1,1,10,2020,1378V0621,423005.0,437641.0,-1.651926,53.834536,13,3,2,1,31/08/2020,2,11:37,204,E08000035,E08000035,3,6120,1,40.0,0,-1,0,-1,0,0,1,1,1,0,0,2,2,2,E01011452
18086,2020137910642,2020,137910642,2,1,1,1,17,4,3,0,0,0,0,0,23,1,1,2020,137910642,430742.0,434518.0,-1.534677,53.80607,13,3,2,1,01/09/2020,3,12:19,204,E08000035,E08000035,6,0,6,30.0,3,4,6,0,0,0,1,1,1,0,0,1,1,2,E01033003
18087,2020137910749,2020,137910749,2,1,1,2,21,5,3,0,0,0,0,0,9,1,10,2020,137910749,427172.0,435269.0,-1.588817,53.813018,13,3,2,2,01/09/2020,3,13:20,204,E08000035,E08000035,6,0,6,30.0,3,4,6,0,0,0,1,1,1,0,0,1,2,2,E01011480
18088,2020137910749,2020,137910749,2,2,2,2,58,9,3,0,0,1,0,0,9,1,10,2020,137910749,427172.0,435269.0,-1.588817,53.813018,13,3,2,2,01/09/2020,3,13:20,204,E08000035,E08000035,6,0,6,30.0,3,4,6,0,0,0,1,1,1,0,0,1,2,2,E01011480
18089,2020137920344,2020,137920344,1,1,2,2,40,7,3,0,0,1,0,0,9,-1,-1,2020,137920344,418979.0,442134.0,-1.712823,53.875079,13,3,2,1,02/09/2020,4,08:38,204,E08000035,E08000035,6,0,6,30.0,0,-1,0,-1,0,0,1,1,1,0,0,1,1,2,E01011265
18090,2020137921454,2020,137921454,1,1,1,1,58,9,3,0,0,0,0,0,9,1,5,2020,137921454,422043.0,441668.0,-1.666256,53.870771,13,3,1,2,02/09/2020,4,19:20,204,E08000035,E08000035,3,658,3,40.0,0,-1,0,-1,0,0,1,2,2,0,0,2,1,2,E01011578
18091,2020137921454,2020,137921454,1,2,2,1,28,6,3,0,0,1,0,0,9,1,5,2020,137921454,422043.0,441668.0,-1.666256,53.870771,13,3,1,2,02/09/2020,4,19:20,204,E08000035,E08000035,3,658,3,40.0,0,-1,0,-1,0,0,1,2,2,0,0,2,1,2,E01011578
18092,2020137931394,2020,137931394,2,1,1,1,34,6,3,0,0,0,0,0,9,1,4,2020,137931394,437442.0,425648.0,-1.434015,53.725914,13,3,2,1,03/09/2020,5,22:40,204,E08000035,E08000035,1,62,3,70.0,0,-1,0,-1,0,0,1,1,1,0,0,2,1,1,E01011636
18093,2020137941429,2020,137941429,1,1,3,2,17,4,3,5,9,0,0,0,0,1,1,2020,137941429,430239.0,436615.0,-1.542109,53.824946,13,3,1,1,04/09/2020,6,18:00,204,E08000035,E08000035,4,6159,6,30.0,0,-1,0,-1,0,0,1,1,1,0,0,1,1,2,E01011358
18094,2020137941603,2020,137941603,2,1,1,1,26,6,3,0,0,0,0,0,3,1,7,2020,137941603,431237.0,434799.0,-1.527132,53.808566,13,3,2,1,04/09/2020,6,19:20,204,E08000035,E08000035,6,0,6,30.0,3,4,6,0,0,0,4,1,1,0,0,1,1,2,E01011673
18095,2020137941650,2020,137941650,1,1,1,1,19,4,3,0,0,0,0,0,9,1,3,2020,137941650,428496.0,434870.0,-1.568748,53.809361,13,3,2,3,04/09/2020,6,19:41,204,E08000035,E08000035,6,0,6,20.0,3,4,6,0,0,0,1,1,1,0,0,1,1,2,E01011449
18096,2020137941650,2020,137941650,1,2,2,2,20,4,3,0,0,1,0,0,9,1,2,2020,137941650,428496.0,434870.0,-1.568748,53.809361,13,3,2,3,04/09/2020,6,19:41,204,E08000035,E08000035,6,0,6,20.0,3,4,6,0,0,0,1,1,1,0,0,1,1,2,E01011449
18097,2020137941650,2020,137941650,2,3,1,1,23,5,3,0,0,0,0,0,9,1,3,2020,137941650,428496.0,434870.0,-1.568748,53.809361,13,3,2,3,04/09/2020,6,19:41,204,E08000035,E08000035,6,0,6,20.0,3,4,6,0,0,0,1,1,1,0,0,1,1,2,E01011449
18098,2020137950061,2020,137950061,1,1,1,1,33,6,3,0,0,0,0,0,9,1,1,2020,137950061,426479.0,433803.0,-1.599467,53.799877,13,3,2,4,05/09/2020,7,00:22,204,E08000035,E08000035,6,0,6,30.0,3,4,6,0,0,0,4,1,1,0,0,1,1,2,E01032608
18099,2020137950061,2020,137950061,1,2,2,2,22,5,3,0,0,1,0,0,9,1,1,2020,137950061,426479.0,433803.0,-1.599467,53.799877,13,3,2,4,05/09/2020,7,00:22,204,E08000035,E08000035,6,0,6,30.0,3,4,6,0,0,0,4,1,1,0,0,1,1,2,E01032608
18100,2020137950061,2020,137950061,2,3,1,1,25,5,3,0,0,0,0,0,9,1,4,2020,137950061,426479.0,433803.0,-1.599467,53.799877,13,3,2,4,05/09/2020,7,00:22,204,E08000035,E08000035,6,0,6,30.0,3,4,6,0,0,0,4,1,1,0,0,1,1,2,E01032608
18101,2020137950061,2020,137950061,2,4,2,1,25,5,3,0,0,1,0,0,9,1,4,2020,137950061,426479.0,433803.0,-1.599467,53.799877,13,3,2,4,05/09/2020,7,00:22,204,E08000035,E08000035,6,0,6,30.0,3,4,6,0,0,0,4,1,1,0,0,1,1,2,E01032608
18102,2020137950850,2020,137950850,1,1,3,2,43,7,3,10,9,0,0,0,0,1,8,2020,137950850,436383.0,433650.0,-1.449126,53.797906,13,3,1,1,05/09/2020,7,12:50,204,E08000035,E08000035,6,0,6,30.0,3,2,4,6159,0,0,1,1,1,0,0,1,2,2,E01011414
18103,2020137951085,2020,137951085,1,1,1,1,18,4,3,0,0,0,0,0,9,1,1,2020,137951085,430528.0,431117.0,-1.538261,53.775516,13,3,2,1,05/09/2020,7,15:25,204,E08000035,E08000035,6,0,1,30.0,1,4,1,621,0,0,1,1,1,0,0,1,1,2,E01011468
18104,2020137951098,2020,137951098,1,1,3,2,4,1,3,5,1,0,0,0,0,1,2,2020,137951098,428883.0,434825.0,-1.562875,53.808935,13,3,1,1,05/09/2020,7,15:30,204,E08000035,E08000035,6,0,6,30.0,0,-1,0,-1,0,0,1,1,1,0,0,1,1,2,E01033006
18105,2020137951209,2020,137951209,2,1,1,2,21,5,2,0,0,0,0,0,9,1,1,2020,137951209,431463.0,433618.0,-1.52382,53.797938,13,2,2,1,05/09/2020,7,16:25,204,E08000035,E08000035,6,0,6,30.0,3,4,3,64,0,0,1,1,1,4,0,1,1,2,E01033021
18106,2020137960652,2020,137960652,1,1,1,2,69,10,3,0,0,0,0,0,9,1,1,2020,137960652,440100.0,434257.0,-1.392619,53.80309,13,3,1,1,06/09/2020,1,10:59,204,E08000035,E08000035,1,1,3,70.0,0,-1,0,-1,0,0,1,1,1,0,0,2,1,1,E01011296
18107,2020137960783,2020,137960783,1,1,1,1,47,8,2,0,0,0,0,0,3,1,4,2020,137960783,424074.0,431305.0,-1.636175,53.777542,13,2,2,1,06/09/2020,1,12:28,204,E08000035,E08000035,6,0,6,40.0,0,-1,0,-1,0,0,1,1,1,0,0,1,1,2,E01011728
18108,2020137961586,2020,137961586,1,1,1,1,46,8,3,0,0,0,0,0,9,1,8,2020,137961586,421999.0,443907.0,-1.666765,53.890896,13,3,1,1,06/09/2020,1,19:11,204,E08000035,E08000035,6,0,6,60.0,3,4,6,0,0,0,1,2,2,0,0,2,1,2,E01011569
18109,2020137970102,2020,137970102,1,1,3,2,30,6,2,9,9,0,0,0,0,1,4,2020,137970102,429256.0,435643.0,-1.557134,53.816266,13,2,1,1,07/09/2020,2,01:45,204,E08000035,E08000035,6,0,6,30.0,0,-1,0,-1,0,0,4,1,2,0,0,1,1,2,E01011668
18110,2020137970363,2020,137970363,2,1,1,1,62,9,3,0,0,0,0,0,19,1,10,2020,137970363,429925.0,436741.0,-1.546867,53.826097,13,3,2,1,07/09/2020,2,09:31,204,E08000035,E08000035,3,61,3,40.0,0,-1,0,-1,0,0,1,2,2,0,0,1,1,2,E01011350
18111,2020137970506,2020,137970506,2,1,1,1,59,9,3,0,0,0,0,0,9,1,1,2020,137970506,431227.0,439347.0,-1.526825,53.849442,13,3,2,1,07/09/2020,2,11:07,204,E08000035,E08000035,6,0,6,40.0,3,2,3,6120,0,0,1,2,2,0,0,1,1,2,E01011556
18112,2020137971029,2020,137971029,2,1,1,2,-1,-1,3,0,0,0,0,0,9,-1,-1,2020,137971029,429339.0,430628.0,-1.556348,53.771189,13,3,2,1,06/09/2020,1,13:00,204,E08000035,E08000035,6,0,6,30.0,6,4,6,0,0,0,1,1,1,0,0,1,2,2,E01011316