,accident_index,accident_year_x,accident_reference_x,vehicle_reference,casualty_reference,casualty_class,sex_of_casualty,age_of_casualty,age_band_of_casualty,casualty_severity,pedestrian_location,pedestrian_movement,car_passenger,bus_or_coach_passenger,pedestrian_road_maintenance_worker,casualty_type,casualty_home_area_type,casualty_imd_decile,accident_year_y,accident_reference_y,location_easting_osgr,location_northing_osgr,longitude,latitude,police_force,accident_severity,number_of_vehicles,number_of_casualties,date,day_of_week,time,local_authority_district,local_authority_ons_district,local_authority_highway,first_road_class,first_road_number,road_type,speed_limit,junction_detail,junction_control,second_road_class,second_road_number,pedestrian_crossing_human_control,pedestrian_crossing_physical_facilities,light_conditions,weather_conditions,road_surface_conditions,special_conditions_at_site,carriageway_hazards,urban_or_rural_area,did_police_officer_attend_scene_of_accident,trunk_road_flag,lsoa_of_accident_location
18113,2020137971058,2020,137971058,2,1,1,2,71,10,3,0,0,0,0,0,9,1,7,2020,137971058,438144.0,431032.0,-1.422714,53.774252,13,3,2,1,07/09/2020,2,15:20,204,E08000035,E08000035,6,0,6,60.0,0,-1,0,-1,0,0,1,1,1,0,0,2,2,2,E01011402
18114,2020137971118,2020,137971118,1,1,3,1,12,3,3,5,3,0,0,0,0,1,3,2020,137971118,424441.0,438098.0,-1.630069,53.838578,13,3,1,1,07/09/2020,2,16:15,204,E08000035,E08000035,6,0,6,30.0,3,4,6,0,0,0,1,1,2,0,0,1,1,2,E01011462
18115,2020137971915,2020,137971915,1,1,2,2,31,6,2,0,0,2,0,0,9,1,2,2020,137971915,437837.0,432815.0,-1.427155,53.790299,13,2,1,2,07/09/2020,2,23:02,204,E08000035,E08000035,1,1,3,70.0,0,-1,0,-1,0,0,6,1,2,0,0,2,1,1,E01011402
18116,2020137971915,2020,137971915,1,2,2,2,26,6,2,0,0,2,0,0,9,1,2,2020,137971915,437837.0,432815.0,-1.427155,53.790299,13,2,1,2,07/09/2020,2,23:02,204,E08000035,E08000035,1,1,3,70.0,0,-1,0,-1,0,0,6,1,2,0,0,2,1,1,E01011402
18117,2020137980316,2020,137980316,1,1,1,1,39,7,3,0,0,0,0,0,9,1,8,2020,137980316,430833.0,439688.0,-1.532779,53.852531,13,3,2,2,08/09/2020,3,08:05,204,E08000035,E08000035,3,61,3,40.0,9,4,6,0,0,4,1,1,1,0,0,1,1,2,E01011557
18118,2020137980316,2020,137980316,1,2,2,1,8,2,3,0,0,2,0,0,9,1,8,2020,137980316,430833.0,439688.0,-1.532779,53.852531,13,3,2,2,08/09/2020,3,08:05,204,E08000035,E08000035,3,61,3,40.0,9,4,6,0,0,4,1,1,1,0,0,1,1,2,E01011557
18119,2020137990314,2020,137990314,1,1,1,1,50,8,3,0,0,0,0,0,9,-1,-1,2020,137990314,431212.0,433697.0,-1.527623,53.798663,13,3,3,1,09/09/2020,4,08:23,204,E08000035,E08000035,2,64,3,40.0,0,-1,0,-1,0,0,1,1,1,4,0,1,1,2,E01011338
18120,2020137990379,2020,137990379,2,1,2,2,58,9,3,0,0,0,4,0,11,1,8,2020,137990379,432724.0,433870.0,-1.504649,53.800125,13,3,2,1,09/09/2020,4,09:00,204,E08000035,E08000035,3,64,3,40.0,3,4,6,0,0,0,1,1,1,0,0,1,2,2,E01011615
18121,2020137990630,2020,137990630,2,1,1,1,32,6,3,0,0,0,0,0,1,1,1,2020,137990630,433838.0,435230.0,-1.487588,53.812278,13,3,2,1,09/09/2020,4,11:32,204,E08000035,E08000035,6,0,6,30.0,0,-1,0,-1,0,0,1,1,1,0,0,1,2,2,E01011339
18122,2020137990898,2020,137990898,2,1,1,1,40,7,3,0,0,0,0,0,3,1,2,2020,137990898,429514.0,433795.0,-1.553392,53.799643,13,3,2,1,09/09/2020,4,14:13,204,E08000035,E08000035,6,0,3,30.0,3,2,6,0,0,5,1,1,1,0,0,1,1,2,E01033008
18123,2020137991039,2020,137991039,2,1,1,1,22,5,3,0,0,0,0,0,1,1,4,2020,137991039,428511.0,434572.0,-1.568547,53.806682,13,3,2,1,18/08/2020,3,18:00,204,E08000035,E08000035,6,0,6,30.0,0,-1,0,-1,0,0,1,1,1,0,0,1,2,2,E01011681
18124,2020137991099,2020,137991099,2,1,1,1,77,11,3,0,0,0,0,0,9,1,4,2020,137991099,440488.0,449153.0,-1.384769,53.936935,13,3,2,1,09/09/2020,4,15:44,204,E08000035,E08000035,4,6164,1,30.0,1,4,6,0,0,4,1,1,1,0,0,1,1,2,E01011700
18125,20201379A0570,2020,1379A0570,2,1,1,1,49,8,2,0,0,0,0,0,1,1,2,2020,1379A0570,425058.0,433375.0,-1.621076,53.7961,13,2,2,1,09/09/2020,4,06:19,204,E08000035,E08000035,4,6154,6,30.0,1,4,6,0,0,0,1,1,1,0,0,1,2,2,E01011727
18126,20201379A0675,2020,1379A0675,2,1,1,2,55,8,3,0,0,0,0,0,9,1,4,2020,1379A0675,420098.0,434178.0,-1.696322,53.803531,13,3,2,1,10/09/2020,5,12:25,204,E08000035,E08000035,4,6157,3,30.0,0,-1,0,-1,0,0,1,1,1,0,0,1,2,2,E01011597
18127,20201379A1121,2020,1379A1121,2,1,1,2,54,8,3,0,0,0,0,0,1,1,8,2020,1379A1121,429027.0,437512.0,-1.560437,53.833077,13,3,2,1,10/09/2020,5,16:20,204,E08000035,E08000035,4,6157,6,30.0,6,2,6,0,0,0,1,1,1,2,0,1,1,2,E01011513
18128,20201379A1404,2020,1379A1404,1,1,1,1,77,11,3,0,0,0,0,0,9,1,1,2020,1379A1404,424207.0,433964.0,-1.63395,53.801434,13,3,2,1,10/09/2020,5,18:23,204,E08000035,E08000035,3,6110,3,50.0,0,-1,0,-1,0,0,1,1,1,0,0,1,2,2,E01011608
18129,20201379A1484,2020,1379A1484,1,1,1,1,38,7,3,0,0,0,0,0,3,1,1,2020,1379A1484,432537.0,433394.0,-1.507538,53.795859,13,3,2,1,10/09/2020,5,19:00,204,E08000035,E08000035,6,0,6,30.0,9,4,6,0,0,0,1,1,1,0,0,1,1,2,E01011618
18130,20201379B1502,2020,1379B1502,1,1,1,2,25,5,3,0,0,0,0,0,9,1,6,2020,1379B1502,443545.0,438281.0,-1.339747,53.838979,13,3,3,1,11/09/2020,6,18:33,204,E08000035,E08000035,2,1,3,70.0,0,-1,0,-1,0,0,1,1,1,0,0,2,1,1,E01011309
18131,20201379B2005,2020,1379B2005,1,1,3,1,51,8,3,9,5,0,0,0,0,1,1,2020,1379B2005,429462.0,427594.0,-1.55477,53.743913,13,3,1,1,11/09/2020,6,22:00,204,E08000035,E08000035,6,0,6,30.0,0,-1,0,-1,0,0,4,1,1,0,0,1,2,2,E01011493
18132,20201379C1062,2020,1379C1062,2,1,1,1,23,5,3,0,0,0,0,0,90,1,1,2020,1379C1062,429562.0,433444.0,-1.552697,53.796485,13,3,2,1,12/09/2020,7,15:15,204,E08000035,E08000035,6,0,6,30.0,3,4,6,0,0,4,1,1,1,0,0,1,1,2,E01033008
18133,20201379C1066,2020,1379C1066,2,1,1,2,24,5,3,0,0,0,0,0,9,1,2,2020,1379C1066,443587.0,437871.0,-1.339167,53.835291,13,3,2,1,12/10/2020,2,16:25,204,E08000035,E08000035,2,1,3,70.0,0,-1,0,-1,0,0,1,1,2,0,0,2,1,1,E01011309
18134,20201379C2178,2020,1379C2178,1,1,2,1,60,9,3,0,0,1,0,0,9,-1,-1,2020,1379C2178,439797.0,433098.0,-1.397369,53.792696,13,3,1,1,12/09/2020,7,23:59,204,E08000035,E08000035,6,0,6,30.0,0,-1,0,-1,0,0,4,1,1,0,0,1,1,2,E01011399
18135,20201379C7810,2020,1379C7810,1,1,3,1,11,3,2,5,3,0,0,0,0,1,6,2020,1379C7810,427860.0,436554.0,-1.578254,53.824531,13,2,2,1,12/09/2020,7,12:28,204,E08000035,E08000035,6,0,6,30.0,0,-1,0,-1,0,0,1,1,1,0,0,1,1,2,E01011692
18136,20201379D0126,2020,1379D0126,1,1,1,1,20,4,3,0,0,0,0,0,9,-1,-1,2020,1379D0126,428322.0,436461.0,-1.571244,53.82367,13,3,4,1,13/09/2020,1,01:00,204,E08000035,E08000035,6,0,6,20.0,0,-1,0,-1,0,0,4,1,1,0,0,1,1,2,E01011451
18137,20201379D0957,2020,1379D0957,2,1,1,1,24,5,3,0,0,0,0,0,1,1,1,2020,1379D0957,424912.0,434494.0,-1.623202,53.806165,13,3,2,1,13/09/2020,1,13:00,204,E08000035,E08000035,3,657,6,20.0,0,-1,0,-1,0,0,1,1,1,0,0,1,2,2,E01011286
18138,20201379E0376,2020,1379E0376,2,1,1,1,36,7,3,0,0,0,0,0,1,3,10,2020,1379E0376,426510.0,437996.0,-1.598638,53.837561,13,3,2,1,14/09/2020,2,09:04,204,E08000035,E08000035,3,6120,3,40.0,0,-1,0,-1,0,0,1,1,1,0,0,1,1,2,E01011687
18139,20201379E0626,2020,1379E0626,1,1,1,1,69,10,2,0,0,0,0,0,9,1,5,2020,1379E0626,442974.0,441545.0,-1.347969,53.868361,13,2,1,1,14/09/2020,2,11:27,204,E08000035,E08000035,2,1,3,70.0,0,-1,0,-1,0,0,1,1,1,0,0,2,1,1,E01011712
18140,20201379E1242,2020,1379E1242,1,1,3,1,25,5,3,9,5,0,0,0,0,1,2,2020,1379E1242,432346.0,434482.0,-1.510324,53.805649,13,3,1,1,12/09/2020,7,11:50,204,E08000035,E08000035,6,0,6,20.0,0,-1,0,-1,0,0,1,1,1,0,0,1,2,2,E01011347
18141,20201379E1325,2020,1379E1325,1,1,1,2,40,7,3,0,0,0,0,0,97,1,1,2020,1379E1325,434097.0,432905.0,-1.483911,53.791365,13,3,1,1,14/09/2020,2,16:45,204,E08000035,E08000035,6,0,6,20.0,0,-1,0,-1,0,0,1,1,1,0,0,1,1,2,E01011624
18142,20201379E1469,2020,1379E1469,1,1,1,1,20,4,3,0,0,0,0,0,9,1,4,2020,1379E1469,428136.0,427784.0,-1.574857,53.745693,13,3,2,3,14/09/2020,2,17:35,204,E08000035,E08000035,4,6123,6,30.0,3,4,6,0,0,0,1,1,1,0,0,1,1,2,E01011540
18143,20201379E1469,2020,1379E1469,2,2,1,2,41,7,3,0,0,0,0,0,9,1,2,2020,1379E1469,428136.0,427784.0,-1.574857,53.745693,13,3,2,3,14/09/2020,2,17:35,204,E08000035,E08000035,4,6123,6,30.0,3,4,6,0,0,0,1,1,1,0,0,1,1,2,E01011540
18144,20201379E1469,2020,1379E1469,2,3,2,1,8,2,3,0,0,1,0,0,9,1,2,2020,1379E1469,428136.0,427784.0,-1.574857,53.745693,13,3,2,3,14/09/2020,2,17:35,204,E08000035,E08000035,4,6123,6,30.0,3,4,6,0,0,0,1,1,1,0,0,1,1,2,E01011540
18145,20201379E1824,2020,1379E1824,2,1,1,1,31,6,3,0,0,0,0,0,1,-1,-1,2020,1379E1824,429093.0,432198.0,-1.559933,53.785313,13,3,2,1,11/09/2020,6,00:30,204,E08000035,E08000035,6,0,6,30.0,0,-1,0,-1,0,0,4,1,1,0,0,1,2,2,E01033013
18146,20201379F0023,2020,1379F0023,1,1,3,1,39,7,2,4,2,0,0,0,0,1,1,2020,1379F0023,431360.0,435066.0,-1.525237,53.810958,13,2,1,1,15/09/2020,3,00:15,204,E08000035,E08000035,3,58,6,30.0,0,-1,0,-1,0,4,4,1,1,0,0,1,1,2,E01011429
18147,20201379F0440,2020,1379F0440,3,1,1,1,59,9,3,0,0,0,0,0,9,1,3,2020,1379F0440,430680.0,434800.0,-1.53559,53.808608,13,3,3,2,15/09/2020,3,08:50,204,E08000035,E08000035,2,58,3,40.0,0,-1,0,-1,0,0,1,1,1,0,0,1,2,2,E01011671
18148,20201379F0440,2020,1379F0440,3,2,2,2,43,7,3,0,0,1,0,0,9,1,3,2020,1379F0440,430680.0,434800.0,-1.53559,53.808608,13,3,3,2,15/09/2020,3,08:50,204,E08000035,E08000035,2,58,3,40.0,0,-1,0,-1,0,0,1,1,1,0,0,1,2,2,E01011671
18149,20201379F0522,2020,1379F0522,2,1,1,1,37,7,3,0,0,0,0,0,1,1,6,2020,1379F0522,427127.0,434793.0,-1.589543,53.808742,13,2,3,2,15/09/2020,3,09:33,204,E08000035,E08000035,3,65,6,30.0,3,4,6,0,0,0,1,1,1,0,0,1,1,2,E01011482
18150,20201379F0522,2020,1379F0522,3,2,1,2,52,8,2,0,0,0,0,0,1,1,10,2020,1379F0522,427127.0,434793.0,-1.589543,53.808742,13,2,3,2,15/09/2020,3,09:33,204,E08000035,E08000035,3,65,6,30.0,3,4,6,0,0,0,1,1,1,0,0,1,1,2,E01011482
18151,20201379F0567,2020,1379F0567,1,1,3,1,13,3,3,5,3,0,0,0,0,1,8,2020,1379F0567,430616.0,433454.0,-1.536695,53.796514,13,3,1,1,14/09/2020,2,19:30,204,E08000035,E08000035,6,0,6,30.0,0,-1,0,-1,0,8,4,1,1,0,0,1,1,2,E01033011
18152,20201379F1068,2020,1379F1068,2,1,1,1,73,10,3,0,0,0,0,0,9,1,2,2020,1379F1068,426935.0,429299.0,-1.592936,53.759373,13,3,2,1,15/09/2020,3,14:50,204,E08000035,E08000035,6,0,2,30.0,6,1,6,0,0,0,1,1,1,0,0,1,1,2,E01011524
18153,20201379F1291,2020,1379F1291,1,1,3,1,17,4,3,5,3,0,0,0,0,1,6,2020,1379F1291,421704.0,435078.0,-1.671874,53.811556,13,3,1,1,15/09/2020,3,09:10,204,E08000035,E08000035,6,0,6,30.0,0,-1,0,-1,0,0,1,1,1,0,0,1,2,2,E01011598
18154,20201379F1433,2020,1379F1433,2,1,1,1,50,8,3,0,0,0,0,0,9,1,3,2020,1379F1433,430024.0,433310.0,-1.545696,53.795255,13,3,2,2,15/09/2020,3,16:10,204,E08000035,E08000035,6,0,2,30.0,0,-1,0,-1,0,0,1,1,1,0,0,1,1,2,E01033010
18155,20201379F1433,2020,1379F1433,2,2,2,2,43,7,3,0,0,2,0,0,9,1,3,2020,1379F1433,430024.0,433310.0,-1.545696,53.795255,13,3,2,2,15/09/2020,3,16:10,204,E08000035,E08000035,6,0,2,30.0,0,-1,0,-1,0,0,1,1,1,0,0,1,1,2,E01033010
18156,20201379G0727,2020,1379G0727,2,1,1,1,37,7,3,0,0,0,0,0,19,1,3,2020,1379G0727,434423.0,431585.0,-1.479109,53.77948,13,3,2,1,16/09/2020,4,08:00,204,E08000035,E08000035,3,63,3,40.0,0,-1,0,-1,0,0,1,1,1,0,0,2,2,2,E01011624
18157,20201379H0811,2020,1379H0811,2,1,1,2,25,5,3,0,0,0,0,0,1,1,3,2020,1379H0811,427391.0,434639.0,-1.585547,53.807344,13,3,2,1,17/09/2020,5,13:05,204,E08000035,E08000035,3,65,6,30.0,3,4,6,0,0,0,1,1,1,0,0,1,1,2,E01011482
18158,20201379H1026,2020,1379H1026,1,1,3,2,11,3,3,5,1,0,0,0,0,1,1,2020,1379H1026,420768.0,434388.0,-1.686135,53.805392,13,3,1,1,17/09/2020,5,14:50,204,E08000035,E08000035,3,647,3,30.0,0,-1,0,-1,0,0,1,1,1,0,0,1,1,2,E01011595
18159,20201379H1113,2020,1379H1113,1,1,1,1,19,4,3,0,0,0,0,0,3,1,2,2020,1379H1113,425226.0,437641.0,-1.618178,53.834434,13,3,2,1,17/09/2020,5,15:30,204,E08000035,E08000035,6,0,6,30.0,0,-1,0,-1,0,0,1,1,1,0,0,1,1,2,E01011464
18160,20201379H1407,2020,1379H1407,2,1,1,1,36,7,2,0,0,0,0,0,1,1,8,2020,1379H1407,428052.0,435051.0,-1.575473,53.811012,13,2,2,1,17/09/2020,5,08:30,204,E08000035,E08000035,6,0,6,30.0,0,-1,0,-1,0,0,1,1,1,0,0,1,2,2,E01011446
18161,20201379H1976,2020,1379H1976,2,1,1,2,18,4,2,0,0,0,0,0,1,1,8,2020,1379H1976,426676.0,435718.0,-1.596311,53.817079,13,2,2,1,17/09/2020,5,17:47,204,E08000035,E08000035,4,6157,6,30.0,0,-1,0,-1,0,0,1,1,1,0,0,1,2,2,E01011477
18162,20201379H2176,2020,1379H2176,2,1,1,1,30,6,2,0,0,0,0,0,1,1,3,2020,1379H2176,426795.0,433079.0,-1.594733,53.793354,13,2,2,1,17/09/2020,5,16:30,204,E08000035,E08000035,6,0,6,30.0,3,4,6,0,0,0,1,1,1,0,0,1,2,2,E01011729
18163,20201379I0459,2020,1379I0459,2,1,1,1,66,10,3,0,0,0,0,0,3,1,1,2020,1379I0459,427265.0,429570.0,-1.587907,53.761791,13,3,2,1,18/09/2020,6,09:30,204,E08000035,E08000035,3,643,6,30.0,3,4,6,0,0,0,1,1,1,0,0,1,1,2,E01011518
18164,20201379I0568,2020,1379I0568,1,1,1,1,79,11,3,0,0,0,0,0,9,1,5,2020,1379I0568,426964.0,432299.0,-1.592235,53.786335,13,3,2,1,18/09/2020,6,10:55,204,E08000035,E08000035,6,0,6,30.0,0,-1,0,-1,0,0,1,1,1,0,0,1,1,2,E01011736
18165,20201379I0997,2020,1379I0997,1,1,1,1,-1,-1,3,0,0,0,0,0,9,-1,-1,2020,1379I0997,427049.0,430423.0,-1.591109,53.769469,13,3,2,1,18/09/2020,6,14:45,204,E08000035,E08000035,1,621,3,50.0,0,-1,0,-1,0,0,1,1,1,0,0,1,2,1,E01011734
18166,20201379I1153,2020,1379I1153,1,1,3,1,24,5,3,9,6,0,0,0,0,3,3,2020,1379I1153,431593.0,430467.0,-1.522168,53.76961,13,3,1,1,18/09/2020,6,15:15,204,E08000035,E08000035,6,0,6,30.0,0,-1,0,-1,0,0,1,1,1,0,0,1,2,2,E01011470
18167,20201379J0622,2020,1379J0622,2,1,1,1,31,6,3,0,0,0,0,0,4,2,6,2020,1379J0622,442216.0,434610.0,-1.360444,53.806096,13,3,2,1,19/09/2020,7,10:30,204,E08000035,E08000035,3,642,1,40.0,1,4,3,1217,0,0,1,1,1,0,0,2,2,2,E01011297
18168,20201379J0975,2020,1379J0975,2,1,1,1,45,7,3,0,0,0,0,0,9,1,7,2020,1379J0975,429467.0,435979.0,-1.553897,53.819274,13,3,2,2,19/09/2020,7,13:45,204,E08000035,E08000035,6,0,6,30.0,0,-1,0,-1,0,0,1,1,1,4,0,1,2,2,E01011669
18169,20201379J0975,2020,1379J0975,2,2,2,2,51,8,3,0,0,1,0,0,9,1,7,2020,1379J0975,429467.0,435979.0,-1.553897,53.819274,13,3,2,2,19/09/2020,7,13:45,204,E08000035,E08000035,6,0,6,30.0,0,-1,0,-1,0,0,1,1,1,4,0,1,2,2,E01011669
18170,20201379J0981,2020,1379J0981,1,1,1,1,20,4,3,0,0,0,0,0,1,1,1,2020,1379J0981,435044.0,436919.0,-1.469082,53.827379,13,3,2,1,19/09/2020,7,13:45,204,E08000035,E08000035,6,0,6,30.0,3,4,6,0,0,0,1,1,1,0,0,1,1,2,E01011657
18171,20201379J1143,2020,1379J1143,1,1,3,2,59,9,3,9,6,0,0,0,0,1,1,2020,1379J1143,430952.0,435928.0,-1.531347,53.81873,13,3,1,1,19/09/2020,7,15:10,204,E08000035,E08000035,5,0,6,30.0,3,4,6,0,0,0,1,1,1,0,0,1,1,2,E01011356
18172,20201379J1481,2020,1379J1481,2,1,1,1,11,3,2,0,0,0,0,0,1,1,1,2020,1379J1481,425555.0,434247.0,-1.613458,53.803914,13,2,2,1,19/09/2020,7,17:46,204,E08000035,E08000035,3,647,3,40.0,0,-1,0,-1,0,4,1,1,1,0,0,1,1,2,E01011286
18173,20201379K0344,2020,1379K0344,1,1,1,2,30,6,3,0,0,0,0,0,9,1,2,2020,1379K0344,442816.0,430164.0,-1.351949,53.766089,13,3,1,1,20/09/2020,1,03:25,204,E08000035,E08000035,3,656,6,60.0,0,-1,0,-1,0,0,6,1,1,0,7,2,1,2,E01011303
18174,20201379K0789,2020,1379K0789,2,1,1,1,20,4,3,0,0,0,0,0,1,1,1,2020,1379K0789,429126.0,433855.0,-1.559277,53.800204,13,3,2,1,20/09/2020,1,11:50,204,E08000035,E08000035,6,0,6,30.0,3,4,6,0,0,0,1,1,1,0,0,1,1,2,E01011678
18175,20201379K0917,2020,1379K0917,1,1,3,1,49,8,3,8,9,0,0,0,0,1,2,2020,1379K0917,436092.0,425959.0,-1.454438,53.728803,13,3,1,1,20/09/2020,1,13:00,204,E08000035,E08000035,1,62,7,70.0,5,4,1,62,0,0,1,1,1,0,0,2,1,1,E01011636
18176,20201379K2146,2020,1379K2146,1,1,1,1,20,4,2,0,0,0,0,0,9,1,5,2020,1379K2146,433565.0,436353.0,-1.491612,53.822389,13,1,2,3,20/09/2020,1,22:40,204,E08000035,E08000035,3,58,3,40.0,6,4,6,0,0,0,4,1,1,0,0,1,1,2,E01011421
18177,20201379K2146,2020,1379K2146,2,2,1,1,28,6,1,0,0,0,0,0,9,1,1,2020,1379K2146,433565.0,436353.0,-1.491612,53.822389,13,1,2,3,20/09/2020,1,22:40,204,E08000035,E08000035,3,58,3,40.0,6,4,6,0,0,0,4,1,1,0,0,1,1,2,E01011421
18178,20201379K2146,2020,1379K2146,2,3,2,2,25,5,2,0,0,1,0,0,9,1,1,2020,1379K2146,433565.0,436353.0,-1.491612,53.822389,13,1,2,3,20/09/2020,1,22:40,204,E08000035,E08000035,3,58,3,40.0,6,4,6,0,0,0,4,1,1,0,0,1,1,2,E01011421
18179,20201379L0977,2020,1379L0977,1,1,3,1,24,5,3,1,1,0,0,0,0,2,2,2020,1379L0977,430065.0,433783.0,-1.545028,53.799503,13,3,1,1,21/09/2020,2,14:40,204,E08000035,E08000035,6,0,6,30.0,6,2,6,0,0,5,1,1,1,0,0,1,1,2,E01033010
18180,20201379L1054,2020,1379L1054,2,1,2,2,32,6,3,0,0,1,0,0,9,1,4,2020,1379L1054,428984.0,430933.0,-1.561706,53.77395,13,3,2,1,21/09/2020,2,15:13,204,E08000035,E08000035,6,0,6,30.0,6,4,6,0,0,0,1,1,1,0,0,1,1,2,E01011313
18181,20201379L1076,2020,1379L1076,2,1,1,2,30,6,3,0,0,0,0,0,9,-1,-1,2020,1379L1076,424722.0,435807.0,-1.625982,53.817975,13,3,2,1,21/09/2020,2,15:10,204,E08000035,E08000035,6,0,6,20.0,0,-1,0,-1,0,0,1,1,1,0,0,1,2,2,E01011326
18182,20201379M0322,2020,1379M0322,1,1,1,2,57,9,2,0,0,0,0,0,1,1,7,2020,1379M0322,430722.0,439027.0,-1.534532,53.846596,13,2,2,1,22/09/2020,3,08:49,204,E08000035,E08000035,3,61,1,30.0,1,2,6,0,0,5,1,1,1,0,0,1,1,2,E01011512
18183,20201379M1123,2020,1379M1123,1,1,1,1,29,6,3,0,0,0,0,0,5,1,1,2020,1379M1123,431254.0,438282.0,-1.526522,53.839869,13,3,3,1,22/09/2020,3,16:13,204,E08000035,E08000035,6,0,6,30.0,3,4,6,0,0,0,1,1,1,0,0,1,1,2,E01011511
18184,20201379N1111,2020,1379N1111,1,1,3,2,11,3,2,8,4,0,0,0,0,1,5,2020,1379N1111,437023.0,435073.0,-1.43924,53.810651,13,2,1,1,23/09/2020,4,15:45,204,E08000035,E08000035,6,0,6,20.0,3,4,6,0,0,0,1,2,2,0,0,1,1,2,E01011407
18185,20201379N1220,2020,1379N1220,2,1,1,1,26,6,3,0,0,0,0,0,9,1,7,2020,1379N1220,430733.0,430566.0,-1.535205,53.770551,13,3,2,1,23/09/2020,4,11:43,204,E08000035,E08000035,1,621,3,50.0,0,-1,0,-1,0,0,1,2,2,0,0,1,1,1,E01011468
18186,20201379N1600,2020,1379N1600,2,1,1,1,22,5,3,0,0,0,0,0,1,1,2,2020,1379N1600,429917.0,430792.0,-1.547564,53.77263,13,3,2,1,23/09/2020,4,16:45,204,E08000035,E08000035,3,653,6,30.0,0,-1,0,-1,0,0,1,1,1,0,0,1,2,2,E01011322
18187,20201379N1756,2020,1379N1756,2,1,1,1,33,6,3,0,0,0,0,0,1,1,4,2020,1379N1756,427311.0,434681.0,-1.586758,53.807726,13,3,2,1,23/09/2020,4,07:51,204,E08000035,E08000035,3,65,6,30.0,3,4,6,0,0,0,1,2,2,0,0,1,2,2,E01011482
18188,20201379O0321,2020,1379O0321,3,1,1,1,56,9,3,0,0,0,0,0,9,1,2,2020,1379O0321,426988.0,433438.0,-1.591772,53.796571,13,3,3,1,24/09/2020,5,09:00,204,E08000035,E08000035,6,0,6,30.0,3,4,6,0,0,0,1,2,2,0,0,1,2,2,E01011292
18189,20201379O0552,2020,1379O0552,1,1,1,1,28,6,3,0,0,0,0,0,9,1,1,2020,1379O0552,430875.0,434255.0,-1.532683,53.803698,13,3,2,2,24/09/2020,5,07:50,204,E08000035,E08000035,3,61,6,30.0,3,2,6,0,0,5,1,1,2,0,0,1,1,2,E01033003
18190,20201379O0552,2020,1379O0552,2,2,1,2,35,6,3,0,0,0,0,0,9,3,9,2020,1379O0552,430875.0,434255.0,-1.532683,53.803698,13,3,2,2,24/09/2020,5,07:50,204,E08000035,E08000035,3,61,6,30.0,3,2,6,0,0,5,1,1,2,0,0,1,1,2,E01033003
18191,20201379O1548,2020,1379O1548,1,1,3,1,41,7,3,5,1,0,0,0,0,1,3,2020,1379O1548,426267.0,435827.0,-1.602514,53.818079,13,3,1,2,24/09/2020,5,19:35,204,E08000035,E08000035,3,65,6,40.0,3,4,6,0,0,8,4,1,2,0,0,1,2,2,E01011488
18192,20201379O1548,2020,1379O1548,1,2,3,2,9,2,3,5,1,0,0,0,0,1,3,2020,1379O1548,426267.0,435827.0,-1.602514,53.818079,13,3,1,2,24/09/2020,5,19:35,204,E08000035,E08000035,3,65,6,40.0,3,4,6,0,0,8,4,1,2,0,0,1,2,2,E01011488
18193,20201379P1120,2020,1379P1120,1,1,3,2,17,4,3,1,1,0,0,0,0,1,6,2020,1379P1120,429852.0,438922.0,-1.547765,53.845703,13,3,1,1,25/09/2020,6,15:50,204,E08000035,E08000035,3,6120,3,40.0,1,4,6,0,0,8,1,1,1,0,0,1,1,2,E01011510
18194,20201379P1169,2020,1379P1169,1,1,1,1,11,3,3,0,0,0,0,0,1,1,1,2020,1379P1169,430709.0,435823.0,-1.535048,53.817801,13,3,2,1,25/09/2020,6,16:00,204,E08000035,E08000035,6,0,6,30.0,0,-1,0,-1,0,0,1,1,1,0,0,1,1,2,E01011360
18195,20201379P1327,2020,1379P1327,2,1,1,2,69,10,3,0,0,0,0,0,9,1,2,2020,1379P1327,441287.0,445278.0,-1.373121,53.902047,13,3,2,2,25/09/2020,6,17:20,204,E08000035,E08000035,2,1,3,70.0,0,-1,0,-1,0,0,1,1,1,0,0,2,1,1,E01011707
18196,20201379P1327,2020,1379P1327,2,2,2,2,70,10,3,0,0,1,0,0,9,1,1,2020,1379P1327,441287.0,445278.0,-1.373121,53.902047,13,3,2,2,25/09/2020,6,17:20,204,E08000035,E08000035,2,1,3,70.0,0,-1,0,-1,0,0,1,1,1,0,0,2,1,1,E01011707
18197,20201379P1371,2020,1379P1371,1,1,3,1,11,3,3,5,1,0,0,0,0,1,2,2020,1379P1371,428885.0,425413.0,-1.563721,53.724343,13,3,1,1,25/09/2020,6,17:37,204,E08000035,E08000035,6,0,6,30.0,0,-1,0,-1,0,0,1,4,1,0,0,1,1,2,E01011552
18198,20201379Q0354,2020,1379Q0354,1,1,1,2,21,5,3,0,0,0,0,0,9,1,1,2020,1379Q0354,432871.0,432390.0,-1.502575,53.786815,13,3,2,2,26/09/2020,7,09:11,204,E08000035,E08000035,5,0,6,30.0,3,4,5,0,0,0,1,1,1,0,0,1,1,2,E01011621
18199,20201379Q0354,2020,1379Q0354,1,2,2,2,9,2,3,0,0,2,0,0,9,1,1,2020,1379Q0354,432871.0,432390.0,-1.502575,53.786815,13,3,2,2,26/09/2020,7,09:11,204,E08000035,E08000035,5,0,6,30.0,3,4,5,0,0,0,1,1,1,0,0,1,1,2,E01011621