,accident_index,accident_year_x,accident_reference_x,vehicle_reference,casualty_reference,casualty_class,sex_of_casualty,age_of_casualty,age_band_of_casualty,casualty_severity,pedestrian_location,pedestrian_movement,car_passenger,bus_or_coach_passenger,pedestrian_road_maintenance_worker,casualty_type,casualty_home_area_type,casualty_imd_decile,accident_year_y,accident_reference_y,location_easting_osgr,location_northing_osgr,longitude,latitude,police_force,accident_severity,number_of_vehicles,number_of_casualties,date,day_of_week,time,local_authority_district,local_authority_ons_district,local_authority_highway,first_road_class,first_road_number,road_type,speed_limit,junction_detail,junction_control,second_road_class,second_road_number,pedestrian_crossing_human_control,pedestrian_crossing_physical_facilities,light_conditions,weather_conditions,road_surface_conditions,special_conditions_at_site,carriageway_hazards,urban_or_rural_area,did_police_officer_attend_scene_of_accident,trunk_road_flag,lsoa_of_accident_location
18200,20201379Q1480,2020,1379Q1480,3,1,1,1,38,7,3,0,0,0,0,0,9,3,6,2020,1379Q1480,431200.0,432103.0,-1.527966,53.784338,13,3,3,1,26/09/2020,7,19:05,204,E08000035,E08000035,6,0,6,30.0,3,4,6,0,0,0,4,1,1,0,0,1,1,2,E01011467
18201,20201379Q1526,2020,1379Q1526,1,1,1,1,20,4,2,0,0,0,0,0,5,1,1,2020,1379Q1526,432536.0,427660.0,-1.508156,53.744324,13,2,2,2,26/09/2020,7,19:25,204,E08000035,E08000035,3,61,6,30.0,0,-1,0,-1,0,0,4,1,1,0,0,1,1,2,E01011496
18202,20201379Q1526,2020,1379Q1526,1,2,2,1,26,6,2,0,0,0,0,0,5,1,5,2020,1379Q1526,432536.0,427660.0,-1.508156,53.744324,13,2,2,2,26/09/2020,7,19:25,204,E08000035,E08000035,3,61,6,30.0,0,-1,0,-1,0,0,4,1,1,0,0,1,1,2,E01011496
18203,20201379R0649,2020,1379R0649,1,1,3,1,52,8,2,1,1,0,0,0,0,-1,-1,2020,1379R0649,429242.0,433902.0,-1.557511,53.80062,13,2,1,1,27/09/2020,1,11:50,204,E08000035,E08000035,6,0,6,30.0,0,-1,0,-1,2,4,1,1,1,0,0,1,1,2,E01011678
18204,20201379R1325,2020,1379R1325,1,1,1,1,55,8,3,0,0,0,0,0,5,1,4,2020,1379R1325,429246.0,433647.0,-1.557474,53.798328,13,3,1,1,27/09/2020,1,17:24,204,E08000035,E08000035,2,58,3,40.0,0,-1,0,-1,0,0,1,1,1,0,0,1,1,2,E01033008
18205,20201379R1421,2020,1379R1421,2,1,1,1,55,8,2,0,0,0,0,0,9,1,5,2020,1379R1421,431363.0,435239.0,-1.525174,53.812513,13,2,2,2,27/09/2020,1,18:12,204,E08000035,E08000035,6,0,6,20.0,3,4,6,0,0,0,1,1,1,0,0,1,1,2,E01011429
18206,20201379R1421,2020,1379R1421,2,2,2,2,1,1,2,0,0,2,0,0,9,1,1,2020,1379R1421,431363.0,435239.0,-1.525174,53.812513,13,2,2,2,27/09/2020,1,18:12,204,E08000035,E08000035,6,0,6,20.0,3,4,6,0,0,0,1,1,1,0,0,1,1,2,E01011429
18207,20201379R1462,2020,1379R1462,2,1,1,2,30,6,3,0,0,0,0,0,9,-1,-1,2020,1379R1462,433553.0,435958.0,-1.491837,53.818839,13,3,2,1,27/09/2020,1,18:28,204,E08000035,E08000035,6,0,6,30.0,9,4,6,0,0,0,1,1,1,0,0,1,2,2,E01011421
18208,20201379R1473,2020,1379R1473,2,1,1,1,31,6,3,0,0,0,0,0,19,3,7,2020,1379R1473,439693.0,427088.0,-1.399717,53.73869,13,3,2,1,27/09/2020,1,18:30,204,E08000035,E08000035,6,0,6,30.0,0,-1,0,-1,0,0,1,1,1,0,0,2,1,2,E01011394
18209,20201379S1357,2020,1379S1357,2,1,1,2,30,6,3,0,0,0,0,0,9,1,1,2020,1379S1357,436103.0,435592.0,-1.45315,53.81538,13,3,2,1,28/09/2020,2,17:05,204,E08000035,E08000035,3,6120,1,40.0,1,4,6,0,0,0,1,1,1,0,0,1,2,2,E01011724
18210,20201379S1655,2020,1379S1655,2,1,1,1,19,4,3,0,0,0,0,0,9,1,1,2020,1379S1655,428712.0,434996.0,-1.565456,53.810482,13,3,2,1,28/09/2020,2,19:55,204,E08000035,E08000035,6,0,6,30.0,0,-1,0,-1,0,0,4,1,1,0,0,1,2,2,E01033006
18211,20201379S2013,2020,1379S2013,1,1,1,2,23,5,3,0,0,0,0,0,9,1,3,2020,1379S2013,428568.0,433227.0,-1.567806,53.79459,13,3,2,1,28/09/2020,2,23:10,204,E08000035,E08000035,3,647,1,30.0,1,2,3,58,0,0,4,1,1,0,0,1,1,2,E01011363
18212,20201379T0309,2020,1379T0309,1,1,1,1,41,7,1,0,0,0,0,0,9,1,6,2020,1379T0309,425738.0,438068.0,-1.610363,53.838247,13,1,3,1,29/09/2020,3,08:45,204,E08000035,E08000035,6,0,6,40.0,0,-1,0,-1,0,0,1,1,1,0,0,1,1,2,E01011686
18213,20201379T0939,2020,1379T0939,2,1,1,1,70,10,3,0,0,0,0,0,9,1,5,2020,1379T0939,433147.0,426328.0,-1.499034,53.732314,13,3,3,3,29/09/2020,3,14:48,204,E08000035,E08000035,3,61,6,40.0,6,4,4,6135,0,0,1,1,1,0,0,1,1,2,E01011500
18214,20201379T0939,2020,1379T0939,3,2,1,2,53,8,3,0,0,0,0,0,9,1,7,2020,1379T0939,433147.0,426328.0,-1.499034,53.732314,13,3,3,3,29/09/2020,3,14:48,204,E08000035,E08000035,3,61,6,40.0,6,4,4,6135,0,0,1,1,1,0,0,1,1,2,E01011500
18215,20201379T0939,2020,1379T0939,3,3,2,2,65,9,3,0,0,1,0,0,9,1,7,2020,1379T0939,433147.0,426328.0,-1.499034,53.732314,13,3,3,3,29/09/2020,3,14:48,204,E08000035,E08000035,3,61,6,40.0,6,4,4,6135,0,0,1,1,1,0,0,1,1,2,E01011500
18216,20201379T0956,2020,1379T0956,2,1,1,2,61,9,2,0,0,0,0,0,9,1,8,2020,1379T0956,417552.0,441421.0,-1.734567,53.868721,13,2,2,1,29/09/2020,3,14:55,204,E08000035,E08000035,6,0,6,30.0,0,-1,0,-1,0,0,1,1,1,0,0,1,1,2,E01011270
18217,20201379T1161,2020,1379T1161,1,1,3,2,11,3,2,5,2,0,0,0,0,1,10,2020,1379T1161,431230.0,441011.0,-1.52661,53.864397,13,2,1,1,29/09/2020,3,16:00,204,E08000035,E08000035,3,61,6,30.0,0,-1,0,-1,0,0,1,1,1,0,0,1,1,2,E01011562
18218,20201379T1195,2020,1379T1195,1,1,2,2,26,6,3,0,0,1,0,0,9,1,2,2020,1379T1195,419852.0,441187.0,-1.699606,53.866535,13,3,3,1,29/09/2020,3,16:30,204,E08000035,E08000035,6,0,6,30.0,0,-1,0,-1,0,4,1,1,1,0,0,1,1,2,E01011275
18219,20201379U0473,2020,1379U0473,1,1,3,1,56,9,3,5,3,0,0,0,0,1,3,2020,1379U0473,429796.0,433804.0,-1.54911,53.799708,13,3,2,1,29/09/2020,3,10:52,204,E08000035,E08000035,6,0,6,30.0,0,-1,0,-1,0,0,1,1,1,0,0,1,1,2,E01033010
18220,20201379U1001,2020,1379U1001,1,1,3,2,23,5,3,1,1,0,0,0,0,1,1,2020,1379U1001,428037.0,432831.0,-1.575902,53.79106,13,3,1,1,30/09/2020,4,14:58,204,E08000035,E08000035,4,6154,6,30.0,3,4,6,0,0,4,1,2,2,0,0,1,1,2,E01011362
18221,20201379U1958,2020,1379U1958,1,1,1,1,27,6,3,0,0,0,0,0,10,1,1,2020,1379U1958,423314.0,434247.0,-1.647487,53.804018,13,3,2,7,30/09/2020,4,23:00,204,E08000035,E08000035,3,647,3,60.0,0,-1,0,-1,0,0,1,1,2,0,0,1,1,2,E01011609
18222,20201379U1958,2020,1379U1958,1,2,2,1,66,10,3,0,0,1,0,0,10,-1,-1,2020,1379U1958,423314.0,434247.0,-1.647487,53.804018,13,3,2,7,30/09/2020,4,23:00,204,E08000035,E08000035,3,647,3,60.0,0,-1,0,-1,0,0,1,1,2,0,0,1,1,2,E01011609
18223,20201379U1958,2020,1379U1958,1,3,2,1,39,7,3,0,0,2,0,0,10,1,1,2020,1379U1958,423314.0,434247.0,-1.647487,53.804018,13,3,2,7,30/09/2020,4,23:00,204,E08000035,E08000035,3,647,3,60.0,0,-1,0,-1,0,0,1,1,2,0,0,1,1,2,E01011609
18224,20201379U1958,2020,1379U1958,1,4,2,1,38,7,3,0,0,2,0,0,10,1,1,2020,1379U1958,423314.0,434247.0,-1.647487,53.804018,13,3,2,7,30/09/2020,4,23:00,204,E08000035,E08000035,3,647,3,60.0,0,-1,0,-1,0,0,1,1,2,0,0,1,1,2,E01011609
18225,20201379U1958,2020,1379U1958,1,5,2,1,30,6,3,0,0,2,0,0,10,1,1,2020,1379U1958,423314.0,434247.0,-1.647487,53.804018,13,3,2,7,30/09/2020,4,23:00,204,E08000035,E08000035,3,647,3,60.0,0,-1,0,-1,0,0,1,1,2,0,0,1,1,2,E01011609
18226,20201379U1958,2020,1379U1958,1,6,2,1,38,7,3,0,0,2,0,0,10,1,3,2020,1379U1958,423314.0,434247.0,-1.647487,53.804018,13,3,2,7,30/09/2020,4,23:00,204,E08000035,E08000035,3,647,3,60.0,0,-1,0,-1,0,0,1,1,2,0,0,1,1,2,E01011609
18227,20201379U1958,2020,1379U1958,1,7,2,1,32,6,3,0,0,2,0,0,10,1,1,2020,1379U1958,423314.0,434247.0,-1.647487,53.804018,13,3,2,7,30/09/2020,4,23:00,204,E08000035,E08000035,3,647,3,60.0,0,-1,0,-1,0,0,1,1,2,0,0,1,1,2,E01011609
18228,2020137A10234,2020,137A10234,3,2,1,1,35,6,3,0,0,0,0,0,19,1,2,2020,137A10234,429414.0,426834.0,-1.55557,53.737085,13,3,4,3,01/10/2020,5,07:00,204,E08000035,E08000035,3,654,6,50.0,8,4,6,0,0,0,1,1,1,0,0,2,1,2,E01011538
18229,2020137A10234,2020,137A10234,3,3,2,1,29,6,3,0,0,1,0,0,19,1,5,2020,137A10234,429414.0,426834.0,-1.55557,53.737085,13,3,4,3,01/10/2020,5,07:00,204,E08000035,E08000035,3,654,6,50.0,8,4,6,0,0,0,1,1,1,0,0,2,1,2,E01011538
18230,2020137A10234,2020,137A10234,4,1,2,2,61,9,3,0,0,1,0,0,9,1,1,2020,137A10234,429414.0,426834.0,-1.55557,53.737085,13,3,4,3,01/10/2020,5,07:00,204,E08000035,E08000035,3,654,6,50.0,8,4,6,0,0,0,1,1,1,0,0,2,1,2,E01011538
18231,2020137A11721,2020,137A11721,2,1,1,1,19,4,3,0,0,0,0,0,3,1,6,2020,137A11721,429850.0,433423.0,-1.548327,53.79628,13,3,3,1,01/10/2020,5,20:00,204,E08000035,E08000035,6,0,6,30.0,0,-1,0,-1,0,4,4,1,1,0,0,1,1,2,E01033016
18232,2020137A21103,2020,137A21103,1,1,1,1,58,9,2,0,0,0,0,0,5,1,2,2020,137A21103,424938.0,434712.0,-1.62279,53.808123,13,2,1,1,02/10/2020,6,16:30,204,E08000035,E08000035,6,0,6,20.0,0,-1,0,-1,0,0,1,1,1,0,0,1,1,2,E01011282
18233,2020137A30658,2020,137A30658,1,1,3,1,45,7,2,8,3,0,0,0,0,1,8,2020,137A30658,428625.0,436947.0,-1.566597,53.828021,13,2,1,1,03/10/2020,7,11:38,204,E08000035,E08000035,6,0,6,40.0,9,4,6,0,0,0,1,2,2,0,0,1,1,2,E01011691
18234,2020137A30682,2020,137A30682,2,1,1,1,57,9,3,0,0,0,0,0,4,1,3,2020,137A30682,431996.0,435778.0,-1.515505,53.817319,13,3,2,1,05/10/2020,2,11:57,204,E08000035,E08000035,4,6159,6,30.0,0,-1,0,-1,0,0,1,2,2,0,0,1,1,2,E01011427
18235,2020137A31043,2020,137A31043,1,1,1,1,49,8,3,0,0,0,0,0,9,1,9,2020,137A31043,432387.0,426120.0,-1.510576,53.730493,13,3,1,2,03/10/2020,7,15:50,204,E08000035,E08000035,1,62,3,70.0,0,-1,0,-1,0,0,1,2,2,0,0,2,1,1,E01011499
18236,2020137A31043,2020,137A31043,1,2,2,2,25,5,3,0,0,1,0,0,9,-1,-1,2020,137A31043,432387.0,426120.0,-1.510576,53.730493,13,3,1,2,03/10/2020,7,15:50,204,E08000035,E08000035,1,62,3,70.0,0,-1,0,-1,0,0,1,2,2,0,0,2,1,1,E01011499
18237,2020137A40009,2020,137A40009,1,1,1,2,48,8,3,0,0,0,0,0,9,1,2,2020,137A40009,432031.0,439377.0,-1.514601,53.849663,13,3,2,2,04/10/2020,1,00:05,204,E08000035,E08000035,3,6120,6,40.0,0,-1,0,-1,0,0,4,2,2,0,0,1,1,2,E01011651
18238,2020137A40009,2020,137A40009,1,2,2,2,21,5,3,0,0,1,0,0,9,1,2,2020,137A40009,432031.0,439377.0,-1.514601,53.849663,13,3,2,2,04/10/2020,1,00:05,204,E08000035,E08000035,3,6120,6,40.0,0,-1,0,-1,0,0,4,2,2,0,0,1,1,2,E01011651
18239,2020137A40191,2020,137A40191,1,1,1,1,24,5,2,0,0,0,0,0,9,1,1,2020,137A40191,431601.0,435246.0,-1.521559,53.812562,13,2,1,3,04/10/2020,1,02:30,204,E08000035,E08000035,3,58,6,30.0,3,4,6,0,0,0,4,2,2,0,0,1,1,2,E01011429
18240,2020137A40191,2020,137A40191,1,2,2,2,19,4,2,0,0,1,0,0,9,1,1,2020,137A40191,431601.0,435246.0,-1.521559,53.812562,13,2,1,3,04/10/2020,1,02:30,204,E08000035,E08000035,3,58,6,30.0,3,4,6,0,0,0,4,2,2,0,0,1,1,2,E01011429
18241,2020137A40191,2020,137A40191,1,3,2,2,23,5,2,0,0,1,0,0,9,1,1,2020,137A40191,431601.0,435246.0,-1.521559,53.812562,13,2,1,3,04/10/2020,1,02:30,204,E08000035,E08000035,3,58,6,30.0,3,4,6,0,0,0,4,2,2,0,0,1,1,2,E01011429
18242,2020137A40362,2020,137A40362,1,1,1,2,26,6,3,0,0,0,0,0,9,1,3,2020,137A40362,427838.0,430585.0,-1.579125,53.770884,13,3,2,1,03/10/2020,7,15:30,204,E08000035,E08000035,3,6110,3,40.0,3,2,3,643,0,5,1,2,2,0,0,1,2,2,E01011369
18243,2020137A40543,2020,137A40543,2,1,1,1,43,7,3,0,0,0,0,0,9,1,5,2020,137A40543,428032.0,435104.0,-1.575772,53.811489,13,3,2,1,04/10/2020,1,10:40,204,E08000035,E08000035,6,0,6,30.0,3,4,6,0,0,4,1,1,2,0,0,1,2,2,E01011446
18244,2020137A50231,2020,137A50231,1,1,3,2,41,7,3,5,1,0,0,0,0,1,6,2020,137A50231,430338.0,428100.0,-1.541439,53.748411,13,3,1,1,05/10/2020,2,07:23,204,E08000035,E08000035,6,0,6,30.0,3,4,6,0,0,0,1,1,1,0,0,1,1,2,E01011490
18245,2020137A50283,2020,137A50283,1,1,1,1,59,9,3,0,0,0,0,0,9,1,7,2020,137A50283,430514.0,435794.0,-1.538013,53.817552,13,3,2,2,04/10/2020,1,22:00,204,E08000035,E08000035,6,0,6,30.0,0,-1,0,-1,0,0,4,1,1,0,0,1,2,2,E01011357
18246,2020137A50283,2020,137A50283,1,2,2,2,40,7,3,0,0,1,0,0,9,1,7,2020,137A50283,430514.0,435794.0,-1.538013,53.817552,13,3,2,2,04/10/2020,1,22:00,204,E08000035,E08000035,6,0,6,30.0,0,-1,0,-1,0,0,4,1,1,0,0,1,2,2,E01011357
18247,2020137A50325,2020,137A50325,1,1,1,2,28,6,3,0,0,0,0,0,9,1,1,2020,137A50325,436111.0,428304.0,-1.453878,53.749878,13,3,2,2,05/10/2020,2,08:46,204,E08000035,E08000035,6,0,6,30.0,3,4,6,0,0,0,1,1,1,0,0,1,1,2,E01011635
18248,2020137A50325,2020,137A50325,2,2,1,2,40,7,3,0,0,0,0,0,9,1,2,2020,137A50325,436111.0,428304.0,-1.453878,53.749878,13,3,2,2,05/10/2020,2,08:46,204,E08000035,E08000035,6,0,6,30.0,3,4,6,0,0,0,1,1,1,0,0,1,1,2,E01011635
18249,2020137A51232,2020,137A51232,1,1,1,1,86,11,3,0,0,0,0,0,9,1,10,2020,137A51232,420448.0,440420.0,-1.690595,53.859619,13,3,1,1,05/10/2020,2,16:20,204,E08000035,E08000035,6,0,6,30.0,3,4,6,0,0,0,1,1,1,0,0,1,1,2,E01011278
18250,2020137A51334,2020,137A51334,2,1,1,1,26,6,3,0,0,0,0,0,1,1,2,2020,137A51334,422873.0,439315.0,-1.653807,53.849587,13,3,2,1,05/10/2020,2,12:05,204,E08000035,E08000035,6,0,6,40.0,6,4,6,0,0,0,1,1,1,0,0,1,2,2,E01011455
18251,2020137A51661,2020,137A51661,2,1,1,2,53,8,3,0,0,0,0,0,1,1,8,2020,137A51661,425060.0,433377.0,-1.621045,53.796118,13,3,2,1,05/10/2020,2,19:18,204,E08000035,E08000035,4,6154,1,30.0,1,4,6,0,0,0,4,1,1,0,0,1,1,2,E01011739
18252,2020137A60295,2020,137A60295,1,1,3,2,22,5,3,1,3,0,0,0,0,1,1,2020,137A60295,430759.0,434614.0,-1.534409,53.806932,13,3,1,1,06/10/2020,3,07:55,204,E08000035,E08000035,3,61,2,30.0,0,-1,0,-1,0,5,1,1,1,0,0,1,2,2,E01011671
18253,2020137A60596,2020,137A60596,2,1,1,1,26,6,3,0,0,0,0,0,1,1,1,2020,137A60596,427326.0,437199.0,-1.586309,53.830356,13,3,2,1,06/10/2020,3,10:30,204,E08000035,E08000035,3,660,6,30.0,3,4,6,0,0,0,1,1,1,0,0,1,2,2,E01011690
18254,2020137A61796,2020,137A61796,2,1,1,1,48,8,3,0,0,0,0,0,1,1,9,2020,137A61796,427728.0,436478.0,-1.580266,53.823855,13,3,2,1,06/10/2020,3,20:00,204,E08000035,E08000035,3,660,6,30.0,0,-1,0,-1,0,0,7,1,1,0,0,1,2,2,E01011694
18255,2020137A61907,2020,137A61907,2,1,1,1,33,6,3,0,0,0,0,0,1,1,1,2020,137A61907,429278.0,428039.0,-1.557518,53.747923,13,3,2,1,06/10/2020,3,21:45,204,E08000035,E08000035,6,0,6,30.0,9,4,6,0,0,0,4,1,1,0,0,1,1,2,E01011491
18256,2020137A70308,2020,137A70308,1,1,3,1,45,7,3,9,8,0,0,0,0,2,9,2020,137A70308,442881.0,442796.0,-1.349208,53.879612,13,3,1,1,10/10/2020,7,08:30,204,E08000035,E08000035,6,0,6,30.0,3,4,6,0,0,0,1,1,1,0,0,2,2,2,E01011712
18257,2020137A70840,2020,137A70840,2,1,1,1,61,9,3,0,0,0,0,0,1,1,10,2020,137A70840,429214.0,440804.0,-1.557284,53.862654,13,3,2,1,07/10/2020,4,14:07,204,E08000035,E08000035,6,0,6,30.0,3,4,6,0,0,0,1,1,1,0,0,1,1,2,E01011563
18258,2020137A71289,2020,137A71289,1,1,1,1,32,6,3,0,0,0,0,0,3,1,1,2020,137A71289,429602.0,432561.0,-1.552174,53.788547,13,3,2,1,07/10/2020,4,17:15,204,E08000035,E08000035,6,0,6,30.0,6,4,6,0,0,0,1,1,1,0,0,1,1,2,E01033032
18259,2020137A71365,2020,137A71365,2,1,1,1,42,7,3,0,0,0,0,0,1,3,7,2020,137A71365,439148.0,426644.0,-1.408035,53.734741,13,3,2,1,07/10/2020,4,17:46,204,E08000035,E08000035,3,639,6,40.0,0,-1,0,-1,0,0,1,1,1,0,0,2,1,2,E01011393
18260,2020137A71901,2020,137A71901,1,1,3,2,20,4,3,5,3,0,0,0,0,1,6,2020,137A71901,428135.0,435847.0,-1.574141,53.818162,13,3,1,1,07/10/2020,4,22:00,204,E08000035,E08000035,3,660,6,30.0,3,4,6,0,0,0,6,2,2,0,0,1,1,2,E01032946
18261,2020137A80559,2020,137A80559,1,1,2,2,24,5,3,0,0,1,0,0,9,1,1,2020,137A80559,431821.0,436443.0,-1.518095,53.823307,13,3,1,1,08/10/2020,5,11:45,204,E08000035,E08000035,6,0,6,30.0,0,-1,0,-1,0,0,1,1,2,0,0,1,1,2,E01011642
18262,2020137A80653,2020,137A80653,1,1,1,2,77,11,2,0,0,0,0,0,9,1,10,2020,137A80653,421378.0,445783.0,-1.676083,53.907783,13,2,1,1,08/10/2020,5,12:35,204,E08000035,E08000035,3,659,6,40.0,3,4,6,0,0,0,1,1,1,0,0,1,1,2,E01011569
18263,2020137A90490,2020,137A90490,1,1,1,2,56,9,3,0,0,0,0,0,9,1,2,2020,137A90490,426836.0,438057.0,-1.593679,53.838093,13,3,2,1,09/10/2020,6,11:24,204,E08000035,E08000035,6,0,1,40.0,1,4,3,6120,0,0,1,1,1,0,0,1,2,2,E01011685
18264,2020137A91100,2020,137A91100,1,1,1,1,27,6,3,0,0,0,0,0,9,3,3,2020,137A91100,428703.0,433123.0,-1.565766,53.793648,13,3,2,1,09/10/2020,6,11:00,204,E08000035,E08000035,3,58,1,40.0,1,2,3,643,0,4,1,1,1,0,0,1,2,2,E01033013
18265,2020137A91211,2020,137A91211,1,1,1,1,16,4,3,0,0,0,0,0,1,1,2,2020,137A91211,430315.0,431166.0,-1.541488,53.775968,13,3,2,1,09/10/2020,6,17:11,204,E08000035,E08000035,6,0,6,30.0,0,-1,0,-1,0,0,1,1,1,0,0,1,1,2,E01011312
18266,2020137A91360,2020,137A91360,2,1,2,2,11,3,3,0,0,2,0,0,9,1,1,2020,137A91360,430728.0,435526.0,-1.534789,53.81513,13,3,2,1,09/10/2020,6,18:10,204,E08000035,E08000035,6,0,6,20.0,6,4,6,0,0,0,1,1,1,0,0,1,1,2,E01011360
18267,2020137A92067,2020,137A92067,1,1,2,2,29,6,2,0,0,1,0,0,9,1,1,2020,137A92067,443224.0,439451.0,-1.344461,53.849521,13,2,1,3,09/10/2020,6,23:45,204,E08000035,E08000035,2,1,3,70.0,9,4,2,1,0,0,6,1,1,0,0,2,1,1,E01011309
18268,2020137A92067,2020,137A92067,1,2,2,1,1,1,3,0,0,2,0,0,9,1,1,2020,137A92067,443224.0,439451.0,-1.344461,53.849521,13,2,1,3,09/10/2020,6,23:45,204,E08000035,E08000035,2,1,3,70.0,9,4,2,1,0,0,6,1,1,0,0,2,1,1,E01011309
18269,2020137A92067,2020,137A92067,1,3,1,2,48,8,3,0,0,0,0,0,9,1,1,2020,137A92067,443224.0,439451.0,-1.344461,53.849521,13,2,1,3,09/10/2020,6,23:45,204,E08000035,E08000035,2,1,3,70.0,9,4,2,1,0,0,6,1,1,0,0,2,1,1,E01011309
18270,2020137AA0939,2020,137AA0939,2,1,1,1,21,5,3,0,0,0,0,0,1,1,2,2020,137AA0939,430648.0,433449.0,-1.53621,53.796468,13,3,2,1,10/10/2020,7,17:45,204,E08000035,E08000035,6,0,6,30.0,0,-1,0,-1,0,0,1,1,2,0,0,1,1,2,E01033011
18271,2020137AA2171,2020,137AA2171,1,1,3,2,18,4,2,6,9,0,0,0,0,1,3,2020,137AA2171,427141.0,435548.0,-1.589264,53.815527,13,2,1,1,09/10/2020,6,09:20,204,E08000035,E08000035,6,0,6,20.0,0,-1,0,-1,0,0,1,1,1,0,0,1,2,2,E01011480
18272,2020137AB0616,2020,137AB0616,2,1,1,1,23,5,3,0,0,0,0,0,1,1,4,2020,137AB0616,429527.0,431427.0,-1.55342,53.778359,13,3,2,1,11/10/2020,1,11:30,204,E08000035,E08000035,6,0,6,30.0,0,-1,0,-1,0,0,1,1,1,0,0,1,2,2,E01011373
18273,2020137AB1195,2020,137AB1195,1,1,1,2,90,11,3,0,0,0,0,0,9,1,8,2020,137AB1195,432064.0,431128.0,-1.514954,53.775523,13,3,1,1,11/10/2020,1,16:30,204,E08000035,E08000035,6,0,6,40.0,0,-1,0,-1,0,0,1,1,1,0,0,1,1,2,E01011468
18274,2020137AB1318,2020,137AB1318,2,1,1,2,31,6,3,0,0,0,0,0,9,1,3,2020,137AB1318,429112.0,430974.0,-1.55976,53.774311,13,3,2,1,11/10/2020,1,16:30,204,E08000035,E08000035,6,0,6,20.0,3,4,6,0,0,0,1,1,1,0,0,1,1,2,E01011314
18275,2020137AC0791,2020,137AC0791,1,1,1,2,82,11,3,0,0,0,0,0,9,1,7,2020,137AC0791,430716.0,439017.0,-1.534625,53.846507,13,3,2,1,12/10/2020,2,14:00,204,E08000035,E08000035,3,61,1,30.0,1,4,3,61,0,0,1,2,2,0,0,1,1,2,E01011512
18276,2020137AC0815,2020,137AC0815,1,1,3,2,53,8,2,5,3,0,0,0,0,1,4,2020,137AC0815,429746.0,429879.0,-1.550245,53.764434,13,2,2,1,12/10/2020,2,14:15,204,E08000035,E08000035,6,0,6,30.0,0,-1,0,-1,0,0,1,2,2,0,0,1,1,2,E01011322
18277,2020137AC1120,2020,137AC1120,2,1,1,2,23,5,3,0,0,0,0,0,9,1,5,2020,137AC1120,432104.0,436045.0,-1.513837,53.819712,13,3,2,1,12/10/2020,2,16:26,204,E08000035,E08000035,6,0,6,30.0,9,2,6,0,0,4,1,8,2,0,0,1,2,2,E01011647
18278,2020137AD0274,2020,137AD0274,2,1,1,2,45,7,3,0,0,0,0,0,1,1,8,2020,137AD0274,430382.0,437939.0,-1.539807,53.836838,13,3,2,1,13/10/2020,3,08:29,204,E08000035,E08000035,3,61,6,30.0,3,4,6,0,0,0,1,1,1,0,0,1,2,2,E01011515
18279,2020137AD0730,2020,137AD0730,2,1,1,2,28,6,3,0,0,0,0,0,1,1,4,2020,137AD0730,427526.0,434560.0,-1.583505,53.806627,13,3,2,1,13/10/2020,3,12:55,204,E08000035,E08000035,3,65,6,30.0,3,4,6,0,0,0,1,2,2,0,0,1,1,2,E01011482
18280,2020137AE0451,2020,137AE0451,2,1,1,1,35,6,3,0,0,0,0,0,19,1,2,2020,137AE0451,432273.0,426033.0,-1.512313,53.729718,13,3,2,1,09/10/2020,6,11:15,204,E08000035,E08000035,1,1,1,70.0,1,2,1,62,0,0,1,1,1,0,0,2,1,1,E01011499
18281,2020137AE1659,2020,137AE1659,1,1,1,2,41,7,3,0,0,0,0,0,19,1,4,2020,137AE1659,420019.0,445441.0,-1.696791,53.904763,13,3,2,2,14/10/2020,4,20:59,204,E08000035,E08000035,3,659,6,30.0,0,-1,0,-1,0,1,4,2,2,0,0,1,1,2,E01011569
18282,2020137AE1659,2020,137AE1659,2,2,1,1,47,8,3,0,0,0,0,0,9,1,7,2020,137AE1659,420019.0,445441.0,-1.696791,53.904763,13,3,2,2,14/10/2020,4,20:59,204,E08000035,E08000035,3,659,6,30.0,0,-1,0,-1,0,1,4,2,2,0,0,1,1,2,E01011569
18283,2020137AE1780,2020,137AE1780,1,1,1,1,39,7,3,0,0,0,0,0,9,1,1,2020,137AE1780,434158.0,435235.0,-1.482728,53.812302,13,3,2,1,14/10/2020,4,22:17,204,E08000035,E08000035,6,0,6,30.0,0,-1,0,-1,0,0,4,1,2,0,0,1,1,2,E01011339
18284,2020137AF1367,2020,137AF1367,2,1,1,1,30,6,3,0,0,0,0,0,1,1,3,2020,137AF1367,431501.0,432728.0,-1.523334,53.789937,13,3,2,1,15/10/2020,5,07:45,204,E08000035,E08000035,6,0,6,30.0,3,4,6,0,0,0,1,1,1,0,0,1,2,2,E01011626
18285,2020137AF1578,2020,137AF1578,2,1,1,2,30,6,3,0,0,0,0,0,9,1,1,2020,137AF1578,428512.0,433050.0,-1.568672,53.793002,13,3,2,1,15/10/2020,5,19:30,204,E08000035,E08000035,6,0,7,30.0,1,4,3,58,0,0,4,1,1,0,0,1,1,2,E01011363
18286,2020137AG0390,2020,137AG0390,1,1,1,1,50,8,3,0,0,0,0,0,9,1,3,2020,137AG0390,429373.0,433783.0,-1.555534,53.799543,13,3,2,2,16/10/2020,6,09:21,204,E08000035,E08000035,2,58,3,30.0,6,2,6,0,0,5,1,1,1,0,0,1,1,2,E01011678