,accident_index,accident_year_x,accident_reference_x,vehicle_reference,casualty_reference,casualty_class,sex_of_casualty,age_of_casualty,age_band_of_casualty,casualty_severity,pedestrian_location,pedestrian_movement,car_passenger,bus_or_coach_passenger,pedestrian_road_maintenance_worker,casualty_type,casualty_home_area_type,casualty_imd_decile,accident_year_y,accident_reference_y,location_easting_osgr,location_northing_osgr,longitude,latitude,police_force,accident_severity,number_of_vehicles,number_of_casualties,date,day_of_week,time,local_authority_district,local_authority_ons_district,local_authority_highway,first_road_class,first_road_number,road_type,speed_limit,junction_detail,junction_control,second_road_class,second_road_number,pedestrian_crossing_human_control,pedestrian_crossing_physical_facilities,light_conditions,weather_conditions,road_surface_conditions,special_conditions_at_site,carriageway_hazards,urban_or_rural_area,did_police_officer_attend_scene_of_accident,trunk_road_flag,lsoa_of_accident_location
18287,2020137AG0390,2020,137AG0390,1,2,2,1,17,4,3,0,0,1,0,0,9,1,3,2020,137AG0390,429373.0,433783.0,-1.555534,53.799543,13,3,2,2,16/10/2020,6,09:21,204,E08000035,E08000035,2,58,3,30.0,6,2,6,0,0,5,1,1,1,0,0,1,1,2,E01011678
18288,2020137AG0740,2020,137AG0740,1,1,1,1,64,9,3,0,0,0,0,0,9,-1,-1,2020,137AG0740,434093.0,429955.0,-1.484297,53.764852,13,3,3,2,16/10/2020,6,12:44,204,E08000035,E08000035,6,0,6,30.0,0,-1,0,-1,0,0,1,2,2,0,0,2,1,2,E01011639
18289,2020137AG0740,2020,137AG0740,2,2,1,1,64,9,3,0,0,0,0,0,9,-1,-1,2020,137AG0740,434093.0,429955.0,-1.484297,53.764852,13,3,3,2,16/10/2020,6,12:44,204,E08000035,E08000035,6,0,6,30.0,0,-1,0,-1,0,0,1,2,2,0,0,2,1,2,E01011639
18290,2020137AG0931,2020,137AG0931,1,1,1,1,69,10,3,0,0,0,0,0,9,-1,-1,2020,137AG0931,426635.0,435521.0,-1.596951,53.81531,13,3,2,2,16/10/2020,6,14:10,204,E08000035,E08000035,6,0,3,30.0,0,-1,0,-1,0,0,1,1,1,0,0,1,1,2,E01011477
18291,2020137AG0931,2020,137AG0931,2,2,1,1,49,8,3,0,0,0,0,0,8,-1,-1,2020,137AG0931,426635.0,435521.0,-1.596951,53.81531,13,3,2,2,16/10/2020,6,14:10,204,E08000035,E08000035,6,0,3,30.0,0,-1,0,-1,0,0,1,1,1,0,0,1,1,2,E01011477
18292,2020137AG1175,2020,137AG1175,2,1,1,2,40,7,3,0,0,0,0,0,9,-1,-1,2020,137AG1175,423283.0,434454.0,-1.647942,53.80588,13,3,3,1,16/10/2020,6,15:45,204,E08000035,E08000035,6,0,6,30.0,3,4,6,0,0,0,1,1,1,0,0,1,1,2,E01011596
18293,2020137AG1737,2020,137AG1737,2,1,1,2,28,6,3,0,0,0,0,0,9,1,2,2020,137AG1737,428924.0,433408.0,-1.562385,53.796197,13,3,2,1,16/10/2020,6,19:34,204,E08000035,E08000035,3,58,3,40.0,5,4,3,58,0,0,4,1,1,0,0,1,1,2,E01033015
18294,2020137AG2094,2020,137AG2094,1,1,1,1,19,4,3,0,0,0,0,0,9,1,1,2020,137AG2094,427158.0,430572.0,-1.589443,53.770803,13,3,1,1,16/10/2020,6,21:50,204,E08000035,E08000035,1,621,3,70.0,0,-1,0,-1,0,0,4,1,1,0,0,1,1,1,E01011318
18295,2020137AH0509,2020,137AH0509,1,1,1,1,40,7,3,0,0,0,0,0,9,1,2,2020,137AH0509,431342.0,434685.0,-1.525549,53.807535,13,3,2,1,17/10/2020,7,09:50,204,E08000035,E08000035,6,0,6,30.0,3,4,6,0,0,0,1,1,1,0,0,1,1,2,E01011673
18296,2020137AH0881,2020,137AH0881,1,1,3,1,10,2,3,5,2,0,0,0,0,1,1,2020,137AH0881,424271.0,435369.0,-1.632868,53.814059,13,3,1,1,17/10/2020,7,13:40,204,E08000035,E08000035,3,657,6,30.0,9,4,6,0,0,1,1,1,1,0,0,1,1,2,E01011323
18297,2020137AH1250,2020,137AH1250,2,1,1,2,52,8,3,0,0,0,0,0,9,1,2,2020,137AH1250,423568.0,437887.0,-1.643352,53.836722,13,3,2,1,17/10/2020,7,16:30,204,E08000035,E08000035,6,0,6,30.0,3,4,6,0,0,5,1,1,1,0,0,1,1,2,E01011459
18298,2020137AI0345,2020,137AI0345,1,1,1,1,23,5,3,0,0,0,0,0,9,1,2,2020,137AI0345,432055.0,426207.0,-1.515599,53.731295,13,3,1,2,18/10/2020,1,05:17,204,E08000035,E08000035,1,62,7,70.0,5,4,1,1,0,0,4,1,2,0,0,2,1,1,E01011499
18299,2020137AI0345,2020,137AI0345,1,2,2,1,18,4,3,0,0,1,0,0,9,1,2,2020,137AI0345,432055.0,426207.0,-1.515599,53.731295,13,3,1,2,18/10/2020,1,05:17,204,E08000035,E08000035,1,62,7,70.0,5,4,1,1,0,0,4,1,2,0,0,2,1,1,E01011499
18300,2020137AI0514,2020,137AI0514,2,1,1,1,41,7,3,0,0,0,0,0,1,1,2,2020,137AI0514,427419.0,434621.0,-1.585124,53.807181,13,3,2,1,18/10/2020,1,10:30,204,E08000035,E08000035,3,65,6,30.0,3,4,6,0,0,0,1,1,1,0,0,1,2,2,E01011482
18301,2020137AI0635,2020,137AI0635,1,1,1,1,41,7,3,0,0,0,0,0,1,1,2,2020,137AI0635,426759.0,435010.0,-1.595112,53.810711,13,3,2,1,18/10/2020,1,10:50,204,E08000035,E08000035,3,65,6,30.0,9,4,6,0,0,0,1,1,1,0,0,1,1,2,E01011477
18302,2020137AI0712,2020,137AI0712,1,1,3,1,31,6,3,5,3,0,0,0,0,-1,-1,2020,137AI0712,438568.0,438823.0,-1.415309,53.844242,13,3,1,1,18/10/2020,1,11:37,204,E08000035,E08000035,3,64,6,40.0,0,-1,0,-1,0,0,1,1,1,0,0,2,1,2,E01011715
18303,2020137AI1725,2020,137AI1725,2,1,1,1,39,7,3,0,0,0,0,0,9,1,1,2020,137AI1725,431434.0,432707.0,-1.524353,53.789752,13,3,2,1,18/10/2020,1,19:30,204,E08000035,E08000035,3,61,6,40.0,6,2,6,0,0,5,4,1,1,0,0,1,1,2,E01011626
18304,2020137AJ0508,2020,137AJ0508,1,1,3,1,17,4,2,4,1,0,0,0,0,1,1,2020,137AJ0508,430049.0,433371.0,-1.545311,53.795801,13,2,1,1,19/10/2020,2,09:30,204,E08000035,E08000035,6,0,6,30.0,3,2,6,0,0,5,1,1,1,0,0,1,1,2,E01033010
18305,2020137AJ1497,2020,137AJ1497,1,1,3,2,39,7,3,6,5,0,0,0,0,1,6,2020,137AJ1497,421505.0,433601.0,-1.674999,53.798289,13,3,1,1,19/10/2020,2,15:00,204,E08000035,E08000035,6,0,6,30.0,0,-1,0,-1,0,0,1,1,1,0,0,1,2,2,E01011585
18306,2020137AJ1761,2020,137AJ1761,2,1,1,1,23,5,2,0,0,0,0,0,3,1,1,2020,137AJ1761,420926.0,434429.0,-1.683733,53.805755,13,2,2,1,19/10/2020,2,19:54,204,E08000035,E08000035,3,647,1,30.0,1,2,4,6157,0,0,4,1,1,0,0,1,1,2,E01011595
18307,2020137AK0155,2020,137AK0155,2,1,1,1,50,8,3,0,0,0,0,0,9,2,8,2020,137AK0155,443519.0,438364.0,-1.34013,53.839728,13,3,2,1,20/10/2020,3,04:28,204,E08000035,E08000035,2,1,3,70.0,0,-1,0,-1,0,0,6,2,2,0,0,2,1,1,E01011309
18308,2020137AK0206,2020,137AK0206,2,1,1,1,40,7,2,0,0,0,0,0,1,1,7,2020,137AK0206,420534.0,434325.0,-1.689692,53.804835,13,2,2,1,20/10/2020,3,07:00,204,E08000035,E08000035,6,0,3,40.0,9,4,6,0,0,0,4,2,2,0,0,1,1,2,E01011595
18309,2020137AK0314,2020,137AK0314,1,1,1,1,29,6,2,0,0,0,0,0,1,1,6,2020,137AK0314,430782.0,438536.0,-1.533669,53.84218,13,2,2,1,20/10/2020,3,09:00,204,E08000035,E08000035,6,0,6,30.0,0,-1,0,-1,0,0,1,2,2,0,0,1,1,2,E01011512
18310,2020137AK0352,2020,137AK0352,2,1,1,1,34,6,3,0,0,0,0,0,1,1,1,2020,137AK0352,429136.0,432055.0,-1.559294,53.784025,13,3,2,1,20/10/2020,3,09:30,204,E08000035,E08000035,6,0,6,30.0,3,4,6,0,0,0,1,1,1,0,0,1,1,2,E01033013
18311,2020137AK0676,2020,137AK0676,2,1,2,2,12,3,3,0,0,2,0,0,9,1,1,2020,137AK0676,430471.0,431740.0,-1.539065,53.781118,13,3,2,1,20/10/2020,3,17:00,204,E08000035,E08000035,1,621,6,30.0,5,2,3,61,0,0,1,1,1,0,0,1,2,1,E01011467
18312,2020137AK1009,2020,137AK1009,1,1,3,2,7,2,3,5,1,0,0,0,0,1,1,2020,137AK1009,434329.0,433568.0,-1.480316,53.797308,13,3,1,1,20/10/2020,3,15:35,204,E08000035,E08000035,6,0,6,30.0,0,-1,0,-1,0,0,1,1,1,0,0,1,1,2,E01011616
18313,2020137AK1919,2020,137AK1919,1,1,3,1,32,6,3,5,1,0,0,0,0,1,2,2020,137AK1919,429982.0,434424.0,-1.546226,53.805269,13,3,1,1,20/10/2020,3,21:51,204,E08000035,E08000035,2,58,3,40.0,0,-1,0,-1,0,0,1,1,1,0,0,1,1,2,E01033005
18314,2020137AL0310,2020,137AL0310,1,1,1,1,21,5,3,0,0,0,0,0,3,1,2,2020,137AL0310,432417.0,427572.0,-1.50997,53.743541,13,3,1,1,21/10/2020,4,07:49,204,E08000035,E08000035,5,0,6,30.0,0,-1,0,-1,0,0,1,1,2,0,0,1,1,2,E01011496
18315,2020137AL0665,2020,137AL0665,2,1,1,1,19,4,3,0,0,0,0,0,1,1,3,2020,137AL0665,421792.0,435522.0,-1.670507,53.815543,13,3,2,1,21/10/2020,4,11:40,204,E08000035,E08000035,4,6156,6,30.0,0,-1,0,-1,0,0,1,1,1,0,0,1,2,2,E01011592
18316,2020137AL1334,2020,137AL1334,2,1,1,1,23,5,3,0,0,0,0,0,9,1,7,2020,137AL1334,443105.0,433207.0,-1.347141,53.793414,13,3,3,3,21/10/2020,4,17:05,204,E08000035,E08000035,3,656,6,60.0,3,4,6,0,0,0,1,1,2,7,0,2,1,2,E01011298
18317,2020137AL1334,2020,137AL1334,2,2,2,1,23,5,3,0,0,1,0,0,9,1,7,2020,137AL1334,443105.0,433207.0,-1.347141,53.793414,13,3,3,3,21/10/2020,4,17:05,204,E08000035,E08000035,3,656,6,60.0,3,4,6,0,0,0,1,1,2,7,0,2,1,2,E01011298
18318,2020137AL1334,2020,137AL1334,3,3,1,2,30,6,3,0,0,0,0,0,9,1,5,2020,137AL1334,443105.0,433207.0,-1.347141,53.793414,13,3,3,3,21/10/2020,4,17:05,204,E08000035,E08000035,3,656,6,60.0,3,4,6,0,0,0,1,1,2,7,0,2,1,2,E01011298
18319,2020137AL1500,2020,137AL1500,1,1,3,2,44,7,3,9,5,0,0,0,0,1,2,2020,137AL1500,434953.0,435884.0,-1.470582,53.818082,13,3,1,1,21/10/2020,4,18:20,204,E08000035,E08000035,6,0,6,30.0,0,-1,0,-1,0,0,1,1,1,0,0,1,2,2,E01011660
18320,2020137AM0333,2020,137AM0333,2,1,1,2,38,7,3,0,0,0,0,0,9,1,1,2020,137AM0333,432510.0,433472.0,-1.50794,53.796562,13,3,3,1,22/10/2020,5,08:38,204,E08000035,E08000035,6,0,6,30.0,3,4,6,0,0,0,1,1,1,0,0,1,1,2,E01011618
18321,2020137AM0958,2020,137AM0958,2,1,1,1,33,6,3,0,0,0,0,0,9,1,1,2020,137AM0958,429390.0,433817.0,-1.555272,53.799847,13,3,2,1,13/10/2020,3,14:55,204,E08000035,E08000035,6,0,3,30.0,6,2,2,58,0,0,1,1,2,0,0,1,1,2,E01011678
18322,2020137AM1036,2020,137AM1036,1,1,3,2,5,1,3,8,1,0,0,0,0,1,1,2020,137AM1036,430143.0,428093.0,-1.544397,53.748359,13,3,1,1,22/10/2020,5,15:29,204,E08000035,E08000035,6,0,6,30.0,0,-1,0,-1,0,0,1,1,1,0,0,1,1,2,E01032498
18323,2020137AM1050,2020,137AM1050,1,1,3,1,12,3,2,1,3,0,0,0,0,1,2,2020,137AM1050,429491.0,439364.0,-1.55321,53.849696,13,2,1,1,22/10/2020,5,15:37,204,E08000035,E08000035,6,0,6,30.0,0,-1,0,-1,0,4,1,1,1,0,0,1,1,2,E01011559
18324,2020137AM1262,2020,137AM1262,2,1,1,1,46,8,3,0,0,0,0,0,1,1,3,2020,137AM1262,428049.0,432045.0,-1.575791,53.783995,13,3,2,1,22/10/2020,5,15:15,204,E08000035,E08000035,3,62,6,30.0,3,4,6,0,0,0,1,1,2,0,0,1,1,2,E01011362
18325,2020137AM1819,2020,137AM1819,2,1,1,1,32,6,3,0,0,0,0,0,9,1,10,2020,137AM1819,428603.0,431579.0,-1.567427,53.779777,13,3,2,1,18/10/2020,1,21:10,204,E08000035,E08000035,3,643,3,30.0,1,2,1,621,0,0,4,1,1,0,0,1,2,2,E01011366
18326,2020137AM1860,2020,137AM1860,1,1,1,2,39,7,3,0,0,0,0,0,9,3,6,2020,137AM1860,434154.0,433897.0,-1.482936,53.800277,13,2,2,2,22/10/2020,5,21:44,204,E08000035,E08000035,3,6159,3,40.0,3,2,6,0,0,0,4,1,1,0,0,1,1,2,E01011341
18327,2020137AM1860,2020,137AM1860,2,2,2,2,25,5,2,0,0,1,0,0,9,1,3,2020,137AM1860,434154.0,433897.0,-1.482936,53.800277,13,2,2,2,22/10/2020,5,21:44,204,E08000035,E08000035,3,6159,3,40.0,3,2,6,0,0,0,4,1,1,0,0,1,1,2,E01011341
18328,2020137AN0704,2020,137AN0704,1,1,3,2,31,6,2,5,1,0,0,0,0,1,5,2020,137AN0704,424333.0,429145.0,-1.632414,53.758116,13,2,1,1,23/10/2020,6,06:15,204,E08000035,E08000035,6,0,6,20.0,0,-1,0,-1,0,0,1,1,1,0,0,1,2,2,E01011523
18329,2020137AN0737,2020,137AN0737,2,1,1,1,41,7,3,0,0,0,0,0,1,1,1,2020,137AN0737,435604.0,435055.0,-1.46079,53.810588,13,3,2,1,23/10/2020,6,13:11,204,E08000035,E08000035,3,64,6,30.0,3,4,6,0,0,0,1,1,1,0,0,1,1,2,E01011666
18330,2020137AO0924,2020,137AO0924,2,1,1,2,35,6,2,0,0,0,0,0,9,1,5,2020,137AO0924,428037.0,434308.0,-1.575768,53.804335,13,2,2,2,24/10/2020,7,14:30,204,E08000035,E08000035,6,0,3,30.0,6,2,6,0,2,4,1,2,2,0,0,1,1,2,E01011483
18331,2020137AO0924,2020,137AO0924,2,2,2,2,3,1,3,0,0,2,0,0,9,1,5,2020,137AO0924,428037.0,434308.0,-1.575768,53.804335,13,2,2,2,24/10/2020,7,14:30,204,E08000035,E08000035,6,0,3,30.0,6,2,6,0,2,4,1,2,2,0,0,1,1,2,E01011483
18332,2020137AO1116,2020,137AO1116,1,1,3,1,49,8,3,10,9,0,0,0,0,-1,-1,2020,137AO1116,431302.0,437137.0,-1.525908,53.829575,13,3,1,1,24/10/2020,7,13:00,204,E08000035,E08000035,6,0,6,30.0,3,4,6,0,0,0,1,1,1,0,0,1,2,2,E01011641
18333,2020137AO1322,2020,137AO1322,1,1,1,1,26,6,3,0,0,0,0,0,9,1,1,2020,137AO1322,430831.0,433398.0,-1.533437,53.795999,13,3,2,1,24/10/2020,7,18:30,204,E08000035,E08000035,3,61,3,30.0,3,2,6,0,0,4,4,2,2,0,0,1,1,2,E01033011
18334,2020137AP0518,2020,137AP0518,1,1,1,1,26,6,3,0,0,0,0,0,9,1,1,2020,137AP0518,425625.0,426416.0,-1.613044,53.733526,13,3,1,1,25/10/2020,1,09:40,204,E08000035,E08000035,1,62,3,70.0,0,-1,0,-1,0,0,1,4,1,0,0,1,1,1,E01011546
18335,2020137AR0436,2020,137AR0436,1,1,2,2,71,10,3,0,0,1,0,0,9,1,9,2020,137AR0436,435055.0,431189.0,-1.469564,53.775879,13,3,2,1,27/10/2020,3,10:55,204,E08000035,E08000035,3,63,1,60.0,1,2,1,1,0,0,1,1,2,0,0,2,1,1,E01011624
18336,2020137AR1227,2020,137AR1227,2,1,1,1,26,6,3,0,0,0,0,0,9,1,3,2020,137AR1227,428507.0,434307.0,-1.568632,53.8043,13,3,2,3,27/10/2020,3,17:48,204,E08000035,E08000035,6,0,6,30.0,0,-1,0,-1,0,0,4,1,1,0,0,1,1,2,E01011681
18337,2020137AR1227,2020,137AR1227,2,2,2,2,28,6,3,0,0,1,0,0,9,1,2,2020,137AR1227,428507.0,434307.0,-1.568632,53.8043,13,3,2,3,27/10/2020,3,17:48,204,E08000035,E08000035,6,0,6,30.0,0,-1,0,-1,0,0,4,1,1,0,0,1,1,2,E01011681
18338,2020137AR1227,2020,137AR1227,2,3,2,2,23,5,3,0,0,2,0,0,9,1,2,2020,137AR1227,428507.0,434307.0,-1.568632,53.8043,13,3,2,3,27/10/2020,3,17:48,204,E08000035,E08000035,6,0,6,30.0,0,-1,0,-1,0,0,4,1,1,0,0,1,1,2,E01011681
18339,2020137AR1259,2020,137AR1259,1,1,1,1,23,5,3,0,0,0,0,0,3,1,1,2020,137AR1259,427485.0,432589.0,-1.584302,53.788914,13,3,2,1,27/10/2020,3,18:02,204,E08000035,E08000035,6,0,1,30.0,1,4,6,0,0,0,4,2,2,0,0,1,1,2,E01011362
18340,2020137AR1456,2020,137AR1456,2,1,1,2,25,5,3,0,0,0,0,0,9,-1,-1,2020,137AR1456,426433.0,433952.0,-1.600153,53.801219,13,3,2,1,27/10/2020,3,18:25,204,E08000035,E08000035,3,647,3,60.0,0,-1,0,-1,0,0,1,1,1,0,0,1,1,2,E01032608
18341,2020137AS1008,2020,137AS1008,1,1,1,1,51,8,2,0,0,0,0,0,8,1,3,2020,137AS1008,429796.0,433804.0,-1.54911,53.799708,13,2,2,1,28/10/2020,4,14:51,204,E08000035,E08000035,6,0,6,30.0,0,-1,0,-1,0,0,1,1,1,0,0,1,1,2,E01033010
18342,2020137AS1241,2020,137AS1241,2,1,1,1,38,7,3,0,0,0,0,0,9,1,1,2020,137AS1241,430225.0,431999.0,-1.542773,53.78346,13,3,2,1,28/10/2020,4,16:26,204,E08000035,E08000035,3,653,3,30.0,9,4,3,653,0,0,1,2,2,0,0,1,1,2,E01011364
18343,2020137AS1463,2020,137AS1463,1,1,1,1,34,6,3,0,0,0,0,0,9,1,2,2020,137AS1463,429952.0,434416.0,-1.546682,53.805199,13,3,2,2,28/10/2020,4,16:30,204,E08000035,E08000035,2,58,3,40.0,0,-1,0,-1,0,0,1,2,2,0,0,1,1,2,E01033010
18344,2020137AS1463,2020,137AS1463,1,2,2,1,1,1,3,0,0,2,0,0,9,1,2,2020,137AS1463,429952.0,434416.0,-1.546682,53.805199,13,3,2,2,28/10/2020,4,16:30,204,E08000035,E08000035,2,58,3,40.0,0,-1,0,-1,0,0,1,2,2,0,0,1,1,2,E01033010
18345,2020137AS1676,2020,137AS1676,1,1,1,1,29,6,3,0,0,0,0,0,1,1,1,2020,137AS1676,428003.0,434984.0,-1.576224,53.810412,13,3,2,1,28/10/2020,4,19:25,204,E08000035,E08000035,6,0,6,20.0,3,4,6,0,0,8,4,2,2,0,0,1,1,2,E01011441
18346,2020137AT0230,2020,137AT0230,1,1,1,2,30,6,1,0,0,0,0,0,9,1,3,2020,137AT0230,436590.0,439911.0,-1.445242,53.854163,13,1,1,2,29/10/2020,5,01:00,204,E08000035,E08000035,6,0,6,60.0,0,-1,0,-1,0,0,6,9,2,5,0,2,1,2,E01011311
18347,2020137AT0230,2020,137AT0230,1,2,2,2,30,6,1,0,0,1,0,0,9,1,2,2020,137AT0230,436590.0,439911.0,-1.445242,53.854163,13,1,1,2,29/10/2020,5,01:00,204,E08000035,E08000035,6,0,6,60.0,0,-1,0,-1,0,0,6,9,2,5,0,2,1,2,E01011311
18348,2020137AT1100,2020,137AT1100,1,1,1,1,41,7,3,0,0,0,0,0,9,-1,-1,2020,137AT1100,426849.0,437930.0,-1.593492,53.83695,13,3,1,1,29/10/2020,5,16:40,204,E08000035,E08000035,3,660,6,40.0,0,-1,0,-1,0,4,4,1,2,0,0,2,1,2,E01011685
18349,2020137AU0972,2020,137AU0972,2,1,1,2,57,9,3,0,0,0,0,0,9,1,1,2020,137AU0972,424239.0,428177.0,-1.633916,53.74942,13,3,2,2,28/10/2020,4,18:30,204,E08000035,E08000035,3,650,1,40.0,0,-1,0,-1,0,0,4,2,2,0,0,1,2,1,E01011523
18350,2020137AU0972,2020,137AU0972,2,2,2,2,57,9,3,0,0,1,0,0,9,1,1,2020,137AU0972,424239.0,428177.0,-1.633916,53.74942,13,3,2,2,28/10/2020,4,18:30,204,E08000035,E08000035,3,650,1,40.0,0,-1,0,-1,0,0,4,2,2,0,0,1,2,1,E01011523
18351,2020137AV0704,2020,137AV0704,2,1,1,1,17,4,3,0,0,0,0,0,1,1,2,2020,137AV0704,431879.0,435120.0,-1.51735,53.811412,13,3,2,1,31/10/2020,7,11:32,204,E08000035,E08000035,6,0,6,30.0,3,4,6,0,0,0,1,5,2,0,0,1,2,2,E01011673
18352,2020137AV0748,2020,137AV0748,2,1,2,1,38,7,3,0,0,1,0,0,9,1,1,2020,137AV0748,429732.0,433543.0,-1.550106,53.797365,13,3,2,1,31/10/2020,7,12:04,204,E08000035,E08000035,6,0,2,30.0,9,2,6,0,0,0,1,9,2,0,0,1,2,2,E01033010
18353,2020137B10577,2020,137B10577,1,1,1,2,19,4,3,0,0,0,0,0,9,1,1,2020,137B10577,428672.0,432828.0,-1.566264,53.790998,13,3,1,1,01/11/2020,1,08:00,204,E08000035,E08000035,6,0,2,30.0,0,-1,0,-1,0,0,1,1,2,0,0,1,1,2,E01033013
18354,2020137B11896,2020,137B11896,1,1,1,1,52,8,3,0,0,0,0,0,9,1,4,2020,137B11896,435676.0,434809.0,-1.459725,53.808372,13,3,2,1,01/11/2020,1,21:00,204,E08000035,E08000035,6,0,3,40.0,6,4,6,0,0,0,4,1,2,0,0,1,1,2,E01011666
18355,2020137B11950,2020,137B11950,1,1,1,2,35,6,3,0,0,0,0,0,9,1,2,2020,137B11950,432766.0,430384.0,-1.504381,53.768792,13,3,1,1,01/11/2020,1,21:35,204,E08000035,E08000035,4,6481,3,40.0,1,4,6,0,0,0,4,2,2,0,0,2,1,2,E01011468
18356,2020137B20358,2020,137B20358,3,2,2,2,36,7,3,0,0,1,0,0,9,1,2,2020,137B20358,435922.0,428218.0,-1.456754,53.749118,13,3,4,2,02/11/2020,2,09:05,204,E08000035,E08000035,6,0,6,30.0,0,-1,0,-1,0,0,1,1,2,0,0,2,1,2,E01011635
18357,2020137B20358,2020,137B20358,4,1,2,2,9,2,3,0,0,2,0,0,9,2,5,2020,137B20358,435922.0,428218.0,-1.456754,53.749118,13,3,4,2,02/11/2020,2,09:05,204,E08000035,E08000035,6,0,6,30.0,0,-1,0,-1,0,0,1,1,2,0,0,2,1,2,E01011635
18358,2020137B30232,2020,137B30232,1,1,1,1,32,6,3,0,0,0,0,0,9,1,2,2020,137B30232,430489.0,431744.0,-1.538791,53.781153,13,3,2,3,03/11/2020,3,07:54,204,E08000035,E08000035,3,61,3,40.0,3,2,3,61,0,0,1,1,1,0,0,1,1,2,E01011467
18359,2020137B30232,2020,137B30232,2,2,1,1,62,9,3,0,0,0,0,0,9,1,3,2020,137B30232,430489.0,431744.0,-1.538791,53.781153,13,3,2,3,03/11/2020,3,07:54,204,E08000035,E08000035,3,61,3,40.0,3,2,3,61,0,0,1,1,1,0,0,1,1,2,E01011467
18360,2020137B30232,2020,137B30232,2,3,2,2,24,5,3,0,0,1,0,0,9,1,3,2020,137B30232,430489.0,431744.0,-1.538791,53.781153,13,3,2,3,03/11/2020,3,07:54,204,E08000035,E08000035,3,61,3,40.0,3,2,3,61,0,0,1,1,1,0,0,1,1,2,E01011467
18361,2020137B30582,2020,137B30582,2,1,1,1,51,8,2,0,0,0,0,0,5,1,10,2020,137B30582,442529.0,442542.0,-1.354598,53.877358,13,2,2,1,03/11/2020,3,11:29,204,E08000035,E08000035,6,0,6,40.0,3,4,6,0,0,0,1,1,2,0,0,2,1,2,E01011712
18362,2020137B31286,2020,137B31286,1,1,3,2,17,4,3,5,9,0,0,0,0,1,1,2020,137B31286,428861.0,433764.0,-1.563308,53.799401,13,3,1,1,04/11/2020,4,16:36,204,E08000035,E08000035,6,0,2,30.0,0,-1,0,-1,0,0,1,9,1,0,0,1,2,2,E01011678
18363,2020137B40235,2020,137B40235,2,1,1,1,25,5,3,0,0,0,0,0,1,1,2,2020,137B40235,426561.0,427328.0,-1.598777,53.741677,13,3,2,1,01/11/2020,1,15:00,204,E08000035,E08000035,6,0,6,30.0,3,4,6,0,0,0,1,1,1,0,0,1,1,2,E01011541
18364,2020137B40682,2020,137B40682,2,1,1,1,60,9,3,0,0,0,0,0,9,1,3,2020,137B40682,424090.0,428105.0,-1.636181,53.74878,13,3,2,1,04/11/2020,4,12:38,204,E08000035,E08000035,3,62,3,40.0,6,2,1,62,0,5,1,1,1,0,0,1,1,1,E01011529
18365,2020137B41018,2020,137B41018,1,1,3,2,53,8,2,5,3,0,0,0,0,1,1,2020,137B41018,430843.0,435444.0,-1.533051,53.814387,13,2,1,1,04/11/2020,4,15:10,204,E08000035,E08000035,6,0,6,30.0,6,4,6,0,0,5,1,1,1,0,0,1,1,2,E01011360
18366,2020137B41105,2020,137B41105,2,1,1,2,23,5,3,0,0,0,0,0,1,1,6,2020,137B41105,427945.0,436114.0,-1.577002,53.820571,13,3,2,1,05/11/2020,5,10:38,204,E08000035,E08000035,4,6157,6,30.0,3,4,6,0,0,0,1,1,1,0,0,1,1,2,E01011451
18367,2020137B41320,2020,137B41320,1,1,3,1,26,6,3,5,3,0,0,0,0,1,9,2020,137B41320,430959.0,435842.0,-1.531249,53.817957,13,3,1,1,04/11/2020,4,13:20,204,E08000035,E08000035,6,0,6,30.0,0,-1,0,-1,0,0,4,1,2,0,0,1,2,2,E01011356
18368,2020137B41421,2020,137B41421,2,1,1,1,29,6,3,0,0,0,0,0,9,1,5,2020,137B41421,439771.0,439482.0,-1.396941,53.850075,13,3,2,2,04/11/2020,4,17:50,204,E08000035,E08000035,3,64,6,50.0,0,-1,0,-1,0,0,6,1,1,0,0,2,1,2,E01011309
18369,2020137B41421,2020,137B41421,2,2,2,1,33,6,3,0,0,1,0,0,9,1,1,2020,137B41421,439771.0,439482.0,-1.396941,53.850075,13,3,2,2,04/11/2020,4,17:50,204,E08000035,E08000035,3,64,6,50.0,0,-1,0,-1,0,0,6,1,1,0,0,2,1,2,E01011309
18370,2020137B41946,2020,137B41946,2,1,2,2,35,6,2,0,0,1,0,0,9,1,5,2020,137B41946,426378.0,438061.0,-1.600638,53.838152,13,2,2,2,04/11/2020,4,21:10,204,E08000035,E08000035,3,6120,3,70.0,3,2,6,0,0,0,4,1,2,0,0,1,1,2,E01011687
18371,2020137B41946,2020,137B41946,2,2,1,1,35,6,3,0,0,0,0,0,9,1,5,2020,137B41946,426378.0,438061.0,-1.600638,53.838152,13,2,2,2,04/11/2020,4,21:10,204,E08000035,E08000035,3,6120,3,70.0,3,2,6,0,0,0,4,1,2,0,0,1,1,2,E01011687
18372,2020137B42061,2020,137B42061,2,1,1,1,21,5,3,0,0,0,0,0,9,1,5,2020,137B42061,431344.0,435058.0,-1.525481,53.810887,13,3,2,3,04/11/2020,4,22:00,204,E08000035,E08000035,3,58,6,30.0,3,4,6,0,0,0,4,1,2,0,0,1,1,2,E01011429
18373,2020137B42061,2020,137B42061,2,2,2,1,21,5,3,0,0,1,0,0,9,1,1,2020,137B42061,431344.0,435058.0,-1.525481,53.810887,13,3,2,3,04/11/2020,4,22:00,204,E08000035,E08000035,3,58,6,30.0,3,4,6,0,0,0,4,1,2,0,0,1,1,2,E01011429
18374,2020137B42061,2020,137B42061,2,3,2,1,21,5,3,0,0,2,0,0,9,1,1,2020,137B42061,431344.0,435058.0,-1.525481,53.810887,13,3,2,3,04/11/2020,4,22:00,204,E08000035,E08000035,3,58,6,30.0,3,4,6,0,0,0,4,1,2,0,0,1,1,2,E01011429