,accident_index,accident_year_x,accident_reference_x,vehicle_reference,casualty_reference,casualty_class,sex_of_casualty,age_of_casualty,age_band_of_casualty,casualty_severity,pedestrian_location,pedestrian_movement,car_passenger,bus_or_coach_passenger,pedestrian_road_maintenance_worker,casualty_type,casualty_home_area_type,casualty_imd_decile,accident_year_y,accident_reference_y,location_easting_osgr,location_northing_osgr,longitude,latitude,police_force,accident_severity,number_of_vehicles,number_of_casualties,date,day_of_week,time,local_authority_district,local_authority_ons_district,local_authority_highway,first_road_class,first_road_number,road_type,speed_limit,junction_detail,junction_control,second_road_class,second_road_number,pedestrian_crossing_human_control,pedestrian_crossing_physical_facilities,light_conditions,weather_conditions,road_surface_conditions,special_conditions_at_site,carriageway_hazards,urban_or_rural_area,did_police_officer_attend_scene_of_accident,trunk_road_flag,lsoa_of_accident_location
18375,2020137B60901,2020,137B60901,2,1,1,2,31,6,3,0,0,0,0,0,9,1,2,2020,137B60901,430875.0,434254.0,-1.532683,53.803689,13,3,2,1,06/11/2020,6,13:34,204,E08000035,E08000035,3,61,3,30.0,9,2,6,0,0,4,1,1,1,0,0,1,1,2,E01033003
18376,2020137B61528,2020,137B61528,1,1,1,1,18,4,3,0,0,0,0,0,17,1,4,2020,137B61528,431561.0,433633.0,-1.522331,53.798067,13,3,2,1,06/11/2020,6,17:29,204,E08000035,E08000035,3,64,3,40.0,0,-1,0,-1,0,5,4,1,1,4,0,1,1,2,E01011338
18377,2020137B62422,2020,137B62422,1,1,1,1,35,6,3,0,0,0,0,0,9,1,1,2020,137B62422,433748.0,428680.0,-1.489669,53.753415,13,3,2,2,06/11/2020,6,23:20,204,E08000035,E08000035,6,0,6,20.0,0,-1,0,-1,0,0,1,7,2,0,0,1,1,2,E01011632
18378,2020137B62422,2020,137B62422,1,2,2,1,33,6,3,0,0,1,0,0,9,1,1,2020,137B62422,433748.0,428680.0,-1.489669,53.753415,13,3,2,2,06/11/2020,6,23:20,204,E08000035,E08000035,6,0,6,20.0,0,-1,0,-1,0,0,1,7,2,0,0,1,1,2,E01011632
18379,2020137B71221,2020,137B71221,1,1,3,1,49,8,3,6,9,0,0,0,0,1,1,2020,137B71221,427012.0,433445.0,-1.591407,53.796632,13,3,3,1,07/11/2020,7,01:18,204,E08000035,E08000035,6,0,6,30.0,0,-1,0,-1,0,0,4,1,2,0,0,1,1,2,E01011293
18380,2020137B71468,2020,137B71468,1,1,1,1,46,8,3,0,0,0,0,0,9,1,1,2020,137B71468,430166.0,434374.0,-1.543437,53.804809,13,3,1,1,07/11/2020,7,17:50,204,E08000035,E08000035,3,58,6,30.0,0,-1,0,-1,0,0,4,1,2,0,0,1,1,2,E01033010
18381,2020137B80773,2020,137B80773,1,1,1,1,45,7,3,0,0,0,0,0,1,-1,-1,2020,137B80773,431613.0,435264.0,-1.521375,53.812723,13,3,2,1,08/11/2020,1,12:45,204,E08000035,E08000035,3,58,6,30.0,0,-1,0,-1,0,0,1,1,1,0,0,1,1,2,E01011429
18382,2020137B81388,2020,137B81388,1,3,2,2,36,7,3,0,0,1,0,0,9,1,1,2020,137B81388,431023.0,431471.0,-1.530715,53.778668,13,3,2,3,08/11/2020,1,17:30,204,E08000035,E08000035,6,0,6,30.0,3,4,6,0,0,0,4,1,2,0,0,1,1,2,E01011467
18383,2020137B81388,2020,137B81388,2,1,1,2,44,7,3,0,0,0,0,0,9,1,1,2020,137B81388,431023.0,431471.0,-1.530715,53.778668,13,3,2,3,08/11/2020,1,17:30,204,E08000035,E08000035,6,0,6,30.0,3,4,6,0,0,0,4,1,2,0,0,1,1,2,E01011467
18384,2020137B81388,2020,137B81388,2,2,2,2,70,10,3,0,0,1,0,0,9,1,1,2020,137B81388,431023.0,431471.0,-1.530715,53.778668,13,3,2,3,08/11/2020,1,17:30,204,E08000035,E08000035,6,0,6,30.0,3,4,6,0,0,0,4,1,2,0,0,1,1,2,E01011467
18385,2020137B90397,2020,137B90397,2,1,1,1,32,6,3,0,0,0,0,0,1,1,6,2020,137B90397,428099.0,434518.0,-1.574808,53.806219,13,3,2,1,09/11/2020,2,10:15,204,E08000035,E08000035,6,0,6,30.0,6,2,6,0,0,5,1,1,1,0,0,1,1,2,E01011481
18386,2020137B91053,2020,137B91053,1,1,1,1,31,6,3,0,0,0,0,0,9,1,7,2020,137B91053,432700.0,436889.0,-1.504695,53.827261,13,3,5,4,09/11/2020,2,15:31,204,E08000035,E08000035,6,0,6,30.0,6,2,6,0,0,5,1,1,2,0,0,1,1,2,E01011644
18387,2020137B91053,2020,137B91053,3,2,1,1,40,7,3,0,0,0,0,0,8,1,1,2020,137B91053,432700.0,436889.0,-1.504695,53.827261,13,3,5,4,09/11/2020,2,15:31,204,E08000035,E08000035,6,0,6,30.0,6,2,6,0,0,5,1,1,2,0,0,1,1,2,E01011644
18388,2020137B91053,2020,137B91053,3,3,2,2,40,7,3,0,0,2,0,0,8,1,1,2020,137B91053,432700.0,436889.0,-1.504695,53.827261,13,3,5,4,09/11/2020,2,15:31,204,E08000035,E08000035,6,0,6,30.0,6,2,6,0,0,5,1,1,2,0,0,1,1,2,E01011644
18389,2020137B91053,2020,137B91053,4,4,1,1,51,8,3,0,0,0,0,0,9,1,5,2020,137B91053,432700.0,436889.0,-1.504695,53.827261,13,3,5,4,09/11/2020,2,15:31,204,E08000035,E08000035,6,0,6,30.0,6,2,6,0,0,5,1,1,2,0,0,1,1,2,E01011644
18390,2020137BA0374,2020,137BA0374,1,1,3,1,11,3,3,5,1,0,0,0,0,1,1,2020,137BA0374,432393.0,437651.0,-1.509279,53.834129,13,3,1,1,10/11/2020,3,09:24,204,E08000035,E08000035,6,0,6,20.0,0,-1,0,-1,0,0,1,1,1,0,0,1,2,2,E01011655
18391,2020137BA1100,2020,137BA1100,1,1,1,1,88,11,3,0,0,0,0,0,9,2,9,2020,137BA1100,408268.0,449518.0,-1.875537,53.941723,13,3,3,4,10/11/2020,3,10:55,204,E08000032,E08000032,6,0,6,30.0,0,-1,0,-1,0,0,1,1,1,0,0,2,1,2,E01010646
18392,2020137BA1100,2020,137BA1100,1,2,2,2,85,11,3,0,0,1,0,0,9,2,9,2020,137BA1100,408268.0,449518.0,-1.875537,53.941723,13,3,3,4,10/11/2020,3,10:55,204,E08000032,E08000032,6,0,6,30.0,0,-1,0,-1,0,0,1,1,1,0,0,2,1,2,E01010646
18393,2020137BA1100,2020,137BA1100,2,3,1,1,82,11,3,0,0,0,0,0,9,2,9,2020,137BA1100,408268.0,449518.0,-1.875537,53.941723,13,3,3,4,10/11/2020,3,10:55,204,E08000032,E08000032,6,0,6,30.0,0,-1,0,-1,0,0,1,1,1,0,0,2,1,2,E01010646
18394,2020137BA1100,2020,137BA1100,2,4,2,2,78,11,3,0,0,1,0,0,9,2,9,2020,137BA1100,408268.0,449518.0,-1.875537,53.941723,13,3,3,4,10/11/2020,3,10:55,204,E08000032,E08000032,6,0,6,30.0,0,-1,0,-1,0,0,1,1,1,0,0,2,1,2,E01010646
18395,2020137BA1216,2020,137BA1216,1,1,1,2,26,6,3,0,0,0,0,0,9,1,5,2020,137BA1216,426818.0,432942.0,-1.594395,53.792121,13,3,2,2,10/11/2020,3,16:45,204,E08000035,E08000035,6,0,6,30.0,3,4,6,0,0,0,1,1,1,0,0,1,1,2,E01011729
18396,2020137BA1216,2020,137BA1216,2,2,1,1,40,7,3,0,0,0,0,0,9,1,2,2020,137BA1216,426818.0,432942.0,-1.594395,53.792121,13,3,2,2,10/11/2020,3,16:45,204,E08000035,E08000035,6,0,6,30.0,3,4,6,0,0,0,1,1,1,0,0,1,1,2,E01011729
18397,2020137BA1689,2020,137BA1689,2,1,1,1,18,4,3,0,0,0,0,0,1,1,10,2020,137BA1689,430459.0,435677.0,-1.53886,53.816503,13,3,2,1,10/11/2020,3,19:30,204,E08000035,E08000035,3,61,3,40.0,0,-1,0,-1,0,0,4,1,1,0,0,1,2,2,E01011357
18398,2020137BB0770,2020,137BB0770,1,1,3,1,85,11,3,5,3,0,0,0,0,1,1,2020,137BB0770,425760.0,432102.0,-1.610525,53.784625,13,3,1,2,11/11/2020,4,13:27,204,E08000035,E08000035,6,0,6,30.0,3,4,6,0,0,0,1,1,1,0,0,1,1,2,E01011735
18399,2020137BB0770,2020,137BB0770,1,2,3,2,80,11,3,5,3,0,0,0,0,1,1,2020,137BB0770,425760.0,432102.0,-1.610525,53.784625,13,3,1,2,11/11/2020,4,13:27,204,E08000035,E08000035,6,0,6,30.0,3,4,6,0,0,0,1,1,1,0,0,1,1,2,E01011735
18400,2020137BB1700,2020,137BB1700,2,1,1,1,40,7,3,0,0,0,0,0,1,-1,-1,2020,137BB1700,431849.0,435656.0,-1.51775,53.816231,13,3,2,1,11/11/2020,4,20:12,204,E08000035,E08000035,3,58,6,30.0,3,4,6,0,0,0,4,1,1,0,0,1,1,2,E01011422
18401,2020137BC0861,2020,137BC0861,2,1,1,1,15,3,3,0,0,0,0,0,1,1,2,2020,137BC0861,421916.0,434233.0,-1.668714,53.803953,13,3,2,1,12/11/2020,5,13:49,204,E08000035,E08000035,6,0,6,30.0,3,4,6,0,0,0,1,1,1,0,0,1,1,2,E01011587
18402,2020137BD0237,2020,137BD0237,1,1,1,2,25,5,3,0,0,0,0,0,9,1,7,2020,137BD0237,434620.0,441226.0,-1.475041,53.866116,13,3,3,4,13/11/2020,6,07:35,204,E08000035,E08000035,6,0,6,50.0,6,4,6,0,0,0,1,2,2,3,0,2,1,2,E01011713
18403,2020137BD0237,2020,137BD0237,2,2,1,1,54,8,3,0,0,0,0,0,9,1,4,2020,137BD0237,434620.0,441226.0,-1.475041,53.866116,13,3,3,4,13/11/2020,6,07:35,204,E08000035,E08000035,6,0,6,50.0,6,4,6,0,0,0,1,2,2,3,0,2,1,2,E01011713
18404,2020137BD0237,2020,137BD0237,2,3,2,1,14,3,3,0,0,1,0,0,9,1,4,2020,137BD0237,434620.0,441226.0,-1.475041,53.866116,13,3,3,4,13/11/2020,6,07:35,204,E08000035,E08000035,6,0,6,50.0,6,4,6,0,0,0,1,2,2,3,0,2,1,2,E01011713
18405,2020137BD0237,2020,137BD0237,3,4,1,2,54,8,3,0,0,0,0,0,9,1,3,2020,137BD0237,434620.0,441226.0,-1.475041,53.866116,13,3,3,4,13/11/2020,6,07:35,204,E08000035,E08000035,6,0,6,50.0,6,4,6,0,0,0,1,2,2,3,0,2,1,2,E01011713
18406,2020137BD0343,2020,137BD0343,2,1,1,1,26,6,3,0,0,0,0,0,19,1,10,2020,137BD0343,436830.0,433727.0,-1.442331,53.798567,13,3,2,1,13/11/2020,6,09:16,204,E08000035,E08000035,3,6120,1,30.0,1,2,6,0,0,5,1,1,1,0,0,1,1,2,E01011411
18407,2020137BD0838,2020,137BD0838,2,1,1,1,30,6,3,0,0,0,0,0,9,1,1,2020,137BD0838,430107.0,432759.0,-1.54449,53.790298,13,3,2,1,13/11/2020,6,13:50,204,E08000035,E08000035,1,62,3,70.0,0,-1,0,-1,0,0,1,1,1,0,2,1,2,1,E01033016
18408,2020137BE0196,2020,137BE0196,1,1,1,1,30,6,2,0,0,0,0,0,9,1,6,2020,137BE0196,437532.0,431981.0,-1.431885,53.782825,13,2,1,1,14/11/2020,7,02:35,204,E08000035,E08000035,6,0,6,40.0,0,-1,0,-1,0,0,6,1,1,0,0,2,1,2,E01011411
18409,2020137BE1138,2020,137BE1138,2,1,2,2,19,4,3,0,0,1,0,0,9,1,1,2020,137BE1138,433661.0,434070.0,-1.490402,53.801863,13,3,2,1,14/11/2020,7,16:07,204,E08000035,E08000035,3,64,3,40.0,0,-1,0,-1,0,0,1,2,2,0,0,1,1,2,E01011346
18410,2020137BE1475,2020,137BE1475,1,1,1,1,35,6,3,0,0,0,0,0,3,1,1,2020,137BE1475,423167.0,434756.0,-1.649681,53.808599,13,3,3,1,14/11/2020,7,18:55,204,E08000035,E08000035,6,0,6,20.0,0,-1,0,-1,0,0,4,1,1,0,0,1,1,2,E01011335
18411,2020137BE1859,2020,137BE1859,1,1,1,1,46,8,3,0,0,0,0,0,9,2,8,2020,137BE1859,428109.0,426284.0,-1.575403,53.732213,13,3,2,2,14/11/2020,7,21:45,204,E08000035,E08000035,3,650,1,30.0,1,2,3,653,0,0,4,2,2,0,0,1,1,2,E01011550
18412,2020137BE1859,2020,137BE1859,2,2,2,2,19,4,3,0,0,1,0,0,9,1,6,2020,137BE1859,428109.0,426284.0,-1.575403,53.732213,13,3,2,2,14/11/2020,7,21:45,204,E08000035,E08000035,3,650,1,30.0,1,2,3,653,0,0,4,2,2,0,0,1,1,2,E01011550
18413,2020137BF1439,2020,137BF1439,2,1,1,2,21,5,3,0,0,0,0,0,9,1,5,2020,137BF1439,430782.0,434202.0,-1.534101,53.803227,13,3,2,1,15/11/2020,1,19:00,204,E08000035,E08000035,6,0,6,30.0,3,4,6,0,0,0,4,1,2,0,2,1,1,2,E01033002
18414,2020137BG0311,2020,137BG0311,2,1,1,1,40,7,3,0,0,0,0,0,1,3,10,2020,137BG0311,432722.0,438298.0,-1.504212,53.839923,13,3,2,1,16/11/2020,2,09:09,204,E08000035,E08000035,6,0,6,30.0,3,4,6,0,0,8,1,1,1,0,0,1,1,2,E01011655
18415,2020137BG0625,2020,137BG0625,1,1,3,2,41,7,2,5,3,0,0,0,0,1,9,2020,137BG0625,420409.0,446556.0,-1.690781,53.914769,13,2,1,1,15/11/2020,1,19:55,204,E08000035,E08000035,5,0,6,30.0,3,4,5,0,0,0,7,1,1,0,0,1,2,2,E01011583
18416,2020137BH0261,2020,137BH0261,1,1,3,1,11,3,3,5,2,0,0,0,0,1,7,2020,137BH0261,422226.0,433586.0,-1.664054,53.798124,13,3,1,1,17/11/2020,3,08:15,204,E08000035,E08000035,4,6155,6,30.0,0,-1,0,-1,0,0,1,1,1,0,0,1,1,2,E01011587
18417,2020137BH1375,2020,137BH1375,1,1,1,2,26,6,3,0,0,0,0,0,9,1,1,2020,137BH1375,430152.0,432852.0,-1.543798,53.791131,13,3,2,1,17/11/2020,3,18:15,204,E08000035,E08000035,3,61,6,30.0,9,2,6,0,0,0,4,1,1,0,0,1,1,2,E01033016
18418,2020137BI0405,2020,137BI0405,1,1,3,2,19,4,3,9,8,0,0,0,0,1,4,2020,137BI0405,429530.0,434849.0,-1.553048,53.809115,13,3,1,1,18/11/2020,4,10:10,204,E08000035,E08000035,3,660,6,30.0,0,-1,0,-1,0,0,1,1,2,0,0,1,1,2,E01033006
18419,2020137BJ0092,2020,137BJ0092,1,1,1,2,51,8,3,0,0,0,0,0,9,1,9,2020,137BJ0092,430790.0,434771.0,-1.533922,53.808341,13,3,2,1,19/11/2020,5,11:30,204,E08000035,E08000035,3,61,6,30.0,0,-1,0,-1,0,0,1,1,1,0,0,1,2,2,E01011671
18420,2020137BJ0284,2020,137BJ0284,1,1,3,2,11,3,2,5,4,0,0,0,0,1,7,2020,137BJ0284,440142.0,433073.0,-1.392135,53.792445,13,2,1,1,19/11/2020,5,08:55,204,E08000035,E08000035,6,0,6,20.0,3,4,6,0,0,0,1,1,1,0,0,1,1,2,E01011396
18421,2020137BJ0417,2020,137BJ0417,1,1,3,2,39,7,3,9,6,0,0,0,0,1,1,2020,137BJ0417,431664.0,434628.0,-1.520665,53.807003,13,3,1,1,19/11/2020,5,17:29,204,E08000035,E08000035,6,0,2,20.0,0,-1,0,-1,0,0,1,1,1,0,0,1,2,2,E01033035
18422,2020137BJ0578,2020,137BJ0578,2,1,1,1,25,5,2,0,0,0,0,0,1,1,4,2020,137BJ0578,426827.0,434975.0,-1.594082,53.810393,13,2,2,1,19/11/2020,5,12:35,204,E08000035,E08000035,3,65,6,30.0,3,4,6,0,0,0,1,1,1,0,0,1,1,2,E01011482
18423,2020137BJ0596,2020,137BJ0596,1,1,3,2,73,10,2,5,1,0,0,0,0,1,8,2020,137BJ0596,425005.0,440436.0,-1.62131,53.859565,13,2,1,1,19/11/2020,5,12:08,204,E08000035,E08000035,6,0,6,30.0,3,4,6,0,0,0,1,1,1,0,0,1,1,2,E01011377
18424,2020137BJ0630,2020,137BJ0630,2,1,1,1,58,9,3,0,0,0,0,0,1,3,4,2020,137BJ0630,437889.0,441801.0,-1.425262,53.871056,13,3,2,1,19/11/2020,5,12:30,204,E08000035,E08000035,6,0,6,30.0,0,-1,0,-1,0,0,1,1,1,0,0,2,2,2,E01011310
18425,2020137BJ1093,2020,137BJ1093,1,1,1,1,92,11,2,0,0,0,0,0,9,1,10,2020,137BJ1093,426207.0,435456.0,-1.603456,53.814748,13,2,1,1,18/11/2020,4,15:48,204,E08000035,E08000035,6,0,6,30.0,0,-1,0,-1,0,0,1,1,1,0,0,1,2,2,E01011477
18426,2020137BJ1299,2020,137BJ1299,2,1,1,1,61,9,3,0,0,0,0,0,5,2,9,2020,137BJ1299,438029.0,440641.0,-1.423277,53.860621,13,3,2,1,19/11/2020,5,15:42,204,E08000035,E08000035,6,0,6,30.0,0,-1,0,-1,0,0,1,1,1,0,0,2,2,2,E01011310
18427,2020137BK0216,2020,137BK0216,1,1,1,1,22,5,2,0,0,0,0,0,1,1,5,2020,137BK0216,427903.0,436595.0,-1.577597,53.824897,13,2,2,1,20/11/2020,6,07:02,204,E08000035,E08000035,4,6157,6,20.0,0,-1,0,-1,0,0,1,1,1,0,0,1,1,2,E01011692
18428,2020137BK0692,2020,137BK0692,1,1,2,1,26,6,2,0,0,1,0,0,9,1,1,2020,137BK0692,427625.0,434755.0,-1.581984,53.808374,13,2,1,1,20/11/2020,6,12:56,204,E08000035,E08000035,6,0,6,30.0,0,-1,0,-1,0,0,1,1,1,0,0,1,2,2,E01011482
18429,2020137BK1199,2020,137BK1199,2,1,1,1,48,8,3,0,0,0,0,0,9,1,8,2020,137BK1199,424762.0,427416.0,-1.626046,53.742556,13,3,2,1,20/11/2020,6,17:10,204,E08000035,E08000035,1,62,3,70.0,0,-1,0,-1,0,0,4,1,2,0,0,1,1,1,E01011530
18430,2020137BL1577,2020,137BL1577,2,1,1,1,54,8,3,0,0,0,0,0,8,1,1,2020,137BL1577,434256.0,433802.0,-1.481398,53.799416,13,3,2,1,21/11/2020,7,19:36,204,E08000035,E08000035,6,0,6,30.0,3,4,6,0,0,0,4,1,1,0,0,1,2,2,E01011616
18431,2020137BL1875,2020,137BL1875,1,1,1,1,16,4,3,0,0,0,0,0,90,1,2,2020,137BL1875,432254.0,434689.0,-1.5117,53.807516,13,3,2,1,21/11/2020,7,22:15,204,E08000035,E08000035,6,0,6,30.0,3,4,6,0,0,0,4,2,2,0,0,1,1,2,E01011433
18432,2020137BM0244,2020,137BM0244,1,1,2,2,26,6,2,0,0,1,0,0,9,1,2,2020,137BM0244,419810.0,441216.0,-1.700243,53.866798,13,2,1,1,22/11/2020,1,03:10,204,E08000035,E08000035,3,65,6,30.0,6,2,6,0,0,5,4,1,2,0,0,1,1,2,E01011275
18433,2020137BM0629,2020,137BM0629,1,1,2,2,58,9,2,0,0,1,0,0,9,1,10,2020,137BM0629,417938.0,443158.0,-1.728596,53.884319,13,2,4,1,21/11/2020,7,13:50,204,E08000035,E08000035,3,65,6,30.0,9,2,6,0,0,5,1,1,1,0,0,2,2,2,E01011280
18434,2020137BM0868,2020,137BM0868,1,1,3,2,52,8,3,5,9,0,0,0,0,1,1,2020,137BM0868,431899.0,434901.0,-1.517068,53.809443,13,3,1,1,22/11/2020,1,13:45,204,E08000035,E08000035,6,0,6,30.0,0,-1,0,-1,0,0,1,1,1,0,0,1,1,2,E01011677
18435,2020137BN0389,2020,137BN0389,1,1,1,1,14,3,3,0,0,0,0,0,1,1,1,2020,137BN0389,427639.0,433716.0,-1.581864,53.799035,13,3,2,1,24/11/2020,3,10:19,204,E08000035,E08000035,3,647,6,30.0,3,4,6,0,0,4,1,1,1,0,0,1,1,2,E01011284
18436,2020137BN1288,2020,137BN1288,2,1,1,1,55,8,3,0,0,0,0,0,5,-1,-1,2020,137BN1288,426831.0,438069.0,-1.593754,53.838201,13,3,2,1,23/11/2020,2,17:50,204,E08000035,E08000035,3,660,3,40.0,0,-1,0,-1,0,0,4,1,1,0,0,1,1,2,E01011685
18437,2020137BO0877,2020,137BO0877,2,1,1,2,41,7,3,0,0,0,0,0,9,1,1,2020,137BO0877,429786.0,430631.0,-1.549567,53.77119,13,3,4,1,24/11/2020,3,15:01,204,E08000035,E08000035,3,653,6,30.0,3,4,6,0,0,0,1,1,1,0,0,1,1,2,E01011316
18438,2020137BO1052,2020,137BO1052,1,1,1,2,65,9,3,0,0,0,0,0,9,1,4,2020,137BO1052,433103.0,436130.0,-1.498654,53.820414,13,3,2,1,24/11/2020,3,16:20,204,E08000035,E08000035,3,58,3,40.0,3,4,6,0,0,0,1,1,2,0,0,1,1,2,E01011648
18439,2020137BP0685,2020,137BP0685,1,1,3,2,22,5,3,6,9,0,0,0,0,1,1,2020,137BP0685,429421.0,427471.0,-1.555404,53.74281,13,3,1,1,25/10/2020,1,15:00,204,E08000035,E08000035,6,0,6,30.0,0,-1,0,-1,0,0,1,1,1,0,0,1,2,2,E01011497
18440,2020137BP0788,2020,137BP0788,1,1,3,1,23,5,3,10,8,0,0,0,0,-1,-1,2020,137BP0788,430437.0,433345.0,-1.539423,53.795545,13,3,1,1,25/11/2020,4,08:45,204,E08000035,E08000035,6,0,2,30.0,0,-1,0,-1,0,0,1,1,1,0,0,1,2,2,E01033011
18441,2020137BP1198,2020,137BP1198,2,1,1,2,40,7,3,0,0,0,0,0,9,2,6,2020,137BP1198,428228.0,431559.0,-1.573119,53.779617,13,3,2,1,25/11/2020,4,16:48,204,E08000035,E08000035,3,61,6,30.0,9,2,1,621,0,0,4,1,1,0,0,1,2,2,E01011369
18442,2020137BP1867,2020,137BP1867,1,1,2,1,6,2,2,0,0,2,0,0,9,1,5,2020,137BP1867,429169.0,430020.0,-1.558985,53.765734,13,2,1,2,25/11/2020,4,23:45,204,E08000035,E08000035,3,653,3,40.0,3,4,6,0,0,0,4,1,2,0,0,1,1,2,E01011320
18443,2020137BP1867,2020,137BP1867,1,2,2,1,31,6,2,0,0,2,0,0,9,1,1,2020,137BP1867,429169.0,430020.0,-1.558985,53.765734,13,2,1,2,25/11/2020,4,23:45,204,E08000035,E08000035,3,653,3,40.0,3,4,6,0,0,0,4,1,2,0,0,1,1,2,E01011320
18444,2020137BR0384,2020,137BR0384,1,1,1,1,63,9,3,0,0,0,0,0,3,1,3,2020,137BR0384,426433.0,433299.0,-1.600209,53.79535,13,3,2,1,28/11/2020,7,09:47,204,E08000035,E08000035,6,0,6,30.0,6,4,6,0,0,0,1,1,2,0,0,1,1,2,E01032607
18445,2020137BS0112,2020,137BS0112,1,1,1,1,22,5,2,0,0,0,0,0,9,1,7,2020,137BS0112,428076.0,426531.0,-1.57588,53.734435,13,2,1,1,28/11/2020,7,01:35,204,E08000035,E08000035,3,635,1,40.0,1,2,3,650,0,0,4,1,2,0,0,2,1,2,E01011550
18446,2020137BS0303,2020,137BS0303,2,1,1,1,34,6,3,0,0,0,0,0,9,1,1,2020,137BS0303,427309.0,433633.0,-1.586881,53.798307,13,3,4,2,28/11/2020,7,06:40,204,E08000035,E08000035,3,647,3,30.0,6,2,6,0,0,5,4,1,2,0,0,1,1,2,E01011293
18447,2020137BS0303,2020,137BS0303,3,2,1,1,51,8,3,0,0,0,0,0,9,1,1,2020,137BS0303,427309.0,433633.0,-1.586881,53.798307,13,3,4,2,28/11/2020,7,06:40,204,E08000035,E08000035,3,647,3,30.0,6,2,6,0,0,5,4,1,2,0,0,1,1,2,E01011293
18448,2020137BS1479,2020,137BS1479,2,1,1,1,46,8,3,0,0,0,0,0,9,1,2,2020,137BS1479,431866.0,435940.0,-1.517463,53.818783,13,3,2,1,28/11/2020,7,20:00,204,E08000035,E08000035,6,0,6,20.0,0,-1,0,-1,0,0,4,2,2,0,0,1,1,2,E01011426
18449,2020137BT1536,2020,137BT1536,2,1,1,1,39,7,3,0,0,0,0,0,4,-1,-1,2020,137BT1536,430267.0,433752.0,-1.541964,53.799213,13,3,2,1,29/11/2020,1,20:03,204,E08000035,E08000035,6,0,6,30.0,6,2,6,0,0,0,4,1,1,0,0,1,1,2,E01033010
18450,2020137BU0781,2020,137BU0781,1,1,1,1,18,4,2,0,0,0,0,0,9,1,10,2020,137BU0781,426968.0,439829.0,-1.591519,53.854012,13,2,3,4,30/11/2020,2,16:57,204,E08000035,E08000035,3,660,6,30.0,6,2,6,0,0,0,4,1,1,0,0,1,1,2,E01011386
18451,2020137BU0781,2020,137BU0781,1,2,2,1,17,4,3,0,0,1,0,0,9,1,3,2020,137BU0781,426968.0,439829.0,-1.591519,53.854012,13,2,3,4,30/11/2020,2,16:57,204,E08000035,E08000035,3,660,6,30.0,6,2,6,0,0,0,4,1,1,0,0,1,1,2,E01011386
18452,2020137BU0781,2020,137BU0781,2,3,1,1,30,6,3,0,0,0,0,0,9,1,5,2020,137BU0781,426968.0,439829.0,-1.591519,53.854012,13,2,3,4,30/11/2020,2,16:57,204,E08000035,E08000035,3,660,6,30.0,6,2,6,0,0,0,4,1,1,0,0,1,1,2,E01011386
18453,2020137BU0781,2020,137BU0781,2,4,2,2,34,6,3,0,0,1,0,0,9,1,5,2020,137BU0781,426968.0,439829.0,-1.591519,53.854012,13,2,3,4,30/11/2020,2,16:57,204,E08000035,E08000035,3,660,6,30.0,6,2,6,0,0,0,4,1,1,0,0,1,1,2,E01011386
18454,2020137BU0818,2020,137BU0818,1,1,2,2,34,6,3,0,0,1,0,0,9,1,1,2020,137BU0818,431405.0,435024.0,-1.524558,53.810578,13,3,2,1,30/11/2020,2,14:38,204,E08000035,E08000035,6,0,6,20.0,3,2,6,0,0,5,1,1,2,0,0,1,1,2,E01011673
18455,2020137BU0954,2020,137BU0954,1,1,1,2,26,6,2,0,0,0,0,0,3,1,10,2020,137BU0954,427193.0,442821.0,-1.587835,53.880891,13,2,2,1,30/11/2020,2,15:43,204,E08000035,E08000035,6,0,6,60.0,0,-1,0,-1,0,0,6,1,2,0,0,2,1,2,E01032504
18456,2020137C20224,2020,137C20224,2,1,1,1,37,7,2,0,0,0,0,0,1,1,10,2020,137C20224,432754.0,439969.0,-1.503548,53.854939,13,2,2,1,02/12/2020,4,07:29,204,E08000035,E08000035,6,0,6,40.0,3,4,6,0,0,0,4,2,2,0,0,1,1,2,E01011566
18457,2020137C20598,2020,137C20598,2,1,1,1,34,6,3,0,0,0,0,0,9,3,9,2020,137C20598,431975.0,435811.0,-1.51582,53.817617,13,3,2,1,02/12/2020,4,11:45,204,E08000035,E08000035,4,6159,6,20.0,3,2,3,58,0,4,1,1,1,0,0,1,2,2,E01011428
18458,2020137C20894,2020,137C20894,2,1,1,1,61,9,3,0,0,0,0,0,9,1,9,2020,137C20894,443008.0,441209.0,-1.347499,53.865339,13,3,2,4,02/12/2020,4,14:33,204,E08000035,E08000035,2,1,3,70.0,0,-1,0,-1,0,0,1,1,1,0,0,2,1,1,E01011712
18459,2020137C20894,2020,137C20894,2,2,2,2,58,9,3,0,0,2,0,0,9,1,9,2020,137C20894,443008.0,441209.0,-1.347499,53.865339,13,3,2,4,02/12/2020,4,14:33,204,E08000035,E08000035,2,1,3,70.0,0,-1,0,-1,0,0,1,1,1,0,0,2,1,1,E01011712
18460,2020137C20894,2020,137C20894,2,3,2,2,31,6,3,0,0,2,0,0,9,1,5,2020,137C20894,443008.0,441209.0,-1.347499,53.865339,13,3,2,4,02/12/2020,4,14:33,204,E08000035,E08000035,2,1,3,70.0,0,-1,0,-1,0,0,1,1,1,0,0,2,1,1,E01011712
18461,2020137C20894,2020,137C20894,2,4,2,1,0,1,3,0,0,2,0,0,9,1,5,2020,137C20894,443008.0,441209.0,-1.347499,53.865339,13,3,2,4,02/12/2020,4,14:33,204,E08000035,E08000035,2,1,3,70.0,0,-1,0,-1,0,0,1,1,1,0,0,2,1,1,E01011712